protein,pdb_path,reason,valid
A0A075B7D9,,missing_pdb,False
A0A075B7F2,,missing_pdb,False
A0A087WTK3,,missing_pdb,False
A0A087WTM9,,missing_pdb,False
A0A087WV96,,missing_pdb,False
A0A087WWY2,,missing_pdb,False
A0A087WX22,,missing_pdb,False
A0A087WZL0,,missing_pdb,False
A0A087X286,,missing_pdb,False
A0A0A0MQZ3,,missing_pdb,False
A0A0A0MRC9,,missing_pdb,False
A0A0A0MSS2,,missing_pdb,False
A0A0B4J1X7,,missing_pdb,False
A0A0C4DGH6,,missing_pdb,False
A0A0D9SEQ1,,missing_pdb,False
A0A0D9SFG7,,missing_pdb,False
A0A0D9SFI5,,missing_pdb,False
A0A0G2JHL3,,missing_pdb,False
A0A140G945,,missing_pdb,False
A0A140G945-2,,missing_pdb,False
A0A1B0GU48,,missing_pdb,False
A0A1B0GUD1,,missing_pdb,False
A0A1B0GUJ8,,missing_pdb,False
A0A1B0GV89,,missing_pdb,False
A0A1B0GVS8,,missing_pdb,False
A0A1B0GW79,,missing_pdb,False
A0AV96,,missing_pdb,False
A0FGR8,/data/ranran/my_ptm/croton/data/structure_pipeline/pdb/A0FGR8.pdb,exact_sequence_match,True
A0JNW5,,missing_pdb,False
A0MZ66,/data/ranran/my_ptm/croton/data/structure_pipeline/pdb/A0MZ66.pdb,exact_sequence_match,True
A1L390,,missing_pdb,False
A2A2Y4,,missing_pdb,False
A2A305,,missing_pdb,False
A2ASS6,,missing_pdb,False
A2RTX5,/data/ranran/my_ptm/croton/data/structure_pipeline/pdb/A2RTX5.pdb,exact_sequence_match,True
A4D1B5,,missing_pdb,False
A4FVN8,,missing_pdb,False
A4GSN8,,missing_pdb,False
A4UGR9,,missing_pdb,False
A5A3E0,,missing_pdb,False
A5PKW4,,missing_pdb,False
A6H8Y1,,missing_pdb,False
A6NC57,,missing_pdb,False
A6NCF6,,missing_pdb,False
A6ND36,/data/ranran/my_ptm/croton/data/structure_pipeline/pdb/A6ND36.pdb,exact_sequence_match,True
A6NDB9,,missing_pdb,False
A6NDI0,,missing_pdb,False
A6NE01,,missing_pdb,False
A6NEL2,,missing_pdb,False
A6NI28,,missing_pdb,False
A6NIR3,,missing_pdb,False
A6NJ78,,missing_pdb,False
A6NJG2,,missing_pdb,False
A6NJT0,,missing_pdb,False
A6NKD9,/data/ranran/my_ptm/croton/data/structure_pipeline/pdb/A6NKD9.pdb,exact_sequence_match,True
A6NL76,,missing_pdb,False
A6PW80,,missing_pdb,False
A6PWY4,,missing_pdb,False
A7YQ68,,missing_pdb,False
A8HVA3,,missing_pdb,False
A8MRL0,,missing_pdb,False
A8MUU1,,missing_pdb,False
A8MW92,,missing_pdb,False
A8MX80,,missing_pdb,False
A8R7K9,,missing_pdb,False
A8TX70,,missing_pdb,False
A9UF07,,missing_pdb,False
B0I1T2,,missing_pdb,False
B1AK53,,missing_pdb,False
B1AKS2,,missing_pdb,False
B1AKS3,,missing_pdb,False
B1AL42,,missing_pdb,False
B1AQ74,,missing_pdb,False
B2RTY4,,missing_pdb,False
B2RU80,,missing_pdb,False
B2RXF5,,missing_pdb,False
B3H684,,missing_pdb,False
B3KT78,,missing_pdb,False
B3KUH8,,missing_pdb,False
B4DEB1,,missing_pdb,False
B4DHB9,,missing_pdb,False
B4DIA2,,missing_pdb,False
B4DR24,,missing_pdb,False
B4DXM8,,missing_pdb,False
B4DXW7,,missing_pdb,False
B4DYI2,,missing_pdb,False
B4E0R2,,missing_pdb,False
B7Z8M0,,missing_pdb,False
B7Z8Z6,,missing_pdb,False
B7ZB98,,missing_pdb,False
B7ZL33,,missing_pdb,False
B8ZZJ2,,missing_pdb,False
B9DFQ9,,missing_pdb,False
B9EJA2,,missing_pdb,False
C0Z2J1,,missing_pdb,False
C9IZL8,,missing_pdb,False
C9JC48,,missing_pdb,False
C9JL08,,missing_pdb,False
C9JR00,,missing_pdb,False
C9JRZ8-2,,missing_pdb,False
C9JSK5,,missing_pdb,False
D3ZH66,,missing_pdb,False
D6RBW1,,missing_pdb,False
D6RC17,,missing_pdb,False
D6RCC7,,missing_pdb,False
D6RDG3,,missing_pdb,False
E5RFT1,,missing_pdb,False
E7EMB3,,missing_pdb,False
E7EPF5,,missing_pdb,False
E7EQJ3,,missing_pdb,False
E7ESH4,,missing_pdb,False
E7EV03,,missing_pdb,False
E9PAU2,,missing_pdb,False
E9PAV3,/data/ranran/my_ptm/croton/data/structure_pipeline/pdb/E9PAV3.pdb,exact_sequence_match,True
E9PBA8,,missing_pdb,False
E9PDH4,,missing_pdb,False
E9PDP5,,missing_pdb,False
E9PI26,,missing_pdb,False
E9PLY5,,missing_pdb,False
E9PM13,,missing_pdb,False
E9PNE6,,missing_pdb,False
E9PNL0,,missing_pdb,False
E9PNZ4,,missing_pdb,False
E9PP40,,missing_pdb,False
E9PRP5,,missing_pdb,False
E9PS65,,missing_pdb,False
E9PUM4,,missing_pdb,False
E9Q3L2,,missing_pdb,False
F0NB90,,missing_pdb,False
F0NB92,,missing_pdb,False
F0NB93,,missing_pdb,False
F0NB95,,missing_pdb,False
F0NB96,,missing_pdb,False
F0NB98,,missing_pdb,False
F0NB99,,missing_pdb,False
F0NBA4,,missing_pdb,False
F0NBA6,,missing_pdb,False
F0NBA7,,missing_pdb,False
F0NBA8,,missing_pdb,False
F0NBA9,,missing_pdb,False
F0NBB0,,missing_pdb,False
F0NBB1,,missing_pdb,False
F0NBB2,,missing_pdb,False
F0NBB3,,missing_pdb,False
F0NBB6,,missing_pdb,False
F0NBB8,,missing_pdb,False
F0NBC0,,missing_pdb,False
F0NBC1,,missing_pdb,False
F0NBC3,,missing_pdb,False
F0NBC4,,missing_pdb,False
F0NBC6,,missing_pdb,False
F0NBC7,,missing_pdb,False
F0NBC9,,missing_pdb,False
F0NBD0,,missing_pdb,False
F0NBD1,,missing_pdb,False
F0NBD4,,missing_pdb,False
F0NBD6,,missing_pdb,False
F0NBD7,,missing_pdb,False
F0NBD8,,missing_pdb,False
F0NBE1,,missing_pdb,False
F0NBE3,,missing_pdb,False
F0NBE5,,missing_pdb,False
F0NBE7,,missing_pdb,False
F0NBF0,,missing_pdb,False
F0NBF1,,missing_pdb,False
F0NBF3,,missing_pdb,False
F0NBF5,,missing_pdb,False
F0NBF9,,missing_pdb,False
F0NBG0,,missing_pdb,False
F0NBG3,,missing_pdb,False
F0NBG4,,missing_pdb,False
F0NBG5,,missing_pdb,False
F0NBG7,,missing_pdb,False
F0NBG8,,missing_pdb,False
F0NBG9,,missing_pdb,False
F0NBH1,,missing_pdb,False
F0NBH2,,missing_pdb,False
F0NBH3,,missing_pdb,False
F0NBH4,,missing_pdb,False
F0NBH5,,missing_pdb,False
F0NBH6,,missing_pdb,False
F0NBH7,,missing_pdb,False
F0NBH8,,missing_pdb,False
F0NBH9,,missing_pdb,False
F0NBI0,,missing_pdb,False
F0NBI1,,missing_pdb,False
F0NBI3,,missing_pdb,False
F0NBI5,,missing_pdb,False
F0NBI6,,missing_pdb,False
F0NBI7,,missing_pdb,False
F0NBI8,,missing_pdb,False
F0NBI9,,missing_pdb,False
F0NBJ1,,missing_pdb,False
F0NBK1,,missing_pdb,False
F0NBK6,,missing_pdb,False
F0NBL5,,missing_pdb,False
F0NBL8,,missing_pdb,False
F0NBL9,,missing_pdb,False
F0NBM0,,missing_pdb,False
F0NBM2,,missing_pdb,False
F0NBM9,,missing_pdb,False
F0NBN0,,missing_pdb,False
F0NBN1,,missing_pdb,False
F0NBN8,,missing_pdb,False
F0NBP0,,missing_pdb,False
F0NBP3,,missing_pdb,False
F0NBP4,,missing_pdb,False
F0NBP9,,missing_pdb,False
F0NBQ0,,missing_pdb,False
F0NBQ1,,missing_pdb,False
F0NBQ2,,missing_pdb,False
F0NBQ3,,missing_pdb,False
F0NBQ4,,missing_pdb,False
F0NBQ5,,missing_pdb,False
F0NBQ7,,missing_pdb,False
F0NBQ8,,missing_pdb,False
F0NBQ9,,missing_pdb,False
F0NBR2,,missing_pdb,False
F0NBR3,,missing_pdb,False
F0NBR4,,missing_pdb,False
F0NBR7,,missing_pdb,False
F0NBR8,,missing_pdb,False
F0NBR9,,missing_pdb,False
F0NBS1,,missing_pdb,False
F0NBS2,,missing_pdb,False
F0NBS3,,missing_pdb,False
F0NBS4,,missing_pdb,False
F0NBS6,,missing_pdb,False
F0NBS7,,missing_pdb,False
F0NBT7,,missing_pdb,False
F0NBU0,,missing_pdb,False
F0NBU1,,missing_pdb,False
F0NBU2,,missing_pdb,False
F0NBV0,,missing_pdb,False
F0NBV3,,missing_pdb,False
F0NBV4,,missing_pdb,False
F0NBV7,,missing_pdb,False
F0NBV8,,missing_pdb,False
F0NBV9,,missing_pdb,False
F0NBW5,,missing_pdb,False
F0NBW6,,missing_pdb,False
F0NBW7,,missing_pdb,False
F0NBW8,,missing_pdb,False
F0NBW9,,missing_pdb,False
F0NBX0,,missing_pdb,False
F0NBX7,,missing_pdb,False
F0NBX8,,missing_pdb,False
F0NBY0,,missing_pdb,False
F0NBY1,,missing_pdb,False
F0NBZ1,,missing_pdb,False
F0NBZ3,,missing_pdb,False
F0NBZ5,,missing_pdb,False
F0NBZ6,,missing_pdb,False
F0NBZ9,,missing_pdb,False
F0NC00,,missing_pdb,False
F0NC08,,missing_pdb,False
F0NC11,,missing_pdb,False
F0NC13,,missing_pdb,False
F0NC14,,missing_pdb,False
F0NC15,,missing_pdb,False
F0NC18,,missing_pdb,False
F0NC21,,missing_pdb,False
F0NC22,,missing_pdb,False
F0NC23,,missing_pdb,False
F0NC25,,missing_pdb,False
F0NC26,,missing_pdb,False
F0NC30,,missing_pdb,False
F0NC34,,missing_pdb,False
F0NC36,,missing_pdb,False
F0NC44,,missing_pdb,False
F0NC55,,missing_pdb,False
F0NC56,,missing_pdb,False
F0NC61,,missing_pdb,False
F0NC65,,missing_pdb,False
F0NC66,,missing_pdb,False
F0NC67,,missing_pdb,False
F0NC69,,missing_pdb,False
F0NC70,,missing_pdb,False
F0NC71,,missing_pdb,False
F0NC72,,missing_pdb,False
F0NC73,,missing_pdb,False
F0NC76,,missing_pdb,False
F0NC77,,missing_pdb,False
F0NC81,,missing_pdb,False
F0NC84,,missing_pdb,False
F0NC87,,missing_pdb,False
F0NC88,,missing_pdb,False
F0NC91,,missing_pdb,False
F0NC97,,missing_pdb,False
F0NC98,,missing_pdb,False
F0NCA0,,missing_pdb,False
F0NCA7,,missing_pdb,False
F0NCA9,,missing_pdb,False
F0NCB4,,missing_pdb,False
F0NCB5,,missing_pdb,False
F0NCB7,,missing_pdb,False
F0NCC1,,missing_pdb,False
F0NCC2,,missing_pdb,False
F0NCC7,,missing_pdb,False
F0NCC9,,missing_pdb,False
F0NCD1,,missing_pdb,False
F0NCD2,,missing_pdb,False
F0NCD3,,missing_pdb,False
F0NCE0,,missing_pdb,False
F0NCE3,,missing_pdb,False
F0NCE7,,missing_pdb,False
F0NCF0,,missing_pdb,False
F0NCF1,,missing_pdb,False
F0NCF2,,missing_pdb,False
F0NCF3,,missing_pdb,False
F0NCF5,,missing_pdb,False
F0NCG2,,missing_pdb,False
F0NCG3,,missing_pdb,False
F0NCG4,,missing_pdb,False
F0NCG5,,missing_pdb,False
F0NCG7,,missing_pdb,False
F0NCH3,,missing_pdb,False
F0NCH5,,missing_pdb,False
F0NCI3,,missing_pdb,False
F0NCJ3,,missing_pdb,False
F0NCJ7,,missing_pdb,False
F0NCJ8,,missing_pdb,False
F0NCJ9,,missing_pdb,False
F0NCK0,,missing_pdb,False
F0NCK3,,missing_pdb,False
F0NCK7,,missing_pdb,False
F0NCL3,,missing_pdb,False
F0NCL4,,missing_pdb,False
F0NCM1,,missing_pdb,False
F0NCM2,,missing_pdb,False
F0NCM3,,missing_pdb,False
F0NCM4,,missing_pdb,False
F0NCM7,,missing_pdb,False
F0NCM8,,missing_pdb,False
F0NCN0,,missing_pdb,False
F0NCN1,,missing_pdb,False
F0NCN2,,missing_pdb,False
F0NCN6,,missing_pdb,False
F0NCN7,,missing_pdb,False
F0NCN8,,missing_pdb,False
F0NCP0,,missing_pdb,False
F0NCP6,,missing_pdb,False
F0NCQ1,,missing_pdb,False
F0NCQ2,,missing_pdb,False
F0NCQ5,,missing_pdb,False
F0NCQ9,,missing_pdb,False
F0NCR0,,missing_pdb,False
F0NCR1,,missing_pdb,False
F0NCR5,,missing_pdb,False
F0NCR6,,missing_pdb,False
F0NCR7,,missing_pdb,False
F0NCR8,,missing_pdb,False
F0NCS4,,missing_pdb,False
F0NCS5,,missing_pdb,False
F0NCT0,,missing_pdb,False
F0NCT1,,missing_pdb,False
F0NCT2,,missing_pdb,False
F0NCT8,,missing_pdb,False
F0NCU0,,missing_pdb,False
F0NCU1,,missing_pdb,False
F0NCU2,,missing_pdb,False
F0NCU3,,missing_pdb,False
F0NCU8,,missing_pdb,False
F0NCV1,,missing_pdb,False
F0NCV2,,missing_pdb,False
F0NCV3,,missing_pdb,False
F0NCV4,,missing_pdb,False
F0NCV7,,missing_pdb,False
F0NCV8,,missing_pdb,False
F0NCV9,,missing_pdb,False
F0NCW0,,missing_pdb,False
F0NCW3,,missing_pdb,False
F0NCW4,,missing_pdb,False
F0NCW5,,missing_pdb,False
F0NCW8,,missing_pdb,False
F0NCW9,,missing_pdb,False
F0NCX0,,missing_pdb,False
F0NCX2,,missing_pdb,False
F0NCX5,,missing_pdb,False
F0NCX6,,missing_pdb,False
F0NCY5,,missing_pdb,False
F0NCZ6,,missing_pdb,False
F0ND00,,missing_pdb,False
F0ND07,,missing_pdb,False
F0ND08,,missing_pdb,False
F0ND09,,missing_pdb,False
F0ND20,,missing_pdb,False
F0ND21,,missing_pdb,False
F0ND22,,missing_pdb,False
F0ND24,,missing_pdb,False
F0ND35,,missing_pdb,False
F0ND42,,missing_pdb,False
F0ND43,,missing_pdb,False
F0ND51,,missing_pdb,False
F0ND54,,missing_pdb,False
F0ND69,,missing_pdb,False
F0ND70,,missing_pdb,False
F0ND77,,missing_pdb,False
F0ND79,,missing_pdb,False
F0ND81,,missing_pdb,False
F0ND82,,missing_pdb,False
F0ND84,,missing_pdb,False
F0ND85,,missing_pdb,False
F0ND87,,missing_pdb,False
F0ND91,,missing_pdb,False
F0ND92,,missing_pdb,False
F0ND97,,missing_pdb,False
F0NDA2,,missing_pdb,False
F0NDA3,,missing_pdb,False
F0NDA4,,missing_pdb,False
F0NDC4,,missing_pdb,False
F0NDC5,,missing_pdb,False
F0NDC6,,missing_pdb,False
F0NDC7,,missing_pdb,False
F0NDD1,,missing_pdb,False
F0NDD7,,missing_pdb,False
F0NDE1,,missing_pdb,False
F0NDF5,,missing_pdb,False
F0NDF6,,missing_pdb,False
F0NDF7,,missing_pdb,False
F0NDF8,,missing_pdb,False
F0NDG2,,missing_pdb,False
F0NDG3,,missing_pdb,False
F0NDG6,,missing_pdb,False
F0NDG7,,missing_pdb,False
F0NDG8,,missing_pdb,False
F0NDG9,,missing_pdb,False
F0NDH0,,missing_pdb,False
F0NDH1,,missing_pdb,False
F0NDH2,,missing_pdb,False
F0NDH3,,missing_pdb,False
F0NDH6,,missing_pdb,False
F0NDH8,,missing_pdb,False
F0NDI1,,missing_pdb,False
F0NDI2,,missing_pdb,False
F0NDI4,,missing_pdb,False
F0NDI7,,missing_pdb,False
F0NDJ0,,missing_pdb,False
F0NDJ1,,missing_pdb,False
F0NDJ2,,missing_pdb,False
F0NDJ5,,missing_pdb,False
F0NDJ9,,missing_pdb,False
F0NDK5,,missing_pdb,False
F0NDK9,,missing_pdb,False
F0NDL1,,missing_pdb,False
F0NDL2,,missing_pdb,False
F0NDL4,,missing_pdb,False
F0NDL6,,missing_pdb,False
F0NDM1,,missing_pdb,False
F0NDM2,,missing_pdb,False
F0NDM4,,missing_pdb,False
F0NDM5,,missing_pdb,False
F0NDM6,,missing_pdb,False
F0NDM9,,missing_pdb,False
F0NDN0,,missing_pdb,False
F0NDN2,,missing_pdb,False
F0NDN8,,missing_pdb,False
F0NDN9,,missing_pdb,False
F0NDP1,,missing_pdb,False
F0NDP2,,missing_pdb,False
F0NDP3,,missing_pdb,False
F0NDP8,,missing_pdb,False
F0NDQ2,,missing_pdb,False
F0NDQ5,,missing_pdb,False
F0NDR6,,missing_pdb,False
F0NDS3,,missing_pdb,False
F0NDS4,,missing_pdb,False
F0NDS7,,missing_pdb,False
F0NDS8,,missing_pdb,False
F0NDT2,,missing_pdb,False
F0NDT3,,missing_pdb,False
F0NDT7,,missing_pdb,False
F0NDU1,,missing_pdb,False
F0NDU4,,missing_pdb,False
F0NDU6,,missing_pdb,False
F0NDU9,,missing_pdb,False
F0NDV2,,missing_pdb,False
F0NDV3,,missing_pdb,False
F0NDV5,,missing_pdb,False
F0NDV6,,missing_pdb,False
F0NDW2,,missing_pdb,False
F0NDW5,,missing_pdb,False
F0NDW7,,missing_pdb,False
F0NDW8,,missing_pdb,False
F0NDX0,,missing_pdb,False
F0NDX2,,missing_pdb,False
F0NDX6,,missing_pdb,False
F0NDX7,,missing_pdb,False
F0NDX8,,missing_pdb,False
F0NDX9,,missing_pdb,False
F0NDY1,,missing_pdb,False
F0NDY9,,missing_pdb,False
F0NE04,,missing_pdb,False
F0NE05,,missing_pdb,False
F0NE12,,missing_pdb,False
F0NE13,,missing_pdb,False
F0NE14,,missing_pdb,False
F0NE15,,missing_pdb,False
F0NE16,,missing_pdb,False
F0NE21,,missing_pdb,False
F0NE22,,missing_pdb,False
F0NE27,,missing_pdb,False
F0NE28,,missing_pdb,False
F0NE32,,missing_pdb,False
F0NE33,,missing_pdb,False
F0NE39,,missing_pdb,False
F0NE53,,missing_pdb,False
F0NE63,,missing_pdb,False
F0NE65,,missing_pdb,False
F0NE71,,missing_pdb,False
F0NE72,,missing_pdb,False
F0NE73,,missing_pdb,False
F0NE74,,missing_pdb,False
F0NE75,,missing_pdb,False
F0NE77,,missing_pdb,False
F0NE81,,missing_pdb,False
F0NE86,,missing_pdb,False
F0NE87,,missing_pdb,False
F0NE88,,missing_pdb,False
F0NE91,,missing_pdb,False
F0NE97,,missing_pdb,False
F0NEA0,,missing_pdb,False
F0NEA2,,missing_pdb,False
F0NEA9,,missing_pdb,False
F0NEB1,,missing_pdb,False
F0NEB4,,missing_pdb,False
F0NEB7,,missing_pdb,False
F0NEB8,,missing_pdb,False
F0NEB9,,missing_pdb,False
F0NEC9,,missing_pdb,False
F0NED1,,missing_pdb,False
F0NEF0,,missing_pdb,False
F0NEF5,,missing_pdb,False
F0NEF6,,missing_pdb,False
F0NEH3,,missing_pdb,False
F0NEI0,,missing_pdb,False
F0NEI1,,missing_pdb,False
F0NEI2,,missing_pdb,False
F0NEI5,,missing_pdb,False
F0NEI8,,missing_pdb,False
F0NEK9,,missing_pdb,False
F0NEL4,,missing_pdb,False
F0NEM4,,missing_pdb,False
F0NEM9,,missing_pdb,False
F0NEN1,,missing_pdb,False
F0NEN5,,missing_pdb,False
F0NEN6,,missing_pdb,False
F0NEN7,,missing_pdb,False
F0NEP5,,missing_pdb,False
F0NEP6,,missing_pdb,False
F0NEQ4,,missing_pdb,False
F0NEQ6,,missing_pdb,False
F0NEQ7,,missing_pdb,False
F0NEQ8,,missing_pdb,False
F0NEQ9,,missing_pdb,False
F0NER2,,missing_pdb,False
F0NER4,,missing_pdb,False
F0NER5,,missing_pdb,False
F0NER6,,missing_pdb,False
F0NER7,,missing_pdb,False
F0NES2,,missing_pdb,False
F0NES3,,missing_pdb,False
F0NES4,,missing_pdb,False
F0NES9,,missing_pdb,False
F0NET3,,missing_pdb,False
F0NET6,,missing_pdb,False
F0NET7,,missing_pdb,False
F0NET9,,missing_pdb,False
F0NEU0,,missing_pdb,False
F0NEU3,,missing_pdb,False
F0NEU5,,missing_pdb,False
F0NEU6,,missing_pdb,False
F0NEU7,,missing_pdb,False
F0NEU9,,missing_pdb,False
F0NEV0,,missing_pdb,False
F0NEV1,,missing_pdb,False
F0NEV2,,missing_pdb,False
F0NEV3,,missing_pdb,False
F0NEV4,,missing_pdb,False
F0NEV6,,missing_pdb,False
F0NEW0,,missing_pdb,False
F0NEW5,,missing_pdb,False
F0NEW6,,missing_pdb,False
F0NEX2,,missing_pdb,False
F0NEX4,,missing_pdb,False
F0NEX6,,missing_pdb,False
F0NEX7,,missing_pdb,False
F0NEX8,,missing_pdb,False
F0NEX9,,missing_pdb,False
F0NEY0,,missing_pdb,False
F0NEY1,,missing_pdb,False
F0NEY3,,missing_pdb,False
F0NEY4,,missing_pdb,False
F0NEY6,,missing_pdb,False
F0NEY9,,missing_pdb,False
F0NEZ0,,missing_pdb,False
F0NEZ1,,missing_pdb,False
F0NEZ2,,missing_pdb,False
F0NEZ5,,missing_pdb,False
F0NEZ6,,missing_pdb,False
F0NEZ9,,missing_pdb,False
F0NF01,,missing_pdb,False
F0NF05,,missing_pdb,False
F0NF06,,missing_pdb,False
F0NF07,,missing_pdb,False
F0NF15,,missing_pdb,False
F0NF18,,missing_pdb,False
F0NF21,,missing_pdb,False
F0NF23,,missing_pdb,False
F0NF24,,missing_pdb,False
F0NF35,,missing_pdb,False
F0NF36,,missing_pdb,False
F0NF37,,missing_pdb,False
F0NF38,,missing_pdb,False
F0NF40,,missing_pdb,False
F0NF41,,missing_pdb,False
F0NF46,,missing_pdb,False
F0NF47,,missing_pdb,False
F0NF50,,missing_pdb,False
F0NF51,,missing_pdb,False
F0NF52,,missing_pdb,False
F0NF53,,missing_pdb,False
F0NF54,,missing_pdb,False
F0NF59,,missing_pdb,False
F0NF60,,missing_pdb,False
F0NF61,,missing_pdb,False
F0NF62,,missing_pdb,False
F0NF63,,missing_pdb,False
F0NF66,,missing_pdb,False
F0NF67,,missing_pdb,False
F0NF69,,missing_pdb,False
F0NF70,,missing_pdb,False
F0NF79,,missing_pdb,False
F0NF80,,missing_pdb,False
F0NF84,,missing_pdb,False
F0NF85,,missing_pdb,False
F0NF86,,missing_pdb,False
F0NF89,,missing_pdb,False
F0NF91,,missing_pdb,False
F0NF93,,missing_pdb,False
F0NFA0,,missing_pdb,False
F0NFA3,,missing_pdb,False
F0NFA7,,missing_pdb,False
F0NFA8,,missing_pdb,False
F0NFA9,,missing_pdb,False
F0NFB1,,missing_pdb,False
F0NFB5,,missing_pdb,False
F0NFB6,,missing_pdb,False
F0NFB7,,missing_pdb,False
F0NFB8,,missing_pdb,False
F0NFB9,,missing_pdb,False
F0NFC0,,missing_pdb,False
F0NFC2,,missing_pdb,False
F0NFC5,,missing_pdb,False
F0NFC6,,missing_pdb,False
F0NFC7,,missing_pdb,False
F0NFC8,,missing_pdb,False
F0NFD0,,missing_pdb,False
F0NFD2,,missing_pdb,False
F0NFD3,,missing_pdb,False
F0NFD4,,missing_pdb,False
F0NFD5,,missing_pdb,False
F0NFD9,,missing_pdb,False
F0NFE0,,missing_pdb,False
F0NFE1,,missing_pdb,False
F0NFE3,,missing_pdb,False
F0NFE4,,missing_pdb,False
F0NFE9,,missing_pdb,False
F0NFF1,,missing_pdb,False
F0NFF2,,missing_pdb,False
F0NFF3,,missing_pdb,False
F0NFF8,,missing_pdb,False
F0NFG0,,missing_pdb,False
F0NFG1,,missing_pdb,False
F0NFG2,,missing_pdb,False
F0NFG5,,missing_pdb,False
F0NFG6,,missing_pdb,False
F0NFG7,,missing_pdb,False
F0NFH4,,missing_pdb,False
F0NFH6,,missing_pdb,False
F0NFH9,,missing_pdb,False
F0NFI2,,missing_pdb,False
F0NFI7,,missing_pdb,False
F0NFJ0,,missing_pdb,False
F0NFJ2,,missing_pdb,False
F0NFJ3,,missing_pdb,False
F0NFJ5,,missing_pdb,False
F0NFJ6,,missing_pdb,False
F0NFJ7,,missing_pdb,False
F0NFJ8,,missing_pdb,False
F0NFJ9,,missing_pdb,False
F0NFK3,,missing_pdb,False
F0NFK5,,missing_pdb,False
F0NFK6,,missing_pdb,False
F0NFK7,,missing_pdb,False
F0NFK8,,missing_pdb,False
F0NFL0,,missing_pdb,False
F0NFL6,,missing_pdb,False
F0NFM2,,missing_pdb,False
F0NFM4,,missing_pdb,False
F0NFM5,,missing_pdb,False
F0NFM6,,missing_pdb,False
F0NFM8,,missing_pdb,False
F0NFM9,,missing_pdb,False
F0NFN1,,missing_pdb,False
F0NFN3,,missing_pdb,False
F0NFN4,,missing_pdb,False
F0NFN5,,missing_pdb,False
F0NFN7,,missing_pdb,False
F0NFP1,,missing_pdb,False
F0NFP2,,missing_pdb,False
F0NFP5,,missing_pdb,False
F0NFP6,,missing_pdb,False
F0NFP8,,missing_pdb,False
F0NFQ0,,missing_pdb,False
F0NFQ1,,missing_pdb,False
F0NFQ4,,missing_pdb,False
F0NFQ7,,missing_pdb,False
F0NFR3,,missing_pdb,False
F0NFR7,,missing_pdb,False
F0NFR8,,missing_pdb,False
F0NFT8,,missing_pdb,False
F0NFT9,,missing_pdb,False
F0NFU5,,missing_pdb,False
F0NFU6,,missing_pdb,False
F0NFU8,,missing_pdb,False
F0NFU9,,missing_pdb,False
F0NFV0,,missing_pdb,False
F0NFV2,,missing_pdb,False
F0NFW2,,missing_pdb,False
F0NFW4,,missing_pdb,False
F0NFW7,,missing_pdb,False
F0NFW8,,missing_pdb,False
F0NFX1,,missing_pdb,False
F0NFX2,,missing_pdb,False
F0NFX3,,missing_pdb,False
F0NFX4,,missing_pdb,False
F0NFX5,,missing_pdb,False
F0NFX6,,missing_pdb,False
F0NFX8,,missing_pdb,False
F0NFY2,,missing_pdb,False
F0NFY8,,missing_pdb,False
F0NFY9,,missing_pdb,False
F0NFZ6,,missing_pdb,False
F0NFZ7,,missing_pdb,False
F0NFZ8,,missing_pdb,False
F0NG03,,missing_pdb,False
F0NG17,,missing_pdb,False
F0NG18,,missing_pdb,False
F0NG21,,missing_pdb,False
F0NG23,,missing_pdb,False
F0NG24,,missing_pdb,False
F0NG26,,missing_pdb,False
F0NG32,,missing_pdb,False
F0NG35,,missing_pdb,False
F0NG38,,missing_pdb,False
F0NG39,,missing_pdb,False
F0NG40,,missing_pdb,False
F0NG41,,missing_pdb,False
F0NG42,,missing_pdb,False
F0NG45,,missing_pdb,False
F0NG49,,missing_pdb,False
F0NG54,,missing_pdb,False
F0NG55,,missing_pdb,False
F0NG57,,missing_pdb,False
F0NG58,,missing_pdb,False
F0NG60,,missing_pdb,False
F0NG61,,missing_pdb,False
F0NG66,,missing_pdb,False
F0NG72,,missing_pdb,False
F0NG80,,missing_pdb,False
F0NG81,,missing_pdb,False
F0NG82,,missing_pdb,False
F0NG88,,missing_pdb,False
F0NG89,,missing_pdb,False
F0NG91,,missing_pdb,False
F0NG97,,missing_pdb,False
F0NGB7,,missing_pdb,False
F0NGB8,,missing_pdb,False
F0NGB9,,missing_pdb,False
F0NGC1,,missing_pdb,False
F0NGC5,,missing_pdb,False
F0NGD5,,missing_pdb,False
F0NGD6,,missing_pdb,False
F0NGE7,,missing_pdb,False
F0NGF2,,missing_pdb,False
F0NGG1,,missing_pdb,False
F0NGG8,,missing_pdb,False
F0NGG9,,missing_pdb,False
F0NGH0,,missing_pdb,False
F0NGH5,,missing_pdb,False
F0NGI7,,missing_pdb,False
F0NGI9,,missing_pdb,False
F0NGJ1,,missing_pdb,False
F0NGJ2,,missing_pdb,False
F0NGJ9,,missing_pdb,False
F0NGK0,,missing_pdb,False
F0NGK5,,missing_pdb,False
F0NGK6,,missing_pdb,False
F0NGL2,,missing_pdb,False
F0NGL7,,missing_pdb,False
F0NGM4,,missing_pdb,False
F0NGM9,,missing_pdb,False
F0NGN4,,missing_pdb,False
F0NGP6,,missing_pdb,False
F0NGP7,,missing_pdb,False
F0NGQ2,,missing_pdb,False
F0NGQ4,,missing_pdb,False
F0NGQ6,,missing_pdb,False
F0NGQ9,,missing_pdb,False
F0NGR0,,missing_pdb,False
F0NGR1,,missing_pdb,False
F0NGR4,,missing_pdb,False
F0NGR6,,missing_pdb,False
F0NGR7,,missing_pdb,False
F0NGS4,,missing_pdb,False
F0NGS6,,missing_pdb,False
F0NGS7,,missing_pdb,False
F0NGT0,,missing_pdb,False
F0NGT3,,missing_pdb,False
F0NGT4,,missing_pdb,False
F0NGT5,,missing_pdb,False
F0NGT7,,missing_pdb,False
F0NGT8,,missing_pdb,False
F0NGU4,,missing_pdb,False
F0NGU5,,missing_pdb,False
F0NGU9,,missing_pdb,False
F0NGV0,,missing_pdb,False
F0NGV1,,missing_pdb,False
F0NGV5,,missing_pdb,False
F0NGV6,,missing_pdb,False
F0NGW3,,missing_pdb,False
F0NGW8,,missing_pdb,False
F0NGW9,,missing_pdb,False
F0NGX0,,missing_pdb,False
F0NGX6,,missing_pdb,False
F0NGZ2,,missing_pdb,False
F0NGZ4,,missing_pdb,False
F0NGZ6,,missing_pdb,False
F0NGZ8,,missing_pdb,False
F0NGZ9,,missing_pdb,False
F0NH01,,missing_pdb,False
F0NH04,,missing_pdb,False
F0NH05,,missing_pdb,False
F0NH09,,missing_pdb,False
F0NH10,,missing_pdb,False
F0NH25,,missing_pdb,False
F0NH26,,missing_pdb,False
F0NH29,,missing_pdb,False
F0NH33,,missing_pdb,False
F0NH46,,missing_pdb,False
F0NH47,,missing_pdb,False
F0NH48,,missing_pdb,False
F0NH49,,missing_pdb,False
F0NH53,,missing_pdb,False
F0NH61,,missing_pdb,False
F0NH64,,missing_pdb,False
F0NH71,,missing_pdb,False
F0NH76,,missing_pdb,False
F0NH84,,missing_pdb,False
F0NH87,,missing_pdb,False
F0NH89,,missing_pdb,False
F0NH90,,missing_pdb,False
F0NH98,,missing_pdb,False
F0NHA0,,missing_pdb,False
F0NHA5,,missing_pdb,False
F0NHB3,,missing_pdb,False
F0NHC6,,missing_pdb,False
F0NHC9,,missing_pdb,False
F0NHD5,,missing_pdb,False
F0NHD7,,missing_pdb,False
F0NHD8,,missing_pdb,False
F0NHE3,,missing_pdb,False
F0NHE5,,missing_pdb,False
F0NHE7,,missing_pdb,False
F0NHF1,,missing_pdb,False
F0NHF3,,missing_pdb,False
F0NHF5,,missing_pdb,False
F0NHF6,,missing_pdb,False
F0NHF7,,missing_pdb,False
F0NHF8,,missing_pdb,False
F0NHF9,,missing_pdb,False
F0NHG0,,missing_pdb,False
F0NHG2,,missing_pdb,False
F0NHG3,,missing_pdb,False
F0NHG4,,missing_pdb,False
F0NHG5,,missing_pdb,False
F0NHG6,,missing_pdb,False
F0NHG7,,missing_pdb,False
F0NHG9,,missing_pdb,False
F0NHH1,,missing_pdb,False
F0NHH2,,missing_pdb,False
F0NHH4,,missing_pdb,False
F0NHH5,,missing_pdb,False
F0NHH7,,missing_pdb,False
F0NHH8,,missing_pdb,False
F0NHH9,,missing_pdb,False
F0NHI0,,missing_pdb,False
F0NHI1,,missing_pdb,False
F0NHI3,,missing_pdb,False
F0NHI4,,missing_pdb,False
F0NHI7,,missing_pdb,False
F0NHI9,,missing_pdb,False
F0NHJ2,,missing_pdb,False
F0NHJ7,,missing_pdb,False
F0NHK0,,missing_pdb,False
F0NHK1,,missing_pdb,False
F0NHK2,,missing_pdb,False
F0NHK3,,missing_pdb,False
F0NHK4,,missing_pdb,False
F0NHK7,,missing_pdb,False
F0NHK8,,missing_pdb,False
F0NHK9,,missing_pdb,False
F0NHL0,,missing_pdb,False
F0NHL1,,missing_pdb,False
F0NHL2,,missing_pdb,False
F0NHL3,,missing_pdb,False
F0NHL5,,missing_pdb,False
F0NHL6,,missing_pdb,False
F0NHL8,,missing_pdb,False
F0NHN6,,missing_pdb,False
F0NHP1,,missing_pdb,False
F0NHP2,,missing_pdb,False
F0NHP3,,missing_pdb,False
F0NHQ0,,missing_pdb,False
F0NHQ2,,missing_pdb,False
F0NHQ3,,missing_pdb,False
F0NHQ5,,missing_pdb,False
F0NHQ6,,missing_pdb,False
F0NHQ7,,missing_pdb,False
F0NHQ8,,missing_pdb,False
F0NHQ9,,missing_pdb,False
F0NHR1,,missing_pdb,False
F0NHR4,,missing_pdb,False
F0NHR5,,missing_pdb,False
F0NHR6,,missing_pdb,False
F0NHR7,,missing_pdb,False
F0NHR8,,missing_pdb,False
F0NHR9,,missing_pdb,False
F0NHS0,,missing_pdb,False
F0NHS3,,missing_pdb,False
F0NHS4,,missing_pdb,False
F0NHS5,,missing_pdb,False
F0NHS7,,missing_pdb,False
F0NHS8,,missing_pdb,False
F0NHT0,,missing_pdb,False
F0NHT1,,missing_pdb,False
F0NHT2,,missing_pdb,False
F0NHT3,,missing_pdb,False
F0NHT7,,missing_pdb,False
F0NHT9,,missing_pdb,False
F0NHU1,,missing_pdb,False
F0NHU2,,missing_pdb,False
F0NHU3,,missing_pdb,False
F0NHU4,,missing_pdb,False
F0NHU5,,missing_pdb,False
F0NHU7,,missing_pdb,False
F0NHV1,,missing_pdb,False
F0NHV5,,missing_pdb,False
F0NHW0,,missing_pdb,False
F0NHW1,,missing_pdb,False
F0NHW2,,missing_pdb,False
F0NHW3,,missing_pdb,False
F0NHW5,,missing_pdb,False
F0NHW6,,missing_pdb,False
F0NHW7,,missing_pdb,False
F0NHW8,,missing_pdb,False
F0NHX0,,missing_pdb,False
F0NHX1,,missing_pdb,False
F0NHX2,,missing_pdb,False
F0NHX3,,missing_pdb,False
F0NHX5,,missing_pdb,False
F0NHX6,,missing_pdb,False
F0NHX7,,missing_pdb,False
F0NHX8,,missing_pdb,False
F0NHY1,,missing_pdb,False
F0NHY2,,missing_pdb,False
F0NHY3,,missing_pdb,False
F0NHY4,,missing_pdb,False
F0NHY5,,missing_pdb,False
F0NHY6,,missing_pdb,False
F0NHY9,,missing_pdb,False
F0NHZ3,,missing_pdb,False
F0NHZ4,,missing_pdb,False
F0NHZ6,,missing_pdb,False
F0NHZ7,,missing_pdb,False
F0NI03,,missing_pdb,False
F0NI04,,missing_pdb,False
F0NI05,,missing_pdb,False
F0NI06,,missing_pdb,False
F0NI08,,missing_pdb,False
F0NI11,,missing_pdb,False
F0NI12,,missing_pdb,False
F0NI13,,missing_pdb,False
F0NI15,,missing_pdb,False
F0NI16,,missing_pdb,False
F0NI18,,missing_pdb,False
F0NI19,,missing_pdb,False
F0NI23,,missing_pdb,False
F0NI24,,missing_pdb,False
F0NI25,,missing_pdb,False
F0NI29,,missing_pdb,False
F0NI31,,missing_pdb,False
F0NI32,,missing_pdb,False
F0NI33,,missing_pdb,False
F0NI35,,missing_pdb,False
F0NI36,,missing_pdb,False
F0NI39,,missing_pdb,False
F0NI40,,missing_pdb,False
F0NI48,,missing_pdb,False
F0NI53,,missing_pdb,False
F0NI63,,missing_pdb,False
F0NI64,,missing_pdb,False
F0NI73,,missing_pdb,False
F0NI75,,missing_pdb,False
F0NI77,,missing_pdb,False
F0NI78,,missing_pdb,False
F0NI79,,missing_pdb,False
F0NI81,,missing_pdb,False
F0NI82,,missing_pdb,False
F0NI83,,missing_pdb,False
F0NI84,,missing_pdb,False
F0NI86,,missing_pdb,False
F0NI87,,missing_pdb,False
F0NI91,,missing_pdb,False
F0NI95,,missing_pdb,False
F0NI96,,missing_pdb,False
F0NI98,,missing_pdb,False
F0NI99,,missing_pdb,False
F0NIA1,,missing_pdb,False
F0NIA5,,missing_pdb,False
F0NIA7,,missing_pdb,False
F0NIA8,,missing_pdb,False
F0NIB0,,missing_pdb,False
F0NIB2,,missing_pdb,False
F0NIB3,,missing_pdb,False
F0NIB4,,missing_pdb,False
F0NIB5,,missing_pdb,False
F0NIB6,,missing_pdb,False
F0NIB7,,missing_pdb,False
F0NIB8,,missing_pdb,False
F0NIB9,,missing_pdb,False
F0NIC0,,missing_pdb,False
F0NIC1,,missing_pdb,False
F0NIC7,,missing_pdb,False
F0NIC8,,missing_pdb,False
F0NID0,,missing_pdb,False
F0NID2,,missing_pdb,False
F0NID4,,missing_pdb,False
F0NID5,,missing_pdb,False
F0NID6,,missing_pdb,False
F0NID7,,missing_pdb,False
F0NID8,,missing_pdb,False
F0NIE1,,missing_pdb,False
F0NIE2,,missing_pdb,False
F0NIE4,,missing_pdb,False
F0NIE8,,missing_pdb,False
F0NIE9,,missing_pdb,False
F0NIF1,,missing_pdb,False
F0NIF3,,missing_pdb,False
F0NIF4,,missing_pdb,False
F0NIF5,,missing_pdb,False
F0NIF9,,missing_pdb,False
F0NIG0,,missing_pdb,False
F0NIG1,,missing_pdb,False
F0NIG2,,missing_pdb,False
F0NIG5,,missing_pdb,False
F0NIG6,,missing_pdb,False
F0NIG7,,missing_pdb,False
F0NIG8,,missing_pdb,False
F0NIG9,,missing_pdb,False
F0NIH0,,missing_pdb,False
F0NIH1,,missing_pdb,False
F0NIH2,,missing_pdb,False
F0NIH4,,missing_pdb,False
F0NIH7,,missing_pdb,False
F0NII2,,missing_pdb,False
F0NII7,,missing_pdb,False
F0NII8,,missing_pdb,False
F0NIJ5,,missing_pdb,False
F0NIJ6,,missing_pdb,False
F0NIJ8,,missing_pdb,False
F0NIJ9,,missing_pdb,False
F0NIK0,,missing_pdb,False
F0NIK1,,missing_pdb,False
F0NIK2,,missing_pdb,False
F0NIK7,,missing_pdb,False
F0NIK9,,missing_pdb,False
F0NIL8,,missing_pdb,False
F0NIL9,,missing_pdb,False
F0NIM0,,missing_pdb,False
F0NIM3,,missing_pdb,False
F0NIM4,,missing_pdb,False
F0NIM5,,missing_pdb,False
F0NIM7,,missing_pdb,False
F0NIM8,,missing_pdb,False
F0NIM9,,missing_pdb,False
F0NIN0,,missing_pdb,False
F0NIN1,,missing_pdb,False
F0NIN2,,missing_pdb,False
F0NIN4,,missing_pdb,False
F0NIN5,,missing_pdb,False
F0NIN9,,missing_pdb,False
F0NIP1,,missing_pdb,False
F0NIP4,,missing_pdb,False
F0NIP5,,missing_pdb,False
F0NIP6,,missing_pdb,False
F0NIQ2,,missing_pdb,False
F0NIQ3,,missing_pdb,False
F0NIQ4,,missing_pdb,False
F0NIQ6,,missing_pdb,False
F0NIQ7,,missing_pdb,False
F0NIR1,,missing_pdb,False
F0NIR2,,missing_pdb,False
F0NIR3,,missing_pdb,False
F0NIS4,,missing_pdb,False
F0NIS6,,missing_pdb,False
F0NIS7,,missing_pdb,False
F0NIS8,,missing_pdb,False
F1LNT3,,missing_pdb,False
F1T0C4,,missing_pdb,False
F2Z2B1,,missing_pdb,False
F2Z2H0,,missing_pdb,False
F2Z2J8,,missing_pdb,False
F2Z391,,missing_pdb,False
F4HRT5,,missing_pdb,False
F4HT02,,missing_pdb,False
F4HT55,,missing_pdb,False
F4HTN8,,missing_pdb,False
F4HU85,,missing_pdb,False
F4HVZ5,,missing_pdb,False
F4HY33,,missing_pdb,False
F4HZB5,,missing_pdb,False
F4I2Z0,,missing_pdb,False
F4I3R4,,missing_pdb,False
F4I529,,missing_pdb,False
F4I8B9,,missing_pdb,False
F4I8Q1,,missing_pdb,False
F4I9M9,,missing_pdb,False
F4IL65,,missing_pdb,False
F4IQK5,,missing_pdb,False
F4IS20,,missing_pdb,False
F4ISU2,,missing_pdb,False
F4IVN6,,missing_pdb,False
F4IXW2,,missing_pdb,False
F4J0L7,,missing_pdb,False
F4J1H7,,missing_pdb,False
F4J7C7,,missing_pdb,False
F4J8L3,,missing_pdb,False
F4JCF9,,missing_pdb,False
F4JD57,,missing_pdb,False
F4JEN1,,missing_pdb,False
F4JF82,,missing_pdb,False
F4JH53,,missing_pdb,False
F4JPR4,,missing_pdb,False
F4JPR7,,missing_pdb,False
F4JRY9,,missing_pdb,False
F4JSP7,,missing_pdb,False
F4JTX3,,missing_pdb,False
F4JUD2,,missing_pdb,False
F4JVY8,,missing_pdb,False
F4JXK3,,missing_pdb,False
F4JXM5,,missing_pdb,False
F4JZY1,,missing_pdb,False
F4K5J1,,missing_pdb,False
F4K8N1,,missing_pdb,False
F4KG14,,missing_pdb,False
F4KG52,,missing_pdb,False
F4KI56,,missing_pdb,False
F4KIA8,,missing_pdb,False
F5GX35,,missing_pdb,False
F5GZB4,,missing_pdb,False
F5H0A9,,missing_pdb,False
F5H3Z4,,missing_pdb,False
F5H4K7,,missing_pdb,False
F5H5L8,,missing_pdb,False
F5H6X0,,missing_pdb,False
F8VTY5,,missing_pdb,False
F8WAM2,,missing_pdb,False
F8WB63,,missing_pdb,False
F8WB84,,missing_pdb,False
F8WBW1,,missing_pdb,False
F8WEA2,,missing_pdb,False
F8WF45,,missing_pdb,False
G3UW63,,missing_pdb,False
G3UW68,,missing_pdb,False
G3V2U0,,missing_pdb,False
G3V4G9,,missing_pdb,False
G3XAC6,,missing_pdb,False
G5E9R0,,missing_pdb,False
G5E9U8,,missing_pdb,False
G5E9V3,,missing_pdb,False
H0Y390,,missing_pdb,False
H0Y3V9,,missing_pdb,False
H0Y496,,missing_pdb,False
H0Y4P6,,missing_pdb,False
H0Y873,,missing_pdb,False
H0Y8X8,,missing_pdb,False
H0Y8Z5,,missing_pdb,False
H0YBG5,,missing_pdb,False
H0YD31,,missing_pdb,False
H0YET1,,missing_pdb,False
H0YEU2,,missing_pdb,False
H0YF92,,missing_pdb,False
H0YFF7,,missing_pdb,False
H0YG45,,missing_pdb,False
H0YHT2,,missing_pdb,False
H0YIM6,,missing_pdb,False
H0YIS3,,missing_pdb,False
H0YJI2,,missing_pdb,False
H0YLK8,,missing_pdb,False
H0YLZ7,,missing_pdb,False
H0YM25,,missing_pdb,False
H0YM94,,missing_pdb,False
H0YNS1,,missing_pdb,False
H3BN49,,missing_pdb,False
H3BNE7,,missing_pdb,False
H3BQK9,,missing_pdb,False
H3BS04,,missing_pdb,False
H3BSN4,,missing_pdb,False
H7BXL6,,missing_pdb,False
H7BZ11,,missing_pdb,False
H7BZW2,,missing_pdb,False
H7C0A7,,missing_pdb,False
H7C120,,missing_pdb,False
H7C2Y0,,missing_pdb,False
H7C3G7,,missing_pdb,False
H7C4V2,,missing_pdb,False
H7C4V9,,missing_pdb,False
H7C5E4,,missing_pdb,False
I3L1I8,,missing_pdb,False
I3L2L7,,missing_pdb,False
I3L3R2,,missing_pdb,False
I3L3Z8,,missing_pdb,False
I3L4D8,,missing_pdb,False
I3L4N8,,missing_pdb,False
J3KQN4,,missing_pdb,False
J3KRE7,,missing_pdb,False
J3KT65,,missing_pdb,False
J3QQL1,,missing_pdb,False
J9JID5,,missing_pdb,False
K7EJ51,,missing_pdb,False
K7EJL0,,missing_pdb,False
K7EKQ2,,missing_pdb,False
K7EMV3,,missing_pdb,False
K7ENQ6,,missing_pdb,False
K7ENY4,,missing_pdb,False
K7EPZ6,,missing_pdb,False
K7EQA9,,missing_pdb,False
K7EQG2,,missing_pdb,False
K7ER34,,missing_pdb,False
K7ERQ1,,missing_pdb,False
K7ESJ9,,missing_pdb,False
M0QXA7,,missing_pdb,False
M0QY67,,missing_pdb,False
M0ZI98,,missing_pdb,False
M0ZMA9,,missing_pdb,False
M1A5X1,,missing_pdb,False
M1BV36,,missing_pdb,False
M1BV39,,missing_pdb,False
M1D0F1,,missing_pdb,False
O00116,/data/ranran/my_ptm/croton/data/structure_pipeline/pdb/O00116.pdb,exact_sequence_match,True
O00151,/data/ranran/my_ptm/croton/data/structure_pipeline/pdb/O00151.pdb,exact_sequence_match,True
O00193,/data/ranran/my_ptm/croton/data/structure_pipeline/pdb/O00193.pdb,exact_sequence_match,True
O00217,/data/ranran/my_ptm/croton/data/structure_pipeline/pdb/O00217.pdb,exact_sequence_match,True
O00231,/data/ranran/my_ptm/croton/data/structure_pipeline/pdb/O00231.pdb,exact_sequence_match,True
O00255,,missing_pdb,False
O00257,,missing_pdb,False
O00330,/data/ranran/my_ptm/croton/data/structure_pipeline/pdb/O00330.pdb,exact_sequence_match,True
O00370,,missing_pdb,False
O00411,/data/ranran/my_ptm/croton/data/structure_pipeline/pdb/O00411.pdb,exact_sequence_match,True
O00442,/data/ranran/my_ptm/croton/data/structure_pipeline/pdb/O00442.pdb,exact_sequence_match,True
O00443,/data/ranran/my_ptm/croton/data/structure_pipeline/pdb/O00443.pdb,exact_sequence_match,True
O00482,,missing_pdb,False
O00483,/data/ranran/my_ptm/croton/data/structure_pipeline/pdb/O00483.pdb,exact_sequence_match,True
O00515,,missing_pdb,False
O00566,/data/ranran/my_ptm/croton/data/structure_pipeline/pdb/O00566.pdb,exact_sequence_match,True
O00567,/data/ranran/my_ptm/croton/data/structure_pipeline/pdb/O00567.pdb,exact_sequence_match,True
O00571,/data/ranran/my_ptm/croton/data/structure_pipeline/pdb/O00571.pdb,exact_sequence_match,True
O00585,,missing_pdb,False
O00712,,missing_pdb,False
O00762,/data/ranran/my_ptm/croton/data/structure_pipeline/pdb/O00762.pdb,exact_sequence_match,True
O03042,,missing_pdb,False
O04209,,missing_pdb,False
O04350,,missing_pdb,False
O08807,,missing_pdb,False
O14497,/data/ranran/my_ptm/croton/data/structure_pipeline/pdb/O14497.pdb,exact_sequence_match,True
O14512,,missing_pdb,False
O14513,,missing_pdb,False
O14529,,missing_pdb,False
O14561,/data/ranran/my_ptm/croton/data/structure_pipeline/pdb/O14561.pdb,exact_sequence_match,True
O14639,/data/ranran/my_ptm/croton/data/structure_pipeline/pdb/O14639.pdb,exact_sequence_match,True
O14646,,missing_pdb,False
O14662,,missing_pdb,False
O14686,,missing_pdb,False
O14715,,missing_pdb,False
O14730,/data/ranran/my_ptm/croton/data/structure_pipeline/pdb/O14730.pdb,exact_sequence_match,True
O14776,/data/ranran/my_ptm/croton/data/structure_pipeline/pdb/O14776.pdb,exact_sequence_match,True
O14777,/data/ranran/my_ptm/croton/data/structure_pipeline/pdb/O14777.pdb,exact_sequence_match,True
O14782,,missing_pdb,False
O14795,,missing_pdb,False
O14862,,missing_pdb,False
O14874,/data/ranran/my_ptm/croton/data/structure_pipeline/pdb/O14874.pdb,exact_sequence_match,True
O14893,,missing_pdb,False
O14908,/data/ranran/my_ptm/croton/data/structure_pipeline/pdb/O14908.pdb,exact_sequence_match,True
O14936,/data/ranran/my_ptm/croton/data/structure_pipeline/pdb/O14936.pdb,exact_sequence_match,True
O14974,/data/ranran/my_ptm/croton/data/structure_pipeline/pdb/O14974.pdb,exact_sequence_match,True
O14979,/data/ranran/my_ptm/croton/data/structure_pipeline/pdb/O14979.pdb,exact_sequence_match,True
O14986,,missing_pdb,False
O15021,,missing_pdb,False
O15037,,missing_pdb,False
O15042,/data/ranran/my_ptm/croton/data/structure_pipeline/pdb/O15042.pdb,exact_sequence_match,True
O15050,,missing_pdb,False
O15069,,missing_pdb,False
O15078,/data/ranran/my_ptm/croton/data/structure_pipeline/pdb/O15078.pdb,exact_sequence_match,True
O15079,,missing_pdb,False
O15105,,missing_pdb,False
O15126,,missing_pdb,False
O15131,,missing_pdb,False
O15144,/data/ranran/my_ptm/croton/data/structure_pipeline/pdb/O15144.pdb,exact_sequence_match,True
O15145,/data/ranran/my_ptm/croton/data/structure_pipeline/pdb/O15145.pdb,exact_sequence_match,True
O15156,,missing_pdb,False
O15197,,missing_pdb,False
O15226,/data/ranran/my_ptm/croton/data/structure_pipeline/pdb/O15226.pdb,exact_sequence_match,True
O15265,,missing_pdb,False
O15269,/data/ranran/my_ptm/croton/data/structure_pipeline/pdb/O15269.pdb,exact_sequence_match,True
O15270,/data/ranran/my_ptm/croton/data/structure_pipeline/pdb/O15270.pdb,exact_sequence_match,True
O15297,,missing_pdb,False
O15355,/data/ranran/my_ptm/croton/data/structure_pipeline/pdb/O15355.pdb,exact_sequence_match,True
O15371,/data/ranran/my_ptm/croton/data/structure_pipeline/pdb/O15371.pdb,exact_sequence_match,True
O15372,/data/ranran/my_ptm/croton/data/structure_pipeline/pdb/O15372.pdb,exact_sequence_match,True
O15382,,missing_pdb,False
O15417,,missing_pdb,False
O15438,,missing_pdb,False
O15484,,missing_pdb,False
O15488,,missing_pdb,False
O15498,/data/ranran/my_ptm/croton/data/structure_pipeline/pdb/O15498.pdb,exact_sequence_match,True
O22212,,missing_pdb,False
O22783,,missing_pdb,False
O22980,,missing_pdb,False
O23138,,missing_pdb,False
O23188,,missing_pdb,False
O23629,,missing_pdb,False
O34094,,missing_pdb,False
O35098,,missing_pdb,False
O35618,,missing_pdb,False
O43143,,missing_pdb,False
O43148,/data/ranran/my_ptm/croton/data/structure_pipeline/pdb/O43148.pdb,exact_sequence_match,True
O43164,,missing_pdb,False
O43166,,missing_pdb,False
O43169,,missing_pdb,False
O43242,/data/ranran/my_ptm/croton/data/structure_pipeline/pdb/O43242.pdb,exact_sequence_match,True
O43283,,missing_pdb,False
O43290,/data/ranran/my_ptm/croton/data/structure_pipeline/pdb/O43290.pdb,exact_sequence_match,True
O43293,,missing_pdb,False
O43294,,missing_pdb,False
O43295,,missing_pdb,False
O43303,,missing_pdb,False
O43307,,missing_pdb,False
O43314,/data/ranran/my_ptm/croton/data/structure_pipeline/pdb/O43314.pdb,exact_sequence_match,True
O43353,/data/ranran/my_ptm/croton/data/structure_pipeline/pdb/O43353.pdb,exact_sequence_match,True
O43390,/data/ranran/my_ptm/croton/data/structure_pipeline/pdb/O43390.pdb,exact_sequence_match,True
O43395,/data/ranran/my_ptm/croton/data/structure_pipeline/pdb/O43395.pdb,exact_sequence_match,True
O43396,/data/ranran/my_ptm/croton/data/structure_pipeline/pdb/O43396.pdb,exact_sequence_match,True
O43399,/data/ranran/my_ptm/croton/data/structure_pipeline/pdb/O43399.pdb,exact_sequence_match,True
O43426,,missing_pdb,False
O43447,,missing_pdb,False
O43463,,missing_pdb,False
O43482,,missing_pdb,False
O43516-3,,missing_pdb,False
O43520,,missing_pdb,False
O43524,,missing_pdb,False
O43526,,missing_pdb,False
O43572,,missing_pdb,False
O43597,,missing_pdb,False
O43657,,missing_pdb,False
O43660,/data/ranran/my_ptm/croton/data/structure_pipeline/pdb/O43660.pdb,exact_sequence_match,True
O43663,/data/ranran/my_ptm/croton/data/structure_pipeline/pdb/O43663.pdb,exact_sequence_match,True
O43676,,missing_pdb,False
O43707,/data/ranran/my_ptm/croton/data/structure_pipeline/pdb/O43707.pdb,exact_sequence_match,True
O43709,,missing_pdb,False
O43768,/data/ranran/my_ptm/croton/data/structure_pipeline/pdb/O43768.pdb,exact_sequence_match,True
O43795,/data/ranran/my_ptm/croton/data/structure_pipeline/pdb/O43795.pdb,exact_sequence_match,True
O43809,/data/ranran/my_ptm/croton/data/structure_pipeline/pdb/O43809.pdb,exact_sequence_match,True
O43827,,missing_pdb,False
O43861,/data/ranran/my_ptm/croton/data/structure_pipeline/pdb/O43861.pdb,exact_sequence_match,True
O43868,,missing_pdb,False
O43896,/data/ranran/my_ptm/croton/data/structure_pipeline/pdb/O43896.pdb,exact_sequence_match,True
O43929,,missing_pdb,False
O48588,,missing_pdb,False
O48724,,missing_pdb,False
O49479,,missing_pdb,False
O50008,,missing_pdb,False
O55042,,missing_pdb,False
O60225,,missing_pdb,False
O60239,/data/ranran/my_ptm/croton/data/structure_pipeline/pdb/O60239.pdb,exact_sequence_match,True
O60244,/data/ranran/my_ptm/croton/data/structure_pipeline/pdb/O60244.pdb,exact_sequence_match,True
O60271,/data/ranran/my_ptm/croton/data/structure_pipeline/pdb/O60271.pdb,exact_sequence_match,True
O60284,,missing_pdb,False
O60287,/data/ranran/my_ptm/croton/data/structure_pipeline/pdb/O60287.pdb,exact_sequence_match,True
O60293,/data/ranran/my_ptm/croton/data/structure_pipeline/pdb/O60293.pdb,exact_sequence_match,True
O60296,,missing_pdb,False
O60303,,missing_pdb,False
O60318,,missing_pdb,False
O60336,,missing_pdb,False
O60341,/data/ranran/my_ptm/croton/data/structure_pipeline/pdb/O60341.pdb,exact_sequence_match,True
O60347,,missing_pdb,False
O60353,,missing_pdb,False
O60431,,missing_pdb,False
O60494,,missing_pdb,False
O60499,,missing_pdb,False
O60506-5,,missing_pdb,False
O60563,/data/ranran/my_ptm/croton/data/structure_pipeline/pdb/O60563.pdb,exact_sequence_match,True
O60610,/data/ranran/my_ptm/croton/data/structure_pipeline/pdb/O60610.pdb,exact_sequence_match,True
O60673,,missing_pdb,False
O60678,/data/ranran/my_ptm/croton/data/structure_pipeline/pdb/O60678.pdb,exact_sequence_match,True
O60749,,missing_pdb,False
O60762,/data/ranran/my_ptm/croton/data/structure_pipeline/pdb/O60762.pdb,exact_sequence_match,True
O60763,/data/ranran/my_ptm/croton/data/structure_pipeline/pdb/O60763.pdb,exact_sequence_match,True
O60810,,missing_pdb,False
O60828,/data/ranran/my_ptm/croton/data/structure_pipeline/pdb/O60828.pdb,exact_sequence_match,True
O60841,/data/ranran/my_ptm/croton/data/structure_pipeline/pdb/O60841.pdb,exact_sequence_match,True
O60869,/data/ranran/my_ptm/croton/data/structure_pipeline/pdb/O60869.pdb,exact_sequence_match,True
O60870,/data/ranran/my_ptm/croton/data/structure_pipeline/pdb/O60870.pdb,exact_sequence_match,True
O60884,/data/ranran/my_ptm/croton/data/structure_pipeline/pdb/O60884.pdb,exact_sequence_match,True
O60885,/data/ranran/my_ptm/croton/data/structure_pipeline/pdb/O60885.pdb,exact_sequence_match,True
O60907,,missing_pdb,False
O60934,/data/ranran/my_ptm/croton/data/structure_pipeline/pdb/O60934.pdb,exact_sequence_match,True
O64560,,missing_pdb,False
O64793,,missing_pdb,False
O64855,,missing_pdb,False
O64877,,missing_pdb,False
O64973,,missing_pdb,False
O65674,,missing_pdb,False
O70373,,missing_pdb,False
O75061,,missing_pdb,False
O75072,,missing_pdb,False
O75081,,missing_pdb,False
O75084,,missing_pdb,False
O75116,/data/ranran/my_ptm/croton/data/structure_pipeline/pdb/O75116.pdb,exact_sequence_match,True
O75122,,missing_pdb,False
O75140,,missing_pdb,False
O75147,,missing_pdb,False
O75150,/data/ranran/my_ptm/croton/data/structure_pipeline/pdb/O75150.pdb,exact_sequence_match,True
O75151,,missing_pdb,False
O75152,/data/ranran/my_ptm/croton/data/structure_pipeline/pdb/O75152.pdb,exact_sequence_match,True
O75153,/data/ranran/my_ptm/croton/data/structure_pipeline/pdb/O75153.pdb,exact_sequence_match,True
O75155,/data/ranran/my_ptm/croton/data/structure_pipeline/pdb/O75155.pdb,exact_sequence_match,True
O75306,/data/ranran/my_ptm/croton/data/structure_pipeline/pdb/O75306.pdb,exact_sequence_match,True
O75334,/data/ranran/my_ptm/croton/data/structure_pipeline/pdb/O75334.pdb,exact_sequence_match,True
O75339,,missing_pdb,False
O75354,,missing_pdb,False
O75366,,missing_pdb,False
O75367,,missing_pdb,False
O75376,,missing_pdb,False
O75390,/data/ranran/my_ptm/croton/data/structure_pipeline/pdb/O75390.pdb,exact_sequence_match,True
O75391,/data/ranran/my_ptm/croton/data/structure_pipeline/pdb/O75391.pdb,exact_sequence_match,True
O75410,/data/ranran/my_ptm/croton/data/structure_pipeline/pdb/O75410.pdb,exact_sequence_match,True
O75420,/data/ranran/my_ptm/croton/data/structure_pipeline/pdb/O75420.pdb,exact_sequence_match,True
O75475,/data/ranran/my_ptm/croton/data/structure_pipeline/pdb/O75475.pdb,exact_sequence_match,True
O75528,,missing_pdb,False
O75530,,missing_pdb,False
O75533,/data/ranran/my_ptm/croton/data/structure_pipeline/pdb/O75533.pdb,exact_sequence_match,True
O75541,,missing_pdb,False
O75554,/data/ranran/my_ptm/croton/data/structure_pipeline/pdb/O75554.pdb,exact_sequence_match,True
O75635,,missing_pdb,False
O75665,/data/ranran/my_ptm/croton/data/structure_pipeline/pdb/O75665.pdb,exact_sequence_match,True
O75674,/data/ranran/my_ptm/croton/data/structure_pipeline/pdb/O75674.pdb,exact_sequence_match,True
O75691,,missing_pdb,False
O75694,/data/ranran/my_ptm/croton/data/structure_pipeline/pdb/O75694.pdb,exact_sequence_match,True
O75715,,missing_pdb,False
O75717,/data/ranran/my_ptm/croton/data/structure_pipeline/pdb/O75717.pdb,exact_sequence_match,True
O75746,/data/ranran/my_ptm/croton/data/structure_pipeline/pdb/O75746.pdb,exact_sequence_match,True
O75762,,missing_pdb,False
O75787,/data/ranran/my_ptm/croton/data/structure_pipeline/pdb/O75787.pdb,exact_sequence_match,True
O75792,/data/ranran/my_ptm/croton/data/structure_pipeline/pdb/O75792.pdb,exact_sequence_match,True
O75815,,missing_pdb,False
O75817,,missing_pdb,False
O75818,/data/ranran/my_ptm/croton/data/structure_pipeline/pdb/O75818.pdb,exact_sequence_match,True
O75821,/data/ranran/my_ptm/croton/data/structure_pipeline/pdb/O75821.pdb,exact_sequence_match,True
O75822,/data/ranran/my_ptm/croton/data/structure_pipeline/pdb/O75822.pdb,exact_sequence_match,True
O75881,,missing_pdb,False
O75882,,missing_pdb,False
O75891,,missing_pdb,False
O75955,,missing_pdb,False
O75964,/data/ranran/my_ptm/croton/data/structure_pipeline/pdb/O75964.pdb,exact_sequence_match,True
O75971,,missing_pdb,False
O76021,/data/ranran/my_ptm/croton/data/structure_pipeline/pdb/O76021.pdb,exact_sequence_match,True
O76031,,missing_pdb,False
O76041,,missing_pdb,False
O80628,,missing_pdb,False
O82234,,missing_pdb,False
O88737,,missing_pdb,False
O88935,,missing_pdb,False
O88974,,missing_pdb,False
O94761,,missing_pdb,False
O94762,,missing_pdb,False
O94763,,missing_pdb,False
O94810,,missing_pdb,False
O94811,,missing_pdb,False
O94830,,missing_pdb,False
O94850,,missing_pdb,False
O94851,,missing_pdb,False
O94856,,missing_pdb,False
O94906,/data/ranran/my_ptm/croton/data/structure_pipeline/pdb/O94906.pdb,exact_sequence_match,True
O94913,,missing_pdb,False
O94972,,missing_pdb,False
O94979,/data/ranran/my_ptm/croton/data/structure_pipeline/pdb/O94979.pdb,exact_sequence_match,True
O94986,,missing_pdb,False
O94992,/data/ranran/my_ptm/croton/data/structure_pipeline/pdb/O94992.pdb,exact_sequence_match,True
O95025,,missing_pdb,False
O95153,,missing_pdb,False
O95163,/data/ranran/my_ptm/croton/data/structure_pipeline/pdb/O95163.pdb,exact_sequence_match,True
O95171,,missing_pdb,False
O95197,/data/ranran/my_ptm/croton/data/structure_pipeline/pdb/O95197.pdb,exact_sequence_match,True
O95208,,missing_pdb,False
O95218,/data/ranran/my_ptm/croton/data/structure_pipeline/pdb/O95218.pdb,exact_sequence_match,True
O95219,,missing_pdb,False
O95248,,missing_pdb,False
O95249,,missing_pdb,False
O95251,/data/ranran/my_ptm/croton/data/structure_pipeline/pdb/O95251.pdb,exact_sequence_match,True
O95256,,missing_pdb,False
O95260,,missing_pdb,False
O95294,,missing_pdb,False
O95319,/data/ranran/my_ptm/croton/data/structure_pipeline/pdb/O95319.pdb,exact_sequence_match,True
O95342,,missing_pdb,False
O95347,/data/ranran/my_ptm/croton/data/structure_pipeline/pdb/O95347.pdb,exact_sequence_match,True
O95359,,missing_pdb,False
O95361,/data/ranran/my_ptm/croton/data/structure_pipeline/pdb/O95361.pdb,exact_sequence_match,True
O95373,/data/ranran/my_ptm/croton/data/structure_pipeline/pdb/O95373.pdb,exact_sequence_match,True
O95425,,missing_pdb,False
O95427,,missing_pdb,False
O95433,/data/ranran/my_ptm/croton/data/structure_pipeline/pdb/O95433.pdb,exact_sequence_match,True
O95456,/data/ranran/my_ptm/croton/data/structure_pipeline/pdb/O95456.pdb,exact_sequence_match,True
O95461,,missing_pdb,False
O95466,/data/ranran/my_ptm/croton/data/structure_pipeline/pdb/O95466.pdb,exact_sequence_match,True
O95470,/data/ranran/my_ptm/croton/data/structure_pipeline/pdb/O95470.pdb,exact_sequence_match,True
O95568,,missing_pdb,False
O95602,/data/ranran/my_ptm/croton/data/structure_pipeline/pdb/O95602.pdb,exact_sequence_match,True
O95639,,missing_pdb,False
O95707,/data/ranran/my_ptm/croton/data/structure_pipeline/pdb/O95707.pdb,exact_sequence_match,True
O95714,,missing_pdb,False
O95750,,missing_pdb,False
O95785,,missing_pdb,False
O95803,,missing_pdb,False
O95817,,missing_pdb,False
O95819,/data/ranran/my_ptm/croton/data/structure_pipeline/pdb/O95819.pdb,exact_sequence_match,True
O95835,,missing_pdb,False
O96013,,missing_pdb,False
O96019,,missing_pdb,False
P00107,,missing_pdb,False
P00338-2,,missing_pdb,False
P00338-3,,missing_pdb,False
P00338-4,,missing_pdb,False
P00367,/data/ranran/my_ptm/croton/data/structure_pipeline/pdb/P00367.pdb,exact_sequence_match,True
P00492,,missing_pdb,False
P00505,/data/ranran/my_ptm/croton/data/structure_pipeline/pdb/P00505.pdb,exact_sequence_match,True
P00558,/data/ranran/my_ptm/croton/data/structure_pipeline/pdb/P00558.pdb,exact_sequence_match,True
P00924,,missing_pdb,False
P00966,/data/ranran/my_ptm/croton/data/structure_pipeline/pdb/P00966.pdb,exact_sequence_match,True
P01111,,missing_pdb,False
P01241,,missing_pdb,False
P01599,,missing_pdb,False
P01861,,missing_pdb,False
P01942,,missing_pdb,False
P02317,,missing_pdb,False
P02407,,missing_pdb,False
P02545,/data/ranran/my_ptm/croton/data/structure_pipeline/pdb/P02545.pdb,exact_sequence_match,True
P02688,,missing_pdb,False
P02741,,missing_pdb,False
P02746,,missing_pdb,False
P02749,,missing_pdb,False
P02751,,missing_pdb,False
P02765,,missing_pdb,False
P02768,,missing_pdb,False
P02986,,missing_pdb,False
P03372,,missing_pdb,False
P03871,,missing_pdb,False
P04049,,missing_pdb,False
P04075-2,,missing_pdb,False
P04179,/data/ranran/my_ptm/croton/data/structure_pipeline/pdb/P04179.pdb,exact_sequence_match,True
P04179-4,,missing_pdb,False
P04233,,missing_pdb,False
P04264,,missing_pdb,False
P04370,,missing_pdb,False
P04406,/data/ranran/my_ptm/croton/data/structure_pipeline/pdb/P04406.pdb,exact_sequence_match,True
P04614,,missing_pdb,False
P04626,,missing_pdb,False
P04632,/data/ranran/my_ptm/croton/data/structure_pipeline/pdb/P04632.pdb,exact_sequence_match,True
P04637,,missing_pdb,False
P04637-7,,missing_pdb,False
P04920,/data/ranran/my_ptm/croton/data/structure_pipeline/pdb/P04920.pdb,exact_sequence_match,True
P05114,/data/ranran/my_ptm/croton/data/structure_pipeline/pdb/P05114.pdb,exact_sequence_match,True
P05141,/data/ranran/my_ptm/croton/data/structure_pipeline/pdb/P05141.pdb,exact_sequence_match,True
P05186,,missing_pdb,False
P05197,,missing_pdb,False
P05213,,missing_pdb,False
P05305,,missing_pdb,False
P05386,,missing_pdb,False
P05387,/data/ranran/my_ptm/croton/data/structure_pipeline/pdb/P05387.pdb,exact_sequence_match,True
P05388,/data/ranran/my_ptm/croton/data/structure_pipeline/pdb/P05388.pdb,exact_sequence_match,True
P05455,/data/ranran/my_ptm/croton/data/structure_pipeline/pdb/P05455.pdb,exact_sequence_match,True
P05712,,missing_pdb,False
P05747,,missing_pdb,False
P05813,,missing_pdb,False
P06102,,missing_pdb,False
P06213,/data/ranran/my_ptm/croton/data/structure_pipeline/pdb/P06213.pdb,exact_sequence_match,True
P06276,,missing_pdb,False
P06400,,missing_pdb,False
P06401,,missing_pdb,False
P06733-2,,missing_pdb,False
P06744-2,,missing_pdb,False
P06748,/data/ranran/my_ptm/croton/data/structure_pipeline/pdb/P06748.pdb,exact_sequence_match,True
P06753,/data/ranran/my_ptm/croton/data/structure_pipeline/pdb/P06753.pdb,exact_sequence_match,True
P06753-7,,missing_pdb,False
P07099,/data/ranran/my_ptm/croton/data/structure_pipeline/pdb/P07099.pdb,exact_sequence_match,True
P07237,/data/ranran/my_ptm/croton/data/structure_pipeline/pdb/P07237.pdb,exact_sequence_match,True
P07252,,missing_pdb,False
P07305,/data/ranran/my_ptm/croton/data/structure_pipeline/pdb/P07305.pdb,exact_sequence_match,True
P07310,,missing_pdb,False
P07355-2,,missing_pdb,False
P07357,,missing_pdb,False
P07384,/data/ranran/my_ptm/croton/data/structure_pipeline/pdb/P07384.pdb,exact_sequence_match,True
P07472,,missing_pdb,False
P07737,/data/ranran/my_ptm/croton/data/structure_pipeline/pdb/P07737.pdb,exact_sequence_match,True
P07814,/data/ranran/my_ptm/croton/data/structure_pipeline/pdb/P07814.pdb,exact_sequence_match,True
P07900-2,,missing_pdb,False
P07910,/data/ranran/my_ptm/croton/data/structure_pipeline/pdb/P07910.pdb,exact_sequence_match,True
P07954,/data/ranran/my_ptm/croton/data/structure_pipeline/pdb/P07954.pdb,exact_sequence_match,True
P08240,/data/ranran/my_ptm/croton/data/structure_pipeline/pdb/P08240.pdb,exact_sequence_match,True
P08243,/data/ranran/my_ptm/croton/data/structure_pipeline/pdb/P08243.pdb,exact_sequence_match,True
P08319,,missing_pdb,False
P08559,/data/ranran/my_ptm/croton/data/structure_pipeline/pdb/P08559.pdb,exact_sequence_match,True
P08579,,missing_pdb,False
P08621,/data/ranran/my_ptm/croton/data/structure_pipeline/pdb/P08621.pdb,exact_sequence_match,True
P08775,,missing_pdb,False
P08779,,missing_pdb,False
P08865,/data/ranran/my_ptm/croton/data/structure_pipeline/pdb/P08865.pdb,exact_sequence_match,True
P09211,/data/ranran/my_ptm/croton/data/structure_pipeline/pdb/P09211.pdb,exact_sequence_match,True
P09417,,missing_pdb,False
P09429,,missing_pdb,False
P09496,/data/ranran/my_ptm/croton/data/structure_pipeline/pdb/P09496.pdb,exact_sequence_match,True
P09543,/data/ranran/my_ptm/croton/data/structure_pipeline/pdb/P09543.pdb,exact_sequence_match,True
P09564,,missing_pdb,False
P09622,/data/ranran/my_ptm/croton/data/structure_pipeline/pdb/P09622.pdb,exact_sequence_match,True
P09651-3,,missing_pdb,False
P09661,/data/ranran/my_ptm/croton/data/structure_pipeline/pdb/P09661.pdb,exact_sequence_match,True
P09874,/data/ranran/my_ptm/croton/data/structure_pipeline/pdb/P09874.pdb,exact_sequence_match,True
P09884,/data/ranran/my_ptm/croton/data/structure_pipeline/pdb/P09884.pdb,exact_sequence_match,True
P09913,,missing_pdb,False
P0A6B7,,missing_pdb,False
P0C0V8,,missing_pdb,False
P0C2H6,,missing_pdb,False
P0C7V9,,missing_pdb,False
P0CB26,,missing_pdb,False
P0CB48,,missing_pdb,False
P0CG12,,missing_pdb,False
P0CG47,,missing_pdb,False
P0CG48,/data/ranran/my_ptm/croton/data/structure_pipeline/pdb/P0CG48.pdb,exact_sequence_match,True
P0CX32,,missing_pdb,False
P0CX43,,missing_pdb,False
P0CX49,,missing_pdb,False
P0CX55,,missing_pdb,False
P0DME0,,missing_pdb,False
P0DN76,,missing_pdb,False
P10071,,missing_pdb,False
P10155,/data/ranran/my_ptm/croton/data/structure_pipeline/pdb/P10155.pdb,exact_sequence_match,True
P10242,,missing_pdb,False
P10275-2,,missing_pdb,False
P10321,/data/ranran/my_ptm/croton/data/structure_pipeline/pdb/P10321.pdb,exact_sequence_match,True
P10599,,missing_pdb,False
P10600,,missing_pdb,False
P10619,,missing_pdb,False
P10636,,missing_pdb,False
P10636-8,,missing_pdb,False
P10745,,missing_pdb,False
P10809,/data/ranran/my_ptm/croton/data/structure_pipeline/pdb/P10809.pdb,exact_sequence_match,True
P10896,,missing_pdb,False
P10914,,missing_pdb,False
P11035,,missing_pdb,False
P11101,,missing_pdb,False
P11142-2,,missing_pdb,False
P11171,,missing_pdb,False
P11182,,missing_pdb,False
P11279,,missing_pdb,False
P11387,/data/ranran/my_ptm/croton/data/structure_pipeline/pdb/P11387.pdb,exact_sequence_match,True
P11416,,missing_pdb,False
P11442,,missing_pdb,False
P11678,,missing_pdb,False
P11908,/data/ranran/my_ptm/croton/data/structure_pipeline/pdb/P11908.pdb,exact_sequence_match,True
P12081,/data/ranran/my_ptm/croton/data/structure_pipeline/pdb/P12081.pdb,exact_sequence_match,True
P12270,/data/ranran/my_ptm/croton/data/structure_pipeline/pdb/P12270.pdb,exact_sequence_match,True
P12757,,missing_pdb,False
P12956,/data/ranran/my_ptm/croton/data/structure_pipeline/pdb/P12956.pdb,exact_sequence_match,True
P13010,/data/ranran/my_ptm/croton/data/structure_pipeline/pdb/P13010.pdb,exact_sequence_match,True
P13073,/data/ranran/my_ptm/croton/data/structure_pipeline/pdb/P13073.pdb,exact_sequence_match,True
P13114,,missing_pdb,False
P13123,,missing_pdb,False
P13595,,missing_pdb,False
P13611,,missing_pdb,False
P13682,,missing_pdb,False
P13693,/data/ranran/my_ptm/croton/data/structure_pipeline/pdb/P13693.pdb,exact_sequence_match,True
P13726,,missing_pdb,False
P13797,/data/ranran/my_ptm/croton/data/structure_pipeline/pdb/P13797.pdb,exact_sequence_match,True
P13798,,missing_pdb,False
P13861,,missing_pdb,False
P13984,/data/ranran/my_ptm/croton/data/structure_pipeline/pdb/P13984.pdb,exact_sequence_match,True
P14091,,missing_pdb,False
P14207,,missing_pdb,False
P14314,/data/ranran/my_ptm/croton/data/structure_pipeline/pdb/P14314.pdb,exact_sequence_match,True
P14680,,missing_pdb,False
P14909,,missing_pdb,False
P15019,,missing_pdb,False
P15170,,missing_pdb,False
P15170-3,,missing_pdb,False
P15172,,missing_pdb,False
P15311,/data/ranran/my_ptm/croton/data/structure_pipeline/pdb/P15311.pdb,exact_sequence_match,True
P15408,/data/ranran/my_ptm/croton/data/structure_pipeline/pdb/P15408.pdb,exact_sequence_match,True
P15531-2,,missing_pdb,False
P15880,/data/ranran/my_ptm/croton/data/structure_pipeline/pdb/P15880.pdb,exact_sequence_match,True
P15924,,missing_pdb,False
P16104,,missing_pdb,False
P16278,/data/ranran/my_ptm/croton/data/structure_pipeline/pdb/P16278.pdb,exact_sequence_match,True
P16435,/data/ranran/my_ptm/croton/data/structure_pipeline/pdb/P16435.pdb,exact_sequence_match,True
P16452,,missing_pdb,False
P16499,,missing_pdb,False
P16521,,missing_pdb,False
P16862,,missing_pdb,False
P16870,,missing_pdb,False
P16930,,missing_pdb,False
P16989,/data/ranran/my_ptm/croton/data/structure_pipeline/pdb/P16989.pdb,exact_sequence_match,True
P17028,,missing_pdb,False
P17096,/data/ranran/my_ptm/croton/data/structure_pipeline/pdb/P17096.pdb,exact_sequence_match,True
P17096-3,,missing_pdb,False
P17480,/data/ranran/my_ptm/croton/data/structure_pipeline/pdb/P17480.pdb,exact_sequence_match,True
P17568,/data/ranran/my_ptm/croton/data/structure_pipeline/pdb/P17568.pdb,exact_sequence_match,True
P17661,,missing_pdb,False
P17677,,missing_pdb,False
P17751,,missing_pdb,False
P17812,/data/ranran/my_ptm/croton/data/structure_pipeline/pdb/P17812.pdb,exact_sequence_match,True
P17883,,missing_pdb,False
P17927,,missing_pdb,False
P17948,,missing_pdb,False
P18077,/data/ranran/my_ptm/croton/data/structure_pipeline/pdb/P18077.pdb,exact_sequence_match,True
P18124,/data/ranran/my_ptm/croton/data/structure_pipeline/pdb/P18124.pdb,exact_sequence_match,True
P18281,,missing_pdb,False
P18621,/data/ranran/my_ptm/croton/data/structure_pipeline/pdb/P18621.pdb,exact_sequence_match,True
P18669,/data/ranran/my_ptm/croton/data/structure_pipeline/pdb/P18669.pdb,exact_sequence_match,True
P18858,/data/ranran/my_ptm/croton/data/structure_pipeline/pdb/P18858.pdb,exact_sequence_match,True
P18961,,missing_pdb,False
P19338,/data/ranran/my_ptm/croton/data/structure_pipeline/pdb/P19338.pdb,exact_sequence_match,True
P19367,/data/ranran/my_ptm/croton/data/structure_pipeline/pdb/P19367.pdb,exact_sequence_match,True
P19429,,missing_pdb,False
P19525,/data/ranran/my_ptm/croton/data/structure_pipeline/pdb/P19525.pdb,exact_sequence_match,True
P19532,/data/ranran/my_ptm/croton/data/structure_pipeline/pdb/P19532.pdb,exact_sequence_match,True
P19622,,missing_pdb,False
P19801,,missing_pdb,False
P19984,,missing_pdb,False
P20042,/data/ranran/my_ptm/croton/data/structure_pipeline/pdb/P20042.pdb,exact_sequence_match,True
P20290,/data/ranran/my_ptm/croton/data/structure_pipeline/pdb/P20290.pdb,exact_sequence_match,True
P20290-2,,missing_pdb,False
P20309,,missing_pdb,False
P20357,,missing_pdb,False
P20585,/data/ranran/my_ptm/croton/data/structure_pipeline/pdb/P20585.pdb,exact_sequence_match,True
P20648,,missing_pdb,False
P20749,,missing_pdb,False
P20810,/data/ranran/my_ptm/croton/data/structure_pipeline/pdb/P20810.pdb,exact_sequence_match,True
P20929,,missing_pdb,False
P21127,/data/ranran/my_ptm/croton/data/structure_pipeline/pdb/P21127.pdb,exact_sequence_match,True
P21359,,missing_pdb,False
P21549,,missing_pdb,False
P21734,,missing_pdb,False
P21757,,missing_pdb,False
P21796,,missing_pdb,False
P21817,,missing_pdb,False
P21854,,missing_pdb,False
P21860,,missing_pdb,False
P21926,/data/ranran/my_ptm/croton/data/structure_pipeline/pdb/P21926.pdb,exact_sequence_match,True
P22082,,missing_pdb,False
P22087,/data/ranran/my_ptm/croton/data/structure_pipeline/pdb/P22087.pdb,exact_sequence_match,True
P22090,/data/ranran/my_ptm/croton/data/structure_pipeline/pdb/P22090.pdb,exact_sequence_match,True
P22102,/data/ranran/my_ptm/croton/data/structure_pipeline/pdb/P22102.pdb,exact_sequence_match,True
P22138,,missing_pdb,False
P22314,/data/ranran/my_ptm/croton/data/structure_pipeline/pdb/P22314.pdb,exact_sequence_match,True
P22354,,missing_pdb,False
P22392-2,,missing_pdb,False
P22498,,missing_pdb,False
P22579,,missing_pdb,False
P22695,/data/ranran/my_ptm/croton/data/structure_pipeline/pdb/P22695.pdb,exact_sequence_match,True
P23193,/data/ranran/my_ptm/croton/data/structure_pipeline/pdb/P23193.pdb,exact_sequence_match,True
P23246,/data/ranran/my_ptm/croton/data/structure_pipeline/pdb/P23246.pdb,exact_sequence_match,True
P23249,,missing_pdb,False
P23284,,missing_pdb,False
P23469,,missing_pdb,False
P23497,/data/ranran/my_ptm/croton/data/structure_pipeline/pdb/P23497.pdb,exact_sequence_match,True
P23508,,missing_pdb,False
P23528,/data/ranran/my_ptm/croton/data/structure_pipeline/pdb/P23528.pdb,exact_sequence_match,True
P23588,/data/ranran/my_ptm/croton/data/structure_pipeline/pdb/P23588.pdb,exact_sequence_match,True
P23921,/data/ranran/my_ptm/croton/data/structure_pipeline/pdb/P23921.pdb,exact_sequence_match,True
P24043,,missing_pdb,False
P24347,,missing_pdb,False
P24385,,missing_pdb,False
P24534,,missing_pdb,False
P25054,,missing_pdb,False
P25089,,missing_pdb,False
P25092,,missing_pdb,False
P25105,,missing_pdb,False
P25386,,missing_pdb,False
P25398,/data/ranran/my_ptm/croton/data/structure_pipeline/pdb/P25398.pdb,exact_sequence_match,True
P25445,,missing_pdb,False
P25490,/data/ranran/my_ptm/croton/data/structure_pipeline/pdb/P25490.pdb,exact_sequence_match,True
P25686,,missing_pdb,False
P25786,/data/ranran/my_ptm/croton/data/structure_pipeline/pdb/P25786.pdb,exact_sequence_match,True
P25789,/data/ranran/my_ptm/croton/data/structure_pipeline/pdb/P25789.pdb,exact_sequence_match,True
P26358-2,,missing_pdb,False
P26367,,missing_pdb,False
P26368,/data/ranran/my_ptm/croton/data/structure_pipeline/pdb/P26368.pdb,exact_sequence_match,True
P26373,/data/ranran/my_ptm/croton/data/structure_pipeline/pdb/P26373.pdb,exact_sequence_match,True
P26373-2,,missing_pdb,False
P26641,/data/ranran/my_ptm/croton/data/structure_pipeline/pdb/P26641.pdb,exact_sequence_match,True
P27361,/data/ranran/my_ptm/croton/data/structure_pipeline/pdb/P27361.pdb,exact_sequence_match,True
P27635,/data/ranran/my_ptm/croton/data/structure_pipeline/pdb/P27635.pdb;/data/ranran/my_ptm/croton/data/structure_pipeline/pdb/AF-P27635-F1-model_v6.pdb,sequence_mismatch,False
P27694,/data/ranran/my_ptm/croton/data/structure_pipeline/pdb/P27694.pdb,exact_sequence_match,True
P27695,/data/ranran/my_ptm/croton/data/structure_pipeline/pdb/P27695.pdb,exact_sequence_match,True
P27708,/data/ranran/my_ptm/croton/data/structure_pipeline/pdb/P27708.pdb,exact_sequence_match,True
P27816,/data/ranran/my_ptm/croton/data/structure_pipeline/pdb/P27816.pdb,exact_sequence_match,True
P27824-2,,missing_pdb,False
P28290,,missing_pdb,False
P28328,,missing_pdb,False
P28715,/data/ranran/my_ptm/croton/data/structure_pipeline/pdb/P28715.pdb,exact_sequence_match,True
P28845,,missing_pdb,False
P29033,,missing_pdb,False
P29083,/data/ranran/my_ptm/croton/data/structure_pipeline/pdb/P29083.pdb,exact_sequence_match,True
P29084,/data/ranran/my_ptm/croton/data/structure_pipeline/pdb/P29084.pdb,exact_sequence_match,True
P29401-2,,missing_pdb,False
P29474,,missing_pdb,False
P29536,,missing_pdb,False
P29590,,missing_pdb,False
P29966,/data/ranran/my_ptm/croton/data/structure_pipeline/pdb/P29966.pdb,exact_sequence_match,True
P29973,,missing_pdb,False
P30038,,missing_pdb,False
P30041,/data/ranran/my_ptm/croton/data/structure_pipeline/pdb/P30041.pdb,exact_sequence_match,True
P30046,,missing_pdb,False
P30085,/data/ranran/my_ptm/croton/data/structure_pipeline/pdb/P30085.pdb,exact_sequence_match,True
P30273,,missing_pdb,False
P30291,,missing_pdb,False
P30414,/data/ranran/my_ptm/croton/data/structure_pipeline/pdb/P30414.pdb,exact_sequence_match,True
P30542,,missing_pdb,False
P30613,/data/ranran/my_ptm/croton/data/structure_pipeline/pdb/P30613.pdb,exact_sequence_match,True
P31040,/data/ranran/my_ptm/croton/data/structure_pipeline/pdb/P31040.pdb,exact_sequence_match,True
P31040-3,,missing_pdb,False
P31150,/data/ranran/my_ptm/croton/data/structure_pipeline/pdb/P31150.pdb,exact_sequence_match,True
P31327,,missing_pdb,False
P31629,,missing_pdb,False
P31749,,missing_pdb,False
P31942,,missing_pdb,False
P31943,/data/ranran/my_ptm/croton/data/structure_pipeline/pdb/P31943.pdb,exact_sequence_match,True
P31948-2,,missing_pdb,False
P31997,,missing_pdb,False
P32131,,missing_pdb,False
P32497,,missing_pdb,False
P32565,,missing_pdb,False
P32660,,missing_pdb,False
P32780,/data/ranran/my_ptm/croton/data/structure_pipeline/pdb/P32780.pdb,exact_sequence_match,True
P32856,,missing_pdb,False
P33304,,missing_pdb,False
P33892,,missing_pdb,False
P33981,,missing_pdb,False
P33993,/data/ranran/my_ptm/croton/data/structure_pipeline/pdb/P33993.pdb,exact_sequence_match,True
P34897,/data/ranran/my_ptm/croton/data/structure_pipeline/pdb/P34897.pdb,exact_sequence_match,True
P34947,,missing_pdb,False
P35221,,missing_pdb,False
P35222,/data/ranran/my_ptm/croton/data/structure_pipeline/pdb/P35222.pdb,exact_sequence_match,True
P35249,/data/ranran/my_ptm/croton/data/structure_pipeline/pdb/P35249.pdb,exact_sequence_match,True
P35251,/data/ranran/my_ptm/croton/data/structure_pipeline/pdb/P35251.pdb,exact_sequence_match,True
P35268,/data/ranran/my_ptm/croton/data/structure_pipeline/pdb/P35268.pdb,exact_sequence_match,True
P35321,,missing_pdb,False
P35398,,missing_pdb,False
P35498,,missing_pdb,False
P35556,,missing_pdb,False
P35579-2,,missing_pdb,False
P35637,,missing_pdb,False
P35658,/data/ranran/my_ptm/croton/data/structure_pipeline/pdb/P35658.pdb,exact_sequence_match,True
P35659,/data/ranran/my_ptm/croton/data/structure_pipeline/pdb/P35659.pdb,exact_sequence_match,True
P35914,/data/ranran/my_ptm/croton/data/structure_pipeline/pdb/P35914.pdb,exact_sequence_match,True
P36048,,missing_pdb,False
P36212,,missing_pdb,False
P36383,,missing_pdb,False
P36528,,missing_pdb,False
P36578,/data/ranran/my_ptm/croton/data/structure_pipeline/pdb/P36578.pdb,exact_sequence_match,True
P36955,,missing_pdb,False
P36956,,missing_pdb,False
P37108,/data/ranran/my_ptm/croton/data/structure_pipeline/pdb/P37108.pdb,exact_sequence_match,True
P37231,,missing_pdb,False
P37235,/data/ranran/my_ptm/croton/data/structure_pipeline/pdb/P37235.pdb,exact_sequence_match,True
P38117,/data/ranran/my_ptm/croton/data/structure_pipeline/pdb/P38117.pdb,exact_sequence_match,True
P38117-2,,missing_pdb,False
P38121,,missing_pdb,False
P38144,,missing_pdb,False
P38159,,missing_pdb,False
P38249,,missing_pdb,False
P38328,,missing_pdb,False
P38420,,missing_pdb,False
P38432,,missing_pdb,False
P38605,,missing_pdb,False
P38606,/data/ranran/my_ptm/croton/data/structure_pipeline/pdb/P38606.pdb,exact_sequence_match,True
P38646,/data/ranran/my_ptm/croton/data/structure_pipeline/pdb/P38646.pdb,exact_sequence_match,True
P39086,,missing_pdb,False
P39687,,missing_pdb,False
P39688,,missing_pdb,False
P39744,,missing_pdb,False
P39748,/data/ranran/my_ptm/croton/data/structure_pipeline/pdb/P39748.pdb,exact_sequence_match,True
P40018,,missing_pdb,False
P40069,,missing_pdb,False
P40123,/data/ranran/my_ptm/croton/data/structure_pipeline/pdb/P40123.pdb,exact_sequence_match,True
P40189,,missing_pdb,False
P40261,,missing_pdb,False
P40429,/data/ranran/my_ptm/croton/data/structure_pipeline/pdb/P40429.pdb,exact_sequence_match,True
P40763,/data/ranran/my_ptm/croton/data/structure_pipeline/pdb/P40763.pdb,exact_sequence_match,True
P40818,/data/ranran/my_ptm/croton/data/structure_pipeline/pdb/P40818.pdb,exact_sequence_match,True
P40925,/data/ranran/my_ptm/croton/data/structure_pipeline/pdb/P40925.pdb,exact_sequence_match,True
P40938,/data/ranran/my_ptm/croton/data/structure_pipeline/pdb/P40938.pdb,exact_sequence_match,True
P40990,,missing_pdb,False
P41091,/data/ranran/my_ptm/croton/data/structure_pipeline/pdb/P41091.pdb,exact_sequence_match,True
P41134,,missing_pdb,False
P41208,/data/ranran/my_ptm/croton/data/structure_pipeline/pdb/P41208.pdb,exact_sequence_match,True
P41252,/data/ranran/my_ptm/croton/data/structure_pipeline/pdb/P41252.pdb,exact_sequence_match,True
P41814,,missing_pdb,False
P42166,/data/ranran/my_ptm/croton/data/structure_pipeline/pdb/P42166.pdb,exact_sequence_match,True
P42167,,missing_pdb,False
P42338,,missing_pdb,False
P42566,/data/ranran/my_ptm/croton/data/structure_pipeline/pdb/P42566.pdb,exact_sequence_match,True
P42568,,missing_pdb,False
P42677,/data/ranran/my_ptm/croton/data/structure_pipeline/pdb/P42677.pdb,exact_sequence_match,True
P42684,/data/ranran/my_ptm/croton/data/structure_pipeline/pdb/P42684.pdb,exact_sequence_match,True
P42694,,missing_pdb,False
P43155,/data/ranran/my_ptm/croton/data/structure_pipeline/pdb/P43155.pdb,exact_sequence_match,True
P43243,/data/ranran/my_ptm/croton/data/structure_pipeline/pdb/P43243.pdb,exact_sequence_match,True
P43246,/data/ranran/my_ptm/croton/data/structure_pipeline/pdb/P43246.pdb,exact_sequence_match,True
P43286,,missing_pdb,False
P43304,/data/ranran/my_ptm/croton/data/structure_pipeline/pdb/P43304.pdb,exact_sequence_match,True
P43487,,missing_pdb,False
P43535,,missing_pdb,False
P43686,,missing_pdb,False
P45573,,missing_pdb,False
P45973,/data/ranran/my_ptm/croton/data/structure_pipeline/pdb/P45973.pdb,exact_sequence_match,True
P45985,,missing_pdb,False
P46013,,missing_pdb,False
P46060,/data/ranran/my_ptm/croton/data/structure_pipeline/pdb/P46060.pdb,exact_sequence_match,True
P46063,/data/ranran/my_ptm/croton/data/structure_pipeline/pdb/P46063.pdb,exact_sequence_match,True
P46087,/data/ranran/my_ptm/croton/data/structure_pipeline/pdb/P46087.pdb,exact_sequence_match,True
P46100,/data/ranran/my_ptm/croton/data/structure_pipeline/pdb/P46100.pdb;/data/ranran/my_ptm/croton/data/structure_pipeline/pdb/AF-P46100-F1-model_v6.pdb,sequence_mismatch,False
P46460,,missing_pdb,False
P46776,/data/ranran/my_ptm/croton/data/structure_pipeline/pdb/P46776.pdb,exact_sequence_match,True
P46777,/data/ranran/my_ptm/croton/data/structure_pipeline/pdb/P46777.pdb,exact_sequence_match,True
P46778,/data/ranran/my_ptm/croton/data/structure_pipeline/pdb/P46778.pdb,exact_sequence_match,True
P46779,/data/ranran/my_ptm/croton/data/structure_pipeline/pdb/P46779.pdb,exact_sequence_match,True
P46781,/data/ranran/my_ptm/croton/data/structure_pipeline/pdb/P46781.pdb,exact_sequence_match,True
P46783,,missing_pdb,False
P46937,/data/ranran/my_ptm/croton/data/structure_pipeline/pdb/P46937.pdb,exact_sequence_match,True
P46939,,missing_pdb,False
P46940,/data/ranran/my_ptm/croton/data/structure_pipeline/pdb/P46940.pdb,exact_sequence_match,True
P46984,,missing_pdb,False
P47118,,missing_pdb,False
P47712,/data/ranran/my_ptm/croton/data/structure_pipeline/pdb/P47712.pdb,exact_sequence_match,True
P47755,/data/ranran/my_ptm/croton/data/structure_pipeline/pdb/P47755.pdb,exact_sequence_match,True
P47813,,missing_pdb,False
P47897,/data/ranran/my_ptm/croton/data/structure_pipeline/pdb/P47897.pdb,exact_sequence_match,True
P47915,,missing_pdb,False
P47989,,missing_pdb,False
P48201,,missing_pdb,False
P48382,,missing_pdb,False
P48443,,missing_pdb,False
P48444,/data/ranran/my_ptm/croton/data/structure_pipeline/pdb/P48444.pdb,exact_sequence_match,True
P48634,/data/ranran/my_ptm/croton/data/structure_pipeline/pdb/P48634.pdb,exact_sequence_match,True
P48637,/data/ranran/my_ptm/croton/data/structure_pipeline/pdb/P48637.pdb,exact_sequence_match,True
P48735,/data/ranran/my_ptm/croton/data/structure_pipeline/pdb/P48735.pdb,exact_sequence_match,True
P48739,/data/ranran/my_ptm/croton/data/structure_pipeline/pdb/P48739.pdb,exact_sequence_match,True
P49223,,missing_pdb,False
P49321,/data/ranran/my_ptm/croton/data/structure_pipeline/pdb/P49321.pdb,exact_sequence_match,True
P49411,/data/ranran/my_ptm/croton/data/structure_pipeline/pdb/P49411.pdb;/data/ranran/my_ptm/croton/data/structure_pipeline/pdb/AF-P49411-F1-model_v6.pdb,sequence_mismatch,False
P49662,/data/ranran/my_ptm/croton/data/structure_pipeline/pdb/P49662.pdb,exact_sequence_match,True
P49711,/data/ranran/my_ptm/croton/data/structure_pipeline/pdb/P49711.pdb,exact_sequence_match,True
P49748,/data/ranran/my_ptm/croton/data/structure_pipeline/pdb/P49748.pdb,exact_sequence_match,True
P49750,/data/ranran/my_ptm/croton/data/structure_pipeline/pdb/P49750.pdb,exact_sequence_match,True
P49754,/data/ranran/my_ptm/croton/data/structure_pipeline/pdb/P49754.pdb,exact_sequence_match,True
P49756,/data/ranran/my_ptm/croton/data/structure_pipeline/pdb/P49756.pdb,exact_sequence_match,True
P49773,/data/ranran/my_ptm/croton/data/structure_pipeline/pdb/P49773.pdb,exact_sequence_match,True
P49790,/data/ranran/my_ptm/croton/data/structure_pipeline/pdb/P49790.pdb,exact_sequence_match,True
P49792,,missing_pdb,False
P49815,,missing_pdb,False
P49841,,missing_pdb,False
P49848,,missing_pdb,False
P49914,/data/ranran/my_ptm/croton/data/structure_pipeline/pdb/P49914.pdb,exact_sequence_match,True
P49916,/data/ranran/my_ptm/croton/data/structure_pipeline/pdb/P49916.pdb,exact_sequence_match,True
P49917,,missing_pdb,False
P50238,,missing_pdb,False
P50406,,missing_pdb,False
P50454,/data/ranran/my_ptm/croton/data/structure_pipeline/pdb/P50454.pdb,exact_sequence_match,True
P50548,/data/ranran/my_ptm/croton/data/structure_pipeline/pdb/P50548.pdb,exact_sequence_match,True
P50553,,missing_pdb,False
P50554,,missing_pdb,False
P50579,/data/ranran/my_ptm/croton/data/structure_pipeline/pdb/P50579.pdb,exact_sequence_match,True
P50750,,missing_pdb,False
P50914,/data/ranran/my_ptm/croton/data/structure_pipeline/pdb/P50914.pdb,exact_sequence_match,True
P50995,/data/ranran/my_ptm/croton/data/structure_pipeline/pdb/P50995.pdb,exact_sequence_match,True
P51114,,missing_pdb,False
P51504,,missing_pdb,False
P51553,,missing_pdb,False
P51587,,missing_pdb,False
P51608,,missing_pdb,False
P51610,/data/ranran/my_ptm/croton/data/structure_pipeline/pdb/P51610.pdb,exact_sequence_match,True
P51648,/data/ranran/my_ptm/croton/data/structure_pipeline/pdb/P51648.pdb,exact_sequence_match,True
P51797,,missing_pdb,False
P51948,,missing_pdb,False
P51957,,missing_pdb,False
P51991,/data/ranran/my_ptm/croton/data/structure_pipeline/pdb/P51991.pdb,exact_sequence_match,True
P52143,,missing_pdb,False
P52272,/data/ranran/my_ptm/croton/data/structure_pipeline/pdb/P52272.pdb,exact_sequence_match,True
P52298,/data/ranran/my_ptm/croton/data/structure_pipeline/pdb/P52298.pdb,exact_sequence_match,True
P52429,,missing_pdb,False
P52564,,missing_pdb,False
P52565,/data/ranran/my_ptm/croton/data/structure_pipeline/pdb/P52565.pdb,exact_sequence_match,True
P52594,/data/ranran/my_ptm/croton/data/structure_pipeline/pdb/P52594.pdb,exact_sequence_match,True
P52701,/data/ranran/my_ptm/croton/data/structure_pipeline/pdb/P52701.pdb,exact_sequence_match,True
P52739,,missing_pdb,False
P52746,,missing_pdb,False
P52747,,missing_pdb,False
P52926,,missing_pdb,False
P52948,/data/ranran/my_ptm/croton/data/structure_pipeline/pdb/P52948.pdb,exact_sequence_match,True
P53004,/data/ranran/my_ptm/croton/data/structure_pipeline/pdb/P53004.pdb,exact_sequence_match,True
P53007,/data/ranran/my_ptm/croton/data/structure_pipeline/pdb/P53007.pdb,exact_sequence_match,True
P53254,,missing_pdb,False
P53267,,missing_pdb,False
P53396,/data/ranran/my_ptm/croton/data/structure_pipeline/pdb/P53396.pdb,exact_sequence_match,True
P53674,,missing_pdb,False
P53814,,missing_pdb,False
P53985,/data/ranran/my_ptm/croton/data/structure_pipeline/pdb/P53985.pdb,exact_sequence_match,True
P53991,,missing_pdb,False
P54098,,missing_pdb,False
P54132,,missing_pdb,False
P54136,/data/ranran/my_ptm/croton/data/structure_pipeline/pdb/P54136.pdb,exact_sequence_match,True
P54277,,missing_pdb,False
P54619,,missing_pdb,False
P54826,,missing_pdb,False
P54868,,missing_pdb,False
P54886,/data/ranran/my_ptm/croton/data/structure_pipeline/pdb/P54886.pdb,exact_sequence_match,True
P55008,/data/ranran/my_ptm/croton/data/structure_pipeline/pdb/P55008.pdb,exact_sequence_match,True
P55010,/data/ranran/my_ptm/croton/data/structure_pipeline/pdb/P55010.pdb,exact_sequence_match,True
P55011,/data/ranran/my_ptm/croton/data/structure_pipeline/pdb/P55011.pdb,exact_sequence_match,True
P55034,,missing_pdb,False
P55087,,missing_pdb,False
P55196,,missing_pdb,False
P55197,,missing_pdb,False
P55199,,missing_pdb,False
P55201,,missing_pdb,False
P55210,/data/ranran/my_ptm/croton/data/structure_pipeline/pdb/P55210.pdb,exact_sequence_match,True
P55265,/data/ranran/my_ptm/croton/data/structure_pipeline/pdb/P55265.pdb,exact_sequence_match,True
P55268,,missing_pdb,False
P55289,,missing_pdb,False
P55735-3,,missing_pdb,False
P55769,/data/ranran/my_ptm/croton/data/structure_pipeline/pdb/P55769.pdb,exact_sequence_match,True
P55821,,missing_pdb,False
P55854,/data/ranran/my_ptm/croton/data/structure_pipeline/pdb/P55854.pdb,exact_sequence_match,True
P55907,,missing_pdb,False
P56645,,missing_pdb,False
P56778,,missing_pdb,False
P56805,,missing_pdb,False
P57073,,missing_pdb,False
P57076,/data/ranran/my_ptm/croton/data/structure_pipeline/pdb/P57076.pdb,exact_sequence_match,True
P57740,/data/ranran/my_ptm/croton/data/structure_pipeline/pdb/P57740.pdb,exact_sequence_match,True
P57772,,missing_pdb,False
P57773,,missing_pdb,False
P58317,,missing_pdb,False
P58397,,missing_pdb,False
P59773,,missing_pdb,False
P60008,,missing_pdb,False
P60866,/data/ranran/my_ptm/croton/data/structure_pipeline/pdb/P60866.pdb,exact_sequence_match,True
P60900-3,,missing_pdb,False
P61011,/data/ranran/my_ptm/croton/data/structure_pipeline/pdb/P61011.pdb,exact_sequence_match,True
P61024,,missing_pdb,False
P61081,/data/ranran/my_ptm/croton/data/structure_pipeline/pdb/P61081.pdb,exact_sequence_match,True
P61244,,missing_pdb,False
P61247,/data/ranran/my_ptm/croton/data/structure_pipeline/pdb/P61247.pdb,exact_sequence_match,True
P61254,/data/ranran/my_ptm/croton/data/structure_pipeline/pdb/P61254.pdb,exact_sequence_match,True
P61289,/data/ranran/my_ptm/croton/data/structure_pipeline/pdb/P61289.pdb,exact_sequence_match,True
P61326,,missing_pdb,False
P61406,,missing_pdb,False
P61513,,missing_pdb,False
P61604,/data/ranran/my_ptm/croton/data/structure_pipeline/pdb/P61604.pdb,exact_sequence_match,True
P61764,/data/ranran/my_ptm/croton/data/structure_pipeline/pdb/P61764.pdb,exact_sequence_match,True
P61769,/data/ranran/my_ptm/croton/data/structure_pipeline/pdb/P61769.pdb,exact_sequence_match,True
P61927,/data/ranran/my_ptm/croton/data/structure_pipeline/pdb/P61927.pdb,exact_sequence_match,True
P61964,/data/ranran/my_ptm/croton/data/structure_pipeline/pdb/P61964.pdb,exact_sequence_match,True
P61978,/data/ranran/my_ptm/croton/data/structure_pipeline/pdb/P61978.pdb,exact_sequence_match,True
P62081,/data/ranran/my_ptm/croton/data/structure_pipeline/pdb/P62081.pdb,exact_sequence_match,True
P62136,/data/ranran/my_ptm/croton/data/structure_pipeline/pdb/P62136.pdb,exact_sequence_match,True
P62214,,missing_pdb,False
P62249,/data/ranran/my_ptm/croton/data/structure_pipeline/pdb/P62249.pdb,exact_sequence_match,True
P62258,/data/ranran/my_ptm/croton/data/structure_pipeline/pdb/P62258.pdb,exact_sequence_match,True
P62273,/data/ranran/my_ptm/croton/data/structure_pipeline/pdb/P62273.pdb,exact_sequence_match,True
P62280,/data/ranran/my_ptm/croton/data/structure_pipeline/pdb/P62280.pdb,exact_sequence_match,True
P62304,/data/ranran/my_ptm/croton/data/structure_pipeline/pdb/P62304.pdb,exact_sequence_match,True
P62318,/data/ranran/my_ptm/croton/data/structure_pipeline/pdb/P62318.pdb,exact_sequence_match,True
P62328,,missing_pdb,False
P62424,/data/ranran/my_ptm/croton/data/structure_pipeline/pdb/P62424.pdb,exact_sequence_match,True
P62495,/data/ranran/my_ptm/croton/data/structure_pipeline/pdb/P62495.pdb,exact_sequence_match,True
P62502,,missing_pdb,False
P62633,/data/ranran/my_ptm/croton/data/structure_pipeline/pdb/P62633.pdb,exact_sequence_match,True
P62753,/data/ranran/my_ptm/croton/data/structure_pipeline/pdb/P62753.pdb,exact_sequence_match,True
P62826,/data/ranran/my_ptm/croton/data/structure_pipeline/pdb/P62826.pdb,exact_sequence_match,True
P62841,/data/ranran/my_ptm/croton/data/structure_pipeline/pdb/P62841.pdb,exact_sequence_match,True
P62847-4,,missing_pdb,False
P62851,/data/ranran/my_ptm/croton/data/structure_pipeline/pdb/P62851.pdb,exact_sequence_match,True
P62854,/data/ranran/my_ptm/croton/data/structure_pipeline/pdb/P62854.pdb,exact_sequence_match,True
P62888,/data/ranran/my_ptm/croton/data/structure_pipeline/pdb/P62888.pdb,exact_sequence_match,True
P62899,/data/ranran/my_ptm/croton/data/structure_pipeline/pdb/P62899.pdb,exact_sequence_match,True
P62910,/data/ranran/my_ptm/croton/data/structure_pipeline/pdb/P62910.pdb,exact_sequence_match,True
P62917,/data/ranran/my_ptm/croton/data/structure_pipeline/pdb/P62917.pdb,exact_sequence_match,True
P62937-2,,missing_pdb,False
P62979,,missing_pdb,False
P63167,/data/ranran/my_ptm/croton/data/structure_pipeline/pdb/P63167.pdb,exact_sequence_match,True
P63215,,missing_pdb,False
P63241,/data/ranran/my_ptm/croton/data/structure_pipeline/pdb/P63241.pdb,exact_sequence_match,True
P63244,/data/ranran/my_ptm/croton/data/structure_pipeline/pdb/P63244.pdb,exact_sequence_match,True
P63328,,missing_pdb,False
P67870,,missing_pdb,False
P70701,,missing_pdb,False
P78312,,missing_pdb,False
P78316,/data/ranran/my_ptm/croton/data/structure_pipeline/pdb/P78316.pdb,exact_sequence_match,True
P78330,/data/ranran/my_ptm/croton/data/structure_pipeline/pdb/P78330.pdb,exact_sequence_match,True
P78332,,missing_pdb,False
P78344,/data/ranran/my_ptm/croton/data/structure_pipeline/pdb/P78344.pdb,exact_sequence_match,True
P78347,/data/ranran/my_ptm/croton/data/structure_pipeline/pdb/P78347.pdb,exact_sequence_match,True
P78357,,missing_pdb,False
P78406,/data/ranran/my_ptm/croton/data/structure_pipeline/pdb/P78406.pdb,exact_sequence_match,True
P78415,,missing_pdb,False
P78524,,missing_pdb,False
P78527,,missing_pdb,False
P78545,,missing_pdb,False
P78559,,missing_pdb,False
P78563,,missing_pdb,False
P79522,,missing_pdb,False
P80053,,missing_pdb,False
P81543,,missing_pdb,False
P82094,/data/ranran/my_ptm/croton/data/structure_pipeline/pdb/P82094.pdb,exact_sequence_match,True
P82675,/data/ranran/my_ptm/croton/data/structure_pipeline/pdb/P82675.pdb,exact_sequence_match,True
P82970,/data/ranran/my_ptm/croton/data/structure_pipeline/pdb/P82970.pdb,exact_sequence_match,True
P82979,/data/ranran/my_ptm/croton/data/structure_pipeline/pdb/P82979.pdb,exact_sequence_match,True
P83111,/data/ranran/my_ptm/croton/data/structure_pipeline/pdb/P83111.pdb,exact_sequence_match,True
P83731,/data/ranran/my_ptm/croton/data/structure_pipeline/pdb/P83731.pdb,exact_sequence_match,True
P84098,/data/ranran/my_ptm/croton/data/structure_pipeline/pdb/P84098.pdb,exact_sequence_match,True
P84102,,missing_pdb,False
P86452,,missing_pdb,False
P92948,,missing_pdb,False
P93008,,missing_pdb,False
P93042,,missing_pdb,False
P97333,,missing_pdb,False
P97546,,missing_pdb,False
P98082,/data/ranran/my_ptm/croton/data/structure_pipeline/pdb/P98082.pdb,exact_sequence_match,True
P98171,,missing_pdb,False
P98175,/data/ranran/my_ptm/croton/data/structure_pipeline/pdb/P98175.pdb,exact_sequence_match,True
Q00059,/data/ranran/my_ptm/croton/data/structure_pipeline/pdb/Q00059.pdb,exact_sequence_match,True
Q00325,/data/ranran/my_ptm/croton/data/structure_pipeline/pdb/Q00325.pdb,exact_sequence_match,True
Q00341,/data/ranran/my_ptm/croton/data/structure_pipeline/pdb/Q00341.pdb;/data/ranran/my_ptm/croton/data/structure_pipeline/pdb/AF-Q00341-F1-model_v6.pdb,sequence_mismatch,False
Q00535,,missing_pdb,False
Q00537,/data/ranran/my_ptm/croton/data/structure_pipeline/pdb/Q00537.pdb,exact_sequence_match,True
Q00587,,missing_pdb,False
Q00688,/data/ranran/my_ptm/croton/data/structure_pipeline/pdb/Q00688.pdb,exact_sequence_match,True
Q00973,,missing_pdb,False
Q01081-3,,missing_pdb,False
Q01094,,missing_pdb,False
Q01130,,missing_pdb,False
Q01338,,missing_pdb,False
Q01432,,missing_pdb,False
Q01469,/data/ranran/my_ptm/croton/data/structure_pipeline/pdb/Q01469.pdb,exact_sequence_match,True
Q01780,/data/ranran/my_ptm/croton/data/structure_pipeline/pdb/Q01780.pdb,exact_sequence_match,True
Q01804,/data/ranran/my_ptm/croton/data/structure_pipeline/pdb/Q01804.pdb,exact_sequence_match,True
Q01813,/data/ranran/my_ptm/croton/data/structure_pipeline/pdb/Q01813.pdb,exact_sequence_match,True
Q01844-5,,missing_pdb,False
Q01860,,missing_pdb,False
Q01955,,missing_pdb,False
Q02040,/data/ranran/my_ptm/croton/data/structure_pipeline/pdb/Q02040.pdb,exact_sequence_match,True
Q02224,,missing_pdb,False
Q02252-2,,missing_pdb,False
Q02318,,missing_pdb,False
Q02383,,missing_pdb,False
Q02543,/data/ranran/my_ptm/croton/data/structure_pipeline/pdb/Q02543.pdb,exact_sequence_match,True
Q02556,,missing_pdb,False
Q02878,/data/ranran/my_ptm/croton/data/structure_pipeline/pdb/Q02878.pdb,exact_sequence_match,True
Q02880,/data/ranran/my_ptm/croton/data/structure_pipeline/pdb/Q02880.pdb,exact_sequence_match,True
Q03164-3,,missing_pdb,False
Q03167,,missing_pdb,False
Q03188,,missing_pdb,False
Q03361,,missing_pdb,False
Q03468,/data/ranran/my_ptm/croton/data/structure_pipeline/pdb/Q03468.pdb,exact_sequence_match,True
Q03532,,missing_pdb,False
Q03701,/data/ranran/my_ptm/croton/data/structure_pipeline/pdb/Q03701.pdb,exact_sequence_match,True
Q03897,,missing_pdb,False
Q04206,,missing_pdb,False
Q04500,,missing_pdb,False
Q04637-9,,missing_pdb,False
Q04660,,missing_pdb,False
Q04726,,missing_pdb,False
Q04924,,missing_pdb,False
Q05022,,missing_pdb,False
Q05212,,missing_pdb,False
Q05516,,missing_pdb,False
Q05682,/data/ranran/my_ptm/croton/data/structure_pipeline/pdb/Q05682.pdb,exact_sequence_match,True
Q05753,,missing_pdb,False
Q05826,,missing_pdb,False
Q05BV3,,missing_pdb,False
Q05D32,,missing_pdb,False
Q06190,,missing_pdb,False
Q06203,/data/ranran/my_ptm/croton/data/structure_pipeline/pdb/Q06203.pdb,exact_sequence_match,True
Q06287,,missing_pdb,False
Q06625,,missing_pdb,False
Q06839,,missing_pdb,False
Q07021,/data/ranran/my_ptm/croton/data/structure_pipeline/pdb/Q07021.pdb,exact_sequence_match,True
Q07065,/data/ranran/my_ptm/croton/data/structure_pipeline/pdb/Q07065.pdb,exact_sequence_match,True
Q07157,/data/ranran/my_ptm/croton/data/structure_pipeline/pdb/Q07157.pdb,exact_sequence_match,True
Q07343,,missing_pdb,False
Q075Z2,,missing_pdb,False
Q07617,,missing_pdb,False
Q07666,/data/ranran/my_ptm/croton/data/structure_pipeline/pdb/Q07666.pdb,exact_sequence_match,True
Q07820,,missing_pdb,False
Q07889,,missing_pdb,False
Q07954,,missing_pdb,False
Q07960,/data/ranran/my_ptm/croton/data/structure_pipeline/pdb/Q07960.pdb,exact_sequence_match,True
Q08050,,missing_pdb,False
Q08116,,missing_pdb,False
Q08211,/data/ranran/my_ptm/croton/data/structure_pipeline/pdb/Q08211.pdb,exact_sequence_match,True
Q08345,,missing_pdb,False
Q08357,,missing_pdb,False
Q08369,,missing_pdb,False
Q08378,/data/ranran/my_ptm/croton/data/structure_pipeline/pdb/Q08378.pdb,exact_sequence_match,True
Q08499,,missing_pdb,False
Q08752,/data/ranran/my_ptm/croton/data/structure_pipeline/pdb/Q08752.pdb,exact_sequence_match,True
Q08881,,missing_pdb,False
Q08945,/data/ranran/my_ptm/croton/data/structure_pipeline/pdb/Q08945.pdb,exact_sequence_match,True
Q08AF3,,missing_pdb,False
Q09161,/data/ranran/my_ptm/croton/data/structure_pipeline/pdb/Q09161.pdb,exact_sequence_match,True
Q09666,,missing_pdb,False
Q0VBD0,,missing_pdb,False
Q0VFZ6,,missing_pdb,False
Q0WL38,,missing_pdb,False
Q0WPZ7,,missing_pdb,False
Q10471,/data/ranran/my_ptm/croton/data/structure_pipeline/pdb/Q10471.pdb,exact_sequence_match,True
Q11206,,missing_pdb,False
Q12220,,missing_pdb,False
Q12768,/data/ranran/my_ptm/croton/data/structure_pipeline/pdb/Q12768.pdb,exact_sequence_match,True
Q12769,/data/ranran/my_ptm/croton/data/structure_pipeline/pdb/Q12769.pdb,exact_sequence_match,True
Q12770,,missing_pdb,False
Q12788,/data/ranran/my_ptm/croton/data/structure_pipeline/pdb/Q12788.pdb,exact_sequence_match,True
Q12789,/data/ranran/my_ptm/croton/data/structure_pipeline/pdb/Q12789.pdb,exact_sequence_match,True
Q12802,,missing_pdb,False
Q12830,,missing_pdb,False
Q12834,/data/ranran/my_ptm/croton/data/structure_pipeline/pdb/Q12834.pdb,exact_sequence_match,True
Q12872,,missing_pdb,False
Q12873,/data/ranran/my_ptm/croton/data/structure_pipeline/pdb/Q12873.pdb,exact_sequence_match,True
Q12874,/data/ranran/my_ptm/croton/data/structure_pipeline/pdb/Q12874.pdb,exact_sequence_match,True
Q12879,,missing_pdb,False
Q12882,,missing_pdb,False
Q12888,/data/ranran/my_ptm/croton/data/structure_pipeline/pdb/Q12888.pdb,exact_sequence_match,True
Q12894,,missing_pdb,False
Q12905,/data/ranran/my_ptm/croton/data/structure_pipeline/pdb/Q12905.pdb,exact_sequence_match,True
Q12906,/data/ranran/my_ptm/croton/data/structure_pipeline/pdb/Q12906.pdb,exact_sequence_match,True
Q12908,,missing_pdb,False
Q12962,,missing_pdb,False
Q12972,/data/ranran/my_ptm/croton/data/structure_pipeline/pdb/Q12972.pdb,exact_sequence_match,True
Q12981,,missing_pdb,False
Q12986,,missing_pdb,False
Q13009,,missing_pdb,False
Q13023,,missing_pdb,False
Q13029,,missing_pdb,False
Q13043,,missing_pdb,False
Q13045,/data/ranran/my_ptm/croton/data/structure_pipeline/pdb/Q13045.pdb,exact_sequence_match,True
Q13061,,missing_pdb,False
Q13111,,missing_pdb,False
Q13114,,missing_pdb,False
Q13123,/data/ranran/my_ptm/croton/data/structure_pipeline/pdb/Q13123.pdb,exact_sequence_match,True
Q13129,,missing_pdb,False
Q13148,/data/ranran/my_ptm/croton/data/structure_pipeline/pdb/Q13148.pdb,exact_sequence_match,True
Q13164,,missing_pdb,False
Q13217,/data/ranran/my_ptm/croton/data/structure_pipeline/pdb/Q13217.pdb,exact_sequence_match,True
Q13227,/data/ranran/my_ptm/croton/data/structure_pipeline/pdb/Q13227.pdb,exact_sequence_match,True
Q13237,,missing_pdb,False
Q13243,,missing_pdb,False
Q13247,,missing_pdb,False
Q13255,,missing_pdb,False
Q13258,,missing_pdb,False
Q13283,,missing_pdb,False
Q13315,,missing_pdb,False
Q13330,,missing_pdb,False
Q13370,,missing_pdb,False
Q13393,,missing_pdb,False
Q13415,,missing_pdb,False
Q13418,/data/ranran/my_ptm/croton/data/structure_pipeline/pdb/Q13418.pdb,exact_sequence_match,True
Q13425,,missing_pdb,False
Q13427,,missing_pdb,False
Q13428,/data/ranran/my_ptm/croton/data/structure_pipeline/pdb/Q13428.pdb,exact_sequence_match,True
Q13435,/data/ranran/my_ptm/croton/data/structure_pipeline/pdb/Q13435.pdb,exact_sequence_match,True
Q13439,/data/ranran/my_ptm/croton/data/structure_pipeline/pdb/Q13439.pdb,exact_sequence_match,True
Q13442,/data/ranran/my_ptm/croton/data/structure_pipeline/pdb/Q13442.pdb,exact_sequence_match,True
Q13470,,missing_pdb,False
Q13523,/data/ranran/my_ptm/croton/data/structure_pipeline/pdb/Q13523.pdb,exact_sequence_match,True
Q13535,/data/ranran/my_ptm/croton/data/structure_pipeline/pdb/Q13535.pdb,exact_sequence_match,True
Q13554,/data/ranran/my_ptm/croton/data/structure_pipeline/pdb/Q13554.pdb,exact_sequence_match,True
Q13561,/data/ranran/my_ptm/croton/data/structure_pipeline/pdb/Q13561.pdb,exact_sequence_match,True
Q13601,/data/ranran/my_ptm/croton/data/structure_pipeline/pdb/Q13601.pdb,exact_sequence_match,True
Q13616,/data/ranran/my_ptm/croton/data/structure_pipeline/pdb/Q13616.pdb,exact_sequence_match,True
Q13620,/data/ranran/my_ptm/croton/data/structure_pipeline/pdb/Q13620.pdb,exact_sequence_match,True
Q13625,,missing_pdb,False
Q13627,,missing_pdb,False
Q13751,,missing_pdb,False
Q13813,/data/ranran/my_ptm/croton/data/structure_pipeline/pdb/Q13813.pdb,exact_sequence_match,True
Q13823,/data/ranran/my_ptm/croton/data/structure_pipeline/pdb/Q13823.pdb,exact_sequence_match,True
Q13838-2,,missing_pdb,False
Q13888,,missing_pdb,False
Q13889,,missing_pdb,False
Q13895,/data/ranran/my_ptm/croton/data/structure_pipeline/pdb/Q13895.pdb,exact_sequence_match,True
Q13901,/data/ranran/my_ptm/croton/data/structure_pipeline/pdb/Q13901.pdb,exact_sequence_match,True
Q14004,/data/ranran/my_ptm/croton/data/structure_pipeline/pdb/Q14004.pdb,exact_sequence_match,True
Q14005,,missing_pdb,False
Q14008,/data/ranran/my_ptm/croton/data/structure_pipeline/pdb/Q14008.pdb,exact_sequence_match,True
Q14103,,missing_pdb,False
Q14118,/data/ranran/my_ptm/croton/data/structure_pipeline/pdb/Q14118.pdb,exact_sequence_match,True
Q14123,,missing_pdb,False
Q14126,/data/ranran/my_ptm/croton/data/structure_pipeline/pdb/Q14126.pdb,exact_sequence_match,True
Q14134,/data/ranran/my_ptm/croton/data/structure_pipeline/pdb/Q14134.pdb,exact_sequence_match,True
Q14149,,missing_pdb,False
Q14152,/data/ranran/my_ptm/croton/data/structure_pipeline/pdb/Q14152.pdb,exact_sequence_match,True
Q14160,/data/ranran/my_ptm/croton/data/structure_pipeline/pdb/Q14160.pdb;/data/ranran/my_ptm/croton/data/structure_pipeline/pdb/AF-Q14160-F1-model_v6.pdb,sequence_mismatch,False
Q14168,,missing_pdb,False
Q14172,,missing_pdb,False
Q14186,,missing_pdb,False
Q14204,,missing_pdb,False
Q14232,/data/ranran/my_ptm/croton/data/structure_pipeline/pdb/Q14232.pdb,exact_sequence_match,True
Q14241,,missing_pdb,False
Q14247-2,,missing_pdb,False
Q14258,/data/ranran/my_ptm/croton/data/structure_pipeline/pdb/Q14258.pdb,exact_sequence_match,True
Q14264,,missing_pdb,False
Q14315,,missing_pdb,False
Q14318,/data/ranran/my_ptm/croton/data/structure_pipeline/pdb/Q14318.pdb,exact_sequence_match,True
Q14320,/data/ranran/my_ptm/croton/data/structure_pipeline/pdb/Q14320.pdb,exact_sequence_match,True
Q14324,,missing_pdb,False
Q14344,,missing_pdb,False
Q14444,/data/ranran/my_ptm/croton/data/structure_pipeline/pdb/Q14444.pdb,exact_sequence_match,True
Q14498,/data/ranran/my_ptm/croton/data/structure_pipeline/pdb/Q14498.pdb,exact_sequence_match,True
Q14568,,missing_pdb,False
Q14624,,missing_pdb,False
Q14642,/data/ranran/my_ptm/croton/data/structure_pipeline/pdb/Q14642.pdb,exact_sequence_match,True
Q14643,,missing_pdb,False
Q14667,,missing_pdb,False
Q14669,,missing_pdb,False
Q14671,/data/ranran/my_ptm/croton/data/structure_pipeline/pdb/Q14671.pdb,exact_sequence_match,True
Q14676,,missing_pdb,False
Q14680,,missing_pdb,False
Q14683,/data/ranran/my_ptm/croton/data/structure_pipeline/pdb/Q14683.pdb,exact_sequence_match,True
Q14684,/data/ranran/my_ptm/croton/data/structure_pipeline/pdb/Q14684.pdb,exact_sequence_match,True
Q14686,,missing_pdb,False
Q14690,/data/ranran/my_ptm/croton/data/structure_pipeline/pdb/Q14690.pdb,exact_sequence_match,True
Q14692,/data/ranran/my_ptm/croton/data/structure_pipeline/pdb/Q14692.pdb,exact_sequence_match,True
Q14696,,missing_pdb,False
Q14697,/data/ranran/my_ptm/croton/data/structure_pipeline/pdb/Q14697.pdb,exact_sequence_match,True
Q14739,/data/ranran/my_ptm/croton/data/structure_pipeline/pdb/Q14739.pdb,exact_sequence_match,True
Q14746,,missing_pdb,False
Q14789,,missing_pdb,False
Q14807,/data/ranran/my_ptm/croton/data/structure_pipeline/pdb/Q14807.pdb,exact_sequence_match,True
Q14814,,missing_pdb,False
Q14847,/data/ranran/my_ptm/croton/data/structure_pipeline/pdb/Q14847.pdb,exact_sequence_match,True
Q14863,,missing_pdb,False
Q14865,,missing_pdb,False
Q14872,,missing_pdb,False
Q14978,/data/ranran/my_ptm/croton/data/structure_pipeline/pdb/Q14978.pdb,exact_sequence_match,True
Q14980,/data/ranran/my_ptm/croton/data/structure_pipeline/pdb/Q14980.pdb,exact_sequence_match,True
Q149N8,,missing_pdb,False
Q14CG3,,missing_pdb,False
Q14CM0,,missing_pdb,False
Q14CX7,/data/ranran/my_ptm/croton/data/structure_pipeline/pdb/Q14CX7.pdb,exact_sequence_match,True
Q15003,/data/ranran/my_ptm/croton/data/structure_pipeline/pdb/Q15003.pdb,exact_sequence_match,True
Q15004,/data/ranran/my_ptm/croton/data/structure_pipeline/pdb/Q15004.pdb,exact_sequence_match,True
Q15014,,missing_pdb,False
Q15020,/data/ranran/my_ptm/croton/data/structure_pipeline/pdb/Q15020.pdb,exact_sequence_match,True
Q15022,,missing_pdb,False
Q15024,,missing_pdb,False
Q15043,,missing_pdb,False
Q15046,/data/ranran/my_ptm/croton/data/structure_pipeline/pdb/Q15046.pdb,exact_sequence_match,True
Q15048,,missing_pdb,False
Q15051,,missing_pdb,False
Q15054,/data/ranran/my_ptm/croton/data/structure_pipeline/pdb/Q15054.pdb,exact_sequence_match,True
Q15056,/data/ranran/my_ptm/croton/data/structure_pipeline/pdb/Q15056.pdb,exact_sequence_match,True
Q15058,/data/ranran/my_ptm/croton/data/structure_pipeline/pdb/Q15058.pdb,exact_sequence_match,True
Q15059,,missing_pdb,False
Q15061,/data/ranran/my_ptm/croton/data/structure_pipeline/pdb/Q15061.pdb,exact_sequence_match,True
Q15075,/data/ranran/my_ptm/croton/data/structure_pipeline/pdb/Q15075.pdb,exact_sequence_match,True
Q15084,/data/ranran/my_ptm/croton/data/structure_pipeline/pdb/Q15084.pdb,exact_sequence_match,True
Q15121,/data/ranran/my_ptm/croton/data/structure_pipeline/pdb/Q15121.pdb,exact_sequence_match,True
Q15149,,missing_pdb,False
Q15170,,missing_pdb,False
Q15185,/data/ranran/my_ptm/croton/data/structure_pipeline/pdb/Q15185.pdb,exact_sequence_match,True
Q15185-2,,missing_pdb,False
Q15269,/data/ranran/my_ptm/croton/data/structure_pipeline/pdb/Q15269.pdb,exact_sequence_match,True
Q15287,/data/ranran/my_ptm/croton/data/structure_pipeline/pdb/Q15287.pdb,exact_sequence_match,True
Q15291,,missing_pdb,False
Q15293,/data/ranran/my_ptm/croton/data/structure_pipeline/pdb/Q15293.pdb,exact_sequence_match,True
Q15334,,missing_pdb,False
Q15361,/data/ranran/my_ptm/croton/data/structure_pipeline/pdb/Q15361.pdb,exact_sequence_match,True
Q15366-3,,missing_pdb,False
Q15390,,missing_pdb,False
Q15392,/data/ranran/my_ptm/croton/data/structure_pipeline/pdb/Q15392.pdb,exact_sequence_match,True
Q15397,/data/ranran/my_ptm/croton/data/structure_pipeline/pdb/Q15397.pdb,exact_sequence_match,True
Q15398,,missing_pdb,False
Q15399,,missing_pdb,False
Q15417,/data/ranran/my_ptm/croton/data/structure_pipeline/pdb/Q15417.pdb,exact_sequence_match,True
Q15465,,missing_pdb,False
Q15545,/data/ranran/my_ptm/croton/data/structure_pipeline/pdb/Q15545.pdb,exact_sequence_match,True
Q15562,,missing_pdb,False
Q15596,,missing_pdb,False
Q15643,/data/ranran/my_ptm/croton/data/structure_pipeline/pdb/Q15643.pdb,exact_sequence_match,True
Q15648,,missing_pdb,False
Q15652,/data/ranran/my_ptm/croton/data/structure_pipeline/pdb/Q15652.pdb,exact_sequence_match,True
Q15654,,missing_pdb,False
Q15691,,missing_pdb,False
Q15717,,missing_pdb,False
Q15746,,missing_pdb,False
Q15907,,missing_pdb,False
Q15910-2,,missing_pdb,False
Q15911,,missing_pdb,False
Q15942-2,,missing_pdb,False
Q16186,/data/ranran/my_ptm/croton/data/structure_pipeline/pdb/Q16186.pdb,exact_sequence_match,True
Q16513,/data/ranran/my_ptm/croton/data/structure_pipeline/pdb/Q16513.pdb,exact_sequence_match,True
Q16537,,missing_pdb,False
Q16543,/data/ranran/my_ptm/croton/data/structure_pipeline/pdb/Q16543.pdb,exact_sequence_match,True
Q16576,,missing_pdb,False
Q16594,,missing_pdb,False
Q16637,/data/ranran/my_ptm/croton/data/structure_pipeline/pdb/Q16637.pdb,exact_sequence_match,True
Q16658,/data/ranran/my_ptm/croton/data/structure_pipeline/pdb/Q16658.pdb,exact_sequence_match,True
Q16665,,missing_pdb,False
Q16666,/data/ranran/my_ptm/croton/data/structure_pipeline/pdb/Q16666.pdb,exact_sequence_match,True
Q16816,,missing_pdb,False
Q16829,,missing_pdb,False
Q16836,/data/ranran/my_ptm/croton/data/structure_pipeline/pdb/Q16836.pdb,exact_sequence_match,True
Q16880,,missing_pdb,False
Q16881,,missing_pdb,False
Q16890,,missing_pdb,False
Q17RB8,,missing_pdb,False
Q17RG1,,missing_pdb,False
Q17RL8,,missing_pdb,False
Q1ED39,/data/ranran/my_ptm/croton/data/structure_pipeline/pdb/Q1ED39.pdb,exact_sequence_match,True
Q1MSJ5,,missing_pdb,False
Q1ZZU3,,missing_pdb,False
Q27J81,/data/ranran/my_ptm/croton/data/structure_pipeline/pdb/Q27J81.pdb,exact_sequence_match,True
Q2HIK4,,missing_pdb,False
Q2KJY2,,missing_pdb,False
Q2LD37,,missing_pdb,False
Q2M1Z3,,missing_pdb,False
Q2M296,,missing_pdb,False
Q2M2I8,,missing_pdb,False
Q2M389,/data/ranran/my_ptm/croton/data/structure_pipeline/pdb/Q2M389.pdb,exact_sequence_match,True
Q2MYW4,,missing_pdb,False
Q2NKX8,/data/ranran/my_ptm/croton/data/structure_pipeline/pdb/Q2NKX8.pdb,exact_sequence_match,True
Q2NL82,/data/ranran/my_ptm/croton/data/structure_pipeline/pdb/Q2NL82.pdb,exact_sequence_match,True
Q2Q1W2,,missing_pdb,False
Q2TAL5,,missing_pdb,False
Q2TAL8,/data/ranran/my_ptm/croton/data/structure_pipeline/pdb/Q2TAL8.pdb,exact_sequence_match,True
Q2TBE0,/data/ranran/my_ptm/croton/data/structure_pipeline/pdb/Q2TBE0.pdb,exact_sequence_match,True
Q2WGJ6,,missing_pdb,False
Q2YDW7,,missing_pdb,False
Q32M84,,missing_pdb,False
Q32MZ4,/data/ranran/my_ptm/croton/data/structure_pipeline/pdb/Q32MZ4.pdb,exact_sequence_match,True
Q32NC0,,missing_pdb,False
Q38SD2,,missing_pdb,False
Q3B807,,missing_pdb,False
Q3EBM1,,missing_pdb,False
Q3L8U1,,missing_pdb,False
Q3T8J9,,missing_pdb,False
Q3THG9,,missing_pdb,False
Q3TY93,,missing_pdb,False
Q3UMC0,,missing_pdb,False
Q3UQI9,,missing_pdb,False
Q3UT76,,missing_pdb,False
Q3V6T2,,missing_pdb,False
Q3ZLR7,,missing_pdb,False
Q42546,,missing_pdb,False
Q460N5,,missing_pdb,False
Q494U1,,missing_pdb,False
Q49A26,/data/ranran/my_ptm/croton/data/structure_pipeline/pdb/Q49A26.pdb,exact_sequence_match,True
Q49MI3,,missing_pdb,False
Q4AC94,,missing_pdb,False
Q4ADV7,,missing_pdb,False
Q4G0P3,,missing_pdb,False
Q4G112,,missing_pdb,False
Q4JB47,,missing_pdb,False
Q4KWH8,,missing_pdb,False
Q4V3D1,,missing_pdb,False
Q4VC05,,missing_pdb,False
Q53020,,missing_pdb,False
Q53EP0,,missing_pdb,False
Q53EQ6,,missing_pdb,False
Q53F19,/data/ranran/my_ptm/croton/data/structure_pipeline/pdb/Q53F19.pdb,exact_sequence_match,True
Q53GS7,/data/ranran/my_ptm/croton/data/structure_pipeline/pdb/Q53GS7.pdb,exact_sequence_match,True
Q53GS9,/data/ranran/my_ptm/croton/data/structure_pipeline/pdb/Q53GS9.pdb,exact_sequence_match,True
Q53H47,,missing_pdb,False
Q53H80,,missing_pdb,False
Q53LP3,,missing_pdb,False
Q53SZ7,,missing_pdb,False
Q561S0,,missing_pdb,False
Q562F6,,missing_pdb,False
Q569Z5,,missing_pdb,False
Q56NI9,,missing_pdb,False
Q56UQ5,,missing_pdb,False
Q56WK6,,missing_pdb,False
Q58A45,,missing_pdb,False
Q58FF3,,missing_pdb,False
Q58FF6,/data/ranran/my_ptm/croton/data/structure_pipeline/pdb/Q58FF6.pdb,exact_sequence_match,True
Q58FF7,/data/ranran/my_ptm/croton/data/structure_pipeline/pdb/Q58FF7.pdb,exact_sequence_match,True
Q58FF8,/data/ranran/my_ptm/croton/data/structure_pipeline/pdb/Q58FF8.pdb,exact_sequence_match,True
Q58FG1,/data/ranran/my_ptm/croton/data/structure_pipeline/pdb/Q58FG1.pdb,exact_sequence_match,True
Q5BJF6,/data/ranran/my_ptm/croton/data/structure_pipeline/pdb/Q5BJF6.pdb,exact_sequence_match,True
Q5BKZ1,/data/ranran/my_ptm/croton/data/structure_pipeline/pdb/Q5BKZ1.pdb,exact_sequence_match,True
Q5F1R6,/data/ranran/my_ptm/croton/data/structure_pipeline/pdb/Q5F1R6.pdb,exact_sequence_match,True
Q5FWF4,,missing_pdb,False
Q5GAN3,,missing_pdb,False
Q5H9T9,,missing_pdb,False
Q5H9U9,,missing_pdb,False
Q5HYI7,,missing_pdb,False
Q5HYI8,/data/ranran/my_ptm/croton/data/structure_pipeline/pdb/Q5HYI8.pdb,exact_sequence_match,True
Q5HYK7,,missing_pdb,False
Q5JPB2,,missing_pdb,False
Q5JPF3,,missing_pdb,False
Q5JPU1,,missing_pdb,False
Q5JPU2,,missing_pdb,False
Q5JR01,,missing_pdb,False
Q5JR59,,missing_pdb,False
Q5JSH3,/data/ranran/my_ptm/croton/data/structure_pipeline/pdb/Q5JSH3.pdb,exact_sequence_match,True
Q5JSL0,,missing_pdb,False
Q5JTH9,/data/ranran/my_ptm/croton/data/structure_pipeline/pdb/Q5JTH9.pdb,exact_sequence_match,True
Q5JU85,/data/ranran/my_ptm/croton/data/structure_pipeline/pdb/Q5JU85.pdb,exact_sequence_match,True
Q5JV08,,missing_pdb,False
Q5JVF3,/data/ranran/my_ptm/croton/data/structure_pipeline/pdb/Q5JVF3.pdb,exact_sequence_match,True
Q5JVS0,,missing_pdb,False
Q5K651,,missing_pdb,False
Q5M759,,missing_pdb,False
Q5MNZ9,,missing_pdb,False
Q5NDL2,,missing_pdb,False
Q5PRF9,,missing_pdb,False
Q5QGS0,,missing_pdb,False
Q5QP23,,missing_pdb,False
Q5QPL9,,missing_pdb,False
Q5RHP9,,missing_pdb,False
Q5S003,,missing_pdb,False
Q5SLP6,,missing_pdb,False
Q5SQI0,,missing_pdb,False
Q5SRN2,,missing_pdb,False
Q5SSZ2,,missing_pdb,False
Q5ST30-4,,missing_pdb,False
Q5SV16,,missing_pdb,False
Q5SW79,/data/ranran/my_ptm/croton/data/structure_pipeline/pdb/Q5SW79.pdb,exact_sequence_match,True
Q5SW96,,missing_pdb,False
Q5SWX8,,missing_pdb,False
Q5SY13,,missing_pdb,False
Q5SY16,/data/ranran/my_ptm/croton/data/structure_pipeline/pdb/Q5SY16.pdb,exact_sequence_match,True
Q5SYE7,,missing_pdb,False
Q5T0N1,,missing_pdb,False
Q5T0W9,,missing_pdb,False
Q5T0Z8,,missing_pdb,False
Q5T1A1,,missing_pdb,False
Q5T1M5,/data/ranran/my_ptm/croton/data/structure_pipeline/pdb/Q5T1M5.pdb,exact_sequence_match,True
Q5T200,/data/ranran/my_ptm/croton/data/structure_pipeline/pdb/Q5T200.pdb,exact_sequence_match,True
Q5T2D3,,missing_pdb,False
Q5T2S8,,missing_pdb,False
Q5T3I0,/data/ranran/my_ptm/croton/data/structure_pipeline/pdb/Q5T3I0.pdb,exact_sequence_match,True
Q5T3J3,/data/ranran/my_ptm/croton/data/structure_pipeline/pdb/Q5T3J3.pdb,exact_sequence_match,True
Q5T481,,missing_pdb,False
Q5T5C0,,missing_pdb,False
Q5T5P2,,missing_pdb,False
Q5T5U3,,missing_pdb,False
Q5T5Y3,/data/ranran/my_ptm/croton/data/structure_pipeline/pdb/Q5T5Y3.pdb,exact_sequence_match,True
Q5T619,,missing_pdb,False
Q5T6F2,/data/ranran/my_ptm/croton/data/structure_pipeline/pdb/Q5T6F2.pdb,exact_sequence_match,True
Q5T7C4,,missing_pdb,False
Q5T7W0,,missing_pdb,False
Q5T848,,missing_pdb,False
Q5T8A7,,missing_pdb,False
Q5T9A4,/data/ranran/my_ptm/croton/data/structure_pipeline/pdb/Q5T9A4.pdb,exact_sequence_match,True
Q5T9S5,/data/ranran/my_ptm/croton/data/structure_pipeline/pdb/Q5T9S5.pdb,exact_sequence_match,True
Q5TB30,,missing_pdb,False
Q5TBB1,/data/ranran/my_ptm/croton/data/structure_pipeline/pdb/Q5TBB1.pdb,exact_sequence_match,True
Q5TCQ9,,missing_pdb,False
Q5TCZ1,,missing_pdb,False
Q5TEZ5,,missing_pdb,False
Q5TH69,,missing_pdb,False
Q5THK1,,missing_pdb,False
Q5TI78,,missing_pdb,False
Q5TIE3,,missing_pdb,False
Q5UIP0,/data/ranran/my_ptm/croton/data/structure_pipeline/pdb/Q5UIP0.pdb,exact_sequence_match,True
Q5VIR6,/data/ranran/my_ptm/croton/data/structure_pipeline/pdb/Q5VIR6.pdb,exact_sequence_match,True
Q5VSL9,/data/ranran/my_ptm/croton/data/structure_pipeline/pdb/Q5VSL9.pdb,exact_sequence_match,True
Q5VT06,,missing_pdb,False
Q5VT97,,missing_pdb,False
Q5VTD9,,missing_pdb,False
Q5VTE6,,missing_pdb,False
Q5VUA4,/data/ranran/my_ptm/croton/data/structure_pipeline/pdb/Q5VUA4.pdb,exact_sequence_match,True
Q5VUJ6,,missing_pdb,False
Q5VV41,,missing_pdb,False
Q5VW32,/data/ranran/my_ptm/croton/data/structure_pipeline/pdb/Q5VW32.pdb,exact_sequence_match,True
Q5VW36,/data/ranran/my_ptm/croton/data/structure_pipeline/pdb/Q5VW36.pdb;/data/ranran/my_ptm/croton/data/structure_pipeline/pdb/AF-Q5VW36-F1-model_v6.pdb,sequence_mismatch,False
Q5VWJ9,/data/ranran/my_ptm/croton/data/structure_pipeline/pdb/Q5VWJ9.pdb,exact_sequence_match,True
Q5VWN6,,missing_pdb,False
Q5VWX1,,missing_pdb,False
Q5VZ66,,missing_pdb,False
Q5VZ89,,missing_pdb,False
Q5VZB9,,missing_pdb,False
Q5VZI3,,missing_pdb,False
Q5VZL5,/data/ranran/my_ptm/croton/data/structure_pipeline/pdb/Q5VZL5.pdb,exact_sequence_match,True
Q5VZP5,,missing_pdb,False
Q5W0B1,/data/ranran/my_ptm/croton/data/structure_pipeline/pdb/Q5W0B1.pdb,exact_sequence_match,True
Q5XPI4,,missing_pdb,False
Q5XXA6,,missing_pdb,False
Q60949,,missing_pdb,False
Q62879,,missing_pdb,False
Q63226,,missing_pdb,False
Q63HN8,,missing_pdb,False
Q63ZY3,,missing_pdb,False
Q64514,,missing_pdb,False
Q64LD2,,missing_pdb,False
Q66GS9,,missing_pdb,False
Q66K74,,missing_pdb,False
Q66PJ3,,missing_pdb,False
Q674X7,,missing_pdb,False
Q67XT3,,missing_pdb,False
Q67YA7,,missing_pdb,False
Q67YE6,,missing_pdb,False
Q67YI9,,missing_pdb,False
Q68CJ6,,missing_pdb,False
Q68CZ2,,missing_pdb,False
Q68D10,,missing_pdb,False
Q68DK7,,missing_pdb,False
Q68DQ2,,missing_pdb,False
Q68EM7,/data/ranran/my_ptm/croton/data/structure_pipeline/pdb/Q68EM7.pdb,exact_sequence_match,True
Q69YH5,,missing_pdb,False
Q69YN4,/data/ranran/my_ptm/croton/data/structure_pipeline/pdb/Q69YN4.pdb,exact_sequence_match,True
Q69YZ2,,missing_pdb,False
Q69ZF8,,missing_pdb,False
Q6AHZ1,/data/ranran/my_ptm/croton/data/structure_pipeline/pdb/Q6AHZ1.pdb,exact_sequence_match,True
Q6AWT8,,missing_pdb,False
Q6DN12,,missing_pdb,False
Q6DN90,,missing_pdb,False
Q6EIG7,,missing_pdb,False
Q6F5E8,,missing_pdb,False
Q6FI81,/data/ranran/my_ptm/croton/data/structure_pipeline/pdb/Q6FI81.pdb,exact_sequence_match,True
Q6GYQ0,,missing_pdb,False
Q6GZ72,,missing_pdb,False
Q6ICH7,,missing_pdb,False
Q6IN85,,missing_pdb,False
Q6IQ20,,missing_pdb,False
Q6IQ49,,missing_pdb,False
Q6KC79,,missing_pdb,False
Q6MZM0,/data/ranran/my_ptm/croton/data/structure_pipeline/pdb/Q6MZM0.pdb,exact_sequence_match,True
Q6N043,,missing_pdb,False
Q6NSI4,,missing_pdb,False
Q6NSI8,,missing_pdb,False
Q6NT04,,missing_pdb,False
Q6NTE8,,missing_pdb,False
Q6NTF9-2,,missing_pdb,False
Q6NUI2,,missing_pdb,False
Q6NUK4,,missing_pdb,False
Q6NUQ4,/data/ranran/my_ptm/croton/data/structure_pipeline/pdb/Q6NUQ4.pdb,exact_sequence_match,True
Q6NV74,,missing_pdb,False
Q6NW34,,missing_pdb,False
Q6NYC1,/data/ranran/my_ptm/croton/data/structure_pipeline/pdb/Q6NYC1.pdb,exact_sequence_match,True
Q6P0N0,,missing_pdb,False
Q6P0Q8,,missing_pdb,False
Q6P158,,missing_pdb,False
Q6P1J9,/data/ranran/my_ptm/croton/data/structure_pipeline/pdb/Q6P1J9.pdb,exact_sequence_match,True
Q6P1L5,,missing_pdb,False
Q6P1Q9,/data/ranran/my_ptm/croton/data/structure_pipeline/pdb/Q6P1Q9.pdb,exact_sequence_match,True
Q6P1S2,,missing_pdb,False
Q6P2C8,/data/ranran/my_ptm/croton/data/structure_pipeline/pdb/Q6P2C8.pdb,exact_sequence_match,True
Q6P2H3,/data/ranran/my_ptm/croton/data/structure_pipeline/pdb/Q6P2H3.pdb,exact_sequence_match,True
Q6P3S1,,missing_pdb,False
Q6P3S6,,missing_pdb,False
Q6P3W7,/data/ranran/my_ptm/croton/data/structure_pipeline/pdb/Q6P3W7.pdb,exact_sequence_match,True
Q6P4F7,,missing_pdb,False
Q6P4R8,,missing_pdb,False
Q6P5E8,,missing_pdb,False
Q6P6T1,,missing_pdb,False
Q6P7R8,,missing_pdb,False
Q6P996,/data/ranran/my_ptm/croton/data/structure_pipeline/pdb/Q6P996.pdb,exact_sequence_match,True
Q6PCD5,,missing_pdb,False
Q6PCE3,,missing_pdb,False
Q6PD62,/data/ranran/my_ptm/croton/data/structure_pipeline/pdb/Q6PD62.pdb,exact_sequence_match,True
Q6PGP7,/data/ranran/my_ptm/croton/data/structure_pipeline/pdb/Q6PGP7.pdb,exact_sequence_match,True
Q6PIJ6,,missing_pdb,False
Q6PIW4,,missing_pdb,False
Q6PJF5,,missing_pdb,False
Q6PJG2,,missing_pdb,False
Q6PJH3,,missing_pdb,False
Q6PJP8,,missing_pdb,False
Q6PJT7,/data/ranran/my_ptm/croton/data/structure_pipeline/pdb/Q6PJT7.pdb,exact_sequence_match,True
Q6PKG0,/data/ranran/my_ptm/croton/data/structure_pipeline/pdb/Q6PKG0.pdb,exact_sequence_match,True
Q6PKX4,,missing_pdb,False
Q6Q0C0,/data/ranran/my_ptm/croton/data/structure_pipeline/pdb/Q6Q0C0.pdb,exact_sequence_match,True
Q6R327,/data/ranran/my_ptm/croton/data/structure_pipeline/pdb/Q6R327.pdb,exact_sequence_match,True
Q6RFH5,,missing_pdb,False
Q6RI45,,missing_pdb,False
Q6SJ93,/data/ranran/my_ptm/croton/data/structure_pipeline/pdb/Q6SJ93.pdb,exact_sequence_match,True
Q6SPF0,,missing_pdb,False
Q6T4R5,,missing_pdb,False
Q6U7Q0,,missing_pdb,False
Q6UB98,,missing_pdb,False
Q6UB99,,missing_pdb,False
Q6UN15,/data/ranran/my_ptm/croton/data/structure_pipeline/pdb/Q6UN15.pdb,exact_sequence_match,True
Q6UWW9,,missing_pdb,False
Q6UWZ7,,missing_pdb,False
Q6UX04,/data/ranran/my_ptm/croton/data/structure_pipeline/pdb/Q6UX04.pdb,exact_sequence_match,True
Q6UX07,,missing_pdb,False
Q6UX15,,missing_pdb,False
Q6UXE8,,missing_pdb,False
Q6UXI9,,missing_pdb,False
Q6UXN9,/data/ranran/my_ptm/croton/data/structure_pipeline/pdb/Q6UXN9.pdb,exact_sequence_match,True
Q6UXY8,,missing_pdb,False
Q6UY01,,missing_pdb,False
Q6V0I7,,missing_pdb,False
Q6W2J9,,missing_pdb,False
Q6W3E5,,missing_pdb,False
Q6WCQ1,/data/ranran/my_ptm/croton/data/structure_pipeline/pdb/Q6WCQ1.pdb,exact_sequence_match,True
Q6XBG2,,missing_pdb,False
Q6XPR3,,missing_pdb,False
Q6XUX3,,missing_pdb,False
Q6XZF7,,missing_pdb,False
Q6Y7W6,/data/ranran/my_ptm/croton/data/structure_pipeline/pdb/Q6Y7W6.pdb,exact_sequence_match,True
Q6YN16,/data/ranran/my_ptm/croton/data/structure_pipeline/pdb/Q6YN16.pdb,exact_sequence_match,True
Q6YP21,/data/ranran/my_ptm/croton/data/structure_pipeline/pdb/Q6YP21.pdb,exact_sequence_match,True
Q6ZMI0,,missing_pdb,False
Q6ZMP0,,missing_pdb,False
Q6ZMT9,,missing_pdb,False
Q6ZMV7,,missing_pdb,False
Q6ZN16,,missing_pdb,False
Q6ZN57,,missing_pdb,False
Q6ZN66,,missing_pdb,False
Q6ZNG9,,missing_pdb,False
Q6ZNJ8,,missing_pdb,False
Q6ZNL6,,missing_pdb,False
Q6ZP24,,missing_pdb,False
Q6ZQN7,,missing_pdb,False
Q6ZQQ6,,missing_pdb,False
Q6ZQX7,,missing_pdb,False
Q6ZR08,,missing_pdb,False
Q6ZRK6,,missing_pdb,False
Q6ZRS2,,missing_pdb,False
Q6ZRV2,,missing_pdb,False
Q6ZS30,,missing_pdb,False
Q6ZSB9,,missing_pdb,False
Q6ZT07,,missing_pdb,False
Q6ZT12,,missing_pdb,False
Q6ZTZ1,,missing_pdb,False
Q6ZU35,,missing_pdb,False
Q6ZU65,,missing_pdb,False
Q6ZUM4,,missing_pdb,False
Q6ZUS5,,missing_pdb,False
Q6ZUT1,,missing_pdb,False
Q6ZV50,,missing_pdb,False
Q6ZV73,,missing_pdb,False
Q6ZVD8,,missing_pdb,False
Q6ZW49,,missing_pdb,False
Q6ZXV5,/data/ranran/my_ptm/croton/data/structure_pipeline/pdb/Q6ZXV5.pdb,exact_sequence_match,True
Q709C8,,missing_pdb,False
Q709F0,,missing_pdb,False
Q70E73,/data/ranran/my_ptm/croton/data/structure_pipeline/pdb/Q70E73.pdb,exact_sequence_match,True
Q70EL1,,missing_pdb,False
Q71F23,,missing_pdb,False
Q71UI9-4,,missing_pdb,False
Q726L0,,missing_pdb,False
Q726S1,,missing_pdb,False
Q729S7,,missing_pdb,False
Q72AH0,,missing_pdb,False
Q72AN0,,missing_pdb,False
Q72BK7,,missing_pdb,False
Q72BP0,,missing_pdb,False
Q72BV5,,missing_pdb,False
Q72C27,,missing_pdb,False
Q72CH3,,missing_pdb,False
Q72CK1,,missing_pdb,False
Q72D12,,missing_pdb,False
Q72DC4,,missing_pdb,False
Q72DT3,,missing_pdb,False
Q72E16,,missing_pdb,False
Q72EI7,,missing_pdb,False
Q72F77,,missing_pdb,False
Q72FD2,,missing_pdb,False
Q72FN1,,missing_pdb,False
Q72FR4,,missing_pdb,False
Q72FV4,,missing_pdb,False
Q75N03,,missing_pdb,False
Q765P7,,missing_pdb,False
Q76FK4,,missing_pdb,False
Q7KZF4,/data/ranran/my_ptm/croton/data/structure_pipeline/pdb/Q7KZF4.pdb,exact_sequence_match,True
Q7L0Y3,/data/ranran/my_ptm/croton/data/structure_pipeline/pdb/Q7L0Y3.pdb,exact_sequence_match,True
Q7L1W4,,missing_pdb,False
Q7L2H7,/data/ranran/my_ptm/croton/data/structure_pipeline/pdb/Q7L2H7.pdb,exact_sequence_match,True
Q7L2J0,,missing_pdb,False
Q7L3B6,/data/ranran/my_ptm/croton/data/structure_pipeline/pdb/Q7L3B6.pdb,exact_sequence_match,True
Q7L4E1,,missing_pdb,False
Q7L590,,missing_pdb,False
Q7L5Y9,/data/ranran/my_ptm/croton/data/structure_pipeline/pdb/Q7L5Y9.pdb,exact_sequence_match,True
Q7L804,,missing_pdb,False
Q7L8A9,,missing_pdb,False
Q7LBC6,/data/ranran/my_ptm/croton/data/structure_pipeline/pdb/Q7LBC6.pdb,exact_sequence_match,True
Q7LGC8,,missing_pdb,False
Q7TPH6,,missing_pdb,False
Q7TSJ2,,missing_pdb,False
Q7TT50,,missing_pdb,False
Q7X9V2,,missing_pdb,False
Q7XJL1,,missing_pdb,False
Q7Z2G1,,missing_pdb,False
Q7Z2T5,/data/ranran/my_ptm/croton/data/structure_pipeline/pdb/Q7Z2T5.pdb,exact_sequence_match,True
Q7Z2W4,/data/ranran/my_ptm/croton/data/structure_pipeline/pdb/Q7Z2W4.pdb,exact_sequence_match,True
Q7Z2Y5,,missing_pdb,False
Q7Z2Z1,,missing_pdb,False
Q7Z2Z2,/data/ranran/my_ptm/croton/data/structure_pipeline/pdb/Q7Z2Z2.pdb,exact_sequence_match,True
Q7Z333,,missing_pdb,False
Q7Z3U7,/data/ranran/my_ptm/croton/data/structure_pipeline/pdb/Q7Z3U7.pdb,exact_sequence_match,True
Q7Z3Z3,,missing_pdb,False
Q7Z406,/data/ranran/my_ptm/croton/data/structure_pipeline/pdb/Q7Z406.pdb,exact_sequence_match,True
Q7Z417,/data/ranran/my_ptm/croton/data/structure_pipeline/pdb/Q7Z417.pdb,exact_sequence_match,True
Q7Z418,,missing_pdb,False
Q7Z422,,missing_pdb,False
Q7Z478,/data/ranran/my_ptm/croton/data/structure_pipeline/pdb/Q7Z478.pdb,exact_sequence_match,True
Q7Z4N2,,missing_pdb,False
Q7Z4S6,/data/ranran/my_ptm/croton/data/structure_pipeline/pdb/Q7Z4S6.pdb,exact_sequence_match,True
Q7Z4V5,/data/ranran/my_ptm/croton/data/structure_pipeline/pdb/Q7Z4V5.pdb,exact_sequence_match,True
Q7Z5H3,,missing_pdb,False
Q7Z5J4,,missing_pdb,False
Q7Z5J8,,missing_pdb,False
Q7Z5K2,/data/ranran/my_ptm/croton/data/structure_pipeline/pdb/Q7Z5K2.pdb,exact_sequence_match,True
Q7Z624,,missing_pdb,False
Q7Z699,,missing_pdb,False
Q7Z6E9,/data/ranran/my_ptm/croton/data/structure_pipeline/pdb/Q7Z6E9.pdb,exact_sequence_match,True
Q7Z7A1,/data/ranran/my_ptm/croton/data/structure_pipeline/pdb/Q7Z7A1.pdb,exact_sequence_match,True
Q7Z7A4,,missing_pdb,False
Q7Z7B0,,missing_pdb,False
Q7Z7G8,,missing_pdb,False
Q7Z7H8,,missing_pdb,False
Q80TK0,,missing_pdb,False
Q80TP3,,missing_pdb,False
Q80U63,,missing_pdb,False
Q80VT5,,missing_pdb,False
Q80Y44,,missing_pdb,False
Q80ZS5,,missing_pdb,False
Q84J81,,missing_pdb,False
Q84JG2,,missing_pdb,False
Q84TD8,,missing_pdb,False
Q86SJ2,,missing_pdb,False
Q86SQ4,,missing_pdb,False
Q86SQ7,,missing_pdb,False
Q86SZ2,,missing_pdb,False
Q86TE4,,missing_pdb,False
Q86TV6,,missing_pdb,False
Q86U70,,missing_pdb,False
Q86U86,,missing_pdb,False
Q86UD7,,missing_pdb,False
Q86UE4,/data/ranran/my_ptm/croton/data/structure_pipeline/pdb/Q86UE4.pdb,exact_sequence_match,True
Q86UE8,/data/ranran/my_ptm/croton/data/structure_pipeline/pdb/Q86UE8.pdb,exact_sequence_match,True
Q86UK0,,missing_pdb,False
Q86UK7,/data/ranran/my_ptm/croton/data/structure_pipeline/pdb/Q86UK7.pdb,exact_sequence_match,True
Q86UP2,/data/ranran/my_ptm/croton/data/structure_pipeline/pdb/Q86UP2.pdb,exact_sequence_match,True
Q86UU1,,missing_pdb,False
Q86UX7,,missing_pdb,False
Q86UY6,,missing_pdb,False
Q86V15,,missing_pdb,False
Q86V40,,missing_pdb,False
Q86V48,/data/ranran/my_ptm/croton/data/structure_pipeline/pdb/Q86V48.pdb,exact_sequence_match,True
Q86V59,,missing_pdb,False
Q86V81,/data/ranran/my_ptm/croton/data/structure_pipeline/pdb/Q86V81.pdb,exact_sequence_match,True
Q86VF7,,missing_pdb,False
Q86VH2,,missing_pdb,False
Q86VM9,/data/ranran/my_ptm/croton/data/structure_pipeline/pdb/Q86VM9.pdb,exact_sequence_match,True
Q86VN1,/data/ranran/my_ptm/croton/data/structure_pipeline/pdb/Q86VN1.pdb,exact_sequence_match,True
Q86VY4,,missing_pdb,False
Q86W54,,missing_pdb,False
Q86W56,,missing_pdb,False
Q86W67,,missing_pdb,False
Q86W92,/data/ranran/my_ptm/croton/data/structure_pipeline/pdb/Q86W92.pdb,exact_sequence_match,True
Q86WC4,,missing_pdb,False
Q86WG3,,missing_pdb,False
Q86X10,/data/ranran/my_ptm/croton/data/structure_pipeline/pdb/Q86X10.pdb,exact_sequence_match,True
Q86X27,/data/ranran/my_ptm/croton/data/structure_pipeline/pdb/Q86X27.pdb,exact_sequence_match,True
Q86X55,/data/ranran/my_ptm/croton/data/structure_pipeline/pdb/Q86X55.pdb,exact_sequence_match,True
Q86X83,,missing_pdb,False
Q86X95,,missing_pdb,False
Q86XJ1,,missing_pdb,False
Q86XL3,,missing_pdb,False
Q86XP1,,missing_pdb,False
Q86XP3,/data/ranran/my_ptm/croton/data/structure_pipeline/pdb/Q86XP3.pdb,exact_sequence_match,True
Q86Y07,,missing_pdb,False
Q86Y13,,missing_pdb,False
Q86Y38,,missing_pdb,False
Q86YA3,,missing_pdb,False
Q86YL5,,missing_pdb,False
Q86YP4,/data/ranran/my_ptm/croton/data/structure_pipeline/pdb/Q86YP4.pdb,exact_sequence_match,True
Q86YR7,,missing_pdb,False
Q86Z20,,missing_pdb,False
Q8BGH2,,missing_pdb,False
Q8BH00,,missing_pdb,False
Q8BI22,,missing_pdb,False
Q8BJW5,,missing_pdb,False
Q8BMF4,,missing_pdb,False
Q8BVT3,,missing_pdb,False
Q8C0X2,,missing_pdb,False
Q8CBD1,,missing_pdb,False
Q8CDN9,,missing_pdb,False
Q8CVE7,,missing_pdb,False
Q8EYE9,,missing_pdb,False
Q8EYL9,,missing_pdb,False
Q8EZX6,,missing_pdb,False
Q8F003,,missing_pdb,False
Q8F0R9,,missing_pdb,False
Q8F2D0,,missing_pdb,False
Q8F3B7,,missing_pdb,False
Q8F404,,missing_pdb,False
Q8F4G5,,missing_pdb,False
Q8F4Z1,,missing_pdb,False
Q8F500,,missing_pdb,False
Q8F505,,missing_pdb,False
Q8F5P9,,missing_pdb,False
Q8F648,,missing_pdb,False
Q8F699,,missing_pdb,False
Q8F6J3,,missing_pdb,False
Q8F6X4,,missing_pdb,False
Q8F6Y5,,missing_pdb,False
Q8F7C5,,missing_pdb,False
Q8F7C9,,missing_pdb,False
Q8F7K1,,missing_pdb,False
Q8F7K4,,missing_pdb,False
Q8F7U1,,missing_pdb,False
Q8F803,,missing_pdb,False
Q8F9E6,,missing_pdb,False
Q8GUP0,,missing_pdb,False
Q8GX81,,missing_pdb,False
Q8GXU7,,missing_pdb,False
Q8H0V4,,missing_pdb,False
Q8H181,,missing_pdb,False
Q8IU60,,missing_pdb,False
Q8IUC4,/data/ranran/my_ptm/croton/data/structure_pipeline/pdb/Q8IUC4.pdb,exact_sequence_match,True
Q8IUF8,/data/ranran/my_ptm/croton/data/structure_pipeline/pdb/Q8IUF8.pdb,exact_sequence_match,True
Q8IUH5,,missing_pdb,False
Q8IUR0,,missing_pdb,False
Q8IUW5,,missing_pdb,False
Q8IVE3,,missing_pdb,False
Q8IVF5,,missing_pdb,False
Q8IVI9,/data/ranran/my_ptm/croton/data/structure_pipeline/pdb/Q8IVI9.pdb,exact_sequence_match,True
Q8IVL1,,missing_pdb,False
Q8IVL5,,missing_pdb,False
Q8IVU3,,missing_pdb,False
Q8IVW4,,missing_pdb,False
Q8IW52,,missing_pdb,False
Q8IW93,,missing_pdb,False
Q8IWB9,/data/ranran/my_ptm/croton/data/structure_pipeline/pdb/Q8IWB9.pdb,exact_sequence_match,True
Q8IWD5,,missing_pdb,False
Q8IWE2,/data/ranran/my_ptm/croton/data/structure_pipeline/pdb/Q8IWE2.pdb,exact_sequence_match,True
Q8IWF6,,missing_pdb,False
Q8IWI9,,missing_pdb,False
Q8IWQ1,,missing_pdb,False
Q8IWR0,,missing_pdb,False
Q8IWS0,/data/ranran/my_ptm/croton/data/structure_pipeline/pdb/Q8IWS0.pdb,exact_sequence_match,True
Q8IWV8,,missing_pdb,False
Q8IWX8,/data/ranran/my_ptm/croton/data/structure_pipeline/pdb/Q8IWX8.pdb,exact_sequence_match,True
Q8IWZ3,,missing_pdb,False
Q8IWZ4,,missing_pdb,False
Q8IWZ8,,missing_pdb,False
Q8IX01,/data/ranran/my_ptm/croton/data/structure_pipeline/pdb/Q8IX01.pdb,exact_sequence_match,True
Q8IX05,,missing_pdb,False
Q8IX06,,missing_pdb,False
Q8IX09,,missing_pdb,False
Q8IX12,/data/ranran/my_ptm/croton/data/structure_pipeline/pdb/Q8IX12.pdb,exact_sequence_match,True
Q8IXP5,,missing_pdb,False
Q8IXQ4,,missing_pdb,False
Q8IXQ6,,missing_pdb,False
Q8IXT1,,missing_pdb,False
Q8IY57,,missing_pdb,False
Q8IY63,/data/ranran/my_ptm/croton/data/structure_pipeline/pdb/Q8IY63.pdb,exact_sequence_match,True
Q8IY81,/data/ranran/my_ptm/croton/data/structure_pipeline/pdb/Q8IY81.pdb,exact_sequence_match,True
Q8IY92,,missing_pdb,False
Q8IYA6,,missing_pdb,False
Q8IYB3,/data/ranran/my_ptm/croton/data/structure_pipeline/pdb/Q8IYB3.pdb,exact_sequence_match,True
Q8IYB7,,missing_pdb,False
Q8IYI6,/data/ranran/my_ptm/croton/data/structure_pipeline/pdb/Q8IYI6.pdb,exact_sequence_match,True
Q8IYT2,,missing_pdb,False
Q8IYU2,,missing_pdb,False
Q8IYX8,,missing_pdb,False
Q8IZ21,/data/ranran/my_ptm/croton/data/structure_pipeline/pdb/Q8IZ21.pdb,exact_sequence_match,True
Q8IZA3,,missing_pdb,False
Q8IZC6,,missing_pdb,False
Q8IZP2,,missing_pdb,False
Q8IZT6,,missing_pdb,False
Q8IZT8,,missing_pdb,False
Q8K1K9,,missing_pdb,False
Q8K305,,missing_pdb,False
Q8K3H5,,missing_pdb,False
Q8L4Q6,,missing_pdb,False
Q8L5X3,,missing_pdb,False
Q8L7W1,,missing_pdb,False
Q8LAF5,,missing_pdb,False
Q8LAX0,,missing_pdb,False
Q8LCT3,,missing_pdb,False
Q8LDQ4,,missing_pdb,False
Q8LE98,,missing_pdb,False
Q8N0X2,,missing_pdb,False
Q8N0X7,/data/ranran/my_ptm/croton/data/structure_pipeline/pdb/Q8N0X7.pdb,exact_sequence_match,True
Q8N137,,missing_pdb,False
Q8N1A6,,missing_pdb,False
Q8N1G1,,missing_pdb,False
Q8N1I0,,missing_pdb,False
Q8N1V2,,missing_pdb,False
Q8N1W2,,missing_pdb,False
Q8N2H4,,missing_pdb,False
Q8N2W9,,missing_pdb,False
Q8N3C0,/data/ranran/my_ptm/croton/data/structure_pipeline/pdb/Q8N3C0.pdb,exact_sequence_match,True
Q8N3D4,/data/ranran/my_ptm/croton/data/structure_pipeline/pdb/Q8N3D4.pdb,exact_sequence_match,True
Q8N3F8,,missing_pdb,False
Q8N3J5,,missing_pdb,False
Q8N3R9,,missing_pdb,False
Q8N3V7,,missing_pdb,False
Q8N3Z6,,missing_pdb,False
Q8N427,,missing_pdb,False
Q8N443,,missing_pdb,False
Q8N446,,missing_pdb,False
Q8N488,,missing_pdb,False
Q8N4C9,,missing_pdb,False
Q8N4Q0,,missing_pdb,False
Q8N4X5,,missing_pdb,False
Q8N5A5,,missing_pdb,False
Q8N5C7,,missing_pdb,False
Q8N5C8,,missing_pdb,False
Q8N5J2,,missing_pdb,False
Q8N5K1,/data/ranran/my_ptm/croton/data/structure_pipeline/pdb/Q8N5K1.pdb,exact_sequence_match,True
Q8N5P1,,missing_pdb,False
Q8N5R6,,missing_pdb,False
Q8N5U0,,missing_pdb,False
Q8N680,,missing_pdb,False
Q8N7B6,,missing_pdb,False
Q8N7H5,/data/ranran/my_ptm/croton/data/structure_pipeline/pdb/Q8N7H5.pdb,exact_sequence_match,True
Q8N7Q0,,missing_pdb,False
Q8N7X4,,missing_pdb,False
Q8N815,,missing_pdb,False
Q8N884,/data/ranran/my_ptm/croton/data/structure_pipeline/pdb/Q8N884.pdb,exact_sequence_match,True
Q8N895,,missing_pdb,False
Q8N8E2,,missing_pdb,False
Q8N8E3,,missing_pdb,False
Q8N8R7,,missing_pdb,False
Q8N8V4,,missing_pdb,False
Q8N9M1,,missing_pdb,False
Q8N9V7,,missing_pdb,False
Q8NA69,,missing_pdb,False
Q8NAP3,,missing_pdb,False
Q8NAT2,,missing_pdb,False
Q8NAV1,/data/ranran/my_ptm/croton/data/structure_pipeline/pdb/Q8NAV1.pdb,exact_sequence_match,True
Q8NB46,,missing_pdb,False
Q8NBA8,,missing_pdb,False
Q8NBF6,,missing_pdb,False
Q8NBQ5,/data/ranran/my_ptm/croton/data/structure_pipeline/pdb/Q8NBQ5.pdb;/data/ranran/my_ptm/croton/data/structure_pipeline/pdb/AF-Q8NBQ5-F1-model_v6.pdb,sequence_mismatch,False
Q8NBS9,/data/ranran/my_ptm/croton/data/structure_pipeline/pdb/Q8NBS9.pdb,exact_sequence_match,True
Q8NBU5,/data/ranran/my_ptm/croton/data/structure_pipeline/pdb/Q8NBU5.pdb,exact_sequence_match,True
Q8NC56,,missing_pdb,False
Q8NC60,/data/ranran/my_ptm/croton/data/structure_pipeline/pdb/Q8NC60.pdb,exact_sequence_match,True
Q8NC96,,missing_pdb,False
Q8NCD3,,missing_pdb,False
Q8NCF5,,missing_pdb,False
Q8NCL4,,missing_pdb,False
Q8NCM8,,missing_pdb,False
Q8NCN4,,missing_pdb,False
Q8NCQ7,,missing_pdb,False
Q8NCX0,,missing_pdb,False
Q8NCY6,,missing_pdb,False
Q8ND04,,missing_pdb,False
Q8ND56,/data/ranran/my_ptm/croton/data/structure_pipeline/pdb/Q8ND56.pdb,exact_sequence_match,True
Q8ND82,,missing_pdb,False
Q8NDD1,/data/ranran/my_ptm/croton/data/structure_pipeline/pdb/Q8NDD1.pdb,exact_sequence_match,True
Q8NDF8,/data/ranran/my_ptm/croton/data/structure_pipeline/pdb/Q8NDF8.pdb,exact_sequence_match,True
Q8NDG6,,missing_pdb,False
Q8NDH2,,missing_pdb,False
Q8NDM7,,missing_pdb,False
Q8NDV7,,missing_pdb,False
Q8NE71,/data/ranran/my_ptm/croton/data/structure_pipeline/pdb/Q8NE71.pdb,exact_sequence_match,True
Q8NEA6,,missing_pdb,False
Q8NEB9,,missing_pdb,False
Q8NEG2,,missing_pdb,False
Q8NEL9,,missing_pdb,False
Q8NEM8,,missing_pdb,False
Q8NEV8,,missing_pdb,False
Q8NEY1,,missing_pdb,False
Q8NF91,,missing_pdb,False
Q8NFA0,,missing_pdb,False
Q8NFC6,,missing_pdb,False
Q8NFW8,/data/ranran/my_ptm/croton/data/structure_pipeline/pdb/Q8NFW8.pdb,exact_sequence_match,True
Q8NG31,/data/ranran/my_ptm/croton/data/structure_pipeline/pdb/Q8NG31.pdb,exact_sequence_match,True
Q8NG57,,missing_pdb,False
Q8NHH9,/data/ranran/my_ptm/croton/data/structure_pipeline/pdb/Q8NHH9.pdb,exact_sequence_match,True
Q8NHJ6,,missing_pdb,False
Q8NHM5,,missing_pdb,False
Q8NHQ8,,missing_pdb,False
Q8NHS4,,missing_pdb,False
Q8NI35,/data/ranran/my_ptm/croton/data/structure_pipeline/pdb/Q8NI35.pdb,exact_sequence_match,True
Q8NI36,,missing_pdb,False
Q8NI77,,missing_pdb,False
Q8PY15,,missing_pdb,False
Q8RUC6,,missing_pdb,False
Q8RWX2,,missing_pdb,False
Q8RXD6,,missing_pdb,False
Q8S8E7,,missing_pdb,False
Q8TAE6,,missing_pdb,False
Q8TAQ2,/data/ranran/my_ptm/croton/data/structure_pipeline/pdb/Q8TAQ2.pdb,exact_sequence_match,True
Q8TAV4,,missing_pdb,False
Q8TB37,,missing_pdb,False
Q8TBA6,/data/ranran/my_ptm/croton/data/structure_pipeline/pdb/Q8TBA6.pdb,exact_sequence_match,True
Q8TBC4,,missing_pdb,False
Q8TBX8,/data/ranran/my_ptm/croton/data/structure_pipeline/pdb/Q8TBX8.pdb,exact_sequence_match,True
Q8TBZ9,,missing_pdb,False
Q8TC05,,missing_pdb,False
Q8TC44,,missing_pdb,False
Q8TCB0,,missing_pdb,False
Q8TCC3,,missing_pdb,False
Q8TCN5,,missing_pdb,False
Q8TCS8,/data/ranran/my_ptm/croton/data/structure_pipeline/pdb/Q8TCS8.pdb,exact_sequence_match,True
Q8TCU4,,missing_pdb,False
Q8TCY9,/data/ranran/my_ptm/croton/data/structure_pipeline/pdb/Q8TCY9.pdb,exact_sequence_match,True
Q8TD10,,missing_pdb,False
Q8TDD1,/data/ranran/my_ptm/croton/data/structure_pipeline/pdb/Q8TDD1.pdb,exact_sequence_match,True
Q8TDF5,,missing_pdb,False
Q8TDJ6,,missing_pdb,False
Q8TDM6,/data/ranran/my_ptm/croton/data/structure_pipeline/pdb/Q8TDM6.pdb,exact_sequence_match,True
Q8TDQ7,,missing_pdb,False
Q8TDX5,,missing_pdb,False
Q8TE49,,missing_pdb,False
Q8TE77,,missing_pdb,False
Q8TED1,/data/ranran/my_ptm/croton/data/structure_pipeline/pdb/Q8TED1.pdb,exact_sequence_match,True
Q8TEK3,,missing_pdb,False
Q8TEQ6,/data/ranran/my_ptm/croton/data/structure_pipeline/pdb/Q8TEQ6.pdb,exact_sequence_match,True
Q8TER5,,missing_pdb,False
Q8TEW0,,missing_pdb,False
Q8TF01,,missing_pdb,False
Q8TF39,,missing_pdb,False
Q8TF44,,missing_pdb,False
Q8TF72,,missing_pdb,False
Q8TF76,,missing_pdb,False
Q8VCH2,,missing_pdb,False
Q8VHG0,,missing_pdb,False
Q8VWF1,,missing_pdb,False
Q8VY06,,missing_pdb,False
Q8VYG9,,missing_pdb,False
Q8VZ59,,missing_pdb,False
Q8VZL7,,missing_pdb,False
Q8W491,,missing_pdb,False
Q8WTW3,,missing_pdb,False
Q8WTX9,,missing_pdb,False
Q8WUA2,/data/ranran/my_ptm/croton/data/structure_pipeline/pdb/Q8WUA2.pdb,exact_sequence_match,True
Q8WUA4,,missing_pdb,False
Q8WUA7,,missing_pdb,False
Q8WUB8,,missing_pdb,False
Q8WUF5,/data/ranran/my_ptm/croton/data/structure_pipeline/pdb/Q8WUF5.pdb,exact_sequence_match,True
Q8WUI4,,missing_pdb,False
Q8WUM4,/data/ranran/my_ptm/croton/data/structure_pipeline/pdb/Q8WUM4.pdb,exact_sequence_match,True
Q8WUQ7,,missing_pdb,False
Q8WUU5,,missing_pdb,False
Q8WUY3,,missing_pdb,False
Q8WVC0,,missing_pdb,False
Q8WVM7,/data/ranran/my_ptm/croton/data/structure_pipeline/pdb/Q8WVM7.pdb,exact_sequence_match,True
Q8WVM8,,missing_pdb,False
Q8WVS4,,missing_pdb,False
Q8WVV4-1,,missing_pdb,False
Q8WW12,,missing_pdb,False
Q8WW12-3,,missing_pdb,False
Q8WWI1,/data/ranran/my_ptm/croton/data/structure_pipeline/pdb/Q8WWI1.pdb,exact_sequence_match,True
Q8WWK9,,missing_pdb,False
Q8WWM7-3,,missing_pdb,False
Q8WWU7,,missing_pdb,False
Q8WWX8,,missing_pdb,False
Q8WWY3,/data/ranran/my_ptm/croton/data/structure_pipeline/pdb/Q8WWY3.pdb,exact_sequence_match,True
Q8WWZ7,,missing_pdb,False
Q8WXD0,,missing_pdb,False
Q8WXD9,,missing_pdb,False
Q8WXF1,,missing_pdb,False
Q8WXG6,,missing_pdb,False
Q8WXG9,,missing_pdb,False
Q8WXH0,,missing_pdb,False
Q8WXU2,,missing_pdb,False
Q8WXX5,/data/ranran/my_ptm/croton/data/structure_pipeline/pdb/Q8WXX5.pdb,exact_sequence_match,True
Q8WY21,,missing_pdb,False
Q8WYL5,,missing_pdb,False
Q8WYP5,/data/ranran/my_ptm/croton/data/structure_pipeline/pdb/Q8WYP5.pdb,exact_sequence_match,True
Q8WZ64,,missing_pdb,False
Q8WZA2,,missing_pdb,False
Q91UZ1,,missing_pdb,False
Q91ZC1,,missing_pdb,False
Q923T9,,missing_pdb,False
Q92466,,missing_pdb,False
Q92499,/data/ranran/my_ptm/croton/data/structure_pipeline/pdb/Q92499.pdb,exact_sequence_match,True
Q92522,/data/ranran/my_ptm/croton/data/structure_pipeline/pdb/Q92522.pdb,exact_sequence_match,True
Q92541,/data/ranran/my_ptm/croton/data/structure_pipeline/pdb/Q92541.pdb,exact_sequence_match,True
Q92547,/data/ranran/my_ptm/croton/data/structure_pipeline/pdb/Q92547.pdb,exact_sequence_match,True
Q92560,,missing_pdb,False
Q92572,,missing_pdb,False
Q92575,/data/ranran/my_ptm/croton/data/structure_pipeline/pdb/Q92575.pdb,exact_sequence_match,True
Q92576,/data/ranran/my_ptm/croton/data/structure_pipeline/pdb/Q92576.pdb,exact_sequence_match,True
Q92598,/data/ranran/my_ptm/croton/data/structure_pipeline/pdb/Q92598.pdb,exact_sequence_match,True
Q92609,,missing_pdb,False
Q92614,/data/ranran/my_ptm/croton/data/structure_pipeline/pdb/Q92614.pdb,exact_sequence_match,True
Q92615,,missing_pdb,False
Q92616,/data/ranran/my_ptm/croton/data/structure_pipeline/pdb/Q92616.pdb;/data/ranran/my_ptm/croton/data/structure_pipeline/pdb/AF-Q92616-F1-model_v6.pdb,sequence_mismatch,False
Q92620,/data/ranran/my_ptm/croton/data/structure_pipeline/pdb/Q92620.pdb,exact_sequence_match,True
Q92621,/data/ranran/my_ptm/croton/data/structure_pipeline/pdb/Q92621.pdb,exact_sequence_match,True
Q92623,,missing_pdb,False
Q92624,,missing_pdb,False
Q92667,/data/ranran/my_ptm/croton/data/structure_pipeline/pdb/Q92667.pdb,exact_sequence_match,True
Q92733,/data/ranran/my_ptm/croton/data/structure_pipeline/pdb/Q92733.pdb,exact_sequence_match,True
Q92738,,missing_pdb,False
Q92769,/data/ranran/my_ptm/croton/data/structure_pipeline/pdb/Q92769.pdb,exact_sequence_match,True
Q92785,,missing_pdb,False
Q92793,/data/ranran/my_ptm/croton/data/structure_pipeline/pdb/Q92793.pdb,exact_sequence_match,True
Q92794,,missing_pdb,False
Q92797,/data/ranran/my_ptm/croton/data/structure_pipeline/pdb/Q92797.pdb,exact_sequence_match,True
Q92802,,missing_pdb,False
Q92817,/data/ranran/my_ptm/croton/data/structure_pipeline/pdb/Q92817.pdb,exact_sequence_match,True
Q92828,,missing_pdb,False
Q92830,,missing_pdb,False
Q92833,,missing_pdb,False
Q92841,/data/ranran/my_ptm/croton/data/structure_pipeline/pdb/Q92841.pdb,exact_sequence_match,True
Q92851,,missing_pdb,False
Q92878,/data/ranran/my_ptm/croton/data/structure_pipeline/pdb/Q92878.pdb,exact_sequence_match,True
Q92901,/data/ranran/my_ptm/croton/data/structure_pipeline/pdb/Q92901.pdb,exact_sequence_match,True
Q92905,/data/ranran/my_ptm/croton/data/structure_pipeline/pdb/Q92905.pdb,exact_sequence_match,True
Q92945,/data/ranran/my_ptm/croton/data/structure_pipeline/pdb/Q92945.pdb,exact_sequence_match,True
Q92953,,missing_pdb,False
Q92954,,missing_pdb,False
Q92974,/data/ranran/my_ptm/croton/data/structure_pipeline/pdb/Q92974.pdb,exact_sequence_match,True
Q93009,/data/ranran/my_ptm/croton/data/structure_pipeline/pdb/Q93009.pdb,exact_sequence_match,True
Q93052,/data/ranran/my_ptm/croton/data/structure_pipeline/pdb/Q93052.pdb,exact_sequence_match,True
Q93075,,missing_pdb,False
Q93086,,missing_pdb,False
Q93088,,missing_pdb,False
Q93V54,,missing_pdb,False
Q93VI4,,missing_pdb,False
Q93W87,,missing_pdb,False
Q944A9,,missing_pdb,False
Q949S4,,missing_pdb,False
Q94AT3,,missing_pdb,False
Q94K56,,missing_pdb,False
Q94K97,,missing_pdb,False
Q969G3,/data/ranran/my_ptm/croton/data/structure_pipeline/pdb/Q969G3.pdb,exact_sequence_match,True
Q969J2,,missing_pdb,False
Q969P6,,missing_pdb,False
Q969T7,,missing_pdb,False
Q96A00,,missing_pdb,False
Q96A33,/data/ranran/my_ptm/croton/data/structure_pipeline/pdb/Q96A33.pdb,exact_sequence_match,True
Q96A73,,missing_pdb,False
Q96AG4,/data/ranran/my_ptm/croton/data/structure_pipeline/pdb/Q96AG4.pdb,exact_sequence_match,True
Q96AQ6,,missing_pdb,False
Q96AV8,,missing_pdb,False
Q96AX2,,missing_pdb,False
Q96AX9,,missing_pdb,False
Q96AY2,,missing_pdb,False
Q96AY3,/data/ranran/my_ptm/croton/data/structure_pipeline/pdb/Q96AY3.pdb,exact_sequence_match,True
Q96B36,,missing_pdb,False
Q96B97,/data/ranran/my_ptm/croton/data/structure_pipeline/pdb/Q96B97.pdb,exact_sequence_match,True
Q96BJ3,/data/ranran/my_ptm/croton/data/structure_pipeline/pdb/Q96BJ3.pdb,exact_sequence_match,True
Q96BK5,,missing_pdb,False
Q96BP3,/data/ranran/my_ptm/croton/data/structure_pipeline/pdb/Q96BP3.pdb,exact_sequence_match,True
Q96BR1,,missing_pdb,False
Q96BR9,,missing_pdb,False
Q96BT1,,missing_pdb,False
Q96C19,/data/ranran/my_ptm/croton/data/structure_pipeline/pdb/Q96C19.pdb,exact_sequence_match,True
Q96CB8,,missing_pdb,False
Q96CP2,,missing_pdb,False
Q96CP6,,missing_pdb,False
Q96CS2,,missing_pdb,False
Q96CW9,,missing_pdb,False
Q96D71,/data/ranran/my_ptm/croton/data/structure_pipeline/pdb/Q96D71.pdb,exact_sequence_match,True
Q96DF8,,missing_pdb,False
Q96DG6,/data/ranran/my_ptm/croton/data/structure_pipeline/pdb/Q96DG6.pdb,exact_sequence_match,True
Q96DM1,,missing_pdb,False
Q96DR7,,missing_pdb,False
Q96DT5,,missing_pdb,False
Q96DY7,,missing_pdb,False
Q96E09,,missing_pdb,False
Q96EB1,,missing_pdb,False
Q96EB6,/data/ranran/my_ptm/croton/data/structure_pipeline/pdb/Q96EB6.pdb,exact_sequence_match,True
Q96EI5,,missing_pdb,False
Q96EM0,,missing_pdb,False
Q96EQ9,,missing_pdb,False
Q96EV2,,missing_pdb,False
Q96EX3,,missing_pdb,False
Q96EZ8,,missing_pdb,False
Q96F86,/data/ranran/my_ptm/croton/data/structure_pipeline/pdb/Q96F86.pdb,exact_sequence_match,True
Q96FF9,,missing_pdb,False
Q96FK6,,missing_pdb,False
Q96FV9,/data/ranran/my_ptm/croton/data/structure_pipeline/pdb/Q96FV9.pdb,exact_sequence_match,True
Q96G01,/data/ranran/my_ptm/croton/data/structure_pipeline/pdb/Q96G01.pdb,exact_sequence_match,True
Q96G25,/data/ranran/my_ptm/croton/data/structure_pipeline/pdb/Q96G25.pdb,exact_sequence_match,True
Q96G28,,missing_pdb,False
Q96G46,/data/ranran/my_ptm/croton/data/structure_pipeline/pdb/Q96G46.pdb,exact_sequence_match,True
Q96GE4,,missing_pdb,False
Q96GM5,/data/ranran/my_ptm/croton/data/structure_pipeline/pdb/Q96GM5.pdb,exact_sequence_match,True
Q96GQ7,,missing_pdb,False
Q96GX5,,missing_pdb,False
Q96GZ6,,missing_pdb,False
Q96HA1,/data/ranran/my_ptm/croton/data/structure_pipeline/pdb/Q96HA1.pdb,exact_sequence_match,True
Q96HE9,,missing_pdb,False
Q96HJ3,,missing_pdb,False
Q96HY3,,missing_pdb,False
Q96I25,/data/ranran/my_ptm/croton/data/structure_pipeline/pdb/Q96I25.pdb,exact_sequence_match,True
Q96IQ9,,missing_pdb,False
Q96IR2,,missing_pdb,False
Q96IV0,,missing_pdb,False
Q96IZ0,/data/ranran/my_ptm/croton/data/structure_pipeline/pdb/Q96IZ0.pdb,exact_sequence_match,True
Q96IZ5,,missing_pdb,False
Q96J01,/data/ranran/my_ptm/croton/data/structure_pipeline/pdb/Q96J01.pdb,exact_sequence_match,True
Q96J02,/data/ranran/my_ptm/croton/data/structure_pipeline/pdb/Q96J02.pdb,exact_sequence_match,True
Q96J92,,missing_pdb,False
Q96JF6,,missing_pdb,False
Q96JG9,,missing_pdb,False
Q96JH7,,missing_pdb,False
Q96JI7,,missing_pdb,False
Q96JK2,,missing_pdb,False
Q96JM2,,missing_pdb,False
Q96JM3,,missing_pdb,False
Q96JN0,,missing_pdb,False
Q96JN0-3,,missing_pdb,False
Q96JN2,,missing_pdb,False
Q96JP5,,missing_pdb,False
Q96JQ2,,missing_pdb,False
Q96KC8,,missing_pdb,False
Q96KM6,/data/ranran/my_ptm/croton/data/structure_pipeline/pdb/Q96KM6.pdb,exact_sequence_match,True
Q96KP6,,missing_pdb,False
Q96L73,,missing_pdb,False
Q96L91,,missing_pdb,False
Q96L93,,missing_pdb,False
Q96LA8,/data/ranran/my_ptm/croton/data/structure_pipeline/pdb/Q96LA8.pdb,exact_sequence_match,True
Q96LB4,,missing_pdb,False
Q96LR5,,missing_pdb,False
Q96LT9,,missing_pdb,False
Q96LV3,,missing_pdb,False
Q96LV9,,missing_pdb,False
Q96LZ7,,missing_pdb,False
Q96M27,/data/ranran/my_ptm/croton/data/structure_pipeline/pdb/Q96M27.pdb,exact_sequence_match,True
Q96M53,,missing_pdb,False
Q96M89,,missing_pdb,False
Q96M93,,missing_pdb,False
Q96ME7,/data/ranran/my_ptm/croton/data/structure_pipeline/pdb/Q96ME7.pdb,exact_sequence_match,True
Q96MH7,,missing_pdb,False
Q96MM7,,missing_pdb,False
Q96MU7,/data/ranran/my_ptm/croton/data/structure_pipeline/pdb/Q96MU7.pdb,exact_sequence_match,True
Q96MX3,,missing_pdb,False
Q96MZ4,,missing_pdb,False
Q96N67,,missing_pdb,False
Q96NB1,,missing_pdb,False
Q96NB3,/data/ranran/my_ptm/croton/data/structure_pipeline/pdb/Q96NB3.pdb,exact_sequence_match,True
Q96NH3,,missing_pdb,False
Q96NL6,,missing_pdb,False
Q96NW4,,missing_pdb,False
Q96NW7,,missing_pdb,False
Q96NX5,,missing_pdb,False
Q96P11,/data/ranran/my_ptm/croton/data/structure_pipeline/pdb/Q96P11.pdb,exact_sequence_match,True
Q96P44,,missing_pdb,False
Q96P47,,missing_pdb,False
Q96P56,,missing_pdb,False
Q96P65,,missing_pdb,False
Q96PD7,,missing_pdb,False
Q96PE3,,missing_pdb,False
Q96PV0,,missing_pdb,False
Q96PV6,,missing_pdb,False
Q96PY6,,missing_pdb,False
Q96Q05,,missing_pdb,False
Q96Q07,,missing_pdb,False
Q96Q15,,missing_pdb,False
Q96QC0,/data/ranran/my_ptm/croton/data/structure_pipeline/pdb/Q96QC0.pdb,exact_sequence_match,True
Q96QD8,/data/ranran/my_ptm/croton/data/structure_pipeline/pdb/Q96QD8.pdb,exact_sequence_match,True
Q96QE3,,missing_pdb,False
Q96QE5,/data/ranran/my_ptm/croton/data/structure_pipeline/pdb/Q96QE5.pdb,exact_sequence_match,True
Q96QF0,,missing_pdb,False
Q96QP1,,missing_pdb,False
Q96QU6,,missing_pdb,False
Q96RI1,,missing_pdb,False
Q96RJ0,,missing_pdb,False
Q96RK0,,missing_pdb,False
Q96RL1,,missing_pdb,False
Q96RY5,,missing_pdb,False
Q96SI9,,missing_pdb,False
Q96ST2,/data/ranran/my_ptm/croton/data/structure_pipeline/pdb/Q96ST2.pdb,exact_sequence_match,True
Q96T37,/data/ranran/my_ptm/croton/data/structure_pipeline/pdb/Q96T37.pdb,exact_sequence_match,True
Q96T51,/data/ranran/my_ptm/croton/data/structure_pipeline/pdb/Q96T51.pdb,exact_sequence_match,True
Q96T52,,missing_pdb,False
Q96T58,,missing_pdb,False
Q96T68,,missing_pdb,False
Q96T88,,missing_pdb,False
Q96TA1,/data/ranran/my_ptm/croton/data/structure_pipeline/pdb/Q96TA1.pdb,exact_sequence_match,True
Q980R1,,missing_pdb,False
Q99490,,missing_pdb,False
Q99504,,missing_pdb,False
Q99523,,missing_pdb,False
Q99547,,missing_pdb,False
Q99549,,missing_pdb,False
Q99550,,missing_pdb,False
Q99569,,missing_pdb,False
Q99590,/data/ranran/my_ptm/croton/data/structure_pipeline/pdb/Q99590.pdb,exact_sequence_match,True
Q99615,/data/ranran/my_ptm/croton/data/structure_pipeline/pdb/Q99615.pdb,exact_sequence_match,True
Q99618,,missing_pdb,False
Q99623,/data/ranran/my_ptm/croton/data/structure_pipeline/pdb/Q99623.pdb,exact_sequence_match,True
Q99638,,missing_pdb,False
Q99640,,missing_pdb,False
Q99661,,missing_pdb,False
Q99684,,missing_pdb,False
Q99698,,missing_pdb,False
Q99705,,missing_pdb,False
Q99707,/data/ranran/my_ptm/croton/data/structure_pipeline/pdb/Q99707.pdb,exact_sequence_match,True
Q99719,,missing_pdb,False
Q99727,,missing_pdb,False
Q99755,,missing_pdb,False
Q99829,,missing_pdb,False
Q99848,/data/ranran/my_ptm/croton/data/structure_pipeline/pdb/Q99848.pdb,exact_sequence_match,True
Q99959,,missing_pdb,False
Q99961,/data/ranran/my_ptm/croton/data/structure_pipeline/pdb/Q99961.pdb,exact_sequence_match,True
Q99986,/data/ranran/my_ptm/croton/data/structure_pipeline/pdb/Q99986.pdb,exact_sequence_match,True
Q99996,,missing_pdb,False
Q99KI0,,missing_pdb,False
Q99ML0,,missing_pdb,False
Q99NE5,,missing_pdb,False
Q9BQ52,/data/ranran/my_ptm/croton/data/structure_pipeline/pdb/Q9BQ52.pdb,exact_sequence_match,True
Q9BQ61,/data/ranran/my_ptm/croton/data/structure_pipeline/pdb/Q9BQ61.pdb,exact_sequence_match,True
Q9BQ70,,missing_pdb,False
Q9BQ75,/data/ranran/my_ptm/croton/data/structure_pipeline/pdb/Q9BQ75.pdb,exact_sequence_match,True
Q9BQE4,,missing_pdb,False
Q9BQE5,/data/ranran/my_ptm/croton/data/structure_pipeline/pdb/Q9BQE5.pdb;/data/ranran/my_ptm/croton/data/structure_pipeline/pdb/AF-Q9BQE5-F1-model_v6.pdb,sequence_mismatch,False
Q9BQF6,,missing_pdb,False
Q9BQG0,/data/ranran/my_ptm/croton/data/structure_pipeline/pdb/Q9BQG0.pdb,exact_sequence_match,True
Q9BQG2,/data/ranran/my_ptm/croton/data/structure_pipeline/pdb/Q9BQG2.pdb,exact_sequence_match,True
Q9BQI6,,missing_pdb,False
Q9BQP7,/data/ranran/my_ptm/croton/data/structure_pipeline/pdb/Q9BQP7.pdb,exact_sequence_match,True
Q9BQR3,,missing_pdb,False
Q9BRK4,,missing_pdb,False
Q9BRL6,/data/ranran/my_ptm/croton/data/structure_pipeline/pdb/Q9BRL6.pdb,exact_sequence_match,True
Q9BRP0,,missing_pdb,False
Q9BRR8,,missing_pdb,False
Q9BRS2,/data/ranran/my_ptm/croton/data/structure_pipeline/pdb/Q9BRS2.pdb,exact_sequence_match,True
Q9BRU2,,missing_pdb,False
Q9BRU9,/data/ranran/my_ptm/croton/data/structure_pipeline/pdb/Q9BRU9.pdb,exact_sequence_match,True
Q9BRX2,/data/ranran/my_ptm/croton/data/structure_pipeline/pdb/Q9BRX2.pdb,exact_sequence_match,True
Q9BSI4,,missing_pdb,False
Q9BSJ2,/data/ranran/my_ptm/croton/data/structure_pipeline/pdb/Q9BSJ2.pdb,exact_sequence_match,True
Q9BSV6,,missing_pdb,False
Q9BT09,,missing_pdb,False
Q9BT25,,missing_pdb,False
Q9BTA9,,missing_pdb,False
Q9BTC0,/data/ranran/my_ptm/croton/data/structure_pipeline/pdb/Q9BTC0.pdb,exact_sequence_match,True
Q9BTE7,,missing_pdb,False
Q9BTF0,,missing_pdb,False
Q9BTK6,,missing_pdb,False
Q9BTU6,/data/ranran/my_ptm/croton/data/structure_pipeline/pdb/Q9BTU6.pdb,exact_sequence_match,True
Q9BUB4,,missing_pdb,False
Q9BUG6,,missing_pdb,False
Q9BUJ2,/data/ranran/my_ptm/croton/data/structure_pipeline/pdb/Q9BUJ2.pdb,exact_sequence_match,True
Q9BV86,,missing_pdb,False
Q9BVJ6,/data/ranran/my_ptm/croton/data/structure_pipeline/pdb/Q9BVJ6.pdb,exact_sequence_match,True
Q9BVP2,/data/ranran/my_ptm/croton/data/structure_pipeline/pdb/Q9BVP2.pdb,exact_sequence_match,True
Q9BVS4,,missing_pdb,False
Q9BVV2,,missing_pdb,False
Q9BW04,,missing_pdb,False
Q9BW19,,missing_pdb,False
Q9BW27,/data/ranran/my_ptm/croton/data/structure_pipeline/pdb/Q9BW27.pdb,exact_sequence_match,True
Q9BW66,,missing_pdb,False
Q9BWT3,,missing_pdb,False
Q9BWV3,,missing_pdb,False
Q9BX10,,missing_pdb,False
Q9BX63,,missing_pdb,False
Q9BX84,,missing_pdb,False
Q9BXB5,,missing_pdb,False
Q9BXC9,,missing_pdb,False
Q9BXF3,,missing_pdb,False
Q9BXF6,,missing_pdb,False
Q9BXG8,,missing_pdb,False
Q9BXJ9,/data/ranran/my_ptm/croton/data/structure_pipeline/pdb/Q9BXJ9.pdb,exact_sequence_match,True
Q9BXS5,/data/ranran/my_ptm/croton/data/structure_pipeline/pdb/Q9BXS5.pdb,exact_sequence_match,True
Q9BXS6,/data/ranran/my_ptm/croton/data/structure_pipeline/pdb/Q9BXS6.pdb,exact_sequence_match,True
Q9BXW6,/data/ranran/my_ptm/croton/data/structure_pipeline/pdb/Q9BXW6.pdb,exact_sequence_match,True
Q9BXW9,/data/ranran/my_ptm/croton/data/structure_pipeline/pdb/Q9BXW9.pdb,exact_sequence_match,True
Q9BXX2,,missing_pdb,False
Q9BY44,/data/ranran/my_ptm/croton/data/structure_pipeline/pdb/Q9BY44.pdb,exact_sequence_match,True
Q9BY77,/data/ranran/my_ptm/croton/data/structure_pipeline/pdb/Q9BY77.pdb,exact_sequence_match,True
Q9BY89,/data/ranran/my_ptm/croton/data/structure_pipeline/pdb/Q9BY89.pdb,exact_sequence_match,True
Q9BYC8,,missing_pdb,False
Q9BYG3,/data/ranran/my_ptm/croton/data/structure_pipeline/pdb/Q9BYG3.pdb,exact_sequence_match,True
Q9BYI3,,missing_pdb,False
Q9BYK8,,missing_pdb,False
Q9BYV6,,missing_pdb,False
Q9BYW2,/data/ranran/my_ptm/croton/data/structure_pipeline/pdb/Q9BYW2.pdb,exact_sequence_match,True
Q9BYX2,/data/ranran/my_ptm/croton/data/structure_pipeline/pdb/Q9BYX2.pdb,exact_sequence_match,True
Q9BZ11,,missing_pdb,False
Q9BZ95,,missing_pdb,False
Q9BZC7,,missing_pdb,False
Q9BZE4,/data/ranran/my_ptm/croton/data/structure_pipeline/pdb/Q9BZE4.pdb,exact_sequence_match,True
Q9BZF9,/data/ranran/my_ptm/croton/data/structure_pipeline/pdb/Q9BZF9.pdb,exact_sequence_match,True
Q9BZH6,/data/ranran/my_ptm/croton/data/structure_pipeline/pdb/Q9BZH6.pdb,exact_sequence_match,True
Q9BZJ0,/data/ranran/my_ptm/croton/data/structure_pipeline/pdb/Q9BZJ0.pdb,exact_sequence_match,True
Q9BZL1,,missing_pdb,False
Q9BZZ5,/data/ranran/my_ptm/croton/data/structure_pipeline/pdb/Q9BZZ5.pdb,exact_sequence_match,True
Q9C029,,missing_pdb,False
Q9C099,,missing_pdb,False
Q9C0B7,,missing_pdb,False
Q9C0C2,/data/ranran/my_ptm/croton/data/structure_pipeline/pdb/Q9C0C2.pdb,exact_sequence_match,True
Q9C0D4,,missing_pdb,False
Q9C0D5,/data/ranran/my_ptm/croton/data/structure_pipeline/pdb/Q9C0D5.pdb,exact_sequence_match,True
Q9C0F1,,missing_pdb,False
Q9C0G6,,missing_pdb,False
Q9C0H9,,missing_pdb,False
Q9C7V7,,missing_pdb,False
Q9C882,,missing_pdb,False
Q9CAG1,,missing_pdb,False
Q9CY27,,missing_pdb,False
Q9CZJ2,,missing_pdb,False
Q9D0R4,,missing_pdb,False
Q9D1T5,,missing_pdb,False
Q9D7F7,,missing_pdb,False
Q9DB60,,missing_pdb,False
Q9FE78,,missing_pdb,False
Q9FGI9,,missing_pdb,False
Q9FGZ3,,missing_pdb,False
Q9FHI9,,missing_pdb,False
Q9FHQ6,,missing_pdb,False
Q9FI56,,missing_pdb,False
Q9FJB5,,missing_pdb,False
Q9FJX0,,missing_pdb,False
Q9FJY5,,missing_pdb,False
Q9FL61,,missing_pdb,False
Q9FMC2,,missing_pdb,False
Q9FNM0,,missing_pdb,False
Q9FXA2,,missing_pdb,False
Q9FY83,,missing_pdb,False
Q9FZ36,,missing_pdb,False
Q9GZL7,/data/ranran/my_ptm/croton/data/structure_pipeline/pdb/Q9GZL7.pdb,exact_sequence_match,True
Q9GZR1,,missing_pdb,False
Q9GZR2,/data/ranran/my_ptm/croton/data/structure_pipeline/pdb/Q9GZR2.pdb,exact_sequence_match,True
Q9GZT4,,missing_pdb,False
Q9GZT9,/data/ranran/my_ptm/croton/data/structure_pipeline/pdb/Q9GZT9.pdb,exact_sequence_match,True
Q9GZY0,,missing_pdb,False
Q9H000,/data/ranran/my_ptm/croton/data/structure_pipeline/pdb/Q9H000.pdb,exact_sequence_match,True
Q9H095,,missing_pdb,False
Q9H0A0,/data/ranran/my_ptm/croton/data/structure_pipeline/pdb/Q9H0A0.pdb,exact_sequence_match,True
Q9H0B3,,missing_pdb,False
Q9H0B6,/data/ranran/my_ptm/croton/data/structure_pipeline/pdb/Q9H0B6.pdb,exact_sequence_match,True
Q9H0C8,/data/ranran/my_ptm/croton/data/structure_pipeline/pdb/Q9H0C8.pdb,exact_sequence_match,True
Q9H0D6,/data/ranran/my_ptm/croton/data/structure_pipeline/pdb/Q9H0D6.pdb,exact_sequence_match,True
Q9H0E3,/data/ranran/my_ptm/croton/data/structure_pipeline/pdb/Q9H0E3.pdb,exact_sequence_match,True
Q9H0G5,,missing_pdb,False
Q9H0H5,/data/ranran/my_ptm/croton/data/structure_pipeline/pdb/Q9H0H5.pdb,exact_sequence_match,True
Q9H0K6,,missing_pdb,False
Q9H0W8,,missing_pdb,False
Q9H173,,missing_pdb,False
Q9H1E3,,missing_pdb,False
Q9H1I8,/data/ranran/my_ptm/croton/data/structure_pipeline/pdb/Q9H1I8.pdb,exact_sequence_match,True
Q9H1Z8,,missing_pdb,False
Q9H254,/data/ranran/my_ptm/croton/data/structure_pipeline/pdb/Q9H254.pdb,exact_sequence_match,True
Q9H2D6,,missing_pdb,False
Q9H2F5,,missing_pdb,False
Q9H2G2,/data/ranran/my_ptm/croton/data/structure_pipeline/pdb/Q9H2G2.pdb,exact_sequence_match,True
Q9H2G4,,missing_pdb,False
Q9H2K8,,missing_pdb,False
Q9H2L5,/data/ranran/my_ptm/croton/data/structure_pipeline/pdb/Q9H2L5.pdb,exact_sequence_match,True
Q9H2P0,,missing_pdb,False
Q9H2Y7,,missing_pdb,False
Q9H307,/data/ranran/my_ptm/croton/data/structure_pipeline/pdb/Q9H307.pdb,exact_sequence_match,True
Q9H329,,missing_pdb,False
Q9H3C7,,missing_pdb,False
Q9H3D4,,missing_pdb,False
Q9H3P2,/data/ranran/my_ptm/croton/data/structure_pipeline/pdb/Q9H3P2.pdb,exact_sequence_match,True
Q9H3Q1,/data/ranran/my_ptm/croton/data/structure_pipeline/pdb/Q9H3Q1.pdb,exact_sequence_match,True
Q9H3S7,/data/ranran/my_ptm/croton/data/structure_pipeline/pdb/Q9H3S7.pdb,exact_sequence_match,True
Q9H422,,missing_pdb,False
Q9H4H8,,missing_pdb,False
Q9H4I2,,missing_pdb,False
Q9H4L4,,missing_pdb,False
Q9H4L7,/data/ranran/my_ptm/croton/data/structure_pipeline/pdb/Q9H4L7.pdb,exact_sequence_match,True
Q9H4Q4,,missing_pdb,False
Q9H4W6,,missing_pdb,False
Q9H553,/data/ranran/my_ptm/croton/data/structure_pipeline/pdb/Q9H553.pdb,exact_sequence_match,True
Q9H582,,missing_pdb,False
Q9H5I5,,missing_pdb,False
Q9H5L6,,missing_pdb,False
Q9H5V9,,missing_pdb,False
Q9H6F5,/data/ranran/my_ptm/croton/data/structure_pipeline/pdb/Q9H6F5.pdb,exact_sequence_match,True
Q9H6R0,,missing_pdb,False
Q9H6R4,/data/ranran/my_ptm/croton/data/structure_pipeline/pdb/Q9H6R4.pdb,exact_sequence_match,True
Q9H6S0,/data/ranran/my_ptm/croton/data/structure_pipeline/pdb/Q9H6S0.pdb,exact_sequence_match,True
Q9H6U8,/data/ranran/my_ptm/croton/data/structure_pipeline/pdb/Q9H6U8.pdb,exact_sequence_match,True
Q9H6W3,/data/ranran/my_ptm/croton/data/structure_pipeline/pdb/Q9H6W3.pdb,exact_sequence_match,True
Q9H788,/data/ranran/my_ptm/croton/data/structure_pipeline/pdb/Q9H788.pdb,exact_sequence_match,True
Q9H7N4,,missing_pdb,False
Q9H7S9,,missing_pdb,False
Q9H7T0,,missing_pdb,False
Q9H7Z3,,missing_pdb,False
Q9H814,/data/ranran/my_ptm/croton/data/structure_pipeline/pdb/Q9H814.pdb,exact_sequence_match,True
Q9H875,/data/ranran/my_ptm/croton/data/structure_pipeline/pdb/Q9H875.pdb,exact_sequence_match,True
Q9H8E8,,missing_pdb,False
Q9H8H2,/data/ranran/my_ptm/croton/data/structure_pipeline/pdb/Q9H8H2.pdb,exact_sequence_match,True
Q9H8M2,,missing_pdb,False
Q9H8M5,/data/ranran/my_ptm/croton/data/structure_pipeline/pdb/Q9H8M5.pdb,exact_sequence_match,True
Q9H8T0,,missing_pdb,False
Q9H8W5,,missing_pdb,False
Q9H8X2,,missing_pdb,False
Q9H8Y5,,missing_pdb,False
Q9H910,/data/ranran/my_ptm/croton/data/structure_pipeline/pdb/Q9H910.pdb,exact_sequence_match,True
Q9H974,,missing_pdb,False
Q9H981,,missing_pdb,False
Q9H9A5,,missing_pdb,False
Q9H9A6,/data/ranran/my_ptm/croton/data/structure_pipeline/pdb/Q9H9A6.pdb,exact_sequence_match,True
Q9H9B1,,missing_pdb,False
Q9H9Q4,,missing_pdb,False
Q9H9T3,/data/ranran/my_ptm/croton/data/structure_pipeline/pdb/Q9H9T3.pdb,exact_sequence_match,True
Q9HAE3,,missing_pdb,False
Q9HAJ7,,missing_pdb,False
Q9HAP2,,missing_pdb,False
Q9HAU5,/data/ranran/my_ptm/croton/data/structure_pipeline/pdb/Q9HAU5.pdb,exact_sequence_match,True
Q9HB07,/data/ranran/my_ptm/croton/data/structure_pipeline/pdb/Q9HB07.pdb;/data/ranran/my_ptm/croton/data/structure_pipeline/pdb/AF-Q9HB07-F1-model_v6.pdb,sequence_mismatch,False
Q9HB21,,missing_pdb,False
Q9HB90,,missing_pdb,False
Q9HB96,,missing_pdb,False
Q9HBD1,,missing_pdb,False
Q9HBM0,,missing_pdb,False
Q9HBR0,,missing_pdb,False
Q9HC44,,missing_pdb,False
Q9HCE3,,missing_pdb,False
Q9HCG7,,missing_pdb,False
Q9HCG8,,missing_pdb,False
Q9HCK1,,missing_pdb,False
Q9HCM1,,missing_pdb,False
Q9HCM7,,missing_pdb,False
Q9HCN4,,missing_pdb,False
Q9HD15,,missing_pdb,False
Q9HD23,,missing_pdb,False
Q9HD67,/data/ranran/my_ptm/croton/data/structure_pipeline/pdb/Q9HD67.pdb,exact_sequence_match,True
Q9LD55,,missing_pdb,False
Q9LE82,,missing_pdb,False
Q9LEX8,,missing_pdb,False
Q9LFE0,,missing_pdb,False
Q9LFE4,,missing_pdb,False
Q9LFS8,,missing_pdb,False
Q9LHD2,,missing_pdb,False
Q9LHS5,,missing_pdb,False
Q9LI74,,missing_pdb,False
Q9LIE4,,missing_pdb,False
Q9LIF6,,missing_pdb,False
Q9LJZ4,,missing_pdb,False
Q9LMM2,,missing_pdb,False
Q9LPT5,,missing_pdb,False
Q9LQQ6,,missing_pdb,False
Q9LSB9,,missing_pdb,False
Q9LSE4,,missing_pdb,False
Q9LSS5,,missing_pdb,False
Q9LTH7,,missing_pdb,False
Q9LTK0,,missing_pdb,False
Q9LVT8,,missing_pdb,False
Q9LXC5,,missing_pdb,False
Q9LYC7,,missing_pdb,False
Q9LZK2,,missing_pdb,False
Q9M0N1,,missing_pdb,False
Q9M2D8,,missing_pdb,False
Q9M2Q7,,missing_pdb,False
Q9M2U8,,missing_pdb,False
Q9M2Y7,,missing_pdb,False
Q9M8Y1,,missing_pdb,False
Q9MAP3,,missing_pdb,False
Q9NP78,,missing_pdb,False
Q9NP80,/data/ranran/my_ptm/croton/data/structure_pipeline/pdb/Q9NP80.pdb,exact_sequence_match,True
Q9NP92,,missing_pdb,False
Q9NPF5,/data/ranran/my_ptm/croton/data/structure_pipeline/pdb/Q9NPF5.pdb,exact_sequence_match,True
Q9NPH0,,missing_pdb,False
Q9NPH2,,missing_pdb,False
Q9NPH9,,missing_pdb,False
Q9NPI7,,missing_pdb,False
Q9NPJ3,,missing_pdb,False
Q9NPP4,,missing_pdb,False
Q9NQ88,/data/ranran/my_ptm/croton/data/structure_pipeline/pdb/Q9NQ88.pdb,exact_sequence_match,True
Q9NQS1,,missing_pdb,False
Q9NQS7,/data/ranran/my_ptm/croton/data/structure_pipeline/pdb/Q9NQS7.pdb,exact_sequence_match,True
Q9NQW6,/data/ranran/my_ptm/croton/data/structure_pipeline/pdb/Q9NQW6.pdb,exact_sequence_match,True
Q9NQZ2,/data/ranran/my_ptm/croton/data/structure_pipeline/pdb/Q9NQZ2.pdb,exact_sequence_match,True
Q9NQZ6,,missing_pdb,False
Q9NR00,,missing_pdb,False
Q9NR09,,missing_pdb,False
Q9NR12,/data/ranran/my_ptm/croton/data/structure_pipeline/pdb/Q9NR12.pdb,exact_sequence_match,True
Q9NR21,,missing_pdb,False
Q9NR30,/data/ranran/my_ptm/croton/data/structure_pipeline/pdb/Q9NR30.pdb,exact_sequence_match,True
Q9NR46,/data/ranran/my_ptm/croton/data/structure_pipeline/pdb/Q9NR46.pdb,exact_sequence_match,True
Q9NR48,,missing_pdb,False
Q9NR50,/data/ranran/my_ptm/croton/data/structure_pipeline/pdb/Q9NR50.pdb,exact_sequence_match,True
Q9NRA8,,missing_pdb,False
Q9NRG0,/data/ranran/my_ptm/croton/data/structure_pipeline/pdb/Q9NRG0.pdb,exact_sequence_match,True
Q9NRG4,/data/ranran/my_ptm/croton/data/structure_pipeline/pdb/Q9NRG4.pdb,exact_sequence_match,True
Q9NRI5,,missing_pdb,False
Q9NRJ4,,missing_pdb,False
Q9NRL2,/data/ranran/my_ptm/croton/data/structure_pipeline/pdb/Q9NRL2.pdb,exact_sequence_match,True
Q9NRW7,/data/ranran/my_ptm/croton/data/structure_pipeline/pdb/Q9NRW7.pdb,exact_sequence_match,True
Q9NRZ9,/data/ranran/my_ptm/croton/data/structure_pipeline/pdb/Q9NRZ9.pdb,exact_sequence_match,True
Q9NSC2,,missing_pdb,False
Q9NSC7,,missing_pdb,False
Q9NSD9,/data/ranran/my_ptm/croton/data/structure_pipeline/pdb/Q9NSD9.pdb,exact_sequence_match,True
Q9NSE4,/data/ranran/my_ptm/croton/data/structure_pipeline/pdb/Q9NSE4.pdb,exact_sequence_match,True
Q9NSI6,,missing_pdb,False
Q9NSU2,,missing_pdb,False
Q9NT68,,missing_pdb,False
Q9NTI5,/data/ranran/my_ptm/croton/data/structure_pipeline/pdb/Q9NTI5.pdb,exact_sequence_match,True
Q9NTJ3,/data/ranran/my_ptm/croton/data/structure_pipeline/pdb/Q9NTJ3.pdb,exact_sequence_match,True
Q9NTJ5,/data/ranran/my_ptm/croton/data/structure_pipeline/pdb/Q9NTJ5.pdb,exact_sequence_match,True
Q9NTK5,/data/ranran/my_ptm/croton/data/structure_pipeline/pdb/Q9NTK5.pdb,exact_sequence_match,True
Q9NTZ6,/data/ranran/my_ptm/croton/data/structure_pipeline/pdb/Q9NTZ6.pdb,exact_sequence_match,True
Q9NU22,,missing_pdb,False
Q9NUQ6,,missing_pdb,False
Q9NUX5,,missing_pdb,False
Q9NV06,/data/ranran/my_ptm/croton/data/structure_pipeline/pdb/Q9NV06.pdb,exact_sequence_match,True
Q9NV66,,missing_pdb,False
Q9NVH0,,missing_pdb,False
Q9NVH2,/data/ranran/my_ptm/croton/data/structure_pipeline/pdb/Q9NVH2.pdb,exact_sequence_match,True
Q9NVM4,/data/ranran/my_ptm/croton/data/structure_pipeline/pdb/Q9NVM4.pdb,exact_sequence_match,True
Q9NVM6,/data/ranran/my_ptm/croton/data/structure_pipeline/pdb/Q9NVM6.pdb,exact_sequence_match,True
Q9NVN8,/data/ranran/my_ptm/croton/data/structure_pipeline/pdb/Q9NVN8.pdb,exact_sequence_match,True
Q9NVU0,/data/ranran/my_ptm/croton/data/structure_pipeline/pdb/Q9NVU0.pdb,exact_sequence_match,True
Q9NVU7,/data/ranran/my_ptm/croton/data/structure_pipeline/pdb/Q9NVU7.pdb,exact_sequence_match,True
Q9NVV4,/data/ranran/my_ptm/croton/data/structure_pipeline/pdb/Q9NVV4.pdb,exact_sequence_match,True
Q9NW13,/data/ranran/my_ptm/croton/data/structure_pipeline/pdb/Q9NW13.pdb,exact_sequence_match,True
Q9NW64,/data/ranran/my_ptm/croton/data/structure_pipeline/pdb/Q9NW64.pdb,exact_sequence_match,True
Q9NW75,,missing_pdb,False
Q9NW82,/data/ranran/my_ptm/croton/data/structure_pipeline/pdb/Q9NW82.pdb,exact_sequence_match,True
Q9NWB6,/data/ranran/my_ptm/croton/data/structure_pipeline/pdb/Q9NWB6.pdb,exact_sequence_match,True
Q9NWH9,/data/ranran/my_ptm/croton/data/structure_pipeline/pdb/Q9NWH9.pdb,exact_sequence_match,True
Q9NWK9,,missing_pdb,False
Q9NWM8,,missing_pdb,False
Q9NWR8,,missing_pdb,False
Q9NWS1,,missing_pdb,False
Q9NWS6,,missing_pdb,False
Q9NX24,,missing_pdb,False
Q9NX31,,missing_pdb,False
Q9NXB0,,missing_pdb,False
Q9NXF1,/data/ranran/my_ptm/croton/data/structure_pipeline/pdb/Q9NXF1.pdb,exact_sequence_match,True
Q9NXG0-2,,missing_pdb,False
Q9NXG2,/data/ranran/my_ptm/croton/data/structure_pipeline/pdb/Q9NXG2.pdb,exact_sequence_match,True
Q9NY61,/data/ranran/my_ptm/croton/data/structure_pipeline/pdb/Q9NY61.pdb,exact_sequence_match,True
Q9NY74,/data/ranran/my_ptm/croton/data/structure_pipeline/pdb/Q9NY74.pdb,exact_sequence_match,True
Q9NYA4,,missing_pdb,False
Q9NYK5,/data/ranran/my_ptm/croton/data/structure_pipeline/pdb/Q9NYK5.pdb,exact_sequence_match,True
Q9NYL2,,missing_pdb,False
Q9NYQ6,,missing_pdb,False
Q9NYQ8,,missing_pdb,False
Q9NYR8,,missing_pdb,False
Q9NYU1,,missing_pdb,False
Q9NYV6,,missing_pdb,False
Q9NYY3,,missing_pdb,False
Q9NYZ3,,missing_pdb,False
Q9NZC9,,missing_pdb,False
Q9NZE8,/data/ranran/my_ptm/croton/data/structure_pipeline/pdb/Q9NZE8.pdb,exact_sequence_match,True
Q9NZJ4,,missing_pdb,False
Q9NZJ9,,missing_pdb,False
Q9NZL9,/data/ranran/my_ptm/croton/data/structure_pipeline/pdb/Q9NZL9.pdb,exact_sequence_match,True
Q9NZM1,/data/ranran/my_ptm/croton/data/structure_pipeline/pdb/Q9NZM1.pdb,exact_sequence_match,True
Q9NZM4,,missing_pdb,False
Q9NZN4,/data/ranran/my_ptm/croton/data/structure_pipeline/pdb/Q9NZN4.pdb,exact_sequence_match,True
Q9NZN4-2,,missing_pdb,False
Q9NZN9,,missing_pdb,False
Q9P013,/data/ranran/my_ptm/croton/data/structure_pipeline/pdb/Q9P013.pdb,exact_sequence_match,True
Q9P0I2,/data/ranran/my_ptm/croton/data/structure_pipeline/pdb/Q9P0I2.pdb,exact_sequence_match,True
Q9P0L0,/data/ranran/my_ptm/croton/data/structure_pipeline/pdb/Q9P0L0.pdb,exact_sequence_match,True
Q9P0U1,,missing_pdb,False
Q9P0U3,/data/ranran/my_ptm/croton/data/structure_pipeline/pdb/Q9P0U3.pdb,exact_sequence_match,True
Q9P0U4,,missing_pdb,False
Q9P0V3,/data/ranran/my_ptm/croton/data/structure_pipeline/pdb/Q9P0V3.pdb,exact_sequence_match,True
Q9P0V9,/data/ranran/my_ptm/croton/data/structure_pipeline/pdb/Q9P0V9.pdb,exact_sequence_match,True
Q9P1V8,,missing_pdb,False
Q9P1Y6,,missing_pdb,False
Q9P206,,missing_pdb,False
Q9P212,,missing_pdb,False
Q9P215,,missing_pdb,False
Q9P227,,missing_pdb,False
Q9P246,,missing_pdb,False
Q9P258,/data/ranran/my_ptm/croton/data/structure_pipeline/pdb/Q9P258.pdb,exact_sequence_match,True
Q9P270,,missing_pdb,False
Q9P275,,missing_pdb,False
Q9P2B4,/data/ranran/my_ptm/croton/data/structure_pipeline/pdb/Q9P2B4.pdb,exact_sequence_match,True
Q9P2D0,,missing_pdb,False
Q9P2D3,,missing_pdb,False
Q9P2D6,,missing_pdb,False
Q9P2E9,/data/ranran/my_ptm/croton/data/structure_pipeline/pdb/Q9P2E9.pdb,exact_sequence_match,True
Q9P2F6,,missing_pdb,False
Q9P2F9,,missing_pdb,False
Q9P2G4,,missing_pdb,False
Q9P2K8,,missing_pdb,False
Q9P2N5,/data/ranran/my_ptm/croton/data/structure_pipeline/pdb/Q9P2N5.pdb,exact_sequence_match,True
Q9P2P1,,missing_pdb,False
Q9P2P5,,missing_pdb,False
Q9P2Q2,,missing_pdb,False
Q9P2R7,/data/ranran/my_ptm/croton/data/structure_pipeline/pdb/Q9P2R7.pdb,exact_sequence_match,True
Q9P2T0,,missing_pdb,False
Q9P2Y5,,missing_pdb,False
Q9S7H4,,missing_pdb,False
Q9SCN8,,missing_pdb,False
Q9SCZ9,,missing_pdb,False
Q9SE35,,missing_pdb,False
Q9SE83,,missing_pdb,False
Q9SFU6,,missing_pdb,False
Q9SGR2,,missing_pdb,False
Q9SKT3,,missing_pdb,False
Q9SLN1,,missing_pdb,False
Q9SUV1,,missing_pdb,False
Q9SY74,,missing_pdb,False
Q9SYL7,,missing_pdb,False
Q9SZR1,,missing_pdb,False
Q9T0I6,,missing_pdb,False
Q9UBB9,/data/ranran/my_ptm/croton/data/structure_pipeline/pdb/Q9UBB9.pdb,exact_sequence_match,True
Q9UBF8,/data/ranran/my_ptm/croton/data/structure_pipeline/pdb/Q9UBF8.pdb,exact_sequence_match,True
Q9UBI1,/data/ranran/my_ptm/croton/data/structure_pipeline/pdb/Q9UBI1.pdb,exact_sequence_match,True
Q9UBI9,,missing_pdb,False
Q9UBL3,/data/ranran/my_ptm/croton/data/structure_pipeline/pdb/Q9UBL3.pdb,exact_sequence_match,True
Q9UBP0,/data/ranran/my_ptm/croton/data/structure_pipeline/pdb/Q9UBP0.pdb,exact_sequence_match,True
Q9UBR5,,missing_pdb,False
Q9UBS3,/data/ranran/my_ptm/croton/data/structure_pipeline/pdb/Q9UBS3.pdb,exact_sequence_match,True
Q9UBT2,/data/ranran/my_ptm/croton/data/structure_pipeline/pdb/Q9UBT2.pdb,exact_sequence_match,True
Q9UBW5,/data/ranran/my_ptm/croton/data/structure_pipeline/pdb/Q9UBW5.pdb,exact_sequence_match,True
Q9UDY2,/data/ranran/my_ptm/croton/data/structure_pipeline/pdb/Q9UDY2.pdb,exact_sequence_match,True
Q9UEE9,/data/ranran/my_ptm/croton/data/structure_pipeline/pdb/Q9UEE9.pdb,exact_sequence_match,True
Q9UET6,,missing_pdb,False
Q9UEW3,,missing_pdb,False
Q9UEW8,/data/ranran/my_ptm/croton/data/structure_pipeline/pdb/Q9UEW8.pdb,exact_sequence_match,True
Q9UEY8,,missing_pdb,False
Q9UFE4,,missing_pdb,False
Q9UFN0,,missing_pdb,False
Q9UG63,/data/ranran/my_ptm/croton/data/structure_pipeline/pdb/Q9UG63.pdb,exact_sequence_match,True
Q9UGI8,/data/ranran/my_ptm/croton/data/structure_pipeline/pdb/Q9UGI8.pdb,exact_sequence_match,True
Q9UGJ0,,missing_pdb,False
Q9UGJ1,/data/ranran/my_ptm/croton/data/structure_pipeline/pdb/Q9UGJ1.pdb,exact_sequence_match,True
Q9UGP4,/data/ranran/my_ptm/croton/data/structure_pipeline/pdb/Q9UGP4.pdb,exact_sequence_match,True
Q9UGP8,/data/ranran/my_ptm/croton/data/structure_pipeline/pdb/Q9UGP8.pdb,exact_sequence_match,True
Q9UH77,,missing_pdb,False
Q9UHB6,/data/ranran/my_ptm/croton/data/structure_pipeline/pdb/Q9UHB6.pdb,exact_sequence_match,True
Q9UHB7,,missing_pdb,False
Q9UHD8,/data/ranran/my_ptm/croton/data/structure_pipeline/pdb/Q9UHD8.pdb,exact_sequence_match,True
Q9UHF7,,missing_pdb,False
Q9UHG0,,missing_pdb,False
Q9UHI6,/data/ranran/my_ptm/croton/data/structure_pipeline/pdb/Q9UHI6.pdb,exact_sequence_match,True
Q9UHQ9,/data/ranran/my_ptm/croton/data/structure_pipeline/pdb/Q9UHQ9.pdb,exact_sequence_match,True
Q9UHX1,,missing_pdb,False
Q9UI08-2,,missing_pdb,False
Q9UI10-2,,missing_pdb,False
Q9UIF9,,missing_pdb,False
Q9UIG0,/data/ranran/my_ptm/croton/data/structure_pipeline/pdb/Q9UIG0.pdb,exact_sequence_match,True
Q9UIS9,,missing_pdb,False
Q9UJ68,,missing_pdb,False
Q9UJA5,/data/ranran/my_ptm/croton/data/structure_pipeline/pdb/Q9UJA5.pdb,exact_sequence_match,True
Q9UJU6,/data/ranran/my_ptm/croton/data/structure_pipeline/pdb/Q9UJU6.pdb,exact_sequence_match,True
Q9UJV8,,missing_pdb,False
Q9UJW3,,missing_pdb,False
Q9UJX2,/data/ranran/my_ptm/croton/data/structure_pipeline/pdb/Q9UJX2.pdb,exact_sequence_match,True
Q9UJX3,,missing_pdb,False
Q9UJY5,,missing_pdb,False
Q9UK58,,missing_pdb,False
Q9UK61,/data/ranran/my_ptm/croton/data/structure_pipeline/pdb/Q9UK61.pdb,exact_sequence_match,True
Q9UK76-2,,missing_pdb,False
Q9UKA1,,missing_pdb,False
Q9UKA4,/data/ranran/my_ptm/croton/data/structure_pipeline/pdb/Q9UKA4.pdb,exact_sequence_match,True
Q9UKB1,,missing_pdb,False
Q9UKB3,,missing_pdb,False
Q9UKI2,,missing_pdb,False
Q9UKJ3,,missing_pdb,False
Q9UKK9,/data/ranran/my_ptm/croton/data/structure_pipeline/pdb/Q9UKK9.pdb,exact_sequence_match,True
Q9UKL3,,missing_pdb,False
Q9UKM9,,missing_pdb,False
Q9UKN7,,missing_pdb,False
Q9UKN8,/data/ranran/my_ptm/croton/data/structure_pipeline/pdb/Q9UKN8.pdb,exact_sequence_match,True
Q9UKU9,,missing_pdb,False
Q9UKV3,/data/ranran/my_ptm/croton/data/structure_pipeline/pdb/Q9UKV3.pdb,exact_sequence_match,True
Q9UKW4,,missing_pdb,False
Q9UKX7,/data/ranran/my_ptm/croton/data/structure_pipeline/pdb/Q9UKX7.pdb,exact_sequence_match,True
Q9UL16,,missing_pdb,False
Q9ULC5,,missing_pdb,False
Q9ULC8,,missing_pdb,False
Q9ULD2,/data/ranran/my_ptm/croton/data/structure_pipeline/pdb/Q9ULD2.pdb,exact_sequence_match,True
Q9ULG3,,missing_pdb,False
Q9ULH7,,missing_pdb,False
Q9ULI1,,missing_pdb,False
Q9ULJ6,,missing_pdb,False
Q9ULJ7,,missing_pdb,False
Q9ULL5,,missing_pdb,False
Q9ULW0,/data/ranran/my_ptm/croton/data/structure_pipeline/pdb/Q9ULW0.pdb,exact_sequence_match,True
Q9ULX3,/data/ranran/my_ptm/croton/data/structure_pipeline/pdb/Q9ULX3.pdb,exact_sequence_match,True
Q9UM73,,missing_pdb,False
Q9UM82,,missing_pdb,False
Q9UMN6,,missing_pdb,False
Q9UMQ3,,missing_pdb,False
Q9UMY1,/data/ranran/my_ptm/croton/data/structure_pipeline/pdb/Q9UMY1.pdb,exact_sequence_match,True
Q9UN37,,missing_pdb,False
Q9UN76,,missing_pdb,False
Q9UNA4,,missing_pdb,False
Q9UNE7,/data/ranran/my_ptm/croton/data/structure_pipeline/pdb/Q9UNE7.pdb,exact_sequence_match,True
Q9UNF1,,missing_pdb,False
Q9UNH5,,missing_pdb,False
Q9UNP9,,missing_pdb,False
Q9UNQ2,/data/ranran/my_ptm/croton/data/structure_pipeline/pdb/Q9UNQ2.pdb,exact_sequence_match,True
Q9UNZ2,/data/ranran/my_ptm/croton/data/structure_pipeline/pdb/Q9UNZ2.pdb,exact_sequence_match,True
Q9UP95,,missing_pdb,False
Q9UPM8,,missing_pdb,False
Q9UPN4,/data/ranran/my_ptm/croton/data/structure_pipeline/pdb/Q9UPN4.pdb,exact_sequence_match,True
Q9UPQ0,/data/ranran/my_ptm/croton/data/structure_pipeline/pdb/Q9UPQ0.pdb,exact_sequence_match,True
Q9UPQ4,,missing_pdb,False
Q9UPS6,,missing_pdb,False
Q9UPS8,,missing_pdb,False
Q9UPV0,,missing_pdb,False
Q9UPZ6,,missing_pdb,False
Q9UPZ9,,missing_pdb,False
Q9UQ35,,missing_pdb,False
Q9UQ49,,missing_pdb,False
Q9UQ80,/data/ranran/my_ptm/croton/data/structure_pipeline/pdb/Q9UQ80.pdb,exact_sequence_match,True
Q9UQ84,,missing_pdb,False
Q9UQC2,,missing_pdb,False
Q9UQE7,/data/ranran/my_ptm/croton/data/structure_pipeline/pdb/Q9UQE7.pdb,exact_sequence_match,True
Q9UQN3,/data/ranran/my_ptm/croton/data/structure_pipeline/pdb/Q9UQN3.pdb,exact_sequence_match,True
Q9UQR0,,missing_pdb,False
Q9UQR1,,missing_pdb,False
Q9WVQ0,,missing_pdb,False
Q9XEE4,,missing_pdb,False
Q9XI28,,missing_pdb,False
Q9Y224,/data/ranran/my_ptm/croton/data/structure_pipeline/pdb/Q9Y224.pdb,exact_sequence_match,True
Q9Y230,/data/ranran/my_ptm/croton/data/structure_pipeline/pdb/Q9Y230.pdb,exact_sequence_match,True
Q9Y232,,missing_pdb,False
Q9Y262,/data/ranran/my_ptm/croton/data/structure_pipeline/pdb/Q9Y262.pdb,exact_sequence_match,True
Q9Y266,/data/ranran/my_ptm/croton/data/structure_pipeline/pdb/Q9Y266.pdb,exact_sequence_match,True
Q9Y2A4,,missing_pdb,False
Q9Y2A7,/data/ranran/my_ptm/croton/data/structure_pipeline/pdb/Q9Y2A7.pdb,exact_sequence_match,True
Q9Y2D4,/data/ranran/my_ptm/croton/data/structure_pipeline/pdb/Q9Y2D4.pdb,exact_sequence_match,True
Q9Y2G9,,missing_pdb,False
Q9Y2H5,,missing_pdb,False
Q9Y2I7,,missing_pdb,False
Q9Y2I9,,missing_pdb,False
Q9Y2J2,/data/ranran/my_ptm/croton/data/structure_pipeline/pdb/Q9Y2J2.pdb,exact_sequence_match,True
Q9Y2K6,,missing_pdb,False
Q9Y2L1,/data/ranran/my_ptm/croton/data/structure_pipeline/pdb/Q9Y2L1.pdb,exact_sequence_match,True
Q9Y2P4,,missing_pdb,False
Q9Y2R0,,missing_pdb,False
Q9Y2S6,,missing_pdb,False
Q9Y2T2,/data/ranran/my_ptm/croton/data/structure_pipeline/pdb/Q9Y2T2.pdb,exact_sequence_match,True
Q9Y2U5,,missing_pdb,False
Q9Y2W1,/data/ranran/my_ptm/croton/data/structure_pipeline/pdb/Q9Y2W1.pdb,exact_sequence_match,True
Q9Y2W2,/data/ranran/my_ptm/croton/data/structure_pipeline/pdb/Q9Y2W2.pdb,exact_sequence_match,True
Q9Y2X0,/data/ranran/my_ptm/croton/data/structure_pipeline/pdb/Q9Y2X0.pdb,exact_sequence_match,True
Q9Y2X7,/data/ranran/my_ptm/croton/data/structure_pipeline/pdb/Q9Y2X7.pdb,exact_sequence_match,True
Q9Y2Z2,,missing_pdb,False
Q9Y383,/data/ranran/my_ptm/croton/data/structure_pipeline/pdb/Q9Y383.pdb,exact_sequence_match,True
Q9Y394,/data/ranran/my_ptm/croton/data/structure_pipeline/pdb/Q9Y394.pdb,exact_sequence_match,True
Q9Y3A2,/data/ranran/my_ptm/croton/data/structure_pipeline/pdb/Q9Y3A2.pdb,exact_sequence_match,True
Q9Y3A4,/data/ranran/my_ptm/croton/data/structure_pipeline/pdb/Q9Y3A4.pdb,exact_sequence_match,True
Q9Y3L3,,missing_pdb,False
Q9Y3Q7,,missing_pdb,False
Q9Y3R5,,missing_pdb,False
Q9Y448,/data/ranran/my_ptm/croton/data/structure_pipeline/pdb/Q9Y448.pdb,exact_sequence_match,True
Q9Y483,,missing_pdb,False
Q9Y4A5,,missing_pdb,False
Q9Y4B5,/data/ranran/my_ptm/croton/data/structure_pipeline/pdb/Q9Y4B5.pdb,exact_sequence_match,True
Q9Y4C0,,missing_pdb,False
Q9Y4C1,,missing_pdb,False
Q9Y4C4,,missing_pdb,False
Q9Y4C8,/data/ranran/my_ptm/croton/data/structure_pipeline/pdb/Q9Y4C8.pdb,exact_sequence_match,True
Q9Y4E8,/data/ranran/my_ptm/croton/data/structure_pipeline/pdb/Q9Y4E8.pdb,exact_sequence_match,True
Q9Y4H2,,missing_pdb,False
Q9Y4I1,/data/ranran/my_ptm/croton/data/structure_pipeline/pdb/Q9Y4I1.pdb,exact_sequence_match,True
Q9Y4K1,,missing_pdb,False
Q9Y4L5,,missing_pdb,False
Q9Y4P3,/data/ranran/my_ptm/croton/data/structure_pipeline/pdb/Q9Y4P3.pdb,exact_sequence_match,True
Q9Y4W2,/data/ranran/my_ptm/croton/data/structure_pipeline/pdb/Q9Y4W2.pdb,exact_sequence_match,True
Q9Y4X4,,missing_pdb,False
Q9Y520,,missing_pdb,False
Q9Y546,,missing_pdb,False
Q9Y574,,missing_pdb,False
Q9Y580,,missing_pdb,False
Q9Y597,/data/ranran/my_ptm/croton/data/structure_pipeline/pdb/Q9Y597.pdb,exact_sequence_match,True
Q9Y5B6,/data/ranran/my_ptm/croton/data/structure_pipeline/pdb/Q9Y5B6.pdb,exact_sequence_match,True
Q9Y5B9,/data/ranran/my_ptm/croton/data/structure_pipeline/pdb/Q9Y5B9.pdb,exact_sequence_match,True
Q9Y5F8,,missing_pdb,False
Q9Y5J5,,missing_pdb,False
Q9Y5K8,,missing_pdb,False
Q9Y5Q8,/data/ranran/my_ptm/croton/data/structure_pipeline/pdb/Q9Y5Q8.pdb,exact_sequence_match,True
Q9Y5T5,/data/ranran/my_ptm/croton/data/structure_pipeline/pdb/Q9Y5T5.pdb,exact_sequence_match,True
Q9Y5V3,,missing_pdb,False
Q9Y5W7,,missing_pdb,False
Q9Y5X1,,missing_pdb,False
Q9Y5X2,,missing_pdb,False
Q9Y5X3,,missing_pdb,False
Q9Y5Y5,,missing_pdb,False
Q9Y5Y6,,missing_pdb,False
Q9Y5Y7,,missing_pdb,False
Q9Y5Z6,,missing_pdb,False
Q9Y603,,missing_pdb,False
Q9Y613,,missing_pdb,False
Q9Y614,,missing_pdb,False
Q9Y617,/data/ranran/my_ptm/croton/data/structure_pipeline/pdb/Q9Y617.pdb,exact_sequence_match,True
Q9Y620,,missing_pdb,False
Q9Y657,,missing_pdb,False
Q9Y678,/data/ranran/my_ptm/croton/data/structure_pipeline/pdb/Q9Y678.pdb,exact_sequence_match,True
Q9Y6A5,/data/ranran/my_ptm/croton/data/structure_pipeline/pdb/Q9Y6A5.pdb,exact_sequence_match,True
Q9Y6C5,,missing_pdb,False
Q9Y6G9,/data/ranran/my_ptm/croton/data/structure_pipeline/pdb/Q9Y6G9.pdb,exact_sequence_match,True
Q9Y6I4,,missing_pdb,False
Q9Y6J0,,missing_pdb,False
Q9Y6K5,/data/ranran/my_ptm/croton/data/structure_pipeline/pdb/Q9Y6K5.pdb,exact_sequence_match,True
Q9Y6M1,/data/ranran/my_ptm/croton/data/structure_pipeline/pdb/Q9Y6M1.pdb,exact_sequence_match,True
Q9Y6M4,,missing_pdb,False
Q9Y6T7,,missing_pdb,False
Q9Y6V0,,missing_pdb,False
Q9Y6V7,/data/ranran/my_ptm/croton/data/structure_pipeline/pdb/Q9Y6V7.pdb,exact_sequence_match,True
Q9Y6X0,,missing_pdb,False
Q9Y6X9,/data/ranran/my_ptm/croton/data/structure_pipeline/pdb/Q9Y6X9.pdb,exact_sequence_match,True
Q9Y6Y8,/data/ranran/my_ptm/croton/data/structure_pipeline/pdb/Q9Y6Y8.pdb,exact_sequence_match,True
Q9Z0E1,,missing_pdb,False
Q9Z206,,missing_pdb,False
Q9Z2D7,,missing_pdb,False
Q9Z2Y3,,missing_pdb,False
Q9ZP06,,missing_pdb,False
Q9ZUM1,,missing_pdb,False
Q9ZWA5,,missing_pdb,False
S4R3V1,,missing_pdb,False
V9GYG0,,missing_pdb,False
V9GYZ6,,missing_pdb,False
