protein,pdb_path,reason,valid
A0A0A0MQ90,,missing_pdb,False
A0A0J9YU79,,missing_pdb,False
A0A0J9YUD5,,missing_pdb,False
A0A0M3HEQ0,,missing_pdb,False
A0A0R4J050,,missing_pdb,False
A0A0R4J083,,missing_pdb,False
A0A0R4J0B4,,missing_pdb,False
A0A0R4J1E2,,missing_pdb,False
A0A0R4J293,,missing_pdb,False
A0A0U1RP81,,missing_pdb,False
A0A0U1RP94,,missing_pdb,False
A0A140LIT2,,missing_pdb,False
A0A1B0GR11,,missing_pdb,False
A0A1B0GRP7,,missing_pdb,False
A0A1B0GS68,,missing_pdb,False
A0A1B0GSU0,,missing_pdb,False
A0A1B0GSX0,,missing_pdb,False
A0A1L1SV25,,missing_pdb,False
A0JNU3,,missing_pdb,False
A1L0T0,/data/ranran/my_ptm/croton/data/structure_pipeline/pdb/A1L0T0.pdb,exact_sequence_match,True
A1X283,,missing_pdb,False
A2A6A1,,missing_pdb,False
A2A791,,missing_pdb,False
A2A7S7,,missing_pdb,False
A2A8U2,,missing_pdb,False
A2AKQ0,,missing_pdb,False
A2ALK8,,missing_pdb,False
A2AQN4,,missing_pdb,False
A2AQR0,,missing_pdb,False
A2AS89,,missing_pdb,False
A2AT85,,missing_pdb,False
A2RRP1,/data/ranran/my_ptm/croton/data/structure_pipeline/pdb/A2RRP1.pdb,exact_sequence_match,True
A2RUC4,,missing_pdb,False
A3KMH1,/data/ranran/my_ptm/croton/data/structure_pipeline/pdb/A3KMH1.pdb,exact_sequence_match,True
A3KMP2,,missing_pdb,False
A4F5N7,,missing_pdb,False
A4F5N8,,missing_pdb,False
A4F5R3,,missing_pdb,False
A4F636,,missing_pdb,False
A4F673,,missing_pdb,False
A4F6F5,,missing_pdb,False
A4F6K4,,missing_pdb,False
A4F6R5,,missing_pdb,False
A4F6V2,,missing_pdb,False
A4F709,,missing_pdb,False
A4F761,,missing_pdb,False
A4F786,,missing_pdb,False
A4F7T4,,missing_pdb,False
A4F7V1,,missing_pdb,False
A4F7Y2,,missing_pdb,False
A4F7Y3,,missing_pdb,False
A4F864,,missing_pdb,False
A4F866,,missing_pdb,False
A4F893,,missing_pdb,False
A4F8Q4,,missing_pdb,False
A4F8R1,,missing_pdb,False
A4F917,,missing_pdb,False
A4F9C3,,missing_pdb,False
A4F9D7,,missing_pdb,False
A4F9F6,,missing_pdb,False
A4F9I1,,missing_pdb,False
A4F9L1,,missing_pdb,False
A4F9N6,,missing_pdb,False
A4FA67,,missing_pdb,False
A4FA82,,missing_pdb,False
A4FAF1,,missing_pdb,False
A4FAJ3,,missing_pdb,False
A4FAM7,,missing_pdb,False
A4FAP1,,missing_pdb,False
A4FAR3,,missing_pdb,False
A4FBI0,,missing_pdb,False
A4FBM6,,missing_pdb,False
A4FBN9,,missing_pdb,False
A4FBP0,,missing_pdb,False
A4FBP1,,missing_pdb,False
A4FBP5,,missing_pdb,False
A4FBR9,,missing_pdb,False
A4FC18,,missing_pdb,False
A4FD45,,missing_pdb,False
A4FFJ2,,missing_pdb,False
A4FFJ3,,missing_pdb,False
A4FGG8,,missing_pdb,False
A4FGU2,,missing_pdb,False
A4FKA2,,missing_pdb,False
A4FKE5,,missing_pdb,False
A4FKU1,,missing_pdb,False
A4FLI0,,missing_pdb,False
A4FLT9,,missing_pdb,False
A4FLU4,,missing_pdb,False
A4FM10,,missing_pdb,False
A4FM20,,missing_pdb,False
A4FM34,,missing_pdb,False
A4FM59,,missing_pdb,False
A4FMD6,,missing_pdb,False
A4FMN9,,missing_pdb,False
A4FMP0,,missing_pdb,False
A4FMP8,,missing_pdb,False
A4FMY9,,missing_pdb,False
A4FN28,,missing_pdb,False
A4FN47,,missing_pdb,False
A4FNC5,,missing_pdb,False
A4FND0,,missing_pdb,False
A4FNG4,,missing_pdb,False
A4FNH9,,missing_pdb,False
A4FNS0,,missing_pdb,False
A4FPA6,,missing_pdb,False
A4FPE7,,missing_pdb,False
A4FPJ1,,missing_pdb,False
A4FPJ2,,missing_pdb,False
A4FPJ3,,missing_pdb,False
A4FPK8,,missing_pdb,False
A4FPL4,,missing_pdb,False
A4FPP2,,missing_pdb,False
A4FPQ6,,missing_pdb,False
A4FPQ7,,missing_pdb,False
A4FPS1,,missing_pdb,False
A4FPY2,,missing_pdb,False
A4FQ02,,missing_pdb,False
A4FQ26,,missing_pdb,False
A4FQL3,,missing_pdb,False
A4FQX9,,missing_pdb,False
A4FR32,,missing_pdb,False
A5YKK6,/data/ranran/my_ptm/croton/data/structure_pipeline/pdb/A5YKK6.pdb,exact_sequence_match,True
A6NHR9,,missing_pdb,False
A6NNL5,,missing_pdb,False
A6ZI46,,missing_pdb,False
A7UAK5,,missing_pdb,False
A8DUK4,,missing_pdb,False
A9UHW6,/data/ranran/my_ptm/croton/data/structure_pipeline/pdb/A9UHW6.pdb,exact_sequence_match,True
B1AUN2,,missing_pdb,False
B1AX58,,missing_pdb,False
B1AZI6,,missing_pdb,False
B2RQC6,,missing_pdb,False
B2RT41,,missing_pdb,False
D3Z041,,missing_pdb,False
D3Z563,,missing_pdb,False
D3Z7X0,,missing_pdb,False
D4AFX7,,missing_pdb,False
E2JF22,,missing_pdb,False
E9PVA8,,missing_pdb,False
E9PVP0,,missing_pdb,False
E9PYH2,,missing_pdb,False
E9PZF0,,missing_pdb,False
E9Q456,,missing_pdb,False
E9Q4K7,,missing_pdb,False
E9Q4Z2,,missing_pdb,False
E9Q557,,missing_pdb,False
E9Q5C9,,missing_pdb,False
E9Q8K5,,missing_pdb,False
E9QJW0,,missing_pdb,False
F2Z456,,missing_pdb,False
F6ZDS4,,missing_pdb,False
F7BP55,,missing_pdb,False
F8VPK0,,missing_pdb,False
F8VPM7,,missing_pdb,False
F8VPN4,,missing_pdb,False
F8VQC1,,missing_pdb,False
F8VQM0,,missing_pdb,False
F8WH69,,missing_pdb,False
F8WID5,,missing_pdb,False
G3UY93,,missing_pdb,False
G3X925,,missing_pdb,False
G3X972,,missing_pdb,False
G3X982,,missing_pdb,False
G3X9T7,,missing_pdb,False
G5E8M7,,missing_pdb,False
G5E8T9,,missing_pdb,False
H3BKH6,,missing_pdb,False
J3QN31,,missing_pdb,False
J3QPZ9,,missing_pdb,False
K3W4L7,,missing_pdb,False
O00116,/data/ranran/my_ptm/croton/data/structure_pipeline/pdb/O00116.pdb,exact_sequence_match,True
O00139,,missing_pdb,False
O00151,/data/ranran/my_ptm/croton/data/structure_pipeline/pdb/O00151.pdb,exact_sequence_match,True
O00170,/data/ranran/my_ptm/croton/data/structure_pipeline/pdb/O00170.pdb;/data/ranran/my_ptm/croton/data/structure_pipeline/pdb/AF-O00170-F1-model_v6.pdb,sequence_mismatch,False
O00193,/data/ranran/my_ptm/croton/data/structure_pipeline/pdb/O00193.pdb,exact_sequence_match,True
O00231,/data/ranran/my_ptm/croton/data/structure_pipeline/pdb/O00231.pdb,exact_sequence_match,True
O00232,/data/ranran/my_ptm/croton/data/structure_pipeline/pdb/O00232.pdb,exact_sequence_match,True
O00244,/data/ranran/my_ptm/croton/data/structure_pipeline/pdb/O00244.pdb,exact_sequence_match,True
O00264,,missing_pdb,False
O00291,,missing_pdb,False
O00330,/data/ranran/my_ptm/croton/data/structure_pipeline/pdb/O00330.pdb,exact_sequence_match,True
O00401,/data/ranran/my_ptm/croton/data/structure_pipeline/pdb/O00401.pdb,exact_sequence_match,True
O00410,,missing_pdb,False
O00442,/data/ranran/my_ptm/croton/data/structure_pipeline/pdb/O00442.pdb,exact_sequence_match,True
O00471,/data/ranran/my_ptm/croton/data/structure_pipeline/pdb/O00471.pdb,exact_sequence_match,True
O00499,/data/ranran/my_ptm/croton/data/structure_pipeline/pdb/O00499.pdb,exact_sequence_match,True
O00560,/data/ranran/my_ptm/croton/data/structure_pipeline/pdb/O00560.pdb,exact_sequence_match,True
O00567,/data/ranran/my_ptm/croton/data/structure_pipeline/pdb/O00567.pdb,exact_sequence_match,True
O00571,/data/ranran/my_ptm/croton/data/structure_pipeline/pdb/O00571.pdb,exact_sequence_match,True
O00635,,missing_pdb,False
O00767,/data/ranran/my_ptm/croton/data/structure_pipeline/pdb/O00767.pdb,exact_sequence_match,True
O08547,,missing_pdb,False
O08579,,missing_pdb,False
O08582,,missing_pdb,False
O08583,,missing_pdb,False
O08586,,missing_pdb,False
O08600,,missing_pdb,False
O08705,,missing_pdb,False
O08709,,missing_pdb,False
O08749,,missing_pdb,False
O08914,,missing_pdb,False
O09035,,missing_pdb,False
O09167,,missing_pdb,False
O09172,,missing_pdb,False
O09173,,missing_pdb,False
O14562,/data/ranran/my_ptm/croton/data/structure_pipeline/pdb/O14562.pdb,exact_sequence_match,True
O14602,/data/ranran/my_ptm/croton/data/structure_pipeline/pdb/O14602.pdb,exact_sequence_match,True
O14617,/data/ranran/my_ptm/croton/data/structure_pipeline/pdb/O14617.pdb,exact_sequence_match,True
O14681,,missing_pdb,False
O14727,/data/ranran/my_ptm/croton/data/structure_pipeline/pdb/O14727.pdb,exact_sequence_match,True
O14734,,missing_pdb,False
O14787,,missing_pdb,False
O14802,/data/ranran/my_ptm/croton/data/structure_pipeline/pdb/O14802.pdb,exact_sequence_match,True
O14832,,missing_pdb,False
O14920,,missing_pdb,False
O14949,,missing_pdb,False
O14950,/data/ranran/my_ptm/croton/data/structure_pipeline/pdb/O14950.pdb,exact_sequence_match,True
O14964,/data/ranran/my_ptm/croton/data/structure_pipeline/pdb/O14964.pdb,exact_sequence_match,True
O14974,/data/ranran/my_ptm/croton/data/structure_pipeline/pdb/O14974.pdb,exact_sequence_match,True
O14979,/data/ranran/my_ptm/croton/data/structure_pipeline/pdb/O14979.pdb,exact_sequence_match,True
O14980,/data/ranran/my_ptm/croton/data/structure_pipeline/pdb/O14980.pdb,exact_sequence_match,True
O15020,/data/ranran/my_ptm/croton/data/structure_pipeline/pdb/O15020.pdb,exact_sequence_match,True
O15042,/data/ranran/my_ptm/croton/data/structure_pipeline/pdb/O15042.pdb,exact_sequence_match,True
O15084,/data/ranran/my_ptm/croton/data/structure_pipeline/pdb/O15084.pdb,exact_sequence_match,True
O15091,/data/ranran/my_ptm/croton/data/structure_pipeline/pdb/O15091.pdb,exact_sequence_match,True
O15131,,missing_pdb,False
O15143,/data/ranran/my_ptm/croton/data/structure_pipeline/pdb/O15143.pdb,exact_sequence_match,True
O15144,/data/ranran/my_ptm/croton/data/structure_pipeline/pdb/O15144.pdb,exact_sequence_match,True
O15145,/data/ranran/my_ptm/croton/data/structure_pipeline/pdb/O15145.pdb,exact_sequence_match,True
O15173,/data/ranran/my_ptm/croton/data/structure_pipeline/pdb/O15173.pdb,exact_sequence_match,True
O15228,,missing_pdb,False
O15258,,missing_pdb,False
O15260,/data/ranran/my_ptm/croton/data/structure_pipeline/pdb/O15260.pdb,exact_sequence_match,True
O15269,/data/ranran/my_ptm/croton/data/structure_pipeline/pdb/O15269.pdb,exact_sequence_match,True
O15270,/data/ranran/my_ptm/croton/data/structure_pipeline/pdb/O15270.pdb,exact_sequence_match,True
O15357,/data/ranran/my_ptm/croton/data/structure_pipeline/pdb/O15357.pdb,exact_sequence_match,True
O15371,/data/ranran/my_ptm/croton/data/structure_pipeline/pdb/O15371.pdb,exact_sequence_match,True
O15372,/data/ranran/my_ptm/croton/data/structure_pipeline/pdb/O15372.pdb,exact_sequence_match,True
O15382,,missing_pdb,False
O15400,/data/ranran/my_ptm/croton/data/structure_pipeline/pdb/O15400.pdb,exact_sequence_match,True
O15530,,missing_pdb,False
O35129,,missing_pdb,False
O35143,,missing_pdb,False
O35215,,missing_pdb,False
O35286,,missing_pdb,False
O35295,,missing_pdb,False
O35382,,missing_pdb,False
O35400,,missing_pdb,False
O35450,,missing_pdb,False
O35490,,missing_pdb,False
O35609,,missing_pdb,False
O35623,,missing_pdb,False
O35685,,missing_pdb,False
O35963,,missing_pdb,False
O43148,/data/ranran/my_ptm/croton/data/structure_pipeline/pdb/O43148.pdb,exact_sequence_match,True
O43159,,missing_pdb,False
O43172,/data/ranran/my_ptm/croton/data/structure_pipeline/pdb/O43172.pdb,exact_sequence_match,True
O43175,/data/ranran/my_ptm/croton/data/structure_pipeline/pdb/O43175.pdb,exact_sequence_match,True
O43242,/data/ranran/my_ptm/croton/data/structure_pipeline/pdb/O43242.pdb,exact_sequence_match,True
O43324,/data/ranran/my_ptm/croton/data/structure_pipeline/pdb/O43324.pdb,exact_sequence_match,True
O43390,/data/ranran/my_ptm/croton/data/structure_pipeline/pdb/O43390.pdb,exact_sequence_match,True
O43395,/data/ranran/my_ptm/croton/data/structure_pipeline/pdb/O43395.pdb,exact_sequence_match,True
O43402,,missing_pdb,False
O43414,,missing_pdb,False
O43678,,missing_pdb,False
O43683,,missing_pdb,False
O43708,,missing_pdb,False
O43747,/data/ranran/my_ptm/croton/data/structure_pipeline/pdb/O43747.pdb,exact_sequence_match,True
O43795,/data/ranran/my_ptm/croton/data/structure_pipeline/pdb/O43795.pdb,exact_sequence_match,True
O43809,/data/ranran/my_ptm/croton/data/structure_pipeline/pdb/O43809.pdb,exact_sequence_match,True
O43819,,missing_pdb,False
O43837,/data/ranran/my_ptm/croton/data/structure_pipeline/pdb/O43837.pdb,exact_sequence_match,True
O43865,,missing_pdb,False
O54909,,missing_pdb,False
O54916,,missing_pdb,False
O55023,,missing_pdb,False
O55060,,missing_pdb,False
O55143,,missing_pdb,False
O55222,,missing_pdb,False
O60264,/data/ranran/my_ptm/croton/data/structure_pipeline/pdb/O60264.pdb,exact_sequence_match,True
O60306,/data/ranran/my_ptm/croton/data/structure_pipeline/pdb/O60306.pdb,exact_sequence_match,True
O60504,,missing_pdb,False
O60573,,missing_pdb,False
O60645,,missing_pdb,False
O60701,/data/ranran/my_ptm/croton/data/structure_pipeline/pdb/O60701.pdb,exact_sequence_match,True
O60716,/data/ranran/my_ptm/croton/data/structure_pipeline/pdb/O60716.pdb,exact_sequence_match,True
O60739,/data/ranran/my_ptm/croton/data/structure_pipeline/pdb/O60739.pdb,exact_sequence_match,True
O60763,/data/ranran/my_ptm/croton/data/structure_pipeline/pdb/O60763.pdb,exact_sequence_match,True
O60784,,missing_pdb,False
O60841,/data/ranran/my_ptm/croton/data/structure_pipeline/pdb/O60841.pdb,exact_sequence_match,True
O60869,/data/ranran/my_ptm/croton/data/structure_pipeline/pdb/O60869.pdb,exact_sequence_match,True
O60925,/data/ranran/my_ptm/croton/data/structure_pipeline/pdb/O60925.pdb,exact_sequence_match,True
O60934,/data/ranran/my_ptm/croton/data/structure_pipeline/pdb/O60934.pdb,exact_sequence_match,True
O70133,,missing_pdb,False
O70251,,missing_pdb,False
O70293,,missing_pdb,False
O70435,,missing_pdb,False
O70503,,missing_pdb,False
O70551,,missing_pdb,False
O70579,,missing_pdb,False
O75027,/data/ranran/my_ptm/croton/data/structure_pipeline/pdb/O75027.pdb,exact_sequence_match,True
O75083,/data/ranran/my_ptm/croton/data/structure_pipeline/pdb/O75083.pdb,exact_sequence_match,True
O75116,/data/ranran/my_ptm/croton/data/structure_pipeline/pdb/O75116.pdb,exact_sequence_match,True
O75131,/data/ranran/my_ptm/croton/data/structure_pipeline/pdb/O75131.pdb,exact_sequence_match,True
O75167,,missing_pdb,False
O75323,/data/ranran/my_ptm/croton/data/structure_pipeline/pdb/O75323.pdb,exact_sequence_match,True
O75348,/data/ranran/my_ptm/croton/data/structure_pipeline/pdb/O75348.pdb,exact_sequence_match,True
O75351,/data/ranran/my_ptm/croton/data/structure_pipeline/pdb/O75351.pdb,exact_sequence_match,True
O75367,,missing_pdb,False
O75368,/data/ranran/my_ptm/croton/data/structure_pipeline/pdb/O75368.pdb,exact_sequence_match,True
O75390,/data/ranran/my_ptm/croton/data/structure_pipeline/pdb/O75390.pdb,exact_sequence_match,True
O75400,/data/ranran/my_ptm/croton/data/structure_pipeline/pdb/O75400.pdb,exact_sequence_match,True
O75427,,missing_pdb,False
O75436,/data/ranran/my_ptm/croton/data/structure_pipeline/pdb/O75436.pdb,exact_sequence_match,True
O75439,/data/ranran/my_ptm/croton/data/structure_pipeline/pdb/O75439.pdb,exact_sequence_match,True
O75475,/data/ranran/my_ptm/croton/data/structure_pipeline/pdb/O75475.pdb,exact_sequence_match,True
O75521,/data/ranran/my_ptm/croton/data/structure_pipeline/pdb/O75521.pdb,exact_sequence_match,True
O75531,/data/ranran/my_ptm/croton/data/structure_pipeline/pdb/O75531.pdb,exact_sequence_match,True
O75533,/data/ranran/my_ptm/croton/data/structure_pipeline/pdb/O75533.pdb,exact_sequence_match,True
O75534,/data/ranran/my_ptm/croton/data/structure_pipeline/pdb/O75534.pdb,exact_sequence_match,True
O75575,,missing_pdb,False
O75648,,missing_pdb,False
O75815,,missing_pdb,False
O75821,/data/ranran/my_ptm/croton/data/structure_pipeline/pdb/O75821.pdb,exact_sequence_match,True
O75832,/data/ranran/my_ptm/croton/data/structure_pipeline/pdb/O75832.pdb,exact_sequence_match,True
O75844,/data/ranran/my_ptm/croton/data/structure_pipeline/pdb/O75844.pdb,exact_sequence_match,True
O75879,,missing_pdb,False
O75880,,missing_pdb,False
O75907,,missing_pdb,False
O75915,,missing_pdb,False
O75947,/data/ranran/my_ptm/croton/data/structure_pipeline/pdb/O75947.pdb,exact_sequence_match,True
O75955,,missing_pdb,False
O75962,,missing_pdb,False
O75964,/data/ranran/my_ptm/croton/data/structure_pipeline/pdb/O75964.pdb,exact_sequence_match,True
O76003,/data/ranran/my_ptm/croton/data/structure_pipeline/pdb/O76003.pdb,exact_sequence_match,True
O76024,,missing_pdb,False
O76031,,missing_pdb,False
O88428,,missing_pdb,False
O88456,,missing_pdb,False
O88544,,missing_pdb,False
O88587,,missing_pdb,False
O88685,,missing_pdb,False
O88819,,missing_pdb,False
O88851,,missing_pdb,False
O89110,,missing_pdb,False
O94804,/data/ranran/my_ptm/croton/data/structure_pipeline/pdb/O94804.pdb,exact_sequence_match,True
O94832,,missing_pdb,False
O94851,,missing_pdb,False
O94874,/data/ranran/my_ptm/croton/data/structure_pipeline/pdb/O94874.pdb,exact_sequence_match,True
O94916,,missing_pdb,False
O94925,/data/ranran/my_ptm/croton/data/structure_pipeline/pdb/O94925.pdb,exact_sequence_match,True
O95071,,missing_pdb,False
O95139,,missing_pdb,False
O95155,/data/ranran/my_ptm/croton/data/structure_pipeline/pdb/O95155.pdb,exact_sequence_match,True
O95159,,missing_pdb,False
O95182,/data/ranran/my_ptm/croton/data/structure_pipeline/pdb/O95182.pdb,exact_sequence_match,True
O95197,/data/ranran/my_ptm/croton/data/structure_pipeline/pdb/O95197.pdb,exact_sequence_match,True
O95202,/data/ranran/my_ptm/croton/data/structure_pipeline/pdb/O95202.pdb,exact_sequence_match,True
O95248,,missing_pdb,False
O95249,,missing_pdb,False
O95298,,missing_pdb,False
O95299,/data/ranran/my_ptm/croton/data/structure_pipeline/pdb/O95299.pdb,exact_sequence_match,True
O95319,/data/ranran/my_ptm/croton/data/structure_pipeline/pdb/O95319.pdb,exact_sequence_match,True
O95336,,missing_pdb,False
O95347,/data/ranran/my_ptm/croton/data/structure_pipeline/pdb/O95347.pdb,exact_sequence_match,True
O95394,/data/ranran/my_ptm/croton/data/structure_pipeline/pdb/O95394.pdb,exact_sequence_match,True
O95425,,missing_pdb,False
O95433,/data/ranran/my_ptm/croton/data/structure_pipeline/pdb/O95433.pdb,exact_sequence_match,True
O95453,/data/ranran/my_ptm/croton/data/structure_pipeline/pdb/O95453.pdb,exact_sequence_match,True
O95571,,missing_pdb,False
O95573,/data/ranran/my_ptm/croton/data/structure_pipeline/pdb/O95573.pdb,exact_sequence_match,True
O95639,,missing_pdb,False
O95671,,missing_pdb,False
O95747,,missing_pdb,False
O95749,/data/ranran/my_ptm/croton/data/structure_pipeline/pdb/O95749.pdb,exact_sequence_match,True
O95758,,missing_pdb,False
O95782,/data/ranran/my_ptm/croton/data/structure_pipeline/pdb/O95782.pdb,exact_sequence_match,True
O95831,/data/ranran/my_ptm/croton/data/structure_pipeline/pdb/O95831.pdb,exact_sequence_match,True
O95861,/data/ranran/my_ptm/croton/data/structure_pipeline/pdb/O95861.pdb,exact_sequence_match,True
O96019,,missing_pdb,False
P00015,,missing_pdb,False
P00346,,missing_pdb,False
P00367,/data/ranran/my_ptm/croton/data/structure_pipeline/pdb/P00367.pdb,exact_sequence_match,True
P00375,,missing_pdb,False
P00441,/data/ranran/my_ptm/croton/data/structure_pipeline/pdb/P00441.pdb,exact_sequence_match,True
P00493,,missing_pdb,False
P00505,/data/ranran/my_ptm/croton/data/structure_pipeline/pdb/P00505.pdb,exact_sequence_match,True
P00533,/data/ranran/my_ptm/croton/data/structure_pipeline/pdb/P00533.pdb,exact_sequence_match,True
P00558,/data/ranran/my_ptm/croton/data/structure_pipeline/pdb/P00558.pdb,exact_sequence_match,True
P02301,,missing_pdb,False
P02751,,missing_pdb,False
P02787,,missing_pdb,False
P02792,,missing_pdb,False
P03928,,missing_pdb,False
P04035,,missing_pdb,False
P04040,/data/ranran/my_ptm/croton/data/structure_pipeline/pdb/P04040.pdb,exact_sequence_match,True
P04080,/data/ranran/my_ptm/croton/data/structure_pipeline/pdb/P04080.pdb,exact_sequence_match,True
P04083,,missing_pdb,False
P04104,,missing_pdb,False
P04114,,missing_pdb,False
P04179,/data/ranran/my_ptm/croton/data/structure_pipeline/pdb/P04179.pdb,exact_sequence_match,True
P04181,/data/ranran/my_ptm/croton/data/structure_pipeline/pdb/P04181.pdb,exact_sequence_match,True
P04247,,missing_pdb,False
P04406,/data/ranran/my_ptm/croton/data/structure_pipeline/pdb/P04406.pdb,exact_sequence_match,True
P04424,,missing_pdb,False
P04627,,missing_pdb,False
P04792,/data/ranran/my_ptm/croton/data/structure_pipeline/pdb/P04792.pdb,exact_sequence_match,True
P05023,,missing_pdb,False
P05120,,missing_pdb,False
P05198,/data/ranran/my_ptm/croton/data/structure_pipeline/pdb/P05198.pdb,exact_sequence_match,True
P05388,/data/ranran/my_ptm/croton/data/structure_pipeline/pdb/P05388.pdb,exact_sequence_match,True
P05480,,missing_pdb,False
P05556,/data/ranran/my_ptm/croton/data/structure_pipeline/pdb/P05556.pdb,exact_sequence_match,True
P05783,/data/ranran/my_ptm/croton/data/structure_pipeline/pdb/P05783.pdb,exact_sequence_match,True
P06576,/data/ranran/my_ptm/croton/data/structure_pipeline/pdb/P06576.pdb,exact_sequence_match,True
P06703,,missing_pdb,False
P06733,/data/ranran/my_ptm/croton/data/structure_pipeline/pdb/P06733.pdb,exact_sequence_match,True
P06744,/data/ranran/my_ptm/croton/data/structure_pipeline/pdb/P06744.pdb,exact_sequence_match,True
P06748,/data/ranran/my_ptm/croton/data/structure_pipeline/pdb/P06748.pdb,exact_sequence_match,True
P07384,/data/ranran/my_ptm/croton/data/structure_pipeline/pdb/P07384.pdb,exact_sequence_match,True
P07602,,missing_pdb,False
P07724,,missing_pdb,False
P07737,/data/ranran/my_ptm/croton/data/structure_pipeline/pdb/P07737.pdb,exact_sequence_match,True
P07741,/data/ranran/my_ptm/croton/data/structure_pipeline/pdb/P07741.pdb,exact_sequence_match,True
P07814,/data/ranran/my_ptm/croton/data/structure_pipeline/pdb/P07814.pdb,exact_sequence_match,True
P07954,/data/ranran/my_ptm/croton/data/structure_pipeline/pdb/P07954.pdb,exact_sequence_match,True
P08133,/data/ranran/my_ptm/croton/data/structure_pipeline/pdb/P08133.pdb,exact_sequence_match,True
P08240,/data/ranran/my_ptm/croton/data/structure_pipeline/pdb/P08240.pdb,exact_sequence_match,True
P08559,/data/ranran/my_ptm/croton/data/structure_pipeline/pdb/P08559.pdb,exact_sequence_match,True
P08579,,missing_pdb,False
P08842,,missing_pdb,False
P08865,/data/ranran/my_ptm/croton/data/structure_pipeline/pdb/P08865.pdb,exact_sequence_match,True
P09012,/data/ranran/my_ptm/croton/data/structure_pipeline/pdb/P09012.pdb,exact_sequence_match,True
P09038,/data/ranran/my_ptm/croton/data/structure_pipeline/pdb/P09038.pdb,exact_sequence_match,True
P09103,,missing_pdb,False
P09382,/data/ranran/my_ptm/croton/data/structure_pipeline/pdb/P09382.pdb,exact_sequence_match,True
P09417,,missing_pdb,False
P09429,,missing_pdb,False
P09486,,missing_pdb,False
P09496,/data/ranran/my_ptm/croton/data/structure_pipeline/pdb/P09496.pdb,exact_sequence_match,True
P09543,/data/ranran/my_ptm/croton/data/structure_pipeline/pdb/P09543.pdb,exact_sequence_match,True
P09601,,missing_pdb,False
P09661,/data/ranran/my_ptm/croton/data/structure_pipeline/pdb/P09661.pdb,exact_sequence_match,True
P09874,/data/ranran/my_ptm/croton/data/structure_pipeline/pdb/P09874.pdb,exact_sequence_match,True
P09936,,missing_pdb,False
P0C7P0,/data/ranran/my_ptm/croton/data/structure_pipeline/pdb/P0C7P0.pdb,exact_sequence_match,True
P0CB38,,missing_pdb,False
P0CG47,,missing_pdb,False
P0CG49,,missing_pdb,False
P0DME0,,missing_pdb,False
P0DPI2,,missing_pdb,False
P10155,/data/ranran/my_ptm/croton/data/structure_pipeline/pdb/P10155.pdb,exact_sequence_match,True
P10518,,missing_pdb,False
P10599,,missing_pdb,False
P10606,/data/ranran/my_ptm/croton/data/structure_pipeline/pdb/P10606.pdb,exact_sequence_match,True
P10620,/data/ranran/my_ptm/croton/data/structure_pipeline/pdb/P10620.pdb,exact_sequence_match,True
P10711,,missing_pdb,False
P10746,,missing_pdb,False
P10809,/data/ranran/my_ptm/croton/data/structure_pipeline/pdb/P10809.pdb,exact_sequence_match,True
P10922,,missing_pdb,False
P11031,,missing_pdb,False
P11182,,missing_pdb,False
P11233,/data/ranran/my_ptm/croton/data/structure_pipeline/pdb/P11233.pdb,exact_sequence_match,True
P11274,,missing_pdb,False
P11352,,missing_pdb,False
P11413,/data/ranran/my_ptm/croton/data/structure_pipeline/pdb/P11413.pdb,exact_sequence_match,True
P11588,,missing_pdb,False
P11679,,missing_pdb,False
P11725,,missing_pdb,False
P11862,,missing_pdb,False
P11881,,missing_pdb,False
P11983,,missing_pdb,False
P12004,/data/ranran/my_ptm/croton/data/structure_pipeline/pdb/P12004.pdb,exact_sequence_match,True
P12081,/data/ranran/my_ptm/croton/data/structure_pipeline/pdb/P12081.pdb,exact_sequence_match,True
P12268,/data/ranran/my_ptm/croton/data/structure_pipeline/pdb/P12268.pdb,exact_sequence_match,True
P12694,/data/ranran/my_ptm/croton/data/structure_pipeline/pdb/P12694.pdb,exact_sequence_match,True
P12710,,missing_pdb,False
P12956,/data/ranran/my_ptm/croton/data/structure_pipeline/pdb/P12956.pdb,exact_sequence_match,True
P12970,,missing_pdb,False
P13010,/data/ranran/my_ptm/croton/data/structure_pipeline/pdb/P13010.pdb,exact_sequence_match,True
P13073,/data/ranran/my_ptm/croton/data/structure_pipeline/pdb/P13073.pdb,exact_sequence_match,True
P13439,,missing_pdb,False
P13639,/data/ranran/my_ptm/croton/data/structure_pipeline/pdb/P13639.pdb,exact_sequence_match,True
P13693,/data/ranran/my_ptm/croton/data/structure_pipeline/pdb/P13693.pdb,exact_sequence_match,True
P13745,,missing_pdb,False
P13804,/data/ranran/my_ptm/croton/data/structure_pipeline/pdb/P13804.pdb,exact_sequence_match,True
P13807,/data/ranran/my_ptm/croton/data/structure_pipeline/pdb/P13807.pdb,exact_sequence_match,True
P13861,,missing_pdb,False
P13984,/data/ranran/my_ptm/croton/data/structure_pipeline/pdb/P13984.pdb,exact_sequence_match,True
P13995,/data/ranran/my_ptm/croton/data/structure_pipeline/pdb/P13995.pdb,exact_sequence_match,True
P14115,,missing_pdb,False
P14131,,missing_pdb,False
P14148,,missing_pdb,False
P14152,,missing_pdb,False
P14174,/data/ranran/my_ptm/croton/data/structure_pipeline/pdb/P14174.pdb,exact_sequence_match,True
P14324,/data/ranran/my_ptm/croton/data/structure_pipeline/pdb/P14324.pdb,exact_sequence_match,True
P14550,/data/ranran/my_ptm/croton/data/structure_pipeline/pdb/P14550.pdb,exact_sequence_match,True
P14576,,missing_pdb,False
P14625,/data/ranran/my_ptm/croton/data/structure_pipeline/pdb/P14625.pdb,exact_sequence_match,True
P14649,,missing_pdb,False
P14678,/data/ranran/my_ptm/croton/data/structure_pipeline/pdb/P14678.pdb,exact_sequence_match,True
P14735,/data/ranran/my_ptm/croton/data/structure_pipeline/pdb/P14735.pdb,exact_sequence_match,True
P14866,/data/ranran/my_ptm/croton/data/structure_pipeline/pdb/P14866.pdb,exact_sequence_match,True
P14868,/data/ranran/my_ptm/croton/data/structure_pipeline/pdb/P14868.pdb,exact_sequence_match,True
P14927,,missing_pdb,False
P15105,,missing_pdb,False
P15170,,missing_pdb,False
P15311,/data/ranran/my_ptm/croton/data/structure_pipeline/pdb/P15311.pdb,exact_sequence_match,True
P15559,/data/ranran/my_ptm/croton/data/structure_pipeline/pdb/P15559.pdb,exact_sequence_match,True
P15735,/data/ranran/my_ptm/croton/data/structure_pipeline/pdb/P15735.pdb,exact_sequence_match,True
P15848,,missing_pdb,False
P15880,/data/ranran/my_ptm/croton/data/structure_pipeline/pdb/P15880.pdb,exact_sequence_match,True
P16070,/data/ranran/my_ptm/croton/data/structure_pipeline/pdb/P16070.pdb,exact_sequence_match,True
P16152,/data/ranran/my_ptm/croton/data/structure_pipeline/pdb/P16152.pdb,exact_sequence_match,True
P16260,,missing_pdb,False
P16331,,missing_pdb,False
P16460,,missing_pdb,False
P16546,,missing_pdb,False
P17095,,missing_pdb,False
P17152,,missing_pdb,False
P17252,/data/ranran/my_ptm/croton/data/structure_pipeline/pdb/P17252.pdb,exact_sequence_match,True
P17563,,missing_pdb,False
P17665,,missing_pdb,False
P17931,,missing_pdb,False
P18031,/data/ranran/my_ptm/croton/data/structure_pipeline/pdb/P18031.pdb,exact_sequence_match,True
P18206,/data/ranran/my_ptm/croton/data/structure_pipeline/pdb/P18206.pdb,exact_sequence_match,True
P18583,/data/ranran/my_ptm/croton/data/structure_pipeline/pdb/P18583.pdb,exact_sequence_match,True
P18608,,missing_pdb,False
P18621,/data/ranran/my_ptm/croton/data/structure_pipeline/pdb/P18621.pdb,exact_sequence_match,True
P18669,/data/ranran/my_ptm/croton/data/structure_pipeline/pdb/P18669.pdb,exact_sequence_match,True
P18760,,missing_pdb,False
P18859,,missing_pdb,False
P19253,,missing_pdb,False
P19338,/data/ranran/my_ptm/croton/data/structure_pipeline/pdb/P19338.pdb,exact_sequence_match,True
P19367,/data/ranran/my_ptm/croton/data/structure_pipeline/pdb/P19367.pdb,exact_sequence_match,True
P19404,/data/ranran/my_ptm/croton/data/structure_pipeline/pdb/P19404.pdb,exact_sequence_match,True
P19447,,missing_pdb,False
P19623,,missing_pdb,False
P19838,,missing_pdb,False
P20042,/data/ranran/my_ptm/croton/data/structure_pipeline/pdb/P20042.pdb,exact_sequence_match,True
P20108,,missing_pdb,False
P20618,/data/ranran/my_ptm/croton/data/structure_pipeline/pdb/P20618.pdb,exact_sequence_match,True
P20810,/data/ranran/my_ptm/croton/data/structure_pipeline/pdb/P20810.pdb,exact_sequence_match,True
P20936,,missing_pdb,False
P21281,/data/ranran/my_ptm/croton/data/structure_pipeline/pdb/P21281.pdb,exact_sequence_match,True
P21953,/data/ranran/my_ptm/croton/data/structure_pipeline/pdb/P21953.pdb,exact_sequence_match,True
P22033,/data/ranran/my_ptm/croton/data/structure_pipeline/pdb/P22033.pdb,exact_sequence_match,True
P22061,,missing_pdb,False
P22090,/data/ranran/my_ptm/croton/data/structure_pipeline/pdb/P22090.pdb,exact_sequence_match,True
P22102,/data/ranran/my_ptm/croton/data/structure_pipeline/pdb/P22102.pdb,exact_sequence_match,True
P22234,/data/ranran/my_ptm/croton/data/structure_pipeline/pdb/P22234.pdb,exact_sequence_match,True
P22307,/data/ranran/my_ptm/croton/data/structure_pipeline/pdb/P22307.pdb,exact_sequence_match,True
P22314,/data/ranran/my_ptm/croton/data/structure_pipeline/pdb/P22314.pdb,exact_sequence_match,True
P22570,,missing_pdb,False
P22695,/data/ranran/my_ptm/croton/data/structure_pipeline/pdb/P22695.pdb,exact_sequence_match,True
P22830,/data/ranran/my_ptm/croton/data/structure_pipeline/pdb/P22830.pdb,exact_sequence_match,True
P23246,/data/ranran/my_ptm/croton/data/structure_pipeline/pdb/P23246.pdb,exact_sequence_match,True
P23249,,missing_pdb,False
P23284,,missing_pdb,False
P23368,,missing_pdb,False
P23396,/data/ranran/my_ptm/croton/data/structure_pipeline/pdb/P23396.pdb,exact_sequence_match,True
P23443,,missing_pdb,False
P23468,,missing_pdb,False
P23470,,missing_pdb,False
P23591,,missing_pdb,False
P23634,,missing_pdb,False
P23919,/data/ranran/my_ptm/croton/data/structure_pipeline/pdb/P23919.pdb,exact_sequence_match,True
P24527,,missing_pdb,False
P24539,/data/ranran/my_ptm/croton/data/structure_pipeline/pdb/P24539.pdb,exact_sequence_match,True
P25445,,missing_pdb,False
P25688,,missing_pdb,False
P25705,/data/ranran/my_ptm/croton/data/structure_pipeline/pdb/P25705.pdb,exact_sequence_match,True
P25786,/data/ranran/my_ptm/croton/data/structure_pipeline/pdb/P25786.pdb,exact_sequence_match,True
P25789,/data/ranran/my_ptm/croton/data/structure_pipeline/pdb/P25789.pdb,exact_sequence_match,True
P26150,,missing_pdb,False
P26232,/data/ranran/my_ptm/croton/data/structure_pipeline/pdb/P26232.pdb,exact_sequence_match,True
P26350,,missing_pdb,False
P26378,,missing_pdb,False
P26639,,missing_pdb,False
P26641,/data/ranran/my_ptm/croton/data/structure_pipeline/pdb/P26641.pdb,exact_sequence_match,True
P26883,,missing_pdb,False
P27361,/data/ranran/my_ptm/croton/data/structure_pipeline/pdb/P27361.pdb,exact_sequence_match,True
P27635,/data/ranran/my_ptm/croton/data/structure_pipeline/pdb/P27635.pdb;/data/ranran/my_ptm/croton/data/structure_pipeline/pdb/AF-P27635-F1-model_v6.pdb,sequence_mismatch,False
P27659,,missing_pdb,False
P27661,,missing_pdb,False
P27694,/data/ranran/my_ptm/croton/data/structure_pipeline/pdb/P27694.pdb,exact_sequence_match,True
P27695,/data/ranran/my_ptm/croton/data/structure_pipeline/pdb/P27695.pdb,exact_sequence_match,True
P27797,/data/ranran/my_ptm/croton/data/structure_pipeline/pdb/P27797.pdb,exact_sequence_match,True
P27816,/data/ranran/my_ptm/croton/data/structure_pipeline/pdb/P27816.pdb,exact_sequence_match,True
P27824,/data/ranran/my_ptm/croton/data/structure_pipeline/pdb/P27824.pdb,exact_sequence_match,True
P27986,,missing_pdb,False
P28065,,missing_pdb,False
P28074,,missing_pdb,False
P28230,,missing_pdb,False
P28288,/data/ranran/my_ptm/croton/data/structure_pipeline/pdb/P28288.pdb,exact_sequence_match,True
P28328,,missing_pdb,False
P28331,/data/ranran/my_ptm/croton/data/structure_pipeline/pdb/P28331.pdb,exact_sequence_match,True
P28838,/data/ranran/my_ptm/croton/data/structure_pipeline/pdb/P28838.pdb,exact_sequence_match,True
P29317,,missing_pdb,False
P29351,,missing_pdb,False
P29401,/data/ranran/my_ptm/croton/data/structure_pipeline/pdb/P29401.pdb,exact_sequence_match,True
P29536,,missing_pdb,False
P29558,,missing_pdb,False
P29590,,missing_pdb,False
P29594,,missing_pdb,False
P29595,,missing_pdb,False
P29692,/data/ranran/my_ptm/croton/data/structure_pipeline/pdb/P29692.pdb,exact_sequence_match,True
P30038,,missing_pdb,False
P30044,/data/ranran/my_ptm/croton/data/structure_pipeline/pdb/P30044.pdb,exact_sequence_match,True
P30049,/data/ranran/my_ptm/croton/data/structure_pipeline/pdb/P30049.pdb,exact_sequence_match,True
P30050,/data/ranran/my_ptm/croton/data/structure_pipeline/pdb/P30050.pdb,exact_sequence_match,True
P30084,/data/ranran/my_ptm/croton/data/structure_pipeline/pdb/P30084.pdb,exact_sequence_match,True
P30086,/data/ranran/my_ptm/croton/data/structure_pipeline/pdb/P30086.pdb,exact_sequence_match,True
P30519,/data/ranran/my_ptm/croton/data/structure_pipeline/pdb/P30519.pdb,exact_sequence_match,True
P30622,/data/ranran/my_ptm/croton/data/structure_pipeline/pdb/P30622.pdb,exact_sequence_match,True
P31040,/data/ranran/my_ptm/croton/data/structure_pipeline/pdb/P31040.pdb,exact_sequence_match,True
P31937,/data/ranran/my_ptm/croton/data/structure_pipeline/pdb/P31937.pdb,exact_sequence_match,True
P31939,/data/ranran/my_ptm/croton/data/structure_pipeline/pdb/P31939.pdb,exact_sequence_match,True
P31948,/data/ranran/my_ptm/croton/data/structure_pipeline/pdb/P31948.pdb,exact_sequence_match,True
P31949,/data/ranran/my_ptm/croton/data/structure_pipeline/pdb/P31949.pdb,exact_sequence_match,True
P32067,,missing_pdb,False
P32321,,missing_pdb,False
P32455,,missing_pdb,False
P32848,,missing_pdb,False
P32921,,missing_pdb,False
P32969,/data/ranran/my_ptm/croton/data/structure_pipeline/pdb/P32969.pdb,exact_sequence_match,True
P33176,,missing_pdb,False
P33316,/data/ranran/my_ptm/croton/data/structure_pipeline/pdb/P33316.pdb,exact_sequence_match,True
P33992,/data/ranran/my_ptm/croton/data/structure_pipeline/pdb/P33992.pdb,exact_sequence_match,True
P34897,/data/ranran/my_ptm/croton/data/structure_pipeline/pdb/P34897.pdb,exact_sequence_match,True
P34914,,missing_pdb,False
P35123,,missing_pdb,False
P35268,/data/ranran/my_ptm/croton/data/structure_pipeline/pdb/P35268.pdb,exact_sequence_match,True
P35492,,missing_pdb,False
P35505,,missing_pdb,False
P35550,,missing_pdb,False
P35606,/data/ranran/my_ptm/croton/data/structure_pipeline/pdb/P35606.pdb,exact_sequence_match,True
P35610,/data/ranran/my_ptm/croton/data/structure_pipeline/pdb/P35610.pdb,exact_sequence_match,True
P35659,/data/ranran/my_ptm/croton/data/structure_pipeline/pdb/P35659.pdb,exact_sequence_match,True
P35914,/data/ranran/my_ptm/croton/data/structure_pipeline/pdb/P35914.pdb,exact_sequence_match,True
P35998,,missing_pdb,False
P36542,/data/ranran/my_ptm/croton/data/structure_pipeline/pdb/P36542.pdb,exact_sequence_match,True
P36543,/data/ranran/my_ptm/croton/data/structure_pipeline/pdb/P36543.pdb,exact_sequence_match,True
P36551,,missing_pdb,False
P36578,/data/ranran/my_ptm/croton/data/structure_pipeline/pdb/P36578.pdb,exact_sequence_match,True
P36776,/data/ranran/my_ptm/croton/data/structure_pipeline/pdb/P36776.pdb,exact_sequence_match,True
P36871,/data/ranran/my_ptm/croton/data/structure_pipeline/pdb/P36871.pdb,exact_sequence_match,True
P36993,,missing_pdb,False
P37040,,missing_pdb,False
P37108,/data/ranran/my_ptm/croton/data/structure_pipeline/pdb/P37108.pdb,exact_sequence_match,True
P37235,/data/ranran/my_ptm/croton/data/structure_pipeline/pdb/P37235.pdb,exact_sequence_match,True
P38117,/data/ranran/my_ptm/croton/data/structure_pipeline/pdb/P38117.pdb,exact_sequence_match,True
P38159,,missing_pdb,False
P38606,/data/ranran/my_ptm/croton/data/structure_pipeline/pdb/P38606.pdb,exact_sequence_match,True
P38646,/data/ranran/my_ptm/croton/data/structure_pipeline/pdb/P38646.pdb,exact_sequence_match,True
P39019,/data/ranran/my_ptm/croton/data/structure_pipeline/pdb/P39019.pdb,exact_sequence_match,True
P39054,,missing_pdb,False
P40227,/data/ranran/my_ptm/croton/data/structure_pipeline/pdb/P40227.pdb,exact_sequence_match,True
P40261,,missing_pdb,False
P40630,,missing_pdb,False
P40763,/data/ranran/my_ptm/croton/data/structure_pipeline/pdb/P40763.pdb,exact_sequence_match,True
P40939,/data/ranran/my_ptm/croton/data/structure_pipeline/pdb/P40939.pdb,exact_sequence_match,True
P41091,/data/ranran/my_ptm/croton/data/structure_pipeline/pdb/P41091.pdb,exact_sequence_match,True
P41214,,missing_pdb,False
P41227,/data/ranran/my_ptm/croton/data/structure_pipeline/pdb/P41227.pdb,exact_sequence_match,True
P41250,/data/ranran/my_ptm/croton/data/structure_pipeline/pdb/P41250.pdb,exact_sequence_match,True
P41252,/data/ranran/my_ptm/croton/data/structure_pipeline/pdb/P41252.pdb,exact_sequence_match,True
P42125,,missing_pdb,False
P42166,/data/ranran/my_ptm/croton/data/structure_pipeline/pdb/P42166.pdb,exact_sequence_match,True
P42226,,missing_pdb,False
P42285,/data/ranran/my_ptm/croton/data/structure_pipeline/pdb/P42285.pdb,exact_sequence_match,True
P42345,/data/ranran/my_ptm/croton/data/structure_pipeline/pdb/P42345.pdb,exact_sequence_match,True
P42356,/data/ranran/my_ptm/croton/data/structure_pipeline/pdb/P42356.pdb,exact_sequence_match,True
P42574,,missing_pdb,False
P42680,,missing_pdb,False
P42694,,missing_pdb,False
P42704,/data/ranran/my_ptm/croton/data/structure_pipeline/pdb/P42704.pdb,exact_sequence_match,True
P42932,,missing_pdb,False
P43034,/data/ranran/my_ptm/croton/data/structure_pipeline/pdb/P43034.pdb,exact_sequence_match,True
P43155,/data/ranran/my_ptm/croton/data/structure_pipeline/pdb/P43155.pdb,exact_sequence_match,True
P43220,,missing_pdb,False
P43243,/data/ranran/my_ptm/croton/data/structure_pipeline/pdb/P43243.pdb,exact_sequence_match,True
P43490,/data/ranran/my_ptm/croton/data/structure_pipeline/pdb/P43490.pdb,exact_sequence_match,True
P43897,/data/ranran/my_ptm/croton/data/structure_pipeline/pdb/P43897.pdb,exact_sequence_match,True
P45973,/data/ranran/my_ptm/croton/data/structure_pipeline/pdb/P45973.pdb,exact_sequence_match,True
P46060,/data/ranran/my_ptm/croton/data/structure_pipeline/pdb/P46060.pdb,exact_sequence_match,True
P46063,/data/ranran/my_ptm/croton/data/structure_pipeline/pdb/P46063.pdb,exact_sequence_match,True
P46459,/data/ranran/my_ptm/croton/data/structure_pipeline/pdb/P46459.pdb,exact_sequence_match,True
P46777,/data/ranran/my_ptm/croton/data/structure_pipeline/pdb/P46777.pdb,exact_sequence_match,True
P46781,/data/ranran/my_ptm/croton/data/structure_pipeline/pdb/P46781.pdb,exact_sequence_match,True
P46926,/data/ranran/my_ptm/croton/data/structure_pipeline/pdb/P46926.pdb,exact_sequence_match,True
P46937,/data/ranran/my_ptm/croton/data/structure_pipeline/pdb/P46937.pdb,exact_sequence_match,True
P46939,,missing_pdb,False
P46940,/data/ranran/my_ptm/croton/data/structure_pipeline/pdb/P46940.pdb,exact_sequence_match,True
P47740,,missing_pdb,False
P47753,,missing_pdb,False
P47756,/data/ranran/my_ptm/croton/data/structure_pipeline/pdb/P47756.pdb;/data/ranran/my_ptm/croton/data/structure_pipeline/pdb/AF-P47756-F1-model_v6.pdb,sequence_mismatch,False
P47802,,missing_pdb,False
P47897,/data/ranran/my_ptm/croton/data/structure_pipeline/pdb/P47897.pdb,exact_sequence_match,True
P47911,,missing_pdb,False
P47915,,missing_pdb,False
P47963,,missing_pdb,False
P48047,/data/ranran/my_ptm/croton/data/structure_pipeline/pdb/P48047.pdb,exact_sequence_match,True
P48059,,missing_pdb,False
P48193,,missing_pdb,False
P48200,/data/ranran/my_ptm/croton/data/structure_pipeline/pdb/P48200.pdb,exact_sequence_match,True
P48426,,missing_pdb,False
P48428,,missing_pdb,False
P48444,/data/ranran/my_ptm/croton/data/structure_pipeline/pdb/P48444.pdb,exact_sequence_match,True
P48449,/data/ranran/my_ptm/croton/data/structure_pipeline/pdb/P48449.pdb,exact_sequence_match,True
P48506,,missing_pdb,False
P48637,/data/ranran/my_ptm/croton/data/structure_pipeline/pdb/P48637.pdb,exact_sequence_match,True
P48678,,missing_pdb,False
P48735,/data/ranran/my_ptm/croton/data/structure_pipeline/pdb/P48735.pdb,exact_sequence_match,True
P49023,/data/ranran/my_ptm/croton/data/structure_pipeline/pdb/P49023.pdb,exact_sequence_match,True
P49138,,missing_pdb,False
P49257,/data/ranran/my_ptm/croton/data/structure_pipeline/pdb/P49257.pdb,exact_sequence_match,True
P49327,/data/ranran/my_ptm/croton/data/structure_pipeline/pdb/P49327.pdb,exact_sequence_match,True
P49406,,missing_pdb,False
P49411,/data/ranran/my_ptm/croton/data/structure_pipeline/pdb/P49411.pdb;/data/ranran/my_ptm/croton/data/structure_pipeline/pdb/AF-P49411-F1-model_v6.pdb,sequence_mismatch,False
P49419,/data/ranran/my_ptm/croton/data/structure_pipeline/pdb/P49419.pdb,exact_sequence_match,True
P49458,/data/ranran/my_ptm/croton/data/structure_pipeline/pdb/P49458.pdb,exact_sequence_match,True
P49585,/data/ranran/my_ptm/croton/data/structure_pipeline/pdb/P49585.pdb,exact_sequence_match,True
P49588,,missing_pdb,False
P49591,/data/ranran/my_ptm/croton/data/structure_pipeline/pdb/P49591.pdb,exact_sequence_match,True
P49615,,missing_pdb,False
P49662,/data/ranran/my_ptm/croton/data/structure_pipeline/pdb/P49662.pdb,exact_sequence_match,True
P49720,/data/ranran/my_ptm/croton/data/structure_pipeline/pdb/P49720.pdb,exact_sequence_match,True
P49721,/data/ranran/my_ptm/croton/data/structure_pipeline/pdb/P49721.pdb,exact_sequence_match,True
P49753,/data/ranran/my_ptm/croton/data/structure_pipeline/pdb/P49753.pdb,exact_sequence_match,True
P49754,/data/ranran/my_ptm/croton/data/structure_pipeline/pdb/P49754.pdb,exact_sequence_match,True
P49756,/data/ranran/my_ptm/croton/data/structure_pipeline/pdb/P49756.pdb,exact_sequence_match,True
P49773,/data/ranran/my_ptm/croton/data/structure_pipeline/pdb/P49773.pdb,exact_sequence_match,True
P49792,,missing_pdb,False
P49821,/data/ranran/my_ptm/croton/data/structure_pipeline/pdb/P49821.pdb,exact_sequence_match,True
P49902,/data/ranran/my_ptm/croton/data/structure_pipeline/pdb/P49902.pdb,exact_sequence_match,True
P49914,/data/ranran/my_ptm/croton/data/structure_pipeline/pdb/P49914.pdb,exact_sequence_match,True
P49915,/data/ranran/my_ptm/croton/data/structure_pipeline/pdb/P49915.pdb,exact_sequence_match,True
P49916,/data/ranran/my_ptm/croton/data/structure_pipeline/pdb/P49916.pdb,exact_sequence_match,True
P50171-2,,missing_pdb,False
P50395,,missing_pdb,False
P50416,/data/ranran/my_ptm/croton/data/structure_pipeline/pdb/P50416.pdb,exact_sequence_match,True
P50454,/data/ranran/my_ptm/croton/data/structure_pipeline/pdb/P50454.pdb,exact_sequence_match,True
P50544,,missing_pdb,False
P50552,/data/ranran/my_ptm/croton/data/structure_pipeline/pdb/P50552.pdb,exact_sequence_match,True
P50579,/data/ranran/my_ptm/croton/data/structure_pipeline/pdb/P50579.pdb,exact_sequence_match,True
P50750,,missing_pdb,False
P50995,/data/ranran/my_ptm/croton/data/structure_pipeline/pdb/P50995.pdb,exact_sequence_match,True
P51114,,missing_pdb,False
P51149,/data/ranran/my_ptm/croton/data/structure_pipeline/pdb/P51149.pdb,exact_sequence_match,True
P51398,/data/ranran/my_ptm/croton/data/structure_pipeline/pdb/P51398.pdb,exact_sequence_match,True
P51572,/data/ranran/my_ptm/croton/data/structure_pipeline/pdb/P51572.pdb,exact_sequence_match,True
P51608,,missing_pdb,False
P51617,,missing_pdb,False
P51649,/data/ranran/my_ptm/croton/data/structure_pipeline/pdb/P51649.pdb,exact_sequence_match,True
P51658,,missing_pdb,False
P51659,/data/ranran/my_ptm/croton/data/structure_pipeline/pdb/P51659.pdb,exact_sequence_match,True
P51665,/data/ranran/my_ptm/croton/data/structure_pipeline/pdb/P51665.pdb,exact_sequence_match,True
P51790,,missing_pdb,False
P51809,/data/ranran/my_ptm/croton/data/structure_pipeline/pdb/P51809.pdb,exact_sequence_match,True
P51825,,missing_pdb,False
P51948,,missing_pdb,False
P52196,,missing_pdb,False
P52209,/data/ranran/my_ptm/croton/data/structure_pipeline/pdb/P52209.pdb,exact_sequence_match,True
P52272,/data/ranran/my_ptm/croton/data/structure_pipeline/pdb/P52272.pdb,exact_sequence_match,True
P52306,,missing_pdb,False
P52565,/data/ranran/my_ptm/croton/data/structure_pipeline/pdb/P52565.pdb,exact_sequence_match,True
P52597,,missing_pdb,False
P52758,,missing_pdb,False
P52792,,missing_pdb,False
P52948,/data/ranran/my_ptm/croton/data/structure_pipeline/pdb/P52948.pdb,exact_sequence_match,True
P53004,/data/ranran/my_ptm/croton/data/structure_pipeline/pdb/P53004.pdb,exact_sequence_match,True
P53007,/data/ranran/my_ptm/croton/data/structure_pipeline/pdb/P53007.pdb,exact_sequence_match,True
P53026,,missing_pdb,False
P53041,/data/ranran/my_ptm/croton/data/structure_pipeline/pdb/P53041.pdb,exact_sequence_match,True
P53396,/data/ranran/my_ptm/croton/data/structure_pipeline/pdb/P53396.pdb,exact_sequence_match,True
P53582,,missing_pdb,False
P53597,/data/ranran/my_ptm/croton/data/structure_pipeline/pdb/P53597.pdb,exact_sequence_match,True
P53602,/data/ranran/my_ptm/croton/data/structure_pipeline/pdb/P53602.pdb,exact_sequence_match,True
P53618,/data/ranran/my_ptm/croton/data/structure_pipeline/pdb/P53618.pdb,exact_sequence_match,True
P53621,/data/ranran/my_ptm/croton/data/structure_pipeline/pdb/P53621.pdb,exact_sequence_match,True
P53667,,missing_pdb,False
P53811,,missing_pdb,False
P53990,/data/ranran/my_ptm/croton/data/structure_pipeline/pdb/P53990.pdb,exact_sequence_match,True
P53996,,missing_pdb,False
P54136,/data/ranran/my_ptm/croton/data/structure_pipeline/pdb/P54136.pdb,exact_sequence_match,True
P54578,/data/ranran/my_ptm/croton/data/structure_pipeline/pdb/P54578.pdb,exact_sequence_match,True
P54619,,missing_pdb,False
P54728,,missing_pdb,False
P54819,/data/ranran/my_ptm/croton/data/structure_pipeline/pdb/P54819.pdb,exact_sequence_match,True
P54822,,missing_pdb,False
P54886,/data/ranran/my_ptm/croton/data/structure_pipeline/pdb/P54886.pdb,exact_sequence_match,True
P54920,/data/ranran/my_ptm/croton/data/structure_pipeline/pdb/P54920.pdb,exact_sequence_match,True
P55010,/data/ranran/my_ptm/croton/data/structure_pipeline/pdb/P55010.pdb,exact_sequence_match,True
P55011,/data/ranran/my_ptm/croton/data/structure_pipeline/pdb/P55011.pdb,exact_sequence_match,True
P55036,,missing_pdb,False
P55050,,missing_pdb,False
P55072,/data/ranran/my_ptm/croton/data/structure_pipeline/pdb/P55072.pdb,exact_sequence_match,True
P55264,,missing_pdb,False
P55265,/data/ranran/my_ptm/croton/data/structure_pipeline/pdb/P55265.pdb,exact_sequence_match,True
P55769,/data/ranran/my_ptm/croton/data/structure_pipeline/pdb/P55769.pdb,exact_sequence_match,True
P55786,/data/ranran/my_ptm/croton/data/structure_pipeline/pdb/P55786.pdb,exact_sequence_match,True
P55809,/data/ranran/my_ptm/croton/data/structure_pipeline/pdb/P55809.pdb,exact_sequence_match,True
P55854,/data/ranran/my_ptm/croton/data/structure_pipeline/pdb/P55854.pdb,exact_sequence_match,True
P55884,/data/ranran/my_ptm/croton/data/structure_pipeline/pdb/P55884.pdb,exact_sequence_match,True
P56135,,missing_pdb,False
P56376,,missing_pdb,False
P56377,,missing_pdb,False
P56379,,missing_pdb,False
P56382,,missing_pdb,False
P56391,,missing_pdb,False
P56394,,missing_pdb,False
P56399,,missing_pdb,False
P56477,,missing_pdb,False
P56545,/data/ranran/my_ptm/croton/data/structure_pipeline/pdb/P56545.pdb,exact_sequence_match,True
P56581,,missing_pdb,False
P56589,,missing_pdb,False
P56812,,missing_pdb,False
P57057,,missing_pdb,False
P57060,,missing_pdb,False
P57105,,missing_pdb,False
P57772,,missing_pdb,False
P58281,,missing_pdb,False
P58546,/data/ranran/my_ptm/croton/data/structure_pipeline/pdb/P58546.pdb,exact_sequence_match,True
P58710,,missing_pdb,False
P58742,,missing_pdb,False
P59242,,missing_pdb,False
P59998,/data/ranran/my_ptm/croton/data/structure_pipeline/pdb/P59998.pdb,exact_sequence_match,True
P60228,/data/ranran/my_ptm/croton/data/structure_pipeline/pdb/P60228.pdb,exact_sequence_match,True
P60604,,missing_pdb,False
P60660,,missing_pdb,False
P60670,,missing_pdb,False
P60866,/data/ranran/my_ptm/croton/data/structure_pipeline/pdb/P60866.pdb,exact_sequence_match,True
P61081,/data/ranran/my_ptm/croton/data/structure_pipeline/pdb/P61081.pdb,exact_sequence_match,True
P61086,/data/ranran/my_ptm/croton/data/structure_pipeline/pdb/P61086.pdb,exact_sequence_match,True
P61158,/data/ranran/my_ptm/croton/data/structure_pipeline/pdb/P61158.pdb,exact_sequence_match,True
P61221,/data/ranran/my_ptm/croton/data/structure_pipeline/pdb/P61221.pdb,exact_sequence_match,True
P61247,/data/ranran/my_ptm/croton/data/structure_pipeline/pdb/P61247.pdb,exact_sequence_match,True
P61254,/data/ranran/my_ptm/croton/data/structure_pipeline/pdb/P61254.pdb,exact_sequence_match,True
P61353,/data/ranran/my_ptm/croton/data/structure_pipeline/pdb/P61353.pdb,exact_sequence_match,True
P61458,,missing_pdb,False
P61604,/data/ranran/my_ptm/croton/data/structure_pipeline/pdb/P61604.pdb,exact_sequence_match,True
P61619,/data/ranran/my_ptm/croton/data/structure_pipeline/pdb/P61619.pdb,exact_sequence_match,True
P61764,/data/ranran/my_ptm/croton/data/structure_pipeline/pdb/P61764.pdb,exact_sequence_match,True
P61964,/data/ranran/my_ptm/croton/data/structure_pipeline/pdb/P61964.pdb,exact_sequence_match,True
P61978,/data/ranran/my_ptm/croton/data/structure_pipeline/pdb/P61978.pdb,exact_sequence_match,True
P62073,,missing_pdb,False
P62075,,missing_pdb,False
P62081,/data/ranran/my_ptm/croton/data/structure_pipeline/pdb/P62081.pdb,exact_sequence_match,True
P62136,/data/ranran/my_ptm/croton/data/structure_pipeline/pdb/P62136.pdb,exact_sequence_match,True
P62241,/data/ranran/my_ptm/croton/data/structure_pipeline/pdb/P62241.pdb,exact_sequence_match,True
P62258,/data/ranran/my_ptm/croton/data/structure_pipeline/pdb/P62258.pdb,exact_sequence_match,True
P62263,/data/ranran/my_ptm/croton/data/structure_pipeline/pdb/P62263.pdb,exact_sequence_match,True
P62269,/data/ranran/my_ptm/croton/data/structure_pipeline/pdb/P62269.pdb,exact_sequence_match,True
P62277,/data/ranran/my_ptm/croton/data/structure_pipeline/pdb/P62277.pdb,exact_sequence_match,True
P62281,,missing_pdb,False
P62309,,missing_pdb,False
P62318,/data/ranran/my_ptm/croton/data/structure_pipeline/pdb/P62318.pdb,exact_sequence_match,True
P62717,,missing_pdb,False
P62751,,missing_pdb,False
P62753,/data/ranran/my_ptm/croton/data/structure_pipeline/pdb/P62753.pdb,exact_sequence_match,True
P62805,/data/ranran/my_ptm/croton/data/structure_pipeline/pdb/P62805.pdb,exact_sequence_match,True
P62826,/data/ranran/my_ptm/croton/data/structure_pipeline/pdb/P62826.pdb,exact_sequence_match,True
P62829,/data/ranran/my_ptm/croton/data/structure_pipeline/pdb/P62829.pdb,exact_sequence_match,True
P62841,/data/ranran/my_ptm/croton/data/structure_pipeline/pdb/P62841.pdb,exact_sequence_match,True
P62849,,missing_pdb,False
P62851,/data/ranran/my_ptm/croton/data/structure_pipeline/pdb/P62851.pdb,exact_sequence_match,True
P62854,/data/ranran/my_ptm/croton/data/structure_pipeline/pdb/P62854.pdb,exact_sequence_match,True
P62857,/data/ranran/my_ptm/croton/data/structure_pipeline/pdb/P62857.pdb,exact_sequence_match,True
P62873,/data/ranran/my_ptm/croton/data/structure_pipeline/pdb/P62873.pdb,exact_sequence_match,True
P62888,/data/ranran/my_ptm/croton/data/structure_pipeline/pdb/P62888.pdb,exact_sequence_match,True
P62899,/data/ranran/my_ptm/croton/data/structure_pipeline/pdb/P62899.pdb,exact_sequence_match,True
P62913,/data/ranran/my_ptm/croton/data/structure_pipeline/pdb/P62913.pdb,exact_sequence_match,True
P62918,,missing_pdb,False
P62937,,missing_pdb,False
P62979,,missing_pdb,False
P62993,/data/ranran/my_ptm/croton/data/structure_pipeline/pdb/P62993.pdb,exact_sequence_match,True
P63167,/data/ranran/my_ptm/croton/data/structure_pipeline/pdb/P63167.pdb,exact_sequence_match,True
P63220,/data/ranran/my_ptm/croton/data/structure_pipeline/pdb/P63220.pdb,exact_sequence_match,True
P63241,/data/ranran/my_ptm/croton/data/structure_pipeline/pdb/P63241.pdb,exact_sequence_match,True
P63244,/data/ranran/my_ptm/croton/data/structure_pipeline/pdb/P63244.pdb,exact_sequence_match,True
P63323,,missing_pdb,False
P63325,,missing_pdb,False
P68036,,missing_pdb,False
P68369,,missing_pdb,False
P68400,/data/ranran/my_ptm/croton/data/structure_pipeline/pdb/P68400.pdb,exact_sequence_match,True
P70122,,missing_pdb,False
P70168,,missing_pdb,False
P70202,,missing_pdb,False
P70245,,missing_pdb,False
P70398,,missing_pdb,False
P70441,,missing_pdb,False
P70451,,missing_pdb,False
P70670,,missing_pdb,False
P78344,/data/ranran/my_ptm/croton/data/structure_pipeline/pdb/P78344.pdb,exact_sequence_match,True
P78347,/data/ranran/my_ptm/croton/data/structure_pipeline/pdb/P78347.pdb,exact_sequence_match,True
P78406,/data/ranran/my_ptm/croton/data/structure_pipeline/pdb/P78406.pdb,exact_sequence_match,True
P78417,/data/ranran/my_ptm/croton/data/structure_pipeline/pdb/P78417.pdb,exact_sequence_match,True
P78524,,missing_pdb,False
P78527,,missing_pdb,False
P78559,,missing_pdb,False
P82650,/data/ranran/my_ptm/croton/data/structure_pipeline/pdb/P82650.pdb,exact_sequence_match,True
P82675,/data/ranran/my_ptm/croton/data/structure_pipeline/pdb/P82675.pdb,exact_sequence_match,True
P82909,,missing_pdb,False
P82914,/data/ranran/my_ptm/croton/data/structure_pipeline/pdb/P82914.pdb,exact_sequence_match,True
P82933,/data/ranran/my_ptm/croton/data/structure_pipeline/pdb/P82933.pdb,exact_sequence_match,True
P82979,/data/ranran/my_ptm/croton/data/structure_pipeline/pdb/P82979.pdb,exact_sequence_match,True
P83731,/data/ranran/my_ptm/croton/data/structure_pipeline/pdb/P83731.pdb,exact_sequence_match,True
P83882,,missing_pdb,False
P84089,,missing_pdb,False
P84091,,missing_pdb,False
P84098,/data/ranran/my_ptm/croton/data/structure_pipeline/pdb/P84098.pdb,exact_sequence_match,True
P84103,,missing_pdb,False
P85037,,missing_pdb,False
P85094,,missing_pdb,False
P97352,,missing_pdb,False
P97364,,missing_pdb,False
P97371,,missing_pdb,False
P97379,,missing_pdb,False
P97390,,missing_pdb,False
P97461,,missing_pdb,False
P97765,,missing_pdb,False
P97789,,missing_pdb,False
P97823,,missing_pdb,False
P97872,,missing_pdb,False
P98082,/data/ranran/my_ptm/croton/data/structure_pipeline/pdb/P98082.pdb,exact_sequence_match,True
P98175,/data/ranran/my_ptm/croton/data/structure_pipeline/pdb/P98175.pdb,exact_sequence_match,True
P99025,,missing_pdb,False
P99027,,missing_pdb,False
P99028,,missing_pdb,False
Q00325,/data/ranran/my_ptm/croton/data/structure_pipeline/pdb/Q00325.pdb,exact_sequence_match,True
Q00341,/data/ranran/my_ptm/croton/data/structure_pipeline/pdb/Q00341.pdb;/data/ranran/my_ptm/croton/data/structure_pipeline/pdb/AF-Q00341-F1-model_v6.pdb,sequence_mismatch,False
Q00613,,missing_pdb,False
Q00688,/data/ranran/my_ptm/croton/data/structure_pipeline/pdb/Q00688.pdb,exact_sequence_match,True
Q00765,/data/ranran/my_ptm/croton/data/structure_pipeline/pdb/Q00765.pdb,exact_sequence_match,True
Q01085,,missing_pdb,False
Q01341,,missing_pdb,False
Q01405,,missing_pdb,False
Q01433,,missing_pdb,False
Q01469,/data/ranran/my_ptm/croton/data/structure_pipeline/pdb/Q01469.pdb,exact_sequence_match,True
Q01518,,missing_pdb,False
Q01581,/data/ranran/my_ptm/croton/data/structure_pipeline/pdb/Q01581.pdb,exact_sequence_match,True
Q01658,,missing_pdb,False
Q01813,/data/ranran/my_ptm/croton/data/structure_pipeline/pdb/Q01813.pdb,exact_sequence_match,True
Q01826,,missing_pdb,False
Q01844,/data/ranran/my_ptm/croton/data/structure_pipeline/pdb/Q01844.pdb,exact_sequence_match,True
Q01970,/data/ranran/my_ptm/croton/data/structure_pipeline/pdb/Q01970.pdb,exact_sequence_match,True
Q01995,,missing_pdb,False
Q02252,/data/ranran/my_ptm/croton/data/structure_pipeline/pdb/Q02252.pdb,exact_sequence_match,True
Q02790,/data/ranran/my_ptm/croton/data/structure_pipeline/pdb/Q02790.pdb,exact_sequence_match,True
Q02880,/data/ranran/my_ptm/croton/data/structure_pipeline/pdb/Q02880.pdb,exact_sequence_match,True
Q03001,,missing_pdb,False
Q03135,/data/ranran/my_ptm/croton/data/structure_pipeline/pdb/Q03135.pdb,exact_sequence_match,True
Q03249,,missing_pdb,False
Q04206,,missing_pdb,False
Q04446,/data/ranran/my_ptm/croton/data/structure_pipeline/pdb/Q04446.pdb,exact_sequence_match,True
Q04721,/data/ranran/my_ptm/croton/data/structure_pipeline/pdb/Q04721.pdb,exact_sequence_match,True
Q04760,/data/ranran/my_ptm/croton/data/structure_pipeline/pdb/Q04760.pdb,exact_sequence_match,True
Q04771,,missing_pdb,False
Q04837,/data/ranran/my_ptm/croton/data/structure_pipeline/pdb/Q04837.pdb,exact_sequence_match,True
Q05209,/data/ranran/my_ptm/croton/data/structure_pipeline/pdb/Q05209.pdb,exact_sequence_match,True
Q05397,/data/ranran/my_ptm/croton/data/structure_pipeline/pdb/Q05397.pdb,exact_sequence_match,True
Q05682,/data/ranran/my_ptm/croton/data/structure_pipeline/pdb/Q05682.pdb,exact_sequence_match,True
Q05823,,missing_pdb,False
Q05920,,missing_pdb,False
Q05A62,,missing_pdb,False
Q05AA6,,missing_pdb,False
Q05CL8,,missing_pdb,False
Q06203,/data/ranran/my_ptm/croton/data/structure_pipeline/pdb/Q06203.pdb,exact_sequence_match,True
Q06265,/data/ranran/my_ptm/croton/data/structure_pipeline/pdb/Q06265.pdb,exact_sequence_match,True
Q07065,/data/ranran/my_ptm/croton/data/structure_pipeline/pdb/Q07065.pdb,exact_sequence_match,True
Q07157,/data/ranran/my_ptm/croton/data/structure_pipeline/pdb/Q07157.pdb,exact_sequence_match,True
Q07666,/data/ranran/my_ptm/croton/data/structure_pipeline/pdb/Q07666.pdb,exact_sequence_match,True
Q07955,,missing_pdb,False
Q08209,,missing_pdb,False
Q08378,/data/ranran/my_ptm/croton/data/structure_pipeline/pdb/Q08378.pdb,exact_sequence_match,True
Q08752,/data/ranran/my_ptm/croton/data/structure_pipeline/pdb/Q08752.pdb,exact_sequence_match,True
Q08945,/data/ranran/my_ptm/croton/data/structure_pipeline/pdb/Q08945.pdb,exact_sequence_match,True
Q08AF3,,missing_pdb,False
Q08AM6,/data/ranran/my_ptm/croton/data/structure_pipeline/pdb/Q08AM6.pdb,exact_sequence_match,True
Q08J23,/data/ranran/my_ptm/croton/data/structure_pipeline/pdb/Q08J23.pdb,exact_sequence_match,True
Q09666,,missing_pdb,False
Q0IIM8,/data/ranran/my_ptm/croton/data/structure_pipeline/pdb/Q0IIM8.pdb,exact_sequence_match,True
Q0JRZ9,/data/ranran/my_ptm/croton/data/structure_pipeline/pdb/Q0JRZ9.pdb,exact_sequence_match,True
Q0VGL1,,missing_pdb,False
Q0ZGT2,,missing_pdb,False
Q10567,/data/ranran/my_ptm/croton/data/structure_pipeline/pdb/Q10567.pdb;/data/ranran/my_ptm/croton/data/structure_pipeline/pdb/AF-Q10567-F1-model_v6.pdb,sequence_mismatch,False
Q10713,/data/ranran/my_ptm/croton/data/structure_pipeline/pdb/Q10713.pdb,exact_sequence_match,True
Q12797,/data/ranran/my_ptm/croton/data/structure_pipeline/pdb/Q12797.pdb,exact_sequence_match,True
Q12802,,missing_pdb,False
Q12888,/data/ranran/my_ptm/croton/data/structure_pipeline/pdb/Q12888.pdb,exact_sequence_match,True
Q12904,/data/ranran/my_ptm/croton/data/structure_pipeline/pdb/Q12904.pdb,exact_sequence_match,True
Q12906,/data/ranran/my_ptm/croton/data/structure_pipeline/pdb/Q12906.pdb,exact_sequence_match,True
Q12923,,missing_pdb,False
Q12929,/data/ranran/my_ptm/croton/data/structure_pipeline/pdb/Q12929.pdb,exact_sequence_match,True
Q12974,,missing_pdb,False
Q12980,,missing_pdb,False
Q13011,/data/ranran/my_ptm/croton/data/structure_pipeline/pdb/Q13011.pdb,exact_sequence_match,True
Q13045,/data/ranran/my_ptm/croton/data/structure_pipeline/pdb/Q13045.pdb,exact_sequence_match,True
Q13049,/data/ranran/my_ptm/croton/data/structure_pipeline/pdb/Q13049.pdb,exact_sequence_match,True
Q13098,/data/ranran/my_ptm/croton/data/structure_pipeline/pdb/Q13098.pdb,exact_sequence_match,True
Q13155,/data/ranran/my_ptm/croton/data/structure_pipeline/pdb/Q13155.pdb,exact_sequence_match,True
Q13177,/data/ranran/my_ptm/croton/data/structure_pipeline/pdb/Q13177.pdb,exact_sequence_match,True
Q13190,,missing_pdb,False
Q13191,/data/ranran/my_ptm/croton/data/structure_pipeline/pdb/Q13191.pdb,exact_sequence_match,True
Q13200,/data/ranran/my_ptm/croton/data/structure_pipeline/pdb/Q13200.pdb,exact_sequence_match,True
Q13216,,missing_pdb,False
Q13263,/data/ranran/my_ptm/croton/data/structure_pipeline/pdb/Q13263.pdb,exact_sequence_match,True
Q13310,/data/ranran/my_ptm/croton/data/structure_pipeline/pdb/Q13310.pdb,exact_sequence_match,True
Q13325,/data/ranran/my_ptm/croton/data/structure_pipeline/pdb/Q13325.pdb,exact_sequence_match,True
Q13330,,missing_pdb,False
Q13347,/data/ranran/my_ptm/croton/data/structure_pipeline/pdb/Q13347.pdb,exact_sequence_match,True
Q13404,,missing_pdb,False
Q13409,/data/ranran/my_ptm/croton/data/structure_pipeline/pdb/Q13409.pdb,exact_sequence_match,True
Q13423,/data/ranran/my_ptm/croton/data/structure_pipeline/pdb/Q13423.pdb,exact_sequence_match,True
Q13426,,missing_pdb,False
Q13428,/data/ranran/my_ptm/croton/data/structure_pipeline/pdb/Q13428.pdb,exact_sequence_match,True
Q13439,/data/ranran/my_ptm/croton/data/structure_pipeline/pdb/Q13439.pdb,exact_sequence_match,True
Q13459,/data/ranran/my_ptm/croton/data/structure_pipeline/pdb/Q13459.pdb,exact_sequence_match,True
Q13485,/data/ranran/my_ptm/croton/data/structure_pipeline/pdb/Q13485.pdb,exact_sequence_match,True
Q13501,/data/ranran/my_ptm/croton/data/structure_pipeline/pdb/Q13501.pdb,exact_sequence_match,True
Q13523,/data/ranran/my_ptm/croton/data/structure_pipeline/pdb/Q13523.pdb,exact_sequence_match,True
Q13546,,missing_pdb,False
Q13547,,missing_pdb,False
Q13554,/data/ranran/my_ptm/croton/data/structure_pipeline/pdb/Q13554.pdb,exact_sequence_match,True
Q13561,/data/ranran/my_ptm/croton/data/structure_pipeline/pdb/Q13561.pdb,exact_sequence_match,True
Q13586,/data/ranran/my_ptm/croton/data/structure_pipeline/pdb/Q13586.pdb,exact_sequence_match,True
Q13596,/data/ranran/my_ptm/croton/data/structure_pipeline/pdb/Q13596.pdb,exact_sequence_match,True
Q13601,/data/ranran/my_ptm/croton/data/structure_pipeline/pdb/Q13601.pdb,exact_sequence_match,True
Q13616,/data/ranran/my_ptm/croton/data/structure_pipeline/pdb/Q13616.pdb,exact_sequence_match,True
Q13620,/data/ranran/my_ptm/croton/data/structure_pipeline/pdb/Q13620.pdb,exact_sequence_match,True
Q13627,,missing_pdb,False
Q13642,/data/ranran/my_ptm/croton/data/structure_pipeline/pdb/Q13642.pdb,exact_sequence_match,True
Q13685,,missing_pdb,False
Q13753,,missing_pdb,False
Q13884,,missing_pdb,False
Q13976,,missing_pdb,False
Q14008,/data/ranran/my_ptm/croton/data/structure_pipeline/pdb/Q14008.pdb,exact_sequence_match,True
Q14019,/data/ranran/my_ptm/croton/data/structure_pipeline/pdb/Q14019.pdb,exact_sequence_match,True
Q14103,,missing_pdb,False
Q14139,/data/ranran/my_ptm/croton/data/structure_pipeline/pdb/Q14139.pdb,exact_sequence_match,True
Q14145,,missing_pdb,False
Q14152,/data/ranran/my_ptm/croton/data/structure_pipeline/pdb/Q14152.pdb,exact_sequence_match,True
Q14160,/data/ranran/my_ptm/croton/data/structure_pipeline/pdb/Q14160.pdb;/data/ranran/my_ptm/croton/data/structure_pipeline/pdb/AF-Q14160-F1-model_v6.pdb,sequence_mismatch,False
Q14161,,missing_pdb,False
Q14192,,missing_pdb,False
Q14203,/data/ranran/my_ptm/croton/data/structure_pipeline/pdb/Q14203.pdb,exact_sequence_match,True
Q14204,,missing_pdb,False
Q14247,/data/ranran/my_ptm/croton/data/structure_pipeline/pdb/Q14247.pdb,exact_sequence_match,True
Q14315,,missing_pdb,False
Q14318,/data/ranran/my_ptm/croton/data/structure_pipeline/pdb/Q14318.pdb,exact_sequence_match,True
Q14320,/data/ranran/my_ptm/croton/data/structure_pipeline/pdb/Q14320.pdb,exact_sequence_match,True
Q14344,,missing_pdb,False
Q14444,/data/ranran/my_ptm/croton/data/structure_pipeline/pdb/Q14444.pdb,exact_sequence_match,True
Q14644,,missing_pdb,False
Q14669,,missing_pdb,False
Q14694,/data/ranran/my_ptm/croton/data/structure_pipeline/pdb/Q14694.pdb,exact_sequence_match,True
Q14739,/data/ranran/my_ptm/croton/data/structure_pipeline/pdb/Q14739.pdb,exact_sequence_match,True
Q14764,/data/ranran/my_ptm/croton/data/structure_pipeline/pdb/Q14764.pdb,exact_sequence_match,True
Q14789,,missing_pdb,False
Q147X3,,missing_pdb,False
Q14914,/data/ranran/my_ptm/croton/data/structure_pipeline/pdb/Q14914.pdb,exact_sequence_match,True
Q14980,/data/ranran/my_ptm/croton/data/structure_pipeline/pdb/Q14980.pdb,exact_sequence_match,True
Q14997,,missing_pdb,False
Q14BI5,,missing_pdb,False
Q14BN4,/data/ranran/my_ptm/croton/data/structure_pipeline/pdb/Q14BN4.pdb,exact_sequence_match,True
Q14CX7,/data/ranran/my_ptm/croton/data/structure_pipeline/pdb/Q14CX7.pdb,exact_sequence_match,True
Q15005,/data/ranran/my_ptm/croton/data/structure_pipeline/pdb/Q15005.pdb,exact_sequence_match,True
Q15019,,missing_pdb,False
Q15020,/data/ranran/my_ptm/croton/data/structure_pipeline/pdb/Q15020.pdb,exact_sequence_match,True
Q15021,/data/ranran/my_ptm/croton/data/structure_pipeline/pdb/Q15021.pdb,exact_sequence_match,True
Q15031,/data/ranran/my_ptm/croton/data/structure_pipeline/pdb/Q15031.pdb,exact_sequence_match,True
Q15042,/data/ranran/my_ptm/croton/data/structure_pipeline/pdb/Q15042.pdb,exact_sequence_match,True
Q15046,/data/ranran/my_ptm/croton/data/structure_pipeline/pdb/Q15046.pdb,exact_sequence_match,True
Q15056,/data/ranran/my_ptm/croton/data/structure_pipeline/pdb/Q15056.pdb,exact_sequence_match,True
Q15057,/data/ranran/my_ptm/croton/data/structure_pipeline/pdb/Q15057.pdb,exact_sequence_match,True
Q15075,/data/ranran/my_ptm/croton/data/structure_pipeline/pdb/Q15075.pdb,exact_sequence_match,True
Q15084,/data/ranran/my_ptm/croton/data/structure_pipeline/pdb/Q15084.pdb,exact_sequence_match,True
Q15126,/data/ranran/my_ptm/croton/data/structure_pipeline/pdb/Q15126.pdb,exact_sequence_match,True
Q15185,/data/ranran/my_ptm/croton/data/structure_pipeline/pdb/Q15185.pdb,exact_sequence_match,True
Q15257,/data/ranran/my_ptm/croton/data/structure_pipeline/pdb/Q15257.pdb,exact_sequence_match,True
Q15276,/data/ranran/my_ptm/croton/data/structure_pipeline/pdb/Q15276.pdb,exact_sequence_match,True
Q15291,,missing_pdb,False
Q15397,/data/ranran/my_ptm/croton/data/structure_pipeline/pdb/Q15397.pdb,exact_sequence_match,True
Q15404,/data/ranran/my_ptm/croton/data/structure_pipeline/pdb/Q15404.pdb,exact_sequence_match,True
Q15428,/data/ranran/my_ptm/croton/data/structure_pipeline/pdb/Q15428.pdb,exact_sequence_match,True
Q15459,/data/ranran/my_ptm/croton/data/structure_pipeline/pdb/Q15459.pdb,exact_sequence_match,True
Q15477,,missing_pdb,False
Q15555,/data/ranran/my_ptm/croton/data/structure_pipeline/pdb/Q15555.pdb,exact_sequence_match,True
Q15629,/data/ranran/my_ptm/croton/data/structure_pipeline/pdb/Q15629.pdb,exact_sequence_match,True
Q15631,/data/ranran/my_ptm/croton/data/structure_pipeline/pdb/Q15631.pdb,exact_sequence_match,True
Q15642,,missing_pdb,False
Q15643,/data/ranran/my_ptm/croton/data/structure_pipeline/pdb/Q15643.pdb,exact_sequence_match,True
Q15738,/data/ranran/my_ptm/croton/data/structure_pipeline/pdb/Q15738.pdb,exact_sequence_match,True
Q15746,,missing_pdb,False
Q16134,/data/ranran/my_ptm/croton/data/structure_pipeline/pdb/Q16134.pdb,exact_sequence_match,True
Q16181,,missing_pdb,False
Q16204,/data/ranran/my_ptm/croton/data/structure_pipeline/pdb/Q16204.pdb,exact_sequence_match,True
Q16222,/data/ranran/my_ptm/croton/data/structure_pipeline/pdb/Q16222.pdb,exact_sequence_match,True
Q16513,/data/ranran/my_ptm/croton/data/structure_pipeline/pdb/Q16513.pdb,exact_sequence_match,True
Q16531,/data/ranran/my_ptm/croton/data/structure_pipeline/pdb/Q16531.pdb,exact_sequence_match,True
Q16537,,missing_pdb,False
Q16555,/data/ranran/my_ptm/croton/data/structure_pipeline/pdb/Q16555.pdb,exact_sequence_match,True
Q16576,,missing_pdb,False
Q16585,,missing_pdb,False
Q16630,/data/ranran/my_ptm/croton/data/structure_pipeline/pdb/Q16630.pdb,exact_sequence_match,True
Q16643,/data/ranran/my_ptm/croton/data/structure_pipeline/pdb/Q16643.pdb,exact_sequence_match,True
Q16658,/data/ranran/my_ptm/croton/data/structure_pipeline/pdb/Q16658.pdb,exact_sequence_match,True
Q16666,/data/ranran/my_ptm/croton/data/structure_pipeline/pdb/Q16666.pdb,exact_sequence_match,True
Q16698,,missing_pdb,False
Q16718,/data/ranran/my_ptm/croton/data/structure_pipeline/pdb/Q16718.pdb,exact_sequence_match,True
Q16740,,missing_pdb,False
Q16795,/data/ranran/my_ptm/croton/data/structure_pipeline/pdb/Q16795.pdb,exact_sequence_match,True
Q16822,/data/ranran/my_ptm/croton/data/structure_pipeline/pdb/Q16822.pdb,exact_sequence_match,True
Q16836,/data/ranran/my_ptm/croton/data/structure_pipeline/pdb/Q16836.pdb,exact_sequence_match,True
Q16850,,missing_pdb,False
Q16851,/data/ranran/my_ptm/croton/data/structure_pipeline/pdb/Q16851.pdb,exact_sequence_match,True
Q16854,,missing_pdb,False
Q16881,,missing_pdb,False
Q16891,/data/ranran/my_ptm/croton/data/structure_pipeline/pdb/Q16891.pdb,exact_sequence_match,True
Q27J81,/data/ranran/my_ptm/croton/data/structure_pipeline/pdb/Q27J81.pdb,exact_sequence_match,True
Q2EMV9,,missing_pdb,False
Q2KHT3,,missing_pdb,False
Q2M389,/data/ranran/my_ptm/croton/data/structure_pipeline/pdb/Q2M389.pdb,exact_sequence_match,True
Q2NKX8,/data/ranran/my_ptm/croton/data/structure_pipeline/pdb/Q2NKX8.pdb,exact_sequence_match,True
Q2TAL8,/data/ranran/my_ptm/croton/data/structure_pipeline/pdb/Q2TAL8.pdb,exact_sequence_match,True
Q2TPA8,,missing_pdb,False
Q31125,,missing_pdb,False
Q3SY17,,missing_pdb,False
Q3SY69,,missing_pdb,False
Q3SYG4,,missing_pdb,False
Q3TDN2,,missing_pdb,False
Q3THG9,,missing_pdb,False
Q3TIV5,,missing_pdb,False
Q3TMH2,,missing_pdb,False
Q3TNA1,,missing_pdb,False
Q3TX08,,missing_pdb,False
Q3TXS7,,missing_pdb,False
Q3U0V1,,missing_pdb,False
Q3U2P1,,missing_pdb,False
Q3UE92,,missing_pdb,False
Q3UEG6,,missing_pdb,False
Q3UEL5,,missing_pdb,False
Q3UGC7,,missing_pdb,False
Q3UGP8,,missing_pdb,False
Q3UGR5,,missing_pdb,False
Q3UHX2,,missing_pdb,False
Q3UHX9,,missing_pdb,False
Q3UIR3,,missing_pdb,False
Q3UJU9,,missing_pdb,False
Q3ULD5,,missing_pdb,False
Q3ULJ0,,missing_pdb,False
Q3UM45,,missing_pdb,False
Q3UMF0,,missing_pdb,False
Q3UPF5,,missing_pdb,False
Q3UPH1,,missing_pdb,False
Q3UPL0,,missing_pdb,False
Q3UPP8,,missing_pdb,False
Q3UQU0,,missing_pdb,False
Q3UYV9,,missing_pdb,False
Q3V132,,missing_pdb,False
Q3YEC7,,missing_pdb,False
Q495M9,,missing_pdb,False
Q4G176,,missing_pdb,False
Q4KMM3,,missing_pdb,False
Q4LDG0,,missing_pdb,False
Q4VAA2,,missing_pdb,False
Q4VWZ5,,missing_pdb,False
Q52KE7,,missing_pdb,False
Q52KI8,,missing_pdb,False
Q52L67,,missing_pdb,False
Q53EP0,,missing_pdb,False
Q53H82,/data/ranran/my_ptm/croton/data/structure_pipeline/pdb/Q53H82.pdb,exact_sequence_match,True
Q53LP3,,missing_pdb,False
Q53R41,,missing_pdb,False
Q53S33,/data/ranran/my_ptm/croton/data/structure_pipeline/pdb/Q53S33.pdb,exact_sequence_match,True
Q567U6,/data/ranran/my_ptm/croton/data/structure_pipeline/pdb/Q567U6.pdb,exact_sequence_match,True
Q570Y9,,missing_pdb,False
Q571H0,,missing_pdb,False
Q5BL07,,missing_pdb,False
Q5EG47,,missing_pdb,False
Q5FW57,,missing_pdb,False
Q5I0W6,,missing_pdb,False
Q5JPH6,/data/ranran/my_ptm/croton/data/structure_pipeline/pdb/Q5JPH6.pdb,exact_sequence_match,True
Q5JRA6,/data/ranran/my_ptm/croton/data/structure_pipeline/pdb/Q5JRA6.pdb,exact_sequence_match,True
Q5JRX3,/data/ranran/my_ptm/croton/data/structure_pipeline/pdb/Q5JRX3.pdb,exact_sequence_match,True
Q5JTH9,/data/ranran/my_ptm/croton/data/structure_pipeline/pdb/Q5JTH9.pdb,exact_sequence_match,True
Q5K651,,missing_pdb,False
Q5MNZ6,/data/ranran/my_ptm/croton/data/structure_pipeline/pdb/Q5MNZ6.pdb,exact_sequence_match,True
Q5NCR9,,missing_pdb,False
Q5R372,,missing_pdb,False
Q5RJG7,,missing_pdb,False
Q5RJH2,,missing_pdb,False
Q5RKZ7,,missing_pdb,False
Q5SRE5,/data/ranran/my_ptm/croton/data/structure_pipeline/pdb/Q5SRE5.pdb,exact_sequence_match,True
Q5SSJ5,/data/ranran/my_ptm/croton/data/structure_pipeline/pdb/Q5SSJ5.pdb,exact_sequence_match,True
Q5SWX8,,missing_pdb,False
Q5SXR6,,missing_pdb,False
Q5T0F9,,missing_pdb,False
Q5T160,,missing_pdb,False
Q5T1C6,/data/ranran/my_ptm/croton/data/structure_pipeline/pdb/Q5T1C6.pdb,exact_sequence_match,True
Q5T1M5,/data/ranran/my_ptm/croton/data/structure_pipeline/pdb/Q5T1M5.pdb,exact_sequence_match,True
Q5T2N8,,missing_pdb,False
Q5T440,,missing_pdb,False
Q5T4S7,,missing_pdb,False
Q5T5C0,,missing_pdb,False
Q5T9A4,/data/ranran/my_ptm/croton/data/structure_pipeline/pdb/Q5T9A4.pdb,exact_sequence_match,True
Q5TC82,,missing_pdb,False
Q5TFE4,/data/ranran/my_ptm/croton/data/structure_pipeline/pdb/Q5TFE4.pdb,exact_sequence_match,True
Q5THJ4,,missing_pdb,False
Q5U458,,missing_pdb,False
Q5U5V2,,missing_pdb,False
Q5VIR6,/data/ranran/my_ptm/croton/data/structure_pipeline/pdb/Q5VIR6.pdb,exact_sequence_match,True
Q5VSL9,/data/ranran/my_ptm/croton/data/structure_pipeline/pdb/Q5VSL9.pdb,exact_sequence_match,True
Q5VTQ0,,missing_pdb,False
Q5VW32,/data/ranran/my_ptm/croton/data/structure_pipeline/pdb/Q5VW32.pdb,exact_sequence_match,True
Q5VW36,/data/ranran/my_ptm/croton/data/structure_pipeline/pdb/Q5VW36.pdb;/data/ranran/my_ptm/croton/data/structure_pipeline/pdb/AF-Q5VW36-F1-model_v6.pdb,sequence_mismatch,False
Q5VYK3,/data/ranran/my_ptm/croton/data/structure_pipeline/pdb/Q5VYK3.pdb,exact_sequence_match,True
Q5VZF2,,missing_pdb,False
Q5W0V3,/data/ranran/my_ptm/croton/data/structure_pipeline/pdb/Q5W0V3.pdb,exact_sequence_match,True
Q5XG73,,missing_pdb,False
Q60710,,missing_pdb,False
Q60866,,missing_pdb,False
Q60932,,missing_pdb,False
Q60991,,missing_pdb,False
Q61081,,missing_pdb,False
Q61133,,missing_pdb,False
Q61176,,missing_pdb,False
Q61187,,missing_pdb,False
Q61206,,missing_pdb,False
Q61409,,missing_pdb,False
Q61419,,missing_pdb,False
Q61510,,missing_pdb,False
Q61586,,missing_pdb,False
Q61635,,missing_pdb,False
Q61754,,missing_pdb,False
Q61792,,missing_pdb,False
Q62264,,missing_pdb,False
Q62376,,missing_pdb,False
Q62417,,missing_pdb,False
Q62418,,missing_pdb,False
Q62425,,missing_pdb,False
Q63932,,missing_pdb,False
Q63HN8,,missing_pdb,False
Q63HR2,,missing_pdb,False
Q63ZY3,,missing_pdb,False
Q64133,,missing_pdb,False
Q64152,,missing_pdb,False
Q64374,,missing_pdb,False
Q64442,,missing_pdb,False
Q64459,,missing_pdb,False
Q64514,,missing_pdb,False
Q64516,,missing_pdb,False
Q66K74,,missing_pdb,False
Q68DU8,,missing_pdb,False
Q68FL6,,missing_pdb,False
Q69YN2,,missing_pdb,False
Q69YQ0,/data/ranran/my_ptm/croton/data/structure_pipeline/pdb/Q69YQ0.pdb;/data/ranran/my_ptm/croton/data/structure_pipeline/pdb/AF-Q69YQ0-F1-model_v6.pdb,sequence_mismatch,False
Q6A0A9,,missing_pdb,False
Q6A4J8,,missing_pdb,False
Q6DFZ1,,missing_pdb,False
Q6GMV3,,missing_pdb,False
Q6IA86,/data/ranran/my_ptm/croton/data/structure_pipeline/pdb/Q6IA86.pdb,exact_sequence_match,True
Q6L8Q7,,missing_pdb,False
Q6NSR8,,missing_pdb,False
Q6NUK1,/data/ranran/my_ptm/croton/data/structure_pipeline/pdb/Q6NUK1.pdb,exact_sequence_match,True
Q6NUM9,/data/ranran/my_ptm/croton/data/structure_pipeline/pdb/Q6NUM9.pdb,exact_sequence_match,True
Q6NUQ4,/data/ranran/my_ptm/croton/data/structure_pipeline/pdb/Q6NUQ4.pdb,exact_sequence_match,True
Q6NVY1,/data/ranran/my_ptm/croton/data/structure_pipeline/pdb/Q6NVY1.pdb,exact_sequence_match,True
Q6NXT6,,missing_pdb,False
Q6NZI2,/data/ranran/my_ptm/croton/data/structure_pipeline/pdb/Q6NZI2.pdb,exact_sequence_match,True
Q6NZJ6,,missing_pdb,False
Q6P158,,missing_pdb,False
Q6P1N9,/data/ranran/my_ptm/croton/data/structure_pipeline/pdb/Q6P1N9.pdb,exact_sequence_match,True
Q6P2E9,/data/ranran/my_ptm/croton/data/structure_pipeline/pdb/Q6P2E9.pdb,exact_sequence_match,True
Q6P2I3,,missing_pdb,False
Q6P2Q9,/data/ranran/my_ptm/croton/data/structure_pipeline/pdb/Q6P2Q9.pdb,exact_sequence_match,True
Q6P6L5,,missing_pdb,False
Q6P6M7,,missing_pdb,False
Q6P8I4,,missing_pdb,False
Q6P8J2,,missing_pdb,False
Q6P8J7,,missing_pdb,False
Q6P8X1,,missing_pdb,False
Q6PA06,,missing_pdb,False
Q6PCL9,,missing_pdb,False
Q6PEB6,,missing_pdb,False
Q6PGB6,,missing_pdb,False
Q6PI26,,missing_pdb,False
Q6PI48,/data/ranran/my_ptm/croton/data/structure_pipeline/pdb/Q6PI48.pdb,exact_sequence_match,True
Q6PJI9,,missing_pdb,False
Q6PKG0,/data/ranran/my_ptm/croton/data/structure_pipeline/pdb/Q6PKG0.pdb,exact_sequence_match,True
Q6PML9,,missing_pdb,False
Q6RT24,,missing_pdb,False
Q6TCG2,,missing_pdb,False
Q6UB35,/data/ranran/my_ptm/croton/data/structure_pipeline/pdb/Q6UB35.pdb,exact_sequence_match,True
Q6UWP7,,missing_pdb,False
Q6UXN9,/data/ranran/my_ptm/croton/data/structure_pipeline/pdb/Q6UXN9.pdb,exact_sequence_match,True
Q6UXV4,,missing_pdb,False
Q6V702,,missing_pdb,False
Q6VY07,/data/ranran/my_ptm/croton/data/structure_pipeline/pdb/Q6VY07.pdb,exact_sequence_match,True
Q6ZNE5,,missing_pdb,False
Q6ZQ38,,missing_pdb,False
Q6ZWR6,,missing_pdb,False
Q6ZWV7,,missing_pdb,False
Q709F0,,missing_pdb,False
Q71RI9,,missing_pdb,False
Q78JT3,,missing_pdb,False
Q78PG9,,missing_pdb,False
Q78PY7,,missing_pdb,False
Q7L1Q6,/data/ranran/my_ptm/croton/data/structure_pipeline/pdb/Q7L1Q6.pdb,exact_sequence_match,True
Q7L1W4,,missing_pdb,False
Q7L5N7,,missing_pdb,False
Q7L5Y9,/data/ranran/my_ptm/croton/data/structure_pipeline/pdb/Q7L5Y9.pdb,exact_sequence_match,True
Q7L8L6,,missing_pdb,False
Q7LBR1,/data/ranran/my_ptm/croton/data/structure_pipeline/pdb/Q7LBR1.pdb,exact_sequence_match,True
Q7M6Y3,,missing_pdb,False
Q7RTV0,/data/ranran/my_ptm/croton/data/structure_pipeline/pdb/Q7RTV0.pdb,exact_sequence_match,True
Q7TMC8,,missing_pdb,False
Q7TNG8,,missing_pdb,False
Q7TQD2,,missing_pdb,False
Q7TQG1,,missing_pdb,False
Q7TSH2,,missing_pdb,False
Q7TSJ2,,missing_pdb,False
Q7TT50,,missing_pdb,False
Q7Z3J2,,missing_pdb,False
Q7Z3U7,/data/ranran/my_ptm/croton/data/structure_pipeline/pdb/Q7Z3U7.pdb,exact_sequence_match,True
Q7Z406,/data/ranran/my_ptm/croton/data/structure_pipeline/pdb/Q7Z406.pdb,exact_sequence_match,True
Q7Z434,,missing_pdb,False
Q7Z449,,missing_pdb,False
Q7Z478,/data/ranran/my_ptm/croton/data/structure_pipeline/pdb/Q7Z478.pdb,exact_sequence_match,True
Q7Z4G4,/data/ranran/my_ptm/croton/data/structure_pipeline/pdb/Q7Z4G4.pdb,exact_sequence_match,True
Q7Z4V5,/data/ranran/my_ptm/croton/data/structure_pipeline/pdb/Q7Z4V5.pdb,exact_sequence_match,True
Q7Z5R6,,missing_pdb,False
Q7Z6B7,/data/ranran/my_ptm/croton/data/structure_pipeline/pdb/Q7Z6B7.pdb,exact_sequence_match,True
Q7Z6Z7,,missing_pdb,False
Q7Z7A4,,missing_pdb,False
Q80TM9,,missing_pdb,False
Q80U93,,missing_pdb,False
Q80W93,,missing_pdb,False
Q80XC2,,missing_pdb,False
Q86TI2,/data/ranran/my_ptm/croton/data/structure_pipeline/pdb/Q86TI2.pdb,exact_sequence_match,True
Q86TV6,,missing_pdb,False
Q86UE4,/data/ranran/my_ptm/croton/data/structure_pipeline/pdb/Q86UE4.pdb,exact_sequence_match,True
Q86UP2,/data/ranran/my_ptm/croton/data/structure_pipeline/pdb/Q86UP2.pdb,exact_sequence_match,True
Q86UU1,,missing_pdb,False
Q86UY8,,missing_pdb,False
Q86V21,/data/ranran/my_ptm/croton/data/structure_pipeline/pdb/Q86V21.pdb,exact_sequence_match,True
Q86V48,/data/ranran/my_ptm/croton/data/structure_pipeline/pdb/Q86V48.pdb,exact_sequence_match,True
Q86W11,,missing_pdb,False
Q86W92,/data/ranran/my_ptm/croton/data/structure_pipeline/pdb/Q86W92.pdb,exact_sequence_match,True
Q86WA6,,missing_pdb,False
Q86X27,/data/ranran/my_ptm/croton/data/structure_pipeline/pdb/Q86X27.pdb,exact_sequence_match,True
Q86X83,,missing_pdb,False
Q86XL3,,missing_pdb,False
Q86XP3,/data/ranran/my_ptm/croton/data/structure_pipeline/pdb/Q86XP3.pdb,exact_sequence_match,True
Q86Y79,,missing_pdb,False
Q86YH6,,missing_pdb,False
Q86YR5,,missing_pdb,False
Q86YV9,,missing_pdb,False
Q8BFW4,,missing_pdb,False
Q8BFW7,,missing_pdb,False
Q8BG05,,missing_pdb,False
Q8BG17,,missing_pdb,False
Q8BG51,,missing_pdb,False
Q8BGA8,,missing_pdb,False
Q8BGC0,,missing_pdb,False
Q8BGC4,,missing_pdb,False
Q8BGD9,,missing_pdb,False
Q8BGH2,,missing_pdb,False
Q8BGT6,,missing_pdb,False
Q8BH59,,missing_pdb,False
Q8BH86,,missing_pdb,False
Q8BHB0,,missing_pdb,False
Q8BHC4,,missing_pdb,False
Q8BHG2,,missing_pdb,False
Q8BHI9,,missing_pdb,False
Q8BIJ6,,missing_pdb,False
Q8BIJ7,,missing_pdb,False
Q8BJ64,,missing_pdb,False
Q8BJ71,,missing_pdb,False
Q8BJG4,,missing_pdb,False
Q8BJU0,,missing_pdb,False
Q8BJY1,,missing_pdb,False
Q8BL97,,missing_pdb,False
Q8BMD5,,missing_pdb,False
Q8BMK1,,missing_pdb,False
Q8BMS4,,missing_pdb,False
Q8BP40,,missing_pdb,False
Q8BP47,,missing_pdb,False
Q8BT35,,missing_pdb,False
Q8BTI9,,missing_pdb,False
Q8BTY8,,missing_pdb,False
Q8BUV3,,missing_pdb,False
Q8BWP5,,missing_pdb,False
Q8BX70,,missing_pdb,False
Q8BYC6,,missing_pdb,False
Q8BZ36,,missing_pdb,False
Q8BZB2,,missing_pdb,False
Q8BZL4,,missing_pdb,False
Q8C0C7,,missing_pdb,False
Q8C0D5,,missing_pdb,False
Q8C0L9,,missing_pdb,False
Q8C0M9,,missing_pdb,False
Q8C163,,missing_pdb,False
Q8C196,,missing_pdb,False
Q8C2Q3,,missing_pdb,False
Q8C2S5,,missing_pdb,False
Q8C5H8,,missing_pdb,False
Q8C5U9,,missing_pdb,False
Q8C5W0,,missing_pdb,False
Q8C5W3,,missing_pdb,False
Q8C7E7,,missing_pdb,False
Q8CBB6,,missing_pdb,False
Q8CC86,,missing_pdb,False
Q8CCN5,,missing_pdb,False
Q8CEC0,,missing_pdb,False
Q8CFW7,,missing_pdb,False
Q8CG72,,missing_pdb,False
Q8CG76,,missing_pdb,False
Q8CGZ0,,missing_pdb,False
Q8CHP8,,missing_pdb,False
Q8CHQ9,,missing_pdb,False
Q8CHR6,,missing_pdb,False
Q8CIB5,,missing_pdb,False
Q8IUR0,,missing_pdb,False
Q8IV48,/data/ranran/my_ptm/croton/data/structure_pipeline/pdb/Q8IV48.pdb,exact_sequence_match,True
Q8IVH4,,missing_pdb,False
Q8IVS2,,missing_pdb,False
Q8IWA0,/data/ranran/my_ptm/croton/data/structure_pipeline/pdb/Q8IWA0.pdb,exact_sequence_match,True
Q8IWJ2,/data/ranran/my_ptm/croton/data/structure_pipeline/pdb/Q8IWJ2.pdb,exact_sequence_match,True
Q8IWR0,,missing_pdb,False
Q8IY17,,missing_pdb,False
Q8IY18,/data/ranran/my_ptm/croton/data/structure_pipeline/pdb/Q8IY18.pdb,exact_sequence_match,True
Q8IYB5,,missing_pdb,False
Q8IYB8,/data/ranran/my_ptm/croton/data/structure_pipeline/pdb/Q8IYB8.pdb,exact_sequence_match,True
Q8IYT2,,missing_pdb,False
Q8IZL8,/data/ranran/my_ptm/croton/data/structure_pipeline/pdb/Q8IZL8.pdb,exact_sequence_match,True
Q8IZP0,,missing_pdb,False
Q8IZQ1,,missing_pdb,False
Q8JZX4,,missing_pdb,False
Q8K003,,missing_pdb,False
Q8K0L9,,missing_pdb,False
Q8K157,,missing_pdb,False
Q8K183,,missing_pdb,False
Q8K268,,missing_pdb,False
Q8K273,,missing_pdb,False
Q8K274,,missing_pdb,False
Q8K2C6,,missing_pdb,False
Q8K2C9,,missing_pdb,False
Q8K2K6,,missing_pdb,False
Q8K2T1,,missing_pdb,False
Q8K370,,missing_pdb,False
Q8K3K7,,missing_pdb,False
Q8K4F5,,missing_pdb,False
Q8K4H1,,missing_pdb,False
Q8K4M5,,missing_pdb,False
Q8N122,,missing_pdb,False
Q8N163,/data/ranran/my_ptm/croton/data/structure_pipeline/pdb/Q8N163.pdb,exact_sequence_match,True
Q8N1G4,/data/ranran/my_ptm/croton/data/structure_pipeline/pdb/Q8N1G4.pdb,exact_sequence_match,True
Q8N392,,missing_pdb,False
Q8N3C0,/data/ranran/my_ptm/croton/data/structure_pipeline/pdb/Q8N3C0.pdb,exact_sequence_match,True
Q8N3R3,,missing_pdb,False
Q8N465,,missing_pdb,False
Q8N4P3,/data/ranran/my_ptm/croton/data/structure_pipeline/pdb/Q8N4P3.pdb,exact_sequence_match,True
Q8N556,,missing_pdb,False
Q8N5B7,,missing_pdb,False
Q8N5C6,,missing_pdb,False
Q8N5K1,/data/ranran/my_ptm/croton/data/structure_pipeline/pdb/Q8N5K1.pdb,exact_sequence_match,True
Q8N6H7,,missing_pdb,False
Q8N8S7,/data/ranran/my_ptm/croton/data/structure_pipeline/pdb/Q8N8S7.pdb,exact_sequence_match,True
Q8N999,/data/ranran/my_ptm/croton/data/structure_pipeline/pdb/Q8N999.pdb,exact_sequence_match,True
Q8N9R8,,missing_pdb,False
Q8NBS9,/data/ranran/my_ptm/croton/data/structure_pipeline/pdb/Q8NBS9.pdb,exact_sequence_match,True
Q8NC51,/data/ranran/my_ptm/croton/data/structure_pipeline/pdb/Q8NC51.pdb,exact_sequence_match,True
Q8NC96,,missing_pdb,False
Q8NCA5,,missing_pdb,False
Q8NCE2,,missing_pdb,False
Q8NCW5,,missing_pdb,False
Q8ND76,/data/ranran/my_ptm/croton/data/structure_pipeline/pdb/Q8ND76.pdb,exact_sequence_match,True
Q8NE71,/data/ranran/my_ptm/croton/data/structure_pipeline/pdb/Q8NE71.pdb,exact_sequence_match,True
Q8NE86,/data/ranran/my_ptm/croton/data/structure_pipeline/pdb/Q8NE86.pdb,exact_sequence_match,True
Q8NEZ3,,missing_pdb,False
Q8NFJ9,,missing_pdb,False
Q8NFX7,/data/ranran/my_ptm/croton/data/structure_pipeline/pdb/Q8NFX7.pdb,exact_sequence_match,True
Q8NHP6,/data/ranran/my_ptm/croton/data/structure_pipeline/pdb/Q8NHP6.pdb,exact_sequence_match,True
Q8NHS2,,missing_pdb,False
Q8NHV1,,missing_pdb,False
Q8NHV4,/data/ranran/my_ptm/croton/data/structure_pipeline/pdb/Q8NHV4.pdb,exact_sequence_match,True
Q8QZY1,,missing_pdb,False
Q8QZY2,,missing_pdb,False
Q8QZZ7,,missing_pdb,False
Q8R016,,missing_pdb,False
Q8R050,,missing_pdb,False
Q8R059,,missing_pdb,False
Q8R086,,missing_pdb,False
Q8R092,,missing_pdb,False
Q8R0F6,,missing_pdb,False
Q8R0F8,,missing_pdb,False
Q8R0F9,,missing_pdb,False
Q8R0W0,,missing_pdb,False
Q8R0X7,,missing_pdb,False
Q8R123,,missing_pdb,False
Q8R1G2,,missing_pdb,False
Q8R1S0,,missing_pdb,False
Q8R1T4,,missing_pdb,False
Q8R2Y8,,missing_pdb,False
Q8R3B7,,missing_pdb,False
Q8R3P0,,missing_pdb,False
Q8R3Q6,,missing_pdb,False
Q8R480,,missing_pdb,False
Q8R4N0,,missing_pdb,False
Q8R5F7,,missing_pdb,False
Q8TAM2,,missing_pdb,False
Q8TAQ2,/data/ranran/my_ptm/croton/data/structure_pipeline/pdb/Q8TAQ2.pdb,exact_sequence_match,True
Q8TB22,,missing_pdb,False
Q8TB61,,missing_pdb,False
Q8TBA6,/data/ranran/my_ptm/croton/data/structure_pipeline/pdb/Q8TBA6.pdb,exact_sequence_match,True
Q8TBC4,,missing_pdb,False
Q8TCG1,/data/ranran/my_ptm/croton/data/structure_pipeline/pdb/Q8TCG1.pdb,exact_sequence_match,True
Q8TCS8,/data/ranran/my_ptm/croton/data/structure_pipeline/pdb/Q8TCS8.pdb,exact_sequence_match,True
Q8TD19,,missing_pdb,False
Q8TD30,,missing_pdb,False
Q8TDD1,/data/ranran/my_ptm/croton/data/structure_pipeline/pdb/Q8TDD1.pdb,exact_sequence_match,True
Q8TDZ2,,missing_pdb,False
Q8TEA8,,missing_pdb,False
Q8TEQ0,,missing_pdb,False
Q8TEQ6,/data/ranran/my_ptm/croton/data/structure_pipeline/pdb/Q8TEQ6.pdb,exact_sequence_match,True
Q8VBT2,,missing_pdb,False
Q8VBT9,,missing_pdb,False
Q8VBV3,,missing_pdb,False
Q8VBW6,,missing_pdb,False
Q8VC30,,missing_pdb,False
Q8VC97,,missing_pdb,False
Q8VCG4,,missing_pdb,False
Q8VCH8,,missing_pdb,False
Q8VCN5,,missing_pdb,False
Q8VCR2,,missing_pdb,False
Q8VCR7,,missing_pdb,False
Q8VCW8,,missing_pdb,False
Q8VD04,,missing_pdb,False
Q8VD65,,missing_pdb,False
Q8VDG5,,missing_pdb,False
Q8VDI9,,missing_pdb,False
Q8VDK1,,missing_pdb,False
Q8VDM6,,missing_pdb,False
Q8VE09,,missing_pdb,False
Q8VHE0,,missing_pdb,False
Q8WV74,,missing_pdb,False
Q8WVM0,/data/ranran/my_ptm/croton/data/structure_pipeline/pdb/Q8WVM0.pdb,exact_sequence_match,True
Q8WVM8,,missing_pdb,False
Q8WVY7,/data/ranran/my_ptm/croton/data/structure_pipeline/pdb/Q8WVY7.pdb,exact_sequence_match,True
Q8WWI1,/data/ranran/my_ptm/croton/data/structure_pipeline/pdb/Q8WWI1.pdb,exact_sequence_match,True
Q8WWM7,/data/ranran/my_ptm/croton/data/structure_pipeline/pdb/Q8WWM7.pdb,exact_sequence_match,True
Q8WWV3,/data/ranran/my_ptm/croton/data/structure_pipeline/pdb/Q8WWV3.pdb,exact_sequence_match,True
Q8WX93,/data/ranran/my_ptm/croton/data/structure_pipeline/pdb/Q8WX93.pdb,exact_sequence_match,True
Q8WXF1,,missing_pdb,False
Q8WXH0,,missing_pdb,False
Q8WXI4,,missing_pdb,False
Q8WYA6,/data/ranran/my_ptm/croton/data/structure_pipeline/pdb/Q8WYA6.pdb,exact_sequence_match,True
Q91V01,,missing_pdb,False
Q91V76,,missing_pdb,False
Q91V89,,missing_pdb,False
Q91VF2,,missing_pdb,False
Q91VJ4,,missing_pdb,False
Q91VR5,,missing_pdb,False
Q91W43,,missing_pdb,False
Q91W52,,missing_pdb,False
Q91WG8,,missing_pdb,False
Q91WK1,,missing_pdb,False
Q91WN4,,missing_pdb,False
Q91WS0,,missing_pdb,False
Q91WT9,,missing_pdb,False
Q91X44,,missing_pdb,False
Q91X83,,missing_pdb,False
Q91X91,,missing_pdb,False
Q91XC8,,missing_pdb,False
Q91XD4,,missing_pdb,False
Q91XE8,,missing_pdb,False
Q91XF0,,missing_pdb,False
Q91XH5,,missing_pdb,False
Q91YD6,,missing_pdb,False
Q91YL3,,missing_pdb,False
Q91YM2,,missing_pdb,False
Q91YQ5,,missing_pdb,False
Q91YR1,,missing_pdb,False
Q91YX5,,missing_pdb,False
Q91Z53,,missing_pdb,False
Q91ZK0,,missing_pdb,False
Q91ZS8,,missing_pdb,False
Q920F6,,missing_pdb,False
Q921F2,,missing_pdb,False
Q921H9,,missing_pdb,False
Q921I9,,missing_pdb,False
Q921T2,,missing_pdb,False
Q922E4,,missing_pdb,False
Q922H4,,missing_pdb,False
Q922Q2,,missing_pdb,False
Q922Q8,,missing_pdb,False
Q923B1,,missing_pdb,False
Q923J1,,missing_pdb,False
Q92466,,missing_pdb,False
Q92540,,missing_pdb,False
Q92552,/data/ranran/my_ptm/croton/data/structure_pipeline/pdb/Q92552.pdb,exact_sequence_match,True
Q92572,,missing_pdb,False
Q92598,/data/ranran/my_ptm/croton/data/structure_pipeline/pdb/Q92598.pdb,exact_sequence_match,True
Q925N2,,missing_pdb,False
Q92665,/data/ranran/my_ptm/croton/data/structure_pipeline/pdb/Q92665.pdb,exact_sequence_match,True
Q92688,/data/ranran/my_ptm/croton/data/structure_pipeline/pdb/Q92688.pdb,exact_sequence_match,True
Q92734,/data/ranran/my_ptm/croton/data/structure_pipeline/pdb/Q92734.pdb,exact_sequence_match,True
Q92759,,missing_pdb,False
Q92797,/data/ranran/my_ptm/croton/data/structure_pipeline/pdb/Q92797.pdb,exact_sequence_match,True
Q92805,/data/ranran/my_ptm/croton/data/structure_pipeline/pdb/Q92805.pdb,exact_sequence_match,True
Q92841,/data/ranran/my_ptm/croton/data/structure_pipeline/pdb/Q92841.pdb,exact_sequence_match,True
Q92878,/data/ranran/my_ptm/croton/data/structure_pipeline/pdb/Q92878.pdb,exact_sequence_match,True
Q92900,/data/ranran/my_ptm/croton/data/structure_pipeline/pdb/Q92900.pdb,exact_sequence_match,True
Q92947,,missing_pdb,False
Q93015,,missing_pdb,False
Q93086,,missing_pdb,False
Q969G3,/data/ranran/my_ptm/croton/data/structure_pipeline/pdb/Q969G3.pdb,exact_sequence_match,True
Q969G5,,missing_pdb,False
Q969Q4,/data/ranran/my_ptm/croton/data/structure_pipeline/pdb/Q969Q4.pdb,exact_sequence_match,True
Q969R2,,missing_pdb,False
Q969S9,,missing_pdb,False
Q969U7,/data/ranran/my_ptm/croton/data/structure_pipeline/pdb/Q969U7.pdb,exact_sequence_match,True
Q969X5,/data/ranran/my_ptm/croton/data/structure_pipeline/pdb/Q969X5.pdb,exact_sequence_match,True
Q96A33,/data/ranran/my_ptm/croton/data/structure_pipeline/pdb/Q96A33.pdb,exact_sequence_match,True
Q96A49,/data/ranran/my_ptm/croton/data/structure_pipeline/pdb/Q96A49.pdb,exact_sequence_match,True
Q96B97,/data/ranran/my_ptm/croton/data/structure_pipeline/pdb/Q96B97.pdb,exact_sequence_match,True
Q96BY6,,missing_pdb,False
Q96C36,/data/ranran/my_ptm/croton/data/structure_pipeline/pdb/Q96C36.pdb,exact_sequence_match,True
Q96CB9,,missing_pdb,False
Q96CN7,,missing_pdb,False
Q96CV9,/data/ranran/my_ptm/croton/data/structure_pipeline/pdb/Q96CV9.pdb,exact_sequence_match,True
Q96DA6,,missing_pdb,False
Q96E11,/data/ranran/my_ptm/croton/data/structure_pipeline/pdb/Q96E11.pdb,exact_sequence_match,True
Q96EK6,/data/ranran/my_ptm/croton/data/structure_pipeline/pdb/Q96EK6.pdb,exact_sequence_match,True
Q96EN8,,missing_pdb,False
Q96EP5,/data/ranran/my_ptm/croton/data/structure_pipeline/pdb/Q96EP5.pdb,exact_sequence_match,True
Q96EY1,/data/ranran/my_ptm/croton/data/structure_pipeline/pdb/Q96EY1.pdb,exact_sequence_match,True
Q96EY7,/data/ranran/my_ptm/croton/data/structure_pipeline/pdb/Q96EY7.pdb,exact_sequence_match,True
Q96F86,/data/ranran/my_ptm/croton/data/structure_pipeline/pdb/Q96F86.pdb,exact_sequence_match,True
Q96FQ6,/data/ranran/my_ptm/croton/data/structure_pipeline/pdb/Q96FQ6.pdb,exact_sequence_match,True
Q96FV9,/data/ranran/my_ptm/croton/data/structure_pipeline/pdb/Q96FV9.pdb,exact_sequence_match,True
Q96FZ7,,missing_pdb,False
Q96GG9,,missing_pdb,False
Q96GY0,,missing_pdb,False
Q96H79,,missing_pdb,False
Q96HC4,/data/ranran/my_ptm/croton/data/structure_pipeline/pdb/Q96HC4.pdb,exact_sequence_match,True
Q96HS1,/data/ranran/my_ptm/croton/data/structure_pipeline/pdb/Q96HS1.pdb,exact_sequence_match,True
Q96HY6,/data/ranran/my_ptm/croton/data/structure_pipeline/pdb/Q96HY6.pdb,exact_sequence_match,True
Q96I51,,missing_pdb,False
Q96I59,/data/ranran/my_ptm/croton/data/structure_pipeline/pdb/Q96I59.pdb,exact_sequence_match,True
Q96IX5,/data/ranran/my_ptm/croton/data/structure_pipeline/pdb/Q96IX5.pdb,exact_sequence_match,True
Q96IZ0,/data/ranran/my_ptm/croton/data/structure_pipeline/pdb/Q96IZ0.pdb,exact_sequence_match,True
Q96J02,/data/ranran/my_ptm/croton/data/structure_pipeline/pdb/Q96J02.pdb,exact_sequence_match,True
Q96JH7,,missing_pdb,False
Q96JI7,,missing_pdb,False
Q96K76,/data/ranran/my_ptm/croton/data/structure_pipeline/pdb/Q96K76.pdb,exact_sequence_match,True
Q96KC8,,missing_pdb,False
Q96KG9,/data/ranran/my_ptm/croton/data/structure_pipeline/pdb/Q96KG9.pdb,exact_sequence_match,True
Q96KP1,/data/ranran/my_ptm/croton/data/structure_pipeline/pdb/Q96KP1.pdb,exact_sequence_match,True
Q96KR1,/data/ranran/my_ptm/croton/data/structure_pipeline/pdb/Q96KR1.pdb,exact_sequence_match,True
Q96LW7,,missing_pdb,False
Q96MF7,,missing_pdb,False
Q96MU7,/data/ranran/my_ptm/croton/data/structure_pipeline/pdb/Q96MU7.pdb,exact_sequence_match,True
Q96N21,,missing_pdb,False
Q96N67,,missing_pdb,False
Q96P48,/data/ranran/my_ptm/croton/data/structure_pipeline/pdb/Q96P48.pdb,exact_sequence_match,True
Q96P70,/data/ranran/my_ptm/croton/data/structure_pipeline/pdb/Q96P70.pdb,exact_sequence_match,True
Q96Q11,/data/ranran/my_ptm/croton/data/structure_pipeline/pdb/Q96Q11.pdb,exact_sequence_match,True
Q96Q15,,missing_pdb,False
Q96Q42,,missing_pdb,False
Q96QE5,/data/ranran/my_ptm/croton/data/structure_pipeline/pdb/Q96QE5.pdb,exact_sequence_match,True
Q96QK1,/data/ranran/my_ptm/croton/data/structure_pipeline/pdb/Q96QK1.pdb,exact_sequence_match,True
Q96RF0,,missing_pdb,False
Q96RK4,,missing_pdb,False
Q96RQ3,,missing_pdb,False
Q96S99,,missing_pdb,False
Q96SI9,,missing_pdb,False
Q96SZ5,,missing_pdb,False
Q96T76,/data/ranran/my_ptm/croton/data/structure_pipeline/pdb/Q96T76.pdb,exact_sequence_match,True
Q99424,,missing_pdb,False
Q99426,/data/ranran/my_ptm/croton/data/structure_pipeline/pdb/Q99426.pdb,exact_sequence_match,True
Q99436,/data/ranran/my_ptm/croton/data/structure_pipeline/pdb/Q99436.pdb,exact_sequence_match,True
Q99442,/data/ranran/my_ptm/croton/data/structure_pipeline/pdb/Q99442.pdb,exact_sequence_match,True
Q99471,/data/ranran/my_ptm/croton/data/structure_pipeline/pdb/Q99471.pdb,exact_sequence_match,True
Q99497,/data/ranran/my_ptm/croton/data/structure_pipeline/pdb/Q99497.pdb,exact_sequence_match,True
Q99536,/data/ranran/my_ptm/croton/data/structure_pipeline/pdb/Q99536.pdb,exact_sequence_match,True
Q99590,/data/ranran/my_ptm/croton/data/structure_pipeline/pdb/Q99590.pdb,exact_sequence_match,True
Q99598,/data/ranran/my_ptm/croton/data/structure_pipeline/pdb/Q99598.pdb,exact_sequence_match,True
Q99613,,missing_pdb,False
Q99615,/data/ranran/my_ptm/croton/data/structure_pipeline/pdb/Q99615.pdb,exact_sequence_match,True
Q99638,,missing_pdb,False
Q99704,,missing_pdb,False
Q99747,/data/ranran/my_ptm/croton/data/structure_pipeline/pdb/Q99747.pdb,exact_sequence_match,True
Q99797,,missing_pdb,False
Q99798,/data/ranran/my_ptm/croton/data/structure_pipeline/pdb/Q99798.pdb,exact_sequence_match,True
Q99961,/data/ranran/my_ptm/croton/data/structure_pipeline/pdb/Q99961.pdb,exact_sequence_match,True
Q99973,,missing_pdb,False
Q99996,,missing_pdb,False
Q99J47,,missing_pdb,False
Q99J77,,missing_pdb,False
Q99JX4,,missing_pdb,False
Q99JY0,,missing_pdb,False
Q99K43,,missing_pdb,False
Q99K67,,missing_pdb,False
Q99KC8,,missing_pdb,False
Q99KD5,,missing_pdb,False
Q99KK7,,missing_pdb,False
Q99KN9,,missing_pdb,False
Q99KP3,,missing_pdb,False
Q99KP6,,missing_pdb,False
Q99KR7,,missing_pdb,False
Q99L04,,missing_pdb,False
Q99L27,,missing_pdb,False
Q99L47,,missing_pdb,False
Q99LB2,,missing_pdb,False
Q99LB6,,missing_pdb,False
Q99LB7,,missing_pdb,False
Q99LD9,,missing_pdb,False
Q99LF4,,missing_pdb,False
Q99LH2,,missing_pdb,False
Q99LM2,,missing_pdb,False
Q99M04,,missing_pdb,False
Q99MZ7,,missing_pdb,False
Q99PL5,,missing_pdb,False
Q99PL6,,missing_pdb,False
Q9BPX3,/data/ranran/my_ptm/croton/data/structure_pipeline/pdb/Q9BPX3.pdb,exact_sequence_match,True
Q9BQ69,/data/ranran/my_ptm/croton/data/structure_pipeline/pdb/Q9BQ69.pdb,exact_sequence_match,True
Q9BQG0,/data/ranran/my_ptm/croton/data/structure_pipeline/pdb/Q9BQG0.pdb,exact_sequence_match,True
Q9BQQ3,,missing_pdb,False
Q9BQS8,,missing_pdb,False
Q9BR76,/data/ranran/my_ptm/croton/data/structure_pipeline/pdb/Q9BR76.pdb,exact_sequence_match,True
Q9BRJ2,/data/ranran/my_ptm/croton/data/structure_pipeline/pdb/Q9BRJ2.pdb,exact_sequence_match,True
Q9BRP8,/data/ranran/my_ptm/croton/data/structure_pipeline/pdb/Q9BRP8.pdb,exact_sequence_match,True
Q9BRQ6,,missing_pdb,False
Q9BRS8,,missing_pdb,False
Q9BRX2,/data/ranran/my_ptm/croton/data/structure_pipeline/pdb/Q9BRX2.pdb,exact_sequence_match,True
Q9BSD7,,missing_pdb,False
Q9BSH4,/data/ranran/my_ptm/croton/data/structure_pipeline/pdb/Q9BSH4.pdb,exact_sequence_match,True
Q9BSH5,,missing_pdb,False
Q9BSJ8,/data/ranran/my_ptm/croton/data/structure_pipeline/pdb/Q9BSJ8.pdb,exact_sequence_match,True
Q9BU23,,missing_pdb,False
Q9BUL8,/data/ranran/my_ptm/croton/data/structure_pipeline/pdb/Q9BUL8.pdb,exact_sequence_match,True
Q9BUQ8,/data/ranran/my_ptm/croton/data/structure_pipeline/pdb/Q9BUQ8.pdb,exact_sequence_match,True
Q9BV44,,missing_pdb,False
Q9BV79,,missing_pdb,False
Q9BVL2,/data/ranran/my_ptm/croton/data/structure_pipeline/pdb/Q9BVL2.pdb,exact_sequence_match,True
Q9BW91,/data/ranran/my_ptm/croton/data/structure_pipeline/pdb/Q9BW91.pdb,exact_sequence_match,True
Q9BXJ8,,missing_pdb,False
Q9BXJ9,/data/ranran/my_ptm/croton/data/structure_pipeline/pdb/Q9BXJ9.pdb,exact_sequence_match,True
Q9BXP5,/data/ranran/my_ptm/croton/data/structure_pipeline/pdb/Q9BXP5.pdb,exact_sequence_match,True
Q9BXW7,/data/ranran/my_ptm/croton/data/structure_pipeline/pdb/Q9BXW7.pdb,exact_sequence_match,True
Q9BY44,/data/ranran/my_ptm/croton/data/structure_pipeline/pdb/Q9BY44.pdb,exact_sequence_match,True
Q9BYB4,,missing_pdb,False
Q9BYT8,/data/ranran/my_ptm/croton/data/structure_pipeline/pdb/Q9BYT8.pdb,exact_sequence_match,True
Q9BZ23,,missing_pdb,False
Q9BZE4,/data/ranran/my_ptm/croton/data/structure_pipeline/pdb/Q9BZE4.pdb,exact_sequence_match,True
Q9BZF9,/data/ranran/my_ptm/croton/data/structure_pipeline/pdb/Q9BZF9.pdb,exact_sequence_match,True
Q9BZK7,,missing_pdb,False
Q9BZQ8,,missing_pdb,False
Q9C0D5,/data/ranran/my_ptm/croton/data/structure_pipeline/pdb/Q9C0D5.pdb,exact_sequence_match,True
Q9C0F1,,missing_pdb,False
Q9CPQ1,,missing_pdb,False
Q9CQ02,,missing_pdb,False
Q9CQ21,,missing_pdb,False
Q9CQ65,,missing_pdb,False
Q9CQC7,,missing_pdb,False
Q9CQE1,,missing_pdb,False
Q9CQE8,,missing_pdb,False
Q9CQH7,,missing_pdb,False
Q9CQM5,,missing_pdb,False
Q9CQR4,,missing_pdb,False
Q9CQS8,,missing_pdb,False
Q9CQW0,,missing_pdb,False
Q9CQW1,,missing_pdb,False
Q9CQX2,,missing_pdb,False
Q9CQY1,,missing_pdb,False
Q9CQZ6,,missing_pdb,False
Q9CR09,,missing_pdb,False
Q9CR57,,missing_pdb,False
Q9CR86,,missing_pdb,False
Q9CR98,,missing_pdb,False
Q9CRB3,,missing_pdb,False
Q9CRD0,,missing_pdb,False
Q9CRT8,,missing_pdb,False
Q9CW03,,missing_pdb,False
Q9CW42,,missing_pdb,False
Q9CWS0,,missing_pdb,False
Q9CX56,,missing_pdb,False
Q9CXD6,,missing_pdb,False
Q9CXF0,,missing_pdb,False
Q9CXS4,,missing_pdb,False
Q9CZ28,,missing_pdb,False
Q9CZ30,,missing_pdb,False
Q9CZ42,,missing_pdb,False
Q9CZL5,,missing_pdb,False
Q9CZW5,,missing_pdb,False
Q9D023,,missing_pdb,False
Q9D0D5,,missing_pdb,False
Q9D0M3,,missing_pdb,False
Q9D0R8,,missing_pdb,False
Q9D0S9,,missing_pdb,False
Q9D0Z3,,missing_pdb,False
Q9D1A2,,missing_pdb,False
Q9D1F9,,missing_pdb,False
Q9D1I5,,missing_pdb,False
Q9D1M1,,missing_pdb,False
Q9D1R9,,missing_pdb,False
Q9D2Y4,,missing_pdb,False
Q9D379,,missing_pdb,False
Q9D4J1,,missing_pdb,False
Q9D554,,missing_pdb,False
Q9D5T0,,missing_pdb,False
Q9D6M3,,missing_pdb,False
Q9D6U8,,missing_pdb,False
Q9D6Y7,,missing_pdb,False
Q9D711,,missing_pdb,False
Q9D7A8,,missing_pdb,False
Q9D7X8,,missing_pdb,False
Q9D809,,missing_pdb,False
Q9D820,,missing_pdb,False
Q9D826,,missing_pdb,False
Q9D892,,missing_pdb,False
Q9D898,,missing_pdb,False
Q9D8C9,,missing_pdb,False
Q9D8S4,,missing_pdb,False
Q9D8V0,,missing_pdb,False
Q9D8W7,,missing_pdb,False
Q9D8X1,,missing_pdb,False
Q9D939,,missing_pdb,False
Q9D9E0,,missing_pdb,False
Q9D9V3,,missing_pdb,False
Q9DAR7,,missing_pdb,False
Q9DAW9,,missing_pdb,False
Q9DB15,,missing_pdb,False
Q9DB25,,missing_pdb,False
Q9DB29,,missing_pdb,False
Q9DB34,,missing_pdb,False
Q9DB73,,missing_pdb,False
Q9DBA8,,missing_pdb,False
Q9DBB8,,missing_pdb,False
Q9DBE0,,missing_pdb,False
Q9DBG1,,missing_pdb,False
Q9DBG5,,missing_pdb,False
Q9DBL1,,missing_pdb,False
Q9DBL7,,missing_pdb,False
Q9DBW0,,missing_pdb,False
Q9DBZ5,,missing_pdb,False
Q9DCJ5,,missing_pdb,False
Q9DCM2,,missing_pdb,False
Q9DCP2,,missing_pdb,False
Q9DCQ2,,missing_pdb,False
Q9DCS2,,missing_pdb,False
Q9DCT8,,missing_pdb,False
Q9EP69,,missing_pdb,False
Q9EP89,,missing_pdb,False
Q9EQ80,,missing_pdb,False
Q9EQJ9,,missing_pdb,False
Q9ER72,,missing_pdb,False
Q9ERS2,,missing_pdb,False
Q9ERZ4,,missing_pdb,False
Q9ESX5,,missing_pdb,False
Q9ET01,,missing_pdb,False
Q9ET26,,missing_pdb,False
Q9GZQ8,,missing_pdb,False
Q9GZY8,/data/ranran/my_ptm/croton/data/structure_pipeline/pdb/Q9GZY8.pdb,exact_sequence_match,True
Q9H061,,missing_pdb,False
Q9H074,/data/ranran/my_ptm/croton/data/structure_pipeline/pdb/Q9H074.pdb,exact_sequence_match,True
Q9H078,/data/ranran/my_ptm/croton/data/structure_pipeline/pdb/Q9H078.pdb,exact_sequence_match,True
Q9H0A0,/data/ranran/my_ptm/croton/data/structure_pipeline/pdb/Q9H0A0.pdb,exact_sequence_match,True
Q9H0B6,/data/ranran/my_ptm/croton/data/structure_pipeline/pdb/Q9H0B6.pdb,exact_sequence_match,True
Q9H0E2,,missing_pdb,False
Q9H1B7,,missing_pdb,False
Q9H1E3,,missing_pdb,False
Q9H223,,missing_pdb,False
Q9H270,/data/ranran/my_ptm/croton/data/structure_pipeline/pdb/Q9H270.pdb,exact_sequence_match,True
Q9H2D6,,missing_pdb,False
Q9H2U1,/data/ranran/my_ptm/croton/data/structure_pipeline/pdb/Q9H2U1.pdb,exact_sequence_match,True
Q9H2U2,/data/ranran/my_ptm/croton/data/structure_pipeline/pdb/Q9H2U2.pdb,exact_sequence_match,True
Q9H2W6,,missing_pdb,False
Q9H307,/data/ranran/my_ptm/croton/data/structure_pipeline/pdb/Q9H307.pdb,exact_sequence_match,True
Q9H3L0,,missing_pdb,False
Q9H3M7,,missing_pdb,False
Q9H3S7,/data/ranran/my_ptm/croton/data/structure_pipeline/pdb/Q9H3S7.pdb,exact_sequence_match,True
Q9H444,/data/ranran/my_ptm/croton/data/structure_pipeline/pdb/Q9H444.pdb,exact_sequence_match,True
Q9H4B0,,missing_pdb,False
Q9H694,,missing_pdb,False
Q9H6D7,,missing_pdb,False
Q9H6R4,/data/ranran/my_ptm/croton/data/structure_pipeline/pdb/Q9H6R4.pdb,exact_sequence_match,True
Q9H6T3,/data/ranran/my_ptm/croton/data/structure_pipeline/pdb/Q9H6T3.pdb,exact_sequence_match,True
Q9H792,,missing_pdb,False
Q9H7B2,/data/ranran/my_ptm/croton/data/structure_pipeline/pdb/Q9H7B2.pdb,exact_sequence_match,True
Q9H7D0,/data/ranran/my_ptm/croton/data/structure_pipeline/pdb/Q9H7D0.pdb,exact_sequence_match,True
Q9H832,/data/ranran/my_ptm/croton/data/structure_pipeline/pdb/Q9H832.pdb,exact_sequence_match,True
Q9H8P0,,missing_pdb,False
Q9H993,/data/ranran/my_ptm/croton/data/structure_pipeline/pdb/Q9H993.pdb,exact_sequence_match,True
Q9H9A5,,missing_pdb,False
Q9H9P8,/data/ranran/my_ptm/croton/data/structure_pipeline/pdb/Q9H9P8.pdb,exact_sequence_match,True
Q9HA77,/data/ranran/my_ptm/croton/data/structure_pipeline/pdb/Q9HA77.pdb,exact_sequence_match,True
Q9HAU5,/data/ranran/my_ptm/croton/data/structure_pipeline/pdb/Q9HAU5.pdb,exact_sequence_match,True
Q9HAV4,/data/ranran/my_ptm/croton/data/structure_pipeline/pdb/Q9HAV4.pdb,exact_sequence_match,True
Q9HB71,/data/ranran/my_ptm/croton/data/structure_pipeline/pdb/Q9HB71.pdb,exact_sequence_match,True
Q9HB90,,missing_pdb,False
Q9HC35,/data/ranran/my_ptm/croton/data/structure_pipeline/pdb/Q9HC35.pdb,exact_sequence_match,True
Q9HC36,/data/ranran/my_ptm/croton/data/structure_pipeline/pdb/Q9HC36.pdb,exact_sequence_match,True
Q9HCE0,,missing_pdb,False
Q9HD20,,missing_pdb,False
Q9HD26,/data/ranran/my_ptm/croton/data/structure_pipeline/pdb/Q9HD26.pdb,exact_sequence_match,True
Q9HD33,/data/ranran/my_ptm/croton/data/structure_pipeline/pdb/Q9HD33.pdb,exact_sequence_match,True
Q9HD34,/data/ranran/my_ptm/croton/data/structure_pipeline/pdb/Q9HD34.pdb,exact_sequence_match,True
Q9JIL4,,missing_pdb,False
Q9JIQ3,,missing_pdb,False
Q9JIY5,,missing_pdb,False
Q9JJI8,,missing_pdb,False
Q9JJL3,,missing_pdb,False
Q9JJZ4,,missing_pdb,False
Q9JK23,,missing_pdb,False
Q9JKC8,,missing_pdb,False
Q9JKW0,,missing_pdb,False
Q9JLC3,,missing_pdb,False
Q9JLV6,,missing_pdb,False
Q9JMD0,,missing_pdb,False
Q9JMD3,,missing_pdb,False
Q9NP79,/data/ranran/my_ptm/croton/data/structure_pipeline/pdb/Q9NP79.pdb,exact_sequence_match,True
Q9NP80,/data/ranran/my_ptm/croton/data/structure_pipeline/pdb/Q9NP80.pdb,exact_sequence_match,True
Q9NP81,,missing_pdb,False
Q9NPQ8,/data/ranran/my_ptm/croton/data/structure_pipeline/pdb/Q9NPQ8.pdb,exact_sequence_match,True
Q9NQ29,,missing_pdb,False
Q9NQ48,,missing_pdb,False
Q9NQ88,/data/ranran/my_ptm/croton/data/structure_pipeline/pdb/Q9NQ88.pdb,exact_sequence_match,True
Q9NQC3,/data/ranran/my_ptm/croton/data/structure_pipeline/pdb/Q9NQC3.pdb,exact_sequence_match,True
Q9NR12,/data/ranran/my_ptm/croton/data/structure_pipeline/pdb/Q9NR12.pdb,exact_sequence_match,True
Q9NR30,/data/ranran/my_ptm/croton/data/structure_pipeline/pdb/Q9NR30.pdb,exact_sequence_match,True
Q9NRG7,,missing_pdb,False
Q9NRK6,/data/ranran/my_ptm/croton/data/structure_pipeline/pdb/Q9NRK6.pdb,exact_sequence_match,True
Q9NRL3,,missing_pdb,False
Q9NRN7,/data/ranran/my_ptm/croton/data/structure_pipeline/pdb/Q9NRN7.pdb,exact_sequence_match,True
Q9NRW3,,missing_pdb,False
Q9NRZ5,,missing_pdb,False
Q9NSD9,/data/ranran/my_ptm/croton/data/structure_pipeline/pdb/Q9NSD9.pdb,exact_sequence_match,True
Q9NTJ3,/data/ranran/my_ptm/croton/data/structure_pipeline/pdb/Q9NTJ3.pdb,exact_sequence_match,True
Q9NUI1,,missing_pdb,False
Q9NUJ1,,missing_pdb,False
Q9NUP9,/data/ranran/my_ptm/croton/data/structure_pipeline/pdb/Q9NUP9.pdb,exact_sequence_match,True
Q9NUQ2,/data/ranran/my_ptm/croton/data/structure_pipeline/pdb/Q9NUQ2.pdb,exact_sequence_match,True
Q9NUQ6,,missing_pdb,False
Q9NUQ7,,missing_pdb,False
Q9NUU7,,missing_pdb,False
Q9NV70,/data/ranran/my_ptm/croton/data/structure_pipeline/pdb/Q9NV70.pdb,exact_sequence_match,True
Q9NVA1,,missing_pdb,False
Q9NVP1,/data/ranran/my_ptm/croton/data/structure_pipeline/pdb/Q9NVP1.pdb,exact_sequence_match,True
Q9NVV4,/data/ranran/my_ptm/croton/data/structure_pipeline/pdb/Q9NVV4.pdb,exact_sequence_match,True
Q9NW13,/data/ranran/my_ptm/croton/data/structure_pipeline/pdb/Q9NW13.pdb,exact_sequence_match,True
Q9NW15,,missing_pdb,False
Q9NWH9,/data/ranran/my_ptm/croton/data/structure_pipeline/pdb/Q9NWH9.pdb,exact_sequence_match,True
Q9NWS0,,missing_pdb,False
Q9NWU1,,missing_pdb,False
Q9NWU5,,missing_pdb,False
Q9NWX6,,missing_pdb,False
Q9NWZ3,,missing_pdb,False
Q9NX14,,missing_pdb,False
Q9NX20,,missing_pdb,False
Q9NX58,/data/ranran/my_ptm/croton/data/structure_pipeline/pdb/Q9NX58.pdb;/data/ranran/my_ptm/croton/data/structure_pipeline/pdb/AF-Q9NX58-F1-model_v6.pdb,sequence_mismatch,False
Q9NXC5,/data/ranran/my_ptm/croton/data/structure_pipeline/pdb/Q9NXC5.pdb,exact_sequence_match,True
Q9NXE4,/data/ranran/my_ptm/croton/data/structure_pipeline/pdb/Q9NXE4.pdb,exact_sequence_match,True
Q9NXF1,/data/ranran/my_ptm/croton/data/structure_pipeline/pdb/Q9NXF1.pdb,exact_sequence_match,True
Q9NXG2,/data/ranran/my_ptm/croton/data/structure_pipeline/pdb/Q9NXG2.pdb,exact_sequence_match,True
Q9NYK5,/data/ranran/my_ptm/croton/data/structure_pipeline/pdb/Q9NYK5.pdb,exact_sequence_match,True
Q9NZ32,/data/ranran/my_ptm/croton/data/structure_pipeline/pdb/Q9NZ32.pdb,exact_sequence_match,True
Q9NZJ4,,missing_pdb,False
Q9NZL4,,missing_pdb,False
Q9NZM1,/data/ranran/my_ptm/croton/data/structure_pipeline/pdb/Q9NZM1.pdb,exact_sequence_match,True
Q9NZZ3,/data/ranran/my_ptm/croton/data/structure_pipeline/pdb/Q9NZZ3.pdb,exact_sequence_match,True
Q9P015,,missing_pdb,False
Q9P0J7,/data/ranran/my_ptm/croton/data/structure_pipeline/pdb/Q9P0J7.pdb,exact_sequence_match,True
Q9P0K7,/data/ranran/my_ptm/croton/data/structure_pipeline/pdb/Q9P0K7.pdb,exact_sequence_match,True
Q9P0L0,/data/ranran/my_ptm/croton/data/structure_pipeline/pdb/Q9P0L0.pdb,exact_sequence_match,True
Q9P0M9,/data/ranran/my_ptm/croton/data/structure_pipeline/pdb/Q9P0M9.pdb,exact_sequence_match,True
Q9P0P8,/data/ranran/my_ptm/croton/data/structure_pipeline/pdb/Q9P0P8.pdb,exact_sequence_match,True
Q9P1Q0,,missing_pdb,False
Q9P1Y6,,missing_pdb,False
Q9P1Z2,/data/ranran/my_ptm/croton/data/structure_pipeline/pdb/Q9P1Z2.pdb,exact_sequence_match,True
Q9P253,/data/ranran/my_ptm/croton/data/structure_pipeline/pdb/Q9P253.pdb,exact_sequence_match,True
Q9P260,/data/ranran/my_ptm/croton/data/structure_pipeline/pdb/Q9P260.pdb,exact_sequence_match,True
Q9P275,,missing_pdb,False
Q9P289,,missing_pdb,False
Q9P2B4,/data/ranran/my_ptm/croton/data/structure_pipeline/pdb/Q9P2B4.pdb,exact_sequence_match,True
Q9P2E3,/data/ranran/my_ptm/croton/data/structure_pipeline/pdb/Q9P2E3.pdb,exact_sequence_match,True
Q9P2I0,/data/ranran/my_ptm/croton/data/structure_pipeline/pdb/Q9P2I0.pdb,exact_sequence_match,True
Q9P2J5,/data/ranran/my_ptm/croton/data/structure_pipeline/pdb/Q9P2J5.pdb,exact_sequence_match,True
Q9P2K8,,missing_pdb,False
Q9P2R7,/data/ranran/my_ptm/croton/data/structure_pipeline/pdb/Q9P2R7.pdb,exact_sequence_match,True
Q9P2X3,,missing_pdb,False
Q9P2Y5,,missing_pdb,False
Q9QUH0,,missing_pdb,False
Q9QUI0,,missing_pdb,False
Q9QX96,,missing_pdb,False
Q9QXD6,,missing_pdb,False
Q9QXE0,,missing_pdb,False
Q9QXF8,,missing_pdb,False
Q9QXS1,,missing_pdb,False
Q9QY30,,missing_pdb,False
Q9QYB1,,missing_pdb,False
Q9QYC7,,missing_pdb,False
Q9QYG0,,missing_pdb,False
Q9QYI4,,missing_pdb,False
Q9QYJ0,,missing_pdb,False
Q9QYY9,,missing_pdb,False
Q9QZ88,,missing_pdb,False
Q9QZE5,,missing_pdb,False
Q9QZQ1,,missing_pdb,False
Q9QZS5,,missing_pdb,False
Q9QZW0,,missing_pdb,False
Q9R008,,missing_pdb,False
Q9R0N0,,missing_pdb,False
Q9R112,,missing_pdb,False
Q9R257,,missing_pdb,False
Q9UBB4,/data/ranran/my_ptm/croton/data/structure_pipeline/pdb/Q9UBB4.pdb,exact_sequence_match,True
Q9UBU9,/data/ranran/my_ptm/croton/data/structure_pipeline/pdb/Q9UBU9.pdb,exact_sequence_match,True
Q9UDT6,,missing_pdb,False
Q9UEU0,,missing_pdb,False
Q9UGI8,/data/ranran/my_ptm/croton/data/structure_pipeline/pdb/Q9UGI8.pdb,exact_sequence_match,True
Q9UGM6,/data/ranran/my_ptm/croton/data/structure_pipeline/pdb/Q9UGM6.pdb,exact_sequence_match,True
Q9UH65,/data/ranran/my_ptm/croton/data/structure_pipeline/pdb/Q9UH65.pdb,exact_sequence_match,True
Q9UHB6,/data/ranran/my_ptm/croton/data/structure_pipeline/pdb/Q9UHB6.pdb,exact_sequence_match,True
Q9UHB9,/data/ranran/my_ptm/croton/data/structure_pipeline/pdb/Q9UHB9.pdb,exact_sequence_match,True
Q9UHD1,/data/ranran/my_ptm/croton/data/structure_pipeline/pdb/Q9UHD1.pdb,exact_sequence_match,True
Q9UHD8,/data/ranran/my_ptm/croton/data/structure_pipeline/pdb/Q9UHD8.pdb,exact_sequence_match,True
Q9UHK6,,missing_pdb,False
Q9UHV9,/data/ranran/my_ptm/croton/data/structure_pipeline/pdb/Q9UHV9.pdb,exact_sequence_match,True
Q9UHY7,/data/ranran/my_ptm/croton/data/structure_pipeline/pdb/Q9UHY7.pdb,exact_sequence_match,True
Q9UI09,/data/ranran/my_ptm/croton/data/structure_pipeline/pdb/Q9UI09.pdb,exact_sequence_match,True
Q9UI10,/data/ranran/my_ptm/croton/data/structure_pipeline/pdb/Q9UI10.pdb,exact_sequence_match,True
Q9UIG0,/data/ranran/my_ptm/croton/data/structure_pipeline/pdb/Q9UIG0.pdb,exact_sequence_match,True
Q9UJ70,,missing_pdb,False
Q9UJG1,,missing_pdb,False
Q9UJW0,,missing_pdb,False
Q9UJX3,,missing_pdb,False
Q9UJY5,,missing_pdb,False
Q9UJZ1,/data/ranran/my_ptm/croton/data/structure_pipeline/pdb/Q9UJZ1.pdb,exact_sequence_match,True
Q9UK39,,missing_pdb,False
Q9UK45,/data/ranran/my_ptm/croton/data/structure_pipeline/pdb/Q9UK45.pdb,exact_sequence_match,True
Q9UKM9,,missing_pdb,False
Q9UKV3,/data/ranran/my_ptm/croton/data/structure_pipeline/pdb/Q9UKV3.pdb,exact_sequence_match,True
Q9UKV8,,missing_pdb,False
Q9UKX7,/data/ranran/my_ptm/croton/data/structure_pipeline/pdb/Q9UKX7.pdb,exact_sequence_match,True
Q9UL25,/data/ranran/my_ptm/croton/data/structure_pipeline/pdb/Q9UL25.pdb,exact_sequence_match,True
Q9ULC3,/data/ranran/my_ptm/croton/data/structure_pipeline/pdb/Q9ULC3.pdb,exact_sequence_match,True
Q9ULH1,,missing_pdb,False
Q9ULJ7,,missing_pdb,False
Q9ULP9,,missing_pdb,False
Q9UM54,,missing_pdb,False
Q9UMS0,,missing_pdb,False
Q9UNF0,/data/ranran/my_ptm/croton/data/structure_pipeline/pdb/Q9UNF0.pdb,exact_sequence_match,True
Q9UNL2,/data/ranran/my_ptm/croton/data/structure_pipeline/pdb/Q9UNL2.pdb,exact_sequence_match,True
Q9UNM6,/data/ranran/my_ptm/croton/data/structure_pipeline/pdb/Q9UNM6.pdb,exact_sequence_match,True
Q9UNN5,/data/ranran/my_ptm/croton/data/structure_pipeline/pdb/Q9UNN5.pdb,exact_sequence_match,True
Q9UP95,,missing_pdb,False
Q9UPA5,,missing_pdb,False
Q9UPM8,,missing_pdb,False
Q9UPQ0,/data/ranran/my_ptm/croton/data/structure_pipeline/pdb/Q9UPQ0.pdb,exact_sequence_match,True
Q9UPT5,/data/ranran/my_ptm/croton/data/structure_pipeline/pdb/Q9UPT5.pdb,exact_sequence_match,True
Q9UPU7,,missing_pdb,False
Q9WTM5,,missing_pdb,False
Q9WU78,,missing_pdb,False
Q9WUQ2,,missing_pdb,False
Q9WUX5,,missing_pdb,False
Q9WV85,,missing_pdb,False
Q9WVA2,,missing_pdb,False
Q9WVL2,,missing_pdb,False
Q9WVM8,,missing_pdb,False
Q9WVQ5,,missing_pdb,False
Q9WVT6,,missing_pdb,False
Q9Y263,/data/ranran/my_ptm/croton/data/structure_pipeline/pdb/Q9Y263.pdb,exact_sequence_match,True
Q9Y295,/data/ranran/my_ptm/croton/data/structure_pipeline/pdb/Q9Y295.pdb,exact_sequence_match,True
Q9Y2A7,/data/ranran/my_ptm/croton/data/structure_pipeline/pdb/Q9Y2A7.pdb,exact_sequence_match,True
Q9Y2D0,,missing_pdb,False
Q9Y2D4,/data/ranran/my_ptm/croton/data/structure_pipeline/pdb/Q9Y2D4.pdb,exact_sequence_match,True
Q9Y2D5,,missing_pdb,False
Q9Y2L1,/data/ranran/my_ptm/croton/data/structure_pipeline/pdb/Q9Y2L1.pdb,exact_sequence_match,True
Q9Y2R9,/data/ranran/my_ptm/croton/data/structure_pipeline/pdb/Q9Y2R9.pdb,exact_sequence_match,True
Q9Y2S7,/data/ranran/my_ptm/croton/data/structure_pipeline/pdb/Q9Y2S7.pdb,exact_sequence_match,True
Q9Y2U8,,missing_pdb,False
Q9Y2W1,/data/ranran/my_ptm/croton/data/structure_pipeline/pdb/Q9Y2W1.pdb,exact_sequence_match,True
Q9Y2Z4,,missing_pdb,False
Q9Y305,/data/ranran/my_ptm/croton/data/structure_pipeline/pdb/Q9Y305.pdb,exact_sequence_match,True
Q9Y320,,missing_pdb,False
Q9Y3B7,/data/ranran/my_ptm/croton/data/structure_pipeline/pdb/Q9Y3B7.pdb,exact_sequence_match,True
Q9Y3C1,/data/ranran/my_ptm/croton/data/structure_pipeline/pdb/Q9Y3C1.pdb,exact_sequence_match,True
Q9Y3D3,/data/ranran/my_ptm/croton/data/structure_pipeline/pdb/Q9Y3D3.pdb,exact_sequence_match,True
Q9Y3D5,,missing_pdb,False
Q9Y3D9,/data/ranran/my_ptm/croton/data/structure_pipeline/pdb/Q9Y3D9.pdb,exact_sequence_match,True
Q9Y3F4,/data/ranran/my_ptm/croton/data/structure_pipeline/pdb/Q9Y3F4.pdb,exact_sequence_match,True
Q9Y3U8,/data/ranran/my_ptm/croton/data/structure_pipeline/pdb/Q9Y3U8.pdb,exact_sequence_match,True
Q9Y3Y2,/data/ranran/my_ptm/croton/data/structure_pipeline/pdb/Q9Y3Y2.pdb,exact_sequence_match,True
Q9Y450,/data/ranran/my_ptm/croton/data/structure_pipeline/pdb/Q9Y450.pdb,exact_sequence_match,True
Q9Y4C4,,missing_pdb,False
Q9Y4F1,/data/ranran/my_ptm/croton/data/structure_pipeline/pdb/Q9Y4F1.pdb,exact_sequence_match,True
Q9Y4F3,,missing_pdb,False
Q9Y4F5,,missing_pdb,False
Q9Y4G6,/data/ranran/my_ptm/croton/data/structure_pipeline/pdb/Q9Y4G6.pdb,exact_sequence_match,True
Q9Y4I1,/data/ranran/my_ptm/croton/data/structure_pipeline/pdb/Q9Y4I1.pdb,exact_sequence_match,True
Q9Y4K4,,missing_pdb,False
Q9Y4L1,/data/ranran/my_ptm/croton/data/structure_pipeline/pdb/Q9Y4L1.pdb,exact_sequence_match,True
Q9Y4P3,/data/ranran/my_ptm/croton/data/structure_pipeline/pdb/Q9Y4P3.pdb,exact_sequence_match,True
Q9Y4P8,/data/ranran/my_ptm/croton/data/structure_pipeline/pdb/Q9Y4P8.pdb,exact_sequence_match,True
Q9Y4W2,/data/ranran/my_ptm/croton/data/structure_pipeline/pdb/Q9Y4W2.pdb,exact_sequence_match,True
Q9Y4W6,/data/ranran/my_ptm/croton/data/structure_pipeline/pdb/Q9Y4W6.pdb,exact_sequence_match,True
Q9Y520,,missing_pdb,False
Q9Y530,,missing_pdb,False
Q9Y5A7,/data/ranran/my_ptm/croton/data/structure_pipeline/pdb/Q9Y5A7.pdb,exact_sequence_match,True
Q9Y5B9,/data/ranran/my_ptm/croton/data/structure_pipeline/pdb/Q9Y5B9.pdb,exact_sequence_match,True
Q9Y5M8,/data/ranran/my_ptm/croton/data/structure_pipeline/pdb/Q9Y5M8.pdb,exact_sequence_match,True
Q9Y5P4,/data/ranran/my_ptm/croton/data/structure_pipeline/pdb/Q9Y5P4.pdb,exact_sequence_match,True
Q9Y5U8,,missing_pdb,False
Q9Y606,/data/ranran/my_ptm/croton/data/structure_pipeline/pdb/Q9Y606.pdb,exact_sequence_match,True
Q9Y613,,missing_pdb,False
Q9Y617,/data/ranran/my_ptm/croton/data/structure_pipeline/pdb/Q9Y617.pdb,exact_sequence_match,True
Q9Y619,,missing_pdb,False
Q9Y697,,missing_pdb,False
Q9Y6A9,,missing_pdb,False
Q9Y6B7,,missing_pdb,False
Q9Y6D6,/data/ranran/my_ptm/croton/data/structure_pipeline/pdb/Q9Y6D6.pdb,exact_sequence_match,True
Q9Y6D9,/data/ranran/my_ptm/croton/data/structure_pipeline/pdb/Q9Y6D9.pdb,exact_sequence_match,True
Q9Y6G9,/data/ranran/my_ptm/croton/data/structure_pipeline/pdb/Q9Y6G9.pdb,exact_sequence_match,True
Q9Y6K8,,missing_pdb,False
Q9Y6M1,/data/ranran/my_ptm/croton/data/structure_pipeline/pdb/Q9Y6M1.pdb,exact_sequence_match,True
Q9Y6M5,,missing_pdb,False
Q9Z160,,missing_pdb,False
Q9Z1K5,,missing_pdb,False
Q9Z1T1,,missing_pdb,False
Q9Z204,,missing_pdb,False
Q9Z2M7,,missing_pdb,False
