protein,pdb_path,reason,valid
A0A021WW32,,missing_pdb,False
A0A024R5B6,,missing_pdb,False
A0A061IDC7,,missing_pdb,False
A0A067XG51,,missing_pdb,False
A0A075B716,,missing_pdb,False
A0A075TQD8,,missing_pdb,False
A0A075TQR0,,missing_pdb,False
A0A087WP24,,missing_pdb,False
A0A087WP73,,missing_pdb,False
A0A087WPY5,,missing_pdb,False
A0A087WQ23,,missing_pdb,False
A0A087WQC8,,missing_pdb,False
A0A087WQF0,,missing_pdb,False
A0A087WRC9,,missing_pdb,False
A0A087WRZ7,,missing_pdb,False
A0A087WT15,,missing_pdb,False
A0A087WU02,,missing_pdb,False
A0A087WUN8,,missing_pdb,False
A0A087WVC5,,missing_pdb,False
A0A087WWN8,,missing_pdb,False
A0A087WZ13,,missing_pdb,False
A0A087X037,,missing_pdb,False
A0A087X1R4,,missing_pdb,False
A0A096LNH2,,missing_pdb,False
A0A096LP01,,missing_pdb,False
A0A096MJ99,,missing_pdb,False
A0A096MJP9,,missing_pdb,False
A0A0A0MQG1,,missing_pdb,False
A0A0A0MQJ3,,missing_pdb,False
A0A0A0MRJ6,,missing_pdb,False
A0A0A0MRS6,,missing_pdb,False
A0A0A0MT35,,missing_pdb,False
A0A0A6YW34,,missing_pdb,False
A0A0A6YWJ7,,missing_pdb,False
A0A0A6YWM0,,missing_pdb,False
A0A0A6YWU6,,missing_pdb,False
A0A0A6YXX9,,missing_pdb,False
A0A0B4J1S3,,missing_pdb,False
A0A0B4J1Z8,,missing_pdb,False
A0A0B4JCT8,,missing_pdb,False
A0A0B4JD26,,missing_pdb,False
A0A0B4JD39,,missing_pdb,False
A0A0B4JD40,,missing_pdb,False
A0A0B4JD48,,missing_pdb,False
A0A0B4JDC3,,missing_pdb,False
A0A0B4K6C3,,missing_pdb,False
A0A0B4K6D2,,missing_pdb,False
A0A0B4K6I5,,missing_pdb,False
A0A0B4K6K9,,missing_pdb,False
A0A0B4K6M7,,missing_pdb,False
A0A0B4K6N7,,missing_pdb,False
A0A0B4K6P8,,missing_pdb,False
A0A0B4K6U2,,missing_pdb,False
A0A0B4K6W2,,missing_pdb,False
A0A0B4K713,,missing_pdb,False
A0A0B4K726,,missing_pdb,False
A0A0B4K730,,missing_pdb,False
A0A0B4K753,,missing_pdb,False
A0A0B4K7G4,,missing_pdb,False
A0A0B4K7J2,,missing_pdb,False
A0A0B4K7L0,,missing_pdb,False
A0A0B4K812,,missing_pdb,False
A0A0B4K827,,missing_pdb,False
A0A0B4K851,,missing_pdb,False
A0A0B4K883,,missing_pdb,False
A0A0B4K885,,missing_pdb,False
A0A0B4K891,,missing_pdb,False
A0A0B4K8A5,,missing_pdb,False
A0A0B4KEI3,,missing_pdb,False
A0A0B4KEI5,,missing_pdb,False
A0A0B4KEI6,,missing_pdb,False
A0A0B4KEJ4,,missing_pdb,False
A0A0B4KEK1,,missing_pdb,False
A0A0B4KES0,,missing_pdb,False
A0A0B4KET0,,missing_pdb,False
A0A0B4KEZ9,,missing_pdb,False
A0A0B4KF23,,missing_pdb,False
A0A0B4KF90,,missing_pdb,False
A0A0B4KFA4,,missing_pdb,False
A0A0B4KFE9,,missing_pdb,False
A0A0B4KFJ7,,missing_pdb,False
A0A0B4KFK9,,missing_pdb,False
A0A0B4KFN1,,missing_pdb,False
A0A0B4KFR1,,missing_pdb,False
A0A0B4KFW0,,missing_pdb,False
A0A0B4KFY5,,missing_pdb,False
A0A0B4KFZ0,,missing_pdb,False
A0A0B4KFZ9,,missing_pdb,False
A0A0B4KG17,,missing_pdb,False
A0A0B4KG32,,missing_pdb,False
A0A0B4KG52,,missing_pdb,False
A0A0B4KG81,,missing_pdb,False
A0A0B4KGI7,,missing_pdb,False
A0A0B4KGL6,,missing_pdb,False
A0A0B4KGQ0,,missing_pdb,False
A0A0B4KGU4,,missing_pdb,False
A0A0B4KGV7,,missing_pdb,False
A0A0B4KH12,,missing_pdb,False
A0A0B4KH73,,missing_pdb,False
A0A0B4KHB1,,missing_pdb,False
A0A0B4KHD4,,missing_pdb,False
A0A0B4KHH6,,missing_pdb,False
A0A0B4KHI3,,missing_pdb,False
A0A0B4KHL7,,missing_pdb,False
A0A0B4KHQ0,,missing_pdb,False
A0A0B4KHQ5,,missing_pdb,False
A0A0B4KHR8,,missing_pdb,False
A0A0B4KHS6,,missing_pdb,False
A0A0B4KHW3,,missing_pdb,False
A0A0B4KHX3,,missing_pdb,False
A0A0B4KHY4,,missing_pdb,False
A0A0B4KHY8,,missing_pdb,False
A0A0B4KI69,,missing_pdb,False
A0A0B4LEV2,,missing_pdb,False
A0A0B4LEY4,,missing_pdb,False
A0A0B4LF00,,missing_pdb,False
A0A0B4LF93,,missing_pdb,False
A0A0B4LF97,,missing_pdb,False
A0A0B4LFA6,,missing_pdb,False
A0A0B4LFB3,,missing_pdb,False
A0A0B4LFH2,,missing_pdb,False
A0A0B4LFH9,,missing_pdb,False
A0A0B4LFI9,,missing_pdb,False
A0A0B4LFJ4,,missing_pdb,False
A0A0B4LFK8,,missing_pdb,False
A0A0B4LFQ3,,missing_pdb,False
A0A0B4LFR4,,missing_pdb,False
A0A0B4LFT2,,missing_pdb,False
A0A0B4LFX4,,missing_pdb,False
A0A0B4LFY9,,missing_pdb,False
A0A0B4LG01,,missing_pdb,False
A0A0B4LG05,,missing_pdb,False
A0A0B4LG06,,missing_pdb,False
A0A0B4LGA9,,missing_pdb,False
A0A0B4LGB0,,missing_pdb,False
A0A0B4LGC8,,missing_pdb,False
A0A0B4LGJ4,,missing_pdb,False
A0A0B4LGM8,,missing_pdb,False
A0A0B4LGZ0,,missing_pdb,False
A0A0B4LGZ3,,missing_pdb,False
A0A0B4LGZ5,,missing_pdb,False
A0A0B4LGZ6,,missing_pdb,False
A0A0B4LH59,,missing_pdb,False
A0A0B4LH64,,missing_pdb,False
A0A0B4LH99,,missing_pdb,False
A0A0B4LHF7,,missing_pdb,False
A0A0B4LHI3,,missing_pdb,False
A0A0B4LHL0,,missing_pdb,False
A0A0B4LHL7,,missing_pdb,False
A0A0B4LHN0,,missing_pdb,False
A0A0B4LHQ4,,missing_pdb,False
A0A0B4LHT3,,missing_pdb,False
A0A0B4LI25,,missing_pdb,False
A0A0B4LIA3,,missing_pdb,False
A0A0B4LIB3,,missing_pdb,False
A0A0B5CWI0,,missing_pdb,False
A0A0B7P9G0,,missing_pdb,False
A0A0C4DGM4,,missing_pdb,False
A0A0C4DGN7,,missing_pdb,False
A0A0C4DGW6,,missing_pdb,False
A0A0C4DH65,,missing_pdb,False
A0A0C4DHD4,,missing_pdb,False
A0A0C4DHE6,,missing_pdb,False
A0A0C4DHE8,,missing_pdb,False
A0A0C4DHG2,,missing_pdb,False
A0A0C4DHG5,,missing_pdb,False
A0A0D9SF20,,missing_pdb,False
A0A0D9SF50,,missing_pdb,False
A0A0D9SG95,,missing_pdb,False
A0A0D9SGJ8,,missing_pdb,False
A0A0F7UMW9,,missing_pdb,False
A0A0F7UNN4,,missing_pdb,False
A0A0F7UNS7,,missing_pdb,False
A0A0F7UNU4,,missing_pdb,False
A0A0F7UNW4,,missing_pdb,False
A0A0F7UQZ1,,missing_pdb,False
A0A0F7UR59,,missing_pdb,False
A0A0F7USE7,,missing_pdb,False
A0A0F7USF3,,missing_pdb,False
A0A0F7USK4,,missing_pdb,False
A0A0F7USU4,,missing_pdb,False
A0A0F7UTQ6,,missing_pdb,False
A0A0F7UV78,,missing_pdb,False
A0A0F7UW96,,missing_pdb,False
A0A0F7UWF9,,missing_pdb,False
A0A0F7UWQ2,,missing_pdb,False
A0A0F7UWS3,,missing_pdb,False
A0A0F7UX16,,missing_pdb,False
A0A0F7UX90,,missing_pdb,False
A0A0F7UXJ4,,missing_pdb,False
A0A0F7V030,,missing_pdb,False
A0A0F7V0F5,,missing_pdb,False
A0A0F7V117,,missing_pdb,False
A0A0F7V159,,missing_pdb,False
A0A0F7V1A1,,missing_pdb,False
A0A0F7V1Y0,,missing_pdb,False
A0A0F7V263,,missing_pdb,False
A0A0F7V2T4,,missing_pdb,False
A0A0F7V3M7,,missing_pdb,False
A0A0F7V470,,missing_pdb,False
A0A0F7V611,,missing_pdb,False
A0A0F7V9A2,,missing_pdb,False
A0A0F7V9N9,,missing_pdb,False
A0A0F7VAM4,,missing_pdb,False
A0A0F7VB69,,missing_pdb,False
A0A0F7VDV9,,missing_pdb,False
A0A0G2JDN7,,missing_pdb,False
A0A0G2JG52,,missing_pdb,False
A0A0G2JH58,,missing_pdb,False
A0A0G2JJD3,,missing_pdb,False
A0A0G2JTC2,,missing_pdb,False
A0A0G2JTH4,,missing_pdb,False
A0A0G2JU79,,missing_pdb,False
A0A0G2JUF2,,missing_pdb,False
A0A0G2JUF9,,missing_pdb,False
A0A0G2JV04,,missing_pdb,False
A0A0G2JVB1,,missing_pdb,False
A0A0G2JWX1,,missing_pdb,False
A0A0G2JX93,,missing_pdb,False
A0A0G2JXJ6,,missing_pdb,False
A0A0G2JY08,,missing_pdb,False
A0A0G2JY73,,missing_pdb,False
A0A0G2JZ11,,missing_pdb,False
A0A0G2JZ71,,missing_pdb,False
A0A0G2JZT5,,missing_pdb,False
A0A0G2K016,,missing_pdb,False
A0A0G2K095,,missing_pdb,False
A0A0G2K160,,missing_pdb,False
A0A0G2K1A3,,missing_pdb,False
A0A0G2K1A4,,missing_pdb,False
A0A0G2K1V7,,missing_pdb,False
A0A0G2K2T1,,missing_pdb,False
A0A0G2K350,,missing_pdb,False
A0A0G2K5G6,,missing_pdb,False
A0A0G2K5P5,,missing_pdb,False
A0A0G2K5Q8,,missing_pdb,False
A0A0G2K5V4,,missing_pdb,False
A0A0G2K698,,missing_pdb,False
A0A0G2K6E8,,missing_pdb,False
A0A0G2K715,,missing_pdb,False
A0A0G2K7B6,,missing_pdb,False
A0A0G2K7X2,,missing_pdb,False
A0A0G2K865,,missing_pdb,False
A0A0G2K8D6,,missing_pdb,False
A0A0G2K8V3,,missing_pdb,False
A0A0G2K975,,missing_pdb,False
A0A0G2K9J2,,missing_pdb,False
A0A0G2K9L2,,missing_pdb,False
A0A0H2UHR2,,missing_pdb,False
A0A0J9YTS1,,missing_pdb,False
A0A0J9YTU1,,missing_pdb,False
A0A0J9YUH4,,missing_pdb,False
A0A0J9YVE6,,missing_pdb,False
A0A0J9YVF2,,missing_pdb,False
A0A0J9YWL9,,missing_pdb,False
A0A0J9YX89,,missing_pdb,False
A0A0J9YX90,,missing_pdb,False
A0A0J9YXF2,,missing_pdb,False
A0A0N4SUR9,,missing_pdb,False
A0A0N4SW19,,missing_pdb,False
A0A0N7KC87,,missing_pdb,False
A0A0N7KD98,,missing_pdb,False
A0A0N7KDK1,,missing_pdb,False
A0A0N7KDS3,,missing_pdb,False
A0A0N7KE64,,missing_pdb,False
A0A0N7KEV9,,missing_pdb,False
A0A0N7KEW2,,missing_pdb,False
A0A0N7KF16,,missing_pdb,False
A0A0N7KFC3,,missing_pdb,False
A0A0N7KFE2,,missing_pdb,False
A0A0N7KFQ6,,missing_pdb,False
A0A0N7KGC5,,missing_pdb,False
A0A0N7KGG6,,missing_pdb,False
A0A0N7KGZ5,,missing_pdb,False
A0A0N7KH18,,missing_pdb,False
A0A0N7KH33,,missing_pdb,False
A0A0N7KH91,,missing_pdb,False
A0A0N7KHB2,,missing_pdb,False
A0A0N7KHG8,,missing_pdb,False
A0A0N7KHX3,,missing_pdb,False
A0A0N7KI03,,missing_pdb,False
A0A0N7KI55,,missing_pdb,False
A0A0N7KI81,,missing_pdb,False
A0A0N7KI91,,missing_pdb,False
A0A0N7KIH5,,missing_pdb,False
A0A0N7KIX9,,missing_pdb,False
A0A0N7KJ40,,missing_pdb,False
A0A0N7KJ94,,missing_pdb,False
A0A0N7KJF0,,missing_pdb,False
A0A0N7KJH5,,missing_pdb,False
A0A0N7KJS0,,missing_pdb,False
A0A0N7KJS9,,missing_pdb,False
A0A0N7KJV4,,missing_pdb,False
A0A0N7KJW6,,missing_pdb,False
A0A0N7KJY7,,missing_pdb,False
A0A0N7KK02,,missing_pdb,False
A0A0N7KK26,,missing_pdb,False
A0A0N7KK27,,missing_pdb,False
A0A0N7KK53,,missing_pdb,False
A0A0N7KK97,,missing_pdb,False
A0A0N7KKM8,,missing_pdb,False
A0A0N7KKQ5,,missing_pdb,False
A0A0N7KKY0,,missing_pdb,False
A0A0N7KL10,,missing_pdb,False
A0A0N7KL42,,missing_pdb,False
A0A0N7KL48,,missing_pdb,False
A0A0N7KL52,,missing_pdb,False
A0A0N7KL65,,missing_pdb,False
A0A0N7KL97,,missing_pdb,False
A0A0N7KLT6,,missing_pdb,False
A0A0N7KLY4,,missing_pdb,False
A0A0N7KM41,,missing_pdb,False
A0A0N7KMH6,,missing_pdb,False
A0A0N7KMJ3,,missing_pdb,False
A0A0N7KMJ5,,missing_pdb,False
A0A0N7KMZ4,,missing_pdb,False
A0A0N7KNF9,,missing_pdb,False
A0A0N7KNG5,,missing_pdb,False
A0A0N7KNJ6,,missing_pdb,False
A0A0N7KNU5,,missing_pdb,False
A0A0N7KNX3,,missing_pdb,False
A0A0N7KPG0,,missing_pdb,False
A0A0N7KPL8,,missing_pdb,False
A0A0N7KPU5,,missing_pdb,False
A0A0N7KQA0,,missing_pdb,False
A0A0N7KQF0,,missing_pdb,False
A0A0N7KQG4,,missing_pdb,False
A0A0N7KQJ6,,missing_pdb,False
A0A0N7KQZ1,,missing_pdb,False
A0A0N7KR17,,missing_pdb,False
A0A0N7KRJ2,,missing_pdb,False
A0A0N7KSD1,,missing_pdb,False
A0A0N7KSE3,,missing_pdb,False
A0A0N7KSV6,,missing_pdb,False
A0A0N7KSW1,,missing_pdb,False
A0A0N7KT20,,missing_pdb,False
A0A0N7KUA0,,missing_pdb,False
A0A0N9E161,,missing_pdb,False
A0A0P0UXC6,,missing_pdb,False
A0A0P0UXI2,,missing_pdb,False
A0A0P0UXN0,,missing_pdb,False
A0A0P0UXW3,,missing_pdb,False
A0A0P0UY01,,missing_pdb,False
A0A0P0UYC1,,missing_pdb,False
A0A0P0UYP5,,missing_pdb,False
A0A0P0UZ22,,missing_pdb,False
A0A0P0UZ95,,missing_pdb,False
A0A0P0UZP7,,missing_pdb,False
A0A0P0UZU0,,missing_pdb,False
A0A0P0V031,,missing_pdb,False
A0A0P0V070,,missing_pdb,False
A0A0P0V0A8,,missing_pdb,False
A0A0P0V0F1,,missing_pdb,False
A0A0P0V0N5,,missing_pdb,False
A0A0P0V155,,missing_pdb,False
A0A0P0V1E6,,missing_pdb,False
A0A0P0V1H9,,missing_pdb,False
A0A0P0V1K4,,missing_pdb,False
A0A0P0V1K9,,missing_pdb,False
A0A0P0V1N4,,missing_pdb,False
A0A0P0V1N8,,missing_pdb,False
A0A0P0V1Q7,,missing_pdb,False
A0A0P0V211,,missing_pdb,False
A0A0P0V287,,missing_pdb,False
A0A0P0V2D2,,missing_pdb,False
A0A0P0V312,,missing_pdb,False
A0A0P0V323,,missing_pdb,False
A0A0P0V423,,missing_pdb,False
A0A0P0V486,,missing_pdb,False
A0A0P0V4M9,,missing_pdb,False
A0A0P0V598,,missing_pdb,False
A0A0P0V5B4,,missing_pdb,False
A0A0P0V5Y9,,missing_pdb,False
A0A0P0V616,,missing_pdb,False
A0A0P0V625,,missing_pdb,False
A0A0P0V627,,missing_pdb,False
A0A0P0V659,,missing_pdb,False
A0A0P0V695,,missing_pdb,False
A0A0P0V6E1,,missing_pdb,False
A0A0P0V736,,missing_pdb,False
A0A0P0V7J9,,missing_pdb,False
A0A0P0V7R2,,missing_pdb,False
A0A0P0V7R7,,missing_pdb,False
A0A0P0V7W8,,missing_pdb,False
A0A0P0V7X7,,missing_pdb,False
A0A0P0V880,,missing_pdb,False
A0A0P0V8N2,,missing_pdb,False
A0A0P0V8Q0,,missing_pdb,False
A0A0P0V9N1,,missing_pdb,False
A0A0P0V9S4,,missing_pdb,False
A0A0P0V9U1,,missing_pdb,False
A0A0P0V9Y7,,missing_pdb,False
A0A0P0VAL7,,missing_pdb,False
A0A0P0VAM6,,missing_pdb,False
A0A0P0VAX3,,missing_pdb,False
A0A0P0VB00,,missing_pdb,False
A0A0P0VB43,,missing_pdb,False
A0A0P0VBJ2,,missing_pdb,False
A0A0P0VC90,,missing_pdb,False
A0A0P0VDN0,,missing_pdb,False
A0A0P0VE83,,missing_pdb,False
A0A0P0VEC6,,missing_pdb,False
A0A0P0VF49,,missing_pdb,False
A0A0P0VF78,,missing_pdb,False
A0A0P0VFQ1,,missing_pdb,False
A0A0P0VFU2,,missing_pdb,False
A0A0P0VG16,,missing_pdb,False
A0A0P0VG95,,missing_pdb,False
A0A0P0VGZ1,,missing_pdb,False
A0A0P0VH17,,missing_pdb,False
A0A0P0VHE6,,missing_pdb,False
A0A0P0VHI5,,missing_pdb,False
A0A0P0VHM3,,missing_pdb,False
A0A0P0VI61,,missing_pdb,False
A0A0P0VI65,,missing_pdb,False
A0A0P0VIA4,,missing_pdb,False
A0A0P0VIQ7,,missing_pdb,False
A0A0P0VIQ9,,missing_pdb,False
A0A0P0VJ84,,missing_pdb,False
A0A0P0VJH0,,missing_pdb,False
A0A0P0VJM7,,missing_pdb,False
A0A0P0VJQ7,,missing_pdb,False
A0A0P0VJT1,,missing_pdb,False
A0A0P0VJT6,,missing_pdb,False
A0A0P0VK21,,missing_pdb,False
A0A0P0VK28,,missing_pdb,False
A0A0P0VKK3,,missing_pdb,False
A0A0P0VKT4,,missing_pdb,False
A0A0P0VL26,,missing_pdb,False
A0A0P0VL54,,missing_pdb,False
A0A0P0VLD7,,missing_pdb,False
A0A0P0VLJ1,,missing_pdb,False
A0A0P0VLP0,,missing_pdb,False
A0A0P0VLR8,,missing_pdb,False
A0A0P0VLS3,,missing_pdb,False
A0A0P0VM00,,missing_pdb,False
A0A0P0VMD7,,missing_pdb,False
A0A0P0VMQ0,,missing_pdb,False
A0A0P0VMU1,,missing_pdb,False
A0A0P0VMW4,,missing_pdb,False
A0A0P0VNB9,,missing_pdb,False
A0A0P0VNG6,,missing_pdb,False
A0A0P0VPL0,,missing_pdb,False
A0A0P0VQ15,,missing_pdb,False
A0A0P0VQI3,,missing_pdb,False
A0A0P0VQJ8,,missing_pdb,False
A0A0P0VQJ9,,missing_pdb,False
A0A0P0VQK9,,missing_pdb,False
A0A0P0VQQ5,,missing_pdb,False
A0A0P0VQV1,,missing_pdb,False
A0A0P0VQW4,,missing_pdb,False
A0A0P0VR96,,missing_pdb,False
A0A0P0VRG3,,missing_pdb,False
A0A0P0VRH1,,missing_pdb,False
A0A0P0VRI0,,missing_pdb,False
A0A0P0VRI3,,missing_pdb,False
A0A0P0VRN6,,missing_pdb,False
A0A0P0VRQ0,,missing_pdb,False
A0A0P0VS59,,missing_pdb,False
A0A0P0VSF7,,missing_pdb,False
A0A0P0VSH6,,missing_pdb,False
A0A0P0VST7,,missing_pdb,False
A0A0P0VT75,,missing_pdb,False
A0A0P0VT76,,missing_pdb,False
A0A0P0VT81,,missing_pdb,False
A0A0P0VT94,,missing_pdb,False
A0A0P0VTM6,,missing_pdb,False
A0A0P0VTN6,,missing_pdb,False
A0A0P0VTQ1,,missing_pdb,False
A0A0P0VTY0,,missing_pdb,False
A0A0P0VU90,,missing_pdb,False
A0A0P0VUX1,,missing_pdb,False
A0A0P0VVJ6,,missing_pdb,False
A0A0P0VVJ7,,missing_pdb,False
A0A0P0VVL1,,missing_pdb,False
A0A0P0VVN7,,missing_pdb,False
A0A0P0VVR4,,missing_pdb,False
A0A0P0VW19,,missing_pdb,False
A0A0P0VW37,,missing_pdb,False
A0A0P0VWD0,,missing_pdb,False
A0A0P0VWE2,,missing_pdb,False
A0A0P0VWN1,,missing_pdb,False
A0A0P0VWN2,,missing_pdb,False
A0A0P0VWQ0,,missing_pdb,False
A0A0P0VX21,,missing_pdb,False
A0A0P0VY13,,missing_pdb,False
A0A0P0VY29,,missing_pdb,False
A0A0P0VY77,,missing_pdb,False
A0A0P0VYH7,,missing_pdb,False
A0A0P0VYI0,,missing_pdb,False
A0A0P0VYI4,,missing_pdb,False
A0A0P0VYK0,,missing_pdb,False
A0A0P0VYL4,,missing_pdb,False
A0A0P0VYT3,,missing_pdb,False
A0A0P0VYZ7,,missing_pdb,False
A0A0P0VZ78,,missing_pdb,False
A0A0P0VZA3,,missing_pdb,False
A0A0P0VZW9,,missing_pdb,False
A0A0P0W000,,missing_pdb,False
A0A0P0W0A6,,missing_pdb,False
A0A0P0W0B0,,missing_pdb,False
A0A0P0W0L2,,missing_pdb,False
A0A0P0W0M1,,missing_pdb,False
A0A0P0W0Q4,,missing_pdb,False
A0A0P0W122,,missing_pdb,False
A0A0P0W1G2,,missing_pdb,False
A0A0P0W1L9,,missing_pdb,False
A0A0P0W1R0,,missing_pdb,False
A0A0P0W1R2,,missing_pdb,False
A0A0P0W293,,missing_pdb,False
A0A0P0W2F1,,missing_pdb,False
A0A0P0W2F4,,missing_pdb,False
A0A0P0W2S2,,missing_pdb,False
A0A0P0W2S3,,missing_pdb,False
A0A0P0W2S4,,missing_pdb,False
A0A0P0W363,,missing_pdb,False
A0A0P0W3I3,,missing_pdb,False
A0A0P0W3K7,,missing_pdb,False
A0A0P0W4X3,,missing_pdb,False
A0A0P0W590,,missing_pdb,False
A0A0P0W5K3,,missing_pdb,False
A0A0P0W5S9,,missing_pdb,False
A0A0P0W5V6,,missing_pdb,False
A0A0P0W604,,missing_pdb,False
A0A0P0W6A1,,missing_pdb,False
A0A0P0W6B7,,missing_pdb,False
A0A0P0W6F0,,missing_pdb,False
A0A0P0W6L3,,missing_pdb,False
A0A0P0W833,,missing_pdb,False
A0A0P0W8W5,,missing_pdb,False
A0A0P0W9B8,,missing_pdb,False
A0A0P0W9C2,,missing_pdb,False
A0A0P0W9H8,,missing_pdb,False
A0A0P0W9T5,,missing_pdb,False
A0A0P0W9U2,,missing_pdb,False
A0A0P0WA00,,missing_pdb,False
A0A0P0WA18,,missing_pdb,False
A0A0P0WAD6,,missing_pdb,False
A0A0P0WAE9,,missing_pdb,False
A0A0P0WAS9,,missing_pdb,False
A0A0P0WAT8,,missing_pdb,False
A0A0P0WAW8,,missing_pdb,False
A0A0P0WB09,,missing_pdb,False
A0A0P0WBK5,,missing_pdb,False
A0A0P0WBR2,,missing_pdb,False
A0A0P0WBW4,,missing_pdb,False
A0A0P0WBZ9,,missing_pdb,False
A0A0P0WC02,,missing_pdb,False
A0A0P0WCB6,,missing_pdb,False
A0A0P0WCM6,,missing_pdb,False
A0A0P0WCT4,,missing_pdb,False
A0A0P0WD30,,missing_pdb,False
A0A0P0WDG2,,missing_pdb,False
A0A0P0WDI8,,missing_pdb,False
A0A0P0WDJ2,,missing_pdb,False
A0A0P0WDT0,,missing_pdb,False
A0A0P0WDX3,,missing_pdb,False
A0A0P0WDZ0,,missing_pdb,False
A0A0P0WDZ1,,missing_pdb,False
A0A0P0WE04,,missing_pdb,False
A0A0P0WE64,,missing_pdb,False
A0A0P0WER7,,missing_pdb,False
A0A0P0WET7,,missing_pdb,False
A0A0P0WEV1,,missing_pdb,False
A0A0P0WF07,,missing_pdb,False
A0A0P0WFF5,,missing_pdb,False
A0A0P0WFX5,,missing_pdb,False
A0A0P0WGC6,,missing_pdb,False
A0A0P0WGG2,,missing_pdb,False
A0A0P0WGJ4,,missing_pdb,False
A0A0P0WGN7,,missing_pdb,False
A0A0P0WGN9,,missing_pdb,False
A0A0P0WGP6,,missing_pdb,False
A0A0P0WGQ1,,missing_pdb,False
A0A0P0WGS0,,missing_pdb,False
A0A0P0WGS6,,missing_pdb,False
A0A0P0WGW6,,missing_pdb,False
A0A0P0WH19,,missing_pdb,False
A0A0P0WH43,,missing_pdb,False
A0A0P0WH48,,missing_pdb,False
A0A0P0WHF8,,missing_pdb,False
A0A0P0WHL3,,missing_pdb,False
A0A0P0WHN5,,missing_pdb,False
A0A0P0WHQ3,,missing_pdb,False
A0A0P0WHX8,,missing_pdb,False
A0A0P0WI13,,missing_pdb,False
A0A0P0WIE6,,missing_pdb,False
A0A0P0WIH0,,missing_pdb,False
A0A0P0WIP4,,missing_pdb,False
A0A0P0WIQ8,,missing_pdb,False
A0A0P0WIS3,,missing_pdb,False
A0A0P0WIU5,,missing_pdb,False
A0A0P0WIY0,,missing_pdb,False
A0A0P0WJ06,,missing_pdb,False
A0A0P0WJ26,,missing_pdb,False
A0A0P0WJ39,,missing_pdb,False
A0A0P0WJQ6,,missing_pdb,False
A0A0P0WJZ4,,missing_pdb,False
A0A0P0WK53,,missing_pdb,False
A0A0P0WKA8,,missing_pdb,False
A0A0P0WKF1,,missing_pdb,False
A0A0P0WKG4,,missing_pdb,False
A0A0P0WKV1,,missing_pdb,False
A0A0P0WL11,,missing_pdb,False
A0A0P0WL57,,missing_pdb,False
A0A0P0WL67,,missing_pdb,False
A0A0P0WLS3,,missing_pdb,False
A0A0P0WLX7,,missing_pdb,False
A0A0P0WMW0,,missing_pdb,False
A0A0P0WMX1,,missing_pdb,False
A0A0P0WMY2,,missing_pdb,False
A0A0P0WMZ9,,missing_pdb,False
A0A0P0WNH6,,missing_pdb,False
A0A0P0WNI6,,missing_pdb,False
A0A0P0WNX8,,missing_pdb,False
A0A0P0WP33,,missing_pdb,False
A0A0P0WPI9,,missing_pdb,False
A0A0P0WPK3,,missing_pdb,False
A0A0P0WPN5,,missing_pdb,False
A0A0P0WPQ4,,missing_pdb,False
A0A0P0WPY7,,missing_pdb,False
A0A0P0WQ17,,missing_pdb,False
A0A0P0WQ37,,missing_pdb,False
A0A0P0WQE9,,missing_pdb,False
A0A0P0WQH2,,missing_pdb,False
A0A0P0WQR7,,missing_pdb,False
A0A0P0WQT3,,missing_pdb,False
A0A0P0WQU7,,missing_pdb,False
A0A0P0WR23,,missing_pdb,False
A0A0P0WRM2,,missing_pdb,False
A0A0P0WRT2,,missing_pdb,False
A0A0P0WRV0,,missing_pdb,False
A0A0P0WRY7,,missing_pdb,False
A0A0P0WRY8,,missing_pdb,False
A0A0P0WS94,,missing_pdb,False
A0A0P0WSA7,,missing_pdb,False
A0A0P0WSF9,,missing_pdb,False
A0A0P0WSG8,,missing_pdb,False
A0A0P0WTD4,,missing_pdb,False
A0A0P0WTN0,,missing_pdb,False
A0A0P0WU66,,missing_pdb,False
A0A0P0WUB2,,missing_pdb,False
A0A0P0WUM5,,missing_pdb,False
A0A0P0WUT4,,missing_pdb,False
A0A0P0WUU4,,missing_pdb,False
A0A0P0WVP2,,missing_pdb,False
A0A0P0WW83,,missing_pdb,False
A0A0P0WWF5,,missing_pdb,False
A0A0P0WX09,,missing_pdb,False
A0A0P0WX41,,missing_pdb,False
A0A0P0WXE9,,missing_pdb,False
A0A0P0WXF7,,missing_pdb,False
A0A0P0WXJ2,,missing_pdb,False
A0A0P0WXN8,,missing_pdb,False
A0A0P0WXV2,,missing_pdb,False
A0A0P0WXX1,,missing_pdb,False
A0A0P0WXY6,,missing_pdb,False
A0A0P0WZ08,,missing_pdb,False
A0A0P0WZ98,,missing_pdb,False
A0A0P0WZK6,,missing_pdb,False
A0A0P0WZV9,,missing_pdb,False
A0A0P0WZY9,,missing_pdb,False
A0A0P0X0V1,,missing_pdb,False
A0A0P0X0V3,,missing_pdb,False
A0A0P0X0W6,,missing_pdb,False
A0A0P0X0W7,,missing_pdb,False
A0A0P0X163,,missing_pdb,False
A0A0P0X174,,missing_pdb,False
A0A0P0X1N0,,missing_pdb,False
A0A0P0X1Y0,,missing_pdb,False
A0A0P0X205,,missing_pdb,False
A0A0P0X230,,missing_pdb,False
A0A0P0X2J6,,missing_pdb,False
A0A0P0X2S7,,missing_pdb,False
A0A0P0X309,,missing_pdb,False
A0A0P0X339,,missing_pdb,False
A0A0P0X3Q7,,missing_pdb,False
A0A0P0X424,,missing_pdb,False
A0A0P0X589,,missing_pdb,False
A0A0P0X5J7,,missing_pdb,False
A0A0P0X5L0,,missing_pdb,False
A0A0P0X617,,missing_pdb,False
A0A0P0X630,,missing_pdb,False
A0A0P0X6D6,,missing_pdb,False
A0A0P0X6J3,,missing_pdb,False
A0A0P0X6S4,,missing_pdb,False
A0A0P0X7B7,,missing_pdb,False
A0A0P0X7C6,,missing_pdb,False
A0A0P0X7J9,,missing_pdb,False
A0A0P0X7K2,,missing_pdb,False
A0A0P0X7T6,,missing_pdb,False
A0A0P0X7Z7,,missing_pdb,False
A0A0P0X806,,missing_pdb,False
A0A0P0X882,,missing_pdb,False
A0A0P0X8P7,,missing_pdb,False
A0A0P0X9V2,,missing_pdb,False
A0A0P0X9Y6,,missing_pdb,False
A0A0P0X9Z5,,missing_pdb,False
A0A0P0XA19,,missing_pdb,False
A0A0P0XA30,,missing_pdb,False
A0A0P0XAF5,,missing_pdb,False
A0A0P0XAL9,,missing_pdb,False
A0A0P0XAX6,,missing_pdb,False
A0A0P0XB00,,missing_pdb,False
A0A0P0XB12,,missing_pdb,False
A0A0P0XB22,,missing_pdb,False
A0A0P0XBJ8,,missing_pdb,False
A0A0P0XBV2,,missing_pdb,False
A0A0P0XC25,,missing_pdb,False
A0A0P0XC49,,missing_pdb,False
A0A0P0XCI4,,missing_pdb,False
A0A0P0XCL4,,missing_pdb,False
A0A0P0XCV7,,missing_pdb,False
A0A0P0XD82,,missing_pdb,False
A0A0P0XDF0,,missing_pdb,False
A0A0P0XDF2,,missing_pdb,False
A0A0P0XDJ9,,missing_pdb,False
A0A0P0XDS4,,missing_pdb,False
A0A0P0XE68,,missing_pdb,False
A0A0P0XEB9,,missing_pdb,False
A0A0P0XEC6,,missing_pdb,False
A0A0P0XEQ3,,missing_pdb,False
A0A0P0XEV9,,missing_pdb,False
A0A0P0XF10,,missing_pdb,False
A0A0P0XFT2,,missing_pdb,False
A0A0P0XFY8,,missing_pdb,False
A0A0P0XG11,,missing_pdb,False
A0A0P0XGD3,,missing_pdb,False
A0A0P0XGY0,,missing_pdb,False
A0A0P0XH69,,missing_pdb,False
A0A0P0XHC5,,missing_pdb,False
A0A0P0XHL4,,missing_pdb,False
A0A0P0XHR0,,missing_pdb,False
A0A0P0XHS8,,missing_pdb,False
A0A0P0XI54,,missing_pdb,False
A0A0P0XII1,,missing_pdb,False
A0A0P0XII2,,missing_pdb,False
A0A0P0XII7,,missing_pdb,False
A0A0P0XIW0,,missing_pdb,False
A0A0P0XJ15,,missing_pdb,False
A0A0P0XJ66,,missing_pdb,False
A0A0P0XK24,,missing_pdb,False
A0A0P0XKT6,,missing_pdb,False
A0A0P0XKT7,,missing_pdb,False
A0A0P0XMI4,,missing_pdb,False
A0A0P0XN98,,missing_pdb,False
A0A0P0XNQ0,,missing_pdb,False
A0A0P0XNQ6,,missing_pdb,False
A0A0P0XP73,,missing_pdb,False
A0A0P0XP82,,missing_pdb,False
A0A0P0XPC1,,missing_pdb,False
A0A0P0XPP4,,missing_pdb,False
A0A0P0XPT6,,missing_pdb,False
A0A0P0XPW9,,missing_pdb,False
A0A0P0XQ99,,missing_pdb,False
A0A0P0XQB5,,missing_pdb,False
A0A0P0XQH9,,missing_pdb,False
A0A0P0XR15,,missing_pdb,False
A0A0P0XR80,,missing_pdb,False
A0A0P0XR99,,missing_pdb,False
A0A0P0XRX1,,missing_pdb,False
A0A0P0XSC2,,missing_pdb,False
A0A0P0XT53,,missing_pdb,False
A0A0P0XTR6,,missing_pdb,False
A0A0P0XU17,,missing_pdb,False
A0A0P0XUE4,,missing_pdb,False
A0A0P0XUY4,,missing_pdb,False
A0A0P0XVG4,,missing_pdb,False
A0A0P0XVI2,,missing_pdb,False
A0A0P0XVR5,,missing_pdb,False
A0A0P0XVX8,,missing_pdb,False
A0A0P0XW71,,missing_pdb,False
A0A0P0XWC9,,missing_pdb,False
A0A0P0XWD2,,missing_pdb,False
A0A0P0XWF9,,missing_pdb,False
A0A0P0XWP3,,missing_pdb,False
A0A0P0XWP6,,missing_pdb,False
A0A0P0XWQ8,,missing_pdb,False
A0A0P0XWS1,,missing_pdb,False
A0A0P0XWW4,,missing_pdb,False
A0A0P0XX59,,missing_pdb,False
A0A0P0XXB6,,missing_pdb,False
A0A0P0XXC8,,missing_pdb,False
A0A0P0XXM1,,missing_pdb,False
A0A0P0XXX7,,missing_pdb,False
A0A0P0XY52,,missing_pdb,False
A0A0P0XYA7,,missing_pdb,False
A0A0P0XYN0,,missing_pdb,False
A0A0P0XZA0,,missing_pdb,False
A0A0P0XZD4,,missing_pdb,False
A0A0P0XZY8,,missing_pdb,False
A0A0P0Y0F4,,missing_pdb,False
A0A0P0Y0G4,,missing_pdb,False
A0A0P0Y0G8,,missing_pdb,False
A0A0P0Y1J1,,missing_pdb,False
A0A0P0Y200,,missing_pdb,False
A0A0P0Y292,,missing_pdb,False
A0A0P0Y3Y4,,missing_pdb,False
A0A0P0Y445,,missing_pdb,False
A0A0P0Y4A7,,missing_pdb,False
A0A0P0Y4R9,,missing_pdb,False
A0A0P0Y5S2,,missing_pdb,False
A0A0P0Y5Y8,,missing_pdb,False
A0A0P0Y670,,missing_pdb,False
A0A0P0Y767,,missing_pdb,False
A0A0P0Y7G7,,missing_pdb,False
A0A0P0Y8T7,,missing_pdb,False
A0A0P0Y911,,missing_pdb,False
A0A0P0Y9A4,,missing_pdb,False
A0A0P0Y9G9,,missing_pdb,False
A0A0P0Y9L1,,missing_pdb,False
A0A0P0Y9S4,,missing_pdb,False
A0A0P0Y9Z0,,missing_pdb,False
A0A0P0YA29,,missing_pdb,False
A0A0P0YA40,,missing_pdb,False
A0A0P0YAE6,,missing_pdb,False
A0A0P0YAS1,,missing_pdb,False
A0A0P0YBZ8,,missing_pdb,False
A0A0P0YCD0,,missing_pdb,False
A0A0R4J2E6,,missing_pdb,False
A0A0S0WNT6,,missing_pdb,False
A0A0S0X0Z7,,missing_pdb,False
A0A0S0X8K7,,missing_pdb,False
A0A0U1RPW2,,missing_pdb,False
A0A0U1RQV1,,missing_pdb,False
A0A0U1RR71,,missing_pdb,False
A0A0U1RR76,,missing_pdb,False
A0A125YFB9,,missing_pdb,False
A0A125YFF8,,missing_pdb,False
A0A125YFS4,,missing_pdb,False
A0A125YGP5,,missing_pdb,False
A0A125YGV3,,missing_pdb,False
A0A125YGV4,,missing_pdb,False
A0A125YH19,,missing_pdb,False
A0A125YH31,,missing_pdb,False
A0A125YH88,,missing_pdb,False
A0A125YHB5,,missing_pdb,False
A0A125YHB9,,missing_pdb,False
A0A125YHE0,,missing_pdb,False
A0A125YHE8,,missing_pdb,False
A0A125YHX1,,missing_pdb,False
A0A125YHY8,,missing_pdb,False
A0A125YI76,,missing_pdb,False
A0A125YIC3,,missing_pdb,False
A0A125YII2,,missing_pdb,False
A0A125YIJ7,,missing_pdb,False
A0A125YIU6,,missing_pdb,False
A0A125YJ41,,missing_pdb,False
A0A125YJK4,,missing_pdb,False
A0A125YJX3,,missing_pdb,False
A0A125YJY9,,missing_pdb,False
A0A125YK30,,missing_pdb,False
A0A125YKH1,,missing_pdb,False
A0A125YKM7,,missing_pdb,False
A0A125YKU7,,missing_pdb,False
A0A125YLB8,,missing_pdb,False
A0A125YLH0,,missing_pdb,False
A0A125YLN7,,missing_pdb,False
A0A125YMR9,,missing_pdb,False
A0A125YN28,,missing_pdb,False
A0A125YN60,,missing_pdb,False
A0A125YNX2,,missing_pdb,False
A0A125YP83,,missing_pdb,False
A0A125YPD9,,missing_pdb,False
A0A125YPI3,,missing_pdb,False
A0A125YPJ6,,missing_pdb,False
A0A125YQF3,,missing_pdb,False
A0A125YQG1,,missing_pdb,False
A0A125YQU5,,missing_pdb,False
A0A125YQZ2,,missing_pdb,False
A0A125YRL1,,missing_pdb,False
A0A125YRZ4,,missing_pdb,False
A0A125YS52,,missing_pdb,False
A0A125YSG6,,missing_pdb,False
A0A125YT22,,missing_pdb,False
A0A125YTE0,,missing_pdb,False
A0A125YTJ2,,missing_pdb,False
A0A125YTK3,,missing_pdb,False
A0A125YU42,,missing_pdb,False
A0A125YU89,,missing_pdb,False
A0A125YUH2,,missing_pdb,False
A0A125YUT7,,missing_pdb,False
A0A125YV16,,missing_pdb,False
A0A125YVD2,,missing_pdb,False
A0A125YVF2,,missing_pdb,False
A0A125YWI3,,missing_pdb,False
A0A125YWM5,,missing_pdb,False
A0A125YWR1,,missing_pdb,False
A0A125YWR6,,missing_pdb,False
A0A125YWU4,,missing_pdb,False
A0A125YX03,,missing_pdb,False
A0A125YX76,,missing_pdb,False
A0A125YXB9,,missing_pdb,False
A0A125YXD6,,missing_pdb,False
A0A125YXP0,,missing_pdb,False
A0A125YY03,,missing_pdb,False
A0A125YY58,,missing_pdb,False
A0A125YYR7,,missing_pdb,False
A0A125YYW0,,missing_pdb,False
A0A125YYX2,,missing_pdb,False
A0A125YZ13,,missing_pdb,False
A0A125YZ49,,missing_pdb,False
A0A125YZB5,,missing_pdb,False
A0A125YZM5,,missing_pdb,False
A0A126BEE6,,missing_pdb,False
A0A126GUM8,,missing_pdb,False
A0A140LIQ6,,missing_pdb,False
A0A140LJ55,,missing_pdb,False
A0A178U7L0,,missing_pdb,False
A0A178U821,,missing_pdb,False
A0A178UAI1,,missing_pdb,False
A0A178UEW9,,missing_pdb,False
A0A178UIC3,,missing_pdb,False
A0A178UIU0,,missing_pdb,False
A0A178UL73,,missing_pdb,False
A0A178ULU6,,missing_pdb,False
A0A178URI9,,missing_pdb,False
A0A178USY7,,missing_pdb,False
A0A178UT85,,missing_pdb,False
A0A178UTU7,,missing_pdb,False
A0A178UZH5,,missing_pdb,False
A0A178V6B9,,missing_pdb,False
A0A178V7J2,,missing_pdb,False
A0A178V9Q4,,missing_pdb,False
A0A178VC99,,missing_pdb,False
A0A178VLB9,,missing_pdb,False
A0A178VMF3,,missing_pdb,False
A0A178VRT4,,missing_pdb,False
A0A178VS19,,missing_pdb,False
A0A178W020,,missing_pdb,False
A0A178W6G2,,missing_pdb,False
A0A178W6K6,,missing_pdb,False
A0A178W9K6,,missing_pdb,False
A0A178WCS4,,missing_pdb,False
A0A178WJ52,,missing_pdb,False
A0A178WLH0,,missing_pdb,False
A0A178WME6,,missing_pdb,False
A0A1B0GRC3,,missing_pdb,False
A0A1B0GSF5,,missing_pdb,False
A0A1B0GSG2,,missing_pdb,False
A0A1B0GSW3,,missing_pdb,False
A0A1B0GT25,,missing_pdb,False
A0A1B0GUC2,,missing_pdb,False
A0A1B0GUT4,,missing_pdb,False
A0A1D5RLL4,,missing_pdb,False
A0A1D5RLX4,,missing_pdb,False
A0A1D5RMD4,,missing_pdb,False
A0A1I9LPY5,,missing_pdb,False
A0A1P8AP82,,missing_pdb,False
A0A1P8ARI2,,missing_pdb,False
A0A1P8B4A5,,missing_pdb,False
A0A1P8B756,,missing_pdb,False
A0A1P8YYH2,,missing_pdb,False
A0A220XI22,,missing_pdb,False
A0A221LFR6,,missing_pdb,False
A0A287BGD7,,missing_pdb,False
A0A2L0V7Q6,,missing_pdb,False
A0A384KCP3,,missing_pdb,False
A0A384KN25,,missing_pdb,False
A0A384L2F4,,missing_pdb,False
A0A384LKH6,,missing_pdb,False
A0A3Q8R343,,missing_pdb,False
A0A480VC90,,missing_pdb,False
A0A481AP89,,missing_pdb,False
A0A481ZEN8,,missing_pdb,False
A0A4D6NYW1,,missing_pdb,False
A0A4S4CWB5,,missing_pdb,False
A0A4S4CWF8,,missing_pdb,False
A0A4S4CWH6,,missing_pdb,False
A0A4S4CX08,,missing_pdb,False
A0A4S4CX83,,missing_pdb,False
A0A4S4CX94,,missing_pdb,False
A0A4S4CX96,,missing_pdb,False
A0A4S4CXI7,,missing_pdb,False
A0A4S4CXJ1,,missing_pdb,False
A0A4S4CXV1,,missing_pdb,False
A0A4S4CY84,,missing_pdb,False
A0A4S4CYF7,,missing_pdb,False
A0A4S4CZ07,,missing_pdb,False
A0A4S4CZ15,,missing_pdb,False
A0A4S4CZC9,,missing_pdb,False
A0A4S4CZD5,,missing_pdb,False
A0A4S4CZJ8,,missing_pdb,False
A0A4S4CZU2,,missing_pdb,False
A0A4S4D079,,missing_pdb,False
A0A4S4D0A7,,missing_pdb,False
A0A4S4D0A9,,missing_pdb,False
A0A4S4D0C6,,missing_pdb,False
A0A4S4D0I2,,missing_pdb,False
A0A4S4D0S9,,missing_pdb,False
A0A4S4D0U0,,missing_pdb,False
A0A4S4D0V9,,missing_pdb,False
A0A4S4D139,,missing_pdb,False
A0A4S4D155,,missing_pdb,False
A0A4S4D1E5,,missing_pdb,False
A0A4S4D1J1,,missing_pdb,False
A0A4S4D1J3,,missing_pdb,False
A0A4S4D1K2,,missing_pdb,False
A0A4S4D1L3,,missing_pdb,False
A0A4S4D1Q1,,missing_pdb,False
A0A4S4D1Q6,,missing_pdb,False
A0A4S4D1S9,,missing_pdb,False
A0A4S4D1Z2,,missing_pdb,False
A0A4S4D258,,missing_pdb,False
A0A4S4D2W4,,missing_pdb,False
A0A4S4D355,,missing_pdb,False
A0A4S4D384,,missing_pdb,False
A0A4S4D3C1,,missing_pdb,False
A0A4S4D3D2,,missing_pdb,False
A0A4S4D3H7,,missing_pdb,False
A0A4S4D3L5,,missing_pdb,False
A0A4S4D3X6,,missing_pdb,False
A0A4S4D409,,missing_pdb,False
A0A4S4D446,,missing_pdb,False
A0A4S4D486,,missing_pdb,False
A0A4S4D488,,missing_pdb,False
A0A4S4D4N5,,missing_pdb,False
A0A4S4D4Q4,,missing_pdb,False
A0A4S4D4Z6,,missing_pdb,False
A0A4S4D507,,missing_pdb,False
A0A4S4D5S4,,missing_pdb,False
A0A4S4D624,,missing_pdb,False
A0A4S4D640,,missing_pdb,False
A0A4S4D6C8,,missing_pdb,False
A0A4S4D6H1,,missing_pdb,False
A0A4S4D6H6,,missing_pdb,False
A0A4S4D6K3,,missing_pdb,False
A0A4S4D6N2,,missing_pdb,False
A0A4S4D6Q5,,missing_pdb,False
A0A4S4D6V2,,missing_pdb,False
A0A4S4D6W6,,missing_pdb,False
A0A4S4D702,,missing_pdb,False
A0A4S4D709,,missing_pdb,False
A0A4S4D767,,missing_pdb,False
A0A4S4D792,,missing_pdb,False
A0A4S4D7G9,,missing_pdb,False
A0A4S4D7L4,,missing_pdb,False
A0A4S4D7Q0,,missing_pdb,False
A0A4S4D7R5,,missing_pdb,False
A0A4S4D7S1,,missing_pdb,False
A0A4S4D850,,missing_pdb,False
A0A4S4D8E6,,missing_pdb,False
A0A4S4D8M0,,missing_pdb,False
A0A4S4D8P1,,missing_pdb,False
A0A4S4D8P2,,missing_pdb,False
A0A4S4D8U8,,missing_pdb,False
A0A4S4D949,,missing_pdb,False
A0A4S4D962,,missing_pdb,False
A0A4S4D978,,missing_pdb,False
A0A4S4D9A5,,missing_pdb,False
A0A4S4D9F2,,missing_pdb,False
A0A4S4D9S7,,missing_pdb,False
A0A4S4D9W2,,missing_pdb,False
A0A4S4D9Y7,,missing_pdb,False
A0A4S4D9Y8,,missing_pdb,False
A0A4S4DA17,,missing_pdb,False
A0A4S4DA83,,missing_pdb,False
A0A4S4DA98,,missing_pdb,False
A0A4S4DAN3,,missing_pdb,False
A0A4S4DAU7,,missing_pdb,False
A0A4S4DB60,,missing_pdb,False
A0A4S4DB72,,missing_pdb,False
A0A4S4DBG1,,missing_pdb,False
A0A4S4DBL0,,missing_pdb,False
A0A4S4DBL4,,missing_pdb,False
A0A4S4DBL8,,missing_pdb,False
A0A4S4DBM3,,missing_pdb,False
A0A4S4DBV0,,missing_pdb,False
A0A4S4DBW2,,missing_pdb,False
A0A4S4DC31,,missing_pdb,False
A0A4S4DC42,,missing_pdb,False
A0A4S4DC47,,missing_pdb,False
A0A4S4DCF2,,missing_pdb,False
A0A4S4DCJ6,,missing_pdb,False
A0A4S4DCN6,,missing_pdb,False
A0A4S4DCT2,,missing_pdb,False
A0A4S4DCT3,,missing_pdb,False
A0A4S4DCV1,,missing_pdb,False
A0A4S4DCY4,,missing_pdb,False
A0A4S4DDC5,,missing_pdb,False
A0A4S4DDC6,,missing_pdb,False
A0A4S4DDF1,,missing_pdb,False
A0A4S4DDG7,,missing_pdb,False
A0A4S4DDQ0,,missing_pdb,False
A0A4S4DDU4,,missing_pdb,False
A0A4S4DE43,,missing_pdb,False
A0A4S4DE53,,missing_pdb,False
A0A4S4DE99,,missing_pdb,False
A0A4S4DEB7,,missing_pdb,False
A0A4S4DEC9,,missing_pdb,False
A0A4S4DEF3,,missing_pdb,False
A0A4S4DEZ5,,missing_pdb,False
A0A4S4DEZ7,,missing_pdb,False
A0A4S4DF04,,missing_pdb,False
A0A4S4DF73,,missing_pdb,False
A0A4S4DFC6,,missing_pdb,False
A0A4S4DFQ5,,missing_pdb,False
A0A4S4DFR5,,missing_pdb,False
A0A4S4DFS4,,missing_pdb,False
A0A4S4DG05,,missing_pdb,False
A0A4S4DG24,,missing_pdb,False
A0A4S4DG46,,missing_pdb,False
A0A4S4DGF6,,missing_pdb,False
A0A4S4DGU1,,missing_pdb,False
A0A4S4DH29,,missing_pdb,False
A0A4S4DHA2,,missing_pdb,False
A0A4S4DHG7,,missing_pdb,False
A0A4S4DHH6,,missing_pdb,False
A0A4S4DI39,,missing_pdb,False
A0A4S4DI80,,missing_pdb,False
A0A4S4DIA8,,missing_pdb,False
A0A4S4DII2,,missing_pdb,False
A0A4S4DII3,,missing_pdb,False
A0A4S4DIL9,,missing_pdb,False
A0A4S4DIW3,,missing_pdb,False
A0A4S4DJ27,,missing_pdb,False
A0A4S4DJ55,,missing_pdb,False
A0A4S4DJM3,,missing_pdb,False
A0A4S4DJU7,,missing_pdb,False
A0A4S4DJX3,,missing_pdb,False
A0A4S4DJZ0,,missing_pdb,False
A0A4S4DK66,,missing_pdb,False
A0A4S4DKE5,,missing_pdb,False
A0A4S4DLG5,,missing_pdb,False
A0A4S4DLP4,,missing_pdb,False
A0A4S4DM67,,missing_pdb,False
A0A4S4DMR0,,missing_pdb,False
A0A4S4DMR9,,missing_pdb,False
A0A4S4DMY5,,missing_pdb,False
A0A4S4DMY8,,missing_pdb,False
A0A4S4DN27,,missing_pdb,False
A0A4S4DNM0,,missing_pdb,False
A0A4S4DNN2,,missing_pdb,False
A0A4S4DNZ2,,missing_pdb,False
A0A4S4DP03,,missing_pdb,False
A0A4S4DPC3,,missing_pdb,False
A0A4S4DPF7,,missing_pdb,False
A0A4S4DPI8,,missing_pdb,False
A0A4S4DPP7,,missing_pdb,False
A0A4S4DPZ3,,missing_pdb,False
A0A4S4DPZ5,,missing_pdb,False
A0A4S4DQ14,,missing_pdb,False
A0A4S4DQ76,,missing_pdb,False
A0A4S4DQ79,,missing_pdb,False
A0A4S4DQ85,,missing_pdb,False
A0A4S4DQL1,,missing_pdb,False
A0A4S4DQV7,,missing_pdb,False
A0A4S4DR79,,missing_pdb,False
A0A4S4DRC9,,missing_pdb,False
A0A4S4DRD8,,missing_pdb,False
A0A4S4DRH2,,missing_pdb,False
A0A4S4DRK9,,missing_pdb,False
A0A4S4DRZ9,,missing_pdb,False
A0A4S4DS14,,missing_pdb,False
A0A4S4DS37,,missing_pdb,False
A0A4S4DSP4,,missing_pdb,False
A0A4S4DSX3,,missing_pdb,False
A0A4S4DT13,,missing_pdb,False
A0A4S4DT79,,missing_pdb,False
A0A4S4DTA7,,missing_pdb,False
A0A4S4DTC3,,missing_pdb,False
A0A4S4DTD9,,missing_pdb,False
A0A4S4DTE2,,missing_pdb,False
A0A4S4DTH5,,missing_pdb,False
A0A4S4DTQ7,,missing_pdb,False
A0A4S4DTR9,,missing_pdb,False
A0A4S4DTT3,,missing_pdb,False
A0A4S4DU05,,missing_pdb,False
A0A4S4DU32,,missing_pdb,False
A0A4S4DUE6,,missing_pdb,False
A0A4S4DUJ0,,missing_pdb,False
A0A4S4DUN8,,missing_pdb,False
A0A4S4DUQ7,,missing_pdb,False
A0A4S4DV30,,missing_pdb,False
A0A4S4DV38,,missing_pdb,False
A0A4S4DV87,,missing_pdb,False
A0A4S4DVA1,,missing_pdb,False
A0A4S4DVL6,,missing_pdb,False
A0A4S4DVP4,,missing_pdb,False
A0A4S4DVQ9,,missing_pdb,False
A0A4S4DVW4,,missing_pdb,False
A0A4S4DW38,,missing_pdb,False
A0A4S4DW46,,missing_pdb,False
A0A4S4DW50,,missing_pdb,False
A0A4S4DWC4,,missing_pdb,False
A0A4S4DWC5,,missing_pdb,False
A0A4S4DWW0,,missing_pdb,False
A0A4S4DWX4,,missing_pdb,False
A0A4S4DWY2,,missing_pdb,False
A0A4S4DX58,,missing_pdb,False
A0A4S4DXA0,,missing_pdb,False
A0A4S4DXB2,,missing_pdb,False
A0A4S4DXI2,,missing_pdb,False
A0A4S4DXK9,,missing_pdb,False
A0A4S4DXQ8,,missing_pdb,False
A0A4S4DXY0,,missing_pdb,False
A0A4S4DY33,,missing_pdb,False
A0A4S4DY54,,missing_pdb,False
A0A4S4DYD1,,missing_pdb,False
A0A4S4DYW6,,missing_pdb,False
A0A4S4DZ16,,missing_pdb,False
A0A4S4DZH0,,missing_pdb,False
A0A4S4DZI4,,missing_pdb,False
A0A4S4DZK7,,missing_pdb,False
A0A4S4DZN5,,missing_pdb,False
A0A4S4DZN6,,missing_pdb,False
A0A4S4DZS8,,missing_pdb,False
A0A4S4E031,,missing_pdb,False
A0A4S4E084,,missing_pdb,False
A0A4S4E0F7,,missing_pdb,False
A0A4S4E0X3,,missing_pdb,False
A0A4S4E115,,missing_pdb,False
A0A4S4E1Q5,,missing_pdb,False
A0A4S4E1Q8,,missing_pdb,False
A0A4S4E292,,missing_pdb,False
A0A4S4E2C8,,missing_pdb,False
A0A4S4E2J5,,missing_pdb,False
A0A4S4E2Q3,,missing_pdb,False
A0A4S4E2X4,,missing_pdb,False
A0A4S4E2Z4,,missing_pdb,False
A0A4S4E374,,missing_pdb,False
A0A4S4E3B8,,missing_pdb,False
A0A4S4E3F0,,missing_pdb,False
A0A4S4E3F8,,missing_pdb,False
A0A4S4E3I3,,missing_pdb,False
A0A4S4E416,,missing_pdb,False
A0A4S4E439,,missing_pdb,False
A0A4S4E4B3,,missing_pdb,False
A0A4S4E4J9,,missing_pdb,False
A0A4S4E4K3,,missing_pdb,False
A0A4S4E4Q0,,missing_pdb,False
A0A4S4E4V5,,missing_pdb,False
A0A4S4E560,,missing_pdb,False
A0A4S4E5E3,,missing_pdb,False
A0A4S4E5G1,,missing_pdb,False
A0A4S4E5I9,,missing_pdb,False
A0A4S4E659,,missing_pdb,False
A0A4S4E674,,missing_pdb,False
A0A4S4E6B4,,missing_pdb,False
A0A4S4E6E3,,missing_pdb,False
A0A4S4E6E4,,missing_pdb,False
A0A4S4E6I3,,missing_pdb,False
A0A4S4E6Q1,,missing_pdb,False
A0A4S4E782,,missing_pdb,False
A0A4S4E789,,missing_pdb,False
A0A4S4E7K3,,missing_pdb,False
A0A4S4E7P5,,missing_pdb,False
A0A4S4E7R5,,missing_pdb,False
A0A4S4E7R9,,missing_pdb,False
A0A4S4E7T4,,missing_pdb,False
A0A4S4E7U6,,missing_pdb,False
A0A4S4E7X5,,missing_pdb,False
A0A4S4E812,,missing_pdb,False
A0A4S4E898,,missing_pdb,False
A0A4S4E8F8,,missing_pdb,False
A0A4S4E8S6,,missing_pdb,False
A0A4S4E8Y8,,missing_pdb,False
A0A4S4E983,,missing_pdb,False
A0A4S4E9H0,,missing_pdb,False
A0A4S4E9P9,,missing_pdb,False
A0A4S4E9T1,,missing_pdb,False
A0A4S4E9U4,,missing_pdb,False
A0A4S4EAF8,,missing_pdb,False
A0A4S4EAY0,,missing_pdb,False
A0A4S4EAY3,,missing_pdb,False
A0A4S4EB41,,missing_pdb,False
A0A4S4EB49,,missing_pdb,False
A0A4S4EB90,,missing_pdb,False
A0A4S4EB91,,missing_pdb,False
A0A4S4EB96,,missing_pdb,False
A0A4S4EBE4,,missing_pdb,False
A0A4S4EBL0,,missing_pdb,False
A0A4S4EBL3,,missing_pdb,False
A0A4S4EBN2,,missing_pdb,False
A0A4S4EBT8,,missing_pdb,False
A0A4S4EBV3,,missing_pdb,False
A0A4S4EBX8,,missing_pdb,False
A0A4S4EBZ1,,missing_pdb,False
A0A4S4EC10,,missing_pdb,False
A0A4S4EC14,,missing_pdb,False
A0A4S4EC32,,missing_pdb,False
A0A4S4EC68,,missing_pdb,False
A0A4S4EC80,,missing_pdb,False
A0A4S4ECB0,,missing_pdb,False
A0A4S4ECG0,,missing_pdb,False
A0A4S4ECG5,,missing_pdb,False
A0A4S4ECI0,,missing_pdb,False
A0A4S4ED02,,missing_pdb,False
A0A4S4ED40,,missing_pdb,False
A0A4S4EDA8,,missing_pdb,False
A0A4S4EDJ5,,missing_pdb,False
A0A4S4EDN6,,missing_pdb,False
A0A4S4EE64,,missing_pdb,False
A0A4S4EED4,,missing_pdb,False
A0A4S4EEI5,,missing_pdb,False
A0A4S4EEL7,,missing_pdb,False
A0A4S4EF14,,missing_pdb,False
A0A4S4EFA6,,missing_pdb,False
A0A4S4EFG8,,missing_pdb,False
A0A4S4EFK9,,missing_pdb,False
A0A4S4EFM1,,missing_pdb,False
A0A4S4EFN7,,missing_pdb,False
A0A4S4EFS4,,missing_pdb,False
A0A4S4EGC8,,missing_pdb,False
A0A4S4EGD4,,missing_pdb,False
A0A4S4EGQ6,,missing_pdb,False
A0A4S4EGU8,,missing_pdb,False
A0A4S4EGZ0,,missing_pdb,False
A0A4S4EH26,,missing_pdb,False
A0A4S4EHE1,,missing_pdb,False
A0A4S4EHK2,,missing_pdb,False
A0A4S4EHM4,,missing_pdb,False
A0A4S4EHN0,,missing_pdb,False
A0A4S4EHR6,,missing_pdb,False
A0A4S4EI19,,missing_pdb,False
A0A4S4EI70,,missing_pdb,False
A0A4S4EIF5,,missing_pdb,False
A0A4S4EIP4,,missing_pdb,False
A0A4S4EIQ7,,missing_pdb,False
A0A4S4EJ26,,missing_pdb,False
A0A4S4EJ61,,missing_pdb,False
A0A4S4EJR3,,missing_pdb,False
A0A4S4EK21,,missing_pdb,False
A0A4S4EK60,,missing_pdb,False
A0A4S4EKC7,,missing_pdb,False
A0A4S4EKE0,,missing_pdb,False
A0A4S4EKF0,,missing_pdb,False
A0A4S4EKF8,,missing_pdb,False
A0A4S4EKH8,,missing_pdb,False
A0A4S4EKP2,,missing_pdb,False
A0A4S4EKQ4,,missing_pdb,False
A0A4S4EKQ8,,missing_pdb,False
A0A4S4EKY9,,missing_pdb,False
A0A4S4EL25,,missing_pdb,False
A0A4S4EL28,,missing_pdb,False
A0A4S4EL38,,missing_pdb,False
A0A4S4ELI4,,missing_pdb,False
A0A4S4ELJ4,,missing_pdb,False
A0A4S4ELM5,,missing_pdb,False
A0A4S4ELN8,,missing_pdb,False
A0A4S4ELT4,,missing_pdb,False
A0A4S4ELT5,,missing_pdb,False
A0A4S4ELU5,,missing_pdb,False
A0A4S4EM56,,missing_pdb,False
A0A4S4EMC0,,missing_pdb,False
A0A4S4EMD1,,missing_pdb,False
A0A4S4EME1,,missing_pdb,False
A0A4S4EMX0,,missing_pdb,False
A0A4S4EMX4,,missing_pdb,False
A0A4S4EN72,,missing_pdb,False
A0A4S4ENA5,,missing_pdb,False
A0A4S4ENH9,,missing_pdb,False
A0A4S4ENI1,,missing_pdb,False
A0A4S4ENL7,,missing_pdb,False
A0A4S4ENV7,,missing_pdb,False
A0A4S4ENY9,,missing_pdb,False
A0A4S4EP25,,missing_pdb,False
A0A4S4EP76,,missing_pdb,False
A0A4S4EPL2,,missing_pdb,False
A0A4S4EPU0,,missing_pdb,False
A0A4S4EPW0,,missing_pdb,False
A0A4S4EQ31,,missing_pdb,False
A0A4S4EQ72,,missing_pdb,False
A0A4S4EQD1,,missing_pdb,False
A0A4S4EQM0,,missing_pdb,False
A0A4S4EQN8,,missing_pdb,False
A0A4S4EQS0,,missing_pdb,False
A0A4S4EQU0,,missing_pdb,False
A0A4S4EQU1,,missing_pdb,False
A0A4S4EQX8,,missing_pdb,False
A0A4S4EQZ5,,missing_pdb,False
A0A4S4ER11,,missing_pdb,False
A0A4S4ER42,,missing_pdb,False
A0A4S4ER54,,missing_pdb,False
A0A4S4ERD8,,missing_pdb,False
A0A4S4ERE6,,missing_pdb,False
A0A4S4ERI0,,missing_pdb,False
A0A4S4ERK6,,missing_pdb,False
A0A4S4ERL4,,missing_pdb,False
A0A4S4ERP8,,missing_pdb,False
A0A4S4ERS0,,missing_pdb,False
A0A4S4ERT0,,missing_pdb,False
A0A4S4ERY8,,missing_pdb,False
A0A4S4ES20,,missing_pdb,False
A0A4S4ES65,,missing_pdb,False
A0A4S4ES87,,missing_pdb,False
A0A4S4ES98,,missing_pdb,False
A0A4S4ESM7,,missing_pdb,False
A0A4S4ET08,,missing_pdb,False
A0A4S4ET17,,missing_pdb,False
A0A4S4ETC7,,missing_pdb,False
A0A4S4ETF6,,missing_pdb,False
A0A4S4ETJ5,,missing_pdb,False
A0A4S4ETP9,,missing_pdb,False
A0A4S4ETR8,,missing_pdb,False
A0A4S4ETS4,,missing_pdb,False
A0A4S4EU22,,missing_pdb,False
A0A4S4EU42,,missing_pdb,False
A0A4S4EUM0,,missing_pdb,False
A0A4S4EUM7,,missing_pdb,False
A0A4S4EUP1,,missing_pdb,False
A0A4S4EUS4,,missing_pdb,False
A0A4S4EUX9,,missing_pdb,False
A0A4S4EUZ4,,missing_pdb,False
A0A4S4EV57,,missing_pdb,False
A0A4S4EVI6,,missing_pdb,False
A0A4S4EVK9,,missing_pdb,False
A0A4S4EVQ1,,missing_pdb,False
A0A4S4EVU3,,missing_pdb,False
A0A4S4EVY4,,missing_pdb,False
A0A4S4EW65,,missing_pdb,False
A0A4S4EWD1,,missing_pdb,False
A0A4S4EWI6,,missing_pdb,False
A0A4S4EWJ0,,missing_pdb,False
A0A4S4EX61,,missing_pdb,False
A0A4S4EXH1,,missing_pdb,False
A0A4S4EXH3,,missing_pdb,False
A0A4S4EXM2,,missing_pdb,False
A0A4S4EXT8,,missing_pdb,False
A0A4S4EYL7,,missing_pdb,False
A0A4S4EYV4,,missing_pdb,False
A0A4S4EYY3,,missing_pdb,False
A0A4S4EZ35,,missing_pdb,False
A0A4S4EZ54,,missing_pdb,False
A0A4S4EZE9,,missing_pdb,False
A0A4S4EZP5,,missing_pdb,False
A0A4S4EZQ4,,missing_pdb,False
A0A4S4F002,,missing_pdb,False
A0A4S4F028,,missing_pdb,False
A0A4S4F085,,missing_pdb,False
A0A4S4F0A2,,missing_pdb,False
A0A4S4F0B2,,missing_pdb,False
A0A4S4F0M2,,missing_pdb,False
A0A4S4F162,,missing_pdb,False
A0A4S4F180,,missing_pdb,False
A0A4S4F1D0,,missing_pdb,False
A0A4S4F1F8,,missing_pdb,False
A0A4S4F1G4,,missing_pdb,False
A0A4S4F1G9,,missing_pdb,False
A0A4S4F1N3,,missing_pdb,False
A0A4S4F1Z7,,missing_pdb,False
A0A4S4F255,,missing_pdb,False
A0A4S4F2D2,,missing_pdb,False
A0A4S4F2D5,,missing_pdb,False
A0A4S4F2D9,,missing_pdb,False
A0A4S4F2H0,,missing_pdb,False
A0A4S4F2H1,,missing_pdb,False
A0A4S4F2H2,,missing_pdb,False
A0A4S4F2Y2,,missing_pdb,False
A0A4S4F328,,missing_pdb,False
A0A4S4F340,,missing_pdb,False
A0A4S4F388,,missing_pdb,False
A0A4S4F3I9,,missing_pdb,False
A0A4S4F5J9,,missing_pdb,False
A0A4V3WIP7,,missing_pdb,False
A0A4V3WIR1,,missing_pdb,False
A0A4V3WJ25,,missing_pdb,False
A0A4V3WJ38,,missing_pdb,False
A0A4V3WJ75,,missing_pdb,False
A0A4V3WJ85,,missing_pdb,False
A0A4V3WJA9,,missing_pdb,False
A0A4V3WJP0,,missing_pdb,False
A0A4V3WJV3,,missing_pdb,False
A0A4V3WJV6,,missing_pdb,False
A0A4V3WJX9,,missing_pdb,False
A0A4V3WK32,,missing_pdb,False
A0A4V3WK47,,missing_pdb,False
A0A4V3WK48,,missing_pdb,False
A0A4V3WK59,,missing_pdb,False
A0A4V3WKF1,,missing_pdb,False
A0A4V3WKG0,,missing_pdb,False
A0A4V3WKV4,,missing_pdb,False
A0A4V3WL22,,missing_pdb,False
A0A4V3WL53,,missing_pdb,False
A0A4V3WL59,,missing_pdb,False
A0A4V3WL61,,missing_pdb,False
A0A4V3WLD1,,missing_pdb,False
A0A4V3WLS0,,missing_pdb,False
A0A4V3WM05,,missing_pdb,False
A0A4V3WM62,,missing_pdb,False
A0A4V3WM84,,missing_pdb,False
A0A4V3WMJ9,,missing_pdb,False
A0A4V3WMN7,,missing_pdb,False
A0A4V3WMS4,,missing_pdb,False
A0A4V3WMU6,,missing_pdb,False
A0A4V3WMV5,,missing_pdb,False
A0A4V3WMY3,,missing_pdb,False
A0A4V3WN00,,missing_pdb,False
A0A4V3WN24,,missing_pdb,False
A0A4V3WNA2,,missing_pdb,False
A0A4V3WNG2,,missing_pdb,False
A0A4V3WNJ3,,missing_pdb,False
A0A4V3WNK5,,missing_pdb,False
A0A4V3WNX4,,missing_pdb,False
A0A4V3WP64,,missing_pdb,False
A0A4V3WP87,,missing_pdb,False
A0A4V3WPP9,,missing_pdb,False
A0A4V3WPQ8,,missing_pdb,False
A0A4V3WPU5,,missing_pdb,False
A0A4V3WQA3,,missing_pdb,False
A0A4V3WQP5,,missing_pdb,False
A0A4V3WQS3,,missing_pdb,False
A0A4V3WQX3,,missing_pdb,False
A0A4V3WR98,,missing_pdb,False
A0A4V6RY12,,missing_pdb,False
A0A4V6RY30,,missing_pdb,False
A0A4V6RY51,,missing_pdb,False
A0A4V6RYF9,,missing_pdb,False
A0A4V6RYI5,,missing_pdb,False
A0A4Y6JM90,,missing_pdb,False
A0A5S6R704,,missing_pdb,False
A0A5S6R743,,missing_pdb,False
A0A5S6R7D2,,missing_pdb,False
A0A5S6R7G1,,missing_pdb,False
A0A5S6R7M2,,missing_pdb,False
A0A5S6R7Q7,,missing_pdb,False
A0A5S6R7R9,,missing_pdb,False
A0A5S6R7T3,,missing_pdb,False
A0A5S6R8C1,,missing_pdb,False
A0A5S6R8N0,,missing_pdb,False
A0A5S6R8P5,,missing_pdb,False
A0A5S6R9A6,,missing_pdb,False
A0A5S6RAJ3,,missing_pdb,False
A0A5S6RAK9,,missing_pdb,False
A0A5S6RAR0,,missing_pdb,False
A0A5S6RAW7,,missing_pdb,False
A0A5S6RAZ5,,missing_pdb,False
A0A5S6RCC9,,missing_pdb,False
A0A5S6RCD3,,missing_pdb,False
A0A5S6RCJ9,,missing_pdb,False
A0A5S6RCT5,,missing_pdb,False
A0A5S6RCX8,,missing_pdb,False
A0A5S6RCZ1,,missing_pdb,False
A0A5S6RD20,,missing_pdb,False
A0A5S6RD92,,missing_pdb,False
A0A5S6RDJ1,,missing_pdb,False
A0A5S6RDK0,,missing_pdb,False
A0A5S6RDT9,,missing_pdb,False
A0A5S9WVZ9,,missing_pdb,False
A0A5S9X5P7,,missing_pdb,False
A0A5S9XJY6,,missing_pdb,False
A0A5S9XPE6,,missing_pdb,False
A0A5S9XYY8,,missing_pdb,False
A0A5S9Y492,,missing_pdb,False
A0A5S9YDE1,,missing_pdb,False
A0A5S9YI10,,missing_pdb,False
A0A654EW58,,missing_pdb,False
A0A654EWA3,,missing_pdb,False
A0A654FBA9,,missing_pdb,False
A0A654FFJ3,,missing_pdb,False
A0A654FNC6,,missing_pdb,False
A0A654G901,,missing_pdb,False
A0A654GCR7,,missing_pdb,False
A0A654GFS6,,missing_pdb,False
A0A6G7GFT7,,missing_pdb,False
A0AUZ9,,missing_pdb,False
A0AV02,,missing_pdb,False
A0AVF1,,missing_pdb,False
A0AVI4,,missing_pdb,False
A0AVI4-2,,missing_pdb,False
A0AVT1-2,,missing_pdb,False
A0AVT1-3,,missing_pdb,False
A0JLT2,,missing_pdb,False
A0JNW5,,missing_pdb,False
A0JNY3,,missing_pdb,False
A0JPJ7,,missing_pdb,False
A0JPQ4,,missing_pdb,False
A0JQ11,,missing_pdb,False
A0MDQ3,,missing_pdb,False
A0MTC9,,missing_pdb,False
A0MZ66-2,,missing_pdb,False
A0MZ66-3,,missing_pdb,False
A0PFK5,,missing_pdb,False
A0PJN4,,missing_pdb,False
A0PJW6,,missing_pdb,False
A0PJZ3,,missing_pdb,False
A0S860,,missing_pdb,False
A0SHL3,,missing_pdb,False
A0T1J8,,missing_pdb,False
A1A4V9,,missing_pdb,False
A1A535,,missing_pdb,False
A1A5B6,,missing_pdb,False
A1A6K6,,missing_pdb,False
A1BQX2,,missing_pdb,False
A1L0T0,/data/ranran/my_ptm/croton/data/structure_pipeline/pdb/A1L0T0.pdb,exact_sequence_match,True
A1L170,,missing_pdb,False
A1XBS5-5,,missing_pdb,False
A1XQS2,,missing_pdb,False
A1XQU1,,missing_pdb,False
A1Z1Q3,,missing_pdb,False
A1Z6F6,,missing_pdb,False
A1Z6H7,,missing_pdb,False
A1Z6I7,,missing_pdb,False
A1Z6Q0,,missing_pdb,False
A1Z6S6,,missing_pdb,False
A1Z745,,missing_pdb,False
A1Z7C4,,missing_pdb,False
A1Z7K2,,missing_pdb,False
A1Z7N9,,missing_pdb,False
A1Z7P1,,missing_pdb,False
A1Z7Q8,,missing_pdb,False
A1Z802,,missing_pdb,False
A1Z803,,missing_pdb,False
A1Z840,,missing_pdb,False
A1Z898,,missing_pdb,False
A1Z8M2,,missing_pdb,False
A1Z8N1,,missing_pdb,False
A1Z934,,missing_pdb,False
A1Z968,,missing_pdb,False
A1Z971,,missing_pdb,False
A1Z9D4,,missing_pdb,False
A1Z9G1,,missing_pdb,False
A1Z9I6,,missing_pdb,False
A1Z9J3,,missing_pdb,False
A1Z9K0,,missing_pdb,False
A1Z9L2,,missing_pdb,False
A1ZA47-3,,missing_pdb,False
A1ZA83,,missing_pdb,False
A1ZA89,,missing_pdb,False
A1ZAC4,,missing_pdb,False
A1ZAK4,,missing_pdb,False
A1ZAK9,,missing_pdb,False
A1ZAN2,,missing_pdb,False
A1ZAN7,,missing_pdb,False
A1ZAS3,,missing_pdb,False
A1ZAX6,,missing_pdb,False
A1ZB72,,missing_pdb,False
A1ZB80,,missing_pdb,False
A1ZB86,,missing_pdb,False
A1ZBE9,,missing_pdb,False
A1ZBF1,,missing_pdb,False
A1ZBL2,,missing_pdb,False
A1ZBL7,,missing_pdb,False
A1ZBM2,,missing_pdb,False
A1ZBP3,,missing_pdb,False
A1ZBW1,,missing_pdb,False
A2A274,,missing_pdb,False
A2A2D0,,missing_pdb,False
A2A2R6,,missing_pdb,False
A2A2Y4,,missing_pdb,False
A2A2Z9,,missing_pdb,False
A2A3K4,,missing_pdb,False
A2A3N6,/data/ranran/my_ptm/croton/data/structure_pipeline/pdb/A2A3N6.pdb,exact_sequence_match,True
A2A3P3,,missing_pdb,False
A2A3R7,,missing_pdb,False
A2A3S1,,missing_pdb,False
A2A432,,missing_pdb,False
A2A447,,missing_pdb,False
A2A4P0,,missing_pdb,False
A2A542,,missing_pdb,False
A2A799,,missing_pdb,False
A2A7K5,,missing_pdb,False
A2A7S7,,missing_pdb,False
A2A841,,missing_pdb,False
A2A870,,missing_pdb,False
A2A9Z1,,missing_pdb,False
A2AAE1-3,,missing_pdb,False
A2AAJ9,,missing_pdb,False
A2AB10,,missing_pdb,False
A2AB13,,missing_pdb,False
A2AB88,,missing_pdb,False
A2ABK4,,missing_pdb,False
A2AE89,,missing_pdb,False
A2AFS9,,missing_pdb,False
A2AH25,,missing_pdb,False
A2AHG0,,missing_pdb,False
A2AJI0,,missing_pdb,False
A2AJL3,,missing_pdb,False
A2AKB4,,missing_pdb,False
A2AL76,,missing_pdb,False
A2ALS3,,missing_pdb,False
A2ALV3,,missing_pdb,False
A2ALV5,,missing_pdb,False
A2ALW5,,missing_pdb,False
A2AMT1,,missing_pdb,False
A2APA5,,missing_pdb,False
A2APT9,,missing_pdb,False
A2AQB2,,missing_pdb,False
A2AQH4,,missing_pdb,False
A2AQR0,,missing_pdb,False
A2ARP1,,missing_pdb,False
A2ARS0,,missing_pdb,False
A2ARZ3,,missing_pdb,False
A2AS03,,missing_pdb,False
A2AS37,,missing_pdb,False
A2AS44,,missing_pdb,False
A2ASS6,,missing_pdb,False
A2ASX1,,missing_pdb,False
A2AUC9,,missing_pdb,False
A2AUD5,,missing_pdb,False
A2AVR2,,missing_pdb,False
A2AWT3,,missing_pdb,False
A2BE28,,missing_pdb,False
A2BEF2,,missing_pdb,False
A2BES2,,missing_pdb,False
A2BF26,,missing_pdb,False
A2BG91,,missing_pdb,False
A2IDB2,,missing_pdb,False
A2IDC7,,missing_pdb,False
A2PYH4,,missing_pdb,False
A2RRP1,/data/ranran/my_ptm/croton/data/structure_pipeline/pdb/A2RRP1.pdb,exact_sequence_match,True
A2RRU1,,missing_pdb,False
A2RRU2,,missing_pdb,False
A2RSX7,,missing_pdb,False
A2RT62,,missing_pdb,False
A2RTX5,/data/ranran/my_ptm/croton/data/structure_pipeline/pdb/A2RTX5.pdb,exact_sequence_match,True
A2RU30,,missing_pdb,False
A2RU48,,missing_pdb,False
A2RUB6,,missing_pdb,False
A2RUS2,,missing_pdb,False
A2RUW1,,missing_pdb,False
A2RVJ8,,missing_pdb,False
A2SY06,,missing_pdb,False
A2VDF0,,missing_pdb,False
A2VDJ0,,missing_pdb,False
A2VEI2-2,,missing_pdb,False
A2VEJ9,,missing_pdb,False
A2WV32,,missing_pdb,False
A2ZP31,,missing_pdb,False
A2ZPB9,,missing_pdb,False
A2ZPT2,,missing_pdb,False
A2ZQ91,,missing_pdb,False
A2ZRS1,,missing_pdb,False
A2ZSC9,,missing_pdb,False
A2ZUD3,,missing_pdb,False
A2ZUJ9,,missing_pdb,False
A2ZVM0,,missing_pdb,False
A2ZW29,,missing_pdb,False
A2ZW42,,missing_pdb,False
A2ZWH0,,missing_pdb,False
A2ZXI0,,missing_pdb,False
A2ZXM7,,missing_pdb,False
A2ZXU1,,missing_pdb,False
A2ZYI1,,missing_pdb,False
A2ZZ31,,missing_pdb,False
A2ZZB2,,missing_pdb,False
A2ZZT5,,missing_pdb,False
A2ZZT6,,missing_pdb,False
A3A0Y3,,missing_pdb,False
A3A1S2,,missing_pdb,False
A3A2E7,,missing_pdb,False
A3A3H0,,missing_pdb,False
A3A3N3,,missing_pdb,False
A3A424,,missing_pdb,False
A3A4B0,,missing_pdb,False
A3A4S5,,missing_pdb,False
A3A4S7,,missing_pdb,False
A3A5L5,,missing_pdb,False
A3A5S5,,missing_pdb,False
A3A622,,missing_pdb,False
A3A6I5,,missing_pdb,False
A3A7H2,,missing_pdb,False
A3A813,,missing_pdb,False
A3A9F8,,missing_pdb,False
A3AA00,,missing_pdb,False
A3AAN1,,missing_pdb,False
A3AB67,,missing_pdb,False
A3ABM8,,missing_pdb,False
A3AC49,,missing_pdb,False
A3ADD4,,missing_pdb,False
A3ADU9,,missing_pdb,False
A3AEB8,,missing_pdb,False
A3AER4,,missing_pdb,False
A3AFJ3,,missing_pdb,False
A3AFM8,,missing_pdb,False
A3AFY7,,missing_pdb,False
A3AG67,,missing_pdb,False
A3AGH5,,missing_pdb,False
A3AGJ2,,missing_pdb,False
A3AGL1,,missing_pdb,False
A3AH57,,missing_pdb,False
A3AH58,,missing_pdb,False
A3AHG5,,missing_pdb,False
A3AHP8,,missing_pdb,False
A3AHV3,,missing_pdb,False
A3AI17,,missing_pdb,False
A3ALJ2,,missing_pdb,False
A3AM65,,missing_pdb,False
A3ANK5,,missing_pdb,False
A3APM5,,missing_pdb,False
A3APU0,,missing_pdb,False
A3APY2,,missing_pdb,False
A3AQ64,,missing_pdb,False
A3ARM8,,missing_pdb,False
A3ASL5,,missing_pdb,False
A3AU18,,missing_pdb,False
A3AU27,,missing_pdb,False
A3AUC0,,missing_pdb,False
A3AUN0,,missing_pdb,False
A3AVM4,,missing_pdb,False
A3AWL6,,missing_pdb,False
A3AXA4,,missing_pdb,False
A3AXC5,,missing_pdb,False
A3AYB7,,missing_pdb,False
A3AYQ3,,missing_pdb,False
A3AYW3,,missing_pdb,False
A3B0Y1,,missing_pdb,False
A3B7K0,,missing_pdb,False
A3B8A1,,missing_pdb,False
A3B8S8,,missing_pdb,False
A3B8V5,,missing_pdb,False
A3B9G5,,missing_pdb,False
A3B9K3,,missing_pdb,False
A3B9P5,,missing_pdb,False
A3BAX9,,missing_pdb,False
A3BB28,,missing_pdb,False
A3BCD1,,missing_pdb,False
A3BCW2,,missing_pdb,False
A3BEA2,,missing_pdb,False
A3BF08,,missing_pdb,False
A3BF39,,missing_pdb,False
A3BFD4,,missing_pdb,False
A3BGA4,,missing_pdb,False
A3BGL5,,missing_pdb,False
A3BH10,,missing_pdb,False
A3BH24,,missing_pdb,False
A3BHP2,,missing_pdb,False
A3BI26,,missing_pdb,False
A3BJJ9,,missing_pdb,False
A3BK49,,missing_pdb,False
A3BK63,,missing_pdb,False
A3BKG6,,missing_pdb,False
A3BL62,,missing_pdb,False
A3BM61,,missing_pdb,False
A3BMR6,,missing_pdb,False
A3BMS1,,missing_pdb,False
A3BNQ7,,missing_pdb,False
A3BPA0,,missing_pdb,False
A3BPA9,,missing_pdb,False
A3BPB0,,missing_pdb,False
A3BPC2,,missing_pdb,False
A3BPI9,,missing_pdb,False
A3BQM1,,missing_pdb,False
A3BRI1,,missing_pdb,False
A3BRT1,,missing_pdb,False
A3BRT9,,missing_pdb,False
A3BRY1,,missing_pdb,False
A3BTR4,,missing_pdb,False
A3BVF7,,missing_pdb,False
A3BVI2,,missing_pdb,False
A3BW76,,missing_pdb,False
A3BWB0,,missing_pdb,False
A3BWG0,,missing_pdb,False
A3BWI2,,missing_pdb,False
A3BXT8,,missing_pdb,False
A3BYR8,,missing_pdb,False
A3C132,,missing_pdb,False
A3C173,,missing_pdb,False
A3C2X4,,missing_pdb,False
A3C3L8,,missing_pdb,False
A3C3W1,,missing_pdb,False
A3C4N5,,missing_pdb,False
A3C4S4,,missing_pdb,False
A3C675,,missing_pdb,False
A3C906,,missing_pdb,False
A3C9N1,,missing_pdb,False
A3CAB2,,missing_pdb,False
A3CBT7,,missing_pdb,False
A3CC60,,missing_pdb,False
A3CC71,,missing_pdb,False
A3CCR6,,missing_pdb,False
A3CCZ8,,missing_pdb,False
A3CD54,,missing_pdb,False
A3CFK2,,missing_pdb,False
A3CHU9,,missing_pdb,False
A3CI54,,missing_pdb,False
A3CIJ6,,missing_pdb,False
A3CIN8,,missing_pdb,False
A3CIV9,,missing_pdb,False
A3CJM7,,missing_pdb,False
A3EX84,,missing_pdb,False
A3KGL9,,missing_pdb,False
A3KGV1,,missing_pdb,False
A3KMH1,/data/ranran/my_ptm/croton/data/structure_pipeline/pdb/A3KMH1.pdb,exact_sequence_match,True
A3KN83,/data/ranran/my_ptm/croton/data/structure_pipeline/pdb/A3KN83.pdb,exact_sequence_match,True
A3KN83-4,,missing_pdb,False
A3RKG5,,missing_pdb,False
A4D0V7,,missing_pdb,False
A4D161,,missing_pdb,False
A4D1E1,,missing_pdb,False
A4D1P6,,missing_pdb,False
A4D1U4,,missing_pdb,False
A4D2F6,,missing_pdb,False
A4FU49,,missing_pdb,False
A4FVR1,,missing_pdb,False
A4GSN8,,missing_pdb,False
A4GXA9,,missing_pdb,False
A4IF30,,missing_pdb,False
A4IJ72,,missing_pdb,False
A4Q9E8,,missing_pdb,False
A4QPE4,,missing_pdb,False
A4QPH2,,missing_pdb,False
A4UZC9,,missing_pdb,False
A4UZI0,,missing_pdb,False
A4UZR3,,missing_pdb,False
A4V0W1,,missing_pdb,False
A4V287,,missing_pdb,False
A4V370,,missing_pdb,False
A4V392,,missing_pdb,False
A4V3W0,,missing_pdb,False
A4V3W2,,missing_pdb,False
A4V448,,missing_pdb,False
A4V4A1,,missing_pdb,False
A4V4D2,,missing_pdb,False
A5A3E0,,missing_pdb,False
A5A8Y4,,missing_pdb,False
A5D8V6,/data/ranran/my_ptm/croton/data/structure_pipeline/pdb/A5D8V6.pdb,exact_sequence_match,True
A5D8V7,,missing_pdb,False
A5GFZ4,,missing_pdb,False
A5HJ49,,missing_pdb,False
A5JUQ8,,missing_pdb,False
A5JUZ3,,missing_pdb,False
A5PLK6,,missing_pdb,False
A5PLL7,,missing_pdb,False
A5PLN9-7,,missing_pdb,False
A5YKK6-4,,missing_pdb,False
A6H603,,missing_pdb,False
A6H8Y1,,missing_pdb,False
A6NC05,,missing_pdb,False
A6NC57,,missing_pdb,False
A6NC98,,missing_pdb,False
A6NCE7,/data/ranran/my_ptm/croton/data/structure_pipeline/pdb/A6NCE7.pdb,exact_sequence_match,True
A6NCI4,/data/ranran/my_ptm/croton/data/structure_pipeline/pdb/A6NCI4.pdb,exact_sequence_match,True
A6NCW0,,missing_pdb,False
A6ND36,/data/ranran/my_ptm/croton/data/structure_pipeline/pdb/A6ND36.pdb,exact_sequence_match,True
A6NDG6,/data/ranran/my_ptm/croton/data/structure_pipeline/pdb/A6NDG6.pdb,exact_sequence_match,True
A6NDU8,/data/ranran/my_ptm/croton/data/structure_pipeline/pdb/A6NDU8.pdb,exact_sequence_match,True
A6NDY0-4,,missing_pdb,False
A6NE01,,missing_pdb,False
A6NEC2,,missing_pdb,False
A6NEC2-3,,missing_pdb,False
A6NED2,,missing_pdb,False
A6NEE1,,missing_pdb,False
A6NEL0,,missing_pdb,False
A6NEL3,,missing_pdb,False
A6NFA1,,missing_pdb,False
A6NFM0,,missing_pdb,False
A6NFR6,,missing_pdb,False
A6NFU8,,missing_pdb,False
A6NFX1,,missing_pdb,False
A6NFX8,,missing_pdb,False
A6NGB7,,missing_pdb,False
A6NGB9,,missing_pdb,False
A6NGH7,,missing_pdb,False
A6NGR9,,missing_pdb,False
A6NHB5,,missing_pdb,False
A6NHJ4,,missing_pdb,False
A6NHQ4,,missing_pdb,False
A6NHR9-3,,missing_pdb,False
A6NHS7,,missing_pdb,False
A6NHT5,,missing_pdb,False
A6NHX0,/data/ranran/my_ptm/croton/data/structure_pipeline/pdb/A6NHX0.pdb,exact_sequence_match,True
A6NHZ5,,missing_pdb,False
A6NI86,,missing_pdb,False
A6NI87,,missing_pdb,False
A6NIE6,,missing_pdb,False
A6NIH7,,missing_pdb,False
A6NIW5,,missing_pdb,False
A6NJ64,,missing_pdb,False
A6NJ78,,missing_pdb,False
A6NJT0,,missing_pdb,False
A6NJZ7,,missing_pdb,False
A6NKE1,,missing_pdb,False
A6NKF1,,missing_pdb,False
A6NKG5,,missing_pdb,False
A6NKH3,/data/ranran/my_ptm/croton/data/structure_pipeline/pdb/A6NKH3.pdb,exact_sequence_match,True
A6NL76,,missing_pdb,False
A6NL93,,missing_pdb,False
A6NLU0,,missing_pdb,False
A6NM71,,missing_pdb,False
A6NMD0,,missing_pdb,False
A6NMH8,,missing_pdb,False
A6NMQ1,,missing_pdb,False
A6NNE9,,missing_pdb,False
A6NNH2,,missing_pdb,False
A6NNI4,,missing_pdb,False
A6NNT2,,missing_pdb,False
A6NNY8,,missing_pdb,False
A6NP24,,missing_pdb,False
A6PVC2,,missing_pdb,False
A6PVJ2,,missing_pdb,False
A6PVX3,,missing_pdb,False
A6PW57,,missing_pdb,False
A6PW80,,missing_pdb,False
A6QRI9,,missing_pdb,False
A6ZKI3,,missing_pdb,False
A7E1Z1,,missing_pdb,False
A7E2U8,,missing_pdb,False
A7KAX9,,missing_pdb,False
A7KBS4,,missing_pdb,False
A7L861,,missing_pdb,False
A7LCJ3,,missing_pdb,False
A7MBM2,,missing_pdb,False
A7MCY6,,missing_pdb,False
A7MD48,,missing_pdb,False
A7UKX8,,missing_pdb,False
A7WLH8,,missing_pdb,False
A7XUJ6,,missing_pdb,False
A8DUK4,,missing_pdb,False
A8DYJ0,,missing_pdb,False
A8DYJ2,,missing_pdb,False
A8DYJ3,,missing_pdb,False
A8JQZ0,,missing_pdb,False
A8JR46,,missing_pdb,False
A8JUM5,,missing_pdb,False
A8JUV0-3,,missing_pdb,False
A8JV18,,missing_pdb,False
A8JV25,,missing_pdb,False
A8K070,,missing_pdb,False
A8K0R7,,missing_pdb,False
A8K855,,missing_pdb,False
A8K878,,missing_pdb,False
A8K8P3,,missing_pdb,False
A8K979,,missing_pdb,False
A8MPS7,,missing_pdb,False
A8MQG7,,missing_pdb,False
A8MQS6,,missing_pdb,False
A8MRD9,,missing_pdb,False
A8MRK9,,missing_pdb,False
A8MS11,,missing_pdb,False
A8MS32,,missing_pdb,False
A8MS68,,missing_pdb,False
A8MT69,,missing_pdb,False
A8MTT3,,missing_pdb,False
A8MU27,,missing_pdb,False
A8MU58,,missing_pdb,False
A8MUD9,,missing_pdb,False
A8MUH2,,missing_pdb,False
A8MUS3,,missing_pdb,False
A8MV65,,missing_pdb,False
A8MVJ9,,missing_pdb,False
A8MVW0,,missing_pdb,False
A8MVZ9,,missing_pdb,False
A8MW92,,missing_pdb,False
A8MW99,,missing_pdb,False
A8MX80,,missing_pdb,False
A8MXD5,,missing_pdb,False
A8MXF6,,missing_pdb,False
A8MXK4,,missing_pdb,False
A8MXP8,,missing_pdb,False
A8MXV4,,missing_pdb,False
A8MYA2,,missing_pdb,False
A8MYA3,,missing_pdb,False
A8MZ87,,missing_pdb,False
A8TX70,,missing_pdb,False
A8Y5H7,,missing_pdb,False
A9IYQ1,,missing_pdb,False
A9UHW6,/data/ranran/my_ptm/croton/data/structure_pipeline/pdb/A9UHW6.pdb,exact_sequence_match,True
A9UJP8,,missing_pdb,False
A9XAM2,,missing_pdb,False
A9YTQ3,,missing_pdb,False
B0AZR9,,missing_pdb,False
B0AZT5,,missing_pdb,False
B0BNE3,,missing_pdb,False
B0BNG5,,missing_pdb,False
B0BNM9,,missing_pdb,False
B0EVI6,,missing_pdb,False
B0F9L4,,missing_pdb,False
B0F9L7,,missing_pdb,False
B0FFP0,,missing_pdb,False
B0FP48,,missing_pdb,False
B0FWK4,,missing_pdb,False
B0FWK6,,missing_pdb,False
B0I1T2,,missing_pdb,False
B0I1T2-2,,missing_pdb,False
B0I1T2-3,,missing_pdb,False
B0I1T2-4,,missing_pdb,False
B0K020,,missing_pdb,False
B0LY42,,missing_pdb,False
B0QY16,,missing_pdb,False
B0QY21,,missing_pdb,False
B0QY27,,missing_pdb,False
B0QY36,,missing_pdb,False
B0QY89,,missing_pdb,False
B0QYA5,,missing_pdb,False
B0QYA6,,missing_pdb,False
B0QYA8,,missing_pdb,False
B0QYL9,,missing_pdb,False
B0QYN7,,missing_pdb,False
B0QYW5,,missing_pdb,False
B0QZ40,,missing_pdb,False
B0QZ43,,missing_pdb,False
B0QZ55,,missing_pdb,False
B0QZ65,,missing_pdb,False
B0QZ77,,missing_pdb,False
B0QZK4,,missing_pdb,False
B0QZL1,,missing_pdb,False
B0S8I6,,missing_pdb,False
B0YIW6,,missing_pdb,False
B0YJ81,,missing_pdb,False
B1AH77,,missing_pdb,False
B1AH99,,missing_pdb,False
B1AHC2,,missing_pdb,False
B1AHD1,,missing_pdb,False
B1AHE3,,missing_pdb,False
B1AHF3,,missing_pdb,False
B1AHH2,,missing_pdb,False
B1AJY6,,missing_pdb,False
B1AJZ9,,missing_pdb,False
B1AK44,,missing_pdb,False
B1AK88,,missing_pdb,False
B1AKM6,,missing_pdb,False
B1AKQ8,,missing_pdb,False
B1AKR6,,missing_pdb,False
B1ALA7,,missing_pdb,False
B1ALD0,,missing_pdb,False
B1AMJ5,,missing_pdb,False
B1ANS9,,missing_pdb,False
B1AP22,,missing_pdb,False
B1APG2,,missing_pdb,False
B1APG3,,missing_pdb,False
B1APH4,,missing_pdb,False
B1APM4,,missing_pdb,False
B1APP6,,missing_pdb,False
B1APQ0,,missing_pdb,False
B1AQ74,,missing_pdb,False
B1AQP9,,missing_pdb,False
B1AQX1,,missing_pdb,False
B1AR17,,missing_pdb,False
B1AT82,,missing_pdb,False
B1ATI0,,missing_pdb,False
B1ATY9,,missing_pdb,False
B1AUN2,,missing_pdb,False
B1AUX2,,missing_pdb,False
B1AV60,,missing_pdb,False
B1AXG2,,missing_pdb,False
B1AXN3,,missing_pdb,False
B1AXP6,,missing_pdb,False
B1AXP6-4,,missing_pdb,False
B1NEV9,,missing_pdb,False
B1PLB1,,missing_pdb,False
B1WBU5,,missing_pdb,False
B1WBV9,,missing_pdb,False
B1WBX7,,missing_pdb,False
B1WC28,,missing_pdb,False
B2DD29,,missing_pdb,False
B2GUZ6,,missing_pdb,False
B2GUZ9,,missing_pdb,False
B2GV06,,missing_pdb,False
B2RNG4,,missing_pdb,False
B2RQK7,,missing_pdb,False
B2RRA8,,missing_pdb,False
B2RS91,,missing_pdb,False
B2RT54,,missing_pdb,False
B2RU80,,missing_pdb,False
B2RUJ5,,missing_pdb,False
B2RV13,,missing_pdb,False
B2RW38,,missing_pdb,False
B2RWC4,,missing_pdb,False
B2RX14,,missing_pdb,False
B2RXA1,,missing_pdb,False
B2RXC8,,missing_pdb,False
B2RXS8,,missing_pdb,False
B2RXV4,,missing_pdb,False
B2RYJ4,,missing_pdb,False
B2RYT7,,missing_pdb,False
B2RZ86,,missing_pdb,False
B2RZ96,,missing_pdb,False
B2ZWH1,,missing_pdb,False
B3DNN5,,missing_pdb,False
B3H5K3,,missing_pdb,False
B3H6J5,,missing_pdb,False
B3H7M2,,missing_pdb,False
B3KME9,,missing_pdb,False
B3KPX4,,missing_pdb,False
B3KQV6,,missing_pdb,False
B3KS81,,missing_pdb,False
B3KS98,,missing_pdb,False
B3KSB0,,missing_pdb,False
B3KTU7,,missing_pdb,False
B3KVN2,,missing_pdb,False
B3KXD6,,missing_pdb,False
B3KY94,,missing_pdb,False
B3KYB6,,missing_pdb,False
B3KYB7,,missing_pdb,False
B4DED4,,missing_pdb,False
B4DEE8,,missing_pdb,False
B4DEH5,,missing_pdb,False
B4DEV8,,missing_pdb,False
B4DGD8,,missing_pdb,False
B4DGJ5,,missing_pdb,False
B4DGK6,,missing_pdb,False
B4DHK7,,missing_pdb,False
B4DHQ8,,missing_pdb,False
B4DJC3,,missing_pdb,False
B4DJL6,,missing_pdb,False
B4DJY2,,missing_pdb,False
B4DKL7,,missing_pdb,False
B4DL54,,missing_pdb,False
B4DLC8,,missing_pdb,False
B4DLN1,,missing_pdb,False
B4DLT5,,missing_pdb,False
B4DLW3,,missing_pdb,False
B4DML3,,missing_pdb,False
B4DMU5,,missing_pdb,False
B4DNN6,,missing_pdb,False
B4DP62,,missing_pdb,False
B4DQA8,,missing_pdb,False
B4DQU5,,missing_pdb,False
B4DRK2,,missing_pdb,False
B4DRN8,,missing_pdb,False
B4DS77,,missing_pdb,False
B4DSU6,,missing_pdb,False
B4DUA4,,missing_pdb,False
B4DUC8,,missing_pdb,False
B4DUT8,,missing_pdb,False
B4DV51,,missing_pdb,False
B4DWA1,,missing_pdb,False
B4DWT1,,missing_pdb,False
B4DY09,,missing_pdb,False
B4DZG7,,missing_pdb,False
B4E0K5,,missing_pdb,False
B4E0T2,,missing_pdb,False
B4E124,,missing_pdb,False
B4E163,,missing_pdb,False
B4E1C5,,missing_pdb,False
B4E2H8,,missing_pdb,False
B4E2I7,,missing_pdb,False
B4E321,,missing_pdb,False
B4E3S0,,missing_pdb,False
B4F789,,missing_pdb,False
B4F7B7,,missing_pdb,False
B4F7C7,,missing_pdb,False
B4F7F3,,missing_pdb,False
B5APU8,,missing_pdb,False
B5DFE7,,missing_pdb,False
B5DFJ1,,missing_pdb,False
B5MBX0,,missing_pdb,False
B5MC52,,missing_pdb,False
B5MC82,,missing_pdb,False
B5MCA4,,missing_pdb,False
B5MCE2,,missing_pdb,False
B5MCE7,,missing_pdb,False
B5MCN0,,missing_pdb,False
B5MCS1,,missing_pdb,False
B5MCW2,,missing_pdb,False
B5MCY9,,missing_pdb,False
B5MD38,,missing_pdb,False
B5ME97,,missing_pdb,False
B5RJJ4,,missing_pdb,False
B5TV72,,missing_pdb,False
B5TVM2,,missing_pdb,False
B5X582,,missing_pdb,False
B6E241,,missing_pdb,False
B6K8J1,,missing_pdb,False
B6K8P6,,missing_pdb,False
B6K8Q8,,missing_pdb,False
B6K8Z6,,missing_pdb,False
B6K955,,missing_pdb,False
B6K9M3,,missing_pdb,False
B6KA42,,missing_pdb,False
B6KA45,,missing_pdb,False
B6KA83,,missing_pdb,False
B6KAL4,,missing_pdb,False
B6KAM0,,missing_pdb,False
B6KAN6,,missing_pdb,False
B6KAN9,,missing_pdb,False
B6KAP9,,missing_pdb,False
B6KB01,,missing_pdb,False
B6KBN3,,missing_pdb,False
B6KC70,,missing_pdb,False
B6KDM7,,missing_pdb,False
B6KDN4,,missing_pdb,False
B6KFK1,,missing_pdb,False
B6KGA7,,missing_pdb,False
B6KGB1,,missing_pdb,False
B6KGC0,,missing_pdb,False
B6KGT8,,missing_pdb,False
B6KGU8,,missing_pdb,False
B6KH13,,missing_pdb,False
B6KH90,,missing_pdb,False
B6KH93,,missing_pdb,False
B6KHB1,,missing_pdb,False
B6KHE1,,missing_pdb,False
B6KHP1,,missing_pdb,False
B6KHV0,,missing_pdb,False
B6KJ31,,missing_pdb,False
B6KJB9,,missing_pdb,False
B6KJD0,,missing_pdb,False
B6KJG3,,missing_pdb,False
B6KJP0,,missing_pdb,False
B6KJR0,,missing_pdb,False
B6KJT4,,missing_pdb,False
B6KJU7,,missing_pdb,False
B6KK00,,missing_pdb,False
B6KLE4,,missing_pdb,False
B6KP80,,missing_pdb,False
B6KPA6,,missing_pdb,False
B6KQ91,,missing_pdb,False
B6KQG9,,missing_pdb,False
B6KR58,,missing_pdb,False
B6KRA8,,missing_pdb,False
B6KRJ2,,missing_pdb,False
B6KRK8,,missing_pdb,False
B6KRW3,,missing_pdb,False
B6KRW9,,missing_pdb,False
B6KSD2,,missing_pdb,False
B6KT25,,missing_pdb,False
B6KT44,,missing_pdb,False
B6KTZ0,,missing_pdb,False
B6KU18,,missing_pdb,False
B6KV47,,missing_pdb,False
B6SEH8,,missing_pdb,False
B7E3R6,,missing_pdb,False
B7E4M2,,missing_pdb,False
B7E5B1,,missing_pdb,False
B7E5F1,,missing_pdb,False
B7E663,,missing_pdb,False
B7E6C5,,missing_pdb,False
B7E6H4,,missing_pdb,False
B7E764,,missing_pdb,False
B7EA34,,missing_pdb,False
B7EB98,,missing_pdb,False
B7EE14,,missing_pdb,False
B7EG94,,missing_pdb,False
B7EKS0,,missing_pdb,False
B7EL80,,missing_pdb,False
B7ELH0,,missing_pdb,False
B7EQF1,,missing_pdb,False
B7EUQ4,,missing_pdb,False
B7EW17,,missing_pdb,False
B7F074,,missing_pdb,False
B7F2I6,,missing_pdb,False
B7F417,,missing_pdb,False
B7F800,,missing_pdb,False
B7F890,,missing_pdb,False
B7F891,,missing_pdb,False
B7F8R5,,missing_pdb,False
B7F961,,missing_pdb,False
B7F9H3,,missing_pdb,False
B7FA44,,missing_pdb,False
B7YZI0,,missing_pdb,False
B7YZK1,,missing_pdb,False
B7YZM7,,missing_pdb,False
B7YZQ1,,missing_pdb,False
B7YZR7,,missing_pdb,False
B7YZT2,,missing_pdb,False
B7YZY0,,missing_pdb,False
B7Z031,,missing_pdb,False
B7Z066,,missing_pdb,False
B7Z0C9,,missing_pdb,False
B7Z0I8,,missing_pdb,False
B7Z0L1,,missing_pdb,False
B7Z0Q2,,missing_pdb,False
B7Z0Z1,,missing_pdb,False
B7Z131,,missing_pdb,False
B7Z2L0,,missing_pdb,False
B7Z2R2,,missing_pdb,False
B7Z3Z9,,missing_pdb,False
B7Z4C8,,missing_pdb,False
B7Z4S1,,missing_pdb,False
B7Z4W5,,missing_pdb,False
B7Z510,,missing_pdb,False
B7Z596,,missing_pdb,False
B7Z645,,missing_pdb,False
B7Z6Z4,,missing_pdb,False
B7Z895,,missing_pdb,False
B7Z8D3,,missing_pdb,False
B7Z8J4,,missing_pdb,False
B7ZAN8,,missing_pdb,False
B7ZAQ6,/data/ranran/my_ptm/croton/data/structure_pipeline/pdb/B7ZAQ6.pdb,exact_sequence_match,True
B7ZB46,,missing_pdb,False
B7ZC06,,missing_pdb,False
B7ZCI2,,missing_pdb,False
B8A6G2,,missing_pdb,False
B8JJI4,,missing_pdb,False
B8JK05,,missing_pdb,False
B8JKU3,,missing_pdb,False
B8ZZ38,,missing_pdb,False
B8ZZ43,,missing_pdb,False
B8ZZ51,,missing_pdb,False
B8ZZ54,,missing_pdb,False
B8ZZ67,,missing_pdb,False
B8ZZ81,,missing_pdb,False
B8ZZ85,,missing_pdb,False
B8ZZ87,,missing_pdb,False
B8ZZA3,,missing_pdb,False
B8ZZA5,,missing_pdb,False
B8ZZA8,,missing_pdb,False
B8ZZC8,,missing_pdb,False
B8ZZE7,,missing_pdb,False
B8ZZF8,,missing_pdb,False
B8ZZJ0,,missing_pdb,False
B8ZZJ2,,missing_pdb,False
B8ZZK4,,missing_pdb,False
B8ZZN6,,missing_pdb,False
B8ZZQ4,,missing_pdb,False
B8ZZS0,,missing_pdb,False
B8ZZU9,,missing_pdb,False
B8ZZV5,,missing_pdb,False
B8ZZX4,,missing_pdb,False
B8ZZY8,,missing_pdb,False
B8ZZZ0,,missing_pdb,False
B8ZZZ5,,missing_pdb,False
B9A008,,missing_pdb,False
B9A032,,missing_pdb,False
B9A053,,missing_pdb,False
B9DF92,,missing_pdb,False
B9DHD7,,missing_pdb,False
B9EHT4,,missing_pdb,False
B9EJ86,,missing_pdb,False
B9EJA2,,missing_pdb,False
B9EJG8,,missing_pdb,False
B9EJI9,,missing_pdb,False
B9EKR1,,missing_pdb,False
B9ETJ3,,missing_pdb,False
B9ETL6,,missing_pdb,False
B9ETN9,,missing_pdb,False
B9ETW9,,missing_pdb,False
B9EU54,,missing_pdb,False
B9EU60,,missing_pdb,False
B9EUJ7,,missing_pdb,False
B9EUK1,,missing_pdb,False
B9EUK3,,missing_pdb,False
B9EUU5,,missing_pdb,False
B9EV01,,missing_pdb,False
B9EVB7,,missing_pdb,False
B9EVE9,,missing_pdb,False
B9EVG0,,missing_pdb,False
B9EWX0,,missing_pdb,False
B9EXS9,,missing_pdb,False
B9EY00,,missing_pdb,False
B9EYE4,,missing_pdb,False
B9EYF9,,missing_pdb,False
B9EYI3,,missing_pdb,False
B9EYT9,,missing_pdb,False
B9EYY8,,missing_pdb,False
B9EZ22,,missing_pdb,False
B9EZF4,,missing_pdb,False
B9EZQ9,,missing_pdb,False
B9F0N4,,missing_pdb,False
B9F1C2,,missing_pdb,False
B9F1F4,,missing_pdb,False
B9F1T0,,missing_pdb,False
B9F1Z3,,missing_pdb,False
B9F214,,missing_pdb,False
B9F2C1,,missing_pdb,False
B9F2D5,,missing_pdb,False
B9F2W8,,missing_pdb,False
B9F2X8,,missing_pdb,False
B9F3B3,,missing_pdb,False
B9F3D3,,missing_pdb,False
B9F3S9,,missing_pdb,False
B9F3Z4,,missing_pdb,False
B9F3Z5,,missing_pdb,False
B9F4D9,,missing_pdb,False
B9F4M2,,missing_pdb,False
B9F4N9,,missing_pdb,False
B9F547,,missing_pdb,False
B9F5C6,,missing_pdb,False
B9F5H7,,missing_pdb,False
B9F5J7,,missing_pdb,False
B9F5K9,,missing_pdb,False
B9F5T2,,missing_pdb,False
B9F5T9,,missing_pdb,False
B9F5X9,,missing_pdb,False
B9F625,,missing_pdb,False
B9F642,,missing_pdb,False
B9F646,,missing_pdb,False
B9F660,,missing_pdb,False
B9F6A6,,missing_pdb,False
B9F6P5,,missing_pdb,False
B9F6R7,,missing_pdb,False
B9F730,,missing_pdb,False
B9F7M0,,missing_pdb,False
B9F7T3,,missing_pdb,False
B9F7V2,,missing_pdb,False
B9F8I1,,missing_pdb,False
B9F8W6,,missing_pdb,False
B9F9D7,,missing_pdb,False
B9FAD8,,missing_pdb,False
B9FAI7,,missing_pdb,False
B9FAP2,,missing_pdb,False
B9FAR0,,missing_pdb,False
B9FAX8,,missing_pdb,False
B9FB63,,missing_pdb,False
B9FB64,,missing_pdb,False
B9FBI2,,missing_pdb,False
B9FBI5,,missing_pdb,False
B9FBJ0,,missing_pdb,False
B9FBQ1,,missing_pdb,False
B9FBW1,,missing_pdb,False
B9FC14,,missing_pdb,False
B9FC36,,missing_pdb,False
B9FCT1,,missing_pdb,False
B9FDC4,,missing_pdb,False
B9FDD7,,missing_pdb,False
B9FDT1,,missing_pdb,False
B9FDW1,,missing_pdb,False
B9FEK0,,missing_pdb,False
B9FEN1,,missing_pdb,False
B9FEY9,,missing_pdb,False
B9FF36,,missing_pdb,False
B9FFP2,,missing_pdb,False
B9FGX4,,missing_pdb,False
B9FH51,,missing_pdb,False
B9FHE0,,missing_pdb,False
B9FHH6,,missing_pdb,False
B9FHL4,,missing_pdb,False
B9FHW5,,missing_pdb,False
B9FHX7,,missing_pdb,False
B9FIH4,,missing_pdb,False
B9FJJ1,,missing_pdb,False
B9FJK8,,missing_pdb,False
B9FJQ2,,missing_pdb,False
B9FKA4,,missing_pdb,False
B9FL34,,missing_pdb,False
B9FL70,,missing_pdb,False
B9FLA5,,missing_pdb,False
B9FLE3,,missing_pdb,False
B9FLF3,,missing_pdb,False
B9FLF5,,missing_pdb,False
B9FLJ3,,missing_pdb,False
B9FLX6,,missing_pdb,False
B9FLY4,,missing_pdb,False
B9FLZ8,,missing_pdb,False
B9FM09,,missing_pdb,False
B9FM30,,missing_pdb,False
B9FM91,,missing_pdb,False
B9FMA6,,missing_pdb,False
B9FME5,,missing_pdb,False
B9FMJ3,,missing_pdb,False
B9FMK1,,missing_pdb,False
B9FMN1,,missing_pdb,False
B9FMN3,,missing_pdb,False
B9FMQ4,,missing_pdb,False
B9FMY9,,missing_pdb,False
B9FN19,,missing_pdb,False
B9FNB0,,missing_pdb,False
B9FNL6,,missing_pdb,False
B9FNM6,,missing_pdb,False
B9FNQ3,,missing_pdb,False
B9FNT1,,missing_pdb,False
B9FNU9,,missing_pdb,False
B9FP92,,missing_pdb,False
B9FPK4,,missing_pdb,False
B9FPQ9,,missing_pdb,False
B9FPU4,,missing_pdb,False
B9FPV2,,missing_pdb,False
B9FPW2,,missing_pdb,False
B9FQG5,,missing_pdb,False
B9FQH2,,missing_pdb,False
B9FQJ0,,missing_pdb,False
B9FQR1,,missing_pdb,False
B9FQU3,,missing_pdb,False
B9FR61,,missing_pdb,False
B9FRD2,,missing_pdb,False
B9FRF1,,missing_pdb,False
B9FRR9,,missing_pdb,False
B9FSW0,,missing_pdb,False
B9FTH0,,missing_pdb,False
B9FTL1,,missing_pdb,False
B9FTM3,,missing_pdb,False
B9FTN1,,missing_pdb,False
B9FTY8,,missing_pdb,False
B9FU14,,missing_pdb,False
B9FU18,,missing_pdb,False
B9FU33,,missing_pdb,False
B9FU45,,missing_pdb,False
B9FU79,,missing_pdb,False
B9FUF8,,missing_pdb,False
B9FUP7,,missing_pdb,False
B9FUT8,,missing_pdb,False
B9FUV0,,missing_pdb,False
B9FVA6,,missing_pdb,False
B9FVA9,,missing_pdb,False
B9FVH0,,missing_pdb,False
B9FVZ7,,missing_pdb,False
B9FW41,,missing_pdb,False
B9FW42,,missing_pdb,False
B9FW57,,missing_pdb,False
B9FWV4,,missing_pdb,False
B9FX86,,missing_pdb,False
B9FXA9,,missing_pdb,False
B9FXC0,,missing_pdb,False
B9FXC5,,missing_pdb,False
B9FXK7,,missing_pdb,False
B9FXK8,,missing_pdb,False
B9FXM9,,missing_pdb,False
B9FXT4,,missing_pdb,False
B9FXW8,,missing_pdb,False
B9FXY9,,missing_pdb,False
B9FY05,,missing_pdb,False
B9FY61,,missing_pdb,False
B9FYJ3,,missing_pdb,False
B9FYJ7,,missing_pdb,False
B9FYK8,,missing_pdb,False
B9FZ55,,missing_pdb,False
B9FZL3,,missing_pdb,False
B9FZS7,,missing_pdb,False
B9FZT4,,missing_pdb,False
B9G016,,missing_pdb,False
B9G058,,missing_pdb,False
B9G0A4,,missing_pdb,False
B9G0C7,,missing_pdb,False
B9G0M2,,missing_pdb,False
B9G0P0,,missing_pdb,False
B9G155,,missing_pdb,False
B9G1C2,,missing_pdb,False
B9G1D8,,missing_pdb,False
B9G1F9,,missing_pdb,False
B9G1G0,,missing_pdb,False
B9G1H8,,missing_pdb,False
B9G2G8,,missing_pdb,False
B9G2T9,,missing_pdb,False
B9G2X0,,missing_pdb,False
B9G300-2,,missing_pdb,False
B9G323,,missing_pdb,False
B9G3R8,,missing_pdb,False
B9G3R9,,missing_pdb,False
B9G3S2,,missing_pdb,False
B9G3T4,,missing_pdb,False
B9G434,,missing_pdb,False
B9G474,,missing_pdb,False
B9G476,,missing_pdb,False
B9G499,,missing_pdb,False
B9G4C9,,missing_pdb,False
B9G4E7,,missing_pdb,False
B9G4K5,,missing_pdb,False
B9G4Y2,,missing_pdb,False
B9G5W2,,missing_pdb,False
B9G6M5,,missing_pdb,False
B9G718,,missing_pdb,False
B9G756,,missing_pdb,False
B9G7U3,,missing_pdb,False
B9G817,,missing_pdb,False
B9G8B2,,missing_pdb,False
B9G8W4,,missing_pdb,False
B9G8Y1,,missing_pdb,False
B9G9G1,,missing_pdb,False
B9G9V4,,missing_pdb,False
B9GAD2,,missing_pdb,False
B9GAQ2,,missing_pdb,False
B9GCI0,,missing_pdb,False
B9GCQ4,,missing_pdb,False
B9GCT1,,missing_pdb,False
B9GDA7,,missing_pdb,False
B9GDE6,,missing_pdb,False
B9GE12,,missing_pdb,False
B9GE28,,missing_pdb,False
B9GE35,,missing_pdb,False
B9GEG2,,missing_pdb,False
B9GEH8,,missing_pdb,False
B9PGH8,,missing_pdb,False
B9PGI8,,missing_pdb,False
B9PGV5,,missing_pdb,False
B9PHD3,,missing_pdb,False
B9PHI3,,missing_pdb,False
B9PHP5,,missing_pdb,False
B9PHR4,,missing_pdb,False
B9PHR9,,missing_pdb,False
B9PIC9,,missing_pdb,False
B9PIJ6,,missing_pdb,False
B9PIK4,,missing_pdb,False
B9PIY4,,missing_pdb,False
B9PJE6,,missing_pdb,False
B9PJM1,,missing_pdb,False
B9PK14,,missing_pdb,False
B9PKE3,,missing_pdb,False
B9PKH1,,missing_pdb,False
B9PKK4,,missing_pdb,False
B9PKM9,,missing_pdb,False
B9PL13,,missing_pdb,False
B9PL40,,missing_pdb,False
B9PLM9,,missing_pdb,False
B9PLQ2,,missing_pdb,False
B9PLQ7,,missing_pdb,False
B9PLX3,,missing_pdb,False
B9PM57,,missing_pdb,False
B9PME2,,missing_pdb,False
B9PMK8,,missing_pdb,False
B9PMP2,,missing_pdb,False
B9PMS1,,missing_pdb,False
B9PMV3,,missing_pdb,False
B9PMZ1,,missing_pdb,False
B9PNE7,,missing_pdb,False
B9PNF3,,missing_pdb,False
B9PP05,,missing_pdb,False
B9PP21,,missing_pdb,False
B9PP83,,missing_pdb,False
B9PPM7,,missing_pdb,False
B9PPR0,,missing_pdb,False
B9PPS0,,missing_pdb,False
B9PQI5,,missing_pdb,False
B9PQV8,,missing_pdb,False
B9PRA3,,missing_pdb,False
B9PRF5,,missing_pdb,False
B9PS41,,missing_pdb,False
B9PSA7,,missing_pdb,False
B9PT27,,missing_pdb,False
B9PT75,,missing_pdb,False
B9PTE8,,missing_pdb,False
B9PU09,,missing_pdb,False
B9PUL3,,missing_pdb,False
B9PUT9,,missing_pdb,False
B9PUW8,,missing_pdb,False
B9PVN7,,missing_pdb,False
B9PVR5,,missing_pdb,False
B9PVX5,,missing_pdb,False
B9PW35,,missing_pdb,False
B9PW77,,missing_pdb,False
B9PWH3,,missing_pdb,False
B9PXE4,,missing_pdb,False
B9PXJ3,,missing_pdb,False
B9PXV0,,missing_pdb,False
B9PY64,,missing_pdb,False
B9PYA4,,missing_pdb,False
B9PYT6,,missing_pdb,False
B9PYW7,,missing_pdb,False
B9PZA9,,missing_pdb,False
B9PZD2,,missing_pdb,False
B9PZJ0,,missing_pdb,False
B9PZL8,,missing_pdb,False
B9PZT0,,missing_pdb,False
B9PZW3,,missing_pdb,False
B9Q019,,missing_pdb,False
B9Q055,,missing_pdb,False
B9Q057,,missing_pdb,False
B9Q0Q9,,missing_pdb,False
B9Q0Z9,,missing_pdb,False
B9Q1A5,,missing_pdb,False
B9Q1F6,,missing_pdb,False
B9Q1G2,,missing_pdb,False
B9Q1W2,,missing_pdb,False
B9Q2C8,,missing_pdb,False
B9Q2S3,,missing_pdb,False
B9Q3H6,,missing_pdb,False
B9Q3S1,,missing_pdb,False
B9Q3U3,,missing_pdb,False
B9Q4G9,,missing_pdb,False
B9Q4R2,,missing_pdb,False
B9Q4U5,,missing_pdb,False
B9Q510,,missing_pdb,False
B9Q536,,missing_pdb,False
B9Q562,,missing_pdb,False
B9Q5A1,,missing_pdb,False
B9Q5E6,,missing_pdb,False
B9Q5F6,,missing_pdb,False
B9Q5T1,,missing_pdb,False
B9Q5T9,,missing_pdb,False
B9Q605,,missing_pdb,False
B9Q6Y6,,missing_pdb,False
B9Q704,,missing_pdb,False
B9Q788,,missing_pdb,False
B9Q7C9,,missing_pdb,False
B9Q7F5,,missing_pdb,False
B9Q7P0,,missing_pdb,False
B9Q7Y8,,missing_pdb,False
B9Q806,,missing_pdb,False
B9Q857,,missing_pdb,False
B9Q8A2,,missing_pdb,False
B9Q8G5,,missing_pdb,False
B9QBW5,,missing_pdb,False
B9QCQ8,,missing_pdb,False
B9QDD7,,missing_pdb,False
B9QDN3,,missing_pdb,False
B9QDT9,,missing_pdb,False
B9QE54,,missing_pdb,False
B9QEB0,,missing_pdb,False
B9QEZ3,,missing_pdb,False
B9QEZ9,,missing_pdb,False
B9QFM1,,missing_pdb,False
B9QFP8,,missing_pdb,False
B9QFQ4,,missing_pdb,False
B9QG70,,missing_pdb,False
B9QGJ4,,missing_pdb,False
B9QGL3,,missing_pdb,False
B9QH35,,missing_pdb,False
B9QH99,,missing_pdb,False
B9QHN7,,missing_pdb,False
B9QHP6,,missing_pdb,False
B9QI15,,missing_pdb,False
B9QI34,,missing_pdb,False
B9QIG3,,missing_pdb,False
B9QJ84,,missing_pdb,False
B9QJA7,,missing_pdb,False
B9QJB6,,missing_pdb,False
B9QJI0,,missing_pdb,False
B9QJI2,,missing_pdb,False
B9QJJ0,,missing_pdb,False
B9QJK9,,missing_pdb,False
B9QJS1,,missing_pdb,False
B9QJT8,,missing_pdb,False
B9QKM4,,missing_pdb,False
B9QL03,,missing_pdb,False
B9QLU5,,missing_pdb,False
B9QLZ0,,missing_pdb,False
B9QM74,,missing_pdb,False
B9QMJ4,,missing_pdb,False
B9QML2,,missing_pdb,False
B9QN40,,missing_pdb,False
B9QNV5,,missing_pdb,False
B9QNW9,,missing_pdb,False
B9QP05,,missing_pdb,False
B9QP20,,missing_pdb,False
B9QQU3,,missing_pdb,False
B9QR20,,missing_pdb,False
B9QR67,,missing_pdb,False
B9QR92,,missing_pdb,False
B9ZVP7,,missing_pdb,False
C0HKD9,,missing_pdb,False
C0HKG5,,missing_pdb,False
C0LLX5,,missing_pdb,False
C0MIY4,,missing_pdb,False
C0MJA0,,missing_pdb,False
C0SQ89,,missing_pdb,False
C0Z252,,missing_pdb,False
C3KGL5,,missing_pdb,False
C3RZ98,,missing_pdb,False
C3S7K5,,missing_pdb,False
C3S7K6,,missing_pdb,False
C3VPR6,,missing_pdb,False
C4P0D8,,missing_pdb,False
C6KI54,,missing_pdb,False
C6SV09,,missing_pdb,False
C6YXK4,,missing_pdb,False
C6YXK7,,missing_pdb,False
C7IZ82,,missing_pdb,False
C7IZJ9,,missing_pdb,False
C7J0B8,,missing_pdb,False
C7J0T3,,missing_pdb,False
C7J132,,missing_pdb,False
C7J1M9,,missing_pdb,False
C7J1P1,,missing_pdb,False
C7J2D2,,missing_pdb,False
C7J2J1,,missing_pdb,False
C7J429,,missing_pdb,False
C7J4J6,,missing_pdb,False
C7J4U1,,missing_pdb,False
C7J514,,missing_pdb,False
C7J565,,missing_pdb,False
C7J748,,missing_pdb,False
C7J8A1,,missing_pdb,False
C7J8A3,,missing_pdb,False
C7J8X0,,missing_pdb,False
C7J9W5,,missing_pdb,False
C8UZY7,,missing_pdb,False
C8V010,,missing_pdb,False
C8V0A0,,missing_pdb,False
C8V0B3,,missing_pdb,False
C8V0C1,,missing_pdb,False
C8V0H7,,missing_pdb,False
C8V0H8,,missing_pdb,False
C8V0M4,,missing_pdb,False
C8V0S2,,missing_pdb,False
C8V0V7,,missing_pdb,False
C8V0X4,,missing_pdb,False
C8V115,,missing_pdb,False
C8V130,,missing_pdb,False
C8V131,,missing_pdb,False
C8V139,,missing_pdb,False
C8V155,,missing_pdb,False
C8V173,,missing_pdb,False
C8V1G2,,missing_pdb,False
C8V1G5,,missing_pdb,False
C8V1H8,,missing_pdb,False
C8V1I9,,missing_pdb,False
C8V1Q0,,missing_pdb,False
C8V1V2,,missing_pdb,False
C8V1X2,,missing_pdb,False
C8V1X8,,missing_pdb,False
C8V232,,missing_pdb,False
C8V287,,missing_pdb,False
C8V2D3,,missing_pdb,False
C8V2I9,,missing_pdb,False
C8V2L9,,missing_pdb,False
C8V2U2,,missing_pdb,False
C8V2Y7,,missing_pdb,False
C8V312,,missing_pdb,False
C8V321,,missing_pdb,False
C8V338,,missing_pdb,False
C8V349,,missing_pdb,False
C8V3A5,,missing_pdb,False
C8V3H1,,missing_pdb,False
C8V3J2,,missing_pdb,False
C8V3Q3,,missing_pdb,False
C8V3S3,,missing_pdb,False
C8V3S7,,missing_pdb,False
C8V3U3,,missing_pdb,False
C8V3V1,,missing_pdb,False
C8V3W4,,missing_pdb,False
C8V408,,missing_pdb,False
C8V4A6,,missing_pdb,False
C8V4B0,,missing_pdb,False
C8V4B8,,missing_pdb,False
C8V4D3,,missing_pdb,False
C8V4D4,,missing_pdb,False
C8V4D7,,missing_pdb,False
C8V4L4,,missing_pdb,False
C8V4P3,,missing_pdb,False
C8V4T3,,missing_pdb,False
C8V5C4,,missing_pdb,False
C8V5C9,,missing_pdb,False
C8V5D0,,missing_pdb,False
C8V5G6,,missing_pdb,False
C8V5H6,,missing_pdb,False
C8V5N1,,missing_pdb,False
C8V5T7,,missing_pdb,False
C8V5W2,,missing_pdb,False
C8V5X0,,missing_pdb,False
C8V5Z2,,missing_pdb,False
C8V613,,missing_pdb,False
C8V641,,missing_pdb,False
C8V646,,missing_pdb,False
C8V6A8,,missing_pdb,False
C8V6D1,,missing_pdb,False
C8V6D2,,missing_pdb,False
C8V6G7,,missing_pdb,False
C8V6I6,,missing_pdb,False
C8V6R7,,missing_pdb,False
C8V6S7,,missing_pdb,False
C8V6S8,,missing_pdb,False
C8V6T1,,missing_pdb,False
C8V6T4,,missing_pdb,False
C8V738,,missing_pdb,False
C8V784,,missing_pdb,False
C8V793,,missing_pdb,False
C8V794,,missing_pdb,False
C8V7B0,,missing_pdb,False
C8V7F1,,missing_pdb,False
C8V7I2,,missing_pdb,False
C8V7I9,,missing_pdb,False
C8V7J0,,missing_pdb,False
C8V7J8,,missing_pdb,False
C8V7K1,,missing_pdb,False
C8V7K2,,missing_pdb,False
C8V7L2,,missing_pdb,False
C8V7M7,,missing_pdb,False
C8V7N0,,missing_pdb,False
C8V7N4,,missing_pdb,False
C8V7U7,,missing_pdb,False
C8V7Z2,,missing_pdb,False
C8V858,,missing_pdb,False
C8V8E2,,missing_pdb,False
C8V8F1,,missing_pdb,False
C8V8F5,,missing_pdb,False
C8V8F9,,missing_pdb,False
C8V8H7,,missing_pdb,False
C8V8J0,,missing_pdb,False
C8V8J9,,missing_pdb,False
C8V8N6,,missing_pdb,False
C8V8N8,,missing_pdb,False
C8V8U7,,missing_pdb,False
C8V8Z3,,missing_pdb,False
C8V903,,missing_pdb,False
C8V966,,missing_pdb,False
C8V973,,missing_pdb,False
C8V993,,missing_pdb,False
C8V9B1,,missing_pdb,False
C8V9C2,,missing_pdb,False
C8V9G4,,missing_pdb,False
C8V9G9,,missing_pdb,False
C8V9I6,,missing_pdb,False
C8V9I8,,missing_pdb,False
C8V9J3,,missing_pdb,False
C8V9N7,,missing_pdb,False
C8V9S1,,missing_pdb,False
C8V9S7,,missing_pdb,False
C8V9T1,,missing_pdb,False
C8V9Z0,,missing_pdb,False
C8VA31,,missing_pdb,False
C8VA40,,missing_pdb,False
C8VA49,,missing_pdb,False
C8VA57,,missing_pdb,False
C8VA67,,missing_pdb,False
C8VA77,,missing_pdb,False
C8VAK8,,missing_pdb,False
C8VAK9,,missing_pdb,False
C8VAL8,,missing_pdb,False
C8VAN6,,missing_pdb,False
C8VAN8,,missing_pdb,False
C8VAS0,,missing_pdb,False
C8VAW2,,missing_pdb,False
C8VAX9,,missing_pdb,False
C8VB25,,missing_pdb,False
C8VB69,,missing_pdb,False
C8VBB7,,missing_pdb,False
C8VBB9,,missing_pdb,False
C8VBG0,,missing_pdb,False
C8VBI3,,missing_pdb,False
C8VBJ7,,missing_pdb,False
C8VBJ9,,missing_pdb,False
C8VBT1,,missing_pdb,False
C8VBV2,,missing_pdb,False
C8VBW6,,missing_pdb,False
C8VBW7,,missing_pdb,False
C8VBX0,,missing_pdb,False
C8VBX1,,missing_pdb,False
C8VBX3,,missing_pdb,False
C8VBX7,,missing_pdb,False
C8VC15,,missing_pdb,False
C8VC47,,missing_pdb,False
C8VC70,,missing_pdb,False
C8VC80,,missing_pdb,False
C8VC88,,missing_pdb,False
C8VCA7,,missing_pdb,False
C8VCB0,,missing_pdb,False
C8VCB4,,missing_pdb,False
C8VCK1,,missing_pdb,False
C8VCL5,,missing_pdb,False
C8VCP8,,missing_pdb,False
C8VCR2,,missing_pdb,False
C8VCR7,,missing_pdb,False
C8VCV4,,missing_pdb,False
C8VCW1,,missing_pdb,False
C8VCZ2,,missing_pdb,False
C8VD16,,missing_pdb,False
C8VD17,,missing_pdb,False
C8VD56,,missing_pdb,False
C8VD59,,missing_pdb,False
C8VDB9,,missing_pdb,False
C8VDC5,,missing_pdb,False
C8VDC9,,missing_pdb,False
C8VDG7,,missing_pdb,False
C8VDK0,,missing_pdb,False
C8VDK8,,missing_pdb,False
C8VDQ4,,missing_pdb,False
C8VDZ9,,missing_pdb,False
C8VE43,,missing_pdb,False
C8VEE0,,missing_pdb,False
C8VEH4,,missing_pdb,False
C8VEM4,,missing_pdb,False
C8VER6,,missing_pdb,False
C8VET8,,missing_pdb,False
C8VEW0,,missing_pdb,False
C8VEX5,,missing_pdb,False
C8VEZ2,,missing_pdb,False
C8VFE1,,missing_pdb,False
C8VFF8,,missing_pdb,False
C8VFG2,,missing_pdb,False
C8VFG3,,missing_pdb,False
C8VFI3,,missing_pdb,False
C8VFM9,,missing_pdb,False
C8VFN0,,missing_pdb,False
C8VFQ1,,missing_pdb,False
C8VFS3,,missing_pdb,False
C8VFS5,,missing_pdb,False
C8VFS7,,missing_pdb,False
C8VFS8,,missing_pdb,False
C8VG05,,missing_pdb,False
C8VG23,,missing_pdb,False
C8VG59,,missing_pdb,False
C8VG79,,missing_pdb,False
C8VG86,,missing_pdb,False
C8VGI5,,missing_pdb,False
C8VGK0,,missing_pdb,False
C8VGL9,,missing_pdb,False
C8VGS4,,missing_pdb,False
C8VGT5,,missing_pdb,False
C8VGU6,,missing_pdb,False
C8VH53,,missing_pdb,False
C8VH63,,missing_pdb,False
C8VH67,,missing_pdb,False
C8VH91,,missing_pdb,False
C8VHA5,,missing_pdb,False
C8VHA7,,missing_pdb,False
C8VHB0,,missing_pdb,False
C8VHB2,,missing_pdb,False
C8VHC3,,missing_pdb,False
C8VHC5,,missing_pdb,False
C8VHC8,,missing_pdb,False
C8VHD2,,missing_pdb,False
C8VHI8,,missing_pdb,False
C8VHJ1,,missing_pdb,False
C8VHJ2,,missing_pdb,False
C8VHR8,,missing_pdb,False
C8VHU0,,missing_pdb,False
C8VHU2,,missing_pdb,False
C8VHZ7,,missing_pdb,False
C8VI69,,missing_pdb,False
C8VI98,,missing_pdb,False
C8VIA2,,missing_pdb,False
C8VIC5,,missing_pdb,False
C8VID3,,missing_pdb,False
C8VID5,,missing_pdb,False
C8VIF1,,missing_pdb,False
C8VIG8,,missing_pdb,False
C8VIG9,,missing_pdb,False
C8VII6,,missing_pdb,False
C8VIJ8,,missing_pdb,False
C8VIX6,,missing_pdb,False
C8VIY6,,missing_pdb,False
C8VIY9,,missing_pdb,False
C8VIZ5,,missing_pdb,False
C8VIZ6,,missing_pdb,False
C8VJ09,,missing_pdb,False
C8VJ25,,missing_pdb,False
C8VJ33,,missing_pdb,False
C8VJ36,,missing_pdb,False
C8VJ38,,missing_pdb,False
C8VJ45,,missing_pdb,False
C8VJ57,,missing_pdb,False
C8VJ72,,missing_pdb,False
C8VJ78,,missing_pdb,False
C8VJA2,,missing_pdb,False
C8VJD9,,missing_pdb,False
C8VJF2,,missing_pdb,False
C8VJK3,,missing_pdb,False
C8VJN4,,missing_pdb,False
C8VJW5,,missing_pdb,False
C8VJY4,,missing_pdb,False
C8VK49,,missing_pdb,False
C8VK51,,missing_pdb,False
C8VK55,,missing_pdb,False
C8VKD6,,missing_pdb,False
C8VKD7,,missing_pdb,False
C8VKH6,,missing_pdb,False
C8VKH9,,missing_pdb,False
C8VKK0,,missing_pdb,False
C8VKK1,,missing_pdb,False
C8VKL6,,missing_pdb,False
C8VKX7,,missing_pdb,False
C8VKZ4,,missing_pdb,False
C8VL45,,missing_pdb,False
C8VL87,,missing_pdb,False
C8VLB4,,missing_pdb,False
C8VLC7,,missing_pdb,False
C8VLC8,,missing_pdb,False
C8VLE0,,missing_pdb,False
C8VLE2,,missing_pdb,False
C8VLF1,,missing_pdb,False
C8VLL3,,missing_pdb,False
C8VLN9,,missing_pdb,False
C8VLV0,,missing_pdb,False
C8VLW1,,missing_pdb,False
C8VLW2,,missing_pdb,False
C8VLW6,,missing_pdb,False
C8VLX7,,missing_pdb,False
C8VM39,,missing_pdb,False
C8VM92,,missing_pdb,False
C8VMB5,,missing_pdb,False
C8VMC6,,missing_pdb,False
C8VMC8,,missing_pdb,False
C8VME8,,missing_pdb,False
C8VMF3,,missing_pdb,False
C8VMP9,,missing_pdb,False
C8VMS4,,missing_pdb,False
C8VMU5,,missing_pdb,False
C8VMV2,,missing_pdb,False
C8VMZ5,,missing_pdb,False
C8VN02,,missing_pdb,False
C8VN47,,missing_pdb,False
C8VN58,,missing_pdb,False
C8VN59,,missing_pdb,False
C8VN66,,missing_pdb,False
C8VNG2,,missing_pdb,False
C8VNH4,,missing_pdb,False
C8VNK3,,missing_pdb,False
C8VNK6,,missing_pdb,False
C8VNL0,,missing_pdb,False
C8VNL1,,missing_pdb,False
C8VNR1,,missing_pdb,False
C8VNW8,,missing_pdb,False
C8VNZ2,,missing_pdb,False
C8VP05,,missing_pdb,False
C8VP13,,missing_pdb,False
C8VP27,,missing_pdb,False
C8VP82,,missing_pdb,False
C8VPA8,,missing_pdb,False
C8VPK5,,missing_pdb,False
C8VPP8,,missing_pdb,False
C8VPS9,,missing_pdb,False
C8VPT2,,missing_pdb,False
C8VPW8,,missing_pdb,False
C8VPW9,,missing_pdb,False
C8VPX1,,missing_pdb,False
C8VQ13,,missing_pdb,False
C8VQ30,,missing_pdb,False
C8VQ48,,missing_pdb,False
C8VQB6,,missing_pdb,False
C8VQF6,,missing_pdb,False
C8VQK9,,missing_pdb,False
C8VQV4,,missing_pdb,False
C8VQX6,,missing_pdb,False
C8VR45,,missing_pdb,False
C8VRB0,,missing_pdb,False
C8VRB4,,missing_pdb,False
C8VRB6,,missing_pdb,False
C8VRD6,,missing_pdb,False
C8VRD7,,missing_pdb,False
C8VRM7,,missing_pdb,False
C8VRP5,,missing_pdb,False
C8VRP9,,missing_pdb,False
C8VRQ0,,missing_pdb,False
C8VRT1,,missing_pdb,False
C8VRT7,,missing_pdb,False
C8VRW7,,missing_pdb,False
C8VRX1,,missing_pdb,False
C8VRX2,,missing_pdb,False
C8VRX6,,missing_pdb,False
C8VRY8,,missing_pdb,False
C8VS03,,missing_pdb,False
C8VS08,,missing_pdb,False
C8VS42,,missing_pdb,False
C8VS47,,missing_pdb,False
C8VS87,,missing_pdb,False
C8VSG1,,missing_pdb,False
C8VSK8,,missing_pdb,False
C8VSQ5,,missing_pdb,False
C8VSS2,,missing_pdb,False
C8VST7,,missing_pdb,False
C8VT01,,missing_pdb,False
C8VT28,,missing_pdb,False
C8VT43,,missing_pdb,False
C8VT61,,missing_pdb,False
C8VT70,,missing_pdb,False
C8VT75,,missing_pdb,False
C8VT87,,missing_pdb,False
C8VT88,,missing_pdb,False
C8VTA6,,missing_pdb,False
C8VTF1,,missing_pdb,False
C8VTF9,,missing_pdb,False
C8VTJ9,,missing_pdb,False
C8VTL0,,missing_pdb,False
C8VTP2,,missing_pdb,False
C8VTS4,,missing_pdb,False
C8VTS7,,missing_pdb,False
C8VTU7,,missing_pdb,False
C8VTW5,,missing_pdb,False
C8VTX5,,missing_pdb,False
C8VTY5,,missing_pdb,False
C8VU21,,missing_pdb,False
C8VU22,,missing_pdb,False
C8VU97,,missing_pdb,False
C8VUA4,,missing_pdb,False
C8VUL0,,missing_pdb,False
C8VUL9,,missing_pdb,False
C8VUM1,,missing_pdb,False
C8VUS6,,missing_pdb,False
C8VUU8,,missing_pdb,False
C8VUY4,,missing_pdb,False
C8VV95,,missing_pdb,False
C9IZ01,,missing_pdb,False
C9IZ08,,missing_pdb,False
C9IZ80,,missing_pdb,False
C9IZA5,,missing_pdb,False
C9IZF9,,missing_pdb,False
C9IZH1,,missing_pdb,False
C9IZN7,,missing_pdb,False
C9IZX9,,missing_pdb,False
C9IZZ0,,missing_pdb,False
C9J031,,missing_pdb,False
C9J050,,missing_pdb,False
C9J057,,missing_pdb,False
C9J081,,missing_pdb,False
C9J0B2,,missing_pdb,False
C9J0E9,,missing_pdb,False
C9J0F2,,missing_pdb,False
C9J0H3,,missing_pdb,False
C9J0I2,,missing_pdb,False
C9J0J7,,missing_pdb,False
C9J0S9,,missing_pdb,False
C9J0V5,,missing_pdb,False
C9J144,,missing_pdb,False
C9J165,,missing_pdb,False
C9J1R5,,missing_pdb,False
C9J202,,missing_pdb,False
C9J266,,missing_pdb,False
C9J2P0,,missing_pdb,False
C9J352,,missing_pdb,False
C9J363,,missing_pdb,False
C9J3F6,,missing_pdb,False
C9J4G7,,missing_pdb,False
C9J4J4,,missing_pdb,False
C9J4N6,,missing_pdb,False
C9J4U1,,missing_pdb,False
C9J4W5,,missing_pdb,False
C9J4X2,,missing_pdb,False
C9J578,,missing_pdb,False
C9J592,,missing_pdb,False
C9J5D1,,missing_pdb,False
C9J5J3,,missing_pdb,False
C9J5S7,,missing_pdb,False
C9J5V9,,missing_pdb,False
C9J637,,missing_pdb,False
C9J673,,missing_pdb,False
C9J679,,missing_pdb,False
C9J6C5,,missing_pdb,False
C9J6D1,,missing_pdb,False
C9J6M0,,missing_pdb,False
C9J6P4,,missing_pdb,False
C9J6W1,,missing_pdb,False
C9J6X0,,missing_pdb,False
C9J7B5,,missing_pdb,False
C9J7D1,,missing_pdb,False
C9J7E5,,missing_pdb,False
C9J7H8,,missing_pdb,False
C9J7I0,,missing_pdb,False
C9J7L8,,missing_pdb,False
C9J808,,missing_pdb,False
C9J8B4,,missing_pdb,False
C9J8H1,,missing_pdb,False
C9J8M6,,missing_pdb,False
C9J8P9,,missing_pdb,False
C9J8R4,,missing_pdb,False
C9J8S3,,missing_pdb,False
C9J931,,missing_pdb,False
C9J9C1,,missing_pdb,False
C9J9E4,,missing_pdb,False
C9J9M4,,missing_pdb,False
C9J9V9,,missing_pdb,False
C9J9W2,,missing_pdb,False
C9JA93,,missing_pdb,False
C9JAG1,,missing_pdb,False
C9JAJ9,,missing_pdb,False
C9JB63,,missing_pdb,False
C9JBJ7,,missing_pdb,False
C9JBL1,,missing_pdb,False
C9JC03,,missing_pdb,False
C9JC24,,missing_pdb,False
C9JCA9,,missing_pdb,False
C9JCJ9,,missing_pdb,False
C9JCP0,,missing_pdb,False
C9JCQ4,,missing_pdb,False
C9JCU6,,missing_pdb,False
C9JD32,,missing_pdb,False
C9JD73,,missing_pdb,False
C9JDM3,,missing_pdb,False
C9JDR0,,missing_pdb,False
C9JDS9,,missing_pdb,False
C9JDZ2,,missing_pdb,False
C9JE06,,missing_pdb,False
C9JE40,,missing_pdb,False
C9JE81,,missing_pdb,False
C9JEE7,,missing_pdb,False
C9JEH3,,missing_pdb,False
C9JEI7,,missing_pdb,False
C9JEJ2,,missing_pdb,False
C9JEK5,,missing_pdb,False
C9JEQ8,,missing_pdb,False
C9JES7,,missing_pdb,False
C9JEV8,,missing_pdb,False
C9JF13,,missing_pdb,False
C9JF15,,missing_pdb,False
C9JF75,,missing_pdb,False
C9JF79,,missing_pdb,False
C9JFJ0,,missing_pdb,False
C9JFM5,,missing_pdb,False
C9JFN4,,missing_pdb,False
C9JG41,,missing_pdb,False
C9JGV6,,missing_pdb,False
C9JH19,,missing_pdb,False
C9JH23,,missing_pdb,False
C9JH25,,missing_pdb,False
C9JHP4,,missing_pdb,False
C9JHS6,,missing_pdb,False
C9JHX5,,missing_pdb,False
C9JIC6,,missing_pdb,False
C9JIF9,,missing_pdb,False
C9JIG4,,missing_pdb,False
C9JIJ5,,missing_pdb,False
C9JIR1,,missing_pdb,False
C9JJ13,,missing_pdb,False
C9JJ47,,missing_pdb,False
C9JJP5,,missing_pdb,False
C9JJQ8,,missing_pdb,False
C9JJU7,,missing_pdb,False
C9JJV4,,missing_pdb,False
C9JK83,,missing_pdb,False
C9JKI3,,missing_pdb,False
C9JKI7,,missing_pdb,False
C9JKM9,,missing_pdb,False
C9JKY1,,missing_pdb,False
C9JL25,,missing_pdb,False
C9JL85,,missing_pdb,False
C9JLC1,,missing_pdb,False
C9JLK2,,missing_pdb,False
C9JLS9,,missing_pdb,False
C9JLV3,,missing_pdb,False
C9JLV6,,missing_pdb,False
C9JLW8,,missing_pdb,False
C9JM14,,missing_pdb,False
C9JM55,,missing_pdb,False
C9JMM0,,missing_pdb,False
C9JMN1,,missing_pdb,False
C9JMU6,,missing_pdb,False
C9JMZ3,,missing_pdb,False
C9JND6,,missing_pdb,False
C9JNH8,,missing_pdb,False
C9JNR4,,missing_pdb,False
C9JNT3,,missing_pdb,False
C9JNZ1,,missing_pdb,False
C9JP48,,missing_pdb,False
C9JPC0,,missing_pdb,False
C9JPM4,,missing_pdb,False
C9JPQ6,,missing_pdb,False
C9JQ75,,missing_pdb,False
C9JQD4,,missing_pdb,False
C9JQM9,,missing_pdb,False
C9JQN7,,missing_pdb,False
C9JQQ5,,missing_pdb,False
C9JQU6,,missing_pdb,False
C9JQZ4,,missing_pdb,False
C9JR83,,missing_pdb,False
C9JRC4,,missing_pdb,False
C9JRJ8,,missing_pdb,False
C9JRL4,,missing_pdb,False
C9JRL6,,missing_pdb,False
C9JRT6,,missing_pdb,False
C9JRZ8-2,,missing_pdb,False
C9JS59,,missing_pdb,False
C9JT00,,missing_pdb,False
C9JT21,,missing_pdb,False
C9JTV5,,missing_pdb,False
C9JTV6,,missing_pdb,False
C9JTX5,,missing_pdb,False
C9JTY3,,missing_pdb,False
C9JTZ5,,missing_pdb,False
C9JU82,,missing_pdb,False
C9JUA9,,missing_pdb,False
C9JUN4,,missing_pdb,False
C9JUP7,,missing_pdb,False
C9JV50,,missing_pdb,False
C9JV57,,missing_pdb,False
C9JV99,,missing_pdb,False
C9JW55,,missing_pdb,False
C9JWF5,,missing_pdb,False
C9JWG0,,missing_pdb,False
C9JWS9,,missing_pdb,False
C9JXA7,,missing_pdb,False
C9JXB8,,missing_pdb,False
C9JXC1,,missing_pdb,False
C9JXK0,,missing_pdb,False
C9JXQ1,,missing_pdb,False
C9JXQ9,,missing_pdb,False
C9JXZ5,,missing_pdb,False
C9JYI4,,missing_pdb,False
C9JYS8,,missing_pdb,False
C9JZD1,,missing_pdb,False
C9JZG1,,missing_pdb,False
C9JZG2,,missing_pdb,False
C9JZG9,,missing_pdb,False
C9JZI7,,missing_pdb,False
C9JZQ0,,missing_pdb,False
C9JZW3,,missing_pdb,False
C9K028,,missing_pdb,False
C9K055,,missing_pdb,False
C9K0E3,,missing_pdb,False
C9K0J5,,missing_pdb,False
C9K0M0,,missing_pdb,False
C9K0Q7,,missing_pdb,False
C9K0R9,,missing_pdb,False
C9K0S6,,missing_pdb,False
C9K0U8,,missing_pdb,False
D0G6X4,,missing_pdb,False
D0RB01,,missing_pdb,False
D0Z726,,missing_pdb,False
D0Z760,,missing_pdb,False
D1Z3A1,,missing_pdb,False
D1Z3A2,,missing_pdb,False
D2KC46,,missing_pdb,False
D2KFR9,,missing_pdb,False
D3DMW7,,missing_pdb,False
D3K5M2,,missing_pdb,False
D3YTJ7,,missing_pdb,False
D3YTU0,,missing_pdb,False
D3YU02,,missing_pdb,False
D3YUP1,,missing_pdb,False
D3YVM2,,missing_pdb,False
D3YWQ0,,missing_pdb,False
D3YY09,,missing_pdb,False
D3YYK9,,missing_pdb,False
D3YYM4,,missing_pdb,False
D3YZ21,,missing_pdb,False
D3YZ32,,missing_pdb,False
D3YZU1,,missing_pdb,False
D3YZY2,,missing_pdb,False
D3Z091,,missing_pdb,False
D3Z0B3,,missing_pdb,False
D3Z0J2,,missing_pdb,False
D3Z183,,missing_pdb,False
D3Z1M7,,missing_pdb,False
D3Z2D7,,missing_pdb,False
D3Z2P8,,missing_pdb,False
D3Z442,,missing_pdb,False
D3Z4C0,,missing_pdb,False
D3Z4J3,,missing_pdb,False
D3Z563,,missing_pdb,False
D3Z594,,missing_pdb,False
D3Z6E8,,missing_pdb,False
D3Z6P0,,missing_pdb,False
D3Z6W1,,missing_pdb,False
D3Z794,,missing_pdb,False
D3Z7G8,,missing_pdb,False
D3Z7H4,,missing_pdb,False
D3Z7K9,,missing_pdb,False
D3Z7P3,,missing_pdb,False
D3Z7Q2,,missing_pdb,False
D3Z840,,missing_pdb,False
D3Z874,,missing_pdb,False
D3Z8Q5,,missing_pdb,False
D3Z953,,missing_pdb,False
D3Z9U2,,missing_pdb,False
D3ZA66,,missing_pdb,False
D3ZCI5,,missing_pdb,False
D3ZCQ9,,missing_pdb,False
D3ZCS3,,missing_pdb,False
D3ZEH5,,missing_pdb,False
D3ZEI7,,missing_pdb,False
D3ZFH4,,missing_pdb,False
D3ZG78,,missing_pdb,False
D3ZGP9,,missing_pdb,False
D3ZH28,,missing_pdb,False
D3ZHA0,,missing_pdb,False
D3ZHH5,,missing_pdb,False
D3ZHP7,,missing_pdb,False
D3ZHV2,,missing_pdb,False
D3ZIM5,,missing_pdb,False
D3ZIM6,,missing_pdb,False
D3ZJ47,,missing_pdb,False
D3ZJG1,,missing_pdb,False
D3ZJK8,,missing_pdb,False
D3ZJS6,,missing_pdb,False
D3ZL83,,missing_pdb,False
D3ZLU0,,missing_pdb,False
D3ZM27,,missing_pdb,False
D3ZM60,,missing_pdb,False
D3ZN86,,missing_pdb,False
D3ZNV5,,missing_pdb,False
D3ZNW8,,missing_pdb,False
D3ZP87,,missing_pdb,False
D3ZPJ0,,missing_pdb,False
D3ZPP2,,missing_pdb,False
D3ZQC6,,missing_pdb,False
D3ZQJ8,,missing_pdb,False
D3ZQN3,,missing_pdb,False
D3ZQN6,,missing_pdb,False
D3ZQY4,,missing_pdb,False
D3ZR63,,missing_pdb,False
D3ZS35,,missing_pdb,False
D3ZSZ4,,missing_pdb,False
D3ZT16,,missing_pdb,False
D3ZTF0,,missing_pdb,False
D3ZTM5,,missing_pdb,False
D3ZTW7,,missing_pdb,False
D3ZU79,,missing_pdb,False
D3ZVB9,,missing_pdb,False
D3ZVM5,,missing_pdb,False
D3ZVS5,,missing_pdb,False
D3ZW08,,missing_pdb,False
D3ZWP4,,missing_pdb,False
D3ZXG0,,missing_pdb,False
D3ZXM0,,missing_pdb,False
D3ZXR2,,missing_pdb,False
D3ZXS8,,missing_pdb,False
D3ZXV0,,missing_pdb,False
D3ZXW4,,missing_pdb,False
D4A068,,missing_pdb,False
D4A0T0,,missing_pdb,False
D4A0U9,,missing_pdb,False
D4A0Z9,,missing_pdb,False
D4A1B8,,missing_pdb,False
D4A1H7,,missing_pdb,False
D4A1P7,,missing_pdb,False
D4A217,,missing_pdb,False
D4A3D2,,missing_pdb,False
D4A3D9,,missing_pdb,False
D4A433,,missing_pdb,False
D4A511,,missing_pdb,False
D4A5N1,,missing_pdb,False
D4A702,,missing_pdb,False
D4A7I6,,missing_pdb,False
D4A871,,missing_pdb,False
D4A899,,missing_pdb,False
D4A8E5,,missing_pdb,False
D4A8L4,,missing_pdb,False
D4A8Y1,,missing_pdb,False
D4A987,,missing_pdb,False
D4A9N5,,missing_pdb,False
D4A9P9,,missing_pdb,False
D4ABA9,,missing_pdb,False
D4ABB2,,missing_pdb,False
D4ABE5,,missing_pdb,False
D4ACC5,,missing_pdb,False
D4ACD5,,missing_pdb,False
D4ADF6,,missing_pdb,False
D4ADN6,,missing_pdb,False
D4ADT7,,missing_pdb,False
D4AE48,,missing_pdb,False
D4AEK3,,missing_pdb,False
D6R984,,missing_pdb,False
D6R994,,missing_pdb,False
D6R9Z2,,missing_pdb,False
D6RA56,,missing_pdb,False
D6RAE5,,missing_pdb,False
D6RAE9,,missing_pdb,False
D6RAF8,,missing_pdb,False
D6RAG0,,missing_pdb,False
D6RAS1,,missing_pdb,False
D6RAW1,,missing_pdb,False
D6RB59,,missing_pdb,False
D6RBA1,,missing_pdb,False
D6RBC8,,missing_pdb,False
D6RD66,,missing_pdb,False
D6RD77,,missing_pdb,False
D6RDH9,,missing_pdb,False
D6RDY6,,missing_pdb,False
D6REW4,,missing_pdb,False
D6REW5,,missing_pdb,False
D6REZ0,,missing_pdb,False
D6RFY6,,missing_pdb,False
D6RG18,,missing_pdb,False
D6RG76,,missing_pdb,False
D6RG84,,missing_pdb,False
D6RGB1,,missing_pdb,False
D6RGG5,,missing_pdb,False
D6RGZ2,,missing_pdb,False
D6RHF8,,missing_pdb,False
D6RHL2,,missing_pdb,False
D6RIA3,,missing_pdb,False
D6RIB5,,missing_pdb,False
D6RIN3,,missing_pdb,False
D6VTK4,,missing_pdb,False
D9J2Z9,,missing_pdb,False
E0CXV3,,missing_pdb,False
E0CYU2,,missing_pdb,False
E1JGK6,,missing_pdb,False
E1JGK7,,missing_pdb,False
E1JGK8,,missing_pdb,False
E1JGN9,,missing_pdb,False
E1JGY0,,missing_pdb,False
E1JGZ7,,missing_pdb,False
E1JH01,,missing_pdb,False
E1JH52,,missing_pdb,False
E1JH59,,missing_pdb,False
E1JH60,,missing_pdb,False
E1JHA4,,missing_pdb,False
E1JHG8,,missing_pdb,False
E1JHM3,,missing_pdb,False
E1JHQ0,,missing_pdb,False
E1JHQ1,,missing_pdb,False
E1JHV7,,missing_pdb,False
E1JHY0,,missing_pdb,False
E1JI85,,missing_pdb,False
E1JIJ9,,missing_pdb,False
E1JIT0,,missing_pdb,False
E1JJ72,,missing_pdb,False
E1JJ73,,missing_pdb,False
E1JJD6,,missing_pdb,False
E1JJF4,,missing_pdb,False
E1JJG4,,missing_pdb,False
E1JJN9,,missing_pdb,False
E2QC56,,missing_pdb,False
E2QCH2,,missing_pdb,False
E2QCK0,,missing_pdb,False
E2QCL8,,missing_pdb,False
E2QCN4,,missing_pdb,False
E2QCZ3,,missing_pdb,False
E2QCZ9,,missing_pdb,False
E2QD65,,missing_pdb,False
E2QD75,,missing_pdb,False
E3WF37,,missing_pdb,False
E4NKG1,,missing_pdb,False
E5RFI5,,missing_pdb,False
E5RFM9,,missing_pdb,False
E5RFT8,,missing_pdb,False
E5RG13,,missing_pdb,False
E5RG17,,missing_pdb,False
E5RG26,,missing_pdb,False
E5RG29,,missing_pdb,False
E5RG56,,missing_pdb,False
E5RG94,,missing_pdb,False
E5RGE1,,missing_pdb,False
E5RGW4,,missing_pdb,False
E5RH59,,missing_pdb,False
E5RHG8,,missing_pdb,False
E5RHH2,,missing_pdb,False
E5RHJ2,,missing_pdb,False
E5RHN2,,missing_pdb,False
E5RHP0,,missing_pdb,False
E5RI56,,missing_pdb,False
E5RIP1,,missing_pdb,False
E5RIQ8,,missing_pdb,False
E5RIV7,,missing_pdb,False
E5RIY1,,missing_pdb,False
E5RJ36,,missing_pdb,False
E5RJH3,,missing_pdb,False
E5RJX2,,missing_pdb,False
E5RK55,,missing_pdb,False
E7EAU5,,missing_pdb,False
E7EMV8,,missing_pdb,False
E7ENH5,,missing_pdb,False
E7ENM1,,missing_pdb,False
E7ENQ6,,missing_pdb,False
E7ENU9,,missing_pdb,False
E7EP35,,missing_pdb,False
E7EP87,,missing_pdb,False
E7EPI9,,missing_pdb,False
E7EQD7,,missing_pdb,False
E7EQL5,,missing_pdb,False
E7EQR8,,missing_pdb,False
E7EQY1,,missing_pdb,False
E7ERC4,,missing_pdb,False
E7ERI1,,missing_pdb,False
E7ERW0,,missing_pdb,False
E7ES84,,missing_pdb,False
E7ESD9,,missing_pdb,False
E7ESG8,,missing_pdb,False
E7ESP2,,missing_pdb,False
E7ESZ7,,missing_pdb,False
E7ETC2,,missing_pdb,False
E7ETR0,,missing_pdb,False
E7EU14,,missing_pdb,False
E7EUT5,,missing_pdb,False
E7EVA0,,missing_pdb,False
E7EWC6,,missing_pdb,False
E7EX70,,missing_pdb,False
E7EXB4,,missing_pdb,False
E8NHA2,,missing_pdb,False
E8NHB3,,missing_pdb,False
E9PAR2,,missing_pdb,False
E9PB28,,missing_pdb,False
E9PBC1,,missing_pdb,False
E9PBF6,,missing_pdb,False
E9PBK2,,missing_pdb,False
E9PBU7,,missing_pdb,False
E9PCW0,,missing_pdb,False
E9PCY5,,missing_pdb,False
E9PD14,,missing_pdb,False
E9PE20,,missing_pdb,False
E9PF58,,missing_pdb,False
E9PFD2,,missing_pdb,False
E9PFD4,,missing_pdb,False
E9PFJ2,,missing_pdb,False
E9PG15,,missing_pdb,False
E9PHN7,,missing_pdb,False
E9PHS0,,missing_pdb,False
E9PI66,,missing_pdb,False
E9PI99,,missing_pdb,False
E9PIC4,,missing_pdb,False
E9PII8,,missing_pdb,False
E9PIL2,,missing_pdb,False
E9PJ35,,missing_pdb,False
E9PJ90,,missing_pdb,False
E9PJA7,,missing_pdb,False
E9PJA8,,missing_pdb,False
E9PJE9,,missing_pdb,False
E9PJJ2,,missing_pdb,False
E9PJW6,,missing_pdb,False
E9PKM6,,missing_pdb,False
E9PKU1,,missing_pdb,False
E9PKW3,,missing_pdb,False
E9PKZ0,,missing_pdb,False
E9PL38,,missing_pdb,False
E9PL71,,missing_pdb,False
E9PLC4,,missing_pdb,False
E9PLG2,,missing_pdb,False
E9PLH8,,missing_pdb,False
E9PLT5,,missing_pdb,False
E9PN17,,missing_pdb,False
E9PN38,,missing_pdb,False
E9PNP0,,missing_pdb,False
E9PP34,,missing_pdb,False
E9PP36,,missing_pdb,False
E9PP67,,missing_pdb,False
E9PP78,,missing_pdb,False
E9PPP8,,missing_pdb,False
E9PPR7,,missing_pdb,False
E9PPX7,,missing_pdb,False
E9PQ98,,missing_pdb,False
E9PQS0,,missing_pdb,False
E9PQT7,,missing_pdb,False
E9PRJ5,,missing_pdb,False
E9PRY0,,missing_pdb,False
E9PSI1,,missing_pdb,False
E9PSL7,,missing_pdb,False
E9PSZ9,,missing_pdb,False
E9PT90,,missing_pdb,False
E9PTK4,,missing_pdb,False
E9PU04,,missing_pdb,False
E9PU13,,missing_pdb,False
E9PUL5,,missing_pdb,False
E9PUQ8,,missing_pdb,False
E9PUV4,,missing_pdb,False
E9PV03,,missing_pdb,False
E9PV14,,missing_pdb,False
E9PV24,,missing_pdb,False
E9PV66,,missing_pdb,False
E9PVA8,,missing_pdb,False
E9PVP0,,missing_pdb,False
E9PVW0,,missing_pdb,False
E9PW21,,missing_pdb,False
E9PX09,,missing_pdb,False
E9PXF8,,missing_pdb,False
E9PYG6,,missing_pdb,False
E9PYH2,,missing_pdb,False
E9PYK3,,missing_pdb,False
E9PZ19,,missing_pdb,False
E9PZW0,,missing_pdb,False
E9Q007,,missing_pdb,False
E9Q0F0,,missing_pdb,False
E9Q0S6,,missing_pdb,False
E9Q1Q9,,missing_pdb,False
E9Q1W3,,missing_pdb,False
E9Q226,,missing_pdb,False
E9Q238,,missing_pdb,False
E9Q2S0,,missing_pdb,False
E9Q2T4,,missing_pdb,False
E9Q3F7,,missing_pdb,False
E9Q447,,missing_pdb,False
E9Q4N6,,missing_pdb,False
E9Q4P1,,missing_pdb,False
E9Q557,,missing_pdb,False
E9Q5L3,,missing_pdb,False
E9Q6B2,,missing_pdb,False
E9Q6C6,,missing_pdb,False
E9Q6X4,,missing_pdb,False
E9Q796,,missing_pdb,False
E9Q7L0,,missing_pdb,False
E9Q7P9,,missing_pdb,False
E9Q805,,missing_pdb,False
E9Q8P8,,missing_pdb,False
E9Q912,,missing_pdb,False
E9Q9B7,,missing_pdb,False
E9Q9U0,,missing_pdb,False
E9QAF4,,missing_pdb,False
E9QJT5,,missing_pdb,False
E9QJW0,,missing_pdb,False
E9QNN1,,missing_pdb,False
E9QNP0,,missing_pdb,False
E9QPR7,,missing_pdb,False
E9QPX3,,missing_pdb,False
F0JAI1,,missing_pdb,False
F1LMA5,,missing_pdb,False
F1LMQ3,,missing_pdb,False
F1LND0,,missing_pdb,False
F1LQ09,,missing_pdb,False
F1LQ48,,missing_pdb,False
F1LR18,,missing_pdb,False
F1LV89,,missing_pdb,False
F1LVG9,,missing_pdb,False
F1LWI7,,missing_pdb,False
F1LX87,,missing_pdb,False
F1M362,,missing_pdb,False
F1M5V2,,missing_pdb,False
F1M6I9,,missing_pdb,False
F1M6S6,,missing_pdb,False
F1M7A9,,missing_pdb,False
F1M7W7,,missing_pdb,False
F1M8D3,,missing_pdb,False
F1MAQ8,,missing_pdb,False
F1Q529,,missing_pdb,False
F1RFB1,,missing_pdb,False
F1RFS9,,missing_pdb,False
F1RFU0,,missing_pdb,False
F1RFY0,,missing_pdb,False
F1RGI7,,missing_pdb,False
F1RGL6,,missing_pdb,False
F1RHJ2,,missing_pdb,False
F1RHV8,,missing_pdb,False
F1RIA3,,missing_pdb,False
F1RIR2,,missing_pdb,False
F1RIT7,,missing_pdb,False
F1RIU3,,missing_pdb,False
F1RJ56,,missing_pdb,False
F1RJJ2,,missing_pdb,False
F1RJJ3,,missing_pdb,False
F1RJL1,,missing_pdb,False
F1RJW8,,missing_pdb,False
F1RK02,,missing_pdb,False
F1RK61,,missing_pdb,False
F1RK66,,missing_pdb,False
F1RKE8,,missing_pdb,False
F1RL05,,missing_pdb,False
F1RMJ1,,missing_pdb,False
F1RN47,,missing_pdb,False
F1RP69,,missing_pdb,False
F1RQU1,,missing_pdb,False
F1RRI4,,missing_pdb,False
F1RS16,,missing_pdb,False
F1RSY4,,missing_pdb,False
F1RT28,,missing_pdb,False
F1RTZ5,,missing_pdb,False
F1RUE1,,missing_pdb,False
F1RV21,,missing_pdb,False
F1RVC2,,missing_pdb,False
F1RVD2,,missing_pdb,False
F1RWZ9,,missing_pdb,False
F1RYY6,,missing_pdb,False
F1RZP4,,missing_pdb,False
F1RZV0,,missing_pdb,False
F1S010,,missing_pdb,False
F1S034,,missing_pdb,False
F1S0N2,,missing_pdb,False
F1S0P6,,missing_pdb,False
F1S108,,missing_pdb,False
F1S1J8,,missing_pdb,False
F1S232,,missing_pdb,False
F1S2A8,,missing_pdb,False
F1S2E1,,missing_pdb,False
F1S2K3,,missing_pdb,False
F1S395,,missing_pdb,False
F1S4V3,,missing_pdb,False
F1S5A8,,missing_pdb,False
F1S7A6,,missing_pdb,False
F1S7S9,,missing_pdb,False
F1S8S6,,missing_pdb,False
F1S9W2,,missing_pdb,False
F1SA12,,missing_pdb,False
F1SA25,,missing_pdb,False
F1SAP4,,missing_pdb,False
F1SBF8,,missing_pdb,False
F1SCI9,,missing_pdb,False
F1SCY9,,missing_pdb,False
F1SDQ0,,missing_pdb,False
F1SED4,,missing_pdb,False
F1SEH2,,missing_pdb,False
F1SEV7,,missing_pdb,False
F1SFK6,,missing_pdb,False
F1SG02,,missing_pdb,False
F1SGS6,,missing_pdb,False
F1SHG3,,missing_pdb,False
F1SHH4,,missing_pdb,False
F1SI25,,missing_pdb,False
F1SJ51,,missing_pdb,False
F1SJR5,,missing_pdb,False
F1SJX5,,missing_pdb,False
F1SL99,,missing_pdb,False
F1SN41,,missing_pdb,False
F1SNA4,,missing_pdb,False
F1SPI2,,missing_pdb,False
F1SR87,,missing_pdb,False
F1SSI2,,missing_pdb,False
F1SUP1,,missing_pdb,False
F1SVB2,,missing_pdb,False
F2FB46,,missing_pdb,False
F2FBA6,,missing_pdb,False
F2Z388,,missing_pdb,False
F2Z3H0,,missing_pdb,False
F2Z594,,missing_pdb,False
F2Z5A8,,missing_pdb,False
F2Z5B4,,missing_pdb,False
F2Z5G8,,missing_pdb,False
F2Z5I5,,missing_pdb,False
F3YDF1,,missing_pdb,False
F3YDJ5,,missing_pdb,False
F4HQA1,,missing_pdb,False
F4HQF8,,missing_pdb,False
F4HQI8,,missing_pdb,False
F4HQT8,,missing_pdb,False
F4HR02,,missing_pdb,False
F4HRR0,,missing_pdb,False
F4HRT5,,missing_pdb,False
F4HS68,,missing_pdb,False
F4HV06,,missing_pdb,False
F4HVH9,,missing_pdb,False
F4HVZ5,,missing_pdb,False
F4HWC3,,missing_pdb,False
F4HY56,,missing_pdb,False
F4HYA7,,missing_pdb,False
F4HYI1,,missing_pdb,False
F4HYQ1,,missing_pdb,False
F4HYV4,,missing_pdb,False
F4HZI8,,missing_pdb,False
F4HZX7,,missing_pdb,False
F4I045,,missing_pdb,False
F4I048,,missing_pdb,False
F4I096,,missing_pdb,False
F4I0J1,,missing_pdb,False
F4I111,,missing_pdb,False
F4I1T7,,missing_pdb,False
F4I354,,missing_pdb,False
F4I3B3,,missing_pdb,False
F4I548,,missing_pdb,False
F4I8B9,,missing_pdb,False
F4I983,,missing_pdb,False
F4I9G7,,missing_pdb,False
F4I9J7,,missing_pdb,False
F4I9R1,,missing_pdb,False
F4IBB2,,missing_pdb,False
F4ICK8,,missing_pdb,False
F4IDB3,,missing_pdb,False
F4IDJ0,,missing_pdb,False
F4IG49,,missing_pdb,False
F4IGA5,,missing_pdb,False
F4IGM0,,missing_pdb,False
F4IHS2,,missing_pdb,False
F4IHY7,,missing_pdb,False
F4IJV4,,missing_pdb,False
F4IKF3,,missing_pdb,False
F4IN78,,missing_pdb,False
F4IRP0,,missing_pdb,False
F4IRQ5,,missing_pdb,False
F4IRX7,,missing_pdb,False
F4ISU2,,missing_pdb,False
F4IVX7,,missing_pdb,False
F4J061,,missing_pdb,False
F4J0L7,,missing_pdb,False
F4J0P2,,missing_pdb,False
F4J355,,missing_pdb,False
F4J364,,missing_pdb,False
F4J469,,missing_pdb,False
F4J4K6,,missing_pdb,False
F4J4V1,,missing_pdb,False
F4J5D3,,missing_pdb,False
F4J5I0,,missing_pdb,False
F4J5M9,,missing_pdb,False
F4J6V5,,missing_pdb,False
F4J7T2,,missing_pdb,False
F4J8I0,,missing_pdb,False
F4J8K6,,missing_pdb,False
F4J8U4,,missing_pdb,False
F4J8X6,,missing_pdb,False
F4J9G6,,missing_pdb,False
F4J9U9,,missing_pdb,False
F4JA50,,missing_pdb,False
F4JAA5,,missing_pdb,False
F4JCS8,,missing_pdb,False
F4JCT1,,missing_pdb,False
F4JGB7,,missing_pdb,False
F4JHI1,,missing_pdb,False
F4JI72,,missing_pdb,False
F4JJA3,,missing_pdb,False
F4JJM1,,missing_pdb,False
F4JK17,,missing_pdb,False
F4JM55,,missing_pdb,False
F4JN76,,missing_pdb,False
F4JNA9,,missing_pdb,False
F4JNI1,,missing_pdb,False
F4JNM2,,missing_pdb,False
F4JP43,,missing_pdb,False
F4JPA3,,missing_pdb,False
F4JPL7,,missing_pdb,False
F4JPR4,,missing_pdb,False
F4JQ75,,missing_pdb,False
F4JRN0,,missing_pdb,False
F4JUQ2,,missing_pdb,False
F4JUX3,,missing_pdb,False
F4JV27,,missing_pdb,False
F4JVH1,,missing_pdb,False
F4JVV4,,missing_pdb,False
F4JWJ7,,missing_pdb,False
F4JWU5,,missing_pdb,False
F4JXR3,,missing_pdb,False
F4JYN2,,missing_pdb,False
F4JZY1,,missing_pdb,False
F4K087,,missing_pdb,False
F4K0V9,,missing_pdb,False
F4K0Y5,,missing_pdb,False
F4K3M6,,missing_pdb,False
F4K402,,missing_pdb,False
F4K465,,missing_pdb,False
F4K4Y5,,missing_pdb,False
F4K5J1,,missing_pdb,False
F4K5Y5,,missing_pdb,False
F4K933,,missing_pdb,False
F4K958,,missing_pdb,False
F4K9U0,,missing_pdb,False
F4KAC4,,missing_pdb,False
F4KAG0,,missing_pdb,False
F4KAN9,,missing_pdb,False
F4KAQ2,,missing_pdb,False
F4KAS6,,missing_pdb,False
F4KBY8,,missing_pdb,False
F4KCY1,,missing_pdb,False
F4KDH9,,missing_pdb,False
F4KDJ9,,missing_pdb,False
F4KE59,,missing_pdb,False
F4KED5,,missing_pdb,False
F4KEU1,,missing_pdb,False
F4KF27,,missing_pdb,False
F4KG14,,missing_pdb,False
F4MGU7,,missing_pdb,False
F4YFA1,,missing_pdb,False
F5GXF6,,missing_pdb,False
F5GY34,,missing_pdb,False
F5GY88,,missing_pdb,False
F5GYL3,,missing_pdb,False
F5GZ83,,missing_pdb,False
F5GZ99,,missing_pdb,False
F5GZP6,,missing_pdb,False
F5GZR9,,missing_pdb,False
F5H0C4,,missing_pdb,False
F5H0E2,,missing_pdb,False
F5H0N1,,missing_pdb,False
F5H0Q0,,missing_pdb,False
F5H0R1,,missing_pdb,False
F5H189,,missing_pdb,False
F5H2F2,,missing_pdb,False
F5H2G6,,missing_pdb,False
F5H3F9,,missing_pdb,False
F5H510,,missing_pdb,False
F5H5N6,,missing_pdb,False
F5H608,,missing_pdb,False
F5H631,,missing_pdb,False
F5H6N1,,missing_pdb,False
F5H6P3,,missing_pdb,False
F5H6P7,,missing_pdb,False
F5H872,,missing_pdb,False
F5H8D5,,missing_pdb,False
F6JQA6,,missing_pdb,False
F6QYI9,,missing_pdb,False
F6RDH3,,missing_pdb,False
F6RSH1,,missing_pdb,False
F6RUH9,,missing_pdb,False
F6S7Q7,,missing_pdb,False
F6SXM5,,missing_pdb,False
F6T9E7,,missing_pdb,False
F6TCF9,,missing_pdb,False
F6TLX2,,missing_pdb,False
F6TRA5,,missing_pdb,False
F6U775,,missing_pdb,False
F6UT28,,missing_pdb,False
F6V9V5,,missing_pdb,False
F6W2S3,,missing_pdb,False
F6WPK7,,missing_pdb,False
F6WYN6,,missing_pdb,False
F6X2H0,,missing_pdb,False
F6X9B6,,missing_pdb,False
F6XDW8,,missing_pdb,False
F6XGT7,,missing_pdb,False
F6XI62,,missing_pdb,False
F6XXE6,,missing_pdb,False
F6Z0X0,,missing_pdb,False
F6Z1R4,,missing_pdb,False
F6ZDS4,,missing_pdb,False
F6ZGN3,,missing_pdb,False
F7AA26,,missing_pdb,False
F7B209,,missing_pdb,False
F7BJB9,,missing_pdb,False
F7C9J3,,missing_pdb,False
F7CAV3,,missing_pdb,False
F7CUV7,,missing_pdb,False
F7D1I5,,missing_pdb,False
F7EN52,,missing_pdb,False
F7EUU4,,missing_pdb,False
F7EXQ7,,missing_pdb,False
F7FL53,,missing_pdb,False
F8VNT9,,missing_pdb,False
F8VNZ1,,missing_pdb,False
F8VP03,,missing_pdb,False
F8VP67,,missing_pdb,False
F8VPA7,,missing_pdb,False
F8VPK5,,missing_pdb,False
F8VPL2,,missing_pdb,False
F8VPM7,,missing_pdb,False
F8VPN2,,missing_pdb,False
F8VPP8,,missing_pdb,False
F8VPZ3,,missing_pdb,False
F8VQ23,,missing_pdb,False
F8VQB6,,missing_pdb,False
F8VQC1,,missing_pdb,False
F8VQD4,,missing_pdb,False
F8VQQ8,,missing_pdb,False
F8VQY3,,missing_pdb,False
F8VR77,,missing_pdb,False
F8VRH0,,missing_pdb,False
F8VRV5,,missing_pdb,False
F8VS66,,missing_pdb,False
F8VU51,,missing_pdb,False
F8VU65,,missing_pdb,False
F8VUB0,,missing_pdb,False
F8VUY8,,missing_pdb,False
F8VV56,,missing_pdb,False
F8VW18,,missing_pdb,False
F8VWT9,,missing_pdb,False
F8VWV4,,missing_pdb,False
F8VWW7,,missing_pdb,False
F8VXU5,,missing_pdb,False
F8W0A3,,missing_pdb,False
F8W1U3,,missing_pdb,False
F8W1U5,,missing_pdb,False
F8W1V5,,missing_pdb,False
F8W681,,missing_pdb,False
F8W705,,missing_pdb,False
F8W7C6,,missing_pdb,False
F8W8D3,,missing_pdb,False
F8W8Z9,,missing_pdb,False
F8W9F3,,missing_pdb,False
F8W9G7,,missing_pdb,False
F8WA39,,missing_pdb,False
F8WA42,,missing_pdb,False
F8WAR4,,missing_pdb,False
F8WAS1,,missing_pdb,False
F8WB67,,missing_pdb,False
F8WB72,,missing_pdb,False
F8WBB8,,missing_pdb,False
F8WBC6,,missing_pdb,False
F8WBE5,,missing_pdb,False
F8WBG8,,missing_pdb,False
F8WBH5,,missing_pdb,False
F8WBW4,,missing_pdb,False
F8WBW6,,missing_pdb,False
F8WC20,,missing_pdb,False
F8WCP4,,missing_pdb,False
F8WCR1,,missing_pdb,False
F8WD78,,missing_pdb,False
F8WDD7,,missing_pdb,False
F8WDK9,,missing_pdb,False
F8WDS6,,missing_pdb,False
F8WE98,,missing_pdb,False
F8WEJ3,,missing_pdb,False
F8WEJ5,,missing_pdb,False
F8WEW1,,missing_pdb,False
F8WEX5,,missing_pdb,False
F8WF67,,missing_pdb,False
F8WF90,,missing_pdb,False
F8WFB9,,missing_pdb,False
F8WFE1,,missing_pdb,False
F8WGF2,,missing_pdb,False
F8WGL3,,missing_pdb,False
F8WGM8,,missing_pdb,False
F8WH73,,missing_pdb,False
F8WHU5,,missing_pdb,False
F8WI30,,missing_pdb,False
F8WID5,,missing_pdb,False
F8WJ40,,missing_pdb,False
F8WJI6,,missing_pdb,False
G3UVU2,,missing_pdb,False
G3UVW6,,missing_pdb,False
G3UW57,,missing_pdb,False
G3UW85,,missing_pdb,False
G3UWD9,,missing_pdb,False
G3UWL2,,missing_pdb,False
G3UXF4,,missing_pdb,False
G3UXT7,,missing_pdb,False
G3UYJ7,,missing_pdb,False
G3UZ78,,missing_pdb,False
G3V0E4,,missing_pdb,False
G3V0G3,,missing_pdb,False
G3V111,,missing_pdb,False
G3V1A0,,missing_pdb,False
G3V1E2,,missing_pdb,False
G3V1U3,,missing_pdb,False
G3V1Y7,,missing_pdb,False
G3V210,,missing_pdb,False
G3V2D6,,missing_pdb,False
G3V2W0,,missing_pdb,False
G3V379,,missing_pdb,False
G3V3I9,,missing_pdb,False
G3V457,,missing_pdb,False
G3V479,,missing_pdb,False
G3V4C6,,missing_pdb,False
G3V4E1,,missing_pdb,False
G3V4K3,,missing_pdb,False
G3V4P8,,missing_pdb,False
G3V4U7,,missing_pdb,False
G3V576,,missing_pdb,False
G3V5I6,,missing_pdb,False
G3V5K2,,missing_pdb,False
G3V5L0,,missing_pdb,False
G3V5N4,,missing_pdb,False
G3V5Z2,,missing_pdb,False
G3V674,,missing_pdb,False
G3V6L9,,missing_pdb,False
G3V6R0,,missing_pdb,False
G3V6W5,,missing_pdb,False
G3V716,,missing_pdb,False
G3V746,,missing_pdb,False
G3V7F6,,missing_pdb,False
G3V7Q7,,missing_pdb,False
G3V881,,missing_pdb,False
G3V8G2,,missing_pdb,False
G3V8K2,,missing_pdb,False
G3V8T4,,missing_pdb,False
G3V8Y0,,missing_pdb,False
G3V9M3,,missing_pdb,False
G3V9S6,,missing_pdb,False
G3X8U2,,missing_pdb,False
G3X8Y1,,missing_pdb,False
G3X912,,missing_pdb,False
G3X914,,missing_pdb,False
G3X971,,missing_pdb,False
G3X981,,missing_pdb,False
G3X9D6,,missing_pdb,False
G3X9G9,,missing_pdb,False
G3X9K7,,missing_pdb,False
G3X9Y5,,missing_pdb,False
G3XA57,,missing_pdb,False
G3XAI2,,missing_pdb,False
G3XAN8,,missing_pdb,False
G4VV63,,missing_pdb,False
G5E867,,missing_pdb,False
G5E896,,missing_pdb,False
G5E8C2,,missing_pdb,False
G5E8K5,,missing_pdb,False
G5E8Q8,,missing_pdb,False
G5E8R8,,missing_pdb,False
G5E8T9,,missing_pdb,False
G5E8V9,,missing_pdb,False
G5E9G6,,missing_pdb,False
G5E9R0,,missing_pdb,False
G5E9R9,,missing_pdb,False
G5EA09,,missing_pdb,False
G5EA19,,missing_pdb,False
G5EAS5,,missing_pdb,False
G5EAS7,,missing_pdb,False
G5EAT1,,missing_pdb,False
G5EAT6,,missing_pdb,False
G5EAT7,,missing_pdb,False
G5EAT8,,missing_pdb,False
G5EAU0,,missing_pdb,False
G5EAW8,,missing_pdb,False
G5EAX3,,missing_pdb,False
G5EAX6,,missing_pdb,False
G5EAY1,,missing_pdb,False
G5EAZ0,,missing_pdb,False
G5EAZ5,,missing_pdb,False
G5EAZ6,,missing_pdb,False
G5EB06,,missing_pdb,False
G5EB09,,missing_pdb,False
G5EB10,,missing_pdb,False
G5EB11,,missing_pdb,False
G5EB32,,missing_pdb,False
G5EB48,,missing_pdb,False
G5EB49,,missing_pdb,False
G5EB50,,missing_pdb,False
G5EB56,,missing_pdb,False
G5EB62,,missing_pdb,False
G5EB63,,missing_pdb,False
G5EB64,,missing_pdb,False
G5EB66,,missing_pdb,False
G5EB74,,missing_pdb,False
G5EB76,,missing_pdb,False
G5EB89,,missing_pdb,False
G5EB90,,missing_pdb,False
G7NYA2,,missing_pdb,False
G7NYB5,,missing_pdb,False
G7P2V6,,missing_pdb,False
G7PDP2,,missing_pdb,False
G7Q3B5,,missing_pdb,False
G8F4J2,,missing_pdb,False
H0RNN8,,missing_pdb,False
H0Y2S9,,missing_pdb,False
H0Y2X5,,missing_pdb,False
H0Y354,,missing_pdb,False
H0Y3V9,,missing_pdb,False
H0Y3Y3,,missing_pdb,False
H0Y3Y6,,missing_pdb,False
H0Y3Y9,,missing_pdb,False
H0Y400,,missing_pdb,False
H0Y449,,missing_pdb,False
H0Y4E0,,missing_pdb,False
H0Y4R1,,missing_pdb,False
H0Y4R8,,missing_pdb,False
H0Y4U8,,missing_pdb,False
H0Y4Y4,,missing_pdb,False
H0Y503,,missing_pdb,False
H0Y586,,missing_pdb,False
H0Y5L2,,missing_pdb,False
H0Y6D8,,missing_pdb,False
H0Y6T8,,missing_pdb,False
H0Y6X7,,missing_pdb,False
H0Y721,,missing_pdb,False
H0Y7E2,,missing_pdb,False
H0Y7F4,,missing_pdb,False
H0Y815,,missing_pdb,False
H0Y820,,missing_pdb,False
H0Y849,,missing_pdb,False
H0Y8F6,,missing_pdb,False
H0Y8L1,,missing_pdb,False
H0Y8S5,,missing_pdb,False
H0Y8W7,,missing_pdb,False
H0Y8W9,,missing_pdb,False
H0Y8X7,,missing_pdb,False
H0Y8X9,,missing_pdb,False
H0Y961,,missing_pdb,False
H0Y966,,missing_pdb,False
H0Y969,,missing_pdb,False
H0Y978,,missing_pdb,False
H0Y9A0,,missing_pdb,False
H0Y9I4,,missing_pdb,False
H0Y9P3,,missing_pdb,False
H0Y9S9,,missing_pdb,False
H0Y9Y4,,missing_pdb,False
H0YA96,,missing_pdb,False
H0YAE6,,missing_pdb,False
H0YAF7,,missing_pdb,False
H0YAL2,,missing_pdb,False
H0YAN9,,missing_pdb,False
H0YAW5,,missing_pdb,False
H0YB58,,missing_pdb,False
H0YB88,,missing_pdb,False
H0YBD7,,missing_pdb,False
H0YBK3,,missing_pdb,False
H0YBN6,,missing_pdb,False
H0YC42,,missing_pdb,False
H0YC88,,missing_pdb,False
H0YCA5,,missing_pdb,False
H0YCG2,,missing_pdb,False
H0YCT1,,missing_pdb,False
H0YCZ7,,missing_pdb,False
H0YD06,,missing_pdb,False
H0YD14,,missing_pdb,False
H0YD33,,missing_pdb,False
H0YDH2,,missing_pdb,False
H0YDK0,,missing_pdb,False
H0YDK2,,missing_pdb,False
H0YE29,,missing_pdb,False
H0YE58,,missing_pdb,False
H0YEE1,,missing_pdb,False
H0YEE3,,missing_pdb,False
H0YEF7,,missing_pdb,False
H0YEG0,,missing_pdb,False
H0YEN5,,missing_pdb,False
H0YEQ8,,missing_pdb,False
H0YF00,,missing_pdb,False
H0YFM9,,missing_pdb,False
H0YFS2,,missing_pdb,False
H0YFT1,,missing_pdb,False
H0YFT5,,missing_pdb,False
H0YFY6,,missing_pdb,False
H0YFY8,,missing_pdb,False
H0YG53,,missing_pdb,False
H0YH81,,missing_pdb,False
H0YHG0,,missing_pdb,False
H0YHH6,,missing_pdb,False
H0YHH7,,missing_pdb,False
H0YI90,,missing_pdb,False
H0YI98,,missing_pdb,False
H0YJ16,,missing_pdb,False
H0YJ47,,missing_pdb,False
H0YJE6,,missing_pdb,False
H0YJG0,,missing_pdb,False
H0YJM1,,missing_pdb,False
H0YJN0,,missing_pdb,False
H0YJP3,,missing_pdb,False
H0YKD8,,missing_pdb,False
H0YKJ9,,missing_pdb,False
H0YKK0,,missing_pdb,False
H0YKN4,,missing_pdb,False
H0YKS4,,missing_pdb,False
H0YKS8,,missing_pdb,False
H0YKU1,,missing_pdb,False
H0YKX1,,missing_pdb,False
H0YL89,,missing_pdb,False
H0YLC2,,missing_pdb,False
H0YLI7,,missing_pdb,False
H0YLY7,,missing_pdb,False
H0YLZ7,,missing_pdb,False
H0YM50,,missing_pdb,False
H0YM98,,missing_pdb,False
H0YMA4,,missing_pdb,False
H0YMF4,,missing_pdb,False
H0YMI6,,missing_pdb,False
H0YMJ0,,missing_pdb,False
H0YN10,,missing_pdb,False
H0YN44,,missing_pdb,False
H0YNG9,,missing_pdb,False
H1UUB1,,missing_pdb,False
H2F098,,missing_pdb,False
H2KVY6,,missing_pdb,False
H2KVZ0,,missing_pdb,False
H2KW56,,missing_pdb,False
H2KWR0,,missing_pdb,False
H2KX20,,missing_pdb,False
H2KX21,,missing_pdb,False
H2KX69,,missing_pdb,False
H3BJB6,,missing_pdb,False
H3BLM0,,missing_pdb,False
H3BLR3,,missing_pdb,False
H3BM18,,missing_pdb,False
H3BM38,,missing_pdb,False
H3BM89,,missing_pdb,False
H3BMK4,,missing_pdb,False
H3BMP2,,missing_pdb,False
H3BMQ1,,missing_pdb,False
H3BMQ9,,missing_pdb,False
H3BN88,,missing_pdb,False
H3BNB9,,missing_pdb,False
H3BNE1,,missing_pdb,False
H3BNG3,,missing_pdb,False
H3BNJ4,,missing_pdb,False
H3BNS8,,missing_pdb,False
H3BP35,,missing_pdb,False
H3BPE7,,missing_pdb,False
H3BPN5,,missing_pdb,False
H3BQF8,,missing_pdb,False
H3BQU3,,missing_pdb,False
H3BQW7,,missing_pdb,False
H3BQY9,,missing_pdb,False
H3BR10,,missing_pdb,False
H3BRK3,,missing_pdb,False
H3BSD9,,missing_pdb,False
H3BSV9,,missing_pdb,False
H3BSW6,,missing_pdb,False
H3BSY1,,missing_pdb,False
H3BT29,,missing_pdb,False
H3BTU6,,missing_pdb,False
H3BU31,,missing_pdb,False
H3BUC4,,missing_pdb,False
H3BUG4,,missing_pdb,False
H3BUY0,,missing_pdb,False
H3BV73,,missing_pdb,False
H3BVC7,,missing_pdb,False
H3BVE0,,missing_pdb,False
H3BVG0,,missing_pdb,False
H6TFZ4,,missing_pdb,False
H7BX38,,missing_pdb,False
H7BXJ5,,missing_pdb,False
H7BYE5,,missing_pdb,False
H7BYG8,,missing_pdb,False
H7BYK1,,missing_pdb,False
H7BZ09,,missing_pdb,False
H7BZ97,,missing_pdb,False
H7BZF0,,missing_pdb,False
H7BZF8,,missing_pdb,False
H7BZK5,,missing_pdb,False
H7BZK9,,missing_pdb,False
H7BZU1,,missing_pdb,False
H7BZW7,,missing_pdb,False
H7C055,,missing_pdb,False
H7C068,,missing_pdb,False
H7C069,,missing_pdb,False
H7C085,,missing_pdb,False
H7C086,,missing_pdb,False
H7C094,,missing_pdb,False
H7C099,,missing_pdb,False
H7C0D0,,missing_pdb,False
H7C0D6,,missing_pdb,False
H7C0D9,,missing_pdb,False
H7C0G1,,missing_pdb,False
H7C0M1,,missing_pdb,False
H7C0N4,,missing_pdb,False
H7C0P9,,missing_pdb,False
H7C0V2,,missing_pdb,False
H7C0V6,,missing_pdb,False
H7C118,,missing_pdb,False
H7C123,,missing_pdb,False
H7C134,,missing_pdb,False
H7C1B7,,missing_pdb,False
H7C1D4,,missing_pdb,False
H7C1J2,,missing_pdb,False
H7C1L0,,missing_pdb,False
H7C1L9,,missing_pdb,False
H7C1P0,,missing_pdb,False
H7C1Q9,,missing_pdb,False
H7C1R0,,missing_pdb,False
H7C1S8,,missing_pdb,False
H7C1U0,,missing_pdb,False
H7C1W9,,missing_pdb,False
H7C1Y7,,missing_pdb,False
H7C2A1,,missing_pdb,False
H7C2C5,,missing_pdb,False
H7C2C6,,missing_pdb,False
H7C2E6,,missing_pdb,False
H7C2K4,,missing_pdb,False
H7C2M7,,missing_pdb,False
H7C2M9,,missing_pdb,False
H7C2N1,,missing_pdb,False
H7C2Q3,,missing_pdb,False
H7C2Q8,,missing_pdb,False
H7C2Q9,,missing_pdb,False
H7C2S9,,missing_pdb,False
H7C2Y0,,missing_pdb,False
H7C2Y7,,missing_pdb,False
H7C319,,missing_pdb,False
H7C330,,missing_pdb,False
H7C331,,missing_pdb,False
H7C366,,missing_pdb,False
H7C367,,missing_pdb,False
H7C393,,missing_pdb,False
H7C399,,missing_pdb,False
H7C3B2,,missing_pdb,False
H7C3C4,,missing_pdb,False
H7C3G6,,missing_pdb,False
H7C3I2,,missing_pdb,False
H7C3L5,,missing_pdb,False
H7C3N6,,missing_pdb,False
H7C3P6,,missing_pdb,False
H7C3Q2,,missing_pdb,False
H7C3T6,,missing_pdb,False
H7C3X0,,missing_pdb,False
H7C443,,missing_pdb,False
H7C4A9,,missing_pdb,False
H7C4C8,,missing_pdb,False
H7C4F0,,missing_pdb,False
H7C4F7,,missing_pdb,False
H7C4G5,,missing_pdb,False
H7C4H7,,missing_pdb,False
H7C4K3,,missing_pdb,False
H7C5H5,,missing_pdb,False
H7C5Q2,,missing_pdb,False
H8F4P0,,missing_pdb,False
H9KVE0,,missing_pdb,False
I0DHK3,,missing_pdb,False
I1E4Y6,,missing_pdb,False
I3L0W5,,missing_pdb,False
I3L192,,missing_pdb,False
I3L1D0,,missing_pdb,False
I3L1J4,,missing_pdb,False
I3L2T0,,missing_pdb,False
I3L399,,missing_pdb,False
I3L3R2,,missing_pdb,False
I3L3T1,,missing_pdb,False
I3L3U6,,missing_pdb,False
I3L3Z1,,missing_pdb,False
I3L3Z8,,missing_pdb,False
I3L404,,missing_pdb,False
I3L443,,missing_pdb,False
I3L445,,missing_pdb,False
I3L4G3,,missing_pdb,False
I3L4U6,,missing_pdb,False
I3L5D4,,missing_pdb,False
I3L6X7,,missing_pdb,False
I3L786,,missing_pdb,False
I3L9C0,,missing_pdb,False
I3L9C8,,missing_pdb,False
I3LAE8,,missing_pdb,False
I3LAH9,,missing_pdb,False
I3LD43,,missing_pdb,False
I3LDH3,,missing_pdb,False
I3LE30,,missing_pdb,False
I3LG34,,missing_pdb,False
I3LG86,,missing_pdb,False
I3LGD6,,missing_pdb,False
I3LGG4,,missing_pdb,False
I3LGK2,,missing_pdb,False
I3LHK5,,missing_pdb,False
I3LHP2,,missing_pdb,False
I3LHS5,,missing_pdb,False
I3LII3,,missing_pdb,False
I3LIQ5,,missing_pdb,False
I3LJC4,,missing_pdb,False
I3LM15,,missing_pdb,False
I3LP11,,missing_pdb,False
I3LQ79,,missing_pdb,False
I3LQP7,,missing_pdb,False
I3LR30,,missing_pdb,False
I6LPK7,,missing_pdb,False
I7HPB3,,missing_pdb,False
I7HPW4,,missing_pdb,False
J3KP15,,missing_pdb,False
J3KP30,,missing_pdb,False
J3KPD9,,missing_pdb,False
J3KPZ4,,missing_pdb,False
J3KQE5,,missing_pdb,False
J3KRC0,,missing_pdb,False
J3KRG7,,missing_pdb,False
J3KRK3,,missing_pdb,False
J3KRR8,,missing_pdb,False
J3KRX2,,missing_pdb,False
J3KSA0,,missing_pdb,False
J3KSJ0,,missing_pdb,False
J3KSK1,,missing_pdb,False
J3KSN7,,missing_pdb,False
J3KSV6,,missing_pdb,False
J3KT51,,missing_pdb,False
J3KT65,,missing_pdb,False
J3KTD1,,missing_pdb,False
J3KTD8,,missing_pdb,False
J3QKT2,,missing_pdb,False
J3QKU3,,missing_pdb,False
J3QLE5,,missing_pdb,False
J3QLN6,,missing_pdb,False
J3QM92,,missing_pdb,False
J3QQN1,,missing_pdb,False
J3QRL2,,missing_pdb,False
J3QRM1,,missing_pdb,False
J3QRP6,,missing_pdb,False
J3QRS3,,missing_pdb,False
J3QS96,,missing_pdb,False
J3QT29,,missing_pdb,False
J3QT51,,missing_pdb,False
J9JIF5,,missing_pdb,False
K3W4Q8,,missing_pdb,False
K7EIL6,,missing_pdb,False
K7EIP7,,missing_pdb,False
K7EIV7,,missing_pdb,False
K7EIW5,,missing_pdb,False
K7EJ20,,missing_pdb,False
K7EJH3,,missing_pdb,False
K7EJP0,,missing_pdb,False
K7EJV9,,missing_pdb,False
K7EK69,,missing_pdb,False
K7EK70,,missing_pdb,False
K7EKG4,,missing_pdb,False
K7EKI4,,missing_pdb,False
K7EL02,,missing_pdb,False
K7EL40,,missing_pdb,False
K7EL49,,missing_pdb,False
K7ELP0,,missing_pdb,False
K7ELV2,,missing_pdb,False
K7ELV5,,missing_pdb,False
K7ELX0,,missing_pdb,False
K7EM18,,missing_pdb,False
K7EMA7,,missing_pdb,False
K7EMW6,,missing_pdb,False
K7EMZ6,,missing_pdb,False
K7EN69,,missing_pdb,False
K7ENG0,,missing_pdb,False
K7ENL1,,missing_pdb,False
K7EP75,,missing_pdb,False
K7EPF6,,missing_pdb,False
K7EPJ9,,missing_pdb,False
K7EQ23,,missing_pdb,False
K7EQB9,,missing_pdb,False
K7EQG2,,missing_pdb,False
K7EQH4,,missing_pdb,False
K7ER33,,missing_pdb,False
K7ER69,,missing_pdb,False
K7ERG4,,missing_pdb,False
K7ERI7,,missing_pdb,False
K7ERP6,,missing_pdb,False
K7ES10,,missing_pdb,False
K7ES46,,missing_pdb,False
K7ESL0,,missing_pdb,False
K7ESM7,,missing_pdb,False
K7GKA4,,missing_pdb,False
K7GLS3,,missing_pdb,False
K7GNZ3,,missing_pdb,False
K7GQV6,,missing_pdb,False
K7GRN9,,missing_pdb,False
K7GS06,,missing_pdb,False
K7GSY4,,missing_pdb,False
L0MLL1,,missing_pdb,False
L0N7N1,,missing_pdb,False
L7N2B4,,missing_pdb,False
L7N451,,missing_pdb,False
M0QW57,,missing_pdb,False
M0QX88,,missing_pdb,False
M0QXA2,,missing_pdb,False
M0QXB4,,missing_pdb,False
M0QXE6,,missing_pdb,False
M0QXM4,,missing_pdb,False
M0QY01,,missing_pdb,False
M0QY43,,missing_pdb,False
M0QYC1,,missing_pdb,False
M0QYF1,,missing_pdb,False
M0QYL3,,missing_pdb,False
M0QYQ7,,missing_pdb,False
M0QYS1,,missing_pdb,False
M0QYS3,,missing_pdb,False
M0QYT0,,missing_pdb,False
M0QZP4,,missing_pdb,False
M0R0P7,,missing_pdb,False
M0R0U3,,missing_pdb,False
M0R0V2,,missing_pdb,False
M0R181,,missing_pdb,False
M0R1A5,,missing_pdb,False
M0R1V7,,missing_pdb,False
M0R2A0,,missing_pdb,False
M0R2B7,,missing_pdb,False
M0R2J8,,missing_pdb,False
M0R557,,missing_pdb,False
M0R5H1,,missing_pdb,False
M0R5U4,,missing_pdb,False
M0R5Y4,,missing_pdb,False
M0R6E0,,missing_pdb,False
M0R7U1,,missing_pdb,False
M0R7V5,,missing_pdb,False
M0RC58,,missing_pdb,False
M0RCF7,,missing_pdb,False
M0RD54,,missing_pdb,False
M9MRJ4,,missing_pdb,False
M9MRJ8,,missing_pdb,False
M9MRN1,,missing_pdb,False
M9MRR7,,missing_pdb,False
M9MS15,,missing_pdb,False
M9MS26,,missing_pdb,False
M9MS72,,missing_pdb,False
M9MSE8,,missing_pdb,False
M9MSQ1,,missing_pdb,False
M9NCY7,,missing_pdb,False
M9NDA6,,missing_pdb,False
M9NDC9,,missing_pdb,False
M9NDG7,,missing_pdb,False
M9NDL7,,missing_pdb,False
M9NDW1,,missing_pdb,False
M9NE07,,missing_pdb,False
M9NE33,,missing_pdb,False
M9NE68,,missing_pdb,False
M9NED8,,missing_pdb,False
M9NEE8,,missing_pdb,False
M9NEL3,,missing_pdb,False
M9NEQ5,,missing_pdb,False
M9NES5,,missing_pdb,False
M9NEV0,,missing_pdb,False
M9NEW1,,missing_pdb,False
M9NF33,,missing_pdb,False
M9NFA7,,missing_pdb,False
M9NFD1,,missing_pdb,False
M9NFP2,,missing_pdb,False
M9NFP7,,missing_pdb,False
M9NFR5,,missing_pdb,False
M9NG39,,missing_pdb,False
M9NGQ9,,missing_pdb,False
M9NH51,,missing_pdb,False
M9NHB6,,missing_pdb,False
M9PAY6,,missing_pdb,False
M9PB68,,missing_pdb,False
M9PBH8,,missing_pdb,False
M9PBJ2,,missing_pdb,False
M9PBM2,,missing_pdb,False
M9PBM4,,missing_pdb,False
M9PBP5,,missing_pdb,False
M9PBQ4,,missing_pdb,False
M9PBZ9,,missing_pdb,False
M9PC85,,missing_pdb,False
M9PCJ8,,missing_pdb,False
M9PCL4,,missing_pdb,False
M9PCQ8,,missing_pdb,False
M9PD01,,missing_pdb,False
M9PD50,,missing_pdb,False
M9PD65,,missing_pdb,False
M9PD73,,missing_pdb,False
M9PDD4,,missing_pdb,False
M9PDJ6,,missing_pdb,False
M9PDK4,,missing_pdb,False
M9PDP5,,missing_pdb,False
M9PDQ2,,missing_pdb,False
M9PDR2,,missing_pdb,False
M9PDU3,,missing_pdb,False
M9PDW9,,missing_pdb,False
M9PDZ5,,missing_pdb,False
M9PE30,,missing_pdb,False
M9PE73,,missing_pdb,False
M9PE74,,missing_pdb,False
M9PEA1,,missing_pdb,False
M9PEB1,,missing_pdb,False
M9PEC1,,missing_pdb,False
M9PEJ8,,missing_pdb,False
M9PEL3,,missing_pdb,False
M9PEL7,,missing_pdb,False
M9PER1,,missing_pdb,False
M9PEV2,,missing_pdb,False
M9PEW8,,missing_pdb,False
M9PEX7,,missing_pdb,False
M9PEZ2,,missing_pdb,False
M9PF31,,missing_pdb,False
M9PF40,,missing_pdb,False
M9PF85,,missing_pdb,False
M9PF91,,missing_pdb,False
M9PFB5,,missing_pdb,False
M9PFE5,,missing_pdb,False
M9PFG7,,missing_pdb,False
M9PFL9,,missing_pdb,False
M9PFM9,,missing_pdb,False
M9PFN0,,missing_pdb,False
M9PFP4,,missing_pdb,False
M9PFQ2,,missing_pdb,False
M9PFR0,,missing_pdb,False
M9PFS7,,missing_pdb,False
M9PFW0,,missing_pdb,False
M9PFW8,,missing_pdb,False
M9PFX0,,missing_pdb,False
M9PG55,,missing_pdb,False
M9PG70,,missing_pdb,False
M9PG81,,missing_pdb,False
M9PG83,,missing_pdb,False
M9PGA6,,missing_pdb,False
M9PGB6,,missing_pdb,False
M9PGB7,,missing_pdb,False
M9PGB8,,missing_pdb,False
M9PGD7,,missing_pdb,False
M9PGF7,,missing_pdb,False
M9PGG4,,missing_pdb,False
M9PGG8,,missing_pdb,False
M9PGK0,,missing_pdb,False
M9PGW9,,missing_pdb,False
M9PHD2,,missing_pdb,False
M9PHG0,,missing_pdb,False
M9PHJ6,,missing_pdb,False
M9PHL0,,missing_pdb,False
M9PHL6,,missing_pdb,False
M9PHN8,,missing_pdb,False
M9PHZ8,,missing_pdb,False
M9PI73,,missing_pdb,False
M9PI74,,missing_pdb,False
M9PI81,,missing_pdb,False
M9PID3,,missing_pdb,False
M9PIL6,,missing_pdb,False
M9PIV2,,missing_pdb,False
M9PJC7,,missing_pdb,False
M9PJI4,,missing_pdb,False
N0D8I3,,missing_pdb,False
O00115,,missing_pdb,False
O00148-2,,missing_pdb,False
O00154-3,,missing_pdb,False
O00161-2,,missing_pdb,False
O00167,,missing_pdb,False
O00178,,missing_pdb,False
O00180,,missing_pdb,False
O00193,/data/ranran/my_ptm/croton/data/structure_pipeline/pdb/O00193.pdb,exact_sequence_match,True
O00214-2,,missing_pdb,False
O00219,,missing_pdb,False
O00220,/data/ranran/my_ptm/croton/data/structure_pipeline/pdb/O00220.pdb,exact_sequence_match,True
O00221,,missing_pdb,False
O00233,/data/ranran/my_ptm/croton/data/structure_pipeline/pdb/O00233.pdb,exact_sequence_match,True
O00237,,missing_pdb,False
O00241,,missing_pdb,False
O00254,,missing_pdb,False
O00255,,missing_pdb,False
O00257,,missing_pdb,False
O00258,,missing_pdb,False
O00264,,missing_pdb,False
O00267,/data/ranran/my_ptm/croton/data/structure_pipeline/pdb/O00267.pdb,exact_sequence_match,True
O00268,,missing_pdb,False
O00273,,missing_pdb,False
O00287,,missing_pdb,False
O00294,,missing_pdb,False
O00311,,missing_pdb,False
O00321,,missing_pdb,False
O00327,,missing_pdb,False
O00330,/data/ranran/my_ptm/croton/data/structure_pipeline/pdb/O00330.pdb,exact_sequence_match,True
O00391,,missing_pdb,False
O00399,/data/ranran/my_ptm/croton/data/structure_pipeline/pdb/O00399.pdb,exact_sequence_match,True
O00401,/data/ranran/my_ptm/croton/data/structure_pipeline/pdb/O00401.pdb,exact_sequence_match,True
O00408,,missing_pdb,False
O00409,,missing_pdb,False
O00411,/data/ranran/my_ptm/croton/data/structure_pipeline/pdb/O00411.pdb,exact_sequence_match,True
O00418,,missing_pdb,False
O00442-2,,missing_pdb,False
O00444,,missing_pdb,False
O00459,/data/ranran/my_ptm/croton/data/structure_pipeline/pdb/O00459.pdb,exact_sequence_match,True
O00461,/data/ranran/my_ptm/croton/data/structure_pipeline/pdb/O00461.pdb,exact_sequence_match,True
O00462,,missing_pdb,False
O00468,,missing_pdb,False
O00469-2,,missing_pdb,False
O00470,,missing_pdb,False
O00471,/data/ranran/my_ptm/croton/data/structure_pipeline/pdb/O00471.pdb,exact_sequence_match,True
O00472,,missing_pdb,False
O00478,,missing_pdb,False
O00481-2,,missing_pdb,False
O00488,,missing_pdb,False
O00522,,missing_pdb,False
O00526,,missing_pdb,False
O00555,,missing_pdb,False
O00559,,missing_pdb,False
O00566,/data/ranran/my_ptm/croton/data/structure_pipeline/pdb/O00566.pdb,exact_sequence_match,True
O00567,/data/ranran/my_ptm/croton/data/structure_pipeline/pdb/O00567.pdb,exact_sequence_match,True
O00587,,missing_pdb,False
O00592,/data/ranran/my_ptm/croton/data/structure_pipeline/pdb/O00592.pdb,exact_sequence_match,True
O00622,,missing_pdb,False
O00623,,missing_pdb,False
O00712,,missing_pdb,False
O00716,,missing_pdb,False
O00744,,missing_pdb,False
O00754,,missing_pdb,False
O00763,/data/ranran/my_ptm/croton/data/structure_pipeline/pdb/O00763.pdb,exact_sequence_match,True
O00767,/data/ranran/my_ptm/croton/data/structure_pipeline/pdb/O00767.pdb,exact_sequence_match,True
O02002,,missing_pdb,False
O02193,,missing_pdb,False
O04251,,missing_pdb,False
O04326,,missing_pdb,False
O04339,,missing_pdb,False
O04342,,missing_pdb,False
O04350,,missing_pdb,False
O04373,,missing_pdb,False
O04492,,missing_pdb,False
O04527,,missing_pdb,False
O04539,,missing_pdb,False
O04603,,missing_pdb,False
O04983,,missing_pdb,False
O04985,,missing_pdb,False
O08530,,missing_pdb,False
O08576,,missing_pdb,False
O08586,,missing_pdb,False
O08590,,missing_pdb,False
O08601,,missing_pdb,False
O08609,,missing_pdb,False
O08629,,missing_pdb,False
O08651,,missing_pdb,False
O08663,,missing_pdb,False
O08677,,missing_pdb,False
O08705,,missing_pdb,False
O08709,,missing_pdb,False
O08734,,missing_pdb,False
O08746,,missing_pdb,False
O08756,,missing_pdb,False
O08785,,missing_pdb,False
O08788,,missing_pdb,False
O08807,,missing_pdb,False
O08848,,missing_pdb,False
O08875,,missing_pdb,False
O08914,,missing_pdb,False
O09005,,missing_pdb,False
O09117,,missing_pdb,False
O09161,,missing_pdb,False
O09164,,missing_pdb,False
O09172,,missing_pdb,False
O09173,,missing_pdb,False
O13297,,missing_pdb,False
O13525,,missing_pdb,False
O13527,,missing_pdb,False
O13535,,missing_pdb,False
O13547,,missing_pdb,False
O13556,,missing_pdb,False
O13559,,missing_pdb,False
O13563,,missing_pdb,False
O13585,,missing_pdb,False
O13648,,missing_pdb,False
O13735,,missing_pdb,False
O13747,,missing_pdb,False
O13794,,missing_pdb,False
O13795,,missing_pdb,False
O13820,,missing_pdb,False
O13821,,missing_pdb,False
O13849,,missing_pdb,False
O13880,,missing_pdb,False
O13987,,missing_pdb,False
O14014,,missing_pdb,False
O14019,,missing_pdb,False
O14032,,missing_pdb,False
O14040,,missing_pdb,False
O14062,,missing_pdb,False
O14065,,missing_pdb,False
O14081,,missing_pdb,False
O14105,,missing_pdb,False
O14195,,missing_pdb,False
O14222,,missing_pdb,False
O14248,,missing_pdb,False
O14297,,missing_pdb,False
O14319,,missing_pdb,False
O14339,,missing_pdb,False
O14450,,missing_pdb,False
O14468,,missing_pdb,False
O14508,,missing_pdb,False
O14523,,missing_pdb,False
O14524,,missing_pdb,False
O14526,,missing_pdb,False
O14530,/data/ranran/my_ptm/croton/data/structure_pipeline/pdb/O14530.pdb,exact_sequence_match,True
O14543,,missing_pdb,False
O14544,,missing_pdb,False
O14545,/data/ranran/my_ptm/croton/data/structure_pipeline/pdb/O14545.pdb,exact_sequence_match,True
O14548,/data/ranran/my_ptm/croton/data/structure_pipeline/pdb/O14548.pdb,exact_sequence_match,True
O14561,/data/ranran/my_ptm/croton/data/structure_pipeline/pdb/O14561.pdb,exact_sequence_match,True
O14569,,missing_pdb,False
O14576,,missing_pdb,False
O14578-2,,missing_pdb,False
O14593,,missing_pdb,False
O14595,,missing_pdb,False
O14617-5,,missing_pdb,False
O14618,,missing_pdb,False
O14641,,missing_pdb,False
O14647,/data/ranran/my_ptm/croton/data/structure_pipeline/pdb/O14647.pdb,exact_sequence_match,True
O14654,,missing_pdb,False
O14668,,missing_pdb,False
O14678,,missing_pdb,False
O14681,,missing_pdb,False
O14682,,missing_pdb,False
O14683,,missing_pdb,False
O14713,,missing_pdb,False
O14715,,missing_pdb,False
O14717,,missing_pdb,False
O14727,/data/ranran/my_ptm/croton/data/structure_pipeline/pdb/O14727.pdb,exact_sequence_match,True
O14727-6,,missing_pdb,False
O14732,,missing_pdb,False
O14733-4,,missing_pdb,False
O14734,,missing_pdb,False
O14737-2,,missing_pdb,False
O14745,/data/ranran/my_ptm/croton/data/structure_pipeline/pdb/O14745.pdb,exact_sequence_match,True
O14772,,missing_pdb,False
O14773,,missing_pdb,False
O14777,/data/ranran/my_ptm/croton/data/structure_pipeline/pdb/O14777.pdb,exact_sequence_match,True
O14786,,missing_pdb,False
O14786-2,,missing_pdb,False
O14792,,missing_pdb,False
O14830,,missing_pdb,False
O14832,,missing_pdb,False
O14835,,missing_pdb,False
O14836,,missing_pdb,False
O14862,,missing_pdb,False
O14863,,missing_pdb,False
O14874,/data/ranran/my_ptm/croton/data/structure_pipeline/pdb/O14874.pdb,exact_sequence_match,True
O14879,,missing_pdb,False
O14893,,missing_pdb,False
O14901,,missing_pdb,False
O14907,/data/ranran/my_ptm/croton/data/structure_pipeline/pdb/O14907.pdb,exact_sequence_match,True
O14908,/data/ranran/my_ptm/croton/data/structure_pipeline/pdb/O14908.pdb,exact_sequence_match,True
O14910,,missing_pdb,False
O14921,,missing_pdb,False
O14924,,missing_pdb,False
O14925,/data/ranran/my_ptm/croton/data/structure_pipeline/pdb/O14925.pdb,exact_sequence_match,True
O14929,/data/ranran/my_ptm/croton/data/structure_pipeline/pdb/O14929.pdb;/data/ranran/my_ptm/croton/data/structure_pipeline/pdb/AF-O14929-F1-model_v6.pdb,sequence_mismatch,False
O14933,,missing_pdb,False
O14936,/data/ranran/my_ptm/croton/data/structure_pipeline/pdb/O14936.pdb,exact_sequence_match,True
O14957,,missing_pdb,False
O14964,/data/ranran/my_ptm/croton/data/structure_pipeline/pdb/O14964.pdb,exact_sequence_match,True
O14972,,missing_pdb,False
O14976,,missing_pdb,False
O14979,/data/ranran/my_ptm/croton/data/structure_pipeline/pdb/O14979.pdb,exact_sequence_match,True
O15013,,missing_pdb,False
O15015,,missing_pdb,False
O15016,,missing_pdb,False
O15018,,missing_pdb,False
O15021,,missing_pdb,False
O15027-5,,missing_pdb,False
O15033,,missing_pdb,False
O15034,,missing_pdb,False
O15037,,missing_pdb,False
O15040,,missing_pdb,False
O15042,/data/ranran/my_ptm/croton/data/structure_pipeline/pdb/O15042.pdb,exact_sequence_match,True
O15042-3,,missing_pdb,False
O15049,,missing_pdb,False
O15054,,missing_pdb,False
O15060,,missing_pdb,False
O15061,/data/ranran/my_ptm/croton/data/structure_pipeline/pdb/O15061.pdb;/data/ranran/my_ptm/croton/data/structure_pipeline/pdb/AF-O15061-F1-model_v6.pdb,sequence_mismatch,False
O15062,,missing_pdb,False
O15063,,missing_pdb,False
O15068,,missing_pdb,False
O15069,,missing_pdb,False
O15091,/data/ranran/my_ptm/croton/data/structure_pipeline/pdb/O15091.pdb,exact_sequence_match,True
O15117,,missing_pdb,False
O15119,,missing_pdb,False
O15126-2,,missing_pdb,False
O15155,,missing_pdb,False
O15160,/data/ranran/my_ptm/croton/data/structure_pipeline/pdb/O15160.pdb,exact_sequence_match,True
O15165,,missing_pdb,False
O15169,,missing_pdb,False
O15173,/data/ranran/my_ptm/croton/data/structure_pipeline/pdb/O15173.pdb,exact_sequence_match,True
O15205,,missing_pdb,False
O15211,,missing_pdb,False
O15212,/data/ranran/my_ptm/croton/data/structure_pipeline/pdb/O15212.pdb,exact_sequence_match,True
O15213,/data/ranran/my_ptm/croton/data/structure_pipeline/pdb/O15213.pdb,exact_sequence_match,True
O15226,/data/ranran/my_ptm/croton/data/structure_pipeline/pdb/O15226.pdb,exact_sequence_match,True
O15228,,missing_pdb,False
O15231,,missing_pdb,False
O15234,,missing_pdb,False
O15235,,missing_pdb,False
O15240,,missing_pdb,False
O15254,,missing_pdb,False
O15259,,missing_pdb,False
O15265,,missing_pdb,False
O15266,,missing_pdb,False
O15287,,missing_pdb,False
O15297,,missing_pdb,False
O15304,,missing_pdb,False
O15315,,missing_pdb,False
O15318,,missing_pdb,False
O15344-2,,missing_pdb,False
O15350-2,,missing_pdb,False
O15353,,missing_pdb,False
O15357,/data/ranran/my_ptm/croton/data/structure_pipeline/pdb/O15357.pdb,exact_sequence_match,True
O15360,,missing_pdb,False
O15370,,missing_pdb,False
O15375,,missing_pdb,False
O15399,,missing_pdb,False
O15409,,missing_pdb,False
O15417,,missing_pdb,False
O15428,,missing_pdb,False
O15431,,missing_pdb,False
O15446,,missing_pdb,False
O15466,,missing_pdb,False
O15488,,missing_pdb,False
O15492,,missing_pdb,False
O15503,,missing_pdb,False
O15504,,missing_pdb,False
O15514,,missing_pdb,False
O15519,,missing_pdb,False
O15519-10,,missing_pdb,False
O15527,,missing_pdb,False
O15530-4,,missing_pdb,False
O15533-3,,missing_pdb,False
O15534,,missing_pdb,False
O15541,/data/ranran/my_ptm/croton/data/structure_pipeline/pdb/O15541.pdb,exact_sequence_match,True
O15550,,missing_pdb,False
O15554,/data/ranran/my_ptm/croton/data/structure_pipeline/pdb/O15554.pdb,exact_sequence_match,True
O16043,,missing_pdb,False
O16797,,missing_pdb,False
O16810,,missing_pdb,False
O17432,,missing_pdb,False
O18353,,missing_pdb,False
O18405,,missing_pdb,False
O22042,,missing_pdb,False
O22048,,missing_pdb,False
O22160,,missing_pdb,False
O22165,,missing_pdb,False
O22263,,missing_pdb,False
O22315,,missing_pdb,False
O22768,,missing_pdb,False
O22831,,missing_pdb,False
O22845,,missing_pdb,False
O22892,,missing_pdb,False
O22942,,missing_pdb,False
O22947,,missing_pdb,False
O23049,,missing_pdb,False
O23129,,missing_pdb,False
O23138,,missing_pdb,False
O23157,,missing_pdb,False
O23177,,missing_pdb,False
O23193,,missing_pdb,False
O23273,,missing_pdb,False
O23404,,missing_pdb,False
O23522,,missing_pdb,False
O23530,,missing_pdb,False
O23695,,missing_pdb,False
O24457,,missing_pdb,False
O24646,,missing_pdb,False
O35049,,missing_pdb,False
O35066,,missing_pdb,False
O35078,,missing_pdb,False
O35095,,missing_pdb,False
O35116,,missing_pdb,False
O35127,,missing_pdb,False
O35188,,missing_pdb,False
O35215,,missing_pdb,False
O35218,,missing_pdb,False
O35239,,missing_pdb,False
O35309,,missing_pdb,False
O35370,,missing_pdb,False
O35382,,missing_pdb,False
O35387,,missing_pdb,False
O35400,,missing_pdb,False
O35423,,missing_pdb,False
O35425,,missing_pdb,False
O35452,,missing_pdb,False
O35453,,missing_pdb,False
O35490,,missing_pdb,False
O35550,,missing_pdb,False
O35566,,missing_pdb,False
O35598,,missing_pdb,False
O35607,,missing_pdb,False
O35609,,missing_pdb,False
O35633,,missing_pdb,False
O35646,,missing_pdb,False
O35668,,missing_pdb,False
O35678,,missing_pdb,False
O35682,,missing_pdb,False
O35730,,missing_pdb,False
O35745,,missing_pdb,False
O35764,,missing_pdb,False
O35786,,missing_pdb,False
O35831,,missing_pdb,False
O35874,,missing_pdb,False
O35927,,missing_pdb,False
O35969,,missing_pdb,False
O42831,,missing_pdb,False
O42844,,missing_pdb,False
O42869,,missing_pdb,False
O42898,,missing_pdb,False
O42933,,missing_pdb,False
O43019,,missing_pdb,False
O43040,,missing_pdb,False
O43125,,missing_pdb,False
O43137,,missing_pdb,False
O43147,,missing_pdb,False
O43148-2,,missing_pdb,False
O43151,,missing_pdb,False
O43156,/data/ranran/my_ptm/croton/data/structure_pipeline/pdb/O43156.pdb,exact_sequence_match,True
O43157,,missing_pdb,False
O43159,,missing_pdb,False
O43166,,missing_pdb,False
O43167,,missing_pdb,False
O43169,,missing_pdb,False
O43172,/data/ranran/my_ptm/croton/data/structure_pipeline/pdb/O43172.pdb,exact_sequence_match,True
O43187,,missing_pdb,False
O43196-3,,missing_pdb,False
O43236,,missing_pdb,False
O43251-7,,missing_pdb,False
O43255,,missing_pdb,False
O43257,,missing_pdb,False
O43264,/data/ranran/my_ptm/croton/data/structure_pipeline/pdb/O43264.pdb,exact_sequence_match,True
O43272,,missing_pdb,False
O43278,,missing_pdb,False
O43283,,missing_pdb,False
O43286,,missing_pdb,False
O43291,,missing_pdb,False
O43294,,missing_pdb,False
O43295,,missing_pdb,False
O43299,,missing_pdb,False
O43299-2,,missing_pdb,False
O43299-3,,missing_pdb,False
O43303,,missing_pdb,False
O43307,,missing_pdb,False
O43309,/data/ranran/my_ptm/croton/data/structure_pipeline/pdb/O43309.pdb;/data/ranran/my_ptm/croton/data/structure_pipeline/pdb/AF-O43309-F1-model_v6.pdb,sequence_mismatch,False
O43313,,missing_pdb,False
O43324,/data/ranran/my_ptm/croton/data/structure_pipeline/pdb/O43324.pdb,exact_sequence_match,True
O43324-2,,missing_pdb,False
O43347,/data/ranran/my_ptm/croton/data/structure_pipeline/pdb/O43347.pdb,exact_sequence_match,True
O43353,/data/ranran/my_ptm/croton/data/structure_pipeline/pdb/O43353.pdb,exact_sequence_match,True
O43379,,missing_pdb,False
O43390-2,,missing_pdb,False
O43395,/data/ranran/my_ptm/croton/data/structure_pipeline/pdb/O43395.pdb,exact_sequence_match,True
O43396,/data/ranran/my_ptm/croton/data/structure_pipeline/pdb/O43396.pdb,exact_sequence_match,True
O43402,,missing_pdb,False
O43414,,missing_pdb,False
O43414-3,,missing_pdb,False
O43422,,missing_pdb,False
O43427,/data/ranran/my_ptm/croton/data/structure_pipeline/pdb/O43427.pdb,exact_sequence_match,True
O43435,,missing_pdb,False
O43451,,missing_pdb,False
O43462,,missing_pdb,False
O43463,,missing_pdb,False
O43464,,missing_pdb,False
O43474,,missing_pdb,False
O43482,,missing_pdb,False
O43493,,missing_pdb,False
O43502,,missing_pdb,False
O43505,/data/ranran/my_ptm/croton/data/structure_pipeline/pdb/O43505.pdb,exact_sequence_match,True
O43506,,missing_pdb,False
O43513,/data/ranran/my_ptm/croton/data/structure_pipeline/pdb/O43513.pdb,exact_sequence_match,True
O43529,,missing_pdb,False
O43541,,missing_pdb,False
O43542,,missing_pdb,False
O43543,,missing_pdb,False
O43556,,missing_pdb,False
O43561,,missing_pdb,False
O43566,,missing_pdb,False
O43570,,missing_pdb,False
O43572,,missing_pdb,False
O43583,/data/ranran/my_ptm/croton/data/structure_pipeline/pdb/O43583.pdb,exact_sequence_match,True
O43586,,missing_pdb,False
O43593,,missing_pdb,False
O43598,/data/ranran/my_ptm/croton/data/structure_pipeline/pdb/O43598.pdb,exact_sequence_match,True
O43609,,missing_pdb,False
O43615,/data/ranran/my_ptm/croton/data/structure_pipeline/pdb/O43615.pdb,exact_sequence_match,True
O43623,,missing_pdb,False
O43660,/data/ranran/my_ptm/croton/data/structure_pipeline/pdb/O43660.pdb,exact_sequence_match,True
O43663,/data/ranran/my_ptm/croton/data/structure_pipeline/pdb/O43663.pdb,exact_sequence_match,True
O43674,/data/ranran/my_ptm/croton/data/structure_pipeline/pdb/O43674.pdb,exact_sequence_match,True
O43676,,missing_pdb,False
O43677,/data/ranran/my_ptm/croton/data/structure_pipeline/pdb/O43677.pdb,exact_sequence_match,True
O43678,,missing_pdb,False
O43683,,missing_pdb,False
O43707-2,,missing_pdb,False
O43707-3,,missing_pdb,False
O43709,,missing_pdb,False
O43715,,missing_pdb,False
O43716,/data/ranran/my_ptm/croton/data/structure_pipeline/pdb/O43716.pdb,exact_sequence_match,True
O43739,/data/ranran/my_ptm/croton/data/structure_pipeline/pdb/O43739.pdb,exact_sequence_match,True
O43741,,missing_pdb,False
O43752,/data/ranran/my_ptm/croton/data/structure_pipeline/pdb/O43752.pdb,exact_sequence_match,True
O43768,/data/ranran/my_ptm/croton/data/structure_pipeline/pdb/O43768.pdb,exact_sequence_match,True
O43781,,missing_pdb,False
O43795,/data/ranran/my_ptm/croton/data/structure_pipeline/pdb/O43795.pdb,exact_sequence_match,True
O43805,/data/ranran/my_ptm/croton/data/structure_pipeline/pdb/O43805.pdb,exact_sequence_match,True
O43808,,missing_pdb,False
O43819,,missing_pdb,False
O43822,,missing_pdb,False
O43823,/data/ranran/my_ptm/croton/data/structure_pipeline/pdb/O43823.pdb,exact_sequence_match,True
O43824,,missing_pdb,False
O43826-2,,missing_pdb,False
O43829,,missing_pdb,False
O43837-3,,missing_pdb,False
O43854,,missing_pdb,False
O43868,,missing_pdb,False
O43889,,missing_pdb,False
O43896,/data/ranran/my_ptm/croton/data/structure_pipeline/pdb/O43896.pdb,exact_sequence_match,True
O43900,,missing_pdb,False
O43909,,missing_pdb,False
O43913,/data/ranran/my_ptm/croton/data/structure_pipeline/pdb/O43913.pdb,exact_sequence_match,True
O43920,,missing_pdb,False
O43927,,missing_pdb,False
O43929,,missing_pdb,False
O43930,,missing_pdb,False
O43934,,missing_pdb,False
O44783,,missing_pdb,False
O46050,,missing_pdb,False
O46080,,missing_pdb,False
O46094,,missing_pdb,False
O46231,,missing_pdb,False
O46560,,missing_pdb,False
O48683,,missing_pdb,False
O48713,,missing_pdb,False
O48724,,missing_pdb,False
O48843,,missing_pdb,False
O48850,,missing_pdb,False
O49203,,missing_pdb,False
O49349,,missing_pdb,False
O49471,,missing_pdb,False
O49477,,missing_pdb,False
O49595,,missing_pdb,False
O49627,,missing_pdb,False
O50039,,missing_pdb,False
O50061,,missing_pdb,False
O54724,,missing_pdb,False
O54728,,missing_pdb,False
O54836,,missing_pdb,False
O54852,,missing_pdb,False
O54885,,missing_pdb,False
O54887,,missing_pdb,False
O54897,,missing_pdb,False
O54927,,missing_pdb,False
O54931,,missing_pdb,False
O54941,,missing_pdb,False
O54946,,missing_pdb,False
O54991,,missing_pdb,False
O55005,,missing_pdb,False
O55033,,missing_pdb,False
O55042,,missing_pdb,False
O55074,,missing_pdb,False
O55100,,missing_pdb,False
O55111,,missing_pdb,False
O55166,,missing_pdb,False
O55183,,missing_pdb,False
O55213,,missing_pdb,False
O55236,,missing_pdb,False
O55239,,missing_pdb,False
O59708,,missing_pdb,False
O59711,,missing_pdb,False
O59743,,missing_pdb,False
O59763,,missing_pdb,False
O59778,,missing_pdb,False
O59817,,missing_pdb,False
O60039,,missing_pdb,False
O60068,,missing_pdb,False
O60112,,missing_pdb,False
O60132,,missing_pdb,False
O60154,,missing_pdb,False
O60155,,missing_pdb,False
O60171,,missing_pdb,False
O60187,,missing_pdb,False
O60224,,missing_pdb,False
O60238,,missing_pdb,False
O60241,,missing_pdb,False
O60243,,missing_pdb,False
O60256-4,,missing_pdb,False
O60271-3,,missing_pdb,False
O60281,,missing_pdb,False
O60287,/data/ranran/my_ptm/croton/data/structure_pipeline/pdb/O60287.pdb,exact_sequence_match,True
O60290,,missing_pdb,False
O60293,/data/ranran/my_ptm/croton/data/structure_pipeline/pdb/O60293.pdb,exact_sequence_match,True
O60294,,missing_pdb,False
O60303,,missing_pdb,False
O60306,/data/ranran/my_ptm/croton/data/structure_pipeline/pdb/O60306.pdb,exact_sequence_match,True
O60307,,missing_pdb,False
O60308,,missing_pdb,False
O60313-10,,missing_pdb,False
O60318,,missing_pdb,False
O60333-4,,missing_pdb,False
O60337,,missing_pdb,False
O60341-2,,missing_pdb,False
O60343,/data/ranran/my_ptm/croton/data/structure_pipeline/pdb/O60343.pdb,exact_sequence_match,True
O60346,,missing_pdb,False
O60353,,missing_pdb,False
O60381,,missing_pdb,False
O60397,,missing_pdb,False
O60447,,missing_pdb,False
O60487,,missing_pdb,False
O60493-2,,missing_pdb,False
O60493-3,,missing_pdb,False
O60502,/data/ranran/my_ptm/croton/data/structure_pipeline/pdb/O60502.pdb,exact_sequence_match,True
O60502-3,,missing_pdb,False
O60504,,missing_pdb,False
O60508,,missing_pdb,False
O60512,,missing_pdb,False
O60565,,missing_pdb,False
O60566,/data/ranran/my_ptm/croton/data/structure_pipeline/pdb/O60566.pdb,exact_sequence_match,True
O60573,,missing_pdb,False
O60583,,missing_pdb,False
O60610,/data/ranran/my_ptm/croton/data/structure_pipeline/pdb/O60610.pdb,exact_sequence_match,True
O60613,,missing_pdb,False
O60635,,missing_pdb,False
O60637,,missing_pdb,False
O60671,,missing_pdb,False
O60673,,missing_pdb,False
O60682,,missing_pdb,False
O60683,,missing_pdb,False
O60701,/data/ranran/my_ptm/croton/data/structure_pipeline/pdb/O60701.pdb,exact_sequence_match,True
O60704,,missing_pdb,False
O60716-26,,missing_pdb,False
O60725,,missing_pdb,False
O60732,,missing_pdb,False
O60763,/data/ranran/my_ptm/croton/data/structure_pipeline/pdb/O60763.pdb,exact_sequence_match,True
O60779,,missing_pdb,False
O60783,,missing_pdb,False
O60806,,missing_pdb,False
O60826,/data/ranran/my_ptm/croton/data/structure_pipeline/pdb/O60826.pdb,exact_sequence_match,True
O60828,/data/ranran/my_ptm/croton/data/structure_pipeline/pdb/O60828.pdb,exact_sequence_match,True
O60830,,missing_pdb,False
O60841,/data/ranran/my_ptm/croton/data/structure_pipeline/pdb/O60841.pdb,exact_sequence_match,True
O60858,,missing_pdb,False
O60861,,missing_pdb,False
O60869,/data/ranran/my_ptm/croton/data/structure_pipeline/pdb/O60869.pdb,exact_sequence_match,True
O60870,/data/ranran/my_ptm/croton/data/structure_pipeline/pdb/O60870.pdb,exact_sequence_match,True
O60880,,missing_pdb,False
O60888,/data/ranran/my_ptm/croton/data/structure_pipeline/pdb/O60888.pdb,exact_sequence_match,True
O60890,,missing_pdb,False
O60907,,missing_pdb,False
O60921,/data/ranran/my_ptm/croton/data/structure_pipeline/pdb/O60921.pdb,exact_sequence_match,True
O60927,,missing_pdb,False
O60930,,missing_pdb,False
O60931,,missing_pdb,False
O60934,/data/ranran/my_ptm/croton/data/structure_pipeline/pdb/O60934.pdb,exact_sequence_match,True
O60942-3,,missing_pdb,False
O61380,,missing_pdb,False
O61722,,missing_pdb,False
O62621,,missing_pdb,False
O64493,,missing_pdb,False
O64517,,missing_pdb,False
O64560,,missing_pdb,False
O64565,,missing_pdb,False
O64725,,missing_pdb,False
O64750,,missing_pdb,False
O64818,,missing_pdb,False
O64843,,missing_pdb,False
O64855,,missing_pdb,False
O64866,,missing_pdb,False
O64903,,missing_pdb,False
O65239,,missing_pdb,False
O65426,,missing_pdb,False
O65448,,missing_pdb,False
O65570,,missing_pdb,False
O65639,,missing_pdb,False
O65655,,missing_pdb,False
O70145,,missing_pdb,False
O70174,,missing_pdb,False
O70311,,missing_pdb,False
O70324,,missing_pdb,False
O70325-3,,missing_pdb,False
O70404,,missing_pdb,False
O70491,,missing_pdb,False
O70511,,missing_pdb,False
O70512,,missing_pdb,False
O70534,,missing_pdb,False
O70548,,missing_pdb,False
O70570,,missing_pdb,False
O70616,,missing_pdb,False
O70622,,missing_pdb,False
O74252,,missing_pdb,False
O74345,,missing_pdb,False
O74377,,missing_pdb,False
O74388,,missing_pdb,False
O74395,,missing_pdb,False
O74417,,missing_pdb,False
O74424,,missing_pdb,False
O74448,,missing_pdb,False
O74452,,missing_pdb,False
O74454,,missing_pdb,False
O74463,,missing_pdb,False
O74475,,missing_pdb,False
O74485,,missing_pdb,False
O74505,,missing_pdb,False
O74767,,missing_pdb,False
O74782,,missing_pdb,False
O74853,,missing_pdb,False
O74865,,missing_pdb,False
O74866,,missing_pdb,False
O74947,,missing_pdb,False
O74958,,missing_pdb,False
O74960,,missing_pdb,False
O74962,,missing_pdb,False
O74985,,missing_pdb,False
O75027-2,,missing_pdb,False
O75031,,missing_pdb,False
O75052,,missing_pdb,False
O75056,,missing_pdb,False
O75063,/data/ranran/my_ptm/croton/data/structure_pipeline/pdb/O75063.pdb,exact_sequence_match,True
O75064,,missing_pdb,False
O75071,,missing_pdb,False
O75081,,missing_pdb,False
O75083-3,,missing_pdb,False
O75093,,missing_pdb,False
O75096,,missing_pdb,False
O75112,,missing_pdb,False
O75113,,missing_pdb,False
O75121,,missing_pdb,False
O75123,,missing_pdb,False
O75127,/data/ranran/my_ptm/croton/data/structure_pipeline/pdb/O75127.pdb,exact_sequence_match,True
O75129,,missing_pdb,False
O75132,,missing_pdb,False
O75140,,missing_pdb,False
O75143,/data/ranran/my_ptm/croton/data/structure_pipeline/pdb/O75143.pdb,exact_sequence_match,True
O75146,/data/ranran/my_ptm/croton/data/structure_pipeline/pdb/O75146.pdb,exact_sequence_match,True
O75147,,missing_pdb,False
O75150,/data/ranran/my_ptm/croton/data/structure_pipeline/pdb/O75150.pdb,exact_sequence_match,True
O75151,,missing_pdb,False
O75152,/data/ranran/my_ptm/croton/data/structure_pipeline/pdb/O75152.pdb,exact_sequence_match,True
O75157,/data/ranran/my_ptm/croton/data/structure_pipeline/pdb/O75157.pdb,exact_sequence_match,True
O75159,,missing_pdb,False
O75161,,missing_pdb,False
O75170,,missing_pdb,False
O75179,/data/ranran/my_ptm/croton/data/structure_pipeline/pdb/O75179.pdb,exact_sequence_match,True
O75179-3,,missing_pdb,False
O75179-4,,missing_pdb,False
O75179-5,,missing_pdb,False
O75182-3,,missing_pdb,False
O75197,,missing_pdb,False
O75208,/data/ranran/my_ptm/croton/data/structure_pipeline/pdb/O75208.pdb,exact_sequence_match,True
O75223,/data/ranran/my_ptm/croton/data/structure_pipeline/pdb/O75223.pdb,exact_sequence_match,True
O75264,,missing_pdb,False
O75319,,missing_pdb,False
O75323,/data/ranran/my_ptm/croton/data/structure_pipeline/pdb/O75323.pdb,exact_sequence_match,True
O75326,,missing_pdb,False
O75330,/data/ranran/my_ptm/croton/data/structure_pipeline/pdb/O75330.pdb,exact_sequence_match,True
O75334,/data/ranran/my_ptm/croton/data/structure_pipeline/pdb/O75334.pdb,exact_sequence_match,True
O75339,,missing_pdb,False
O75340,,missing_pdb,False
O75347-2,,missing_pdb,False
O75352,,missing_pdb,False
O75354,,missing_pdb,False
O75362,,missing_pdb,False
O75380,/data/ranran/my_ptm/croton/data/structure_pipeline/pdb/O75380.pdb,exact_sequence_match,True
O75381,,missing_pdb,False
O75385,,missing_pdb,False
O75386,,missing_pdb,False
O75391,/data/ranran/my_ptm/croton/data/structure_pipeline/pdb/O75391.pdb,exact_sequence_match,True
O75394,,missing_pdb,False
O75398,,missing_pdb,False
O75400,/data/ranran/my_ptm/croton/data/structure_pipeline/pdb/O75400.pdb,exact_sequence_match,True
O75417,,missing_pdb,False
O75419,/data/ranran/my_ptm/croton/data/structure_pipeline/pdb/O75419.pdb,exact_sequence_match,True
O75420,/data/ranran/my_ptm/croton/data/structure_pipeline/pdb/O75420.pdb,exact_sequence_match,True
O75431,,missing_pdb,False
O75443,,missing_pdb,False
O75444,,missing_pdb,False
O75445,,missing_pdb,False
O75446,/data/ranran/my_ptm/croton/data/structure_pipeline/pdb/O75446.pdb,exact_sequence_match,True
O75449-2,,missing_pdb,False
O75459,/data/ranran/my_ptm/croton/data/structure_pipeline/pdb/O75459.pdb,exact_sequence_match,True
O75461,,missing_pdb,False
O75469,,missing_pdb,False
O75475,/data/ranran/my_ptm/croton/data/structure_pipeline/pdb/O75475.pdb,exact_sequence_match,True
O75475-2,,missing_pdb,False
O75478,,missing_pdb,False
O75486,/data/ranran/my_ptm/croton/data/structure_pipeline/pdb/O75486.pdb,exact_sequence_match,True
O75489,,missing_pdb,False
O75496,/data/ranran/my_ptm/croton/data/structure_pipeline/pdb/O75496.pdb,exact_sequence_match,True
O75503,,missing_pdb,False
O75506,,missing_pdb,False
O75509,,missing_pdb,False
O75521,/data/ranran/my_ptm/croton/data/structure_pipeline/pdb/O75521.pdb,exact_sequence_match,True
O75526,/data/ranran/my_ptm/croton/data/structure_pipeline/pdb/O75526.pdb,exact_sequence_match,True
O75528,,missing_pdb,False
O75530-2,,missing_pdb,False
O75531,/data/ranran/my_ptm/croton/data/structure_pipeline/pdb/O75531.pdb,exact_sequence_match,True
O75534,/data/ranran/my_ptm/croton/data/structure_pipeline/pdb/O75534.pdb,exact_sequence_match,True
O75553,,missing_pdb,False
O75554,/data/ranran/my_ptm/croton/data/structure_pipeline/pdb/O75554.pdb,exact_sequence_match,True
O75563,,missing_pdb,False
O75564,,missing_pdb,False
O75570,,missing_pdb,False
O75575,,missing_pdb,False
O75586-2,,missing_pdb,False
O75592,,missing_pdb,False
O75600,,missing_pdb,False
O75607,,missing_pdb,False
O75616,,missing_pdb,False
O75626,,missing_pdb,False
O75629,,missing_pdb,False
O75638,,missing_pdb,False
O75643-2,,missing_pdb,False
O75648,,missing_pdb,False
O75663-2,,missing_pdb,False
O75665-2,,missing_pdb,False
O75674,/data/ranran/my_ptm/croton/data/structure_pipeline/pdb/O75674.pdb,exact_sequence_match,True
O75683,/data/ranran/my_ptm/croton/data/structure_pipeline/pdb/O75683.pdb,exact_sequence_match,True
O75688,,missing_pdb,False
O75690,,missing_pdb,False
O75691,,missing_pdb,False
O75694,/data/ranran/my_ptm/croton/data/structure_pipeline/pdb/O75694.pdb,exact_sequence_match,True
O75712,,missing_pdb,False
O75717,/data/ranran/my_ptm/croton/data/structure_pipeline/pdb/O75717.pdb,exact_sequence_match,True
O75747,,missing_pdb,False
O75764,,missing_pdb,False
O75771,,missing_pdb,False
O75781,,missing_pdb,False
O75787,/data/ranran/my_ptm/croton/data/structure_pipeline/pdb/O75787.pdb,exact_sequence_match,True
O75791,,missing_pdb,False
O75794,/data/ranran/my_ptm/croton/data/structure_pipeline/pdb/O75794.pdb,exact_sequence_match,True
O75800,,missing_pdb,False
O75807,,missing_pdb,False
O75808-2,,missing_pdb,False
O75817,,missing_pdb,False
O75818,/data/ranran/my_ptm/croton/data/structure_pipeline/pdb/O75818.pdb,exact_sequence_match,True
O75821,/data/ranran/my_ptm/croton/data/structure_pipeline/pdb/O75821.pdb,exact_sequence_match,True
O75828,,missing_pdb,False
O75845,,missing_pdb,False
O75865,,missing_pdb,False
O75879,,missing_pdb,False
O75880,,missing_pdb,False
O75882,,missing_pdb,False
O75884,,missing_pdb,False
O75888,,missing_pdb,False
O75899,,missing_pdb,False
O75901,,missing_pdb,False
O75909-1,,missing_pdb,False
O75909-4,,missing_pdb,False
O75911-2,,missing_pdb,False
O75915,,missing_pdb,False
O75916,,missing_pdb,False
O75920,,missing_pdb,False
O75925,,missing_pdb,False
O75934,/data/ranran/my_ptm/croton/data/structure_pipeline/pdb/O75934.pdb,exact_sequence_match,True
O75937,/data/ranran/my_ptm/croton/data/structure_pipeline/pdb/O75937.pdb,exact_sequence_match,True
O75940,/data/ranran/my_ptm/croton/data/structure_pipeline/pdb/O75940.pdb,exact_sequence_match,True
O75943,,missing_pdb,False
O75964,/data/ranran/my_ptm/croton/data/structure_pipeline/pdb/O75964.pdb,exact_sequence_match,True
O75969,,missing_pdb,False
O75970,,missing_pdb,False
O75971,,missing_pdb,False
O75995,,missing_pdb,False
O76011,,missing_pdb,False
O76021,/data/ranran/my_ptm/croton/data/structure_pipeline/pdb/O76021.pdb,exact_sequence_match,True
O76024,,missing_pdb,False
O76031,,missing_pdb,False
O76039,,missing_pdb,False
O76050,,missing_pdb,False
O76054,,missing_pdb,False
O76061,,missing_pdb,False
O76064,,missing_pdb,False
O76071,,missing_pdb,False
O76074,,missing_pdb,False
O76075,,missing_pdb,False
O76075-2,,missing_pdb,False
O76081,,missing_pdb,False
O76083,,missing_pdb,False
O76090,,missing_pdb,False
O76095,,missing_pdb,False
O76104,,missing_pdb,False
O76268,,missing_pdb,False
O76877,,missing_pdb,False
O76899,,missing_pdb,False
O76902,,missing_pdb,False
O77134,,missing_pdb,False
O80439,,missing_pdb,False
O80504,,missing_pdb,False
O80522,,missing_pdb,False
O80560,,missing_pdb,False
O80567,,missing_pdb,False
O80653,,missing_pdb,False
O80796,,missing_pdb,False
O80800,,missing_pdb,False
O80833,,missing_pdb,False
O80897,,missing_pdb,False
O80934,,missing_pdb,False
O81045,,missing_pdb,False
O81315,,missing_pdb,False
O81841,,missing_pdb,False
O82169,,missing_pdb,False
O82234,,missing_pdb,False
O82238,,missing_pdb,False
O82266,,missing_pdb,False
O82276,,missing_pdb,False
O82326,,missing_pdb,False
O82451,,missing_pdb,False
O82486,,missing_pdb,False
O82487,,missing_pdb,False
O82497,,missing_pdb,False
O82656,,missing_pdb,False
O82762,,missing_pdb,False
O82768,,missing_pdb,False
O88286,,missing_pdb,False
O88298,,missing_pdb,False
O88338,,missing_pdb,False
O88351,,missing_pdb,False
O88456,,missing_pdb,False
O88466,,missing_pdb,False
O88498,,missing_pdb,False
O88520,,missing_pdb,False
O88532,,missing_pdb,False
O88552,,missing_pdb,False
O88599,,missing_pdb,False
O88602,,missing_pdb,False
O88623,,missing_pdb,False
O88703,,missing_pdb,False
O88704,,missing_pdb,False
O88737,,missing_pdb,False
O88738,,missing_pdb,False
O88767,,missing_pdb,False
O88796,,missing_pdb,False
O88839,,missing_pdb,False
O88846,,missing_pdb,False
O88881,,missing_pdb,False
O88900,,missing_pdb,False
O88912,,missing_pdb,False
O88935,,missing_pdb,False
O88958,,missing_pdb,False
O88974,,missing_pdb,False
O88983,,missing_pdb,False
O89039,,missing_pdb,False
O89050,,missing_pdb,False
O89103,,missing_pdb,False
O93937,,missing_pdb,False
O93956,,missing_pdb,False
O94111,,missing_pdb,False
O94266,,missing_pdb,False
O94271,,missing_pdb,False
O94300,,missing_pdb,False
O94326,,missing_pdb,False
O94340,,missing_pdb,False
O94441,,missing_pdb,False
O94486,,missing_pdb,False
O94513,,missing_pdb,False
O94523,,missing_pdb,False
O94601,,missing_pdb,False
O94651,,missing_pdb,False
O94661,,missing_pdb,False
O94671,,missing_pdb,False
O94685,,missing_pdb,False
O94720,,missing_pdb,False
O94742,,missing_pdb,False
O94759-3,,missing_pdb,False
O94760,/data/ranran/my_ptm/croton/data/structure_pipeline/pdb/O94760.pdb,exact_sequence_match,True
O94761,,missing_pdb,False
O94762,,missing_pdb,False
O94762-3,,missing_pdb,False
O94763,,missing_pdb,False
O94766,,missing_pdb,False
O94776,/data/ranran/my_ptm/croton/data/structure_pipeline/pdb/O94776.pdb,exact_sequence_match,True
O94782,,missing_pdb,False
O94804,/data/ranran/my_ptm/croton/data/structure_pipeline/pdb/O94804.pdb,exact_sequence_match,True
O94819,,missing_pdb,False
O94822-2,,missing_pdb,False
O94822-3,,missing_pdb,False
O94823,,missing_pdb,False
O94827,,missing_pdb,False
O94829,,missing_pdb,False
O94830,,missing_pdb,False
O94842,,missing_pdb,False
O94850,,missing_pdb,False
O94851,,missing_pdb,False
O94854,,missing_pdb,False
O94864,,missing_pdb,False
O94868,,missing_pdb,False
O94874,/data/ranran/my_ptm/croton/data/structure_pipeline/pdb/O94874.pdb,exact_sequence_match,True
O94876,,missing_pdb,False
O94880,/data/ranran/my_ptm/croton/data/structure_pipeline/pdb/O94880.pdb;/data/ranran/my_ptm/croton/data/structure_pipeline/pdb/AF-O94880-F1-model_v6.pdb,sequence_mismatch,False
O94885,,missing_pdb,False
O94887-2,,missing_pdb,False
O94901-2,,missing_pdb,False
O94901-3,,missing_pdb,False
O94903,,missing_pdb,False
O94916,,missing_pdb,False
O94919,,missing_pdb,False
O94923,,missing_pdb,False
O94925-2,,missing_pdb,False
O94927,,missing_pdb,False
O94927-2,,missing_pdb,False
O94941,,missing_pdb,False
O94952,,missing_pdb,False
O94953,,missing_pdb,False
O94955,,missing_pdb,False
O94972,,missing_pdb,False
O94973-3,,missing_pdb,False
O94979-5,,missing_pdb,False
O94983,,missing_pdb,False
O94985,,missing_pdb,False
O94986,,missing_pdb,False
O94988,,missing_pdb,False
O94991,,missing_pdb,False
O94992,/data/ranran/my_ptm/croton/data/structure_pipeline/pdb/O94992.pdb,exact_sequence_match,True
O95067,,missing_pdb,False
O95073,,missing_pdb,False
O95084,,missing_pdb,False
O95086,,missing_pdb,False
O95096,,missing_pdb,False
O95139,,missing_pdb,False
O95147,,missing_pdb,False
O95149,,missing_pdb,False
O95155,/data/ranran/my_ptm/croton/data/structure_pipeline/pdb/O95155.pdb,exact_sequence_match,True
O95158,,missing_pdb,False
O95159,,missing_pdb,False
O95163,/data/ranran/my_ptm/croton/data/structure_pipeline/pdb/O95163.pdb,exact_sequence_match,True
O95167,,missing_pdb,False
O95168,,missing_pdb,False
O95169,,missing_pdb,False
O95180,,missing_pdb,False
O95182,/data/ranran/my_ptm/croton/data/structure_pipeline/pdb/O95182.pdb,exact_sequence_match,True
O95183,,missing_pdb,False
O95197,/data/ranran/my_ptm/croton/data/structure_pipeline/pdb/O95197.pdb,exact_sequence_match,True
O95197-4,,missing_pdb,False
O95199,,missing_pdb,False
O95202,/data/ranran/my_ptm/croton/data/structure_pipeline/pdb/O95202.pdb,exact_sequence_match,True
O95205,,missing_pdb,False
O95208,,missing_pdb,False
O95218,/data/ranran/my_ptm/croton/data/structure_pipeline/pdb/O95218.pdb,exact_sequence_match,True
O95229,,missing_pdb,False
O95232,/data/ranran/my_ptm/croton/data/structure_pipeline/pdb/O95232.pdb,exact_sequence_match,True
O95235,/data/ranran/my_ptm/croton/data/structure_pipeline/pdb/O95235.pdb,exact_sequence_match,True
O95238,,missing_pdb,False
O95243,,missing_pdb,False
O95249,,missing_pdb,False
O95251,/data/ranran/my_ptm/croton/data/structure_pipeline/pdb/O95251.pdb,exact_sequence_match,True
O95255,,missing_pdb,False
O95260,,missing_pdb,False
O95263,,missing_pdb,False
O95267,/data/ranran/my_ptm/croton/data/structure_pipeline/pdb/O95267.pdb,exact_sequence_match,True
O95271,,missing_pdb,False
O95271-2,,missing_pdb,False
O95273,,missing_pdb,False
O95278,,missing_pdb,False
O95294,,missing_pdb,False
O95295,/data/ranran/my_ptm/croton/data/structure_pipeline/pdb/O95295.pdb,exact_sequence_match,True
O95297,,missing_pdb,False
O95297-3,,missing_pdb,False
O95298,,missing_pdb,False
O95319-3,,missing_pdb,False
O95343,,missing_pdb,False
O95347,/data/ranran/my_ptm/croton/data/structure_pipeline/pdb/O95347.pdb,exact_sequence_match,True
O95352,,missing_pdb,False
O95359,,missing_pdb,False
O95361,/data/ranran/my_ptm/croton/data/structure_pipeline/pdb/O95361.pdb,exact_sequence_match,True
O95363,/data/ranran/my_ptm/croton/data/structure_pipeline/pdb/O95363.pdb,exact_sequence_match,True
O95365,,missing_pdb,False
O95379,/data/ranran/my_ptm/croton/data/structure_pipeline/pdb/O95379.pdb,exact_sequence_match,True
O95391,,missing_pdb,False
O95396,,missing_pdb,False
O95397,,missing_pdb,False
O95400,,missing_pdb,False
O95402,,missing_pdb,False
O95415,,missing_pdb,False
O95425,,missing_pdb,False
O95427,,missing_pdb,False
O95429,,missing_pdb,False
O95447,,missing_pdb,False
O95453,/data/ranran/my_ptm/croton/data/structure_pipeline/pdb/O95453.pdb,exact_sequence_match,True
O95453-4,,missing_pdb,False
O95455,,missing_pdb,False
O95475,,missing_pdb,False
O95476,,missing_pdb,False
O95479,,missing_pdb,False
O95487,/data/ranran/my_ptm/croton/data/structure_pipeline/pdb/O95487.pdb,exact_sequence_match,True
O95551-2,,missing_pdb,False
O95551-3,,missing_pdb,False
O95562,,missing_pdb,False
O95563,,missing_pdb,False
O95567,,missing_pdb,False
O95568,,missing_pdb,False
O95571,,missing_pdb,False
O95600,,missing_pdb,False
O95602,/data/ranran/my_ptm/croton/data/structure_pipeline/pdb/O95602.pdb,exact_sequence_match,True
O95613,,missing_pdb,False
O95619,/data/ranran/my_ptm/croton/data/structure_pipeline/pdb/O95619.pdb,exact_sequence_match,True
O95620,,missing_pdb,False
O95625,,missing_pdb,False
O95626,,missing_pdb,False
O95628,,missing_pdb,False
O95633,,missing_pdb,False
O95639,,missing_pdb,False
O95671,,missing_pdb,False
O95677,,missing_pdb,False
O95684,/data/ranran/my_ptm/croton/data/structure_pipeline/pdb/O95684.pdb,exact_sequence_match,True
O95685,,missing_pdb,False
O95704,,missing_pdb,False
O95707,/data/ranran/my_ptm/croton/data/structure_pipeline/pdb/O95707.pdb,exact_sequence_match,True
O95758-4,,missing_pdb,False
O95759,,missing_pdb,False
O95777,,missing_pdb,False
O95789,,missing_pdb,False
O95793,,missing_pdb,False
O95801,/data/ranran/my_ptm/croton/data/structure_pipeline/pdb/O95801.pdb,exact_sequence_match,True
O95803,,missing_pdb,False
O95807,,missing_pdb,False
O95810,,missing_pdb,False
O95816,/data/ranran/my_ptm/croton/data/structure_pipeline/pdb/O95816.pdb,exact_sequence_match,True
O95819-4,,missing_pdb,False
O95831,/data/ranran/my_ptm/croton/data/structure_pipeline/pdb/O95831.pdb,exact_sequence_match,True
O95834,,missing_pdb,False
O95835,,missing_pdb,False
O95838,,missing_pdb,False
O95859,,missing_pdb,False
O95861,/data/ranran/my_ptm/croton/data/structure_pipeline/pdb/O95861.pdb,exact_sequence_match,True
O95872,,missing_pdb,False
O95873,,missing_pdb,False
O95876,,missing_pdb,False
O95881,,missing_pdb,False
O95900,/data/ranran/my_ptm/croton/data/structure_pipeline/pdb/O95900.pdb,exact_sequence_match,True
O95905,,missing_pdb,False
O95922,/data/ranran/my_ptm/croton/data/structure_pipeline/pdb/O95922.pdb,exact_sequence_match,True
O95926,,missing_pdb,False
O95935,,missing_pdb,False
O95936,,missing_pdb,False
O95970,,missing_pdb,False
O95983,,missing_pdb,False
O95985,/data/ranran/my_ptm/croton/data/structure_pipeline/pdb/O95985.pdb,exact_sequence_match,True
O95988,,missing_pdb,False
O95990,,missing_pdb,False
O95994,,missing_pdb,False
O95995,,missing_pdb,False
O95997,,missing_pdb,False
O95999,,missing_pdb,False
O96001,,missing_pdb,False
O96005,/data/ranran/my_ptm/croton/data/structure_pipeline/pdb/O96005.pdb,exact_sequence_match,True
O96006,,missing_pdb,False
O96008,,missing_pdb,False
O96011,,missing_pdb,False
O96013-3,,missing_pdb,False
O96015,,missing_pdb,False
O96017,,missing_pdb,False
O96020,,missing_pdb,False
O96033,,missing_pdb,False
O96824,,missing_pdb,False
O97111,,missing_pdb,False
O97428,,missing_pdb,False
O97477,,missing_pdb,False
P00158,,missing_pdb,False
P00338-2,,missing_pdb,False
P00338-4,,missing_pdb,False
P00367,/data/ranran/my_ptm/croton/data/structure_pipeline/pdb/P00367.pdb,exact_sequence_match,True
P00367-3,,missing_pdb,False
P00374,/data/ranran/my_ptm/croton/data/structure_pipeline/pdb/P00374.pdb,exact_sequence_match,True
P00451,,missing_pdb,False
P00498,,missing_pdb,False
P00687,,missing_pdb,False
P00724,,missing_pdb,False
P00729,,missing_pdb,False
P00736,,missing_pdb,False
P00738,,missing_pdb,False
P00749,,missing_pdb,False
P00751,,missing_pdb,False
P00813,,missing_pdb,False
P00815,,missing_pdb,False
P00912,,missing_pdb,False
P00937,,missing_pdb,False
P00973,,missing_pdb,False
P01029,,missing_pdb,False
P01031,,missing_pdb,False
P01040,,missing_pdb,False
P01100,,missing_pdb,False
P01120,,missing_pdb,False
P01133,,missing_pdb,False
P01135,,missing_pdb,False
P01149,,missing_pdb,False
P01210,,missing_pdb,False
P01562,,missing_pdb,False
P01575,,missing_pdb,False
P01591,,missing_pdb,False
P01730,,missing_pdb,False
P01733,,missing_pdb,False
P01737,,missing_pdb,False
P01743,,missing_pdb,False
P01834,,missing_pdb,False
P01848,,missing_pdb,False
P01850,,missing_pdb,False
P01854,,missing_pdb,False
P01876,,missing_pdb,False
P01895,,missing_pdb,False
P01896,,missing_pdb,False
P02400,,missing_pdb,False
P02647,,missing_pdb,False
P02649,,missing_pdb,False
P02655,,missing_pdb,False
P02656,,missing_pdb,False
P02675,,missing_pdb,False
P02683,,missing_pdb,False
P02686,,missing_pdb,False
P02688,,missing_pdb,False
P02748,,missing_pdb,False
P02749,,missing_pdb,False
P02751,,missing_pdb,False
P02753,,missing_pdb,False
P02765,,missing_pdb,False
P02768,,missing_pdb,False
P02788,,missing_pdb,False
P02794,/data/ranran/my_ptm/croton/data/structure_pipeline/pdb/P02794.pdb,exact_sequence_match,True
P03069,,missing_pdb,False
P03355,,missing_pdb,False
P03372,,missing_pdb,False
P03870,,missing_pdb,False
P03871,,missing_pdb,False
P03872,,missing_pdb,False
P03876,,missing_pdb,False
P03878,,missing_pdb,False
P03928,,missing_pdb,False
P03965,,missing_pdb,False
P03975,,missing_pdb,False
P04035,,missing_pdb,False
P04053,,missing_pdb,False
P04062,,missing_pdb,False
P04114,,missing_pdb,False
P04147,,missing_pdb,False
P04179,/data/ranran/my_ptm/croton/data/structure_pipeline/pdb/P04179.pdb,exact_sequence_match,True
P04179-4,,missing_pdb,False
P04183,/data/ranran/my_ptm/croton/data/structure_pipeline/pdb/P04183.pdb,exact_sequence_match,True
P04198,,missing_pdb,False
P04233,,missing_pdb,False
P04233-2,,missing_pdb,False
P04247,,missing_pdb,False
P04264,,missing_pdb,False
P04275,,missing_pdb,False
P04351,,missing_pdb,False
P04424,,missing_pdb,False
P04462,,missing_pdb,False
P04610,,missing_pdb,False
P04637,,missing_pdb,False
P04637-6,,missing_pdb,False
P04637-7,,missing_pdb,False
P04650,,missing_pdb,False
P04819,,missing_pdb,False
P04821,,missing_pdb,False
P04840,,missing_pdb,False
P04919,,missing_pdb,False
P04920,/data/ranran/my_ptm/croton/data/structure_pipeline/pdb/P04920.pdb,exact_sequence_match,True
P04921,,missing_pdb,False
P04925,,missing_pdb,False
P04939,,missing_pdb,False
P05017,,missing_pdb,False
P05019,,missing_pdb,False
P05023-2,,missing_pdb,False
P05060,,missing_pdb,False
P05067,,missing_pdb,False
P05108,,missing_pdb,False
P05129,,missing_pdb,False
P05150,,missing_pdb,False
P05161,,missing_pdb,False
P05165,,missing_pdb,False
P05187,/data/ranran/my_ptm/croton/data/structure_pipeline/pdb/P05187.pdb,exact_sequence_match,True
P05205,,missing_pdb,False
P05231,,missing_pdb,False
P05305,,missing_pdb,False
P05326,,missing_pdb,False
P05374,,missing_pdb,False
P05375,,missing_pdb,False
P05423,,missing_pdb,False
P05626,,missing_pdb,False
P05783,/data/ranran/my_ptm/croton/data/structure_pipeline/pdb/P05783.pdb,exact_sequence_match,True
P05986,,missing_pdb,False
P05997,,missing_pdb,False
P06100,,missing_pdb,False
P06101,,missing_pdb,False
P06102,,missing_pdb,False
P06103,,missing_pdb,False
P06105,,missing_pdb,False
P06106,,missing_pdb,False
P06127,,missing_pdb,False
P06132,,missing_pdb,False
P06168,,missing_pdb,False
P06239-2,,missing_pdb,False
P06243,,missing_pdb,False
P06280,/data/ranran/my_ptm/croton/data/structure_pipeline/pdb/P06280.pdb,exact_sequence_match,True
P06302,,missing_pdb,False
P06401,,missing_pdb,False
P06531,,missing_pdb,False
P06537,,missing_pdb,False
P06633,,missing_pdb,False
P06634,,missing_pdb,False
P06652,,missing_pdb,False
P06702,,missing_pdb,False
P06729,,missing_pdb,False
P06733-2,,missing_pdb,False
P06738,,missing_pdb,False
P06744-2,,missing_pdb,False
P06746,,missing_pdb,False
P06748,/data/ranran/my_ptm/croton/data/structure_pipeline/pdb/P06748.pdb,exact_sequence_match,True
P06753-7,,missing_pdb,False
P06773,,missing_pdb,False
P06782,,missing_pdb,False
P06783,,missing_pdb,False
P06786,,missing_pdb,False
P06839,,missing_pdb,False
P06858,,missing_pdb,False
P06879,,missing_pdb,False
P06909,,missing_pdb,False
P07091,,missing_pdb,False
P07093,,missing_pdb,False
P07108-2,,missing_pdb,False
P07108-5,,missing_pdb,False
P07172,,missing_pdb,False
P07196,,missing_pdb,False
P07199,,missing_pdb,False
P07202,,missing_pdb,False
P07246,,missing_pdb,False
P07253,,missing_pdb,False
P07260,,missing_pdb,False
P07261,,missing_pdb,False
P07264,,missing_pdb,False
P07267,,missing_pdb,False
P07270,,missing_pdb,False
P07273,,missing_pdb,False
P07275,,missing_pdb,False
P07276,,missing_pdb,False
P07286,,missing_pdb,False
P07309,,missing_pdb,False
P07340,,missing_pdb,False
P07342,,missing_pdb,False
P07355-2,,missing_pdb,False
P07438,,missing_pdb,False
P07492,,missing_pdb,False
P07550,,missing_pdb,False
P07585,,missing_pdb,False
P07686,/data/ranran/my_ptm/croton/data/structure_pipeline/pdb/P07686.pdb;/data/ranran/my_ptm/croton/data/structure_pipeline/pdb/AF-P07686-F1-model_v6.pdb,sequence_mismatch,False
P07702,,missing_pdb,False
P07737,/data/ranran/my_ptm/croton/data/structure_pipeline/pdb/P07737.pdb,exact_sequence_match,True
P07741,/data/ranran/my_ptm/croton/data/structure_pipeline/pdb/P07741.pdb,exact_sequence_match,True
P07741-2,,missing_pdb,False
P07766,,missing_pdb,False
P07834,,missing_pdb,False
P07866,,missing_pdb,False
P07900-2,,missing_pdb,False
P07902,,missing_pdb,False
P07903,,missing_pdb,False
P07910-4,,missing_pdb,False
P07919,,missing_pdb,False
P07947,,missing_pdb,False
P07949,,missing_pdb,False
P07954,/data/ranran/my_ptm/croton/data/structure_pipeline/pdb/P07954.pdb,exact_sequence_match,True
P07996,,missing_pdb,False
P08004,,missing_pdb,False
P08018,,missing_pdb,False
P08033,,missing_pdb,False
P08047,/data/ranran/my_ptm/croton/data/structure_pipeline/pdb/P08047.pdb,exact_sequence_match,True
P08074,,missing_pdb,False
P08081,,missing_pdb,False
P08101,,missing_pdb,False
P08120,,missing_pdb,False
P08133,/data/ranran/my_ptm/croton/data/structure_pipeline/pdb/P08133.pdb,exact_sequence_match,True
P08153,,missing_pdb,False
P08174,/data/ranran/my_ptm/croton/data/structure_pipeline/pdb/P08174.pdb,exact_sequence_match,True
P08195,,missing_pdb,False
P08235,,missing_pdb,False
P08236,,missing_pdb,False
P08240,/data/ranran/my_ptm/croton/data/structure_pipeline/pdb/P08240.pdb,exact_sequence_match,True
P08397,/data/ranran/my_ptm/croton/data/structure_pipeline/pdb/P08397.pdb,exact_sequence_match,True
P08432,,missing_pdb,False
P08456,,missing_pdb,False
P08476,,missing_pdb,False
P08539,,missing_pdb,False
P08566,,missing_pdb,False
P08574,,missing_pdb,False
P08575,,missing_pdb,False
P08579,,missing_pdb,False
P08581-2,,missing_pdb,False
P08607,,missing_pdb,False
P08621-3,,missing_pdb,False
P08621-4,,missing_pdb,False
P08678,,missing_pdb,False
P08697,,missing_pdb,False
P08775,,missing_pdb,False
P08910,,missing_pdb,False
P08964,,missing_pdb,False
P09001,/data/ranran/my_ptm/croton/data/structure_pipeline/pdb/P09001.pdb,exact_sequence_match,True
P09038,/data/ranran/my_ptm/croton/data/structure_pipeline/pdb/P09038.pdb,exact_sequence_match,True
P09086,,missing_pdb,False
P09086-5,,missing_pdb,False
P09172,,missing_pdb,False
P09216,,missing_pdb,False
P09229,,missing_pdb,False
P09229-2,,missing_pdb,False
P09232,,missing_pdb,False
P09234,/data/ranran/my_ptm/croton/data/structure_pipeline/pdb/P09234.pdb,exact_sequence_match,True
P09326,,missing_pdb,False
P09368,,missing_pdb,False
P09417,,missing_pdb,False
P09456,,missing_pdb,False
P09486,,missing_pdb,False
P09525-2,,missing_pdb,False
P09542,,missing_pdb,False
P09543,/data/ranran/my_ptm/croton/data/structure_pipeline/pdb/P09543.pdb,exact_sequence_match,True
P09547,,missing_pdb,False
P09564,,missing_pdb,False
P09605,,missing_pdb,False
P09619,,missing_pdb,False
P09620,,missing_pdb,False
P09630,,missing_pdb,False
P09693,,missing_pdb,False
P09813,,missing_pdb,False
P09912,,missing_pdb,False
P09926,,missing_pdb,False
P09932,,missing_pdb,False
P09937,,missing_pdb,False
P09959,,missing_pdb,False
P0C024,,missing_pdb,False
P0C0A2,,missing_pdb,False
P0C0R5,,missing_pdb,False
P0C0T4,,missing_pdb,False
P0C1Z6,,missing_pdb,False
P0C215,,missing_pdb,False
P0C221,,missing_pdb,False
P0C2F9,,missing_pdb,False
P0C2I4,,missing_pdb,False
P0C2W1,,missing_pdb,False
P0C314,,missing_pdb,False
P0C361,,missing_pdb,False
P0C5A4-2,,missing_pdb,False
P0C5J1,,missing_pdb,False
P0C5J5,,missing_pdb,False
P0C5L1,,missing_pdb,False
P0C5R9,,missing_pdb,False
P0C624,,missing_pdb,False
P0C673,,missing_pdb,False
P0C6A2,,missing_pdb,False
P0C6S7,,missing_pdb,False
P0C7I6,,missing_pdb,False
P0C7P0,/data/ranran/my_ptm/croton/data/structure_pipeline/pdb/P0C7P0.pdb,exact_sequence_match,True
P0C7P3,,missing_pdb,False
P0C7P4,/data/ranran/my_ptm/croton/data/structure_pipeline/pdb/P0C7P4.pdb,exact_sequence_match,True
P0C7Q8,,missing_pdb,False
P0C7U0,,missing_pdb,False
P0C7U1,,missing_pdb,False
P0C7V6,,missing_pdb,False
P0C851,,missing_pdb,False
P0C860,,missing_pdb,False
P0C866,,missing_pdb,False
P0C870,,missing_pdb,False
P0C898,,missing_pdb,False
P0CAN7,,missing_pdb,False
P0CAP1,,missing_pdb,False
P0CAP2,,missing_pdb,False
P0CAQ1,,missing_pdb,False
P0CB21,,missing_pdb,False
P0CE41,,missing_pdb,False
P0CF20,,missing_pdb,False
P0CF65,,missing_pdb,False
P0CG13,,missing_pdb,False
P0CG22,,missing_pdb,False
P0CG24,,missing_pdb,False
P0CG31,,missing_pdb,False
P0CG32,,missing_pdb,False
P0CG47,,missing_pdb,False
P0CG50,,missing_pdb,False
P0CG68,,missing_pdb,False
P0CG72,,missing_pdb,False
P0CJ78,,missing_pdb,False
P0CK96,,missing_pdb,False
P0CK97,,missing_pdb,False
P0CV98,,missing_pdb,False
P0CX27,,missing_pdb,False
P0CX29,,missing_pdb,False
P0CX33,,missing_pdb,False
P0CX80,,missing_pdb,False
P0CY13,,missing_pdb,False
P0DI16,,missing_pdb,False
P0DI81,,missing_pdb,False
P0DI97,,missing_pdb,False
P0DJ07,/data/ranran/my_ptm/croton/data/structure_pipeline/pdb/P0DJ07.pdb,exact_sequence_match,True
P0DJJ0,,missing_pdb,False
P0DKM0,,missing_pdb,False
P0DME0,,missing_pdb,False
P0DMU8,,missing_pdb,False
P0DOV2,,missing_pdb,False
P0DPB5,,missing_pdb,False
P0DPD8,,missing_pdb,False
P0DPF3,,missing_pdb,False
P0DPH7-2,,missing_pdb,False
P0DPI2,,missing_pdb,False
P10071,,missing_pdb,False
P10074,,missing_pdb,False
P10075,,missing_pdb,False
P10080,,missing_pdb,False
P10085,,missing_pdb,False
P10109,,missing_pdb,False
P10155-2,,missing_pdb,False
P10242-4,,missing_pdb,False
P10242-5,,missing_pdb,False
P10276,,missing_pdb,False
P10363,,missing_pdb,False
P10415,,missing_pdb,False
P10515,/data/ranran/my_ptm/croton/data/structure_pipeline/pdb/P10515.pdb,exact_sequence_match,True
P10566,,missing_pdb,False
P10589,,missing_pdb,False
P10599,,missing_pdb,False
P10606,/data/ranran/my_ptm/croton/data/structure_pipeline/pdb/P10606.pdb,exact_sequence_match,True
P10614,,missing_pdb,False
P10619,,missing_pdb,False
P10620,/data/ranran/my_ptm/croton/data/structure_pipeline/pdb/P10620.pdb,exact_sequence_match,True
P10622,,missing_pdb,False
P10636,,missing_pdb,False
P10645,,missing_pdb,False
P10646,,missing_pdb,False
P10668,,missing_pdb,False
P10746,,missing_pdb,False
P10747,,missing_pdb,False
P10760,,missing_pdb,False
P10809-2,,missing_pdb,False
P10827,,missing_pdb,False
P10856,,missing_pdb,False
P10862,,missing_pdb,False
P10869,,missing_pdb,False
P10870,,missing_pdb,False
P10909,/data/ranran/my_ptm/croton/data/structure_pipeline/pdb/P10909.pdb,exact_sequence_match,True
P10914,,missing_pdb,False
P10961,,missing_pdb,False
P11031,,missing_pdb,False
P11049,,missing_pdb,False
P11117,/data/ranran/my_ptm/croton/data/structure_pipeline/pdb/P11117.pdb,exact_sequence_match,True
P11172-2,,missing_pdb,False
P11182,,missing_pdb,False
P11230,,missing_pdb,False
P11274,,missing_pdb,False
P11279,,missing_pdb,False
P11308,,missing_pdb,False
P11310,/data/ranran/my_ptm/croton/data/structure_pipeline/pdb/P11310.pdb,exact_sequence_match,True
P11353,,missing_pdb,False
P11362,,missing_pdb,False
P11369,,missing_pdb,False
P11370,,missing_pdb,False
P11378,,missing_pdb,False
P11413-2,,missing_pdb,False
P11433,,missing_pdb,False
P11491,,missing_pdb,False
P11532,,missing_pdb,False
P11632,,missing_pdb,False
P11686,,missing_pdb,False
P11710,,missing_pdb,False
P11717,/data/ranran/my_ptm/croton/data/structure_pipeline/pdb/P11717.pdb,exact_sequence_match,True
P11792,,missing_pdb,False
P11801,,missing_pdb,False
P11836,,missing_pdb,False
P11862,,missing_pdb,False
P11912,,missing_pdb,False
P11915,,missing_pdb,False
P11938,,missing_pdb,False
P11978,,missing_pdb,False
P11985,,missing_pdb,False
P12074,,missing_pdb,False
P12109,,missing_pdb,False
P12111,,missing_pdb,False
P12242,,missing_pdb,False
P12246,,missing_pdb,False
P12611,,missing_pdb,False
P12644,,missing_pdb,False
P12685,,missing_pdb,False
P12688,,missing_pdb,False
P12710,,missing_pdb,False
P12754,,missing_pdb,False
P12755,,missing_pdb,False
P12757-2,,missing_pdb,False
P12814-4,,missing_pdb,False
P12866,,missing_pdb,False
P12868,,missing_pdb,False
P12904,,missing_pdb,False
P12928,,missing_pdb,False
P12945,,missing_pdb,False
P12956,/data/ranran/my_ptm/croton/data/structure_pipeline/pdb/P12956.pdb,exact_sequence_match,True
P12960,,missing_pdb,False
P12962,,missing_pdb,False
P13010,/data/ranran/my_ptm/croton/data/structure_pipeline/pdb/P13010.pdb,exact_sequence_match,True
P13051,/data/ranran/my_ptm/croton/data/structure_pipeline/pdb/P13051.pdb,exact_sequence_match,True
P13056,,missing_pdb,False
P13073,/data/ranran/my_ptm/croton/data/structure_pipeline/pdb/P13073.pdb,exact_sequence_match,True
P13090,,missing_pdb,False
P13186,,missing_pdb,False
P13188,,missing_pdb,False
P13234,,missing_pdb,False
P13255,,missing_pdb,False
P13259,,missing_pdb,False
P13284,/data/ranran/my_ptm/croton/data/structure_pipeline/pdb/P13284.pdb,exact_sequence_match,True
P13298,,missing_pdb,False
P13365,,missing_pdb,False
P13383,,missing_pdb,False
P13489,/data/ranran/my_ptm/croton/data/structure_pipeline/pdb/P13489.pdb,exact_sequence_match,True
P13498,,missing_pdb,False
P13501,,missing_pdb,False
P13504,,missing_pdb,False
P13521,,missing_pdb,False
P13569,,missing_pdb,False
P13587,,missing_pdb,False
P13591,,missing_pdb,False
P13595,,missing_pdb,False
P13598,,missing_pdb,False
P13611,,missing_pdb,False
P13611-2,,missing_pdb,False
P13611-3,,missing_pdb,False
P13611-4,,missing_pdb,False
P13663,,missing_pdb,False
P13667,/data/ranran/my_ptm/croton/data/structure_pipeline/pdb/P13667.pdb,exact_sequence_match,True
P13682,,missing_pdb,False
P13686,,missing_pdb,False
P13693-2,,missing_pdb,False
P13711,,missing_pdb,False
P13712,,missing_pdb,False
P13726,,missing_pdb,False
P13727,,missing_pdb,False
P13745,,missing_pdb,False
P13796-2,,missing_pdb,False
P13803,,missing_pdb,False
P13856,,missing_pdb,False
P13984,/data/ranran/my_ptm/croton/data/structure_pipeline/pdb/P13984.pdb,exact_sequence_match,True
P13987,/data/ranran/my_ptm/croton/data/structure_pipeline/pdb/P13987.pdb,exact_sequence_match,True
P13994,,missing_pdb,False
P13995,/data/ranran/my_ptm/croton/data/structure_pipeline/pdb/P13995.pdb,exact_sequence_match,True
P14020,,missing_pdb,False
P14064,,missing_pdb,False
P14151,,missing_pdb,False
P14164,,missing_pdb,False
P14174,/data/ranran/my_ptm/croton/data/structure_pipeline/pdb/P14174.pdb,exact_sequence_match,True
P14199,,missing_pdb,False
P14209,/data/ranran/my_ptm/croton/data/structure_pipeline/pdb/P14209.pdb,exact_sequence_match,True
P14284,,missing_pdb,False
P14316,,missing_pdb,False
P14317,/data/ranran/my_ptm/croton/data/structure_pipeline/pdb/P14317.pdb,exact_sequence_match,True
P14317-2,,missing_pdb,False
P14351,,missing_pdb,False
P14359,,missing_pdb,False
P14373-2,,missing_pdb,False
P14406,,missing_pdb,False
P14543,,missing_pdb,False
P14602,,missing_pdb,False
P14678-2,,missing_pdb,False
P14678-3,,missing_pdb,False
P14680,,missing_pdb,False
P14682,,missing_pdb,False
P14719,,missing_pdb,False
P14737,,missing_pdb,False
P14742,,missing_pdb,False
P14747,,missing_pdb,False
P14753,,missing_pdb,False
P14785,,missing_pdb,False
P14842,,missing_pdb,False
P14854,/data/ranran/my_ptm/croton/data/structure_pipeline/pdb/P14854.pdb,exact_sequence_match,True
P14866-2,,missing_pdb,False
P14868-2,,missing_pdb,False
P14907,,missing_pdb,False
P14922,,missing_pdb,False
P14923,,missing_pdb,False
P14927,,missing_pdb,False
P15036,,missing_pdb,False
P15127,,missing_pdb,False
P15146,,missing_pdb,False
P15151,,missing_pdb,False
P15179,,missing_pdb,False
P15180,,missing_pdb,False
P15260,,missing_pdb,False
P15274,,missing_pdb,False
P15291,,missing_pdb,False
P15328,/data/ranran/my_ptm/croton/data/structure_pipeline/pdb/P15328.pdb,exact_sequence_match,True
P15379,,missing_pdb,False
P15380,,missing_pdb,False
P15385,,missing_pdb,False
P15407,,missing_pdb,False
P15454,,missing_pdb,False
P15455,,missing_pdb,False
P15496,,missing_pdb,False
P15509,,missing_pdb,False
P15514,,missing_pdb,False
P15529,/data/ranran/my_ptm/croton/data/structure_pipeline/pdb/P15529.pdb,exact_sequence_match,True
P15531-2,,missing_pdb,False
P15586,,missing_pdb,False
P15703,,missing_pdb,False
P15735,/data/ranran/my_ptm/croton/data/structure_pipeline/pdb/P15735.pdb,exact_sequence_match,True
P15812,,missing_pdb,False
P15822,,missing_pdb,False
P15863,,missing_pdb,False
P15880,/data/ranran/my_ptm/croton/data/structure_pipeline/pdb/P15880.pdb,exact_sequence_match,True
P15891,,missing_pdb,False
P15907,,missing_pdb,False
P15918,,missing_pdb,False
P15927,/data/ranran/my_ptm/croton/data/structure_pipeline/pdb/P15927.pdb,exact_sequence_match,True
P15941,,missing_pdb,False
P15954,,missing_pdb,False
P15992,,missing_pdb,False
P16120,,missing_pdb,False
P16127,,missing_pdb,False
P16140,,missing_pdb,False
P16144,,missing_pdb,False
P16144-5,,missing_pdb,False
P16150,,missing_pdb,False
P16233,,missing_pdb,False
P16278,/data/ranran/my_ptm/croton/data/structure_pipeline/pdb/P16278.pdb,exact_sequence_match,True
P16284,,missing_pdb,False
P16301,,missing_pdb,False
P16442,,missing_pdb,False
P16444,,missing_pdb,False
P16473,,missing_pdb,False
P16550,,missing_pdb,False
P16581,,missing_pdb,False
P16603,,missing_pdb,False
P16620-2,,missing_pdb,False
P16639,,missing_pdb,False
P16649,,missing_pdb,False
P16664,,missing_pdb,False
P16861,,missing_pdb,False
P16870,,missing_pdb,False
P16871,,missing_pdb,False
P16882,,missing_pdb,False
P17010,,missing_pdb,False
P17010-2,,missing_pdb,False
P17020,,missing_pdb,False
P17023,,missing_pdb,False
P17040,,missing_pdb,False
P17041,,missing_pdb,False
P17050,,missing_pdb,False
P17065,,missing_pdb,False
P17095,,missing_pdb,False
P17096-3,,missing_pdb,False
P17105,,missing_pdb,False
P17106,,missing_pdb,False
P17119,,missing_pdb,False
P17121,,missing_pdb,False
P17152,,missing_pdb,False
P17213,,missing_pdb,False
P17255,,missing_pdb,False
P17275,,missing_pdb,False
P17301,,missing_pdb,False
P17342,,missing_pdb,False
P17423,,missing_pdb,False
P17480,/data/ranran/my_ptm/croton/data/structure_pipeline/pdb/P17480.pdb,exact_sequence_match,True
P17483,,missing_pdb,False
P17536,,missing_pdb,False
P17542,,missing_pdb,False
P17542-3,,missing_pdb,False
P17555,,missing_pdb,False
P17568,/data/ranran/my_ptm/croton/data/structure_pipeline/pdb/P17568.pdb,exact_sequence_match,True
P17624,,missing_pdb,False
P17629,,missing_pdb,False
P17659,,missing_pdb,False
P17677,,missing_pdb,False
P17695,,missing_pdb,False
P17710,,missing_pdb,False
P17745,,missing_pdb,False
P17751,,missing_pdb,False
P17812,/data/ranran/my_ptm/croton/data/structure_pipeline/pdb/P17812.pdb,exact_sequence_match,True
P17844-2,,missing_pdb,False
P17883,,missing_pdb,False
P17891,,missing_pdb,False
P17898,,missing_pdb,False
P17900,,missing_pdb,False
P17927,,missing_pdb,False
P17967,,missing_pdb,False
P18031,/data/ranran/my_ptm/croton/data/structure_pipeline/pdb/P18031.pdb,exact_sequence_match,True
P18052,,missing_pdb,False
P18065,,missing_pdb,False
P18206,/data/ranran/my_ptm/croton/data/structure_pipeline/pdb/P18206.pdb,exact_sequence_match,True
P18405,,missing_pdb,False
P18409,,missing_pdb,False
P18419,,missing_pdb,False
P18440,,missing_pdb,False
P18480,,missing_pdb,False
P18545,,missing_pdb,False
P18562,,missing_pdb,False
P18583-8,,missing_pdb,False
P18583-9,,missing_pdb,False
P18615,,missing_pdb,False
P18634,,missing_pdb,False
P18754,/data/ranran/my_ptm/croton/data/structure_pipeline/pdb/P18754.pdb,exact_sequence_match,True
P18819,,missing_pdb,False
P18826,,missing_pdb,False
P18828,,missing_pdb,False
P18846,,missing_pdb,False
P18847,,missing_pdb,False
P18848,,missing_pdb,False
P18852,,missing_pdb,False
P18858,/data/ranran/my_ptm/croton/data/structure_pipeline/pdb/P18858.pdb,exact_sequence_match,True
P18869,,missing_pdb,False
P18887,/data/ranran/my_ptm/croton/data/structure_pipeline/pdb/P18887.pdb;/data/ranran/my_ptm/croton/data/structure_pipeline/pdb/AF-P18887-F1-model_v6.pdb,sequence_mismatch,False
P18899,,missing_pdb,False
P18962,,missing_pdb,False
P18963,,missing_pdb,False
P19097,,missing_pdb,False
P19123,,missing_pdb,False
P19133,,missing_pdb,False
P19211,,missing_pdb,False
P19221,,missing_pdb,False
P19246,,missing_pdb,False
P19256,,missing_pdb,False
P19404,/data/ranran/my_ptm/croton/data/structure_pipeline/pdb/P19404.pdb,exact_sequence_match,True
P19438,,missing_pdb,False
P19440,/data/ranran/my_ptm/croton/data/structure_pipeline/pdb/P19440.pdb,exact_sequence_match,True
P19473,,missing_pdb,False
P19525,/data/ranran/my_ptm/croton/data/structure_pipeline/pdb/P19525.pdb,exact_sequence_match,True
P19532,/data/ranran/my_ptm/croton/data/structure_pipeline/pdb/P19532.pdb,exact_sequence_match,True
P19658,,missing_pdb,False
P19659,,missing_pdb,False
P19735,,missing_pdb,False
P19807,,missing_pdb,False
P19812,,missing_pdb,False
P19838,,missing_pdb,False
P19880,,missing_pdb,False
P19971,,missing_pdb,False
P20007,,missing_pdb,False
P20036,,missing_pdb,False
P20042,/data/ranran/my_ptm/croton/data/structure_pipeline/pdb/P20042.pdb,exact_sequence_match,True
P20048,,missing_pdb,False
P20049,,missing_pdb,False
P20050,,missing_pdb,False
P20051,,missing_pdb,False
P20052,,missing_pdb,False
P20065,,missing_pdb,False
P20081,,missing_pdb,False
P20095,,missing_pdb,False
P20138,,missing_pdb,False
P20155,,missing_pdb,False
P20240,,missing_pdb,False
P20264,,missing_pdb,False
P20272,,missing_pdb,False
P20273,,missing_pdb,False
P20290,/data/ranran/my_ptm/croton/data/structure_pipeline/pdb/P20290.pdb,exact_sequence_match,True
P20309,,missing_pdb,False
P20433,,missing_pdb,False
P20435,,missing_pdb,False
P20437,,missing_pdb,False
P20439-3,,missing_pdb,False
P20447,,missing_pdb,False
P20485,,missing_pdb,False
P20491,,missing_pdb,False
P20585,/data/ranran/my_ptm/croton/data/structure_pipeline/pdb/P20585.pdb,exact_sequence_match,True
P20592,,missing_pdb,False
P20645,/data/ranran/my_ptm/croton/data/structure_pipeline/pdb/P20645.pdb,exact_sequence_match,True
P20674,/data/ranran/my_ptm/croton/data/structure_pipeline/pdb/P20674.pdb,exact_sequence_match,True
P20701-2,,missing_pdb,False
P20749,,missing_pdb,False
P20774,,missing_pdb,False
P20795,,missing_pdb,False
P20826,,missing_pdb,False
P20827,,missing_pdb,False
P20839-3,,missing_pdb,False
P20851,,missing_pdb,False
P20917,,missing_pdb,False
P20933,,missing_pdb,False
P20962,,missing_pdb,False
P20963,,missing_pdb,False
P21127,/data/ranran/my_ptm/croton/data/structure_pipeline/pdb/P21127.pdb,exact_sequence_match,True
P21127-10,,missing_pdb,False
P21128,,missing_pdb,False
P21147,,missing_pdb,False
P21218,,missing_pdb,False
P21240,,missing_pdb,False
P21264,,missing_pdb,False
P21268,,missing_pdb,False
P21339,,missing_pdb,False
P21359-4,,missing_pdb,False
P21373,,missing_pdb,False
P21375,,missing_pdb,False
P21397,,missing_pdb,False
P21460,,missing_pdb,False
P21524,,missing_pdb,False
P21533,,missing_pdb,False
P21538,,missing_pdb,False
P21579,,missing_pdb,False
P21589,,missing_pdb,False
P21614,,missing_pdb,False
P21728,,missing_pdb,False
P21754,,missing_pdb,False
P21817,,missing_pdb,False
P21825,,missing_pdb,False
P21860,,missing_pdb,False
P21953,/data/ranran/my_ptm/croton/data/structure_pipeline/pdb/P21953.pdb,exact_sequence_match,True
P21957,,missing_pdb,False
P21964,/data/ranran/my_ptm/croton/data/structure_pipeline/pdb/P21964.pdb,exact_sequence_match,True
P21995,,missing_pdb,False
P22001,,missing_pdb,False
P22004,,missing_pdb,False
P22033,/data/ranran/my_ptm/croton/data/structure_pipeline/pdb/P22033.pdb,exact_sequence_match,True
P22061-2,,missing_pdb,False
P22082,,missing_pdb,False
P22102,/data/ranran/my_ptm/croton/data/structure_pipeline/pdb/P22102.pdb,exact_sequence_match,True
P22102-2,,missing_pdb,False
P22133,,missing_pdb,False
P22146,,missing_pdb,False
P22147,,missing_pdb,False
P22213,,missing_pdb,False
P22219,,missing_pdb,False
P22234-2,,missing_pdb,False
P22307-2,,missing_pdb,False
P22307-3,,missing_pdb,False
P22307-5,,missing_pdb,False
P22434,,missing_pdb,False
P22466,,missing_pdb,False
P22470,,missing_pdb,False
P22517,,missing_pdb,False
P22670,,missing_pdb,False
P22674,,missing_pdb,False
P22692,,missing_pdb,False
P22695,/data/ranran/my_ptm/croton/data/structure_pipeline/pdb/P22695.pdb,exact_sequence_match,True
P22735,,missing_pdb,False
P22749,,missing_pdb,False
P22768,,missing_pdb,False
P22794,,missing_pdb,False
P22830,/data/ranran/my_ptm/croton/data/structure_pipeline/pdb/P22830.pdb,exact_sequence_match,True
P22943,,missing_pdb,False
P23025,,missing_pdb,False
P23109,,missing_pdb,False
P23142,/data/ranran/my_ptm/croton/data/structure_pipeline/pdb/P23142.pdb,exact_sequence_match,True
P23201,,missing_pdb,False
P23202,,missing_pdb,False
P23246,/data/ranran/my_ptm/croton/data/structure_pipeline/pdb/P23246.pdb,exact_sequence_match,True
P23249,,missing_pdb,False
P23255,,missing_pdb,False
P23292,,missing_pdb,False
P23293,,missing_pdb,False
P23352,,missing_pdb,False
P23443,,missing_pdb,False
P23497-2,,missing_pdb,False
P23497-3,,missing_pdb,False
P23497-4,,missing_pdb,False
P23508,,missing_pdb,False
P23511,/data/ranran/my_ptm/croton/data/structure_pipeline/pdb/P23511.pdb,exact_sequence_match,True
P23560,,missing_pdb,False
P23563,,missing_pdb,False
P23588,/data/ranran/my_ptm/croton/data/structure_pipeline/pdb/P23588.pdb,exact_sequence_match,True
P23610,,missing_pdb,False
P23615,,missing_pdb,False
P23642,,missing_pdb,False
P23647,,missing_pdb,False
P23743-2,,missing_pdb,False
P23748,,missing_pdb,False
P23760,,missing_pdb,False
P23763,/data/ranran/my_ptm/croton/data/structure_pipeline/pdb/P23763.pdb,exact_sequence_match,True
P23769,,missing_pdb,False
P23776,,missing_pdb,False
P23900,,missing_pdb,False
P23919,/data/ranran/my_ptm/croton/data/structure_pipeline/pdb/P23919.pdb,exact_sequence_match,True
P23950,,missing_pdb,False
P24001,/data/ranran/my_ptm/croton/data/structure_pipeline/pdb/P24001.pdb,exact_sequence_match,True
P24004,,missing_pdb,False
P24278,,missing_pdb,False
P24279,,missing_pdb,False
P24311,,missing_pdb,False
P24385,,missing_pdb,False
P24394,,missing_pdb,False
P24394-2,,missing_pdb,False
P24482,,missing_pdb,False
P24522,,missing_pdb,False
P24539,/data/ranran/my_ptm/croton/data/structure_pipeline/pdb/P24539.pdb,exact_sequence_match,True
P24583,,missing_pdb,False
P24721,,missing_pdb,False
P24813,,missing_pdb,False
P24814,,missing_pdb,False
P24821,,missing_pdb,False
P24863,,missing_pdb,False
P24867,,missing_pdb,False
P24869,,missing_pdb,False
P24870,,missing_pdb,False
P25007,,missing_pdb,False
P25037,,missing_pdb,False
P25040,,missing_pdb,False
P25044,,missing_pdb,False
P25045,,missing_pdb,False
P25054,,missing_pdb,False
P25070,,missing_pdb,False
P25071,,missing_pdb,False
P25087,,missing_pdb,False
P25092,,missing_pdb,False
P25098,/data/ranran/my_ptm/croton/data/structure_pipeline/pdb/P25098.pdb,exact_sequence_match,True
P25119,,missing_pdb,False
P25208,,missing_pdb,False
P25233,,missing_pdb,False
P25293,,missing_pdb,False
P25294,,missing_pdb,False
P25297,,missing_pdb,False
P25298,,missing_pdb,False
P25300,,missing_pdb,False
P25325,/data/ranran/my_ptm/croton/data/structure_pipeline/pdb/P25325.pdb,exact_sequence_match,True
P25334,,missing_pdb,False
P25343,,missing_pdb,False
P25344,,missing_pdb,False
P25346,,missing_pdb,False
P25349,,missing_pdb,False
P25353,,missing_pdb,False
P25356,,missing_pdb,False
P25357,,missing_pdb,False
P25359,,missing_pdb,False
P25360,,missing_pdb,False
P25361,,missing_pdb,False
P25364,,missing_pdb,False
P25365,,missing_pdb,False
P25367,,missing_pdb,False
P25369,,missing_pdb,False
P25371,,missing_pdb,False
P25372,,missing_pdb,False
P25380,,missing_pdb,False
P25382,,missing_pdb,False
P25385,,missing_pdb,False
P25386,,missing_pdb,False
P25425,,missing_pdb,False
P25440,/data/ranran/my_ptm/croton/data/structure_pipeline/pdb/P25440.pdb,exact_sequence_match,True
P25441,,missing_pdb,False
P25445,,missing_pdb,False
P25451,,missing_pdb,False
P25454,,missing_pdb,False
P25490,/data/ranran/my_ptm/croton/data/structure_pipeline/pdb/P25490.pdb,exact_sequence_match,True
P25558,,missing_pdb,False
P25567,,missing_pdb,False
P25569,,missing_pdb,False
P25580,,missing_pdb,False
P25588,,missing_pdb,False
P25591,,missing_pdb,False
P25605,,missing_pdb,False
P25607,,missing_pdb,False
P25618,,missing_pdb,False
P25619,,missing_pdb,False
P25623,,missing_pdb,False
P25626,,missing_pdb,False
P25631,,missing_pdb,False
P25638,,missing_pdb,False
P25639,,missing_pdb,False
P25644,,missing_pdb,False
P25651,,missing_pdb,False
P25654,,missing_pdb,False
P25655,,missing_pdb,False
P25686,,missing_pdb,False
P25688,,missing_pdb,False
P25693,,missing_pdb,False
P25713,,missing_pdb,False
P25774,,missing_pdb,False
P25777,,missing_pdb,False
P25791,,missing_pdb,False
P25847,,missing_pdb,False
P25873,,missing_pdb,False
P25929,,missing_pdb,False
P25963,,missing_pdb,False
P25991-4,,missing_pdb,False
P26012,,missing_pdb,False
P26017,,missing_pdb,False
P26045,,missing_pdb,False
P26232,/data/ranran/my_ptm/croton/data/structure_pipeline/pdb/P26232.pdb,exact_sequence_match,True
P26262,,missing_pdb,False
P26309,,missing_pdb,False
P26358-2,,missing_pdb,False
P26358-3,,missing_pdb,False
P26367,,missing_pdb,False
P26370,,missing_pdb,False
P26373-2,,missing_pdb,False
P26374,/data/ranran/my_ptm/croton/data/structure_pipeline/pdb/P26374.pdb,exact_sequence_match,True
P26448,,missing_pdb,False
P26568,,missing_pdb,False
P26572,,missing_pdb,False
P26640,/data/ranran/my_ptm/croton/data/structure_pipeline/pdb/P26640.pdb,exact_sequence_match,True
P26641-2,,missing_pdb,False
P26651,,missing_pdb,False
P26718,,missing_pdb,False
P26754,,missing_pdb,False
P26755,,missing_pdb,False
P26842,,missing_pdb,False
P26889,,missing_pdb,False
P27037,,missing_pdb,False
P27105,/data/ranran/my_ptm/croton/data/structure_pipeline/pdb/P27105.pdb,exact_sequence_match,True
P27351,,missing_pdb,False
P27476,,missing_pdb,False
P27544,,missing_pdb,False
P27614,,missing_pdb,False
P27616,,missing_pdb,False
P27637,,missing_pdb,False
P27671,,missing_pdb,False
P27692,,missing_pdb,False
P27695,/data/ranran/my_ptm/croton/data/structure_pipeline/pdb/P27695.pdb,exact_sequence_match,True
P27786,,missing_pdb,False
P27801,,missing_pdb,False
P27809,,missing_pdb,False
P27815,,missing_pdb,False
P27816,/data/ranran/my_ptm/croton/data/structure_pipeline/pdb/P27816.pdb,exact_sequence_match,True
P27816-5,,missing_pdb,False
P27824-2,,missing_pdb,False
P27824-3,,missing_pdb,False
P27889,,missing_pdb,False
P27929,,missing_pdb,False
P27958,,missing_pdb,False
P28000,,missing_pdb,False
P28005,,missing_pdb,False
P28062,/data/ranran/my_ptm/croton/data/structure_pipeline/pdb/P28062.pdb,exact_sequence_match,True
P28067,,missing_pdb,False
P28263,,missing_pdb,False
P28272,,missing_pdb,False
P28288-3,,missing_pdb,False
P28290,,missing_pdb,False
P28298,,missing_pdb,False
P28321,,missing_pdb,False
P28324,,missing_pdb,False
P28328,,missing_pdb,False
P28331-2,,missing_pdb,False
P28344,,missing_pdb,False
P28360,,missing_pdb,False
P28625,,missing_pdb,False
P28651,,missing_pdb,False
P28658,,missing_pdb,False
P28667,,missing_pdb,False
P28668,,missing_pdb,False
P28676,,missing_pdb,False
P28702,/data/ranran/my_ptm/croton/data/structure_pipeline/pdb/P28702.pdb,exact_sequence_match,True
P28707,,missing_pdb,False
P28715,/data/ranran/my_ptm/croton/data/structure_pipeline/pdb/P28715.pdb,exact_sequence_match,True
P28715-3,,missing_pdb,False
P28742,,missing_pdb,False
P28743,,missing_pdb,False
P28795,,missing_pdb,False
P28799,,missing_pdb,False
P28825,,missing_pdb,False
P28907,,missing_pdb,False
P28908,,missing_pdb,False
P29029,,missing_pdb,False
P29055,,missing_pdb,False
P29083,/data/ranran/my_ptm/croton/data/structure_pipeline/pdb/P29083.pdb,exact_sequence_match,True
P29120,,missing_pdb,False
P29122-3,,missing_pdb,False
P29122-4,,missing_pdb,False
P29122-7,,missing_pdb,False
P29275,,missing_pdb,False
P29323,,missing_pdb,False
P29350-4,,missing_pdb,False
P29353,,missing_pdb,False
P29372,,missing_pdb,False
P29373,,missing_pdb,False
P29401-2,,missing_pdb,False
P29466,,missing_pdb,False
P29478,,missing_pdb,False
P29533,,missing_pdb,False
P29539,,missing_pdb,False
P29590-5,,missing_pdb,False
P29597,,missing_pdb,False
P29692,/data/ranran/my_ptm/croton/data/structure_pipeline/pdb/P29692.pdb,exact_sequence_match,True
P29692-2,,missing_pdb,False
P29704,,missing_pdb,False
P29728,,missing_pdb,False
P29788,,missing_pdb,False
P29951,,missing_pdb,False
P29966,/data/ranran/my_ptm/croton/data/structure_pipeline/pdb/P29966.pdb,exact_sequence_match,True
P30039,,missing_pdb,False
P30040,/data/ranran/my_ptm/croton/data/structure_pipeline/pdb/P30040.pdb,exact_sequence_match,True
P30043,,missing_pdb,False
P30044,/data/ranran/my_ptm/croton/data/structure_pipeline/pdb/P30044.pdb,exact_sequence_match,True
P30044-3,,missing_pdb,False
P30047,/data/ranran/my_ptm/croton/data/structure_pipeline/pdb/P30047.pdb,exact_sequence_match,True
P30049,/data/ranran/my_ptm/croton/data/structure_pipeline/pdb/P30049.pdb,exact_sequence_match,True
P30050-2,,missing_pdb,False
P30154-2,,missing_pdb,False
P30204,,missing_pdb,False
P30261,,missing_pdb,False
P30287,,missing_pdb,False
P30291,,missing_pdb,False
P30305-4,,missing_pdb,False
P30307,,missing_pdb,False
P30348,,missing_pdb,False
P30405-2,,missing_pdb,False
P30414,/data/ranran/my_ptm/croton/data/structure_pipeline/pdb/P30414.pdb,exact_sequence_match,True
P30519,/data/ranran/my_ptm/croton/data/structure_pipeline/pdb/P30519.pdb,exact_sequence_match,True
P30561,,missing_pdb,False
P30584,,missing_pdb,False
P30606,,missing_pdb,False
P30622,/data/ranran/my_ptm/croton/data/structure_pipeline/pdb/P30622.pdb,exact_sequence_match,True
P30740-2,,missing_pdb,False
P30771,,missing_pdb,False
P30793,,missing_pdb,False
P30821,,missing_pdb,False
P30822,,missing_pdb,False
P30933,,missing_pdb,False
P30989,,missing_pdb,False
P31016,,missing_pdb,False
P31040,/data/ranran/my_ptm/croton/data/structure_pipeline/pdb/P31040.pdb,exact_sequence_match,True
P31040-3,,missing_pdb,False
P31152,,missing_pdb,False
P31153-2,,missing_pdb,False
P31244,,missing_pdb,False
P31249,,missing_pdb,False
P31260,,missing_pdb,False
P31266,,missing_pdb,False
P31269,,missing_pdb,False
P31271,,missing_pdb,False
P31277,,missing_pdb,False
P31314,,missing_pdb,False
P31323,/data/ranran/my_ptm/croton/data/structure_pipeline/pdb/P31323.pdb,exact_sequence_match,True
P31374,,missing_pdb,False
P31381,,missing_pdb,False
P31384,,missing_pdb,False
P31385,,missing_pdb,False
P31629,,missing_pdb,False
P31785,,missing_pdb,False
P31809,,missing_pdb,False
P31937,/data/ranran/my_ptm/croton/data/structure_pipeline/pdb/P31937.pdb,exact_sequence_match,True
P31942,,missing_pdb,False
P31949,/data/ranran/my_ptm/croton/data/structure_pipeline/pdb/P31949.pdb,exact_sequence_match,True
P32019,,missing_pdb,False
P32047,,missing_pdb,False
P32048,,missing_pdb,False
P32067,,missing_pdb,False
P32074,,missing_pdb,False
P32178,,missing_pdb,False
P32190,,missing_pdb,False
P32242,,missing_pdb,False
P32249,,missing_pdb,False
P32259,,missing_pdb,False
P32261,,missing_pdb,False
P32263,,missing_pdb,False
P32266,,missing_pdb,False
P32299,,missing_pdb,False
P32319,,missing_pdb,False
P32321,,missing_pdb,False
P32334,,missing_pdb,False
P32335,,missing_pdb,False
P32336,,missing_pdb,False
P32337,,missing_pdb,False
P32338,,missing_pdb,False
P32339,,missing_pdb,False
P32341,,missing_pdb,False
P32342,,missing_pdb,False
P32343,,missing_pdb,False
P32350,,missing_pdb,False
P32351,,missing_pdb,False
P32353,,missing_pdb,False
P32364,,missing_pdb,False
P32378,,missing_pdb,False
P32383,,missing_pdb,False
P32389,,missing_pdb,False
P32432,,missing_pdb,False
P32452,,missing_pdb,False
P32454,,missing_pdb,False
P32457,,missing_pdb,False
P32458,,missing_pdb,False
P32461,,missing_pdb,False
P32469,,missing_pdb,False
P32476,,missing_pdb,False
P32478,,missing_pdb,False
P32479,,missing_pdb,False
P32481,,missing_pdb,False
P32487,,missing_pdb,False
P32496,,missing_pdb,False
P32497,,missing_pdb,False
P32499,,missing_pdb,False
P32501,,missing_pdb,False
P32502,,missing_pdb,False
P32504,,missing_pdb,False
P32519,,missing_pdb,False
P32521,,missing_pdb,False
P32525,,missing_pdb,False
P32528,,missing_pdb,False
P32562,,missing_pdb,False
P32564,,missing_pdb,False
P32566,,missing_pdb,False
P32569,,missing_pdb,False
P32570,,missing_pdb,False
P32573,,missing_pdb,False
P32578,,missing_pdb,False
P32582,,missing_pdb,False
P32583,,missing_pdb,False
P32591,,missing_pdb,False
P32597,,missing_pdb,False
P32604,,missing_pdb,False
P32608,,missing_pdb,False
P32609,,missing_pdb,False
P32617,,missing_pdb,False
P32618,,missing_pdb,False
P32623,,missing_pdb,False
P32626,,missing_pdb,False
P32634,,missing_pdb,False
P32645,,missing_pdb,False
P32656,,missing_pdb,False
P32747,,missing_pdb,False
P32767,,missing_pdb,False
P32770,,missing_pdb,False
P32772,,missing_pdb,False
P32773,,missing_pdb,False
P32774,,missing_pdb,False
P32789,,missing_pdb,False
P32790,,missing_pdb,False
P32791,,missing_pdb,False
P32793,,missing_pdb,False
P32795,,missing_pdb,False
P32796,,missing_pdb,False
P32807,,missing_pdb,False
P32828,,missing_pdb,False
P32832,,missing_pdb,False
P32842,,missing_pdb,False
P32844,,missing_pdb,False
P32848,,missing_pdb,False
P32854,,missing_pdb,False
P32855,,missing_pdb,False
P32862,,missing_pdb,False
P32863,,missing_pdb,False
P32896,,missing_pdb,False
P32900,,missing_pdb,False
P32913,,missing_pdb,False
P32916,,missing_pdb,False
P32917,,missing_pdb,False
P32927,,missing_pdb,False
P32942,,missing_pdb,False
P32944,,missing_pdb,False
P32945,,missing_pdb,False
P32970,,missing_pdb,False
P33076,,missing_pdb,False
P33122,,missing_pdb,False
P33202,,missing_pdb,False
P33203,,missing_pdb,False
P33241,,missing_pdb,False
P33296,,missing_pdb,False
P33300,,missing_pdb,False
P33311,,missing_pdb,False
P33316,/data/ranran/my_ptm/croton/data/structure_pipeline/pdb/P33316.pdb,exact_sequence_match,True
P33317,,missing_pdb,False
P33329,,missing_pdb,False
P33332,,missing_pdb,False
P33333,,missing_pdb,False
P33335,,missing_pdb,False
P33336,,missing_pdb,False
P33338,,missing_pdb,False
P33339,,missing_pdb,False
P33399,,missing_pdb,False
P33400,,missing_pdb,False
P33402,,missing_pdb,False
P33413,,missing_pdb,False
P33416,,missing_pdb,False
P33418,,missing_pdb,False
P33420,,missing_pdb,False
P33441,,missing_pdb,False
P33532,,missing_pdb,False
P33749,,missing_pdb,False
P33753,,missing_pdb,False
P33754,,missing_pdb,False
P33767,,missing_pdb,False
P33775,,missing_pdb,False
P33891,,missing_pdb,False
P33892,,missing_pdb,False
P33895,,missing_pdb,False
P33896,,missing_pdb,False
P33897,/data/ranran/my_ptm/croton/data/structure_pipeline/pdb/P33897.pdb,exact_sequence_match,True
P33981,,missing_pdb,False
P33992,/data/ranran/my_ptm/croton/data/structure_pipeline/pdb/P33992.pdb,exact_sequence_match,True
P33993-2,,missing_pdb,False
P34080,,missing_pdb,False
P34111,,missing_pdb,False
P34160,,missing_pdb,False
P34163,,missing_pdb,False
P34167,,missing_pdb,False
P34216,,missing_pdb,False
P34217,,missing_pdb,False
P34219,,missing_pdb,False
P34222,,missing_pdb,False
P34223,,missing_pdb,False
P34225,,missing_pdb,False
P34226,,missing_pdb,False
P34230,,missing_pdb,False
P34231,,missing_pdb,False
P34233,,missing_pdb,False
P34237,,missing_pdb,False
P34240,,missing_pdb,False
P34241,,missing_pdb,False
P34243,,missing_pdb,False
P34244,,missing_pdb,False
P34246,,missing_pdb,False
P34248,,missing_pdb,False
P34250,,missing_pdb,False
P34901,,missing_pdb,False
P34909,,missing_pdb,False
P34913,/data/ranran/my_ptm/croton/data/structure_pipeline/pdb/P34913.pdb,exact_sequence_match,True
P34925,,missing_pdb,False
P34928,,missing_pdb,False
P34969,,missing_pdb,False
P34972,,missing_pdb,False
P35030,,missing_pdb,False
P35056,,missing_pdb,False
P35172,,missing_pdb,False
P35179,,missing_pdb,False
P35180,,missing_pdb,False
P35182,,missing_pdb,False
P35189,,missing_pdb,False
P35193,,missing_pdb,False
P35194,,missing_pdb,False
P35196,,missing_pdb,False
P35206,,missing_pdb,False
P35209,,missing_pdb,False
P35221-3,,missing_pdb,False
P35227,,missing_pdb,False
P35228,,missing_pdb,False
P35236,,missing_pdb,False
P35240-2,,missing_pdb,False
P35240-7,,missing_pdb,False
P35241-2,,missing_pdb,False
P35241-3,,missing_pdb,False
P35241-4,,missing_pdb,False
P35244,/data/ranran/my_ptm/croton/data/structure_pipeline/pdb/P35244.pdb,exact_sequence_match,True
P35249,/data/ranran/my_ptm/croton/data/structure_pipeline/pdb/P35249.pdb,exact_sequence_match,True
P35251,/data/ranran/my_ptm/croton/data/structure_pipeline/pdb/P35251.pdb,exact_sequence_match,True
P35288,,missing_pdb,False
P35318,,missing_pdb,False
P35348,,missing_pdb,False
P35354,,missing_pdb,False
P35367,,missing_pdb,False
P35408,,missing_pdb,False
P35428,,missing_pdb,False
P35433,,missing_pdb,False
P35438,,missing_pdb,False
P35492,,missing_pdb,False
P35520-2,,missing_pdb,False
P35527,/data/ranran/my_ptm/croton/data/structure_pipeline/pdb/P35527.pdb,exact_sequence_match,True
P35556,,missing_pdb,False
P35579-2,,missing_pdb,False
P35610,/data/ranran/my_ptm/croton/data/structure_pipeline/pdb/P35610.pdb,exact_sequence_match,True
P35611-3,,missing_pdb,False
P35639,,missing_pdb,False
P35658,/data/ranran/my_ptm/croton/data/structure_pipeline/pdb/P35658.pdb,exact_sequence_match,True
P35663,,missing_pdb,False
P35688,,missing_pdb,False
P35712,,missing_pdb,False
P35718,,missing_pdb,False
P35723,,missing_pdb,False
P35724,,missing_pdb,False
P35725,,missing_pdb,False
P35727,,missing_pdb,False
P35729,,missing_pdb,False
P35732,,missing_pdb,False
P35737,,missing_pdb,False
P35790,,missing_pdb,False
P35803,,missing_pdb,False
P35813,/data/ranran/my_ptm/croton/data/structure_pipeline/pdb/P35813.pdb,exact_sequence_match,True
P35817,,missing_pdb,False
P35844,,missing_pdb,False
P35914,/data/ranran/my_ptm/croton/data/structure_pipeline/pdb/P35914.pdb,exact_sequence_match,True
P35914-2,,missing_pdb,False
P35914-3,,missing_pdb,False
P35918,,missing_pdb,False
P35995,,missing_pdb,False
P36004,,missing_pdb,False
P36006,,missing_pdb,False
P36013,,missing_pdb,False
P36029,,missing_pdb,False
P36035,,missing_pdb,False
P36040,,missing_pdb,False
P36046,,missing_pdb,False
P36053,,missing_pdb,False
P36057,,missing_pdb,False
P36059,,missing_pdb,False
P36060,,missing_pdb,False
P36062,,missing_pdb,False
P36069,,missing_pdb,False
P36076,,missing_pdb,False
P36078,,missing_pdb,False
P36081,,missing_pdb,False
P36085,,missing_pdb,False
P36088,,missing_pdb,False
P36090,,missing_pdb,False
P36093,,missing_pdb,False
P36094,,missing_pdb,False
P36100,,missing_pdb,False
P36101,,missing_pdb,False
P36102,,missing_pdb,False
P36103,,missing_pdb,False
P36107,,missing_pdb,False
P36113,,missing_pdb,False
P36116,,missing_pdb,False
P36118,,missing_pdb,False
P36119,,missing_pdb,False
P36121,,missing_pdb,False
P36122,,missing_pdb,False
P36124,,missing_pdb,False
P36132,,missing_pdb,False
P36134,,missing_pdb,False
P36138,,missing_pdb,False
P36139,,missing_pdb,False
P36149,,missing_pdb,False
P36150,,missing_pdb,False
P36152,,missing_pdb,False
P36154,,missing_pdb,False
P36155,,missing_pdb,False
P36159,,missing_pdb,False
P36160,,missing_pdb,False
P36165,,missing_pdb,False
P36166,,missing_pdb,False
P36167,,missing_pdb,False
P36168,,missing_pdb,False
P36169,,missing_pdb,False
P36210,,missing_pdb,False
P36406,,missing_pdb,False
P36536,,missing_pdb,False
P36551,,missing_pdb,False
P36597,,missing_pdb,False
P36629,,missing_pdb,False
P36639,,missing_pdb,False
P36775,,missing_pdb,False
P36871-3,,missing_pdb,False
P36888,,missing_pdb,False
P36915,,missing_pdb,False
P36941,,missing_pdb,False
P36952,,missing_pdb,False
P36954,/data/ranran/my_ptm/croton/data/structure_pipeline/pdb/P36954.pdb,exact_sequence_match,True
P36956,,missing_pdb,False
P37088-3,,missing_pdb,False
P37088-5,,missing_pdb,False
P37108,/data/ranran/my_ptm/croton/data/structure_pipeline/pdb/P37108.pdb,exact_sequence_match,True
P37198,/data/ranran/my_ptm/croton/data/structure_pipeline/pdb/P37198.pdb,exact_sequence_match,True
P37231,,missing_pdb,False
P37235,/data/ranran/my_ptm/croton/data/structure_pipeline/pdb/P37235.pdb,exact_sequence_match,True
P37254,,missing_pdb,False
P37287,,missing_pdb,False
P37297,,missing_pdb,False
P37303,,missing_pdb,False
P37304,,missing_pdb,False
P37370,,missing_pdb,False
P37802-2,,missing_pdb,False
P37838,,missing_pdb,False
P38013,,missing_pdb,False
P38040,,missing_pdb,False
P38065,,missing_pdb,False
P38069,,missing_pdb,False
P38074,,missing_pdb,False
P38077,,missing_pdb,False
P38079,,missing_pdb,False
P38080,,missing_pdb,False
P38081,,missing_pdb,False
P38082,,missing_pdb,False
P38085,,missing_pdb,False
P38086,,missing_pdb,False
P38089,,missing_pdb,False
P38093,,missing_pdb,False
P38109,,missing_pdb,False
P38110,,missing_pdb,False
P38115,,missing_pdb,False
P38117,/data/ranran/my_ptm/croton/data/structure_pipeline/pdb/P38117.pdb,exact_sequence_match,True
P38129,,missing_pdb,False
P38130,,missing_pdb,False
P38132,,missing_pdb,False
P38137,,missing_pdb,False
P38139,,missing_pdb,False
P38144,,missing_pdb,False
P38145,,missing_pdb,False
P38147,,missing_pdb,False
P38148,,missing_pdb,False
P38153,,missing_pdb,False
P38159-3,,missing_pdb,False
P38166,,missing_pdb,False
P38170,,missing_pdb,False
P38180,,missing_pdb,False
P38181,,missing_pdb,False
P38196,,missing_pdb,False
P38199,,missing_pdb,False
P38201,,missing_pdb,False
P38203,,missing_pdb,False
P38206,,missing_pdb,False
P38213,,missing_pdb,False
P38216,,missing_pdb,False
P38217,,missing_pdb,False
P38226,,missing_pdb,False
P38227,,missing_pdb,False
P38230,,missing_pdb,False
P38235,,missing_pdb,False
P38239,,missing_pdb,False
P38243,,missing_pdb,False
P38244,,missing_pdb,False
P38250,,missing_pdb,False
P38255,,missing_pdb,False
P38260,,missing_pdb,False
P38261,,missing_pdb,False
P38263,,missing_pdb,False
P38264,,missing_pdb,False
P38266,,missing_pdb,False
P38271,,missing_pdb,False
P38272,,missing_pdb,False
P38274,,missing_pdb,False
P38276,,missing_pdb,False
P38277,,missing_pdb,False
P38279,,missing_pdb,False
P38283,,missing_pdb,False
P38284,,missing_pdb,False
P38285,,missing_pdb,False
P38286,,missing_pdb,False
P38288,,missing_pdb,False
P38297,,missing_pdb,False
P38301,,missing_pdb,False
P38308,,missing_pdb,False
P38310,,missing_pdb,False
P38314,,missing_pdb,False
P38315,,missing_pdb,False
P38318,,missing_pdb,False
P38321,,missing_pdb,False
P38328,,missing_pdb,False
P38330,,missing_pdb,False
P38331,,missing_pdb,False
P38333,,missing_pdb,False
P38335,,missing_pdb,False
P38336,,missing_pdb,False
P38342,,missing_pdb,False
P38348,,missing_pdb,False
P38349,,missing_pdb,False
P38351,,missing_pdb,False
P38352,,missing_pdb,False
P38355,,missing_pdb,False
P38356,,missing_pdb,False
P38360,,missing_pdb,False
P38398,,missing_pdb,False
P38398-2,,missing_pdb,False
P38398-3,,missing_pdb,False
P38427,,missing_pdb,False
P38428,,missing_pdb,False
P38432,,missing_pdb,False
P38435,/data/ranran/my_ptm/croton/data/structure_pipeline/pdb/P38435.pdb,exact_sequence_match,True
P38439,,missing_pdb,False
P38484,,missing_pdb,False
P38570,,missing_pdb,False
P38571,,missing_pdb,False
P38623,,missing_pdb,False
P38628,,missing_pdb,False
P38634,,missing_pdb,False
P38636,,missing_pdb,False
P38666,,missing_pdb,False
P38694,,missing_pdb,False
P38695,,missing_pdb,False
P38700,,missing_pdb,False
P38703,,missing_pdb,False
P38704,,missing_pdb,False
P38710,,missing_pdb,False
P38713,,missing_pdb,False
P38717,,missing_pdb,False
P38721,,missing_pdb,False
P38722,,missing_pdb,False
P38736,,missing_pdb,False
P38737,,missing_pdb,False
P38738,,missing_pdb,False
P38739,,missing_pdb,False
P38741,,missing_pdb,False
P38750,,missing_pdb,False
P38753,,missing_pdb,False
P38759,,missing_pdb,False
P38760,,missing_pdb,False
P38766,,missing_pdb,False
P38767,,missing_pdb,False
P38768,,missing_pdb,False
P38775,,missing_pdb,False
P38777,,missing_pdb,False
P38779,,missing_pdb,False
P38780,,missing_pdb,False
P38781,,missing_pdb,False
P38782,,missing_pdb,False
P38787,,missing_pdb,False
P38788,,missing_pdb,False
P38791,,missing_pdb,False
P38793,,missing_pdb,False
P38799,,missing_pdb,False
P38803,,missing_pdb,False
P38809,,missing_pdb,False
P38810,,missing_pdb,False
P38811,,missing_pdb,False
P38822,,missing_pdb,False
P38823,,missing_pdb,False
P38825,,missing_pdb,False
P38827,,missing_pdb,False
P38828,,missing_pdb,False
P38829,,missing_pdb,False
P38833,,missing_pdb,False
P38835,,missing_pdb,False
P38836,,missing_pdb,False
P38839,,missing_pdb,False
P38841,,missing_pdb,False
P38845,,missing_pdb,False
P38849,,missing_pdb,False
P38853,,missing_pdb,False
P38856,,missing_pdb,False
P38860,,missing_pdb,False
P38873,,missing_pdb,False
P38875,,missing_pdb,False
P38879,,missing_pdb,False
P38882,,missing_pdb,False
P38883,,missing_pdb,False
P38886,,missing_pdb,False
P38889,,missing_pdb,False
P38892,,missing_pdb,False
P38900,,missing_pdb,False
P38903,,missing_pdb,False
P38904,,missing_pdb,False
P38910,,missing_pdb,False
P38911,,missing_pdb,False
P38912,,missing_pdb,False
P38915,,missing_pdb,False
P38920,,missing_pdb,False
P38925,,missing_pdb,False
P38928,,missing_pdb,False
P38929,,missing_pdb,False
P38930,,missing_pdb,False
P38934,,missing_pdb,False
P38935,,missing_pdb,False
P38936,,missing_pdb,False
P38954,,missing_pdb,False
P38957,,missing_pdb,False
P38959,,missing_pdb,False
P38966,,missing_pdb,False
P38972,,missing_pdb,False
P38985,,missing_pdb,False
P38986,,missing_pdb,False
P38987,,missing_pdb,False
P38988,,missing_pdb,False
P38992,,missing_pdb,False
P38993,,missing_pdb,False
P38998,,missing_pdb,False
P39001,,missing_pdb,False
P39006,,missing_pdb,False
P39009,,missing_pdb,False
P39010,,missing_pdb,False
P39013,,missing_pdb,False
P39014,,missing_pdb,False
P39015,,missing_pdb,False
P39016,,missing_pdb,False
P39059,,missing_pdb,False
P39060,,missing_pdb,False
P39102,,missing_pdb,False
P39103,,missing_pdb,False
P39104,,missing_pdb,False
P39107,,missing_pdb,False
P39108,,missing_pdb,False
P39205,,missing_pdb,False
P39210,,missing_pdb,False
P39518,,missing_pdb,False
P39520,,missing_pdb,False
P39522,,missing_pdb,False
P39526,,missing_pdb,False
P39538,,missing_pdb,False
P39542,,missing_pdb,False
P39547,,missing_pdb,False
P39567,,missing_pdb,False
P39656,,missing_pdb,False
P39676,,missing_pdb,False
P39678,,missing_pdb,False
P39683,,missing_pdb,False
P39685,,missing_pdb,False
P39697,,missing_pdb,False
P39702,,missing_pdb,False
P39705,,missing_pdb,False
P39718,,missing_pdb,False
P39721,,missing_pdb,False
P39731,,missing_pdb,False
P39742,,missing_pdb,False
P39743,,missing_pdb,False
P39744,,missing_pdb,False
P39880-3,,missing_pdb,False
P39904,,missing_pdb,False
P39923,,missing_pdb,False
P39926,,missing_pdb,False
P39928,,missing_pdb,False
P39929,,missing_pdb,False
P39931,,missing_pdb,False
P39935,,missing_pdb,False
P39943,,missing_pdb,False
P39945,,missing_pdb,False
P39955,,missing_pdb,False
P39959,,missing_pdb,False
P39960,,missing_pdb,False
P39965,,missing_pdb,False
P39966,,missing_pdb,False
P39967,,missing_pdb,False
P39968,,missing_pdb,False
P39969,,missing_pdb,False
P39971,,missing_pdb,False
P39972,,missing_pdb,False
P39980,,missing_pdb,False
P39981,,missing_pdb,False
P39992,,missing_pdb,False
P39993,,missing_pdb,False
P39995,,missing_pdb,False
P39998,,missing_pdb,False
P40002,,missing_pdb,False
P40008,,missing_pdb,False
P40010,,missing_pdb,False
P40013,,missing_pdb,False
P40015,,missing_pdb,False
P40016,,missing_pdb,False
P40020,,missing_pdb,False
P40021,,missing_pdb,False
P40022,,missing_pdb,False
P40026,,missing_pdb,False
P40037,,missing_pdb,False
P40038,,missing_pdb,False
P40040,,missing_pdb,False
P40043,,missing_pdb,False
P40046,,missing_pdb,False
P40050,,missing_pdb,False
P40055,,missing_pdb,False
P40056,,missing_pdb,False
P40059,,missing_pdb,False
P40061,,missing_pdb,False
P40069,,missing_pdb,False
P40071,,missing_pdb,False
P40075,,missing_pdb,False
P40077,,missing_pdb,False
P40080,,missing_pdb,False
P40081,,missing_pdb,False
P40084,,missing_pdb,False
P40087,,missing_pdb,False
P40088,,missing_pdb,False
P40091,,missing_pdb,False
P40094,,missing_pdb,False
P40096,,missing_pdb,False
P40106,,missing_pdb,False
P40157,,missing_pdb,False
P40159,,missing_pdb,False
P40160,,missing_pdb,False
P40189,,missing_pdb,False
P40197,,missing_pdb,False
P40200,,missing_pdb,False
P40202,,missing_pdb,False
P40209,,missing_pdb,False
P40210,,missing_pdb,False
P40214,,missing_pdb,False
P40215,,missing_pdb,False
P40218,,missing_pdb,False
P40222,/data/ranran/my_ptm/croton/data/structure_pipeline/pdb/P40222.pdb,exact_sequence_match,True
P40223,,missing_pdb,False
P40233,,missing_pdb,False
P40238,,missing_pdb,False
P40259,,missing_pdb,False
P40309,,missing_pdb,False
P40317,,missing_pdb,False
P40318,,missing_pdb,False
P40319,,missing_pdb,False
P40325,,missing_pdb,False
P40328,,missing_pdb,False
P40335,,missing_pdb,False
P40337,,missing_pdb,False
P40340,,missing_pdb,False
P40341,,missing_pdb,False
P40345,,missing_pdb,False
P40347,,missing_pdb,False
P40351,,missing_pdb,False
P40354,,missing_pdb,False
P40357,,missing_pdb,False
P40362,,missing_pdb,False
P40363,,missing_pdb,False
P40366,,missing_pdb,False
P40386,,missing_pdb,False
P40387,,missing_pdb,False
P40395,,missing_pdb,False
P40422,,missing_pdb,False
P40424,,missing_pdb,False
P40442,,missing_pdb,False
P40447,,missing_pdb,False
P40449,,missing_pdb,False
P40451,,missing_pdb,False
P40453,,missing_pdb,False
P40460,,missing_pdb,False
P40462,,missing_pdb,False
P40466,,missing_pdb,False
P40467,,missing_pdb,False
P40468,,missing_pdb,False
P40471,,missing_pdb,False
P40476,,missing_pdb,False
P40477,,missing_pdb,False
P40483,,missing_pdb,False
P40485,,missing_pdb,False
P40486,,missing_pdb,False
P40489,,missing_pdb,False
P40498,,missing_pdb,False
P40506,,missing_pdb,False
P40508,,missing_pdb,False
P40509,,missing_pdb,False
P40515,,missing_pdb,False
P40525,,missing_pdb,False
P40528,,missing_pdb,False
P40529,,missing_pdb,False
P40531,,missing_pdb,False
P40532,,missing_pdb,False
P40535,,missing_pdb,False
P40547,,missing_pdb,False
P40548,,missing_pdb,False
P40557,,missing_pdb,False
P40559,,missing_pdb,False
P40561,,missing_pdb,False
P40563,,missing_pdb,False
P40566,,missing_pdb,False
P40578,,missing_pdb,False
P40580,,missing_pdb,False
P40582,,missing_pdb,False
P40748,,missing_pdb,False
P40763,/data/ranran/my_ptm/croton/data/structure_pipeline/pdb/P40763.pdb,exact_sequence_match,True
P40796,,missing_pdb,False
P40797,,missing_pdb,False
P40818,/data/ranran/my_ptm/croton/data/structure_pipeline/pdb/P40818.pdb,exact_sequence_match,True
P40850,,missing_pdb,False
P40851,,missing_pdb,False
P40855,,missing_pdb,False
P40856,,missing_pdb,False
P40893,,missing_pdb,False
P40897,,missing_pdb,False
P40917,,missing_pdb,False
P40925-2,,missing_pdb,False
P40925-3,,missing_pdb,False
P40938,/data/ranran/my_ptm/croton/data/structure_pipeline/pdb/P40938.pdb,exact_sequence_match,True
P40939,/data/ranran/my_ptm/croton/data/structure_pipeline/pdb/P40939.pdb,exact_sequence_match,True
P40941,,missing_pdb,False
P40956,,missing_pdb,False
P40959,,missing_pdb,False
P40961,,missing_pdb,False
P40986,,missing_pdb,False
P40998,,missing_pdb,False
P41002,,missing_pdb,False
P41134,,missing_pdb,False
P41161,,missing_pdb,False
P41162-2,,missing_pdb,False
P41182,,missing_pdb,False
P41212,,missing_pdb,False
P41214,,missing_pdb,False
P41220,,missing_pdb,False
P41226,,missing_pdb,False
P41231,,missing_pdb,False
P41235,,missing_pdb,False
P41236,/data/ranran/my_ptm/croton/data/structure_pipeline/pdb/P41236.pdb,exact_sequence_match,True
P41247,/data/ranran/my_ptm/croton/data/structure_pipeline/pdb/P41247.pdb,exact_sequence_match,True
P41252,/data/ranran/my_ptm/croton/data/structure_pipeline/pdb/P41252.pdb,exact_sequence_match,True
P41273,,missing_pdb,False
P41279,,missing_pdb,False
P41350,,missing_pdb,False
P41440,,missing_pdb,False
P41543,,missing_pdb,False
P41544,,missing_pdb,False
P41593,,missing_pdb,False
P41594,,missing_pdb,False
P41595,,missing_pdb,False
P41697,,missing_pdb,False
P41698,,missing_pdb,False
P41800,,missing_pdb,False
P41807,,missing_pdb,False
P41809,,missing_pdb,False
P41810,,missing_pdb,False
P41812,,missing_pdb,False
P41813,,missing_pdb,False
P41818,,missing_pdb,False
P41834,,missing_pdb,False
P41895,,missing_pdb,False
P41896,,missing_pdb,False
P41903,,missing_pdb,False
P41911,,missing_pdb,False
P41930,,missing_pdb,False
P42073,,missing_pdb,False
P42081,,missing_pdb,False
P42126,/data/ranran/my_ptm/croton/data/structure_pipeline/pdb/P42126.pdb,exact_sequence_match,True
P42166,/data/ranran/my_ptm/croton/data/structure_pipeline/pdb/P42166.pdb,exact_sequence_match,True
P42167,,missing_pdb,False
P42167-2,,missing_pdb,False
P42223,,missing_pdb,False
P42226,,missing_pdb,False
P42345,/data/ranran/my_ptm/croton/data/structure_pipeline/pdb/P42345.pdb,exact_sequence_match,True
P42551,,missing_pdb,False
P42566-2,,missing_pdb,False
P42568,,missing_pdb,False
P42574,,missing_pdb,False
P42575,,missing_pdb,False
P42679,,missing_pdb,False
P42684,/data/ranran/my_ptm/croton/data/structure_pipeline/pdb/P42684.pdb,exact_sequence_match,True
P42694,,missing_pdb,False
P42695,,missing_pdb,False
P42696,,missing_pdb,False
P42702,,missing_pdb,False
P42704,/data/ranran/my_ptm/croton/data/structure_pipeline/pdb/P42704.pdb,exact_sequence_match,True
P42763,,missing_pdb,False
P42773,/data/ranran/my_ptm/croton/data/structure_pipeline/pdb/P42773.pdb,exact_sequence_match,True
P42774,,missing_pdb,False
P42826,,missing_pdb,False
P42836,,missing_pdb,False
P42838,,missing_pdb,False
P42842,,missing_pdb,False
P42858,,missing_pdb,False
P42898,/data/ranran/my_ptm/croton/data/structure_pipeline/pdb/P42898.pdb,exact_sequence_match,True
P42937,,missing_pdb,False
P42941,,missing_pdb,False
P42945,,missing_pdb,False
P42951,,missing_pdb,False
P43004,,missing_pdb,False
P43120,,missing_pdb,False
P43234,,missing_pdb,False
P43243-2,,missing_pdb,False
P43351,,missing_pdb,False
P43364,,missing_pdb,False
P43366,,missing_pdb,False
P43405,,missing_pdb,False
P43490,/data/ranran/my_ptm/croton/data/structure_pipeline/pdb/P43490.pdb,exact_sequence_match,True
P43535,,missing_pdb,False
P43538,,missing_pdb,False
P43556,,missing_pdb,False
P43558,,missing_pdb,False
P43563,,missing_pdb,False
P43564,,missing_pdb,False
P43572,,missing_pdb,False
P43574,,missing_pdb,False
P43582,,missing_pdb,False
P43583,,missing_pdb,False
P43586,,missing_pdb,False
P43587,,missing_pdb,False
P43590,,missing_pdb,False
P43592,,missing_pdb,False
P43596,,missing_pdb,False
P43597,,missing_pdb,False
P43606,,missing_pdb,False
P43610,,missing_pdb,False
P43611,,missing_pdb,False
P43612,,missing_pdb,False
P43613,,missing_pdb,False
P43620,,missing_pdb,False
P43630,,missing_pdb,False
P43633,,missing_pdb,False
P43635,,missing_pdb,False
P43636,,missing_pdb,False
P43638,,missing_pdb,False
P43639,,missing_pdb,False
P43682,,missing_pdb,False
P43699,,missing_pdb,False
P43897,/data/ranran/my_ptm/croton/data/structure_pipeline/pdb/P43897.pdb,exact_sequence_match,True
P45448,,missing_pdb,False
P45954-2,,missing_pdb,False
P45976,,missing_pdb,False
P45978,,missing_pdb,False
P45983-5,,missing_pdb,False
P45985-2,,missing_pdb,False
P46013,,missing_pdb,False
P46061,,missing_pdb,False
P46063,/data/ranran/my_ptm/croton/data/structure_pipeline/pdb/P46063.pdb,exact_sequence_match,True
P46087,/data/ranran/my_ptm/croton/data/structure_pipeline/pdb/P46087.pdb,exact_sequence_match,True
P46099,,missing_pdb,False
P46100,/data/ranran/my_ptm/croton/data/structure_pipeline/pdb/P46100.pdb;/data/ranran/my_ptm/croton/data/structure_pipeline/pdb/AF-P46100-F1-model_v6.pdb,sequence_mismatch,False
P46100-6,,missing_pdb,False
P46109,,missing_pdb,False
P46199,/data/ranran/my_ptm/croton/data/structure_pipeline/pdb/P46199.pdb,exact_sequence_match,True
P46379-3,,missing_pdb,False
P46470,,missing_pdb,False
P46520,,missing_pdb,False
P46527,,missing_pdb,False
P46531,,missing_pdb,False
P46644,,missing_pdb,False
P46655,,missing_pdb,False
P46669,,missing_pdb,False
P46673,,missing_pdb,False
P46680,,missing_pdb,False
P46682,,missing_pdb,False
P46683,,missing_pdb,False
P46686,,missing_pdb,False
P46695,,missing_pdb,False
P46784,,missing_pdb,False
P46863,,missing_pdb,False
P46926-2,,missing_pdb,False
P46934,/data/ranran/my_ptm/croton/data/structure_pipeline/pdb/P46934.pdb,exact_sequence_match,True
P46937,/data/ranran/my_ptm/croton/data/structure_pipeline/pdb/P46937.pdb,exact_sequence_match,True
P46944,,missing_pdb,False
P46949,,missing_pdb,False
P46950,,missing_pdb,False
P46951,,missing_pdb,False
P46970,,missing_pdb,False
P46973,,missing_pdb,False
P46976,,missing_pdb,False
P46984,,missing_pdb,False
P46992,,missing_pdb,False
P46993,,missing_pdb,False
P47001,,missing_pdb,False
P47002,,missing_pdb,False
P47005,,missing_pdb,False
P47008,,missing_pdb,False
P47011,,missing_pdb,False
P47017,,missing_pdb,False
P47018,,missing_pdb,False
P47019,,missing_pdb,False
P47025,,missing_pdb,False
P47029,,missing_pdb,False
P47031,,missing_pdb,False
P47039,,missing_pdb,False
P47042,,missing_pdb,False
P47044,,missing_pdb,False
P47045,,missing_pdb,False
P47046,,missing_pdb,False
P47047,,missing_pdb,False
P47049,,missing_pdb,False
P47050,,missing_pdb,False
P47054,,missing_pdb,False
P47057,,missing_pdb,False
P47061,,missing_pdb,False
P47063,,missing_pdb,False
P47064,,missing_pdb,False
P47074,,missing_pdb,False
P47082,,missing_pdb,False
P47085,,missing_pdb,False
P47088,,missing_pdb,False
P47090,,missing_pdb,False
P47096,,missing_pdb,False
P47101,,missing_pdb,False
P47108,,missing_pdb,False
P47110,,missing_pdb,False
P47113,,missing_pdb,False
P47114,,missing_pdb,False
P47116,,missing_pdb,False
P47117,,missing_pdb,False
P47120,,missing_pdb,False
P47122,,missing_pdb,False
P47123,,missing_pdb,False
P47124,,missing_pdb,False
P47127,,missing_pdb,False
P47129,,missing_pdb,False
P47134,,missing_pdb,False
P47136,,missing_pdb,False
P47147,,missing_pdb,False
P47149,,missing_pdb,False
P47161,,missing_pdb,False
P47166,,missing_pdb,False
P47170,,missing_pdb,False
P47175,,missing_pdb,False
P47187,,missing_pdb,False
P47199,,missing_pdb,False
P47226,,missing_pdb,False
P47708,,missing_pdb,False
P47712,/data/ranran/my_ptm/croton/data/structure_pipeline/pdb/P47712.pdb,exact_sequence_match,True
P47755-2,,missing_pdb,False
P47802,,missing_pdb,False
P47818,,missing_pdb,False
P47820,,missing_pdb,False
P47863,,missing_pdb,False
P47870,,missing_pdb,False
P47874,,missing_pdb,False
P47915,,missing_pdb,False
P47929,,missing_pdb,False
P47974,,missing_pdb,False
P47976,,missing_pdb,False
P47987,,missing_pdb,False
P48015,,missing_pdb,False
P48047,/data/ranran/my_ptm/croton/data/structure_pipeline/pdb/P48047.pdb,exact_sequence_match,True
P48067,,missing_pdb,False
P48201,,missing_pdb,False
P48236,,missing_pdb,False
P48302,,missing_pdb,False
P48353,,missing_pdb,False
P48357,,missing_pdb,False
P48363,,missing_pdb,False
P48380,,missing_pdb,False
P48382,,missing_pdb,False
P48412,,missing_pdb,False
P48415,,missing_pdb,False
P48432,,missing_pdb,False
P48436,,missing_pdb,False
P48437,,missing_pdb,False
P48439,,missing_pdb,False
P48442,,missing_pdb,False
P48444-2,,missing_pdb,False
P48524,,missing_pdb,False
P48551,,missing_pdb,False
P48552,,missing_pdb,False
P48553,/data/ranran/my_ptm/croton/data/structure_pipeline/pdb/P48553.pdb,exact_sequence_match,True
P48563,,missing_pdb,False
P48564,,missing_pdb,False
P48565,,missing_pdb,False
P48567,,missing_pdb,False
P48582,,missing_pdb,False
P48606,,missing_pdb,False
P48610-3,,missing_pdb,False
P48651,/data/ranran/my_ptm/croton/data/structure_pipeline/pdb/P48651.pdb,exact_sequence_match,True
P48678,,missing_pdb,False
P48681,,missing_pdb,False
P48723,/data/ranran/my_ptm/croton/data/structure_pipeline/pdb/P48723.pdb,exact_sequence_match,True
P48729-2,,missing_pdb,False
P48736,,missing_pdb,False
P48739-3,,missing_pdb,False
P48760,,missing_pdb,False
P48776,,missing_pdb,False
P48787,,missing_pdb,False
P48813,,missing_pdb,False
P48836,,missing_pdb,False
P48837,,missing_pdb,False
P48960,/data/ranran/my_ptm/croton/data/structure_pipeline/pdb/P48960.pdb,exact_sequence_match,True
P49005,,missing_pdb,False
P49023,/data/ranran/my_ptm/croton/data/structure_pipeline/pdb/P49023.pdb,exact_sequence_match,True
P49027,,missing_pdb,False
P49030,,missing_pdb,False
P49069,,missing_pdb,False
P49107,,missing_pdb,False
P49137,,missing_pdb,False
P49184,,missing_pdb,False
P49189-2,,missing_pdb,False
P49206,,missing_pdb,False
P49222,,missing_pdb,False
P49247,/data/ranran/my_ptm/croton/data/structure_pipeline/pdb/P49247.pdb,exact_sequence_match,True
P49321,/data/ranran/my_ptm/croton/data/structure_pipeline/pdb/P49321.pdb,exact_sequence_match,True
P49321-2,,missing_pdb,False
P49327,/data/ranran/my_ptm/croton/data/structure_pipeline/pdb/P49327.pdb,exact_sequence_match,True
P49335,,missing_pdb,False
P49354,,missing_pdb,False
P49367,,missing_pdb,False
P49406,,missing_pdb,False
P49418,/data/ranran/my_ptm/croton/data/structure_pipeline/pdb/P49418.pdb,exact_sequence_match,True
P49419,/data/ranran/my_ptm/croton/data/structure_pipeline/pdb/P49419.pdb,exact_sequence_match,True
P49441,,missing_pdb,False
P49447,,missing_pdb,False
P49450,,missing_pdb,False
P49454,,missing_pdb,False
P49573,,missing_pdb,False
P49589-3,,missing_pdb,False
P49593,,missing_pdb,False
P49643-2,,missing_pdb,False
P49660,,missing_pdb,False
P49687,,missing_pdb,False
P49703,,missing_pdb,False
P49711,/data/ranran/my_ptm/croton/data/structure_pipeline/pdb/P49711.pdb,exact_sequence_match,True
P49715-3,,missing_pdb,False
P49715-4,,missing_pdb,False
P49716,,missing_pdb,False
P49750,/data/ranran/my_ptm/croton/data/structure_pipeline/pdb/P49750.pdb,exact_sequence_match,True
P49753,/data/ranran/my_ptm/croton/data/structure_pipeline/pdb/P49753.pdb,exact_sequence_match,True
P49754,/data/ranran/my_ptm/croton/data/structure_pipeline/pdb/P49754.pdb,exact_sequence_match,True
P49755,/data/ranran/my_ptm/croton/data/structure_pipeline/pdb/P49755.pdb,exact_sequence_match,True
P49756,/data/ranran/my_ptm/croton/data/structure_pipeline/pdb/P49756.pdb,exact_sequence_match,True
P49759,,missing_pdb,False
P49761,,missing_pdb,False
P49768-4,,missing_pdb,False
P49771,,missing_pdb,False
P49775,,missing_pdb,False
P49790-3,,missing_pdb,False
P49792,,missing_pdb,False
P49796,,missing_pdb,False
P49796-5,,missing_pdb,False
P49803,,missing_pdb,False
P49821,/data/ranran/my_ptm/croton/data/structure_pipeline/pdb/P49821.pdb,exact_sequence_match,True
P49846,,missing_pdb,False
P49848,,missing_pdb,False
P49914,/data/ranran/my_ptm/croton/data/structure_pipeline/pdb/P49914.pdb,exact_sequence_match,True
P49915,/data/ranran/my_ptm/croton/data/structure_pipeline/pdb/P49915.pdb,exact_sequence_match,True
P49916,/data/ranran/my_ptm/croton/data/structure_pipeline/pdb/P49916.pdb,exact_sequence_match,True
P49917,,missing_pdb,False
P49918,,missing_pdb,False
P49957,,missing_pdb,False
P50077,,missing_pdb,False
P50079,,missing_pdb,False
P50085,,missing_pdb,False
P50089,,missing_pdb,False
P50101,,missing_pdb,False
P50107,,missing_pdb,False
P50108,,missing_pdb,False
P50109,,missing_pdb,False
P50111,,missing_pdb,False
P50135,/data/ranran/my_ptm/croton/data/structure_pipeline/pdb/P50135.pdb,exact_sequence_match,True
P50172,,missing_pdb,False
P50213-2,,missing_pdb,False
P50219,,missing_pdb,False
P50238,,missing_pdb,False
P50276,,missing_pdb,False
P50278,,missing_pdb,False
P50427,,missing_pdb,False
P50454,/data/ranran/my_ptm/croton/data/structure_pipeline/pdb/P50454.pdb,exact_sequence_match,True
P50519,,missing_pdb,False
P50536,,missing_pdb,False
P50539,,missing_pdb,False
P50544,,missing_pdb,False
P50548,/data/ranran/my_ptm/croton/data/structure_pipeline/pdb/P50548.pdb,exact_sequence_match,True
P50580,,missing_pdb,False
P50583,,missing_pdb,False
P50591,,missing_pdb,False
P50616,,missing_pdb,False
P50747,/data/ranran/my_ptm/croton/data/structure_pipeline/pdb/P50747.pdb,exact_sequence_match,True
P50748,/data/ranran/my_ptm/croton/data/structure_pipeline/pdb/P50748.pdb,exact_sequence_match,True
P50861,,missing_pdb,False
P50876,,missing_pdb,False
P50887,,missing_pdb,False
P50895,,missing_pdb,False
P50942,,missing_pdb,False
P50946,,missing_pdb,False
P50995,/data/ranran/my_ptm/croton/data/structure_pipeline/pdb/P50995.pdb,exact_sequence_match,True
P51003,/data/ranran/my_ptm/croton/data/structure_pipeline/pdb/P51003.pdb,exact_sequence_match,True
P51003-2,,missing_pdb,False
P51114-2,,missing_pdb,False
P51125,,missing_pdb,False
P51174,,missing_pdb,False
P51397,,missing_pdb,False
P51398,/data/ranran/my_ptm/croton/data/structure_pipeline/pdb/P51398.pdb,exact_sequence_match,True
P51420,,missing_pdb,False
P51432,,missing_pdb,False
P51452,/data/ranran/my_ptm/croton/data/structure_pipeline/pdb/P51452.pdb,exact_sequence_match,True
P51511,,missing_pdb,False
P51522,,missing_pdb,False
P51530-3,,missing_pdb,False
P51533,,missing_pdb,False
P51534,,missing_pdb,False
P51553,,missing_pdb,False
P51570,/data/ranran/my_ptm/croton/data/structure_pipeline/pdb/P51570.pdb,exact_sequence_match,True
P51571,,missing_pdb,False
P51580,/data/ranran/my_ptm/croton/data/structure_pipeline/pdb/P51580.pdb,exact_sequence_match,True
P51587,,missing_pdb,False
P51593,,missing_pdb,False
P51608,,missing_pdb,False
P51610-3,,missing_pdb,False
P51636,,missing_pdb,False
P51649,/data/ranran/my_ptm/croton/data/structure_pipeline/pdb/P51649.pdb,exact_sequence_match,True
P51654,,missing_pdb,False
P51659-2,,missing_pdb,False
P51661,,missing_pdb,False
P51688,,missing_pdb,False
P51787,,missing_pdb,False
P51790,,missing_pdb,False
P51797-3,,missing_pdb,False
P51797-5,,missing_pdb,False
P51808,,missing_pdb,False
P51809-2,,missing_pdb,False
P51811,,missing_pdb,False
P51813,,missing_pdb,False
P51816,,missing_pdb,False
P51862,,missing_pdb,False
P51955,,missing_pdb,False
P51955-3,,missing_pdb,False
P51956,,missing_pdb,False
P51957,,missing_pdb,False
P52189,,missing_pdb,False
P52286,,missing_pdb,False
P52298,/data/ranran/my_ptm/croton/data/structure_pipeline/pdb/P52298.pdb,exact_sequence_match,True
P52410,,missing_pdb,False
P52422,,missing_pdb,False
P52429,,missing_pdb,False
P52434,,missing_pdb,False
P52483,,missing_pdb,False
P52565-2,,missing_pdb,False
P52593,,missing_pdb,False
P52594,/data/ranran/my_ptm/croton/data/structure_pipeline/pdb/P52594.pdb,exact_sequence_match,True
P52623,,missing_pdb,False
P52651,,missing_pdb,False
P52701-2,,missing_pdb,False
P52701-4,,missing_pdb,False
P52739,,missing_pdb,False
P52741,,missing_pdb,False
P52744,,missing_pdb,False
P52746,,missing_pdb,False
P52747,,missing_pdb,False
P52757,,missing_pdb,False
P52788,/data/ranran/my_ptm/croton/data/structure_pipeline/pdb/P52788.pdb,exact_sequence_match,True
P52798,,missing_pdb,False
P52815,/data/ranran/my_ptm/croton/data/structure_pipeline/pdb/P52815.pdb,exact_sequence_match,True
P52824,,missing_pdb,False
P52870,,missing_pdb,False
P52888-2,,missing_pdb,False
P52891,,missing_pdb,False
P52893,,missing_pdb,False
P52895-2,,missing_pdb,False
P52901,,missing_pdb,False
P52918,,missing_pdb,False
P52926,,missing_pdb,False
P52943,,missing_pdb,False
P52948-3,,missing_pdb,False
P53004,/data/ranran/my_ptm/croton/data/structure_pipeline/pdb/P53004.pdb,exact_sequence_match,True
P53008,,missing_pdb,False
P53010,,missing_pdb,False
P53011,,missing_pdb,False
P53037,,missing_pdb,False
P53038,,missing_pdb,False
P53040,,missing_pdb,False
P53044,,missing_pdb,False
P53045,,missing_pdb,False
P53049,,missing_pdb,False
P53064,,missing_pdb,False
P53073,,missing_pdb,False
P53075,,missing_pdb,False
P53076,,missing_pdb,False
P53083,,missing_pdb,False
P53086,,missing_pdb,False
P53093,,missing_pdb,False
P53096,,missing_pdb,False
P53099,,missing_pdb,False
P53108,,missing_pdb,False
P53112,,missing_pdb,False
P53119,,missing_pdb,False
P53120,,missing_pdb,False
P53121,,missing_pdb,False
P53125,,missing_pdb,False
P53133,,missing_pdb,False
P53135,,missing_pdb,False
P53136,,missing_pdb,False
P53137,,missing_pdb,False
P53139,,missing_pdb,False
P53142,,missing_pdb,False
P53146,,missing_pdb,False
P53154,,missing_pdb,False
P53155,,missing_pdb,False
P53165,,missing_pdb,False
P53167,,missing_pdb,False
P53170,,missing_pdb,False
P53179,,missing_pdb,False
P53183,,missing_pdb,False
P53184,,missing_pdb,False
P53188,,missing_pdb,False
P53191,,missing_pdb,False
P53200,,missing_pdb,False
P53202,,missing_pdb,False
P53206,,missing_pdb,False
P53210,,missing_pdb,False
P53236,,missing_pdb,False
P53237,,missing_pdb,False
P53241,,missing_pdb,False
P53242,,missing_pdb,False
P53244,,missing_pdb,False
P53248,,missing_pdb,False
P53250,,missing_pdb,False
P53253,,missing_pdb,False
P53254,,missing_pdb,False
P53256,,missing_pdb,False
P53260,,missing_pdb,False
P53270,,missing_pdb,False
P53274,,missing_pdb,False
P53276,,missing_pdb,False
P53277,,missing_pdb,False
P53278,,missing_pdb,False
P53281,,missing_pdb,False
P53286,,missing_pdb,False
P53289,,missing_pdb,False
P53290,,missing_pdb,False
P53296,,missing_pdb,False
P53297,,missing_pdb,False
P53298,,missing_pdb,False
P53301,,missing_pdb,False
P53303,,missing_pdb,False
P53304,,missing_pdb,False
P53313,,missing_pdb,False
P53322,,missing_pdb,False
P53324,,missing_pdb,False
P53326,,missing_pdb,False
P53327,,missing_pdb,False
P53331,,missing_pdb,False
P53336,,missing_pdb,False
P53370,,missing_pdb,False
P53384,/data/ranran/my_ptm/croton/data/structure_pipeline/pdb/P53384.pdb,exact_sequence_match,True
P53389,,missing_pdb,False
P53394,,missing_pdb,False
P53540,,missing_pdb,False
P53550,,missing_pdb,False
P53552,,missing_pdb,False
P53567,,missing_pdb,False
P53599,,missing_pdb,False
P53615,,missing_pdb,False
P53624,,missing_pdb,False
P53628,,missing_pdb,False
P53632,,missing_pdb,False
P53633,,missing_pdb,False
P53634,,missing_pdb,False
P53667,,missing_pdb,False
P53677,,missing_pdb,False
P53680-2,,missing_pdb,False
P53687,,missing_pdb,False
P53694,,missing_pdb,False
P53701,/data/ranran/my_ptm/croton/data/structure_pipeline/pdb/P53701.pdb,exact_sequence_match,True
P53723,,missing_pdb,False
P53725,,missing_pdb,False
P53731,,missing_pdb,False
P53738,,missing_pdb,False
P53742,,missing_pdb,False
P53747,,missing_pdb,False
P53751,,missing_pdb,False
P53752,,missing_pdb,False
P53753,,missing_pdb,False
P53754,,missing_pdb,False
P53759,,missing_pdb,False
P53762,,missing_pdb,False
P53776,,missing_pdb,False
P53794,,missing_pdb,False
P53801,/data/ranran/my_ptm/croton/data/structure_pipeline/pdb/P53801.pdb,exact_sequence_match,True
P53803,,missing_pdb,False
P53804,/data/ranran/my_ptm/croton/data/structure_pipeline/pdb/P53804.pdb,exact_sequence_match,True
P53805,,missing_pdb,False
P53808,,missing_pdb,False
P53819,,missing_pdb,False
P53832,,missing_pdb,False
P53834,,missing_pdb,False
P53840,,missing_pdb,False
P53846,,missing_pdb,False
P53847,,missing_pdb,False
P53849,,missing_pdb,False
P53858,,missing_pdb,False
P53860,,missing_pdb,False
P53863,,missing_pdb,False
P53866,,missing_pdb,False
P53877,,missing_pdb,False
P53878,,missing_pdb,False
P53882,,missing_pdb,False
P53883,,missing_pdb,False
P53885,,missing_pdb,False
P53890,,missing_pdb,False
P53891,,missing_pdb,False
P53894,,missing_pdb,False
P53896,,missing_pdb,False
P53898,,missing_pdb,False
P53912,,missing_pdb,False
P53914,,missing_pdb,False
P53918,,missing_pdb,False
P53919,,missing_pdb,False
P53923,,missing_pdb,False
P53924,,missing_pdb,False
P53925,,missing_pdb,False
P53927,,missing_pdb,False
P53932,,missing_pdb,False
P53934,,missing_pdb,False
P53935,,missing_pdb,False
P53940,,missing_pdb,False
P53943,,missing_pdb,False
P53946,,missing_pdb,False
P53947,,missing_pdb,False
P53950,,missing_pdb,False
P53951,,missing_pdb,False
P53953,,missing_pdb,False
P53954,,missing_pdb,False
P53968,,missing_pdb,False
P53981,,missing_pdb,False
P53983,,missing_pdb,False
P53985,/data/ranran/my_ptm/croton/data/structure_pipeline/pdb/P53985.pdb,exact_sequence_match,True
P53992-2,,missing_pdb,False
P53995,,missing_pdb,False
P54003,,missing_pdb,False
P54005,,missing_pdb,False
P54098,,missing_pdb,False
P54132,,missing_pdb,False
P54150,,missing_pdb,False
P54198,,missing_pdb,False
P54198-2,,missing_pdb,False
P54199,,missing_pdb,False
P54219,,missing_pdb,False
P54252-1,,missing_pdb,False
P54254,,missing_pdb,False
P54259,,missing_pdb,False
P54274,,missing_pdb,False
P54277,,missing_pdb,False
P54278-3,,missing_pdb,False
P54278-4,,missing_pdb,False
P54352-2,,missing_pdb,False
P54368,,missing_pdb,False
P54397,,missing_pdb,False
P54622,,missing_pdb,False
P54707,,missing_pdb,False
P54783,,missing_pdb,False
P54785,,missing_pdb,False
P54787,,missing_pdb,False
P54790,,missing_pdb,False
P54791,,missing_pdb,False
P54797,,missing_pdb,False
P54802,,missing_pdb,False
P54826,,missing_pdb,False
P54838,,missing_pdb,False
P54857,,missing_pdb,False
P54858,,missing_pdb,False
P54867,,missing_pdb,False
P54885,,missing_pdb,False
P54886,/data/ranran/my_ptm/croton/data/structure_pipeline/pdb/P54886.pdb,exact_sequence_match,True
P54900,,missing_pdb,False
P54923,,missing_pdb,False
P54964,,missing_pdb,False
P55010,/data/ranran/my_ptm/croton/data/structure_pipeline/pdb/P55010.pdb,exact_sequence_match,True
P55011,/data/ranran/my_ptm/croton/data/structure_pipeline/pdb/P55011.pdb,exact_sequence_match,True
P55042,,missing_pdb,False
P55058,,missing_pdb,False
P55060-2,,missing_pdb,False
P55082,,missing_pdb,False
P55086,,missing_pdb,False
P55142,,missing_pdb,False
P55196,,missing_pdb,False
P55198,,missing_pdb,False
P55201,,missing_pdb,False
P55210,/data/ranran/my_ptm/croton/data/structure_pipeline/pdb/P55210.pdb,exact_sequence_match,True
P55265,/data/ranran/my_ptm/croton/data/structure_pipeline/pdb/P55265.pdb,exact_sequence_match,True
P55265-5,,missing_pdb,False
P55283,,missing_pdb,False
P55302,,missing_pdb,False
P55306,,missing_pdb,False
P55317,,missing_pdb,False
P55345,,missing_pdb,False
P55771,,missing_pdb,False
P55789,,missing_pdb,False
P55841,,missing_pdb,False
P55884-2,,missing_pdb,False
P55895,,missing_pdb,False
P55957,,missing_pdb,False
P56134,,missing_pdb,False
P56177,,missing_pdb,False
P56180,,missing_pdb,False
P56183,,missing_pdb,False
P56198,,missing_pdb,False
P56202,,missing_pdb,False
P56211-2,,missing_pdb,False
P56270,/data/ranran/my_ptm/croton/data/structure_pipeline/pdb/P56270.pdb,exact_sequence_match,True
P56277,,missing_pdb,False
P56282,,missing_pdb,False
P56373,,missing_pdb,False
P56375,,missing_pdb,False
P56378,/data/ranran/my_ptm/croton/data/structure_pipeline/pdb/P56378.pdb,exact_sequence_match,True
P56382,,missing_pdb,False
P56394,,missing_pdb,False
P56481,,missing_pdb,False
P56536,,missing_pdb,False
P56545,/data/ranran/my_ptm/croton/data/structure_pipeline/pdb/P56545.pdb,exact_sequence_match,True
P56556,,missing_pdb,False
P56677,,missing_pdb,False
P56749,,missing_pdb,False
P56791,,missing_pdb,False
P56792,,missing_pdb,False
P56796,,missing_pdb,False
P56805,,missing_pdb,False
P56820,,missing_pdb,False
P56937,/data/ranran/my_ptm/croton/data/structure_pipeline/pdb/P56937.pdb,exact_sequence_match,True
P56962,,missing_pdb,False
P57054,,missing_pdb,False
P57057,,missing_pdb,False
P57058,,missing_pdb,False
P57060,,missing_pdb,False
P57071,,missing_pdb,False
P57075,,missing_pdb,False
P57076,/data/ranran/my_ptm/croton/data/structure_pipeline/pdb/P57076.pdb,exact_sequence_match,True
P57078,,missing_pdb,False
P57081,/data/ranran/my_ptm/croton/data/structure_pipeline/pdb/P57081.pdb,exact_sequence_match,True
P57105,,missing_pdb,False
P57678,/data/ranran/my_ptm/croton/data/structure_pipeline/pdb/P57678.pdb,exact_sequence_match,True
P57679,,missing_pdb,False
P57721,,missing_pdb,False
P57727,,missing_pdb,False
P57727-3,,missing_pdb,False
P57737-3,,missing_pdb,False
P57752,,missing_pdb,False
P57768,,missing_pdb,False
P57772,,missing_pdb,False
P57775,,missing_pdb,False
P57789,,missing_pdb,False
P57796,,missing_pdb,False
P58005,,missing_pdb,False
P58107,,missing_pdb,False
P58295,,missing_pdb,False
P58317,,missing_pdb,False
P58406,,missing_pdb,False
P58511,,missing_pdb,False
P58546,/data/ranran/my_ptm/croton/data/structure_pipeline/pdb/P58546.pdb,exact_sequence_match,True
P58549,,missing_pdb,False
P58557,/data/ranran/my_ptm/croton/data/structure_pipeline/pdb/P58557.pdb,exact_sequence_match,True
P58658,,missing_pdb,False
P58751,,missing_pdb,False
P58821,,missing_pdb,False
P59044,,missing_pdb,False
P59048,,missing_pdb,False
P59074,,missing_pdb,False
P59266,,missing_pdb,False
P59583,,missing_pdb,False
P59644,,missing_pdb,False
P59817,,missing_pdb,False
P59827,,missing_pdb,False
P59923,,missing_pdb,False
P59998-2,,missing_pdb,False
P59998-3,,missing_pdb,False
P60008,,missing_pdb,False
P60041,,missing_pdb,False
P60202,,missing_pdb,False
P60468,,missing_pdb,False
P60606,,missing_pdb,False
P60608,,missing_pdb,False
P60761,,missing_pdb,False
P60762,,missing_pdb,False
P60882,,missing_pdb,False
P60896,/data/ranran/my_ptm/croton/data/structure_pipeline/pdb/P60896.pdb,exact_sequence_match,True
P60900-3,,missing_pdb,False
P61009,/data/ranran/my_ptm/croton/data/structure_pipeline/pdb/P61009.pdb,exact_sequence_match,True
P61014,,missing_pdb,False
P61086-3,,missing_pdb,False
P61110,,missing_pdb,False
P61289-2,,missing_pdb,False
P61295,,missing_pdb,False
P61313-2,,missing_pdb,False
P61326-2,,missing_pdb,False
P61407,,missing_pdb,False
P61457,/data/ranran/my_ptm/croton/data/structure_pipeline/pdb/P61457.pdb,exact_sequence_match,True
P61587,,missing_pdb,False
P61599,,missing_pdb,False
P61619-3,,missing_pdb,False
P61647,,missing_pdb,False
P61769,/data/ranran/my_ptm/croton/data/structure_pipeline/pdb/P61769.pdb,exact_sequence_match,True
P61803,,missing_pdb,False
P61812,,missing_pdb,False
P61841,,missing_pdb,False
P61847,,missing_pdb,False
P61916,/data/ranran/my_ptm/croton/data/structure_pipeline/pdb/P61916.pdb,exact_sequence_match,True
P61927,/data/ranran/my_ptm/croton/data/structure_pipeline/pdb/P61927.pdb,exact_sequence_match,True
P61952,,missing_pdb,False
P61968,,missing_pdb,False
P62072,/data/ranran/my_ptm/croton/data/structure_pipeline/pdb/P62072.pdb,exact_sequence_match,True
P62075,,missing_pdb,False
P62136-2,,missing_pdb,False
P62279,,missing_pdb,False
P62316,/data/ranran/my_ptm/croton/data/structure_pipeline/pdb/P62316.pdb,exact_sequence_match,True
P62318,/data/ranran/my_ptm/croton/data/structure_pipeline/pdb/P62318.pdb,exact_sequence_match,True
P62322,,missing_pdb,False
P62324,,missing_pdb,False
P62380,,missing_pdb,False
P62487,,missing_pdb,False
P62500,,missing_pdb,False
P62501,,missing_pdb,False
P62508,,missing_pdb,False
P62699,,missing_pdb,False
P62841,/data/ranran/my_ptm/croton/data/structure_pipeline/pdb/P62841.pdb,exact_sequence_match,True
P62869,,missing_pdb,False
P62888,/data/ranran/my_ptm/croton/data/structure_pipeline/pdb/P62888.pdb,exact_sequence_match,True
P62937-2,,missing_pdb,False
P62995,,missing_pdb,False
P62995-3,,missing_pdb,False
P63010-2,,missing_pdb,False
P63032,,missing_pdb,False
P63040,,missing_pdb,False
P63042,,missing_pdb,False
P63104-2,,missing_pdb,False
P63241-2,,missing_pdb,False
P63272,/data/ranran/my_ptm/croton/data/structure_pipeline/pdb/P63272.pdb,exact_sequence_match,True
P68036-2,,missing_pdb,False
P68036-3,,missing_pdb,False
P68209,,missing_pdb,False
P68400,/data/ranran/my_ptm/croton/data/structure_pipeline/pdb/P68400.pdb,exact_sequence_match,True
P68543,,missing_pdb,False
P69682,,missing_pdb,False
P69735,,missing_pdb,False
P69744,,missing_pdb,False
P70188,,missing_pdb,False
P70194,,missing_pdb,False
P70245,,missing_pdb,False
P70284,,missing_pdb,False
P70297,,missing_pdb,False
P70347,,missing_pdb,False
P70353,,missing_pdb,False
P70451,,missing_pdb,False
P70496,,missing_pdb,False
P70662,,missing_pdb,False
P70670,,missing_pdb,False
P78312,,missing_pdb,False
P78314,,missing_pdb,False
P78330,/data/ranran/my_ptm/croton/data/structure_pipeline/pdb/P78330.pdb,exact_sequence_match,True
P78332,,missing_pdb,False
P78337,,missing_pdb,False
P78344,/data/ranran/my_ptm/croton/data/structure_pipeline/pdb/P78344.pdb,exact_sequence_match,True
P78345,/data/ranran/my_ptm/croton/data/structure_pipeline/pdb/P78345.pdb,exact_sequence_match,True
P78347,/data/ranran/my_ptm/croton/data/structure_pipeline/pdb/P78347.pdb,exact_sequence_match,True
P78348,,missing_pdb,False
P78362,,missing_pdb,False
P78364,,missing_pdb,False
P78381,,missing_pdb,False
P78395,,missing_pdb,False
P78413,,missing_pdb,False
P78424,,missing_pdb,False
P78504,,missing_pdb,False
P78524,,missing_pdb,False
P78527,,missing_pdb,False
P78537,,missing_pdb,False
P78540,,missing_pdb,False
P78549,,missing_pdb,False
P78552,,missing_pdb,False
P78559,,missing_pdb,False
P78560,,missing_pdb,False
P78563,,missing_pdb,False
P78611,,missing_pdb,False
P78612,,missing_pdb,False
P78761,,missing_pdb,False
P78833,,missing_pdb,False
P78854,,missing_pdb,False
P79065,,missing_pdb,False
P79324,,missing_pdb,False
P80192,,missing_pdb,False
P80217-2,,missing_pdb,False
P80428,,missing_pdb,False
P80723,/data/ranran/my_ptm/croton/data/structure_pipeline/pdb/P80723.pdb,exact_sequence_match,True
P80967,,missing_pdb,False
P81274,/data/ranran/my_ptm/croton/data/structure_pipeline/pdb/P81274.pdb,exact_sequence_match,True
P81408,,missing_pdb,False
P81450,,missing_pdb,False
P82094,/data/ranran/my_ptm/croton/data/structure_pipeline/pdb/P82094.pdb,exact_sequence_match,True
P82343,,missing_pdb,False
P82348,,missing_pdb,False
P82650,/data/ranran/my_ptm/croton/data/structure_pipeline/pdb/P82650.pdb,exact_sequence_match,True
P82663,/data/ranran/my_ptm/croton/data/structure_pipeline/pdb/P82663.pdb,exact_sequence_match,True
P82664,,missing_pdb,False
P82673,/data/ranran/my_ptm/croton/data/structure_pipeline/pdb/P82673.pdb,exact_sequence_match,True
P82675,/data/ranran/my_ptm/croton/data/structure_pipeline/pdb/P82675.pdb,exact_sequence_match,True
P82909,,missing_pdb,False
P82912,,missing_pdb,False
P82914,/data/ranran/my_ptm/croton/data/structure_pipeline/pdb/P82914.pdb,exact_sequence_match,True
P82921,,missing_pdb,False
P82930,,missing_pdb,False
P82932,,missing_pdb,False
P82933,/data/ranran/my_ptm/croton/data/structure_pipeline/pdb/P82933.pdb,exact_sequence_match,True
P82970,/data/ranran/my_ptm/croton/data/structure_pipeline/pdb/P82970.pdb,exact_sequence_match,True
P82979,/data/ranran/my_ptm/croton/data/structure_pipeline/pdb/P82979.pdb,exact_sequence_match,True
P83093,,missing_pdb,False
P83103,,missing_pdb,False
P83111,/data/ranran/my_ptm/croton/data/structure_pipeline/pdb/P83111.pdb,exact_sequence_match,True
P83369,,missing_pdb,False
P83436,/data/ranran/my_ptm/croton/data/structure_pipeline/pdb/P83436.pdb,exact_sequence_match,True
P83483,,missing_pdb,False
P83940,,missing_pdb,False
P84101,,missing_pdb,False
P84157,,missing_pdb,False
P84309-2,,missing_pdb,False
P84550,,missing_pdb,False
P85037,,missing_pdb,False
P85298,,missing_pdb,False
P85298-2,,missing_pdb,False
P85299,,missing_pdb,False
P85845,,missing_pdb,False
P85967,,missing_pdb,False
P86452,,missing_pdb,False
P86790,,missing_pdb,False
P87027,,missing_pdb,False
P87108,,missing_pdb,False
P87109,,missing_pdb,False
P87132,,missing_pdb,False
P87178,,missing_pdb,False
P87237,,missing_pdb,False
P87238,,missing_pdb,False
P87240,,missing_pdb,False
P87308,,missing_pdb,False
P87323,,missing_pdb,False
P89105,,missing_pdb,False
P91634,,missing_pdb,False
P91682,,missing_pdb,False
P91927,,missing_pdb,False
P92532,,missing_pdb,False
P92541,,missing_pdb,False
P92948,,missing_pdb,False
P92959,,missing_pdb,False
P93022,,missing_pdb,False
P93757,,missing_pdb,False
P93821,,missing_pdb,False
P97290,,missing_pdb,False
P97311,,missing_pdb,False
P97343,,missing_pdb,False
P97364,,missing_pdb,False
P97379,,missing_pdb,False
P97382,,missing_pdb,False
P97432,,missing_pdb,False
P97441,,missing_pdb,False
P97467,,missing_pdb,False
P97479,,missing_pdb,False
P97499,,missing_pdb,False
P97541,,missing_pdb,False
P97544,,missing_pdb,False
P97678,,missing_pdb,False
P97689,,missing_pdb,False
P97765,,missing_pdb,False
P97769,,missing_pdb,False
P97783,,missing_pdb,False
P97784,,missing_pdb,False
P97789,,missing_pdb,False
P97794,,missing_pdb,False
P97797,,missing_pdb,False
P97799,,missing_pdb,False
P97927,,missing_pdb,False
P97946,,missing_pdb,False
P98082,/data/ranran/my_ptm/croton/data/structure_pipeline/pdb/P98082.pdb,exact_sequence_match,True
P98153,,missing_pdb,False
P98160,,missing_pdb,False
P98171,,missing_pdb,False
P98172,,missing_pdb,False
P98173,/data/ranran/my_ptm/croton/data/structure_pipeline/pdb/P98173.pdb,exact_sequence_match,True
P98174,,missing_pdb,False
P98175-5,,missing_pdb,False
P98182,,missing_pdb,False
P98198-2,,missing_pdb,False
Q00059,/data/ranran/my_ptm/croton/data/structure_pipeline/pdb/Q00059.pdb,exact_sequence_match,True
Q00083,,missing_pdb,False
Q00174,,missing_pdb,False
Q00202,,missing_pdb,False
Q00246,,missing_pdb,False
Q00325,/data/ranran/my_ptm/croton/data/structure_pipeline/pdb/Q00325.pdb,exact_sequence_match,True
Q00402,,missing_pdb,False
Q00416,,missing_pdb,False
Q00422,,missing_pdb,False
Q00532,,missing_pdb,False
Q00578,,missing_pdb,False
Q00587,,missing_pdb,False
Q00597,,missing_pdb,False
Q00618,,missing_pdb,False
Q00651,,missing_pdb,False
Q00715,,missing_pdb,False
Q00757,,missing_pdb,False
Q00772,,missing_pdb,False
Q00776,,missing_pdb,False
Q00816,,missing_pdb,False
Q00973,,missing_pdb,False
Q00987-11,,missing_pdb,False
Q00987-5,,missing_pdb,False
Q00987-7,,missing_pdb,False
Q01113,,missing_pdb,False
Q01151,,missing_pdb,False
Q01159,,missing_pdb,False
Q01163,,missing_pdb,False
Q01196-11,,missing_pdb,False
Q01196-4,,missing_pdb,False
Q01196-6,,missing_pdb,False
Q01201,,missing_pdb,False
Q01217,,missing_pdb,False
Q01389,,missing_pdb,False
Q01433,,missing_pdb,False
Q01448,,missing_pdb,False
Q01454,,missing_pdb,False
Q01476,,missing_pdb,False
Q01477,,missing_pdb,False
Q01560,,missing_pdb,False
Q01581,/data/ranran/my_ptm/croton/data/structure_pipeline/pdb/Q01581.pdb,exact_sequence_match,True
Q01589,,missing_pdb,False
Q01637,,missing_pdb,False
Q01662,,missing_pdb,False
Q01664,,missing_pdb,False
Q01728,,missing_pdb,False
Q01780,/data/ranran/my_ptm/croton/data/structure_pipeline/pdb/Q01780.pdb,exact_sequence_match,True
Q01804,/data/ranran/my_ptm/croton/data/structure_pipeline/pdb/Q01804.pdb,exact_sequence_match,True
Q01846,,missing_pdb,False
Q01860,,missing_pdb,False
Q01919,,missing_pdb,False
Q01968,,missing_pdb,False
Q01974,,missing_pdb,False
Q01976,,missing_pdb,False
Q02040,/data/ranran/my_ptm/croton/data/structure_pipeline/pdb/Q02040.pdb,exact_sequence_match,True
Q02086,,missing_pdb,False
Q02199,,missing_pdb,False
Q02205,,missing_pdb,False
Q02208,,missing_pdb,False
Q02209,,missing_pdb,False
Q02223,,missing_pdb,False
Q02224,,missing_pdb,False
Q02241,/data/ranran/my_ptm/croton/data/structure_pipeline/pdb/Q02241.pdb,exact_sequence_match,True
Q02256,,missing_pdb,False
Q02338,,missing_pdb,False
Q02363,,missing_pdb,False
Q02395,,missing_pdb,False
Q02398,,missing_pdb,False
Q02455,,missing_pdb,False
Q02457,,missing_pdb,False
Q02486,,missing_pdb,False
Q02555,,missing_pdb,False
Q02563,,missing_pdb,False
Q02614,,missing_pdb,False
Q02641,,missing_pdb,False
Q02648,,missing_pdb,False
Q02725,,missing_pdb,False
Q02767,,missing_pdb,False
Q02771,,missing_pdb,False
Q02773,,missing_pdb,False
Q02780,,missing_pdb,False
Q02790,/data/ranran/my_ptm/croton/data/structure_pipeline/pdb/Q02790.pdb,exact_sequence_match,True
Q02792,,missing_pdb,False
Q02793,,missing_pdb,False
Q02794,,missing_pdb,False
Q02803,,missing_pdb,False
Q02805,,missing_pdb,False
Q02818,/data/ranran/my_ptm/croton/data/structure_pipeline/pdb/Q02818.pdb,exact_sequence_match,True
Q02864,,missing_pdb,False
Q02866,,missing_pdb,False
Q02875,,missing_pdb,False
Q02887,,missing_pdb,False
Q02890,,missing_pdb,False
Q02891,,missing_pdb,False
Q02930,,missing_pdb,False
Q02931,,missing_pdb,False
Q02939,,missing_pdb,False
Q02948,,missing_pdb,False
Q02950,,missing_pdb,False
Q02952,,missing_pdb,False
Q02959,,missing_pdb,False
Q02979,,missing_pdb,False
Q03001,,missing_pdb,False
Q03010,,missing_pdb,False
Q03016,,missing_pdb,False
Q03060,,missing_pdb,False
Q03063,,missing_pdb,False
Q03081,,missing_pdb,False
Q03102,,missing_pdb,False
Q03103,,missing_pdb,False
Q03104,,missing_pdb,False
Q03124,,missing_pdb,False
Q03144,,missing_pdb,False
Q03154,/data/ranran/my_ptm/croton/data/structure_pipeline/pdb/Q03154.pdb,exact_sequence_match,True
Q03162,,missing_pdb,False
Q03164,,missing_pdb,False
Q03167,,missing_pdb,False
Q03169,,missing_pdb,False
Q03173,,missing_pdb,False
Q03177,,missing_pdb,False
Q03188,,missing_pdb,False
Q03193,,missing_pdb,False
Q03212,,missing_pdb,False
Q03214,,missing_pdb,False
Q03254,,missing_pdb,False
Q03281,,missing_pdb,False
Q03322,,missing_pdb,False
Q03337,,missing_pdb,False
Q03344,,missing_pdb,False
Q03361,,missing_pdb,False
Q03388,,missing_pdb,False
Q03390,,missing_pdb,False
Q03393,,missing_pdb,False
Q03405,,missing_pdb,False
Q03407,,missing_pdb,False
Q03441,,missing_pdb,False
Q03446,,missing_pdb,False
Q03465,,missing_pdb,False
Q03466,,missing_pdb,False
Q03468,/data/ranran/my_ptm/croton/data/structure_pipeline/pdb/Q03468.pdb,exact_sequence_match,True
Q03496,,missing_pdb,False
Q03497,,missing_pdb,False
Q03503,,missing_pdb,False
Q03516,,missing_pdb,False
Q03518,,missing_pdb,False
Q03529,,missing_pdb,False
Q03533,,missing_pdb,False
Q03559,,missing_pdb,False
Q03629,,missing_pdb,False
Q03640,,missing_pdb,False
Q03653,,missing_pdb,False
Q03654,,missing_pdb,False
Q03656,,missing_pdb,False
Q03660,,missing_pdb,False
Q03687,,missing_pdb,False
Q03690,,missing_pdb,False
Q03697,,missing_pdb,False
Q03701,/data/ranran/my_ptm/croton/data/structure_pipeline/pdb/Q03701.pdb,exact_sequence_match,True
Q03705,,missing_pdb,False
Q03707,,missing_pdb,False
Q03714,,missing_pdb,False
Q03718,,missing_pdb,False
Q03722,,missing_pdb,False
Q03723,,missing_pdb,False
Q03759,,missing_pdb,False
Q03761,,missing_pdb,False
Q03768,,missing_pdb,False
Q03770,,missing_pdb,False
Q03774,,missing_pdb,False
Q03780,,missing_pdb,False
Q03786,,missing_pdb,False
Q03790,,missing_pdb,False
Q03792,,missing_pdb,False
Q03795,,missing_pdb,False
Q03823,,missing_pdb,False
Q03824,,missing_pdb,False
Q03829,,missing_pdb,False
Q03862,,missing_pdb,False
Q03868,,missing_pdb,False
Q03897,,missing_pdb,False
Q03898,,missing_pdb,False
Q03899,,missing_pdb,False
Q03921,,missing_pdb,False
Q03933,,missing_pdb,False
Q03954,,missing_pdb,False
Q03956,,missing_pdb,False
Q03957,,missing_pdb,False
Q03989,,missing_pdb,False
Q04002,,missing_pdb,False
Q04003,,missing_pdb,False
Q04007,,missing_pdb,False
Q04013,,missing_pdb,False
Q04031,,missing_pdb,False
Q04049,,missing_pdb,False
Q04053,,missing_pdb,False
Q04062,,missing_pdb,False
Q04066,,missing_pdb,False
Q04083,,missing_pdb,False
Q04089,,missing_pdb,False
Q04093,,missing_pdb,False
Q04119,,missing_pdb,False
Q04162,,missing_pdb,False
Q04175,,missing_pdb,False
Q04178,,missing_pdb,False
Q04179,,missing_pdb,False
Q04183,,missing_pdb,False
Q04195,,missing_pdb,False
Q04199,,missing_pdb,False
Q04201,,missing_pdb,False
Q04206,,missing_pdb,False
Q04228,,missing_pdb,False
Q04231,,missing_pdb,False
Q04233,,missing_pdb,False
Q04264,,missing_pdb,False
Q04272,,missing_pdb,False
Q04299,,missing_pdb,False
Q04301,,missing_pdb,False
Q04305,,missing_pdb,False
Q04307,,missing_pdb,False
Q04311,,missing_pdb,False
Q04336,,missing_pdb,False
Q04344,,missing_pdb,False
Q04371,,missing_pdb,False
Q04429,,missing_pdb,False
Q04431,,missing_pdb,False
Q04432,,missing_pdb,False
Q04458,,missing_pdb,False
Q04493,,missing_pdb,False
Q04511,,missing_pdb,False
Q04545,,missing_pdb,False
Q04592,,missing_pdb,False
Q04600,,missing_pdb,False
Q04602,,missing_pdb,False
Q04603,,missing_pdb,False
Q04608,,missing_pdb,False
Q04632,,missing_pdb,False
Q04636,,missing_pdb,False
Q04638,,missing_pdb,False
Q04651,,missing_pdb,False
Q04652,,missing_pdb,False
Q04656,,missing_pdb,False
Q04660,,missing_pdb,False
Q04671,,missing_pdb,False
Q04690,,missing_pdb,False
Q04697,,missing_pdb,False
Q04727-3,,missing_pdb,False
Q04728,,missing_pdb,False
Q04739,,missing_pdb,False
Q04767,,missing_pdb,False
Q04772,,missing_pdb,False
Q04773,,missing_pdb,False
Q04781,,missing_pdb,False
Q04792,,missing_pdb,False
Q04835,,missing_pdb,False
Q04836,,missing_pdb,False
Q04864,/data/ranran/my_ptm/croton/data/structure_pipeline/pdb/Q04864.pdb,exact_sequence_match,True
Q04869,,missing_pdb,False
Q04900,,missing_pdb,False
Q04922,,missing_pdb,False
Q04925,,missing_pdb,False
Q04934,,missing_pdb,False
Q04947,,missing_pdb,False
Q04951,,missing_pdb,False
Q04964,,missing_pdb,False
Q04982,,missing_pdb,False
Q04991,,missing_pdb,False
Q04996,,missing_pdb,False
Q05027,,missing_pdb,False
Q05048,,missing_pdb,False
Q05050,,missing_pdb,False
Q05080,,missing_pdb,False
Q05127,,missing_pdb,False
Q05140,,missing_pdb,False
Q05344,,missing_pdb,False
Q05359,,missing_pdb,False
Q05397,/data/ranran/my_ptm/croton/data/structure_pipeline/pdb/Q05397.pdb,exact_sequence_match,True
Q05469,,missing_pdb,False
Q05471,,missing_pdb,False
Q05513,,missing_pdb,False
Q05515,,missing_pdb,False
Q05516,,missing_pdb,False
Q05518,,missing_pdb,False
Q05521,,missing_pdb,False
Q05549,,missing_pdb,False
Q05567,,missing_pdb,False
Q05584,,missing_pdb,False
Q05648,,missing_pdb,False
Q05682,/data/ranran/my_ptm/croton/data/structure_pipeline/pdb/Q05682.pdb,exact_sequence_match,True
Q05682-2,,missing_pdb,False
Q05775,,missing_pdb,False
Q05777,,missing_pdb,False
Q05778,,missing_pdb,False
Q05785,,missing_pdb,False
Q05787,,missing_pdb,False
Q05789,,missing_pdb,False
Q05812,,missing_pdb,False
Q05823,,missing_pdb,False
Q05854,,missing_pdb,False
Q05874,,missing_pdb,False
Q05899,,missing_pdb,False
Q058G5,,missing_pdb,False
Q05905,,missing_pdb,False
Q05913,,missing_pdb,False
Q05919,,missing_pdb,False
Q05923,,missing_pdb,False
Q05942,,missing_pdb,False
Q05946,,missing_pdb,False
Q05947,,missing_pdb,False
Q05958,,missing_pdb,False
Q05998,,missing_pdb,False
Q059P4,,missing_pdb,False
Q05A62,,missing_pdb,False
Q05A80,,missing_pdb,False
Q05BE5,,missing_pdb,False
Q05BE7,,missing_pdb,False
Q05BF4,,missing_pdb,False
Q05BV3,,missing_pdb,False
Q05CH1,,missing_pdb,False
Q05D32,,missing_pdb,False
Q05DH4,,missing_pdb,False
Q05DJ9,,missing_pdb,False
Q05DT2,,missing_pdb,False
Q05GC8,,missing_pdb,False
Q05JG2,,missing_pdb,False
Q06005,,missing_pdb,False
Q06054,,missing_pdb,False
Q06070,,missing_pdb,False
Q06089,,missing_pdb,False
Q06098,,missing_pdb,False
Q06124-3,,missing_pdb,False
Q06138,,missing_pdb,False
Q06144,,missing_pdb,False
Q06146,,missing_pdb,False
Q06147,,missing_pdb,False
Q06151,,missing_pdb,False
Q06156,,missing_pdb,False
Q06168,,missing_pdb,False
Q06169,,missing_pdb,False
Q06170,,missing_pdb,False
Q06175,,missing_pdb,False
Q06177,,missing_pdb,False
Q06178,,missing_pdb,False
Q06179,,missing_pdb,False
Q06185,,missing_pdb,False
Q06188,,missing_pdb,False
Q06199,,missing_pdb,False
Q06200,,missing_pdb,False
Q06216,,missing_pdb,False
Q06218,,missing_pdb,False
Q06252,,missing_pdb,False
Q06265-2,,missing_pdb,False
Q06266,,missing_pdb,False
Q06315,,missing_pdb,False
Q06324,,missing_pdb,False
Q06337,,missing_pdb,False
Q06338,,missing_pdb,False
Q06385,,missing_pdb,False
Q06405,,missing_pdb,False
Q06406,,missing_pdb,False
Q06407,,missing_pdb,False
Q06408,,missing_pdb,False
Q06409,,missing_pdb,False
Q06411,,missing_pdb,False
Q06418,,missing_pdb,False
Q06436,,missing_pdb,False
Q06440,,missing_pdb,False
Q06451,,missing_pdb,False
Q06485,,missing_pdb,False
Q06489,,missing_pdb,False
Q06494,,missing_pdb,False
Q06497,,missing_pdb,False
Q06505,,missing_pdb,False
Q06506,,missing_pdb,False
Q06523,,missing_pdb,False
Q06525,,missing_pdb,False
Q06538,,missing_pdb,False
Q06554,,missing_pdb,False
Q06567,,missing_pdb,False
Q06580,,missing_pdb,False
Q06593,,missing_pdb,False
Q06598,,missing_pdb,False
Q06609-2,,missing_pdb,False
Q06630,,missing_pdb,False
Q06631,,missing_pdb,False
Q06632,,missing_pdb,False
Q06639,,missing_pdb,False
Q06640,,missing_pdb,False
Q06648,,missing_pdb,False
Q06651,,missing_pdb,False
Q06668,,missing_pdb,False
Q06672,,missing_pdb,False
Q06675,,missing_pdb,False
Q06677,,missing_pdb,False
Q06679,,missing_pdb,False
Q06681,,missing_pdb,False
Q06685,,missing_pdb,False
Q06688,,missing_pdb,False
Q06697,,missing_pdb,False
Q06698,,missing_pdb,False
Q06704,,missing_pdb,False
Q06709,,missing_pdb,False
Q06806,,missing_pdb,False
Q06810,,missing_pdb,False
Q06821,,missing_pdb,False
Q06833,,missing_pdb,False
Q06834,,missing_pdb,False
Q06836,,missing_pdb,False
Q06839,,missing_pdb,False
Q06850,,missing_pdb,False
Q06891,,missing_pdb,False
Q06945,,missing_pdb,False
Q06991,,missing_pdb,False
Q06AU5,,missing_pdb,False
Q06AV4,,missing_pdb,False
Q07011,,missing_pdb,False
Q07021,/data/ranran/my_ptm/croton/data/structure_pipeline/pdb/Q07021.pdb,exact_sequence_match,True
Q07065,/data/ranran/my_ptm/croton/data/structure_pipeline/pdb/Q07065.pdb,exact_sequence_match,True
Q07157,/data/ranran/my_ptm/croton/data/structure_pipeline/pdb/Q07157.pdb,exact_sequence_match,True
Q07283,,missing_pdb,False
Q07307,,missing_pdb,False
Q07325,,missing_pdb,False
Q07343,,missing_pdb,False
Q07351,,missing_pdb,False
Q07395,,missing_pdb,False
Q07418,,missing_pdb,False
Q07442,,missing_pdb,False
Q07457,,missing_pdb,False
Q07508,,missing_pdb,False
Q07528,,missing_pdb,False
Q07533,,missing_pdb,False
Q07541,,missing_pdb,False
Q07549,,missing_pdb,False
Q07617,,missing_pdb,False
Q07622,,missing_pdb,False
Q07648,,missing_pdb,False
Q07657,,missing_pdb,False
Q07660,,missing_pdb,False
Q07684,,missing_pdb,False
Q07687,,missing_pdb,False
Q07688,,missing_pdb,False
Q07729,,missing_pdb,False
Q07800,,missing_pdb,False
Q07804,,missing_pdb,False
Q07807,,missing_pdb,False
Q07812-2,,missing_pdb,False
Q07812-5,,missing_pdb,False
Q07817-2,,missing_pdb,False
Q07820,,missing_pdb,False
Q07820-2,,missing_pdb,False
Q07824,,missing_pdb,False
Q07825,,missing_pdb,False
Q07864,/data/ranran/my_ptm/croton/data/structure_pipeline/pdb/Q07864.pdb,exact_sequence_match,True
Q07866-9,,missing_pdb,False
Q07889,,missing_pdb,False
Q07915,,missing_pdb,False
Q07923,,missing_pdb,False
Q07928,,missing_pdb,False
Q07938,,missing_pdb,False
Q07955-2,,missing_pdb,False
Q07959,,missing_pdb,False
Q07963,,missing_pdb,False
Q07979,,missing_pdb,False
Q07986,,missing_pdb,False
Q08001,,missing_pdb,False
Q08004,,missing_pdb,False
Q08032,,missing_pdb,False
Q08050,,missing_pdb,False
Q08054,,missing_pdb,False
Q08109,,missing_pdb,False
Q08116,,missing_pdb,False
Q08144,,missing_pdb,False
Q08157,,missing_pdb,False
Q08170,/data/ranran/my_ptm/croton/data/structure_pipeline/pdb/Q08170.pdb,exact_sequence_match,True
Q08179,,missing_pdb,False
Q08226,,missing_pdb,False
Q08227,,missing_pdb,False
Q08229,,missing_pdb,False
Q08234,,missing_pdb,False
Q08236,,missing_pdb,False
Q08245,,missing_pdb,False
Q08257-2,,missing_pdb,False
Q08268,,missing_pdb,False
Q08269,,missing_pdb,False
Q08273,,missing_pdb,False
Q08280,,missing_pdb,False
Q08287,,missing_pdb,False
Q08288,,missing_pdb,False
Q08299,,missing_pdb,False
Q08300,,missing_pdb,False
Q08345,,missing_pdb,False
Q08345-4,,missing_pdb,False
Q08378,/data/ranran/my_ptm/croton/data/structure_pipeline/pdb/Q08378.pdb,exact_sequence_match,True
Q08379,/data/ranran/my_ptm/croton/data/structure_pipeline/pdb/Q08379.pdb,exact_sequence_match,True
Q08380,,missing_pdb,False
Q08412,,missing_pdb,False
Q08421,,missing_pdb,False
Q08444,,missing_pdb,False
Q08446,,missing_pdb,False
Q08448,,missing_pdb,False
Q08460-4,,missing_pdb,False
Q08465,,missing_pdb,False
Q08484,,missing_pdb,False
Q08491,,missing_pdb,False
Q08492,,missing_pdb,False
Q08495,,missing_pdb,False
Q08501,,missing_pdb,False
Q08558,,missing_pdb,False
Q08561,,missing_pdb,False
Q08581,,missing_pdb,False
Q08601,,missing_pdb,False
Q08629,,missing_pdb,False
Q08634,,missing_pdb,False
Q08641,,missing_pdb,False
Q08642,,missing_pdb,False
Q08647,,missing_pdb,False
Q08650,,missing_pdb,False
Q08651,,missing_pdb,False
Q08682,,missing_pdb,False
Q08689,,missing_pdb,False
Q08693,,missing_pdb,False
Q08729,,missing_pdb,False
Q08732,,missing_pdb,False
Q08754,,missing_pdb,False
Q08760,,missing_pdb,False
Q08822,,missing_pdb,False
Q08826,,missing_pdb,False
Q08831,,missing_pdb,False
Q08886,,missing_pdb,False
Q08887,,missing_pdb,False
Q08920,,missing_pdb,False
Q08921,,missing_pdb,False
Q08923,,missing_pdb,False
Q08925,,missing_pdb,False
Q08951,,missing_pdb,False
Q08954,,missing_pdb,False
Q08959,,missing_pdb,False
Q08960,,missing_pdb,False
Q08966,,missing_pdb,False
Q08968,,missing_pdb,False
Q08972,,missing_pdb,False
Q08981,,missing_pdb,False
Q08993,,missing_pdb,False
Q08995,,missing_pdb,False
Q08999,,missing_pdb,False
Q08A72,,missing_pdb,False
Q08AF3-2,,missing_pdb,False
Q08AG5,,missing_pdb,False
Q08AG7,,missing_pdb,False
Q08J23,/data/ranran/my_ptm/croton/data/structure_pipeline/pdb/Q08J23.pdb,exact_sequence_match,True
Q09013,,missing_pdb,False
Q09019,,missing_pdb,False
Q09327,,missing_pdb,False
Q09666,,missing_pdb,False
Q09668,,missing_pdb,False
Q09792,,missing_pdb,False
Q09851,,missing_pdb,False
Q09857,,missing_pdb,False
Q09889,,missing_pdb,False
Q09948,,missing_pdb,False
Q09969,,missing_pdb,False
Q09FC8,,missing_pdb,False
Q09GN1,,missing_pdb,False
Q09M02,,missing_pdb,False
Q09MP3,,missing_pdb,False
Q0D2I5-3,,missing_pdb,False
Q0D2I5-5,,missing_pdb,False
Q0D3X5,,missing_pdb,False
Q0D4S7,,missing_pdb,False
Q0D551,,missing_pdb,False
Q0D5D4,,missing_pdb,False
Q0D5E8,,missing_pdb,False
Q0D5G5,,missing_pdb,False
Q0D740,,missing_pdb,False
Q0D7S6,,missing_pdb,False
Q0D8D4,,missing_pdb,False
Q0D8I9,,missing_pdb,False
Q0D8L0,,missing_pdb,False
Q0D8M6,,missing_pdb,False
Q0D8P6,,missing_pdb,False
Q0D8V5,,missing_pdb,False
Q0D8W0,,missing_pdb,False
Q0D9H3,,missing_pdb,False
Q0D9K2,,missing_pdb,False
Q0D9N4,,missing_pdb,False
Q0D9T4,,missing_pdb,False
Q0D9U8,,missing_pdb,False
Q0D9V6,,missing_pdb,False
Q0DAI2,,missing_pdb,False
Q0DAJ3,,missing_pdb,False
Q0DB99,,missing_pdb,False
Q0DCI7,,missing_pdb,False
Q0DDX1,,missing_pdb,False
Q0DED0,,missing_pdb,False
Q0DER1,,missing_pdb,False
Q0DEW7,,missing_pdb,False
Q0DEY2,,missing_pdb,False
Q0DFF0,,missing_pdb,False
Q0DFL5,,missing_pdb,False
Q0DFQ6,,missing_pdb,False
Q0DG22,,missing_pdb,False
Q0DGB7,,missing_pdb,False
Q0DGV3,,missing_pdb,False
Q0DH56,,missing_pdb,False
Q0DHF6,,missing_pdb,False
Q0DHQ8,,missing_pdb,False
Q0DI56,,missing_pdb,False
Q0DIB6,,missing_pdb,False
Q0DIU1,,missing_pdb,False
Q0DJ17,,missing_pdb,False
Q0DJ73,,missing_pdb,False
Q0DJ85,,missing_pdb,False
Q0DJM1,,missing_pdb,False
Q0DJP7,,missing_pdb,False
Q0DKF1,,missing_pdb,False
Q0DL41,,missing_pdb,False
Q0DLA6,,missing_pdb,False
Q0DLR6,,missing_pdb,False
Q0DM85,,missing_pdb,False
Q0DMF9,,missing_pdb,False
Q0DMN6,,missing_pdb,False
Q0DMQ4,,missing_pdb,False
Q0DMV6,,missing_pdb,False
Q0DNR8,,missing_pdb,False
Q0DP30,,missing_pdb,False
Q0DP61,,missing_pdb,False
Q0DP78,,missing_pdb,False
Q0DPQ4,,missing_pdb,False
Q0DPX2,,missing_pdb,False
Q0DQM6,,missing_pdb,False
Q0DR84,,missing_pdb,False
Q0DRF7,,missing_pdb,False
Q0DRI2,,missing_pdb,False
Q0DRP2,,missing_pdb,False
Q0DRU6,,missing_pdb,False
Q0DSB5,,missing_pdb,False
Q0DSL9,,missing_pdb,False
Q0DSP7,,missing_pdb,False
Q0DT00,,missing_pdb,False
Q0DT31,,missing_pdb,False
Q0DT48,,missing_pdb,False
Q0DTD5,,missing_pdb,False
Q0DTD8,,missing_pdb,False
Q0DTK4,,missing_pdb,False
Q0DTW0,,missing_pdb,False
Q0DVF1,,missing_pdb,False
Q0DVL8,,missing_pdb,False
Q0DVW6,,missing_pdb,False
Q0DW26,,missing_pdb,False
Q0DWB6,,missing_pdb,False
Q0DWC1,,missing_pdb,False
Q0DWG1,,missing_pdb,False
Q0DWX4,,missing_pdb,False
Q0DX00,,missing_pdb,False
Q0DY48,,missing_pdb,False
Q0DY49,,missing_pdb,False
Q0DY91,,missing_pdb,False
Q0DYI0,,missing_pdb,False
Q0DZE6,,missing_pdb,False
Q0DZF7,,missing_pdb,False
Q0E0D6,,missing_pdb,False
Q0E0E5,,missing_pdb,False
Q0E0Q3,,missing_pdb,False
Q0E112,,missing_pdb,False
Q0E259,,missing_pdb,False
Q0E2C9,,missing_pdb,False
Q0E2K1,,missing_pdb,False
Q0E2M5,,missing_pdb,False
Q0E3C8,,missing_pdb,False
Q0E8G6,,missing_pdb,False
Q0E8J0,,missing_pdb,False
Q0E8N9,,missing_pdb,False
Q0E8Q7,,missing_pdb,False
Q0E8T6,,missing_pdb,False
Q0E8X8,,missing_pdb,False
Q0E9B5,,missing_pdb,False
Q0E9C5,,missing_pdb,False
Q0E9G3,,missing_pdb,False
Q0GA42,,missing_pdb,False
Q0GNC1,,missing_pdb,False
Q0II04,,missing_pdb,False
Q0IIM8-2,,missing_pdb,False
Q0ILN5,,missing_pdb,False
Q0ILT6,,missing_pdb,False
Q0ILV0,,missing_pdb,False
Q0IM14,,missing_pdb,False
Q0IM50,,missing_pdb,False
Q0IMK8,,missing_pdb,False
Q0IMU6,,missing_pdb,False
Q0IMV2,,missing_pdb,False
Q0IMZ6,,missing_pdb,False
Q0INC2,,missing_pdb,False
Q0INE5,,missing_pdb,False
Q0INF6,,missing_pdb,False
Q0INH8,,missing_pdb,False
Q0INL5,,missing_pdb,False
Q0INM9,,missing_pdb,False
Q0INR2,,missing_pdb,False
Q0INS5,,missing_pdb,False
Q0INV3,,missing_pdb,False
Q0IPL7,,missing_pdb,False
Q0IQF7,,missing_pdb,False
Q0IQI1,,missing_pdb,False
Q0IQR4,,missing_pdb,False
Q0IQT2,,missing_pdb,False
Q0IQV5,,missing_pdb,False
Q0IRC0,,missing_pdb,False
Q0IRH7,,missing_pdb,False
Q0IRI9,,missing_pdb,False
Q0IRN4,,missing_pdb,False
Q0IRR7,,missing_pdb,False
Q0ISG1,,missing_pdb,False
Q0ISV6,,missing_pdb,False
Q0ITK8,,missing_pdb,False
Q0ITS8,,missing_pdb,False
Q0IUK5,,missing_pdb,False
Q0IUP0,,missing_pdb,False
Q0IVF3,,missing_pdb,False
Q0IVX7,,missing_pdb,False
Q0IWI8,,missing_pdb,False
Q0IWL9,,missing_pdb,False
Q0IWQ1,,missing_pdb,False
Q0IX18,,missing_pdb,False
Q0IXE5,,missing_pdb,False
Q0IXF3,,missing_pdb,False
Q0IXP3,,missing_pdb,False
Q0IYP7,,missing_pdb,False
Q0IZY3,,missing_pdb,False
Q0J078,,missing_pdb,False
Q0J082,,missing_pdb,False
Q0J0E2,,missing_pdb,False
Q0J0F5,,missing_pdb,False
Q0J0R0,,missing_pdb,False
Q0J0V7,,missing_pdb,False
Q0J1E3,,missing_pdb,False
Q0J1E5,,missing_pdb,False
Q0J1J9,,missing_pdb,False
Q0J363,,missing_pdb,False
Q0J381,,missing_pdb,False
Q0J3T2,,missing_pdb,False
Q0J3Y2,,missing_pdb,False
Q0J3Z9,,missing_pdb,False
Q0J4B8,,missing_pdb,False
Q0J4P1,,missing_pdb,False
Q0J5S6,,missing_pdb,False
Q0J5W4,,missing_pdb,False
Q0J6R8,,missing_pdb,False
Q0J713,,missing_pdb,False
Q0J7P0,,missing_pdb,False
Q0J8F0,,missing_pdb,False
Q0J8G4,,missing_pdb,False
Q0J8M2,,missing_pdb,False
Q0J8M3,,missing_pdb,False
Q0J8N4,,missing_pdb,False
Q0J8X2,,missing_pdb,False
Q0J8Z3,,missing_pdb,False
Q0J9G6,,missing_pdb,False
Q0JA45,,missing_pdb,False
Q0JAM2,,missing_pdb,False
Q0JAX5,,missing_pdb,False
Q0JBH9,,missing_pdb,False
Q0JD54,,missing_pdb,False
Q0JDQ1,,missing_pdb,False
Q0JDX5,,missing_pdb,False
Q0JFH7,,missing_pdb,False
Q0JGC0,,missing_pdb,False
Q0JGK4,,missing_pdb,False
Q0JGU6,,missing_pdb,False
Q0JGY1,,missing_pdb,False
Q0JGZ6-2,,missing_pdb,False
Q0JHF9,,missing_pdb,False
Q0JHM5,,missing_pdb,False
Q0JI61,,missing_pdb,False
Q0JI64,,missing_pdb,False
Q0JI76,,missing_pdb,False
Q0JI77,,missing_pdb,False
Q0JIL3,,missing_pdb,False
Q0JIP3,,missing_pdb,False
Q0JIX9,,missing_pdb,False
Q0JJ84,,missing_pdb,False
Q0JJJ9,,missing_pdb,False
Q0JKY8,,missing_pdb,False
Q0JKZ9,,missing_pdb,False
Q0JLB5,,missing_pdb,False
Q0JLB9,,missing_pdb,False
Q0JLK2,,missing_pdb,False
Q0JLS6,,missing_pdb,False
Q0JM17-2,,missing_pdb,False
Q0JN96,,missing_pdb,False
Q0JNR2,,missing_pdb,False
Q0JNS4,,missing_pdb,False
Q0JP05,,missing_pdb,False
Q0JP14,,missing_pdb,False
Q0JPD0,,missing_pdb,False
Q0JPN2,,missing_pdb,False
Q0JQ96,,missing_pdb,False
Q0JQJ1,,missing_pdb,False
Q0JR02,,missing_pdb,False
Q0JR09,,missing_pdb,False
Q0JR25,,missing_pdb,False
Q0JRF3,,missing_pdb,False
Q0JRZ9-2,,missing_pdb,False
Q0KHR4,,missing_pdb,False
Q0KHR5,,missing_pdb,False
Q0KHZ4,,missing_pdb,False
Q0KI06,,missing_pdb,False
Q0KIE7,,missing_pdb,False
Q0KIF1,,missing_pdb,False
Q0KL02-4,,missing_pdb,False
Q0P521,,missing_pdb,False
Q0P5N6,,missing_pdb,False
Q0P651,,missing_pdb,False
Q0P665,,missing_pdb,False
Q0P6A0,,missing_pdb,False
Q0P6D6,,missing_pdb,False
Q0PL78,,missing_pdb,False
Q0PNE2,/data/ranran/my_ptm/croton/data/structure_pipeline/pdb/Q0PNE2.pdb,exact_sequence_match,True
Q0V7S1,,missing_pdb,False
Q0V856,,missing_pdb,False
Q0VAQ4,,missing_pdb,False
Q0VBD2,,missing_pdb,False
Q0VBF2,,missing_pdb,False
Q0VBF8,,missing_pdb,False
Q0VD83,,missing_pdb,False
Q0VDD8,,missing_pdb,False
Q0VDN7,,missing_pdb,False
Q0VF59,,missing_pdb,False
Q0VF96,,missing_pdb,False
Q0VFY0,,missing_pdb,False
Q0VG06,,missing_pdb,False
Q0VGB7,,missing_pdb,False
Q0VGE6,,missing_pdb,False
Q0VGL1,,missing_pdb,False
Q0WLT3,,missing_pdb,False
Q0WLY0,,missing_pdb,False
Q0WNG8,,missing_pdb,False
Q0WNX9,,missing_pdb,False
Q0WPA5,,missing_pdb,False
Q0WPH8,,missing_pdb,False
Q0WPK0,,missing_pdb,False
Q0WPQ2,,missing_pdb,False
Q0WQA4,,missing_pdb,False
Q0WQD2,,missing_pdb,False
Q0WQD5,,missing_pdb,False
Q0WTG7,,missing_pdb,False
Q0WTS1,,missing_pdb,False
Q0WVL7,,missing_pdb,False
Q0ZGT2,,missing_pdb,False
Q10081,,missing_pdb,False
Q10166,,missing_pdb,False
Q10199,,missing_pdb,False
Q10218,,missing_pdb,False
Q10253,,missing_pdb,False
Q10256,,missing_pdb,False
Q10299,,missing_pdb,False
Q10304,,missing_pdb,False
Q10322,,missing_pdb,False
Q10323,,missing_pdb,False
Q10327,,missing_pdb,False
Q10347,,missing_pdb,False
Q10411,,missing_pdb,False
Q10414,,missing_pdb,False
Q10424,,missing_pdb,False
Q10469,,missing_pdb,False
Q10570,/data/ranran/my_ptm/croton/data/structure_pipeline/pdb/Q10570.pdb,exact_sequence_match,True
Q10586,,missing_pdb,False
Q10589,,missing_pdb,False
Q10713-2,,missing_pdb,False
Q10728,,missing_pdb,False
Q10740,,missing_pdb,False
Q108Y0,,missing_pdb,False
Q10951,,missing_pdb,False
Q109B0,,missing_pdb,False
Q109G2,,missing_pdb,False
Q109M1,,missing_pdb,False
Q109Q0,,missing_pdb,False
Q10A01,,missing_pdb,False
Q10AD3,,missing_pdb,False
Q10BF4,,missing_pdb,False
Q10BR3,,missing_pdb,False
Q10CJ2,,missing_pdb,False
Q10CR3,,missing_pdb,False
Q10CY6,,missing_pdb,False
Q10DU0,,missing_pdb,False
Q10DW2,,missing_pdb,False
Q10E34,,missing_pdb,False
Q10EK7,,missing_pdb,False
Q10ER3,,missing_pdb,False
Q10EZ2,,missing_pdb,False
Q10FE5,,missing_pdb,False
Q10FJ2,,missing_pdb,False
Q10FT0,,missing_pdb,False
Q10GH7,,missing_pdb,False
Q10GJ5,,missing_pdb,False
Q10GP3,,missing_pdb,False
Q10GX0,,missing_pdb,False
Q10HT1,,missing_pdb,False
Q10I37,,missing_pdb,False
Q10IP1,,missing_pdb,False
Q10JU8,,missing_pdb,False
Q10K80,,missing_pdb,False
Q10KX5,,missing_pdb,False
Q10L32,,missing_pdb,False
Q10LI1,,missing_pdb,False
Q10LV8,,missing_pdb,False
Q10LY6,,missing_pdb,False
Q10M12,,missing_pdb,False
Q10MI0,,missing_pdb,False
Q10MJ1,,missing_pdb,False
Q10MV4,,missing_pdb,False
Q10MX3,,missing_pdb,False
Q10N94,,missing_pdb,False
Q10NQ3,,missing_pdb,False
Q10NX1,,missing_pdb,False
Q10P98,,missing_pdb,False
Q10PB2,,missing_pdb,False
Q10PC5,,missing_pdb,False
Q10PP8,,missing_pdb,False
Q10PQ9,,missing_pdb,False
Q10QA5,,missing_pdb,False
Q10QG3,,missing_pdb,False
Q10QL5-2,,missing_pdb,False
Q10QN7,,missing_pdb,False
Q10R36,,missing_pdb,False
Q10R54-2,,missing_pdb,False
Q10R54-3,,missing_pdb,False
Q10RK9,,missing_pdb,False
Q10S38,,missing_pdb,False
Q10SC6,,missing_pdb,False
Q10SF4,,missing_pdb,False
Q10ST8,,missing_pdb,False
Q10ST9,,missing_pdb,False
Q10SY5,,missing_pdb,False
Q11130,,missing_pdb,False
Q11203,,missing_pdb,False
Q11206,,missing_pdb,False
Q12001,,missing_pdb,False
Q12012,,missing_pdb,False
Q12015,,missing_pdb,False
Q12016,,missing_pdb,False
Q12018,,missing_pdb,False
Q12025,,missing_pdb,False
Q12033,,missing_pdb,False
Q12035,,missing_pdb,False
Q12038,,missing_pdb,False
Q12040,,missing_pdb,False
Q12044,,missing_pdb,False
Q12048,,missing_pdb,False
Q12055,,missing_pdb,False
Q12057,,missing_pdb,False
Q12060,,missing_pdb,False
Q12066,,missing_pdb,False
Q12069,,missing_pdb,False
Q12084,,missing_pdb,False
Q12100,,missing_pdb,False
Q12108,,missing_pdb,False
Q12110,,missing_pdb,False
Q12114,,missing_pdb,False
Q12116,,missing_pdb,False
Q12124,,missing_pdb,False
Q12125,,missing_pdb,False
Q12127,,missing_pdb,False
Q12136,,missing_pdb,False
Q12142,,missing_pdb,False
Q12146,,missing_pdb,False
Q12150,,missing_pdb,False
Q12152,,missing_pdb,False
Q12154,,missing_pdb,False
Q12156,,missing_pdb,False
Q12157,,missing_pdb,False
Q12158,,missing_pdb,False
Q12159,,missing_pdb,False
Q12160,,missing_pdb,False
Q12163,,missing_pdb,False
Q12168,,missing_pdb,False
Q12176,,missing_pdb,False
Q12178,,missing_pdb,False
Q12182,,missing_pdb,False
Q12207,,missing_pdb,False
Q12209,,missing_pdb,False
Q12221,,missing_pdb,False
Q12223,,missing_pdb,False
Q12234,,missing_pdb,False
Q12242,,missing_pdb,False
Q12247,,missing_pdb,False
Q12255,,missing_pdb,False
Q12259,,missing_pdb,False
Q12263,,missing_pdb,False
Q12265,,missing_pdb,False
Q12267,,missing_pdb,False
Q12275,,missing_pdb,False
Q12280,,missing_pdb,False
Q12284,,missing_pdb,False
Q12296,,missing_pdb,False
Q12298,,missing_pdb,False
Q12305,,missing_pdb,False
Q12314,,missing_pdb,False
Q12321,,missing_pdb,False
Q12325,,missing_pdb,False
Q12326,,missing_pdb,False
Q12329,,missing_pdb,False
Q12330,,missing_pdb,False
Q12333,,missing_pdb,False
Q12341,,missing_pdb,False
Q12344,,missing_pdb,False
Q12361,,missing_pdb,False
Q12369,,missing_pdb,False
Q12377,,missing_pdb,False
Q12386,,missing_pdb,False
Q12387,,missing_pdb,False
Q12396,,missing_pdb,False
Q12398,,missing_pdb,False
Q12402,,missing_pdb,False
Q12403,,missing_pdb,False
Q12406,,missing_pdb,False
Q12412,,missing_pdb,False
Q12418,,missing_pdb,False
Q12429,,missing_pdb,False
Q12433,,missing_pdb,False
Q12434,,missing_pdb,False
Q12436,,missing_pdb,False
Q12442,,missing_pdb,False
Q12447,,missing_pdb,False
Q12449,,missing_pdb,False
Q12451,,missing_pdb,False
Q12452,,missing_pdb,False
Q12453,,missing_pdb,False
Q12462,,missing_pdb,False
Q12464,,missing_pdb,False
Q12465,,missing_pdb,False
Q12466,,missing_pdb,False
Q12471,,missing_pdb,False
Q12473,,missing_pdb,False
Q12476,,missing_pdb,False
Q12481,,missing_pdb,False
Q12486,,missing_pdb,False
Q12496,,missing_pdb,False
Q12500,,missing_pdb,False
Q12502,,missing_pdb,False
Q12505,,missing_pdb,False
Q12507,,missing_pdb,False
Q12509,,missing_pdb,False
Q12511,,missing_pdb,False
Q12514,,missing_pdb,False
Q12515,,missing_pdb,False
Q12516,,missing_pdb,False
Q12517,,missing_pdb,False
Q12518,,missing_pdb,False
Q12526,,missing_pdb,False
Q12527,,missing_pdb,False
Q12532,,missing_pdb,False
Q12555,,missing_pdb,False
Q12674,,missing_pdb,False
Q12675,,missing_pdb,False
Q12676,,missing_pdb,False
Q12680,,missing_pdb,False
Q12697,,missing_pdb,False
Q12734,,missing_pdb,False
Q12743,,missing_pdb,False
Q12746,,missing_pdb,False
Q12749,,missing_pdb,False
Q12754,,missing_pdb,False
Q12766,,missing_pdb,False
Q12767-2,,missing_pdb,False
Q12768,/data/ranran/my_ptm/croton/data/structure_pipeline/pdb/Q12768.pdb,exact_sequence_match,True
Q12769,/data/ranran/my_ptm/croton/data/structure_pipeline/pdb/Q12769.pdb,exact_sequence_match,True
Q12770,,missing_pdb,False
Q12770-3,,missing_pdb,False
Q12770-4,,missing_pdb,False
Q12774,,missing_pdb,False
Q12789,/data/ranran/my_ptm/croton/data/structure_pipeline/pdb/Q12789.pdb,exact_sequence_match,True
Q12792,/data/ranran/my_ptm/croton/data/structure_pipeline/pdb/Q12792.pdb,exact_sequence_match,True
Q12796,,missing_pdb,False
Q12797,/data/ranran/my_ptm/croton/data/structure_pipeline/pdb/Q12797.pdb,exact_sequence_match,True
Q12802-2,,missing_pdb,False
Q12805,,missing_pdb,False
Q12815,,missing_pdb,False
Q12816,/data/ranran/my_ptm/croton/data/structure_pipeline/pdb/Q12816.pdb,exact_sequence_match,True
Q12824,,missing_pdb,False
Q12830,,missing_pdb,False
Q12834,/data/ranran/my_ptm/croton/data/structure_pipeline/pdb/Q12834.pdb,exact_sequence_match,True
Q12840,/data/ranran/my_ptm/croton/data/structure_pipeline/pdb/Q12840.pdb,exact_sequence_match,True
Q12841,,missing_pdb,False
Q12849,/data/ranran/my_ptm/croton/data/structure_pipeline/pdb/Q12849.pdb,exact_sequence_match,True
Q12864,,missing_pdb,False
Q12866,,missing_pdb,False
Q12872,,missing_pdb,False
Q12887,,missing_pdb,False
Q12888,/data/ranran/my_ptm/croton/data/structure_pipeline/pdb/Q12888.pdb,exact_sequence_match,True
Q12891,,missing_pdb,False
Q12893,,missing_pdb,False
Q12894,,missing_pdb,False
Q12906-6,,missing_pdb,False
Q12906-7,,missing_pdb,False
Q12913,,missing_pdb,False
Q12923,,missing_pdb,False
Q12929,/data/ranran/my_ptm/croton/data/structure_pipeline/pdb/Q12929.pdb,exact_sequence_match,True
Q12947,,missing_pdb,False
Q12955,,missing_pdb,False
Q12959-2,,missing_pdb,False
Q12962,,missing_pdb,False
Q12968,,missing_pdb,False
Q12972,/data/ranran/my_ptm/croton/data/structure_pipeline/pdb/Q12972.pdb,exact_sequence_match,True
Q12974-2,,missing_pdb,False
Q12979,/data/ranran/my_ptm/croton/data/structure_pipeline/pdb/Q12979.pdb,exact_sequence_match,True
Q12980,,missing_pdb,False
Q12981-1,,missing_pdb,False
Q12982,,missing_pdb,False
Q12983,,missing_pdb,False
Q12986,,missing_pdb,False
Q13007,,missing_pdb,False
Q13011,/data/ranran/my_ptm/croton/data/structure_pipeline/pdb/Q13011.pdb,exact_sequence_match,True
Q13023,,missing_pdb,False
Q13029,,missing_pdb,False
Q13033,/data/ranran/my_ptm/croton/data/structure_pipeline/pdb/Q13033.pdb,exact_sequence_match,True
Q13057,/data/ranran/my_ptm/croton/data/structure_pipeline/pdb/Q13057.pdb,exact_sequence_match,True
Q13061,,missing_pdb,False
Q13075,,missing_pdb,False
Q13077,,missing_pdb,False
Q13084,/data/ranran/my_ptm/croton/data/structure_pipeline/pdb/Q13084.pdb,exact_sequence_match,True
Q13093,,missing_pdb,False
Q13099,,missing_pdb,False
Q13105-2,,missing_pdb,False
Q13111,,missing_pdb,False
Q13115,,missing_pdb,False
Q13117,,missing_pdb,False
Q13127,,missing_pdb,False
Q13129,,missing_pdb,False
Q13137,/data/ranran/my_ptm/croton/data/structure_pipeline/pdb/Q13137.pdb,exact_sequence_match,True
Q13144,/data/ranran/my_ptm/croton/data/structure_pipeline/pdb/Q13144.pdb,exact_sequence_match,True
Q13145,,missing_pdb,False
Q13148,/data/ranran/my_ptm/croton/data/structure_pipeline/pdb/Q13148.pdb,exact_sequence_match,True
Q13155,/data/ranran/my_ptm/croton/data/structure_pipeline/pdb/Q13155.pdb,exact_sequence_match,True
Q13158,/data/ranran/my_ptm/croton/data/structure_pipeline/pdb/Q13158.pdb,exact_sequence_match,True
Q13163,,missing_pdb,False
Q13164,,missing_pdb,False
Q13188,/data/ranran/my_ptm/croton/data/structure_pipeline/pdb/Q13188.pdb,exact_sequence_match,True
Q13190,,missing_pdb,False
Q13191,/data/ranran/my_ptm/croton/data/structure_pipeline/pdb/Q13191.pdb,exact_sequence_match,True
Q13206,/data/ranran/my_ptm/croton/data/structure_pipeline/pdb/Q13206.pdb,exact_sequence_match,True
Q13216,,missing_pdb,False
Q13217,/data/ranran/my_ptm/croton/data/structure_pipeline/pdb/Q13217.pdb,exact_sequence_match,True
Q13227,/data/ranran/my_ptm/croton/data/structure_pipeline/pdb/Q13227.pdb,exact_sequence_match,True
Q13233,,missing_pdb,False
Q13237,,missing_pdb,False
Q13243-2,,missing_pdb,False
Q13275,,missing_pdb,False
Q13286,,missing_pdb,False
Q13286-4,,missing_pdb,False
Q13303-4,,missing_pdb,False
Q13308,,missing_pdb,False
Q13308-5,,missing_pdb,False
Q13309,,missing_pdb,False
Q13316,,missing_pdb,False
Q13323,,missing_pdb,False
Q13330-2,,missing_pdb,False
Q13332,,missing_pdb,False
Q13352,,missing_pdb,False
Q13356-2,,missing_pdb,False
Q13368,,missing_pdb,False
Q13371,/data/ranran/my_ptm/croton/data/structure_pipeline/pdb/Q13371.pdb,exact_sequence_match,True
Q13393-3,,missing_pdb,False
Q13395,/data/ranran/my_ptm/croton/data/structure_pipeline/pdb/Q13395.pdb,exact_sequence_match,True
Q13405,/data/ranran/my_ptm/croton/data/structure_pipeline/pdb/Q13405.pdb,exact_sequence_match,True
Q13415,,missing_pdb,False
Q13416,/data/ranran/my_ptm/croton/data/structure_pipeline/pdb/Q13416.pdb,exact_sequence_match,True
Q13421,,missing_pdb,False
Q13423,/data/ranran/my_ptm/croton/data/structure_pipeline/pdb/Q13423.pdb,exact_sequence_match,True
Q13425,,missing_pdb,False
Q13426,,missing_pdb,False
Q13427,,missing_pdb,False
Q13428,/data/ranran/my_ptm/croton/data/structure_pipeline/pdb/Q13428.pdb,exact_sequence_match,True
Q13432,,missing_pdb,False
Q13435,/data/ranran/my_ptm/croton/data/structure_pipeline/pdb/Q13435.pdb,exact_sequence_match,True
Q13442,/data/ranran/my_ptm/croton/data/structure_pipeline/pdb/Q13442.pdb,exact_sequence_match,True
Q13470,,missing_pdb,False
Q13472,/data/ranran/my_ptm/croton/data/structure_pipeline/pdb/Q13472.pdb,exact_sequence_match,True
Q13485,/data/ranran/my_ptm/croton/data/structure_pipeline/pdb/Q13485.pdb,exact_sequence_match,True
Q13487,,missing_pdb,False
Q13490,/data/ranran/my_ptm/croton/data/structure_pipeline/pdb/Q13490.pdb,exact_sequence_match,True
Q13505,,missing_pdb,False
Q13506,,missing_pdb,False
Q13510,,missing_pdb,False
Q13523,/data/ranran/my_ptm/croton/data/structure_pipeline/pdb/Q13523.pdb,exact_sequence_match,True
Q13535,/data/ranran/my_ptm/croton/data/structure_pipeline/pdb/Q13535.pdb,exact_sequence_match,True
Q13542,,missing_pdb,False
Q13546,,missing_pdb,False
Q13554,/data/ranran/my_ptm/croton/data/structure_pipeline/pdb/Q13554.pdb,exact_sequence_match,True
Q13555-4,,missing_pdb,False
Q13563,,missing_pdb,False
Q13568,,missing_pdb,False
Q13569,/data/ranran/my_ptm/croton/data/structure_pipeline/pdb/Q13569.pdb,exact_sequence_match,True
Q13572,,missing_pdb,False
Q13595-2,,missing_pdb,False
Q13596-3,,missing_pdb,False
Q13610,/data/ranran/my_ptm/croton/data/structure_pipeline/pdb/Q13610.pdb,exact_sequence_match,True
Q13615,,missing_pdb,False
Q13625,,missing_pdb,False
Q13627,,missing_pdb,False
Q13627-5,,missing_pdb,False
Q13630,/data/ranran/my_ptm/croton/data/structure_pipeline/pdb/Q13630.pdb,exact_sequence_match,True
Q13635,,missing_pdb,False
Q13641,,missing_pdb,False
Q13642,/data/ranran/my_ptm/croton/data/structure_pipeline/pdb/Q13642.pdb,exact_sequence_match,True
Q13683,,missing_pdb,False
Q13686,,missing_pdb,False
Q13740,/data/ranran/my_ptm/croton/data/structure_pipeline/pdb/Q13740.pdb,exact_sequence_match,True
Q13751,,missing_pdb,False
Q13753,,missing_pdb,False
Q13761,,missing_pdb,False
Q13769,,missing_pdb,False
Q13772-2,,missing_pdb,False
Q13794,,missing_pdb,False
Q13795,,missing_pdb,False
Q13823,/data/ranran/my_ptm/croton/data/structure_pipeline/pdb/Q13823.pdb,exact_sequence_match,True
Q13825,,missing_pdb,False
Q13868,,missing_pdb,False
Q13887,,missing_pdb,False
Q13901,/data/ranran/my_ptm/croton/data/structure_pipeline/pdb/Q13901.pdb,exact_sequence_match,True
Q13907-2,,missing_pdb,False
Q13946,,missing_pdb,False
Q13950,,missing_pdb,False
Q13951-2,,missing_pdb,False
Q13952,/data/ranran/my_ptm/croton/data/structure_pipeline/pdb/Q13952.pdb,exact_sequence_match,True
Q14003,,missing_pdb,False
Q14004,/data/ranran/my_ptm/croton/data/structure_pipeline/pdb/Q14004.pdb,exact_sequence_match,True
Q14005,,missing_pdb,False
Q14093,,missing_pdb,False
Q14094,,missing_pdb,False
Q14103,,missing_pdb,False
Q14114,,missing_pdb,False
Q14116,/data/ranran/my_ptm/croton/data/structure_pipeline/pdb/Q14116.pdb,exact_sequence_match,True
Q14118,/data/ranran/my_ptm/croton/data/structure_pipeline/pdb/Q14118.pdb,exact_sequence_match,True
Q14119,/data/ranran/my_ptm/croton/data/structure_pipeline/pdb/Q14119.pdb,exact_sequence_match,True
Q14129,,missing_pdb,False
Q14134,/data/ranran/my_ptm/croton/data/structure_pipeline/pdb/Q14134.pdb,exact_sequence_match,True
Q14135,/data/ranran/my_ptm/croton/data/structure_pipeline/pdb/Q14135.pdb;/data/ranran/my_ptm/croton/data/structure_pipeline/pdb/AF-Q14135-F1-model_v6.pdb,sequence_mismatch,False
Q14141-3,,missing_pdb,False
Q14142,,missing_pdb,False
Q14146,/data/ranran/my_ptm/croton/data/structure_pipeline/pdb/Q14146.pdb,exact_sequence_match,True
Q14147,,missing_pdb,False
Q14152,/data/ranran/my_ptm/croton/data/structure_pipeline/pdb/Q14152.pdb,exact_sequence_match,True
Q14153,,missing_pdb,False
Q14156,,missing_pdb,False
Q14159,,missing_pdb,False
Q14160-3,,missing_pdb,False
Q14165,,missing_pdb,False
Q14166,,missing_pdb,False
Q14183,,missing_pdb,False
Q14188,,missing_pdb,False
Q14191,,missing_pdb,False
Q14197,/data/ranran/my_ptm/croton/data/structure_pipeline/pdb/Q14197.pdb,exact_sequence_match,True
Q14201,,missing_pdb,False
Q14207,,missing_pdb,False
Q14232-2,,missing_pdb,False
Q14241,,missing_pdb,False
Q14244,/data/ranran/my_ptm/croton/data/structure_pipeline/pdb/Q14244.pdb,exact_sequence_match,True
Q14247-2,,missing_pdb,False
Q14264,,missing_pdb,False
Q14296,,missing_pdb,False
Q14318-2,,missing_pdb,False
Q14318-3,,missing_pdb,False
Q14320,/data/ranran/my_ptm/croton/data/structure_pipeline/pdb/Q14320.pdb,exact_sequence_match,True
Q14331,,missing_pdb,False
Q14432,,missing_pdb,False
Q14442,,missing_pdb,False
Q14457,,missing_pdb,False
Q14494,,missing_pdb,False
Q14507,,missing_pdb,False
Q14515,,missing_pdb,False
Q14520,,missing_pdb,False
Q14527,/data/ranran/my_ptm/croton/data/structure_pipeline/pdb/Q14527.pdb,exact_sequence_match,True
Q14554,/data/ranran/my_ptm/croton/data/structure_pipeline/pdb/Q14554.pdb,exact_sequence_match,True
Q14568,,missing_pdb,False
Q14585,,missing_pdb,False
Q14641,,missing_pdb,False
Q14643,,missing_pdb,False
Q14657,/data/ranran/my_ptm/croton/data/structure_pipeline/pdb/Q14657.pdb,exact_sequence_match,True
Q14674,,missing_pdb,False
Q14676,,missing_pdb,False
Q14676-4,,missing_pdb,False
Q14679,,missing_pdb,False
Q14680,,missing_pdb,False
Q14681,,missing_pdb,False
Q14684,/data/ranran/my_ptm/croton/data/structure_pipeline/pdb/Q14684.pdb,exact_sequence_match,True
Q14687,,missing_pdb,False
Q14689-4,,missing_pdb,False
Q14691,,missing_pdb,False
Q14692,/data/ranran/my_ptm/croton/data/structure_pipeline/pdb/Q14692.pdb,exact_sequence_match,True
Q14694,/data/ranran/my_ptm/croton/data/structure_pipeline/pdb/Q14694.pdb,exact_sequence_match,True
Q14696,,missing_pdb,False
Q14697-2,,missing_pdb,False
Q14699,,missing_pdb,False
Q14703,,missing_pdb,False
Q14714,/data/ranran/my_ptm/croton/data/structure_pipeline/pdb/Q14714.pdb,exact_sequence_match,True
Q14722,,missing_pdb,False
Q14728,,missing_pdb,False
Q14738,/data/ranran/my_ptm/croton/data/structure_pipeline/pdb/Q14738.pdb,exact_sequence_match,True
Q14746,,missing_pdb,False
Q14766,,missing_pdb,False
Q14774,,missing_pdb,False
Q14789,,missing_pdb,False
Q14790-3,,missing_pdb,False
Q14790-6,,missing_pdb,False
Q14790-7,,missing_pdb,False
Q147F7,,missing_pdb,False
Q147X3,,missing_pdb,False
Q14802,,missing_pdb,False
Q14807,/data/ranran/my_ptm/croton/data/structure_pipeline/pdb/Q14807.pdb,exact_sequence_match,True
Q14814,,missing_pdb,False
Q14847-2,,missing_pdb,False
Q14865,,missing_pdb,False
Q14872,,missing_pdb,False
Q148W8,,missing_pdb,False
Q14934,,missing_pdb,False
Q14940,,missing_pdb,False
Q14966,/data/ranran/my_ptm/croton/data/structure_pipeline/pdb/Q14966.pdb,exact_sequence_match,True
Q14978-2,,missing_pdb,False
Q14980,/data/ranran/my_ptm/croton/data/structure_pipeline/pdb/Q14980.pdb,exact_sequence_match,True
Q14997,,missing_pdb,False
Q14997-4,,missing_pdb,False
Q14999,,missing_pdb,False
Q149L6,,missing_pdb,False
Q149N8,,missing_pdb,False
Q14AQ4,,missing_pdb,False
Q14BI1,,missing_pdb,False
Q14C86-6,,missing_pdb,False
Q14C87,,missing_pdb,False
Q14CB8,,missing_pdb,False
Q14CM0,,missing_pdb,False
Q14CX5,,missing_pdb,False
Q14CX7,/data/ranran/my_ptm/croton/data/structure_pipeline/pdb/Q14CX7.pdb,exact_sequence_match,True
Q14CZ0,,missing_pdb,False
Q14CZ7,,missing_pdb,False
Q14D33,,missing_pdb,False
Q15003,/data/ranran/my_ptm/croton/data/structure_pipeline/pdb/Q15003.pdb,exact_sequence_match,True
Q15004-2,,missing_pdb,False
Q15005,/data/ranran/my_ptm/croton/data/structure_pipeline/pdb/Q15005.pdb,exact_sequence_match,True
Q15007,/data/ranran/my_ptm/croton/data/structure_pipeline/pdb/Q15007.pdb,exact_sequence_match,True
Q15011-3,,missing_pdb,False
Q15012,,missing_pdb,False
Q15013,,missing_pdb,False
Q15014,,missing_pdb,False
Q15018,/data/ranran/my_ptm/croton/data/structure_pipeline/pdb/Q15018.pdb,exact_sequence_match,True
Q15019-2,,missing_pdb,False
Q15020,/data/ranran/my_ptm/croton/data/structure_pipeline/pdb/Q15020.pdb,exact_sequence_match,True
Q15020-2,,missing_pdb,False
Q15021,/data/ranran/my_ptm/croton/data/structure_pipeline/pdb/Q15021.pdb,exact_sequence_match,True
Q15025,,missing_pdb,False
Q15031,/data/ranran/my_ptm/croton/data/structure_pipeline/pdb/Q15031.pdb,exact_sequence_match,True
Q15032,,missing_pdb,False
Q15036,/data/ranran/my_ptm/croton/data/structure_pipeline/pdb/Q15036.pdb,exact_sequence_match,True
Q15038,,missing_pdb,False
Q15041,/data/ranran/my_ptm/croton/data/structure_pipeline/pdb/Q15041.pdb,exact_sequence_match,True
Q15042,/data/ranran/my_ptm/croton/data/structure_pipeline/pdb/Q15042.pdb,exact_sequence_match,True
Q15043,,missing_pdb,False
Q15047-2,,missing_pdb,False
Q15050,/data/ranran/my_ptm/croton/data/structure_pipeline/pdb/Q15050.pdb,exact_sequence_match,True
Q15051,,missing_pdb,False
Q15051-3,,missing_pdb,False
Q15054,/data/ranran/my_ptm/croton/data/structure_pipeline/pdb/Q15054.pdb,exact_sequence_match,True
Q15056,/data/ranran/my_ptm/croton/data/structure_pipeline/pdb/Q15056.pdb,exact_sequence_match,True
Q15061,/data/ranran/my_ptm/croton/data/structure_pipeline/pdb/Q15061.pdb,exact_sequence_match,True
Q15070,/data/ranran/my_ptm/croton/data/structure_pipeline/pdb/Q15070.pdb;/data/ranran/my_ptm/croton/data/structure_pipeline/pdb/AF-Q15070-F1-model_v6.pdb,sequence_mismatch,False
Q15072,,missing_pdb,False
Q15075,/data/ranran/my_ptm/croton/data/structure_pipeline/pdb/Q15075.pdb,exact_sequence_match,True
Q15080,,missing_pdb,False
Q15084-2,,missing_pdb,False
Q15102,,missing_pdb,False
Q15109,,missing_pdb,False
Q15116,,missing_pdb,False
Q15118,,missing_pdb,False
Q15121,/data/ranran/my_ptm/croton/data/structure_pipeline/pdb/Q15121.pdb,exact_sequence_match,True
Q15126,/data/ranran/my_ptm/croton/data/structure_pipeline/pdb/Q15126.pdb,exact_sequence_match,True
Q15154-3,,missing_pdb,False
Q15185-2,,missing_pdb,False
Q15223-3,,missing_pdb,False
Q15244,,missing_pdb,False
Q15257,/data/ranran/my_ptm/croton/data/structure_pipeline/pdb/Q15257.pdb,exact_sequence_match,True
Q15257-4,,missing_pdb,False
Q15283,,missing_pdb,False
Q15287,/data/ranran/my_ptm/croton/data/structure_pipeline/pdb/Q15287.pdb,exact_sequence_match,True
Q15291,,missing_pdb,False
Q15293,/data/ranran/my_ptm/croton/data/structure_pipeline/pdb/Q15293.pdb,exact_sequence_match,True
Q15300,,missing_pdb,False
Q15311,/data/ranran/my_ptm/croton/data/structure_pipeline/pdb/Q15311.pdb,exact_sequence_match,True
Q15326,,missing_pdb,False
Q15327,,missing_pdb,False
Q15345,/data/ranran/my_ptm/croton/data/structure_pipeline/pdb/Q15345.pdb,exact_sequence_match,True
Q15361,/data/ranran/my_ptm/croton/data/structure_pipeline/pdb/Q15361.pdb,exact_sequence_match,True
Q15386-2,,missing_pdb,False
Q15388,/data/ranran/my_ptm/croton/data/structure_pipeline/pdb/Q15388.pdb,exact_sequence_match,True
Q15389,,missing_pdb,False
Q15393-2,,missing_pdb,False
Q15393-3,,missing_pdb,False
Q15397,/data/ranran/my_ptm/croton/data/structure_pipeline/pdb/Q15397.pdb,exact_sequence_match,True
Q15398,,missing_pdb,False
Q15427,/data/ranran/my_ptm/croton/data/structure_pipeline/pdb/Q15427.pdb,exact_sequence_match,True
Q15459,/data/ranran/my_ptm/croton/data/structure_pipeline/pdb/Q15459.pdb,exact_sequence_match,True
Q15468,,missing_pdb,False
Q15486,,missing_pdb,False
Q15506,,missing_pdb,False
Q15526,,missing_pdb,False
Q15528,/data/ranran/my_ptm/croton/data/structure_pipeline/pdb/Q15528.pdb,exact_sequence_match,True
Q15528-2,,missing_pdb,False
Q15532,,missing_pdb,False
Q15543,,missing_pdb,False
Q15544,,missing_pdb,False
Q15554,,missing_pdb,False
Q15555,/data/ranran/my_ptm/croton/data/structure_pipeline/pdb/Q15555.pdb,exact_sequence_match,True
Q15555-2,,missing_pdb,False
Q15562,,missing_pdb,False
Q15569,,missing_pdb,False
Q15572,,missing_pdb,False
Q15582,,missing_pdb,False
Q15583,,missing_pdb,False
Q15596,,missing_pdb,False
Q155Q3,,missing_pdb,False
Q155V7,,missing_pdb,False
Q15628,,missing_pdb,False
Q15629,/data/ranran/my_ptm/croton/data/structure_pipeline/pdb/Q15629.pdb,exact_sequence_match,True
Q15631,/data/ranran/my_ptm/croton/data/structure_pipeline/pdb/Q15631.pdb,exact_sequence_match,True
Q15633,,missing_pdb,False
Q15637-5,,missing_pdb,False
Q15642-4,,missing_pdb,False
Q15642-5,,missing_pdb,False
Q15643,/data/ranran/my_ptm/croton/data/structure_pipeline/pdb/Q15643.pdb,exact_sequence_match,True
Q15645,,missing_pdb,False
Q15646,,missing_pdb,False
Q15648,,missing_pdb,False
Q15648-3,,missing_pdb,False
Q15649,/data/ranran/my_ptm/croton/data/structure_pipeline/pdb/Q15649.pdb,exact_sequence_match,True
Q15650,/data/ranran/my_ptm/croton/data/structure_pipeline/pdb/Q15650.pdb,exact_sequence_match,True
Q15651,,missing_pdb,False
Q15651-2,,missing_pdb,False
Q15652,/data/ranran/my_ptm/croton/data/structure_pipeline/pdb/Q15652.pdb,exact_sequence_match,True
Q15653,/data/ranran/my_ptm/croton/data/structure_pipeline/pdb/Q15653.pdb,exact_sequence_match,True
Q15654,,missing_pdb,False
Q15672,,missing_pdb,False
Q15678,,missing_pdb,False
Q15696,,missing_pdb,False
Q15742,,missing_pdb,False
Q15750,,missing_pdb,False
Q15751,,missing_pdb,False
Q15762,,missing_pdb,False
Q15782,,missing_pdb,False
Q15784,,missing_pdb,False
Q15785,/data/ranran/my_ptm/croton/data/structure_pipeline/pdb/Q15785.pdb,exact_sequence_match,True
Q15811,,missing_pdb,False
Q15813-2,,missing_pdb,False
Q15814,,missing_pdb,False
Q15834,,missing_pdb,False
Q15847,,missing_pdb,False
Q15849,,missing_pdb,False
Q15853,,missing_pdb,False
Q15904,,missing_pdb,False
Q15906,,missing_pdb,False
Q15929,,missing_pdb,False
Q15942-2,,missing_pdb,False
Q16204,/data/ranran/my_ptm/croton/data/structure_pipeline/pdb/Q16204.pdb,exact_sequence_match,True
Q16222,/data/ranran/my_ptm/croton/data/structure_pipeline/pdb/Q16222.pdb,exact_sequence_match,True
Q16236,,missing_pdb,False
Q16254,,missing_pdb,False
Q16270,,missing_pdb,False
Q16394,,missing_pdb,False
Q16513,/data/ranran/my_ptm/croton/data/structure_pipeline/pdb/Q16513.pdb,exact_sequence_match,True
Q16514,/data/ranran/my_ptm/croton/data/structure_pipeline/pdb/Q16514.pdb,exact_sequence_match,True
Q16531-2,,missing_pdb,False
Q16533,,missing_pdb,False
Q16537,,missing_pdb,False
Q16539-4,,missing_pdb,False
Q16549,,missing_pdb,False
Q16553,,missing_pdb,False
Q16576-2,,missing_pdb,False
Q16584,,missing_pdb,False
Q16589,,missing_pdb,False
Q16594,,missing_pdb,False
Q16595,,missing_pdb,False
Q16602,,missing_pdb,False
Q16621,,missing_pdb,False
Q16625,,missing_pdb,False
Q16626,,missing_pdb,False
Q16629-2,,missing_pdb,False
Q16633,,missing_pdb,False
Q16635,,missing_pdb,False
Q16637,/data/ranran/my_ptm/croton/data/structure_pipeline/pdb/Q16637.pdb,exact_sequence_match,True
Q16649,,missing_pdb,False
Q16656,,missing_pdb,False
Q16659,,missing_pdb,False
Q16666,/data/ranran/my_ptm/croton/data/structure_pipeline/pdb/Q16666.pdb,exact_sequence_match,True
Q16667,,missing_pdb,False
Q16678,,missing_pdb,False
Q16698,,missing_pdb,False
Q16739,,missing_pdb,False
Q16740,,missing_pdb,False
Q16790,,missing_pdb,False
Q16795,/data/ranran/my_ptm/croton/data/structure_pipeline/pdb/Q16795.pdb,exact_sequence_match,True
Q16827,,missing_pdb,False
Q16829,,missing_pdb,False
Q16836,/data/ranran/my_ptm/croton/data/structure_pipeline/pdb/Q16836.pdb,exact_sequence_match,True
Q16854,,missing_pdb,False
Q16854-2,,missing_pdb,False
Q16880,,missing_pdb,False
Q16881,,missing_pdb,False
Q16890,,missing_pdb,False
Q16891,/data/ranran/my_ptm/croton/data/structure_pipeline/pdb/Q16891.pdb,exact_sequence_match,True
Q17R31,/data/ranran/my_ptm/croton/data/structure_pipeline/pdb/Q17R31.pdb,exact_sequence_match,True
Q17R55,,missing_pdb,False
Q17R98,,missing_pdb,False
Q17RB8,,missing_pdb,False
Q17RC7,,missing_pdb,False
Q17RM4,,missing_pdb,False
Q17RN3,,missing_pdb,False
Q17RY0,,missing_pdb,False
Q17RY6,,missing_pdb,False
Q19AV6,,missing_pdb,False
Q1AE95,,missing_pdb,False
Q1AHR6,,missing_pdb,False
Q1ECK2,,missing_pdb,False
Q1ECL9,,missing_pdb,False
Q1ED39,/data/ranran/my_ptm/croton/data/structure_pipeline/pdb/Q1ED39.pdb,exact_sequence_match,True
Q1ERP8,,missing_pdb,False
Q1G3G5,,missing_pdb,False
Q1G3K2,,missing_pdb,False
Q1H557,,missing_pdb,False
Q1L6U9,,missing_pdb,False
Q1MSJ5,,missing_pdb,False
Q1MTN3,,missing_pdb,False
Q1PDV2,,missing_pdb,False
Q1PDW9,,missing_pdb,False
Q1PF20,,missing_pdb,False
Q1RL12,,missing_pdb,False
Q1RMZ1,,missing_pdb,False
Q1RN00,,missing_pdb,False
Q1W4C9,,missing_pdb,False
Q1W5W7,,missing_pdb,False
Q1WNQ6,,missing_pdb,False
Q1X8D7,,missing_pdb,False
Q1XHX8,,missing_pdb,False
Q23976,,missing_pdb,False
Q24173,,missing_pdb,False
Q24276,,missing_pdb,False
Q24314,,missing_pdb,False
Q24318,,missing_pdb,False
Q24472,,missing_pdb,False
Q24478,,missing_pdb,False
Q24574-2,,missing_pdb,False
Q24592,,missing_pdb,False
Q24595,,missing_pdb,False
Q24JN5,,missing_pdb,False
Q24JP5-4,,missing_pdb,False
Q27272,,missing_pdb,False
Q27333,,missing_pdb,False
Q27367,,missing_pdb,False
Q27J81-3,,missing_pdb,False
Q29068,,missing_pdb,False
Q29QQ9,,missing_pdb,False
Q29RF7-3,,missing_pdb,False
Q2EMV9,,missing_pdb,False
Q2HIQ5,,missing_pdb,False
Q2HIW6,,missing_pdb,False
Q2KHM9,,missing_pdb,False
Q2KHR2,,missing_pdb,False
Q2KHT3,,missing_pdb,False
Q2KJU6,,missing_pdb,False
Q2KN98,,missing_pdb,False
Q2M1K9,,missing_pdb,False
Q2M243,,missing_pdb,False
Q2M296,,missing_pdb,False
Q2M2I8,,missing_pdb,False
Q2M2Z5,,missing_pdb,False
Q2M329,,missing_pdb,False
Q2M389-2,,missing_pdb,False
Q2M3C7,,missing_pdb,False
Q2M3G4,,missing_pdb,False
Q2M3R5,,missing_pdb,False
Q2M3W8,,missing_pdb,False
Q2MDF5,,missing_pdb,False
Q2MHN3,,missing_pdb,False
Q2NKJ3,,missing_pdb,False
Q2NKX8,/data/ranran/my_ptm/croton/data/structure_pipeline/pdb/Q2NKX8.pdb,exact_sequence_match,True
Q2NL67,,missing_pdb,False
Q2Q0I9,,missing_pdb,False
Q2Q1W2,,missing_pdb,False
Q2QGD7,,missing_pdb,False
Q2QLI9,,missing_pdb,False
Q2QLJ6,,missing_pdb,False
Q2QLS7,,missing_pdb,False
Q2QLV8,,missing_pdb,False
Q2QLY8,,missing_pdb,False
Q2QLY9,,missing_pdb,False
Q2QM23,,missing_pdb,False
Q2QM47,,missing_pdb,False
Q2QME8,,missing_pdb,False
Q2QMN5,,missing_pdb,False
Q2QND5,,missing_pdb,False
Q2QP55,,missing_pdb,False
Q2QQ34,,missing_pdb,False
Q2QQY9,,missing_pdb,False
Q2QSH6,,missing_pdb,False
Q2QXA9,,missing_pdb,False
Q2QXB4,,missing_pdb,False
Q2QXS5,,missing_pdb,False
Q2QXT9,,missing_pdb,False
Q2QYF3,,missing_pdb,False
Q2QYL3,,missing_pdb,False
Q2R0M8,,missing_pdb,False
Q2R0Q1,,missing_pdb,False
Q2R2A3,,missing_pdb,False
Q2R2U0,,missing_pdb,False
Q2R480,,missing_pdb,False
Q2R483,,missing_pdb,False
Q2R4Z4,,missing_pdb,False
Q2R5T5,,missing_pdb,False
Q2R6U2,,missing_pdb,False
Q2R917,,missing_pdb,False
Q2R920,,missing_pdb,False
Q2R9L7,,missing_pdb,False
Q2RAU4,,missing_pdb,False
Q2RBL3,,missing_pdb,False
Q2T9J0,,missing_pdb,False
Q2TAA5,,missing_pdb,False
Q2TAY7,/data/ranran/my_ptm/croton/data/structure_pipeline/pdb/Q2TAY7.pdb,exact_sequence_match,True
Q2TB10,,missing_pdb,False
Q2TB18,,missing_pdb,False
Q2TBE0,/data/ranran/my_ptm/croton/data/structure_pipeline/pdb/Q2TBE0.pdb,exact_sequence_match,True
Q2TJI9,,missing_pdb,False
Q2TPA8,,missing_pdb,False
Q2UY09,,missing_pdb,False
Q2V2P7,,missing_pdb,False
Q2V2P8,,missing_pdb,False
Q2VIQ3,/data/ranran/my_ptm/croton/data/structure_pipeline/pdb/Q2VIQ3.pdb,exact_sequence_match,True
Q2VPB7,,missing_pdb,False
Q2VPQ9,,missing_pdb,False
Q2VWP7,,missing_pdb,False
Q2WG77,,missing_pdb,False
Q2YD98,,missing_pdb,False
Q309B1,,missing_pdb,False
Q31125,,missing_pdb,False
Q32KD2,,missing_pdb,False
Q32KD3,,missing_pdb,False
Q32M88,,missing_pdb,False
Q32MG2,,missing_pdb,False
Q32MH5,,missing_pdb,False
Q32MK0,,missing_pdb,False
Q32MN6,,missing_pdb,False
Q32MZ4,/data/ranran/my_ptm/croton/data/structure_pipeline/pdb/Q32MZ4.pdb,exact_sequence_match,True
Q32NB8,,missing_pdb,False
Q32NB8-3,,missing_pdb,False
Q32NC0,,missing_pdb,False
Q32NY4,,missing_pdb,False
Q32P28-3,,missing_pdb,False
Q32P41,,missing_pdb,False
Q32Q07,,missing_pdb,False
Q32Q12,,missing_pdb,False
Q330K2,,missing_pdb,False
Q337B3,,missing_pdb,False
Q337E7,,missing_pdb,False
Q338Y6,,missing_pdb,False
Q339D2,,missing_pdb,False
Q339I9,,missing_pdb,False
Q33B03,,missing_pdb,False
Q38796,,missing_pdb,False
Q38842,,missing_pdb,False
Q38935,,missing_pdb,False
Q38955,,missing_pdb,False
Q38SD2,,missing_pdb,False
Q39061,,missing_pdb,False
Q39084,,missing_pdb,False
Q39161,,missing_pdb,False
Q39242,,missing_pdb,False
Q3B726,,missing_pdb,False
Q3B7T1-3,,missing_pdb,False
Q3B7T1-4,,missing_pdb,False
Q3B7U2,,missing_pdb,False
Q3B820,,missing_pdb,False
Q3BBV2,,missing_pdb,False
Q3BDU5,,missing_pdb,False
Q3E6S8,,missing_pdb,False
Q3E705,,missing_pdb,False
Q3E747,,missing_pdb,False
Q3E756,,missing_pdb,False
Q3E790,,missing_pdb,False
Q3E7C1,,missing_pdb,False
Q3E7D0,,missing_pdb,False
Q3E7Y5,,missing_pdb,False
Q3E7Y6,,missing_pdb,False
Q3E7Z5,,missing_pdb,False
Q3E826,,missing_pdb,False
Q3E829,,missing_pdb,False
Q3E830,,missing_pdb,False
Q3E833,,missing_pdb,False
Q3E834,,missing_pdb,False
Q3E842,,missing_pdb,False
Q3E870,,missing_pdb,False
Q3E9D9,,missing_pdb,False
Q3EBL9,,missing_pdb,False
Q3EDB7,,missing_pdb,False
Q3HKR1,,missing_pdb,False
Q3HM38,,missing_pdb,False
Q3HNM7,,missing_pdb,False
Q3KNM2,,missing_pdb,False
Q3KNY5,,missing_pdb,False
Q3KR37,,missing_pdb,False
Q3KRA6,/data/ranran/my_ptm/croton/data/structure_pipeline/pdb/Q3KRA6.pdb,exact_sequence_match,True
Q3KRA9,,missing_pdb,False
Q3KRB8,,missing_pdb,False
Q3LIE5,,missing_pdb,False
Q3MHC2,,missing_pdb,False
Q3MHD2-2,,missing_pdb,False
Q3MHU3,,missing_pdb,False
Q3MIM1,,missing_pdb,False
Q3MIP1,,missing_pdb,False
Q3MIT2,,missing_pdb,False
Q3SWU3,,missing_pdb,False
Q3SXM5,/data/ranran/my_ptm/croton/data/structure_pipeline/pdb/Q3SXM5.pdb,exact_sequence_match,True
Q3SXY8,,missing_pdb,False
Q3SXZ7,,missing_pdb,False
Q3SY61,,missing_pdb,False
Q3SY69,,missing_pdb,False
Q3SYD7,,missing_pdb,False
Q3SYG4,,missing_pdb,False
Q3T7B4,,missing_pdb,False
Q3T8J9,,missing_pdb,False
Q3T906,,missing_pdb,False
Q3T906-2,,missing_pdb,False
Q3TAN8,,missing_pdb,False
Q3TB48,,missing_pdb,False
Q3TBN1,,missing_pdb,False
Q3TBU7,,missing_pdb,False
Q3TC93,,missing_pdb,False
Q3TCG9,,missing_pdb,False
Q3TCV3,,missing_pdb,False
Q3TD14,,missing_pdb,False
Q3TEA8,,missing_pdb,False
Q3TEL6,,missing_pdb,False
Q3TFQ1,,missing_pdb,False
Q3TG90,,missing_pdb,False
Q3TGW2,,missing_pdb,False
Q3TH34,,missing_pdb,False
Q3TH73,,missing_pdb,False
Q3TIV5,,missing_pdb,False
Q3TIX6,,missing_pdb,False
Q3TJ56,,missing_pdb,False
Q3TLR8,,missing_pdb,False
Q3TM89,,missing_pdb,False
Q3TMP8,,missing_pdb,False
Q3TMQ6,,missing_pdb,False
Q3TMS1,,missing_pdb,False
Q3TN71,,missing_pdb,False
Q3TNE6,,missing_pdb,False
Q3TNH5,,missing_pdb,False
Q3TP03,,missing_pdb,False
Q3TPU9,,missing_pdb,False
Q3TS02,,missing_pdb,False
Q3TTF2,,missing_pdb,False
Q3TUM0,,missing_pdb,False
Q3TUQ5,,missing_pdb,False
Q3TV65,,missing_pdb,False
Q3TWI2,,missing_pdb,False
Q3TWI9,,missing_pdb,False
Q3TWL2,,missing_pdb,False
Q3TXI7,,missing_pdb,False
Q3TY86,,missing_pdb,False
Q3TY94,,missing_pdb,False
Q3TYL7,,missing_pdb,False
Q3TZK9,,missing_pdb,False
Q3TZT4,,missing_pdb,False
Q3U0B3,,missing_pdb,False
Q3U0J8,,missing_pdb,False
Q3U0K0,,missing_pdb,False
Q3U0K8,,missing_pdb,False
Q3U0L2,,missing_pdb,False
Q3U0U2,,missing_pdb,False
Q3U0V1,,missing_pdb,False
Q3U125,,missing_pdb,False
Q3U1T3,,missing_pdb,False
Q3U1V6,,missing_pdb,False
Q3U3J1,,missing_pdb,False
Q3U3K9,,missing_pdb,False
Q3U3S6,,missing_pdb,False
Q3U3W2,,missing_pdb,False
Q3U3W5,,missing_pdb,False
Q3U487,,missing_pdb,False
Q3U570,,missing_pdb,False
Q3U7U3,,missing_pdb,False
Q3U821,,missing_pdb,False
Q3U898,,missing_pdb,False
Q3U957,,missing_pdb,False
Q3U9G9,,missing_pdb,False
Q3U9N5,,missing_pdb,False
Q3UA37,,missing_pdb,False
Q3UA72,,missing_pdb,False
Q3UBG2,,missing_pdb,False
Q3UBX0,,missing_pdb,False
Q3UC65,,missing_pdb,False
Q3UCV8,,missing_pdb,False
Q3UD01,,missing_pdb,False
Q3UE37,,missing_pdb,False
Q3UE61,,missing_pdb,False
Q3UEG6,,missing_pdb,False
Q3UEG7,,missing_pdb,False
Q3UEL5,,missing_pdb,False
Q3UEZ8,,missing_pdb,False
Q3UFK8,,missing_pdb,False
Q3UG20,,missing_pdb,False
Q3UGE6,,missing_pdb,False
Q3UGR5,,missing_pdb,False
Q3UGY8,,missing_pdb,False
Q3UH70,,missing_pdb,False
Q3UHH2,,missing_pdb,False
Q3UHH4,,missing_pdb,False
Q3UHI4,,missing_pdb,False
Q3UHL1,,missing_pdb,False
Q3UHX9,,missing_pdb,False
Q3UI10,,missing_pdb,False
Q3UI43,,missing_pdb,False
Q3UIK0,,missing_pdb,False
Q3UIL6-2,,missing_pdb,False
Q3UIR3,,missing_pdb,False
Q3UJD6,,missing_pdb,False
Q3UJU9,,missing_pdb,False
Q3UKC1,,missing_pdb,False
Q3UKF7,,missing_pdb,False
Q3UKW2,,missing_pdb,False
Q3ULA2,,missing_pdb,False
Q3UM45,,missing_pdb,False
Q3UMF0,,missing_pdb,False
Q3UMY5,,missing_pdb,False
Q3UN08,,missing_pdb,False
Q3UN16,,missing_pdb,False
Q3UNA4,,missing_pdb,False
Q3UNH4,,missing_pdb,False
Q3UNX5-2,,missing_pdb,False
Q3UPW3,,missing_pdb,False
Q3UQP1,,missing_pdb,False
Q3UR03,,missing_pdb,False
Q3UR70,,missing_pdb,False
Q3URD3,,missing_pdb,False
Q3URR7,,missing_pdb,False
Q3USS3,,missing_pdb,False
Q3USZ2,,missing_pdb,False
Q3UT63,,missing_pdb,False
Q3UTM5,,missing_pdb,False
Q3UTZ3,,missing_pdb,False
Q3UU58,,missing_pdb,False
Q3UUG6,,missing_pdb,False
Q3UUQ7,,missing_pdb,False
Q3UUW5,,missing_pdb,False
Q3UV55,,missing_pdb,False
Q3UVT7,,missing_pdb,False
Q3UVU8,,missing_pdb,False
Q3UVY0,,missing_pdb,False
Q3UVY5,,missing_pdb,False
Q3UW64,,missing_pdb,False
Q3UWK9,,missing_pdb,False
Q3UZ09,,missing_pdb,False
Q3UZP4,,missing_pdb,False
Q3UZV7,,missing_pdb,False
Q3V063,,missing_pdb,False
Q3V0B4,,missing_pdb,False
Q3V0C5,,missing_pdb,False
Q3V0K6,,missing_pdb,False
Q3V0P1,,missing_pdb,False
Q3V132,,missing_pdb,False
Q3V156,,missing_pdb,False
Q3V1F1,,missing_pdb,False
Q3V3A3,,missing_pdb,False
Q3V3G0,,missing_pdb,False
Q3V3G9,,missing_pdb,False
Q3V3K3,,missing_pdb,False
Q3V492,,missing_pdb,False
Q3V5L5,,missing_pdb,False
Q3YEC7,,missing_pdb,False
Q3ZCQ3,,missing_pdb,False
Q3ZK31,,missing_pdb,False
Q3ZT31,,missing_pdb,False
Q400M8,,missing_pdb,False
Q40687,,missing_pdb,False
Q40711,,missing_pdb,False
Q40746,,missing_pdb,False
Q41932,,missing_pdb,False
Q42290,,missing_pdb,False
Q42456,,missing_pdb,False
Q42546,,missing_pdb,False
Q42592,,missing_pdb,False
Q43291,,missing_pdb,False
Q43316,,missing_pdb,False
Q43725,,missing_pdb,False
Q43870,,missing_pdb,False
Q460N3,,missing_pdb,False
Q494K2,,missing_pdb,False
Q494P4,,missing_pdb,False
Q494V2,,missing_pdb,False
Q495B1,,missing_pdb,False
Q495C1,,missing_pdb,False
Q495C1-2,,missing_pdb,False
Q495C1-5,,missing_pdb,False
Q495G5,,missing_pdb,False
Q495T6,,missing_pdb,False
Q495W5,,missing_pdb,False
Q495Z4,,missing_pdb,False
Q497J1,,missing_pdb,False
Q497K7,,missing_pdb,False
Q498C7,,missing_pdb,False
Q499N2,,missing_pdb,False
Q499U6,,missing_pdb,False
Q499W2,,missing_pdb,False
Q499Z4,,missing_pdb,False
Q49A33,,missing_pdb,False
Q49A88,,missing_pdb,False
Q49A88-4,,missing_pdb,False
Q49A90,,missing_pdb,False
Q49AF1,,missing_pdb,False
Q49AG3,,missing_pdb,False
Q49AM1,,missing_pdb,False
Q49AM3,,missing_pdb,False
Q49AQ3,,missing_pdb,False
Q49AR2,,missing_pdb,False
Q49B96,,missing_pdb,False
Q49MI3,,missing_pdb,False
Q4AB54,,missing_pdb,False
Q4AC94,,missing_pdb,False
Q4ADV7,,missing_pdb,False
Q4FZB7,,missing_pdb,False
Q4FZR7,,missing_pdb,False
Q4G0A6,,missing_pdb,False
Q4G0J3,/data/ranran/my_ptm/croton/data/structure_pipeline/pdb/Q4G0J3.pdb,exact_sequence_match,True
Q4G0N4-3,,missing_pdb,False
Q4G0P3,,missing_pdb,False
Q4G0S4,,missing_pdb,False
Q4G0S7,,missing_pdb,False
Q4G0X9,,missing_pdb,False
Q4G148,/data/ranran/my_ptm/croton/data/structure_pipeline/pdb/Q4G148.pdb,exact_sequence_match,True
Q4G163,,missing_pdb,False
Q4G176,,missing_pdb,False
Q4G1C1,,missing_pdb,False
Q4G5Y1,,missing_pdb,False
Q4H2F8,,missing_pdb,False
Q4J6C6,/data/ranran/my_ptm/croton/data/structure_pipeline/pdb/Q4J6C6.pdb,exact_sequence_match,True
Q4JJC0,,missing_pdb,False
Q4KL35,,missing_pdb,False
Q4KM58,,missing_pdb,False
Q4KML4,,missing_pdb,False
Q4KMP7,,missing_pdb,False
Q4KMQ1,,missing_pdb,False
Q4KMZ1,,missing_pdb,False
Q4KUS2,,missing_pdb,False
Q4KWH8,,missing_pdb,False
Q4L235,,missing_pdb,False
Q4LDE5,,missing_pdb,False
Q4LDF6,,missing_pdb,False
Q4LDG0,,missing_pdb,False
Q4LE39,,missing_pdb,False
Q4QQB9,,missing_pdb,False
Q4QQU9,,missing_pdb,False
Q4QQW3,,missing_pdb,False
Q4QR73,,missing_pdb,False
Q4QTK1,,missing_pdb,False
Q4TU85,,missing_pdb,False
Q4U2Q5,,missing_pdb,False
Q4U4S6,,missing_pdb,False
Q4V328,/data/ranran/my_ptm/croton/data/structure_pipeline/pdb/Q4V328.pdb,exact_sequence_match,True
Q4V328-2,,missing_pdb,False
Q4V339,,missing_pdb,False
Q4V348,,missing_pdb,False
Q4V3C9,,missing_pdb,False
Q4V3D3,,missing_pdb,False
Q4V4P1,,missing_pdb,False
Q4V4P2,,missing_pdb,False
Q4V665,,missing_pdb,False
Q4V7E1,,missing_pdb,False
Q4V8D0,,missing_pdb,False
Q4V8E4,,missing_pdb,False
Q4V8F8,,missing_pdb,False
Q4V8H2,,missing_pdb,False
Q4V8H8,,missing_pdb,False
Q4V8P5,,missing_pdb,False
Q4VAC9,,missing_pdb,False
Q4VC05-2,,missing_pdb,False
Q4VC31,/data/ranran/my_ptm/croton/data/structure_pipeline/pdb/Q4VC31.pdb,exact_sequence_match,True
Q4VC44,,missing_pdb,False
Q4VK74,,missing_pdb,False
Q4VX54,,missing_pdb,False
Q4VXH1,,missing_pdb,False
Q4VXL4,,missing_pdb,False
Q4VY20,,missing_pdb,False
Q4ZG55,,missing_pdb,False
Q4ZIN3,/data/ranran/my_ptm/croton/data/structure_pipeline/pdb/Q4ZIN3.pdb,exact_sequence_match,True
Q4ZIN3-2,,missing_pdb,False
Q500Z7,,missing_pdb,False
Q501B2,,missing_pdb,False
Q502W6,,missing_pdb,False
Q504U0,,missing_pdb,False
Q50H33,,missing_pdb,False
Q50L42,,missing_pdb,False
Q52KG4,,missing_pdb,False
Q52KI8,,missing_pdb,False
Q52L67,,missing_pdb,False
Q52L69,,missing_pdb,False
Q52LW3-2,,missing_pdb,False
Q52NJ0,,missing_pdb,False
Q52QH4,,missing_pdb,False
Q52WX2,,missing_pdb,False
Q53EQ6,,missing_pdb,False
Q53ET0,,missing_pdb,False
Q53EZ4,/data/ranran/my_ptm/croton/data/structure_pipeline/pdb/Q53EZ4.pdb,exact_sequence_match,True
Q53F19,/data/ranran/my_ptm/croton/data/structure_pipeline/pdb/Q53F19.pdb,exact_sequence_match,True
Q53F39,,missing_pdb,False
Q53FA7,,missing_pdb,False
Q53FT3,,missing_pdb,False
Q53FV1,/data/ranran/my_ptm/croton/data/structure_pipeline/pdb/Q53FV1.pdb,exact_sequence_match,True
Q53GA4,,missing_pdb,False
Q53GL0,,missing_pdb,False
Q53GL7,,missing_pdb,False
Q53GS7,/data/ranran/my_ptm/croton/data/structure_pipeline/pdb/Q53GS7.pdb,exact_sequence_match,True
Q53GS9,/data/ranran/my_ptm/croton/data/structure_pipeline/pdb/Q53GS9.pdb,exact_sequence_match,True
Q53H12,/data/ranran/my_ptm/croton/data/structure_pipeline/pdb/Q53H12.pdb,exact_sequence_match,True
Q53H12-2,,missing_pdb,False
Q53H47,,missing_pdb,False
Q53H54,,missing_pdb,False
Q53H80,,missing_pdb,False
Q53H82,/data/ranran/my_ptm/croton/data/structure_pipeline/pdb/Q53H82.pdb,exact_sequence_match,True
Q53HC0,,missing_pdb,False
Q53HC9,,missing_pdb,False
Q53HV7,,missing_pdb,False
Q53JF7,,missing_pdb,False
Q53LP3,,missing_pdb,False
Q53LU9,,missing_pdb,False
Q53NW9,,missing_pdb,False
Q53QD4,,missing_pdb,False
Q53QZ3,,missing_pdb,False
Q53R41,,missing_pdb,False
Q53RE8,,missing_pdb,False
Q53RK3,,missing_pdb,False
Q53RR4,,missing_pdb,False
Q53RY4,,missing_pdb,False
Q53S08,,missing_pdb,False
Q53S33,/data/ranran/my_ptm/croton/data/structure_pipeline/pdb/Q53S33.pdb,exact_sequence_match,True
Q53T94,,missing_pdb,False
Q53T94-3,,missing_pdb,False
Q53TN4,,missing_pdb,False
Q53TQ3,,missing_pdb,False
Q53TS8,,missing_pdb,False
Q540V7,,missing_pdb,False
Q541C9,,missing_pdb,False
Q562E7,,missing_pdb,False
Q562F6,,missing_pdb,False
Q562R6,,missing_pdb,False
Q567U6,/data/ranran/my_ptm/croton/data/structure_pipeline/pdb/Q567U6.pdb,exact_sequence_match,True
Q569H4,,missing_pdb,False
Q56NI9,,missing_pdb,False
Q56UN5,/data/ranran/my_ptm/croton/data/structure_pipeline/pdb/Q56UN5.pdb,exact_sequence_match,True
Q56UQ5,,missing_pdb,False
Q56VL3,/data/ranran/my_ptm/croton/data/structure_pipeline/pdb/Q56VL3.pdb,exact_sequence_match,True
Q56VL3-2,,missing_pdb,False
Q56XU4,,missing_pdb,False
Q56YR0,,missing_pdb,False
Q570Y9,,missing_pdb,False
Q571I9,,missing_pdb,False
Q571K4,,missing_pdb,False
Q571L0,,missing_pdb,False
Q587I9,,missing_pdb,False
Q587J7,,missing_pdb,False
Q58A45,,missing_pdb,False
Q58EX2,,missing_pdb,False
Q58F21,,missing_pdb,False
Q58FF3,,missing_pdb,False
Q58FF4,,missing_pdb,False
Q58FF6,/data/ranran/my_ptm/croton/data/structure_pipeline/pdb/Q58FF6.pdb,exact_sequence_match,True
Q58FF7,/data/ranran/my_ptm/croton/data/structure_pipeline/pdb/Q58FF7.pdb,exact_sequence_match,True
Q58FF8,/data/ranran/my_ptm/croton/data/structure_pipeline/pdb/Q58FF8.pdb,exact_sequence_match,True
Q58FG0,,missing_pdb,False
Q59DT6,,missing_pdb,False
Q59DV6,,missing_pdb,False
Q59DZ3,,missing_pdb,False
Q59E30,,missing_pdb,False
Q59EQ3,,missing_pdb,False
Q59F30,,missing_pdb,False
Q59FP8,,missing_pdb,False
Q59H18,,missing_pdb,False
Q59IW6,,missing_pdb,False
Q5AQ97,,missing_pdb,False
Q5AQ99,,missing_pdb,False
Q5AQC1,,missing_pdb,False
Q5AQG4,,missing_pdb,False
Q5AQK5,,missing_pdb,False
Q5AQK9,,missing_pdb,False
Q5AQM2,,missing_pdb,False
Q5AQM5,,missing_pdb,False
Q5AQM6,,missing_pdb,False
Q5AQN4,,missing_pdb,False
Q5AQN8,,missing_pdb,False
Q5AQV7,,missing_pdb,False
Q5AQW0,,missing_pdb,False
Q5AQX4,,missing_pdb,False
Q5AQX8,,missing_pdb,False
Q5AQY3,,missing_pdb,False
Q5AQY5,,missing_pdb,False
Q5AQZ1,,missing_pdb,False
Q5AR55,,missing_pdb,False
Q5ARA0,,missing_pdb,False
Q5ARB2,,missing_pdb,False
Q5ARB3,,missing_pdb,False
Q5ARD4,,missing_pdb,False
Q5ARH5,,missing_pdb,False
Q5ARJ3,,missing_pdb,False
Q5ARJ8,,missing_pdb,False
Q5ARK9,,missing_pdb,False
Q5ARL2,,missing_pdb,False
Q5ARL3,,missing_pdb,False
Q5ARM3,,missing_pdb,False
Q5ARQ5,,missing_pdb,False
Q5ARS7,,missing_pdb,False
Q5ART7,,missing_pdb,False
Q5ARU0,,missing_pdb,False
Q5ARV8,,missing_pdb,False
Q5ARX4,,missing_pdb,False
Q5ARY7,,missing_pdb,False
Q5AS27,,missing_pdb,False
Q5AS31,,missing_pdb,False
Q5AS44,,missing_pdb,False
Q5AS52,,missing_pdb,False
Q5AS72,,missing_pdb,False
Q5AS80,,missing_pdb,False
Q5AS82,,missing_pdb,False
Q5AS84,,missing_pdb,False
Q5AS94,,missing_pdb,False
Q5ASA2,,missing_pdb,False
Q5ASA6,,missing_pdb,False
Q5ASA8,,missing_pdb,False
Q5ASB1,,missing_pdb,False
Q5ASB3,,missing_pdb,False
Q5ASB5,,missing_pdb,False
Q5ASB8,,missing_pdb,False
Q5ASC0,,missing_pdb,False
Q5ASC1,,missing_pdb,False
Q5ASC4,,missing_pdb,False
Q5ASD2,,missing_pdb,False
Q5ASI0,,missing_pdb,False
Q5ASI2,,missing_pdb,False
Q5ASI6,,missing_pdb,False
Q5ASK0,,missing_pdb,False
Q5ASK3,,missing_pdb,False
Q5ASM0,,missing_pdb,False
Q5ASS0,,missing_pdb,False
Q5ASX0,,missing_pdb,False
Q5AT18,,missing_pdb,False
Q5AT32,,missing_pdb,False
Q5AT41,,missing_pdb,False
Q5AT68,,missing_pdb,False
Q5AT81,,missing_pdb,False
Q5ATH4,,missing_pdb,False
Q5ATI0,,missing_pdb,False
Q5ATJ0,,missing_pdb,False
Q5ATL1,,missing_pdb,False
Q5ATL2,,missing_pdb,False
Q5ATR9,,missing_pdb,False
Q5ATV4,,missing_pdb,False
Q5ATW2,,missing_pdb,False
Q5ATY4,,missing_pdb,False
Q5ATZ7,,missing_pdb,False
Q5AU11,,missing_pdb,False
Q5AU19,,missing_pdb,False
Q5AU54,,missing_pdb,False
Q5AUE1,,missing_pdb,False
Q5AUF6,,missing_pdb,False
Q5AUF9,,missing_pdb,False
Q5AUG3,,missing_pdb,False
Q5AUG4,,missing_pdb,False
Q5AUG7,,missing_pdb,False
Q5AUG9,,missing_pdb,False
Q5AUH4,,missing_pdb,False
Q5AUH5,,missing_pdb,False
Q5AUI6,,missing_pdb,False
Q5AUJ2,,missing_pdb,False
Q5AUJ5,,missing_pdb,False
Q5AUK1,,missing_pdb,False
Q5AUK8,,missing_pdb,False
Q5AUL8,,missing_pdb,False
Q5AUM2,,missing_pdb,False
Q5AUM6,,missing_pdb,False
Q5AUM9,,missing_pdb,False
Q5AUT6,,missing_pdb,False
Q5AUY5,,missing_pdb,False
Q5AV03,,missing_pdb,False
Q5AV85,,missing_pdb,False
Q5AV95,,missing_pdb,False
Q5AV97,,missing_pdb,False
Q5AVA6,,missing_pdb,False
Q5AVA7,,missing_pdb,False
Q5AVC0,,missing_pdb,False
Q5AVD1,,missing_pdb,False
Q5AVG3,,missing_pdb,False
Q5AVG5,,missing_pdb,False
Q5AVH0,,missing_pdb,False
Q5AVH4,,missing_pdb,False
Q5AVI0,,missing_pdb,False
Q5AVI2,,missing_pdb,False
Q5AVI4,,missing_pdb,False
Q5AVJ3,,missing_pdb,False
Q5AVK0,,missing_pdb,False
Q5AVL9,,missing_pdb,False
Q5AVN0,,missing_pdb,False
Q5AVN2,,missing_pdb,False
Q5AVQ0,,missing_pdb,False
Q5AVS9,,missing_pdb,False
Q5AVT0,,missing_pdb,False
Q5AVT6,,missing_pdb,False
Q5AVU3,,missing_pdb,False
Q5AVV1,,missing_pdb,False
Q5AVV5,,missing_pdb,False
Q5AVV9,,missing_pdb,False
Q5AVW3,,missing_pdb,False
Q5AVX6,,missing_pdb,False
Q5AVY0,,missing_pdb,False
Q5AVY1,,missing_pdb,False
Q5AVZ2,,missing_pdb,False
Q5AVZ5,,missing_pdb,False
Q5AVZ8,,missing_pdb,False
Q5AW00,,missing_pdb,False
Q5AW02,,missing_pdb,False
Q5AW17,,missing_pdb,False
Q5AW22,,missing_pdb,False
Q5AW50,,missing_pdb,False
Q5AW51,,missing_pdb,False
Q5AW56,,missing_pdb,False
Q5AW57,,missing_pdb,False
Q5AW62,,missing_pdb,False
Q5AW73,,missing_pdb,False
Q5AWF5,,missing_pdb,False
Q5AWF6,,missing_pdb,False
Q5AWH3,,missing_pdb,False
Q5AWH9,,missing_pdb,False
Q5AWI2,,missing_pdb,False
Q5AWJ2,,missing_pdb,False
Q5AWJ6,,missing_pdb,False
Q5AWK6,,missing_pdb,False
Q5AWK8,,missing_pdb,False
Q5AWL4,,missing_pdb,False
Q5AWN3,,missing_pdb,False
Q5AWN4,,missing_pdb,False
Q5AWR0,,missing_pdb,False
Q5AWR2,,missing_pdb,False
Q5AWR5,,missing_pdb,False
Q5AWR8,,missing_pdb,False
Q5AWS1,,missing_pdb,False
Q5AWT0,,missing_pdb,False
Q5AWY0,,missing_pdb,False
Q5AWY9,,missing_pdb,False
Q5AWZ7,,missing_pdb,False
Q5AX06,,missing_pdb,False
Q5AX30,,missing_pdb,False
Q5AX35,,missing_pdb,False
Q5AX37,,missing_pdb,False
Q5AX42,,missing_pdb,False
Q5AX85,,missing_pdb,False
Q5AXA6,,missing_pdb,False
Q5AXC1,,missing_pdb,False
Q5AXD3,,missing_pdb,False
Q5AXF0,,missing_pdb,False
Q5AXF5,,missing_pdb,False
Q5AXG9,,missing_pdb,False
Q5AXH7,,missing_pdb,False
Q5AXI8,,missing_pdb,False
Q5AXJ4,,missing_pdb,False
Q5AXK0,,missing_pdb,False
Q5AXK2,,missing_pdb,False
Q5AXP6,,missing_pdb,False
Q5AXR0,,missing_pdb,False
Q5AXR1,,missing_pdb,False
Q5AXR7,,missing_pdb,False
Q5AXT1,,missing_pdb,False
Q5AXT3,,missing_pdb,False
Q5AXU1,,missing_pdb,False
Q5AXU5,,missing_pdb,False
Q5AXV5,,missing_pdb,False
Q5AXW5,,missing_pdb,False
Q5AY21,,missing_pdb,False
Q5AYC5,,missing_pdb,False
Q5AYC8,,missing_pdb,False
Q5AYD7,,missing_pdb,False
Q5AYF0,,missing_pdb,False
Q5AYF4,,missing_pdb,False
Q5AYK1,,missing_pdb,False
Q5AYL5,,missing_pdb,False
Q5AYL6,,missing_pdb,False
Q5AYL9,,missing_pdb,False
Q5AYM1,,missing_pdb,False
Q5AYM8,,missing_pdb,False
Q5AYP2,,missing_pdb,False
Q5AYP7,,missing_pdb,False
Q5AYQ5,,missing_pdb,False
Q5AYS0,,missing_pdb,False
Q5AYS9,,missing_pdb,False
Q5AYT3,,missing_pdb,False
Q5AYT7,,missing_pdb,False
Q5AYX3,,missing_pdb,False
Q5AZ38,,missing_pdb,False
Q5AZ57,,missing_pdb,False
Q5AZ61,,missing_pdb,False
Q5AZ62,,missing_pdb,False
Q5AZ76,,missing_pdb,False
Q5AZ86,,missing_pdb,False
Q5AZA9,,missing_pdb,False
Q5AZB2,,missing_pdb,False
Q5AZC6,,missing_pdb,False
Q5AZC9,,missing_pdb,False
Q5AZD5,,missing_pdb,False
Q5AZE1,,missing_pdb,False
Q5AZE2,,missing_pdb,False
Q5AZE3,,missing_pdb,False
Q5AZE9,,missing_pdb,False
Q5AZF1,,missing_pdb,False
Q5AZF2,,missing_pdb,False
Q5AZF5,,missing_pdb,False
Q5AZK5,,missing_pdb,False
Q5AZL1,,missing_pdb,False
Q5AZL2,,missing_pdb,False
Q5AZM8,,missing_pdb,False
Q5AZN7,,missing_pdb,False
Q5AZP4,,missing_pdb,False
Q5AZP6,,missing_pdb,False
Q5AZP9,,missing_pdb,False
Q5AZQ2,,missing_pdb,False
Q5AZQ3,,missing_pdb,False
Q5AZS7,,missing_pdb,False
Q5AZU4,,missing_pdb,False
Q5AZW1,,missing_pdb,False
Q5AZW5,,missing_pdb,False
Q5AZW6,,missing_pdb,False
Q5AZY7,,missing_pdb,False
Q5AZZ4,,missing_pdb,False
Q5AZZ8,,missing_pdb,False
Q5B026,,missing_pdb,False
Q5B035,,missing_pdb,False
Q5B044,,missing_pdb,False
Q5B050,,missing_pdb,False
Q5B054,,missing_pdb,False
Q5B081,,missing_pdb,False
Q5B084,,missing_pdb,False
Q5B0C6,,missing_pdb,False
Q5B0E2,,missing_pdb,False
Q5B0E9,,missing_pdb,False
Q5B0F0,,missing_pdb,False
Q5B0F5,,missing_pdb,False
Q5B0H6,,missing_pdb,False
Q5B0H8,,missing_pdb,False
Q5B0J5,,missing_pdb,False
Q5B0L3,,missing_pdb,False
Q5B0M2,,missing_pdb,False
Q5B0M3,,missing_pdb,False
Q5B0M6,,missing_pdb,False
Q5B0N0,,missing_pdb,False
Q5B0N5,,missing_pdb,False
Q5B0N6,,missing_pdb,False
Q5B0Q0,,missing_pdb,False
Q5B0S0,,missing_pdb,False
Q5B0S3,,missing_pdb,False
Q5B0V6,,missing_pdb,False
Q5B0W1,,missing_pdb,False
Q5B0Y2,,missing_pdb,False
Q5B0Y7,,missing_pdb,False
Q5B0Z6,,missing_pdb,False
Q5B104,,missing_pdb,False
Q5B121,,missing_pdb,False
Q5B132,,missing_pdb,False
Q5B138,,missing_pdb,False
Q5B149,,missing_pdb,False
Q5B152,,missing_pdb,False
Q5B154,,missing_pdb,False
Q5B164,,missing_pdb,False
Q5B190,,missing_pdb,False
Q5B197,,missing_pdb,False
Q5B198,,missing_pdb,False
Q5B1A3,,missing_pdb,False
Q5B1A5,,missing_pdb,False
Q5B1B3,,missing_pdb,False
Q5B1C0,,missing_pdb,False
Q5B1C8,,missing_pdb,False
Q5B1D9,,missing_pdb,False
Q5B1E0,,missing_pdb,False
Q5B1F0,,missing_pdb,False
Q5B1G3,,missing_pdb,False
Q5B1H7,,missing_pdb,False
Q5B1I5,,missing_pdb,False
Q5B1K1,,missing_pdb,False
Q5B1K5,,missing_pdb,False
Q5B1L1,,missing_pdb,False
Q5B1L2,,missing_pdb,False
Q5B1L5,,missing_pdb,False
Q5B1L6,,missing_pdb,False
Q5B1P5,,missing_pdb,False
Q5B1Q1,,missing_pdb,False
Q5B1R3,,missing_pdb,False
Q5B1T1,,missing_pdb,False
Q5B1T5,,missing_pdb,False
Q5B1U7,,missing_pdb,False
Q5B1X9,,missing_pdb,False
Q5B1Y1,,missing_pdb,False
Q5B1Y2,,missing_pdb,False
Q5B1Y4,,missing_pdb,False
Q5B1Y7,,missing_pdb,False
Q5B1Z2,,missing_pdb,False
Q5B207,,missing_pdb,False
Q5B224,,missing_pdb,False
Q5B2A0,,missing_pdb,False
Q5B2B2,,missing_pdb,False
Q5B2B8,,missing_pdb,False
Q5B2E6,,missing_pdb,False
Q5B2J4,,missing_pdb,False
Q5B2K4,,missing_pdb,False
Q5B2K6,,missing_pdb,False
Q5B2L7,,missing_pdb,False
Q5B2M2,,missing_pdb,False
Q5B2M5,,missing_pdb,False
Q5B2M6,,missing_pdb,False
Q5B2N2,,missing_pdb,False
Q5B2Q5,,missing_pdb,False
Q5B2R1,,missing_pdb,False
Q5B2S6,,missing_pdb,False
Q5B2T9,,missing_pdb,False
Q5B2V3,,missing_pdb,False
Q5B306,,missing_pdb,False
Q5B313,,missing_pdb,False
Q5B351,,missing_pdb,False
Q5B383,,missing_pdb,False
Q5B392,,missing_pdb,False
Q5B399,,missing_pdb,False
Q5B3A2,,missing_pdb,False
Q5B3B5,,missing_pdb,False
Q5B3B7,,missing_pdb,False
Q5B3C3,,missing_pdb,False
Q5B3C5,,missing_pdb,False
Q5B3C9,,missing_pdb,False
Q5B3D5,,missing_pdb,False
Q5B3D7,,missing_pdb,False
Q5B3E3,,missing_pdb,False
Q5B3E6,,missing_pdb,False
Q5B3F1,,missing_pdb,False
Q5B3F5,,missing_pdb,False
Q5B3G4,,missing_pdb,False
Q5B3G5,,missing_pdb,False
Q5B3G9,,missing_pdb,False
Q5B3H2,,missing_pdb,False
Q5B3I1,,missing_pdb,False
Q5B3I3,,missing_pdb,False
Q5B3I8,,missing_pdb,False
Q5B3K2,,missing_pdb,False
Q5B3L4,,missing_pdb,False
Q5B3L8,,missing_pdb,False
Q5B3M6,,missing_pdb,False
Q5B3N2,,missing_pdb,False
Q5B3N4,,missing_pdb,False
Q5B3N7,,missing_pdb,False
Q5B3P0,,missing_pdb,False
Q5B3R3,,missing_pdb,False
Q5B3R6,,missing_pdb,False
Q5B3W3,,missing_pdb,False
Q5B3W7,,missing_pdb,False
Q5B3X0,,missing_pdb,False
Q5B3X2,,missing_pdb,False
Q5B3Y5,,missing_pdb,False
Q5B3Z8,,missing_pdb,False
Q5B411,,missing_pdb,False
Q5B424,,missing_pdb,False
Q5B430,,missing_pdb,False
Q5B431,,missing_pdb,False
Q5B433,,missing_pdb,False
Q5B436,,missing_pdb,False
Q5B476,,missing_pdb,False
Q5B493,,missing_pdb,False
Q5B4C7,,missing_pdb,False
Q5B4C9,,missing_pdb,False
Q5B4D7,,missing_pdb,False
Q5B4E0,,missing_pdb,False
Q5B4E7,,missing_pdb,False
Q5B4F1,,missing_pdb,False
Q5B4G5,,missing_pdb,False
Q5B4I4,,missing_pdb,False
Q5B4K2,,missing_pdb,False
Q5B4K7,,missing_pdb,False
Q5B4L0,,missing_pdb,False
Q5B4L3,,missing_pdb,False
Q5B4Q2,,missing_pdb,False
Q5B4Q3,,missing_pdb,False
Q5B4R8,,missing_pdb,False
Q5B4S5,,missing_pdb,False
Q5B4T5,,missing_pdb,False
Q5B4T9,,missing_pdb,False
Q5B4W6,,missing_pdb,False
Q5B4X4,,missing_pdb,False
Q5B4Z1,,missing_pdb,False
Q5B516,,missing_pdb,False
Q5B522,,missing_pdb,False
Q5B531,,missing_pdb,False
Q5B534,,missing_pdb,False
Q5B540,,missing_pdb,False
Q5B568,,missing_pdb,False
Q5B581,,missing_pdb,False
Q5B5A6,,missing_pdb,False
Q5B5A7,,missing_pdb,False
Q5B5A8,,missing_pdb,False
Q5B5B0,,missing_pdb,False
Q5B5B1,,missing_pdb,False
Q5B5B6,,missing_pdb,False
Q5B5C0,,missing_pdb,False
Q5B5C1,,missing_pdb,False
Q5B5C5,,missing_pdb,False
Q5B5C8,,missing_pdb,False
Q5B5E0,,missing_pdb,False
Q5B5F7,,missing_pdb,False
Q5B5G9,,missing_pdb,False
Q5B5H0,,missing_pdb,False
Q5B5H4,,missing_pdb,False
Q5B5I7,,missing_pdb,False
Q5B5I8,,missing_pdb,False
Q5B5J1,,missing_pdb,False
Q5B5J3,,missing_pdb,False
Q5B5K9,,missing_pdb,False
Q5B5N0,,missing_pdb,False
Q5B5T6,,missing_pdb,False
Q5B5U0,,missing_pdb,False
Q5B5U3,,missing_pdb,False
Q5B5V7,,missing_pdb,False
Q5B5W1,,missing_pdb,False
Q5B5X9,,missing_pdb,False
Q5B5Y4,,missing_pdb,False
Q5B606,,missing_pdb,False
Q5B609,,missing_pdb,False
Q5B613,,missing_pdb,False
Q5B622,,missing_pdb,False
Q5B631,,missing_pdb,False
Q5B634,,missing_pdb,False
Q5B669,,missing_pdb,False
Q5B674,,missing_pdb,False
Q5B687,,missing_pdb,False
Q5B688,,missing_pdb,False
Q5B697,,missing_pdb,False
Q5B6B3,,missing_pdb,False
Q5B6C0,,missing_pdb,False
Q5B6C3,,missing_pdb,False
Q5B6C4,,missing_pdb,False
Q5B6G1,,missing_pdb,False
Q5B6G4,,missing_pdb,False
Q5B6I2,,missing_pdb,False
Q5B6I8,,missing_pdb,False
Q5B6I9,,missing_pdb,False
Q5B6K6,,missing_pdb,False
Q5B6K7,,missing_pdb,False
Q5B6L0,,missing_pdb,False
Q5B6L3,,missing_pdb,False
Q5B6L8,,missing_pdb,False
Q5B6R5,,missing_pdb,False
Q5B6R7,,missing_pdb,False
Q5B6S0,,missing_pdb,False
Q5B6T4,,missing_pdb,False
Q5B6T5,,missing_pdb,False
Q5B6T7,,missing_pdb,False
Q5B6U3,,missing_pdb,False
Q5B6Y8,,missing_pdb,False
Q5B705,,missing_pdb,False
Q5B706,,missing_pdb,False
Q5B707,,missing_pdb,False
Q5B711,,missing_pdb,False
Q5B716,,missing_pdb,False
Q5B744,,missing_pdb,False
Q5B753,,missing_pdb,False
Q5B756,,missing_pdb,False
Q5B774,,missing_pdb,False
Q5B778,,missing_pdb,False
Q5B786,,missing_pdb,False
Q5B789,,missing_pdb,False
Q5B790,,missing_pdb,False
Q5B798,,missing_pdb,False
Q5B7B5,,missing_pdb,False
Q5B7D9,,missing_pdb,False
Q5B7F6,,missing_pdb,False
Q5B7G0,,missing_pdb,False
Q5B7G1,,missing_pdb,False
Q5B7G2,,missing_pdb,False
Q5B7G3,,missing_pdb,False
Q5B7J1,,missing_pdb,False
Q5B7J8,,missing_pdb,False
Q5B7J9,,missing_pdb,False
Q5B7L7,,missing_pdb,False
Q5B7M8,,missing_pdb,False
Q5B7N5,,missing_pdb,False
Q5B7T5,,missing_pdb,False
Q5B7V5,,missing_pdb,False
Q5B7Y2,,missing_pdb,False
Q5B7Y6,,missing_pdb,False
Q5B7Z7,,missing_pdb,False
Q5B800,,missing_pdb,False
Q5B817,,missing_pdb,False
Q5B823,,missing_pdb,False
Q5B844,,missing_pdb,False
Q5B875,,missing_pdb,False
Q5B876,,missing_pdb,False
Q5B878,,missing_pdb,False
Q5B8A7,,missing_pdb,False
Q5B8B0,,missing_pdb,False
Q5B8C7,,missing_pdb,False
Q5B8D5,,missing_pdb,False
Q5B8F1,,missing_pdb,False
Q5B8H3,,missing_pdb,False
Q5B8I6,,missing_pdb,False
Q5B8J0,,missing_pdb,False
Q5B8K0,,missing_pdb,False
Q5B8K4,,missing_pdb,False
Q5B8L0,,missing_pdb,False
Q5B8L7,,missing_pdb,False
Q5B8L8,,missing_pdb,False
Q5B8M0,,missing_pdb,False
Q5B8M8,,missing_pdb,False
Q5B8N6,,missing_pdb,False
Q5B8P5,,missing_pdb,False
Q5B8P6,,missing_pdb,False
Q5B8Q8,,missing_pdb,False
Q5B8R6,,missing_pdb,False
Q5B8S1,,missing_pdb,False
Q5B8S7,,missing_pdb,False
Q5B8S9,,missing_pdb,False
Q5B8U7,,missing_pdb,False
Q5B8V1,,missing_pdb,False
Q5B8W3,,missing_pdb,False
Q5B8W8,,missing_pdb,False
Q5B8Y4,,missing_pdb,False
Q5B8Z7,,missing_pdb,False
Q5B904,,missing_pdb,False
Q5B929,,missing_pdb,False
Q5B940,,missing_pdb,False
Q5B947,,missing_pdb,False
Q5B954,,missing_pdb,False
Q5B981,,missing_pdb,False
Q5B982,,missing_pdb,False
Q5B987,,missing_pdb,False
Q5B990,,missing_pdb,False
Q5B995,,missing_pdb,False
Q5B9A0,,missing_pdb,False
Q5B9A5,,missing_pdb,False
Q5B9A9,,missing_pdb,False
Q5B9B8,,missing_pdb,False
Q5B9G5,,missing_pdb,False
Q5B9G6,,missing_pdb,False
Q5B9K5,,missing_pdb,False
Q5B9L4,,missing_pdb,False
Q5B9M1,,missing_pdb,False
Q5B9M9,,missing_pdb,False
Q5B9N1,,missing_pdb,False
Q5B9N3,,missing_pdb,False
Q5B9N7,,missing_pdb,False
Q5B9N8,,missing_pdb,False
Q5B9P0,,missing_pdb,False
Q5B9P1,,missing_pdb,False
Q5B9P2,,missing_pdb,False
Q5B9P3,,missing_pdb,False
Q5B9Q3,,missing_pdb,False
Q5B9S9,,missing_pdb,False
Q5B9T8,,missing_pdb,False
Q5B9W8,,missing_pdb,False
Q5B9Y1,,missing_pdb,False
Q5BA36,,missing_pdb,False
Q5BA47,,missing_pdb,False
Q5BA74,,missing_pdb,False
Q5BA81,,missing_pdb,False
Q5BA83,,missing_pdb,False
Q5BAA5,,missing_pdb,False
Q5BAA8,,missing_pdb,False
Q5BAB3,,missing_pdb,False
Q5BAC1,,missing_pdb,False
Q5BAC5,,missing_pdb,False
Q5BAD4,,missing_pdb,False
Q5BAD8,,missing_pdb,False
Q5BAE5,,missing_pdb,False
Q5BAF0,,missing_pdb,False
Q5BAG3,,missing_pdb,False
Q5BAG9,,missing_pdb,False
Q5BAH2,,missing_pdb,False
Q5BAK5,,missing_pdb,False
Q5BAL1,,missing_pdb,False
Q5BAN3,,missing_pdb,False
Q5BAT7,,missing_pdb,False
Q5BAW2,,missing_pdb,False
Q5BAW4,,missing_pdb,False
Q5BAW8,,missing_pdb,False
Q5BAW9,,missing_pdb,False
Q5BAY2,,missing_pdb,False
Q5BB13,,missing_pdb,False
Q5BB15,,missing_pdb,False
Q5BB16,,missing_pdb,False
Q5BB29,,missing_pdb,False
Q5BB56,,missing_pdb,False
Q5BB58,,missing_pdb,False
Q5BB65,,missing_pdb,False
Q5BB68,,missing_pdb,False
Q5BB71,,missing_pdb,False
Q5BB72,,missing_pdb,False
Q5BB91,,missing_pdb,False
Q5BBB1,,missing_pdb,False
Q5BBB8,,missing_pdb,False
Q5BBB9,,missing_pdb,False
Q5BBD6,,missing_pdb,False
Q5BBF0,,missing_pdb,False
Q5BBI8,,missing_pdb,False
Q5BBJ0,,missing_pdb,False
Q5BBJ4,,missing_pdb,False
Q5BBJ8,,missing_pdb,False
Q5BBJ9,,missing_pdb,False
Q5BBK0,,missing_pdb,False
Q5BBK9,,missing_pdb,False
Q5BBL1,,missing_pdb,False
Q5BBL2,,missing_pdb,False
Q5BBL3,,missing_pdb,False
Q5BBM4,,missing_pdb,False
Q5BBM9,,missing_pdb,False
Q5BBN1,,missing_pdb,False
Q5BBQ4,,missing_pdb,False
Q5BBQ5,,missing_pdb,False
Q5BBQ8,,missing_pdb,False
Q5BBR5,,missing_pdb,False
Q5BBR9,,missing_pdb,False
Q5BBS5,,missing_pdb,False
Q5BBU0,,missing_pdb,False
Q5BBV0,,missing_pdb,False
Q5BBW4,,missing_pdb,False
Q5BBW8,,missing_pdb,False
Q5BBY2,,missing_pdb,False
Q5BBZ9,,missing_pdb,False
Q5BC01,,missing_pdb,False
Q5BC03,,missing_pdb,False
Q5BC21,,missing_pdb,False
Q5BC28,,missing_pdb,False
Q5BC36,,missing_pdb,False
Q5BC59,,missing_pdb,False
Q5BC79,,missing_pdb,False
Q5BC84,,missing_pdb,False
Q5BCB3,,missing_pdb,False
Q5BCC5,,missing_pdb,False
Q5BCC9,,missing_pdb,False
Q5BCF3,,missing_pdb,False
Q5BCG2,,missing_pdb,False
Q5BCG5,,missing_pdb,False
Q5BCH8,,missing_pdb,False
Q5BCL0,,missing_pdb,False
Q5BCL1,,missing_pdb,False
Q5BCL2,,missing_pdb,False
Q5BCN0,,missing_pdb,False
Q5BCN5,,missing_pdb,False
Q5BCQ7,,missing_pdb,False
Q5BCU0,,missing_pdb,False
Q5BCU1,,missing_pdb,False
Q5BCU5,,missing_pdb,False
Q5BCV9,,missing_pdb,False
Q5BCX2,,missing_pdb,False
Q5BCX4,,missing_pdb,False
Q5BD34,,missing_pdb,False
Q5BD37,,missing_pdb,False
Q5BD42,,missing_pdb,False
Q5BD56,,missing_pdb,False
Q5BD60,,missing_pdb,False
Q5BD61,,missing_pdb,False
Q5BD69,,missing_pdb,False
Q5BD75,,missing_pdb,False
Q5BD92,,missing_pdb,False
Q5BDA5,,missing_pdb,False
Q5BDB4,,missing_pdb,False
Q5BDD0,,missing_pdb,False
Q5BDD7,,missing_pdb,False
Q5BDD8,,missing_pdb,False
Q5BDF3,,missing_pdb,False
Q5BDG0,,missing_pdb,False
Q5BDG7,,missing_pdb,False
Q5BDG8,,missing_pdb,False
Q5BDH7,,missing_pdb,False
Q5BDI8,,missing_pdb,False
Q5BDJ6,,missing_pdb,False
Q5BDJ7,,missing_pdb,False
Q5BDK0,,missing_pdb,False
Q5BDK2,,missing_pdb,False
Q5BDL2,,missing_pdb,False
Q5BDN0,,missing_pdb,False
Q5BDP0,,missing_pdb,False
Q5BDP9,,missing_pdb,False
Q5BDQ2,,missing_pdb,False
Q5BDQ5,,missing_pdb,False
Q5BDS4,,missing_pdb,False
Q5BDT4,,missing_pdb,False
Q5BDT5,,missing_pdb,False
Q5BDT7,,missing_pdb,False
Q5BDU0,,missing_pdb,False
Q5BDU2,,missing_pdb,False
Q5BDU8,,missing_pdb,False
Q5BDW4,,missing_pdb,False
Q5BDX1,,missing_pdb,False
Q5BDX2,,missing_pdb,False
Q5BDX6,,missing_pdb,False
Q5BDX8,,missing_pdb,False
Q5BDY1,,missing_pdb,False
Q5BDY3,,missing_pdb,False
Q5BDY8,,missing_pdb,False
Q5BDZ0,,missing_pdb,False
Q5BDZ7,,missing_pdb,False
Q5BDZ8,,missing_pdb,False
Q5BE02,,missing_pdb,False
Q5BE17,,missing_pdb,False
Q5BE19,,missing_pdb,False
Q5BE39,,missing_pdb,False
Q5BE54,,missing_pdb,False
Q5BE62,,missing_pdb,False
Q5BE69,,missing_pdb,False
Q5BE72,,missing_pdb,False
Q5BE74,,missing_pdb,False
Q5BEA2,,missing_pdb,False
Q5BEB4,,missing_pdb,False
Q5BEC1,,missing_pdb,False
Q5BEC5,,missing_pdb,False
Q5BEC8,,missing_pdb,False
Q5BEE1,,missing_pdb,False
Q5BEE5,,missing_pdb,False
Q5BEI3,,missing_pdb,False
Q5BEI5,,missing_pdb,False
Q5BEJ1,,missing_pdb,False
Q5BEK5,,missing_pdb,False
Q5BEK7,,missing_pdb,False
Q5BEM0,,missing_pdb,False
Q5BEM9,,missing_pdb,False
Q5BEP3,,missing_pdb,False
Q5BEP8,,missing_pdb,False
Q5BEP9,,missing_pdb,False
Q5BEQ2,,missing_pdb,False
Q5BEQ3,,missing_pdb,False
Q5BER6,,missing_pdb,False
Q5BET2,,missing_pdb,False
Q5BEV3,,missing_pdb,False
Q5BEV5,,missing_pdb,False
Q5BEV6,,missing_pdb,False
Q5BEZ2,,missing_pdb,False
Q5BF01,,missing_pdb,False
Q5BF14,,missing_pdb,False
Q5BF15,,missing_pdb,False
Q5BF18,,missing_pdb,False
Q5BF20,,missing_pdb,False
Q5BF24,,missing_pdb,False
Q5BF30,,missing_pdb,False
Q5BF38,,missing_pdb,False
Q5BF46,,missing_pdb,False
Q5BF52,,missing_pdb,False
Q5BF57,,missing_pdb,False
Q5BF62,,missing_pdb,False
Q5BF63,,missing_pdb,False
Q5BF86,,missing_pdb,False
Q5BF98,,missing_pdb,False
Q5BF99,,missing_pdb,False
Q5BFB0,,missing_pdb,False
Q5BFB3,,missing_pdb,False
Q5BFB7,,missing_pdb,False
Q5BFC7,,missing_pdb,False
Q5BFC8,,missing_pdb,False
Q5BFF9,,missing_pdb,False
Q5BFG7,,missing_pdb,False
Q5BFI5,,missing_pdb,False
Q5BFM7,,missing_pdb,False
Q5BFN6,,missing_pdb,False
Q5BFR3,,missing_pdb,False
Q5BFS3,,missing_pdb,False
Q5BFS4,,missing_pdb,False
Q5BFS5,,missing_pdb,False
Q5BFU8,,missing_pdb,False
Q5BFV5,,missing_pdb,False
Q5BFV6,,missing_pdb,False
Q5BFV9,,missing_pdb,False
Q5BFW2,,missing_pdb,False
Q5BFZ1,,missing_pdb,False
Q5BG33,,missing_pdb,False
Q5BG43,,missing_pdb,False
Q5BG45,,missing_pdb,False
Q5BG57,,missing_pdb,False
Q5BG61,,missing_pdb,False
Q5BG70,,missing_pdb,False
Q5BG90,,missing_pdb,False
Q5BGB1,,missing_pdb,False
Q5BGB3,,missing_pdb,False
Q5BGB4,,missing_pdb,False
Q5BGC1,,missing_pdb,False
Q5BGC2,,missing_pdb,False
Q5BGC4,,missing_pdb,False
Q5BGG5,,missing_pdb,False
Q5BGH0,,missing_pdb,False
Q5BGL3,,missing_pdb,False
Q5BGM6,,missing_pdb,False
Q5BGM9,,missing_pdb,False
Q5BGQ4,,missing_pdb,False
Q5BGR5,,missing_pdb,False
Q5BGS7,,missing_pdb,False
Q5BGT7,,missing_pdb,False
Q5BGW9,,missing_pdb,False
Q5BGX0,,missing_pdb,False
Q5BGY0,,missing_pdb,False
Q5BGZ7,,missing_pdb,False
Q5BH12,,missing_pdb,False
Q5BH45,,missing_pdb,False
Q5BH75,,missing_pdb,False
Q5BH93,,missing_pdb,False
Q5BH94,,missing_pdb,False
Q5BH96,,missing_pdb,False
Q5BHA7,,missing_pdb,False
Q5BHA9,,missing_pdb,False
Q5BHB0,,missing_pdb,False
Q5BHB3,,missing_pdb,False
Q5BHB6,,missing_pdb,False
Q5BHB7,,missing_pdb,False
Q5BHC3,,missing_pdb,False
Q5BHC4,,missing_pdb,False
Q5BI42,,missing_pdb,False
Q5BIW4,,missing_pdb,False
Q5BJD5,/data/ranran/my_ptm/croton/data/structure_pipeline/pdb/Q5BJD5.pdb,exact_sequence_match,True
Q5BJD5-2,,missing_pdb,False
Q5BJE1,,missing_pdb,False
Q5BJF2,/data/ranran/my_ptm/croton/data/structure_pipeline/pdb/Q5BJF2.pdb,exact_sequence_match,True
Q5BJH2,,missing_pdb,False
Q5BJH7,,missing_pdb,False
Q5BJQ0,,missing_pdb,False
Q5BJU1,,missing_pdb,False
Q5BJU7,,missing_pdb,False
Q5BJX0,,missing_pdb,False
Q5BKT4,/data/ranran/my_ptm/croton/data/structure_pipeline/pdb/Q5BKT4.pdb,exact_sequence_match,True
Q5BKV1,,missing_pdb,False
Q5BKX5,,missing_pdb,False
Q5BKX8,,missing_pdb,False
Q5BKY9,,missing_pdb,False
Q5BKZ1-3,,missing_pdb,False
Q5BL07,,missing_pdb,False
Q5BPG9,,missing_pdb,False
Q5C9Z4,,missing_pdb,False
Q5D0E6,,missing_pdb,False
Q5D0E6-3,,missing_pdb,False
Q5D1E8,,missing_pdb,False
Q5D869,,missing_pdb,False
Q5DTN8,,missing_pdb,False
Q5DU02,,missing_pdb,False
Q5EAJ6,,missing_pdb,False
Q5EAK6,,missing_pdb,False
Q5EBG8,,missing_pdb,False
Q5EBJ4,,missing_pdb,False
Q5EBL8,,missing_pdb,False
Q5EBM0,,missing_pdb,False
Q5EE01,,missing_pdb,False
Q5EG05,,missing_pdb,False
Q5F2E8,,missing_pdb,False
Q5F4S9,,missing_pdb,False
Q5FBB7,,missing_pdb,False
Q5FBZ9,,missing_pdb,False
Q5FVI4,,missing_pdb,False
Q5FVJ0,,missing_pdb,False
Q5FVJ2,,missing_pdb,False
Q5FW57,,missing_pdb,False
Q5FWF4,,missing_pdb,False
Q5FWF5,,missing_pdb,False
Q5FWH6,,missing_pdb,False
Q5FWS4,,missing_pdb,False
Q5FWS6,,missing_pdb,False
Q5GH62,,missing_pdb,False
Q5GJ75,,missing_pdb,False
Q5GMG0,,missing_pdb,False
Q5H8A4,,missing_pdb,False
Q5H8A4-4,,missing_pdb,False
Q5H918,,missing_pdb,False
Q5H928,,missing_pdb,False
Q5H943,,missing_pdb,False
Q5H9B9,,missing_pdb,False
Q5H9K5,,missing_pdb,False
Q5H9S7,,missing_pdb,False
Q5HY81,,missing_pdb,False
Q5HY92,,missing_pdb,False
Q5HYA6,,missing_pdb,False
Q5HYA8,,missing_pdb,False
Q5HYC2,,missing_pdb,False
Q5HYI7-2,,missing_pdb,False
Q5HYI7-4,,missing_pdb,False
Q5HYI8,/data/ranran/my_ptm/croton/data/structure_pipeline/pdb/Q5HYI8.pdb,exact_sequence_match,True
Q5HYJ3,,missing_pdb,False
Q5HYK3,,missing_pdb,False
Q5HYK7,,missing_pdb,False
Q5HYM0,,missing_pdb,False
Q5HYY5,,missing_pdb,False
Q5HZH2,,missing_pdb,False
Q5I0X7,,missing_pdb,False
Q5I2A0,,missing_pdb,False
Q5I6B8,,missing_pdb,False
Q5J8M3,,missing_pdb,False
Q5J8M3-3,,missing_pdb,False
Q5JJI4,,missing_pdb,False
Q5JK67,,missing_pdb,False
Q5JLY8,,missing_pdb,False
Q5JLZ7,,missing_pdb,False
Q5JP02,,missing_pdb,False
Q5JPB2,,missing_pdb,False
Q5JPE7,/data/ranran/my_ptm/croton/data/structure_pipeline/pdb/Q5JPE7.pdb,exact_sequence_match,True
Q5JPF3,,missing_pdb,False
Q5JPH6,/data/ranran/my_ptm/croton/data/structure_pipeline/pdb/Q5JPH6.pdb,exact_sequence_match,True
Q5JPI3,,missing_pdb,False
Q5JPI9,,missing_pdb,False
Q5JPR8,,missing_pdb,False
Q5JPU3,,missing_pdb,False
Q5JQF8,,missing_pdb,False
Q5JR01,,missing_pdb,False
Q5JR59,,missing_pdb,False
Q5JR89,,missing_pdb,False
Q5JR91,,missing_pdb,False
Q5JRC9,,missing_pdb,False
Q5JRG1,,missing_pdb,False
Q5JRQ0,,missing_pdb,False
Q5JRR6,,missing_pdb,False
Q5JRS0,,missing_pdb,False
Q5JRS1,,missing_pdb,False
Q5JRS2,,missing_pdb,False
Q5JRV8,,missing_pdb,False
Q5JRX3-2,,missing_pdb,False
Q5JRY3,,missing_pdb,False
Q5JS37,,missing_pdb,False
Q5JS54,,missing_pdb,False
Q5JSC9,,missing_pdb,False
Q5JSD1,,missing_pdb,False
Q5JSH3-3,,missing_pdb,False
Q5JSN5,,missing_pdb,False
Q5JSP0,,missing_pdb,False
Q5JSZ1,,missing_pdb,False
Q5JSZ2,,missing_pdb,False
Q5JSZ5,,missing_pdb,False
Q5JT02,,missing_pdb,False
Q5JT03,,missing_pdb,False
Q5JTC6,,missing_pdb,False
Q5JTF2,,missing_pdb,False
Q5JTH9,/data/ranran/my_ptm/croton/data/structure_pipeline/pdb/Q5JTH9.pdb,exact_sequence_match,True
Q5JTJ3,,missing_pdb,False
Q5JTQ6,,missing_pdb,False
Q5JTQ9,,missing_pdb,False
Q5JTU8,,missing_pdb,False
Q5JTV8-2,,missing_pdb,False
Q5JTW2-2,,missing_pdb,False
Q5JU20,,missing_pdb,False
Q5JU23,,missing_pdb,False
Q5JU32,,missing_pdb,False
Q5JU67,,missing_pdb,False
Q5JU85,/data/ranran/my_ptm/croton/data/structure_pipeline/pdb/Q5JU85.pdb,exact_sequence_match,True
Q5JUA9,,missing_pdb,False
Q5JUH4,,missing_pdb,False
Q5JUQ0,,missing_pdb,False
Q5JUR7,/data/ranran/my_ptm/croton/data/structure_pipeline/pdb/Q5JUR7.pdb,exact_sequence_match,True
Q5JUV3,,missing_pdb,False
Q5JUV4,,missing_pdb,False
Q5JUW0,,missing_pdb,False
Q5JV61,,missing_pdb,False
Q5JV98,,missing_pdb,False
Q5JV99,,missing_pdb,False
Q5JVD1,,missing_pdb,False
Q5JVD3,,missing_pdb,False
Q5JVF3,/data/ranran/my_ptm/croton/data/structure_pipeline/pdb/Q5JVF3.pdb,exact_sequence_match,True
Q5JVL4,,missing_pdb,False
Q5JVM0,,missing_pdb,False
Q5JVS0,,missing_pdb,False
Q5JVX7,,missing_pdb,False
Q5JVZ4,,missing_pdb,False
Q5JW53,,missing_pdb,False
Q5JW54,,missing_pdb,False
Q5JWB9,,missing_pdb,False
Q5JWD1,,missing_pdb,False
Q5JWF2,/data/ranran/my_ptm/croton/data/structure_pipeline/pdb/Q5JWF2.pdb,exact_sequence_match,True
Q5JWR1,,missing_pdb,False
Q5JWS5,,missing_pdb,False
Q5JWV1,,missing_pdb,False
Q5JX52,,missing_pdb,False
Q5JX60,,missing_pdb,False
Q5JX74,,missing_pdb,False
Q5JXC2,,missing_pdb,False
Q5JXH9,,missing_pdb,False
Q5JXI2,,missing_pdb,False
Q5JXJ0,,missing_pdb,False
Q5JXR5,,missing_pdb,False
Q5JXR6,,missing_pdb,False
Q5JXX7,,missing_pdb,False
Q5JY01,,missing_pdb,False
Q5JY77,,missing_pdb,False
Q5JYE8,,missing_pdb,False
Q5JYR7,,missing_pdb,False
Q5JZ02,,missing_pdb,False
Q5K4L6,,missing_pdb,False
Q5K651,,missing_pdb,False
Q5LJB0,,missing_pdb,False
Q5M6W0,,missing_pdb,False
Q5M729,,missing_pdb,False
Q5M7A7,,missing_pdb,False
Q5M7Z0-3,,missing_pdb,False
Q5M823,,missing_pdb,False
Q5M840,,missing_pdb,False
Q5M8Q6,,missing_pdb,False
Q5MPW7,,missing_pdb,False
Q5N863,,missing_pdb,False
Q5N889,,missing_pdb,False
Q5N890,,missing_pdb,False
Q5N8I8,,missing_pdb,False
Q5N9F3,,missing_pdb,False
Q5NAI4,,missing_pdb,False
Q5NAR8,,missing_pdb,False
Q5NBX1,,missing_pdb,False
Q5NCC2,,missing_pdb,False
Q5NCC3,,missing_pdb,False
Q5NCX5,,missing_pdb,False
Q5NCY3,,missing_pdb,False
Q5ND29,,missing_pdb,False
Q5ND35,,missing_pdb,False
Q5PPP3,,missing_pdb,False
Q5PQM8,,missing_pdb,False
Q5PQP8,,missing_pdb,False
Q5PR73,,missing_pdb,False
Q5PRF9,,missing_pdb,False
Q5Q0E7,,missing_pdb,False
Q5Q0H6,,missing_pdb,False
Q5QGS0,,missing_pdb,False
Q5QGU6,,missing_pdb,False
Q5QJE6,/data/ranran/my_ptm/croton/data/structure_pipeline/pdb/Q5QJE6.pdb,exact_sequence_match,True
Q5QLD8,,missing_pdb,False
Q5QM65,,missing_pdb,False
Q5QMP3,,missing_pdb,False
Q5QNA5,,missing_pdb,False
Q5QNI2,,missing_pdb,False
Q5QNQ9,,missing_pdb,False
Q5QNY5,,missing_pdb,False
Q5QP23,,missing_pdb,False
Q5QP82,,missing_pdb,False
Q5QPD0,,missing_pdb,False
Q5QPE5,,missing_pdb,False
Q5QPE8,,missing_pdb,False
Q5QPJ9,,missing_pdb,False
Q5QPK2,,missing_pdb,False
Q5QPM0,,missing_pdb,False
Q5QPM1,,missing_pdb,False
Q5QPM2,,missing_pdb,False
Q5QPM9,,missing_pdb,False
Q5QPP1,,missing_pdb,False
Q5QPP4,,missing_pdb,False
Q5QPQ0,,missing_pdb,False
Q5QPQ2,,missing_pdb,False
Q5R1J3,,missing_pdb,False
Q5R372,,missing_pdb,False
Q5R3I4,/data/ranran/my_ptm/croton/data/structure_pipeline/pdb/Q5R3I4.pdb,exact_sequence_match,True
Q5R491,,missing_pdb,False
Q5R997,,missing_pdb,False
Q5R9L4,,missing_pdb,False
Q5R9L9,,missing_pdb,False
Q5RAT4,,missing_pdb,False
Q5RB40,,missing_pdb,False
Q5RDH2,,missing_pdb,False
Q5RF54,,missing_pdb,False
Q5RHP9,,missing_pdb,False
Q5RI15,,missing_pdb,False
Q5RJH2,,missing_pdb,False
Q5RJK4,,missing_pdb,False
Q5RJY2,,missing_pdb,False
Q5RKR3,,missing_pdb,False
Q5RKV6,,missing_pdb,False
Q5RKZ7,,missing_pdb,False
Q5RL73,,missing_pdb,False
Q5S003,,missing_pdb,False
Q5S006,,missing_pdb,False
Q5SGD2,,missing_pdb,False
Q5SMQ9,,missing_pdb,False
Q5SND7,,missing_pdb,False
Q5SNN4,,missing_pdb,False
Q5SNT2,,missing_pdb,False
Q5SNT2-2,,missing_pdb,False
Q5SNY8,,missing_pdb,False
Q5SPY9,,missing_pdb,False
Q5SQH8,,missing_pdb,False
Q5SQI0,,missing_pdb,False
Q5SQI6,,missing_pdb,False
Q5SQN1,,missing_pdb,False
Q5SQN1-4,,missing_pdb,False
Q5SQQ1,,missing_pdb,False
Q5SQT3,,missing_pdb,False
Q5SQT6,,missing_pdb,False
Q5SQT8,,missing_pdb,False
Q5SR53,,missing_pdb,False
Q5SR56,,missing_pdb,False
Q5SRI9,,missing_pdb,False
Q5SS00,,missing_pdb,False
Q5SS90,,missing_pdb,False
Q5SSE9,,missing_pdb,False
Q5SSJ5-3,,missing_pdb,False
Q5SSJ5-5,,missing_pdb,False
Q5STT6,,missing_pdb,False
Q5STZ8,,missing_pdb,False
Q5SU54,,missing_pdb,False
Q5SUH6,,missing_pdb,False
Q5SUS0,,missing_pdb,False
Q5SUS9,,missing_pdb,False
Q5SUW0,,missing_pdb,False
Q5SUY4,,missing_pdb,False
Q5SV16,,missing_pdb,False
Q5SVQ8,,missing_pdb,False
Q5SVQ8-2,,missing_pdb,False
Q5SVZ6,,missing_pdb,False
Q5SW96,,missing_pdb,False
Q5SWA1,,missing_pdb,False
Q5SWC8,,missing_pdb,False
Q5SWG2,,missing_pdb,False
Q5SWN2,,missing_pdb,False
Q5SWR0,,missing_pdb,False
Q5SWX8,,missing_pdb,False
Q5SX46,,missing_pdb,False
Q5SX86,,missing_pdb,False
Q5SX87,,missing_pdb,False
Q5SX90,,missing_pdb,False
Q5SXM2,,missing_pdb,False
Q5SXR4,,missing_pdb,False
Q5SY00,,missing_pdb,False
Q5SY16,/data/ranran/my_ptm/croton/data/structure_pipeline/pdb/Q5SY16.pdb,exact_sequence_match,True
Q5SY74,,missing_pdb,False
Q5SYF9,,missing_pdb,False
Q5SYH2,,missing_pdb,False
Q5SYV1,,missing_pdb,False
Q5SYV2,,missing_pdb,False
Q5SZ59,,missing_pdb,False
Q5SZB4,,missing_pdb,False
Q5SZC3,,missing_pdb,False
Q5SZC5,,missing_pdb,False
Q5SZE2,,missing_pdb,False
Q5SZE4,,missing_pdb,False
Q5SZF2,,missing_pdb,False
Q5SZK5,,missing_pdb,False
Q5SZK8,,missing_pdb,False
Q5SZL2,,missing_pdb,False
Q5SZL3,,missing_pdb,False
Q5SZW8,,missing_pdb,False
Q5SZX6,,missing_pdb,False
Q5SZX9,,missing_pdb,False
Q5T011,,missing_pdb,False
Q5T013,,missing_pdb,False
Q5T035,,missing_pdb,False
Q5T089,,missing_pdb,False
Q5T089-2,,missing_pdb,False
Q5T097,,missing_pdb,False
Q5T0A0,,missing_pdb,False
Q5T0A1,,missing_pdb,False
Q5T0A6,,missing_pdb,False
Q5T0C7,,missing_pdb,False
Q5T0D2,,missing_pdb,False
Q5T0D5,,missing_pdb,False
Q5T0D9,,missing_pdb,False
Q5T0G3,,missing_pdb,False
Q5T0J7,,missing_pdb,False
Q5T0R2,,missing_pdb,False
Q5T0R9,,missing_pdb,False
Q5T0V7,,missing_pdb,False
Q5T0W9,,missing_pdb,False
Q5T0Z6,,missing_pdb,False
Q5T111,,missing_pdb,False
Q5T114,,missing_pdb,False
Q5T118,,missing_pdb,False
Q5T124,,missing_pdb,False
Q5T179,,missing_pdb,False
Q5T196,,missing_pdb,False
Q5T1C6,/data/ranran/my_ptm/croton/data/structure_pipeline/pdb/Q5T1C6.pdb,exact_sequence_match,True
Q5T1D7,,missing_pdb,False
Q5T1J1,,missing_pdb,False
Q5T1M5,/data/ranran/my_ptm/croton/data/structure_pipeline/pdb/Q5T1M5.pdb,exact_sequence_match,True
Q5T1S4,,missing_pdb,False
Q5T1V6,,missing_pdb,False
Q5T1W7,,missing_pdb,False
Q5T1Z0,,missing_pdb,False
Q5T1Z8,,missing_pdb,False
Q5T200,/data/ranran/my_ptm/croton/data/structure_pipeline/pdb/Q5T200.pdb,exact_sequence_match,True
Q5T205,,missing_pdb,False
Q5T209,,missing_pdb,False
Q5T282,,missing_pdb,False
Q5T284,,missing_pdb,False
Q5T2D3,,missing_pdb,False
Q5T2E6,,missing_pdb,False
Q5T2R2,,missing_pdb,False
Q5T2R2-2,,missing_pdb,False
Q5T2S8,,missing_pdb,False
Q5T370,,missing_pdb,False
Q5T397,,missing_pdb,False
Q5T3F8-2,,missing_pdb,False
Q5T3I0,/data/ranran/my_ptm/croton/data/structure_pipeline/pdb/Q5T3I0.pdb,exact_sequence_match,True
Q5T3J3,/data/ranran/my_ptm/croton/data/structure_pipeline/pdb/Q5T3J3.pdb,exact_sequence_match,True
Q5T3J3-2,,missing_pdb,False
Q5T3N0,,missing_pdb,False
Q5T3N1,,missing_pdb,False
Q5T3P9,,missing_pdb,False
Q5T3R7,,missing_pdb,False
Q5T3U5,,missing_pdb,False
Q5T413,,missing_pdb,False
Q5T440,,missing_pdb,False
Q5T454,,missing_pdb,False
Q5T481,,missing_pdb,False
Q5T4B9,,missing_pdb,False
Q5T4F4,,missing_pdb,False
Q5T4L1,,missing_pdb,False
Q5T4P3,,missing_pdb,False
Q5T4S7-5,,missing_pdb,False
Q5T4U8,,missing_pdb,False
Q5T4Y8,,missing_pdb,False
Q5T532,,missing_pdb,False
Q5T5C7,,missing_pdb,False
Q5T5E9,,missing_pdb,False
Q5T5H1,,missing_pdb,False
Q5T5J6,,missing_pdb,False
Q5T5N3,,missing_pdb,False
Q5T5N4,,missing_pdb,False
Q5T5P0,,missing_pdb,False
Q5T5U3,,missing_pdb,False
Q5T5U6,,missing_pdb,False
Q5T5X7,,missing_pdb,False
Q5T5Y3-3,,missing_pdb,False
Q5T653,/data/ranran/my_ptm/croton/data/structure_pipeline/pdb/Q5T653.pdb,exact_sequence_match,True
Q5T6A0,,missing_pdb,False
Q5T6C5,,missing_pdb,False
Q5T6H2,,missing_pdb,False
Q5T6L9,,missing_pdb,False
Q5T6Z8,,missing_pdb,False
Q5T703,,missing_pdb,False
Q5T795,,missing_pdb,False
Q5T7B8,,missing_pdb,False
Q5T7C4,,missing_pdb,False
Q5T7F5,,missing_pdb,False
Q5T7N2,,missing_pdb,False
Q5T7U0,,missing_pdb,False
Q5T7V8,,missing_pdb,False
Q5T7W0,,missing_pdb,False
Q5T7W7,,missing_pdb,False
Q5T7Y7,,missing_pdb,False
Q5T848,,missing_pdb,False
Q5T851,,missing_pdb,False
Q5T852,,missing_pdb,False
Q5T890,,missing_pdb,False
Q5T8A7,,missing_pdb,False
Q5T8D1,,missing_pdb,False
Q5T8D3,,missing_pdb,False
Q5T8I3,,missing_pdb,False
Q5T8P6-4,,missing_pdb,False
Q5T8P6-6,,missing_pdb,False
Q5T8U2,,missing_pdb,False
Q5T8U3,,missing_pdb,False
Q5T8U5,,missing_pdb,False
Q5T8U9,,missing_pdb,False
Q5T8V1,,missing_pdb,False
Q5T953,,missing_pdb,False
Q5T981,,missing_pdb,False
Q5T9A4,/data/ranran/my_ptm/croton/data/structure_pipeline/pdb/Q5T9A4.pdb,exact_sequence_match,True
Q5T9L3-2,,missing_pdb,False
Q5T9Q5,,missing_pdb,False
Q5T9S2,,missing_pdb,False
Q5T9S5,/data/ranran/my_ptm/croton/data/structure_pipeline/pdb/Q5T9S5.pdb,exact_sequence_match,True
Q5TA01,,missing_pdb,False
Q5TA50,/data/ranran/my_ptm/croton/data/structure_pipeline/pdb/Q5TA50.pdb,exact_sequence_match,True
Q5TA56,,missing_pdb,False
Q5TA89,,missing_pdb,False
Q5TAA8,,missing_pdb,False
Q5TAB7,,missing_pdb,False
Q5TAG4,,missing_pdb,False
Q5TB21,,missing_pdb,False
Q5TB25,,missing_pdb,False
Q5TB30,,missing_pdb,False
Q5TB53,,missing_pdb,False
Q5TB80,,missing_pdb,False
Q5TBG1,,missing_pdb,False
Q5TBG5,,missing_pdb,False
Q5TBM3,,missing_pdb,False
Q5TBN3,,missing_pdb,False
Q5TBQ0,,missing_pdb,False
Q5TBR0,,missing_pdb,False
Q5TC02,,missing_pdb,False
Q5TC05,,missing_pdb,False
Q5TC12,/data/ranran/my_ptm/croton/data/structure_pipeline/pdb/Q5TC12.pdb,exact_sequence_match,True
Q5TC63,,missing_pdb,False
Q5TC79,,missing_pdb,False
Q5TC84,,missing_pdb,False
Q5TCI4,,missing_pdb,False
Q5TCI8,,missing_pdb,False
Q5TCS4,,missing_pdb,False
Q5TCS5,,missing_pdb,False
Q5TCS8,,missing_pdb,False
Q5TCZ1,,missing_pdb,False
Q5TCZ7,,missing_pdb,False
Q5TD05,,missing_pdb,False
Q5TDE2,,missing_pdb,False
Q5TDE7,,missing_pdb,False
Q5TDF0,,missing_pdb,False
Q5TDG9,,missing_pdb,False
Q5TDH0-2,,missing_pdb,False
Q5TE25,,missing_pdb,False
Q5TEA6,,missing_pdb,False
Q5TED7,,missing_pdb,False
Q5TEE2,,missing_pdb,False
Q5TEE8,,missing_pdb,False
Q5TEH7,,missing_pdb,False
Q5TEJ8,,missing_pdb,False
Q5TEU4,,missing_pdb,False
Q5TEZ5,,missing_pdb,False
Q5TF21,,missing_pdb,False
Q5TF39,,missing_pdb,False
Q5TF85,,missing_pdb,False
Q5TFA5,,missing_pdb,False
Q5TFK1,,missing_pdb,False
Q5TG12,,missing_pdb,False
Q5TG36,,missing_pdb,False
Q5TG37,,missing_pdb,False
Q5TG38,,missing_pdb,False
Q5TG59,,missing_pdb,False
Q5TGB0,,missing_pdb,False
Q5TGE2,,missing_pdb,False
Q5TGL8,,missing_pdb,False
Q5TGY1,,missing_pdb,False
Q5TGY3,,missing_pdb,False
Q5TH58,,missing_pdb,False
Q5TH61,,missing_pdb,False
Q5THJ4,,missing_pdb,False
Q5THK1,,missing_pdb,False
Q5THQ7,,missing_pdb,False
Q5TIJ2,,missing_pdb,False
Q5TKA1,/data/ranran/my_ptm/croton/data/structure_pipeline/pdb/Q5TKA1.pdb,exact_sequence_match,True
Q5TYW1,,missing_pdb,False
Q5TZA2,/data/ranran/my_ptm/croton/data/structure_pipeline/pdb/Q5TZA2.pdb;/data/ranran/my_ptm/croton/data/structure_pipeline/pdb/AF-Q5TZA2-F1-model_v6.pdb,sequence_mismatch,False
Q5TZT0,,missing_pdb,False
Q5U0V7,,missing_pdb,False
Q5U0X8,,missing_pdb,False
Q5U156,,missing_pdb,False
Q5U2N1,,missing_pdb,False
Q5U2P9,,missing_pdb,False
Q5U2S1,,missing_pdb,False
Q5U2S4,,missing_pdb,False
Q5U2S6,,missing_pdb,False
Q5U2T3,,missing_pdb,False
Q5U2T5,,missing_pdb,False
Q5U3C3,/data/ranran/my_ptm/croton/data/structure_pipeline/pdb/Q5U3C3.pdb,exact_sequence_match,True
Q5U431,,missing_pdb,False
Q5U458,,missing_pdb,False
Q5U464,,missing_pdb,False
Q5U4C5,,missing_pdb,False
Q5U4E0,,missing_pdb,False
Q5U5Q3,,missing_pdb,False
Q5U5Q9,,missing_pdb,False
Q5U5R9,,missing_pdb,False
Q5U5V2,,missing_pdb,False
Q5U5X0,,missing_pdb,False
Q5U623,,missing_pdb,False
Q5U651,,missing_pdb,False
Q5UAW9,,missing_pdb,False
Q5UCC4,,missing_pdb,False
Q5UIP0,/data/ranran/my_ptm/croton/data/structure_pipeline/pdb/Q5UIP0.pdb,exact_sequence_match,True
Q5VMJ3,,missing_pdb,False
Q5VML4,,missing_pdb,False
Q5VNF8,,missing_pdb,False
Q5VRJ8,,missing_pdb,False
Q5VS78,,missing_pdb,False
Q5VSR5,,missing_pdb,False
Q5VSY0,,missing_pdb,False
Q5VT06,,missing_pdb,False
Q5VT25-6,,missing_pdb,False
Q5VT52,/data/ranran/my_ptm/croton/data/structure_pipeline/pdb/Q5VT52.pdb,exact_sequence_match,True
Q5VT66-2,,missing_pdb,False
Q5VT97,,missing_pdb,False
Q5VTB9,/data/ranran/my_ptm/croton/data/structure_pipeline/pdb/Q5VTB9.pdb,exact_sequence_match,True
Q5VTE6,,missing_pdb,False
Q5VTE6-2,,missing_pdb,False
Q5VTL8,/data/ranran/my_ptm/croton/data/structure_pipeline/pdb/Q5VTL8.pdb,exact_sequence_match,True
Q5VTL8-2,,missing_pdb,False
Q5VTQ0,,missing_pdb,False
Q5VTT2,,missing_pdb,False
Q5VTY9,,missing_pdb,False
Q5VU43,/data/ranran/my_ptm/croton/data/structure_pipeline/pdb/Q5VU43.pdb,exact_sequence_match,True
Q5VU65,,missing_pdb,False
Q5VUA4,/data/ranran/my_ptm/croton/data/structure_pipeline/pdb/Q5VUA4.pdb,exact_sequence_match,True
Q5VUD6,,missing_pdb,False
Q5VUG0,,missing_pdb,False
Q5VV17,,missing_pdb,False
Q5VV42,/data/ranran/my_ptm/croton/data/structure_pipeline/pdb/Q5VV42.pdb,exact_sequence_match,True
Q5VV42-3,,missing_pdb,False
Q5VV52,,missing_pdb,False
Q5VV67,,missing_pdb,False
Q5VV89,,missing_pdb,False
Q5VVH5,,missing_pdb,False
Q5VVJ2,,missing_pdb,False
Q5VVM3,,missing_pdb,False
Q5VVQ6,,missing_pdb,False
Q5VVR5,,missing_pdb,False
Q5VVU5,,missing_pdb,False
Q5VVW2,,missing_pdb,False
Q5VVW5,,missing_pdb,False
Q5VW32,/data/ranran/my_ptm/croton/data/structure_pipeline/pdb/Q5VW32.pdb,exact_sequence_match,True
Q5VW33,,missing_pdb,False
Q5VW36,/data/ranran/my_ptm/croton/data/structure_pipeline/pdb/Q5VW36.pdb;/data/ranran/my_ptm/croton/data/structure_pipeline/pdb/AF-Q5VW36-F1-model_v6.pdb,sequence_mismatch,False
Q5VWG9,,missing_pdb,False
Q5VWI1,/data/ranran/my_ptm/croton/data/structure_pipeline/pdb/Q5VWI1.pdb,exact_sequence_match,True
Q5VWK0,,missing_pdb,False
Q5VWN6,,missing_pdb,False
Q5VWQ0,,missing_pdb,False
Q5VWU8,,missing_pdb,False
Q5VWX1,,missing_pdb,False
Q5VXM9,,missing_pdb,False
Q5VXN0,,missing_pdb,False
Q5VY93,,missing_pdb,False
Q5VYB9,,missing_pdb,False
Q5VYK3,/data/ranran/my_ptm/croton/data/structure_pipeline/pdb/Q5VYK3.pdb,exact_sequence_match,True
Q5VYL4,,missing_pdb,False
Q5VYM1,,missing_pdb,False
Q5VYS8,/data/ranran/my_ptm/croton/data/structure_pipeline/pdb/Q5VYS8.pdb,exact_sequence_match,True
Q5VYV7,,missing_pdb,False
Q5VZ18,,missing_pdb,False
Q5VZ89,,missing_pdb,False
Q5VZK9-3,,missing_pdb,False
Q5VZL5,/data/ranran/my_ptm/croton/data/structure_pipeline/pdb/Q5VZL5.pdb,exact_sequence_match,True
Q5VZM0,,missing_pdb,False
Q5VZM2,/data/ranran/my_ptm/croton/data/structure_pipeline/pdb/Q5VZM2.pdb,exact_sequence_match,True
Q5VZR0,,missing_pdb,False
Q5VZR4,,missing_pdb,False
Q5W010,,missing_pdb,False
Q5W050,,missing_pdb,False
Q5W0A0,,missing_pdb,False
Q5W0B1,/data/ranran/my_ptm/croton/data/structure_pipeline/pdb/Q5W0B1.pdb,exact_sequence_match,True
Q5W0C6,,missing_pdb,False
Q5W0C9,,missing_pdb,False
Q5W0F9,,missing_pdb,False
Q5W0J0,,missing_pdb,False
Q5W0Q7,,missing_pdb,False
Q5W0S4,,missing_pdb,False
Q5W0S5,,missing_pdb,False
Q5W0U4,,missing_pdb,False
Q5W0V1,,missing_pdb,False
Q5W0Z9-2,,missing_pdb,False
Q5W676,,missing_pdb,False
Q5W6H0,,missing_pdb,False
Q5W6Y8,,missing_pdb,False
Q5WMN4,,missing_pdb,False
Q5XG87,,missing_pdb,False
Q5XI20,,missing_pdb,False
Q5XIG9,,missing_pdb,False
Q5XIR9,,missing_pdb,False
Q5XIU5,,missing_pdb,False
Q5XIV2,,missing_pdb,False
Q5XKK7,,missing_pdb,False
Q5XPI3-2,,missing_pdb,False
Q5XUX0,,missing_pdb,False
Q5XUX1,,missing_pdb,False
Q5XV94,,missing_pdb,False
Q5Y5T1,,missing_pdb,False
Q5YD48,,missing_pdb,False
Q5YLX1,,missing_pdb,False
Q5YM00,,missing_pdb,False
Q5Z4A3,,missing_pdb,False
Q5Z4M1,,missing_pdb,False
Q5Z4M2,,missing_pdb,False
Q5Z4M4,,missing_pdb,False
Q5Z6G3,,missing_pdb,False
Q5Z6I5,,missing_pdb,False
Q5Z6P4,,missing_pdb,False
Q5Z6U3,,missing_pdb,False
Q5Z6Y3,,missing_pdb,False
Q5Z9S8,,missing_pdb,False
Q5Z9S8-2,,missing_pdb,False
Q5ZAG1,,missing_pdb,False
Q5ZAP9,,missing_pdb,False
Q5ZBN6,,missing_pdb,False
Q5ZCR4,,missing_pdb,False
Q5ZPR3,,missing_pdb,False
Q5ZPR3-2,,missing_pdb,False
Q60520,,missing_pdb,False
Q60587,,missing_pdb,False
Q60590,,missing_pdb,False
Q60603,,missing_pdb,False
Q60611,,missing_pdb,False
Q60641,,missing_pdb,False
Q60710,,missing_pdb,False
Q60760,,missing_pdb,False
Q60764,,missing_pdb,False
Q60771,,missing_pdb,False
Q60825,,missing_pdb,False
Q60866,,missing_pdb,False
Q60898,,missing_pdb,False
Q60932,,missing_pdb,False
Q60953,,missing_pdb,False
Q60987,,missing_pdb,False
Q60991,,missing_pdb,False
Q60E70,,missing_pdb,False
Q60EH4,,missing_pdb,False
Q60I27,,missing_pdb,False
Q61037,,missing_pdb,False
Q61066,,missing_pdb,False
Q61103,,missing_pdb,False
Q61129,,missing_pdb,False
Q61140,,missing_pdb,False
Q61153,,missing_pdb,False
Q61165,,missing_pdb,False
Q61207,,missing_pdb,False
Q61286,,missing_pdb,False
Q61329,,missing_pdb,False
Q61382,,missing_pdb,False
Q61398,,missing_pdb,False
Q61419,,missing_pdb,False
Q61473,,missing_pdb,False
Q61481,,missing_pdb,False
Q61483,,missing_pdb,False
Q61550,,missing_pdb,False
Q61584,,missing_pdb,False
Q61609,,missing_pdb,False
Q61626,,missing_pdb,False
Q61730,,missing_pdb,False
Q61749,,missing_pdb,False
Q61838,,missing_pdb,False
Q61875,,missing_pdb,False
Q61999,,missing_pdb,False
Q62018,,missing_pdb,False
Q62077,,missing_pdb,False
Q62084,,missing_pdb,False
Q62101,,missing_pdb,False
Q62189,,missing_pdb,False
Q62209,,missing_pdb,False
Q62227,,missing_pdb,False
Q62277,,missing_pdb,False
Q62312,,missing_pdb,False
Q62376,,missing_pdb,False
Q62388,,missing_pdb,False
Q62392,,missing_pdb,False
Q62407,,missing_pdb,False
Q62417,,missing_pdb,False
Q62421,,missing_pdb,False
Q62433,,missing_pdb,False
Q62463,,missing_pdb,False
Q62640,,missing_pdb,False
Q62726,,missing_pdb,False
Q62888,,missing_pdb,False
Q62910,,missing_pdb,False
Q629K1,,missing_pdb,False
Q63053,,missing_pdb,False
Q63190,,missing_pdb,False
Q63207,,missing_pdb,False
Q63327,,missing_pdb,False
Q63374,,missing_pdb,False
Q63475,,missing_pdb,False
Q63518,,missing_pdb,False
Q63560,,missing_pdb,False
Q63625,,missing_pdb,False
Q63636,,missing_pdb,False
Q63829,,missing_pdb,False
Q63880,,missing_pdb,False
Q63912,,missing_pdb,False
Q63932,,missing_pdb,False
Q63HK5,,missing_pdb,False
Q63HN8,,missing_pdb,False
Q63HQ0,,missing_pdb,False
Q63HQ2,,missing_pdb,False
Q63ZY6,,missing_pdb,False
Q640R3,,missing_pdb,False
Q641Q2,/data/ranran/my_ptm/croton/data/structure_pipeline/pdb/Q641Q2.pdb,exact_sequence_match,True
Q641W2,,missing_pdb,False
Q64268,,missing_pdb,False
Q642B4,,missing_pdb,False
Q64322,,missing_pdb,False
Q64337,,missing_pdb,False
Q64347,,missing_pdb,False
Q64364,,missing_pdb,False
Q64467,,missing_pdb,False
Q64726,,missing_pdb,False
Q64735,,missing_pdb,False
Q64GA5,,missing_pdb,False
Q64LD2,,missing_pdb,False
Q650S9,,missing_pdb,False
Q651E8,,missing_pdb,False
Q651X7,,missing_pdb,False
Q654G8,,missing_pdb,False
Q654Z6,,missing_pdb,False
Q655D4,,missing_pdb,False
Q656Y8,,missing_pdb,False
Q658I5-2,,missing_pdb,False
Q659A1,,missing_pdb,False
Q659C4-3,,missing_pdb,False
Q659G3,,missing_pdb,False
Q65XG6,,missing_pdb,False
Q65XR4,,missing_pdb,False
Q65XV2,,missing_pdb,False
Q65Z40,,missing_pdb,False
Q65Z93,,missing_pdb,False
Q66GK1,,missing_pdb,False
Q66GQ1,,missing_pdb,False
Q66GS9,,missing_pdb,False
Q66H79,,missing_pdb,False
Q66HS7,,missing_pdb,False
Q66JR8,,missing_pdb,False
Q66JS6,,missing_pdb,False
Q66K64,,missing_pdb,False
Q66K74,,missing_pdb,False
Q66K89,,missing_pdb,False
Q66L47,,missing_pdb,False
Q66LG9,,missing_pdb,False
Q66PJ3,,missing_pdb,False
Q674R7,,missing_pdb,False
Q676U5,/data/ranran/my_ptm/croton/data/structure_pipeline/pdb/Q676U5.pdb,exact_sequence_match,True
Q67FW5,,missing_pdb,False
Q67UP9-2,,missing_pdb,False
Q67UX7,,missing_pdb,False
Q67VM5,,missing_pdb,False
Q67W82-2,,missing_pdb,False
Q67WL5,,missing_pdb,False
Q67XJ2,,missing_pdb,False
Q67XL4,,missing_pdb,False
Q67XU1,,missing_pdb,False
Q67YA7,,missing_pdb,False
Q67ZZ1,,missing_pdb,False
Q681W7,,missing_pdb,False
Q681X4,,missing_pdb,False
Q682E1,,missing_pdb,False
Q682I1,,missing_pdb,False
Q688J4,,missing_pdb,False
Q688R1,,missing_pdb,False
Q688R3,,missing_pdb,False
Q688R3-2,,missing_pdb,False
Q68CL5,,missing_pdb,False
Q68CL5-3,,missing_pdb,False
Q68CP4,,missing_pdb,False
Q68CP9,/data/ranran/my_ptm/croton/data/structure_pipeline/pdb/Q68CP9.pdb,exact_sequence_match,True
Q68CQ4,,missing_pdb,False
Q68CQ7,,missing_pdb,False
Q68CR1,,missing_pdb,False
Q68CR8,,missing_pdb,False
Q68CT8,,missing_pdb,False
Q68CX2,,missing_pdb,False
Q68CY6,,missing_pdb,False
Q68CZ1,,missing_pdb,False
Q68CZ2,,missing_pdb,False
Q68CZ6,/data/ranran/my_ptm/croton/data/structure_pipeline/pdb/Q68CZ6.pdb,exact_sequence_match,True
Q68D10,,missing_pdb,False
Q68D85,,missing_pdb,False
Q68D86,,missing_pdb,False
Q68D91,,missing_pdb,False
Q68DA7,,missing_pdb,False
Q68DC2,,missing_pdb,False
Q68DE3,,missing_pdb,False
Q68DH5,,missing_pdb,False
Q68DK2,,missing_pdb,False
Q68DK7,,missing_pdb,False
Q68DN1,,missing_pdb,False
Q68DN7,,missing_pdb,False
Q68DQ2,,missing_pdb,False
Q68DU9,,missing_pdb,False
Q68DW7,,missing_pdb,False
Q68DX3,,missing_pdb,False
Q68E03,,missing_pdb,False
Q68ED3,,missing_pdb,False
Q68EM7,/data/ranran/my_ptm/croton/data/structure_pipeline/pdb/Q68EM7.pdb,exact_sequence_match,True
Q68EM7-3,,missing_pdb,False
Q68FL4,,missing_pdb,False
Q68FM7,,missing_pdb,False
Q68FQ2,,missing_pdb,False
Q68FQ9,,missing_pdb,False
Q68FV2,,missing_pdb,False
Q68FX9,,missing_pdb,False
Q68Y49,,missing_pdb,False
Q68Y52,,missing_pdb,False
Q69FB3,,missing_pdb,False
Q69J88,,missing_pdb,False
Q69KJ0,,missing_pdb,False
Q69L72,,missing_pdb,False
Q69LK3,,missing_pdb,False
Q69MT2,,missing_pdb,False
Q69N52,,missing_pdb,False
Q69NC1,,missing_pdb,False
Q69NG5,,missing_pdb,False
Q69QB4,,missing_pdb,False
Q69QR5,,missing_pdb,False
Q69QY7,,missing_pdb,False
Q69R21,,missing_pdb,False
Q69SA9,,missing_pdb,False
Q69U96,,missing_pdb,False
Q69VE0,,missing_pdb,False
Q69W40,,missing_pdb,False
Q69XJ0,,missing_pdb,False
Q69YH5,,missing_pdb,False
Q69YI7,,missing_pdb,False
Q69YN2,,missing_pdb,False
Q69YN4,/data/ranran/my_ptm/croton/data/structure_pipeline/pdb/Q69YN4.pdb,exact_sequence_match,True
Q69YN4-2,,missing_pdb,False
Q69YU5,,missing_pdb,False
Q69ZQ1,,missing_pdb,False
Q69ZU6,,missing_pdb,False
Q69ZY3,,missing_pdb,False
Q6A0A2,,missing_pdb,False
Q6A1A2,,missing_pdb,False
Q6AHZ1,/data/ranran/my_ptm/croton/data/structure_pipeline/pdb/Q6AHZ1.pdb,exact_sequence_match,True
Q6AI08,,missing_pdb,False
Q6AI12,,missing_pdb,False
Q6AI14,,missing_pdb,False
Q6ASY2,,missing_pdb,False
Q6AT27,,missing_pdb,False
Q6ATX4,,missing_pdb,False
Q6ATZ5,,missing_pdb,False
Q6AU77,,missing_pdb,False
Q6AUG0,,missing_pdb,False
Q6AUQ7,,missing_pdb,False
Q6AV19,,missing_pdb,False
Q6AVP2,,missing_pdb,False
Q6AWA7,,missing_pdb,False
Q6AWB1,,missing_pdb,False
Q6AWV7,,missing_pdb,False
Q6AXT0,,missing_pdb,False
Q6AY24,,missing_pdb,False
Q6AYA5,,missing_pdb,False
Q6AYF2,,missing_pdb,False
Q6AYH5,,missing_pdb,False
Q6AYL8,,missing_pdb,False
Q6AYM2,,missing_pdb,False
Q6AYP5,,missing_pdb,False
Q6AZW8,,missing_pdb,False
Q6AZY7,,missing_pdb,False
Q6AZY7-2,,missing_pdb,False
Q6B0I6,,missing_pdb,False
Q6BAA4,,missing_pdb,False
Q6DBH4,,missing_pdb,False
Q6DBN5,,missing_pdb,False
Q6DD87,,missing_pdb,False
Q6DFV6,,missing_pdb,False
Q6DFZ1,,missing_pdb,False
Q6DGF2,,missing_pdb,False
Q6DGF4,,missing_pdb,False
Q6DIB5,,missing_pdb,False
Q6DIC6,,missing_pdb,False
Q6DKJ4,,missing_pdb,False
Q6DKK2,,missing_pdb,False
Q6DN03,/data/ranran/my_ptm/croton/data/structure_pipeline/pdb/Q6DN03.pdb,exact_sequence_match,True
Q6DN14,,missing_pdb,False
Q6DN90,,missing_pdb,False
Q6DVA0,,missing_pdb,False
Q6DYB5,,missing_pdb,False
Q6DYC0,,missing_pdb,False
Q6DYE8,,missing_pdb,False
Q6EKJ0,,missing_pdb,False
Q6EMB2,,missing_pdb,False
Q6EMK4,,missing_pdb,False
Q6EPA2,,missing_pdb,False
Q6EPV6,,missing_pdb,False
Q6ER94,,missing_pdb,False
Q6ERE5,,missing_pdb,False
Q6ESI7,,missing_pdb,False
Q6ESR4,,missing_pdb,False
Q6ESZ9,,missing_pdb,False
Q6ETK7,,missing_pdb,False
Q6EUQ3,,missing_pdb,False
Q6EVK6,,missing_pdb,False
Q6F5E8,,missing_pdb,False
Q6FI81,/data/ranran/my_ptm/croton/data/structure_pipeline/pdb/Q6FI81.pdb,exact_sequence_match,True
Q6GKU7,,missing_pdb,False
Q6GKY0,,missing_pdb,False
Q6GMR7,,missing_pdb,False
Q6GMV1,,missing_pdb,False
Q6GMV2,/data/ranran/my_ptm/croton/data/structure_pipeline/pdb/Q6GMV2.pdb,exact_sequence_match,True
Q6GMV3,,missing_pdb,False
Q6GMX3,,missing_pdb,False
Q6GPH4,,missing_pdb,False
Q6GPH6,,missing_pdb,False
Q6GQT2,,missing_pdb,False
Q6GQV7,,missing_pdb,False
Q6GQW0,,missing_pdb,False
Q6GQX7,,missing_pdb,False
Q6GTX8,,missing_pdb,False
Q6GYQ0,,missing_pdb,False
Q6H647,,missing_pdb,False
Q6H6H7,,missing_pdb,False
Q6H7M1,,missing_pdb,False
Q6H8G5,,missing_pdb,False
Q6I570,,missing_pdb,False
Q6I5C3,,missing_pdb,False
Q6I5U6,,missing_pdb,False
Q6I9Y2,/data/ranran/my_ptm/croton/data/structure_pipeline/pdb/Q6I9Y2.pdb,exact_sequence_match,True
Q6IA17-2,,missing_pdb,False
Q6IBW4-5,,missing_pdb,False
Q6ICB0,,missing_pdb,False
Q6ICC9,,missing_pdb,False
Q6ICG6,,missing_pdb,False
Q6ICH2,,missing_pdb,False
Q6ICH7,,missing_pdb,False
Q6ICL7,,missing_pdb,False
Q6ICW8,,missing_pdb,False
Q6IDE2,,missing_pdb,False
Q6IE81,,missing_pdb,False
Q6IEG0,,missing_pdb,False
Q6IEG0-2,,missing_pdb,False
Q6IFT3,,missing_pdb,False
Q6IG08,,missing_pdb,False
Q6II06,,missing_pdb,False
Q6IMI6,,missing_pdb,False
Q6IMP4,,missing_pdb,False
Q6IN85-4,,missing_pdb,False
Q6IPH7,,missing_pdb,False
Q6IPM2,,missing_pdb,False
Q6IPR1,,missing_pdb,False
Q6IPR3,,missing_pdb,False
Q6IPT4,,missing_pdb,False
Q6IPU0,,missing_pdb,False
Q6IPX4,,missing_pdb,False
Q6IQ16,,missing_pdb,False
Q6IQ19,,missing_pdb,False
Q6IQ21,,missing_pdb,False
Q6IQ26,,missing_pdb,False
Q6IQ32,,missing_pdb,False
Q6IQ49,,missing_pdb,False
Q6IQ55,,missing_pdb,False
Q6IS41,,missing_pdb,False
Q6ITT4,,missing_pdb,False
Q6IV57,,missing_pdb,False
Q6J1H4,,missing_pdb,False
Q6J4K2,,missing_pdb,False
Q6J9G0,,missing_pdb,False
Q6JBY9,,missing_pdb,False
Q6JQN1,,missing_pdb,False
Q6JWR2,,missing_pdb,False
Q6K0P9,,missing_pdb,False
Q6K464,,missing_pdb,False
Q6K4T1,,missing_pdb,False
Q6K4V2,,missing_pdb,False
Q6K602,,missing_pdb,False
Q6K6N7,,missing_pdb,False
Q6K762,,missing_pdb,False
Q6K7E9,,missing_pdb,False
Q6K882,,missing_pdb,False
Q6K8E9,,missing_pdb,False
Q6KAN1,,missing_pdb,False
Q6KAR6,,missing_pdb,False
Q6KB66,,missing_pdb,False
Q6KC79,,missing_pdb,False
Q6KCM7-5,,missing_pdb,False
Q6L4C6,,missing_pdb,False
Q6L500,,missing_pdb,False
Q6L5C4,,missing_pdb,False
Q6L8G9,,missing_pdb,False
Q6L8H1,,missing_pdb,False
Q6L8Q7,,missing_pdb,False
Q6MZM0,/data/ranran/my_ptm/croton/data/structure_pipeline/pdb/Q6MZM0.pdb,exact_sequence_match,True
Q6MZP7,,missing_pdb,False
Q6MZP7-3,,missing_pdb,False
Q6MZQ0,,missing_pdb,False
Q6MZW2,,missing_pdb,False
Q6N021,,missing_pdb,False
Q6N043,,missing_pdb,False
Q6N063,,missing_pdb,False
Q6N090,,missing_pdb,False
Q6NKR3,,missing_pdb,False
Q6NKU3,,missing_pdb,False
Q6NL08,,missing_pdb,False
Q6NL44,,missing_pdb,False
Q6NLC8,,missing_pdb,False
Q6NLP2,,missing_pdb,False
Q6NMB7,,missing_pdb,False
Q6NMH5,,missing_pdb,False
Q6NMK6,,missing_pdb,False
Q6NN29,,missing_pdb,False
Q6NNB2,,missing_pdb,False
Q6NP69,,missing_pdb,False
Q6NP72,,missing_pdb,False
Q6NPN3,,missing_pdb,False
Q6NPS1,,missing_pdb,False
Q6NQ72,,missing_pdb,False
Q6NQC3,,missing_pdb,False
Q6NQH4,,missing_pdb,False
Q6NQH9,,missing_pdb,False
Q6NS38,,missing_pdb,False
Q6NSI4,,missing_pdb,False
Q6NSI4-2,,missing_pdb,False
Q6NSI8,,missing_pdb,False
Q6NSQ5,,missing_pdb,False
Q6NSW5,,missing_pdb,False
Q6NT16,,missing_pdb,False
Q6NT76,,missing_pdb,False
Q6NTE8,,missing_pdb,False
Q6NTF9,,missing_pdb,False
Q6NUM9-2,,missing_pdb,False
Q6NUN9,,missing_pdb,False
Q6NUQ1,/data/ranran/my_ptm/croton/data/structure_pipeline/pdb/Q6NUQ1.pdb,exact_sequence_match,True
Q6NUQ4,/data/ranran/my_ptm/croton/data/structure_pipeline/pdb/Q6NUQ4.pdb,exact_sequence_match,True
Q6NUS6,,missing_pdb,False
Q6NV74,,missing_pdb,False
Q6NVE8,,missing_pdb,False
Q6NVV1,,missing_pdb,False
Q6NVY1,/data/ranran/my_ptm/croton/data/structure_pipeline/pdb/Q6NVY1.pdb,exact_sequence_match,True
Q6NW29,,missing_pdb,False
Q6NW34,,missing_pdb,False
Q6NW40,,missing_pdb,False
Q6NXE6,/data/ranran/my_ptm/croton/data/structure_pipeline/pdb/Q6NXE6.pdb,exact_sequence_match,True
Q6NXM3,,missing_pdb,False
Q6NXP0,,missing_pdb,False
Q6NXR4,/data/ranran/my_ptm/croton/data/structure_pipeline/pdb/Q6NXR4.pdb,exact_sequence_match,True
Q6NXR6,,missing_pdb,False
Q6NXT1,,missing_pdb,False
Q6NXT4-2,,missing_pdb,False
Q6NXT6,,missing_pdb,False
Q6NYC1-3,,missing_pdb,False
Q6NYC8,,missing_pdb,False
Q6NZ67,,missing_pdb,False
Q6NZJ5,,missing_pdb,False
Q6NZQ8,,missing_pdb,False
Q6NZY4,,missing_pdb,False
Q6P087,,missing_pdb,False
Q6P0N0,,missing_pdb,False
Q6P0N0-2,,missing_pdb,False
Q6P0Q8,,missing_pdb,False
Q6P1A2,,missing_pdb,False
Q6P1B9,,missing_pdb,False
Q6P1E1,,missing_pdb,False
Q6P1I6,,missing_pdb,False
Q6P1J1,,missing_pdb,False
Q6P1K2-2,,missing_pdb,False
Q6P1K2-3,,missing_pdb,False
Q6P1K2-5,,missing_pdb,False
Q6P1L4,,missing_pdb,False
Q6P1L5,,missing_pdb,False
Q6P1L6,,missing_pdb,False
Q6P1L8,,missing_pdb,False
Q6P1M3-3,,missing_pdb,False
Q6P1M9,,missing_pdb,False
Q6P1N0,/data/ranran/my_ptm/croton/data/structure_pipeline/pdb/Q6P1N0.pdb,exact_sequence_match,True
Q6P1Q0,,missing_pdb,False
Q6P1Q5,,missing_pdb,False
Q6P1Q9,/data/ranran/my_ptm/croton/data/structure_pipeline/pdb/Q6P1Q9.pdb,exact_sequence_match,True
Q6P1R3,,missing_pdb,False
Q6P1R4,,missing_pdb,False
Q6P1X5,,missing_pdb,False
Q6P2C8,/data/ranran/my_ptm/croton/data/structure_pipeline/pdb/Q6P2C8.pdb,exact_sequence_match,True
Q6P2I3,,missing_pdb,False
Q6P2L6,,missing_pdb,False
Q6P2Q0,,missing_pdb,False
Q6P2R3,,missing_pdb,False
Q6P387,,missing_pdb,False
Q6P393,,missing_pdb,False
Q6P3D0,,missing_pdb,False
Q6P3F7,,missing_pdb,False
Q6P3S1,,missing_pdb,False
Q6P3S6,,missing_pdb,False
Q6P3W2,,missing_pdb,False
Q6P3Y5,,missing_pdb,False
Q6P3Y6,,missing_pdb,False
Q6P3Z7,,missing_pdb,False
Q6P444,,missing_pdb,False
Q6P474,,missing_pdb,False
Q6P4A7,,missing_pdb,False
Q6P4A7-3,,missing_pdb,False
Q6P4E1,/data/ranran/my_ptm/croton/data/structure_pipeline/pdb/Q6P4E1.pdb,exact_sequence_match,True
Q6P4E4,,missing_pdb,False
Q6P4F7,,missing_pdb,False
Q6P4H7,,missing_pdb,False
Q6P4H8,,missing_pdb,False
Q6P4I2,,missing_pdb,False
Q6P4Q7,,missing_pdb,False
Q6P4R8-2,,missing_pdb,False
Q6P4S8,,missing_pdb,False
Q6P566,,missing_pdb,False
Q6P587,,missing_pdb,False
Q6P5D3,,missing_pdb,False
Q6P5D8,,missing_pdb,False
Q6P5F6,,missing_pdb,False
Q6P5P3,,missing_pdb,False
Q6P5S7,,missing_pdb,False
Q6P6B1,,missing_pdb,False
Q6P6B7,,missing_pdb,False
Q6P6C2-1,,missing_pdb,False
Q6P6M7,,missing_pdb,False
Q6P7W0,,missing_pdb,False
Q6P8V7,,missing_pdb,False
Q6P8Y1,,missing_pdb,False
Q6P995,,missing_pdb,False
Q6P9A2,,missing_pdb,False
Q6P9B6,,missing_pdb,False
Q6P9B9,,missing_pdb,False
Q6P9G4,,missing_pdb,False
Q6P9H4,,missing_pdb,False
Q6P9H5,,missing_pdb,False
Q6P9J5,,missing_pdb,False
Q6P9K8,,missing_pdb,False
Q6P9U1,,missing_pdb,False
Q6PAK3,,missing_pdb,False
Q6PCB5,/data/ranran/my_ptm/croton/data/structure_pipeline/pdb/Q6PCB5.pdb,exact_sequence_match,True
Q6PCB6,,missing_pdb,False
Q6PCD5,,missing_pdb,False
Q6PCM1,,missing_pdb,False
Q6PCT2,,missing_pdb,False
Q6PD21,,missing_pdb,False
Q6PD74,/data/ranran/my_ptm/croton/data/structure_pipeline/pdb/Q6PD74.pdb,exact_sequence_match,True
Q6PDC8-4,,missing_pdb,False
Q6PDK2,,missing_pdb,False
Q6PDN3,,missing_pdb,False
Q6PDS3-3,,missing_pdb,False
Q6PE01,,missing_pdb,False
Q6PE13,,missing_pdb,False
Q6PE54,,missing_pdb,False
Q6PE65,,missing_pdb,False
Q6PE66,,missing_pdb,False
Q6PEE2,,missing_pdb,False
Q6PEM6,,missing_pdb,False
Q6PEV8,,missing_pdb,False
Q6PF93,,missing_pdb,False
Q6PGH2,,missing_pdb,False
Q6PGJ8,,missing_pdb,False
Q6PGP7,/data/ranran/my_ptm/croton/data/structure_pipeline/pdb/Q6PGP7.pdb,exact_sequence_match,True
Q6PGQ7,,missing_pdb,False
Q6PH81,,missing_pdb,False
Q6PHZ8,,missing_pdb,False
Q6PI26,,missing_pdb,False
Q6PI47,,missing_pdb,False
Q6PI77,,missing_pdb,False
Q6PI78,,missing_pdb,False
Q6PI98,,missing_pdb,False
Q6PID6,/data/ranran/my_ptm/croton/data/structure_pipeline/pdb/Q6PID6.pdb,exact_sequence_match,True
Q6PID8,,missing_pdb,False
Q6PIF2,,missing_pdb,False
Q6PII3,/data/ranran/my_ptm/croton/data/structure_pipeline/pdb/Q6PII3.pdb,exact_sequence_match,True
Q6PII5,,missing_pdb,False
Q6PIJ6-3,,missing_pdb,False
Q6PIU2,/data/ranran/my_ptm/croton/data/structure_pipeline/pdb/Q6PIU2.pdb,exact_sequence_match,True
Q6PIX5,,missing_pdb,False
Q6PIY2,,missing_pdb,False
Q6PIY7,,missing_pdb,False
Q6PIZ9,,missing_pdb,False
Q6PJ21,,missing_pdb,False
Q6PJ69,/data/ranran/my_ptm/croton/data/structure_pipeline/pdb/Q6PJ69.pdb,exact_sequence_match,True
Q6PJ80,,missing_pdb,False
Q6PJE2,,missing_pdb,False
Q6PJG2,,missing_pdb,False
Q6PJG6,,missing_pdb,False
Q6PJG9,,missing_pdb,False
Q6PJI9-2,,missing_pdb,False
Q6PJP8,,missing_pdb,False
Q6PJT7,/data/ranran/my_ptm/croton/data/structure_pipeline/pdb/Q6PJT7.pdb,exact_sequence_match,True
Q6PJT7-11,,missing_pdb,False
Q6PJW8,,missing_pdb,False
Q6PK04,,missing_pdb,False
Q6PK18-2,,missing_pdb,False
Q6PKC3,,missing_pdb,False
Q6PKC6,,missing_pdb,False
Q6PKG0,/data/ranran/my_ptm/croton/data/structure_pipeline/pdb/Q6PKG0.pdb,exact_sequence_match,True
Q6PL18-2,,missing_pdb,False
Q6PML9,,missing_pdb,False
Q6PRD1,,missing_pdb,False
Q6PS57,,missing_pdb,False
Q6Q0C0,/data/ranran/my_ptm/croton/data/structure_pipeline/pdb/Q6Q0C0.pdb,exact_sequence_match,True
Q6Q473,,missing_pdb,False
Q6Q4G3,,missing_pdb,False
Q6QAS5,,missing_pdb,False
Q6R327-3,,missing_pdb,False
Q6R5J7,,missing_pdb,False
Q6R891,,missing_pdb,False
Q6RFH5,,missing_pdb,False
Q6RI45-5,,missing_pdb,False
Q6RUI8,,missing_pdb,False
Q6S8J3-2,,missing_pdb,False
Q6S9Z5,,missing_pdb,False
Q6SJ93,/data/ranran/my_ptm/croton/data/structure_pipeline/pdb/Q6SJ93.pdb,exact_sequence_match,True
Q6SJ96,,missing_pdb,False
Q6SJQ5,,missing_pdb,False
Q6SPF0,,missing_pdb,False
Q6TCG2,,missing_pdb,False
Q6TCH7,,missing_pdb,False
Q6TCH7-4,,missing_pdb,False
Q6TDP4,,missing_pdb,False
Q6TFL3,,missing_pdb,False
Q6TUC2,,missing_pdb,False
Q6TUH8,,missing_pdb,False
Q6TXD4,,missing_pdb,False
Q6UB35-2,,missing_pdb,False
Q6UB98,,missing_pdb,False
Q6UB99,,missing_pdb,False
Q6ULP2,,missing_pdb,False
Q6UN15,/data/ranran/my_ptm/croton/data/structure_pipeline/pdb/Q6UN15.pdb,exact_sequence_match,True
Q6UN15-4,,missing_pdb,False
Q6UVJ0,/data/ranran/my_ptm/croton/data/structure_pipeline/pdb/Q6UVJ0.pdb,exact_sequence_match,True
Q6UVM3,,missing_pdb,False
Q6UW02,,missing_pdb,False
Q6UW56,,missing_pdb,False
Q6UW78,,missing_pdb,False
Q6UW88,,missing_pdb,False
Q6UWB1,,missing_pdb,False
Q6UWD8,,missing_pdb,False
Q6UWH6,,missing_pdb,False
Q6UWJ1,,missing_pdb,False
Q6UWJ1-2,,missing_pdb,False
Q6UWJ1-3,,missing_pdb,False
Q6UWL2-2,,missing_pdb,False
Q6UWL6,,missing_pdb,False
Q6UWP7,,missing_pdb,False
Q6UWP7-2,,missing_pdb,False
Q6UWS5,,missing_pdb,False
Q6UWV2,,missing_pdb,False
Q6UWW7,,missing_pdb,False
Q6UWY0,,missing_pdb,False
Q6UWY5,,missing_pdb,False
Q6UWZ7,,missing_pdb,False
Q6UX07,,missing_pdb,False
Q6UX15,,missing_pdb,False
Q6UXB8,,missing_pdb,False
Q6UXD5,,missing_pdb,False
Q6UXH1,,missing_pdb,False
Q6UXI9,,missing_pdb,False
Q6UXL0,,missing_pdb,False
Q6UXM1,,missing_pdb,False
Q6UXT9,,missing_pdb,False
Q6UXV4,,missing_pdb,False
Q6UXY8,,missing_pdb,False
Q6V0I7,,missing_pdb,False
Q6V0L0,,missing_pdb,False
Q6V1X1,,missing_pdb,False
Q6V3W6,,missing_pdb,False
Q6VAB6,,missing_pdb,False
Q6VAK3,,missing_pdb,False
Q6VNS1,,missing_pdb,False
Q6VY07-2,,missing_pdb,False
Q6W2J9-3,,missing_pdb,False
Q6W8Q3,,missing_pdb,False
Q6WBX8,,missing_pdb,False
Q6WCQ1-2,,missing_pdb,False
Q6WKZ4,/data/ranran/my_ptm/croton/data/structure_pipeline/pdb/Q6WKZ4.pdb,exact_sequence_match,True
Q6WKZ7,,missing_pdb,False
Q6WNK7,,missing_pdb,False
Q6WQJ1,,missing_pdb,False
Q6WRX3,,missing_pdb,False
Q6X734,,missing_pdb,False
Q6XE24,,missing_pdb,False
Q6XFR6,,missing_pdb,False
Q6XL73,,missing_pdb,False
Q6XUX3,,missing_pdb,False
Q6XZF7-2,,missing_pdb,False
Q6Y288,,missing_pdb,False
Q6Y2X3,,missing_pdb,False
Q6YBV0,,missing_pdb,False
Q6YHU6,,missing_pdb,False
Q6YHU6-5,,missing_pdb,False
Q6YI46,,missing_pdb,False
Q6YL32,,missing_pdb,False
Q6YN16-2,,missing_pdb,False
Q6YND2,,missing_pdb,False
Q6YP21-2,,missing_pdb,False
Q6YSC3,,missing_pdb,False
Q6YT98,,missing_pdb,False
Q6YUR8,,missing_pdb,False
Q6YWQ4,,missing_pdb,False
Q6YWR8,,missing_pdb,False
Q6YXW6,,missing_pdb,False
Q6YXY3,,missing_pdb,False
Q6YY75,,missing_pdb,False
Q6YZ10,,missing_pdb,False
Q6Z0N7,,missing_pdb,False
Q6Z0T9,,missing_pdb,False
Q6Z1C0,,missing_pdb,False
Q6Z1C4,,missing_pdb,False
Q6Z2F4,,missing_pdb,False
Q6Z3N7,,missing_pdb,False
Q6Z4G3,,missing_pdb,False
Q6Z4N4,,missing_pdb,False
Q6Z517,,missing_pdb,False
Q6Z5T7,,missing_pdb,False
Q6Z6D0,,missing_pdb,False
Q6Z6L1,,missing_pdb,False
Q6Z702,,missing_pdb,False
Q6Z748,,missing_pdb,False
Q6Z7I3,,missing_pdb,False
Q6Z7R9,,missing_pdb,False
Q6Z8B9,,missing_pdb,False
Q6Z8E1,,missing_pdb,False
Q6Z8M8,,missing_pdb,False
Q6Z8P4,,missing_pdb,False
Q6ZBH2,,missing_pdb,False
Q6ZFZ4,,missing_pdb,False
Q6ZG85,,missing_pdb,False
Q6ZHJ9,,missing_pdb,False
Q6ZHS4,,missing_pdb,False
Q6ZHS7,,missing_pdb,False
Q6ZI84,,missing_pdb,False
Q6ZIR2,,missing_pdb,False
Q6ZJ19,,missing_pdb,False
Q6ZJE2,,missing_pdb,False
Q6ZJJ1,,missing_pdb,False
Q6ZLL0,,missing_pdb,False
Q6ZMI0,,missing_pdb,False
Q6ZMN7,,missing_pdb,False
Q6ZMN8,,missing_pdb,False
Q6ZMS4,,missing_pdb,False
Q6ZMS7,,missing_pdb,False
Q6ZMV7,,missing_pdb,False
Q6ZMY6,,missing_pdb,False
Q6ZMZ3,,missing_pdb,False
Q6ZN04,,missing_pdb,False
Q6ZN18,,missing_pdb,False
Q6ZN30,,missing_pdb,False
Q6ZN32,,missing_pdb,False
Q6ZN54,,missing_pdb,False
Q6ZN54-4,,missing_pdb,False
Q6ZN55,,missing_pdb,False
Q6ZN96,,missing_pdb,False
Q6ZNA4,,missing_pdb,False
Q6ZNA5,,missing_pdb,False
Q6ZNB6,,missing_pdb,False
Q6ZNC4,,missing_pdb,False
Q6ZNE5,,missing_pdb,False
Q6ZNJ1,,missing_pdb,False
Q6ZNL6,,missing_pdb,False
Q6ZNQ3,,missing_pdb,False
Q6ZNW5,,missing_pdb,False
Q6ZP82,,missing_pdb,False
Q6ZPJ0,,missing_pdb,False
Q6ZPK7,,missing_pdb,False
Q6ZQH8,,missing_pdb,False
Q6ZQQ6,,missing_pdb,False
Q6ZQX7,,missing_pdb,False
Q6ZR08,,missing_pdb,False
Q6ZR52,,missing_pdb,False
Q6ZRI6,,missing_pdb,False
Q6ZRI8,,missing_pdb,False
Q6ZRQ5,,missing_pdb,False
Q6ZRR7,,missing_pdb,False
Q6ZRS2,,missing_pdb,False
Q6ZRV2,,missing_pdb,False
Q6ZS10,,missing_pdb,False
Q6ZS11,,missing_pdb,False
Q6ZS17,,missing_pdb,False
Q6ZSC3,,missing_pdb,False
Q6ZSR9,,missing_pdb,False
Q6ZSS3,,missing_pdb,False
Q6ZSX4,,missing_pdb,False
Q6ZSZ5,,missing_pdb,False
Q6ZT12-2,,missing_pdb,False
Q6ZT12-4,,missing_pdb,False
Q6ZT21,,missing_pdb,False
Q6ZTQ3,,missing_pdb,False
Q6ZTU2,,missing_pdb,False
Q6ZTW0,,missing_pdb,False
Q6ZU52,,missing_pdb,False
Q6ZU65,,missing_pdb,False
Q6ZU67,,missing_pdb,False
Q6ZU80,,missing_pdb,False
Q6ZUM4,,missing_pdb,False
Q6ZUS5,,missing_pdb,False
Q6ZUT3,,missing_pdb,False
Q6ZUX3,,missing_pdb,False
Q6ZUX7,,missing_pdb,False
Q6ZUX8,,missing_pdb,False
Q6ZV73,,missing_pdb,False
Q6ZVD7,,missing_pdb,False
Q6ZVD7-2,,missing_pdb,False
Q6ZVD7-3,,missing_pdb,False
Q6ZVD8,,missing_pdb,False
Q6ZVF9,,missing_pdb,False
Q6ZVH7,,missing_pdb,False
Q6ZVK8,,missing_pdb,False
Q6ZW31,,missing_pdb,False
Q6ZW49,,missing_pdb,False
Q6ZW61,,missing_pdb,False
Q6ZW76,,missing_pdb,False
Q6ZWE6,,missing_pdb,False
Q6ZWE6-3,,missing_pdb,False
Q6ZWH5,,missing_pdb,False
Q6ZWJ1,/data/ranran/my_ptm/croton/data/structure_pipeline/pdb/Q6ZWJ1.pdb,exact_sequence_match,True
Q6ZWK6,,missing_pdb,False
Q6ZWR6,,missing_pdb,False
Q6ZWT7,,missing_pdb,False
Q6ZXV5,/data/ranran/my_ptm/croton/data/structure_pipeline/pdb/Q6ZXV5.pdb,exact_sequence_match,True
Q702N8,,missing_pdb,False
Q709C8,,missing_pdb,False
Q709R6,,missing_pdb,False
Q70CQ4,,missing_pdb,False
Q70EK8,,missing_pdb,False
Q70EK9,,missing_pdb,False
Q70EL1,,missing_pdb,False
Q70EL1-4,,missing_pdb,False
Q70EL1-6,,missing_pdb,False
Q70EL1-8,,missing_pdb,False
Q70HW3,/data/ranran/my_ptm/croton/data/structure_pipeline/pdb/Q70HW3.pdb,exact_sequence_match,True
Q70J99-3,,missing_pdb,False
Q70Z53,/data/ranran/my_ptm/croton/data/structure_pipeline/pdb/Q70Z53.pdb,exact_sequence_match,True
Q710E6,,missing_pdb,False
Q71F23,,missing_pdb,False
Q71F54,,missing_pdb,False
Q71RG4,,missing_pdb,False
Q71SY5-4,,missing_pdb,False
Q71UI9-4,,missing_pdb,False
Q75G87,,missing_pdb,False
Q75GB1,,missing_pdb,False
Q75GS1,,missing_pdb,False
Q75HE5,,missing_pdb,False
Q75IC7,,missing_pdb,False
Q75IK7,,missing_pdb,False
Q75IV7,,missing_pdb,False
Q75K80,,missing_pdb,False
Q75K90,,missing_pdb,False
Q75KH3,,missing_pdb,False
Q75LF1,,missing_pdb,False
Q75LQ0,,missing_pdb,False
Q75LS8,,missing_pdb,False
Q75LV7,,missing_pdb,False
Q75MM6,,missing_pdb,False
Q75N03,,missing_pdb,False
Q75QN2,,missing_pdb,False
Q762A2,,missing_pdb,False
Q762A8,,missing_pdb,False
Q762B1,,missing_pdb,False
Q762B4,,missing_pdb,False
Q76E23,,missing_pdb,False
Q76FK4,,missing_pdb,False
Q76H82,,missing_pdb,False
Q76I76,,missing_pdb,False
Q76IC5,,missing_pdb,False
Q76KF0,,missing_pdb,False
Q76KP1,,missing_pdb,False
Q76M96,,missing_pdb,False
Q76N32,,missing_pdb,False
Q76N89,,missing_pdb,False
Q76NI1,,missing_pdb,False
Q78IK2,,missing_pdb,False
Q78IR3,,missing_pdb,False
Q78JT3,,missing_pdb,False
Q78JW9,,missing_pdb,False
Q78XF5,,missing_pdb,False
Q791T5,,missing_pdb,False
Q7EZD2,,missing_pdb,False
Q7F0R1,,missing_pdb,False
Q7F1C6,,missing_pdb,False
Q7F222,,missing_pdb,False
Q7F2I4,,missing_pdb,False
Q7F2L3,,missing_pdb,False
Q7F2Z1,,missing_pdb,False
Q7F441,,missing_pdb,False
Q7F4J3,,missing_pdb,False
Q7F7Z3,,missing_pdb,False
Q7F8R0,,missing_pdb,False
Q7F8T6,,missing_pdb,False
Q7F8T6-2,,missing_pdb,False
Q7F9B8,,missing_pdb,False
Q7FZR8,,missing_pdb,False
Q7G6N3,,missing_pdb,False
Q7JNE1,,missing_pdb,False
Q7JQH9,,missing_pdb,False
Q7JQU9,,missing_pdb,False
Q7JR52,,missing_pdb,False
Q7JRC3,,missing_pdb,False
Q7JRE1,,missing_pdb,False
Q7JRE4,,missing_pdb,False
Q7JRH2,,missing_pdb,False
Q7JRI4,,missing_pdb,False
Q7JUZ6,,missing_pdb,False
Q7JV70,,missing_pdb,False
Q7JVK8,,missing_pdb,False
Q7JVL3,,missing_pdb,False
Q7JW46,,missing_pdb,False
Q7JW66,,missing_pdb,False
Q7JWI7,,missing_pdb,False
Q7JWV7,,missing_pdb,False
Q7JXB9,,missing_pdb,False
Q7JXC4,,missing_pdb,False
Q7JXE1,,missing_pdb,False
Q7JXF5,,missing_pdb,False
Q7JXF7,,missing_pdb,False
Q7JY99,,missing_pdb,False
Q7K0D3,,missing_pdb,False
Q7K0D8,,missing_pdb,False
Q7K0I7,,missing_pdb,False
Q7K0P0,,missing_pdb,False
Q7K0Q2,,missing_pdb,False
Q7K0S5,,missing_pdb,False
Q7K0X9,,missing_pdb,False
Q7K130,,missing_pdb,False
Q7K180,,missing_pdb,False
Q7K1R6,,missing_pdb,False
Q7K1U0,,missing_pdb,False
Q7K2J4,,missing_pdb,False
Q7K2P3,,missing_pdb,False
Q7K332,,missing_pdb,False
Q7K3D4,,missing_pdb,False
Q7K3G2,,missing_pdb,False
Q7K3H0,,missing_pdb,False
Q7K3W2,,missing_pdb,False
Q7K3Z3,,missing_pdb,False
Q7K4B4,,missing_pdb,False
Q7K4G8,,missing_pdb,False
Q7K4I5,,missing_pdb,False
Q7K4J7,,missing_pdb,False
Q7K4L9,,missing_pdb,False
Q7K4Y0,,missing_pdb,False
Q7K4Z4,,missing_pdb,False
Q7K549,,missing_pdb,False
Q7K5K3,,missing_pdb,False
Q7K7A9,,missing_pdb,False
Q7K9H6,,missing_pdb,False
Q7KHK9,,missing_pdb,False
Q7KIN0,,missing_pdb,False
Q7KJA9,,missing_pdb,False
Q7KJV2,,missing_pdb,False
Q7KK54,,missing_pdb,False
Q7KLW9,,missing_pdb,False
Q7KM04,,missing_pdb,False
Q7KMS3,,missing_pdb,False
Q7KN61,,missing_pdb,False
Q7KN75,,missing_pdb,False
Q7KN83,,missing_pdb,False
Q7KNS5,,missing_pdb,False
Q7KPG8,,missing_pdb,False
Q7KQC4,,missing_pdb,False
Q7KQM6-2,,missing_pdb,False
Q7KQM8,,missing_pdb,False
Q7KRU8,,missing_pdb,False
Q7KRW8-6,,missing_pdb,False
Q7KS11,,missing_pdb,False
Q7KSB7,,missing_pdb,False
Q7KSQ0,,missing_pdb,False
Q7KTI7,,missing_pdb,False
Q7KTX7,,missing_pdb,False
Q7KTZ2,,missing_pdb,False
Q7KU01,,missing_pdb,False
Q7KU82,,missing_pdb,False
Q7KUA4,,missing_pdb,False
Q7KUM8,,missing_pdb,False
Q7KUZ1,,missing_pdb,False
Q7KV70,,missing_pdb,False
Q7KVD1,,missing_pdb,False
Q7KVN1,,missing_pdb,False
Q7KVP4,,missing_pdb,False
Q7KVQ0,,missing_pdb,False
Q7KVX5,,missing_pdb,False
Q7KW09,,missing_pdb,False
Q7KZ85-2,,missing_pdb,False
Q7KZ85-3,,missing_pdb,False
Q7KZN9,/data/ranran/my_ptm/croton/data/structure_pipeline/pdb/Q7KZN9.pdb,exact_sequence_match,True
Q7L0Y3,/data/ranran/my_ptm/croton/data/structure_pipeline/pdb/Q7L0Y3.pdb,exact_sequence_match,True
Q7L190,,missing_pdb,False
Q7L1T6,,missing_pdb,False
Q7L1V2,,missing_pdb,False
Q7L211,,missing_pdb,False
Q7L273,,missing_pdb,False
Q7L2H7-2,,missing_pdb,False
Q7L2J0,,missing_pdb,False
Q7L2K0,,missing_pdb,False
Q7L2Z9,,missing_pdb,False
Q7L311,,missing_pdb,False
Q7L3B6,/data/ranran/my_ptm/croton/data/structure_pipeline/pdb/Q7L3B6.pdb,exact_sequence_match,True
Q7L3S4,,missing_pdb,False
Q7L3V2,,missing_pdb,False
Q7L4I2,/data/ranran/my_ptm/croton/data/structure_pipeline/pdb/Q7L4I2.pdb,exact_sequence_match,True
Q7L4P6,,missing_pdb,False
Q7L576-2,,missing_pdb,False
Q7L576-3,,missing_pdb,False
Q7L592,/data/ranran/my_ptm/croton/data/structure_pipeline/pdb/Q7L592.pdb,exact_sequence_match,True
Q7L5D6,/data/ranran/my_ptm/croton/data/structure_pipeline/pdb/Q7L5D6.pdb,exact_sequence_match,True
Q7L5N7,,missing_pdb,False
Q7L5N7-2,,missing_pdb,False
Q7L5Y6,,missing_pdb,False
Q7L5Y9-5,,missing_pdb,False
Q7L775,,missing_pdb,False
Q7L8J4,,missing_pdb,False
Q7L8L6,,missing_pdb,False
Q7L8W6,,missing_pdb,False
Q7LBC6,/data/ranran/my_ptm/croton/data/structure_pipeline/pdb/Q7LBC6.pdb,exact_sequence_match,True
Q7LBC6-3,,missing_pdb,False
Q7LDG7,,missing_pdb,False
Q7LFL8,,missing_pdb,False
Q7LFX5,,missing_pdb,False
Q7LG56-5,,missing_pdb,False
Q7LGA3,,missing_pdb,False
Q7LGC8,,missing_pdb,False
Q7M4S9,,missing_pdb,False
Q7M6U3,,missing_pdb,False
Q7M6W1,,missing_pdb,False
Q7M6X3,,missing_pdb,False
Q7M6X4,,missing_pdb,False
Q7M724,,missing_pdb,False
Q7M729,,missing_pdb,False
Q7M750,,missing_pdb,False
Q7M753,,missing_pdb,False
Q7PLD0,,missing_pdb,False
Q7PLI7,,missing_pdb,False
Q7PLK0-2,,missing_pdb,False
Q7PLL1,,missing_pdb,False
Q7PLS1,,missing_pdb,False
Q7PLS8,,missing_pdb,False
Q7RTN6,,missing_pdb,False
Q7RTP6,,missing_pdb,False
Q7RTR2,,missing_pdb,False
Q7RTS1,,missing_pdb,False
Q7RTS3,,missing_pdb,False
Q7RTS9,,missing_pdb,False
Q7RTV3,,missing_pdb,False
Q7RTV5,,missing_pdb,False
Q7RTX7,,missing_pdb,False
Q7TMB7,,missing_pdb,False
Q7TMC8,,missing_pdb,False
Q7TMF3,,missing_pdb,False
Q7TMI3,,missing_pdb,False
Q7TML3,,missing_pdb,False
Q7TMS5,,missing_pdb,False
Q7TMZ1,,missing_pdb,False
Q7TN89,,missing_pdb,False
Q7TND5,,missing_pdb,False
Q7TNG8,,missing_pdb,False
Q7TNJ5,,missing_pdb,False
Q7TNM2,,missing_pdb,False
Q7TNS5,,missing_pdb,False
Q7TNV0,,missing_pdb,False
Q7TP40,,missing_pdb,False
Q7TP58,,missing_pdb,False
Q7TP92,,missing_pdb,False
Q7TP98,,missing_pdb,False
Q7TPA1,,missing_pdb,False
Q7TPM5,,missing_pdb,False
Q7TPS0,,missing_pdb,False
Q7TPV4,,missing_pdb,False
Q7TQ39,,missing_pdb,False
Q7TQ48,,missing_pdb,False
Q7TQD2,,missing_pdb,False
Q7TQF2,,missing_pdb,False
Q7TSS2,,missing_pdb,False
Q7TT18,,missing_pdb,False
Q7TT23,,missing_pdb,False
Q7TT45,,missing_pdb,False
Q7X7L3,,missing_pdb,False
Q7X7V8,,missing_pdb,False
Q7X905,,missing_pdb,False
Q7X993,,missing_pdb,False
Q7X994,,missing_pdb,False
Q7XA66,,missing_pdb,False
Q7XA68,,missing_pdb,False
Q7XAL6,,missing_pdb,False
Q7XBQ8,,missing_pdb,False
Q7XCM9,,missing_pdb,False
Q7XE52,,missing_pdb,False
Q7XI08,,missing_pdb,False
Q7XI72,,missing_pdb,False
Q7XII4,,missing_pdb,False
Q7XIU5,,missing_pdb,False
Q7XJ13,,missing_pdb,False
Q7XJK7,,missing_pdb,False
Q7XJL2,,missing_pdb,False
Q7XJW7,,missing_pdb,False
Q7XK58,,missing_pdb,False
Q7XKA8,,missing_pdb,False
Q7XL87,,missing_pdb,False
Q7XLC9,,missing_pdb,False
Q7XM26,,missing_pdb,False
Q7XM32,,missing_pdb,False
Q7XMG4,,missing_pdb,False
Q7XMZ4,,missing_pdb,False
Q7XP61,,missing_pdb,False
Q7XPL0,,missing_pdb,False
Q7XQ97,,missing_pdb,False
Q7XQQ4,,missing_pdb,False
Q7XQQ8,,missing_pdb,False
Q7XQU7,,missing_pdb,False
Q7XQZ6,,missing_pdb,False
Q7XR61,,missing_pdb,False
Q7XRU4,,missing_pdb,False
Q7XRZ6,,missing_pdb,False
Q7XS71,,missing_pdb,False
Q7XSQ4,,missing_pdb,False
Q7XSV4,,missing_pdb,False
Q7XT71,,missing_pdb,False
Q7XTP4,,missing_pdb,False
Q7XTQ7,,missing_pdb,False
Q7XUT2,,missing_pdb,False
Q7XUZ4,,missing_pdb,False
Q7XVG2,,missing_pdb,False
Q7XXR1,,missing_pdb,False
Q7XZH7,,missing_pdb,False
Q7Y007,,missing_pdb,False
Q7Y014,,missing_pdb,False
Q7Y0F2,,missing_pdb,False
Q7Y139,,missing_pdb,False
Q7YU24,,missing_pdb,False
Q7YU60,,missing_pdb,False
Q7YU67,,missing_pdb,False
Q7YZ90,,missing_pdb,False
Q7YZA0,,missing_pdb,False
Q7Z2E3,,missing_pdb,False
Q7Z2K6,/data/ranran/my_ptm/croton/data/structure_pipeline/pdb/Q7Z2K6.pdb,exact_sequence_match,True
Q7Z2Q7,,missing_pdb,False
Q7Z2T5,/data/ranran/my_ptm/croton/data/structure_pipeline/pdb/Q7Z2T5.pdb,exact_sequence_match,True
Q7Z2W9,/data/ranran/my_ptm/croton/data/structure_pipeline/pdb/Q7Z2W9.pdb,exact_sequence_match,True
Q7Z2Z1,,missing_pdb,False
Q7Z304,,missing_pdb,False
Q7Z309,,missing_pdb,False
Q7Z319,,missing_pdb,False
Q7Z333-4,,missing_pdb,False
Q7Z340-3,,missing_pdb,False
Q7Z388,,missing_pdb,False
Q7Z3B0,,missing_pdb,False
Q7Z3B1,,missing_pdb,False
Q7Z3B3,,missing_pdb,False
Q7Z3B4,/data/ranran/my_ptm/croton/data/structure_pipeline/pdb/Q7Z3B4.pdb,exact_sequence_match,True
Q7Z3C6-3,,missing_pdb,False
Q7Z3D4,,missing_pdb,False
Q7Z3D6,,missing_pdb,False
Q7Z3E1,,missing_pdb,False
Q7Z3E2,/data/ranran/my_ptm/croton/data/structure_pipeline/pdb/Q7Z3E2.pdb,exact_sequence_match,True
Q7Z3E5,,missing_pdb,False
Q7Z3G6,,missing_pdb,False
Q7Z3H1,,missing_pdb,False
Q7Z3H3,,missing_pdb,False
Q7Z3I7,,missing_pdb,False
Q7Z3J2,,missing_pdb,False
Q7Z3K3,/data/ranran/my_ptm/croton/data/structure_pipeline/pdb/Q7Z3K3.pdb,exact_sequence_match,True
Q7Z3K6,,missing_pdb,False
Q7Z3T8-3,,missing_pdb,False
Q7Z3U7,/data/ranran/my_ptm/croton/data/structure_pipeline/pdb/Q7Z3U7.pdb,exact_sequence_match,True
Q7Z403,,missing_pdb,False
Q7Z403-2,,missing_pdb,False
Q7Z412,,missing_pdb,False
Q7Z417,/data/ranran/my_ptm/croton/data/structure_pipeline/pdb/Q7Z417.pdb,exact_sequence_match,True
Q7Z422,,missing_pdb,False
Q7Z434,,missing_pdb,False
Q7Z442,,missing_pdb,False
Q7Z460,/data/ranran/my_ptm/croton/data/structure_pipeline/pdb/Q7Z460.pdb,exact_sequence_match,True
Q7Z494,,missing_pdb,False
Q7Z4H3,,missing_pdb,False
Q7Z4H7,/data/ranran/my_ptm/croton/data/structure_pipeline/pdb/Q7Z4H7.pdb,exact_sequence_match,True
Q7Z4H7-2,,missing_pdb,False
Q7Z4H8,/data/ranran/my_ptm/croton/data/structure_pipeline/pdb/Q7Z4H8.pdb,exact_sequence_match,True
Q7Z4I7,/data/ranran/my_ptm/croton/data/structure_pipeline/pdb/Q7Z4I7.pdb,exact_sequence_match,True
Q7Z4L9,,missing_pdb,False
Q7Z4Q2,/data/ranran/my_ptm/croton/data/structure_pipeline/pdb/Q7Z4Q2.pdb,exact_sequence_match,True
Q7Z4R8,,missing_pdb,False
Q7Z4S6,/data/ranran/my_ptm/croton/data/structure_pipeline/pdb/Q7Z4S6.pdb,exact_sequence_match,True
Q7Z4T8,,missing_pdb,False
Q7Z4T9,,missing_pdb,False
Q7Z4V0,,missing_pdb,False
Q7Z4V5,/data/ranran/my_ptm/croton/data/structure_pipeline/pdb/Q7Z4V5.pdb,exact_sequence_match,True
Q7Z553,,missing_pdb,False
Q7Z569,/data/ranran/my_ptm/croton/data/structure_pipeline/pdb/Q7Z569.pdb,exact_sequence_match,True
Q7Z589,,missing_pdb,False
Q7Z591,,missing_pdb,False
Q7Z5B4,,missing_pdb,False
Q7Z5H3,,missing_pdb,False
Q7Z5J4,,missing_pdb,False
Q7Z5J4-4,,missing_pdb,False
Q7Z5L2,,missing_pdb,False
Q7Z5Q5,,missing_pdb,False
Q7Z5U6,,missing_pdb,False
Q7Z5V6,,missing_pdb,False
Q7Z5W3,,missing_pdb,False
Q7Z624,,missing_pdb,False
Q7Z628,,missing_pdb,False
Q7Z674,,missing_pdb,False
Q7Z695,,missing_pdb,False
Q7Z699,,missing_pdb,False
Q7Z6B0,/data/ranran/my_ptm/croton/data/structure_pipeline/pdb/Q7Z6B0.pdb,exact_sequence_match,True
Q7Z6E9,/data/ranran/my_ptm/croton/data/structure_pipeline/pdb/Q7Z6E9.pdb,exact_sequence_match,True
Q7Z6I6,,missing_pdb,False
Q7Z6I8,,missing_pdb,False
Q7Z6J2,,missing_pdb,False
Q7Z6J8,,missing_pdb,False
Q7Z6J9,,missing_pdb,False
Q7Z6J9-2,,missing_pdb,False
Q7Z6K1,,missing_pdb,False
Q7Z6K3,,missing_pdb,False
Q7Z6K5,,missing_pdb,False
Q7Z6M1,/data/ranran/my_ptm/croton/data/structure_pipeline/pdb/Q7Z6M1.pdb,exact_sequence_match,True
Q7Z6M2,,missing_pdb,False
Q7Z6M4,,missing_pdb,False
Q7Z6V2,,missing_pdb,False
Q7Z6V3,,missing_pdb,False
Q7Z6V5,,missing_pdb,False
Q7Z6W1,,missing_pdb,False
Q7Z713,,missing_pdb,False
Q7Z736-4,,missing_pdb,False
Q7Z739,/data/ranran/my_ptm/croton/data/structure_pipeline/pdb/Q7Z739.pdb,exact_sequence_match,True
Q7Z745,,missing_pdb,False
Q7Z773,,missing_pdb,False
Q7Z7A1,/data/ranran/my_ptm/croton/data/structure_pipeline/pdb/Q7Z7A1.pdb,exact_sequence_match,True
Q7Z7A3,,missing_pdb,False
Q7Z7B1,,missing_pdb,False
Q7Z7G1,,missing_pdb,False
Q7Z7G8,,missing_pdb,False
Q7Z7G8-3,,missing_pdb,False
Q7Z7G8-4,,missing_pdb,False
Q7Z7H5-3,,missing_pdb,False
Q7Z7H8,,missing_pdb,False
Q7Z7K0,/data/ranran/my_ptm/croton/data/structure_pipeline/pdb/Q7Z7K0.pdb,exact_sequence_match,True
Q7Z7K6,/data/ranran/my_ptm/croton/data/structure_pipeline/pdb/Q7Z7K6.pdb,exact_sequence_match,True
Q7Z7L8,,missing_pdb,False
Q7Z7M9,,missing_pdb,False
Q80T85,,missing_pdb,False
Q80TJ1-2,,missing_pdb,False
Q80TL4,,missing_pdb,False
Q80TM9,,missing_pdb,False
Q80TS3,,missing_pdb,False
Q80TT8,,missing_pdb,False
Q80TZ3,,missing_pdb,False
Q80U19,,missing_pdb,False
Q80U23,,missing_pdb,False
Q80U70,,missing_pdb,False
Q80UG1,,missing_pdb,False
Q80UK0,,missing_pdb,False
Q80UW2,,missing_pdb,False
Q80UY2,,missing_pdb,False
Q80V03,,missing_pdb,False
Q80V72,,missing_pdb,False
Q80V91,,missing_pdb,False
Q80VC9,,missing_pdb,False
Q80VM5,,missing_pdb,False
Q80VP0,,missing_pdb,False
Q80VQ1,,missing_pdb,False
Q80VT5,,missing_pdb,False
Q80W68,,missing_pdb,False
Q80WB0,,missing_pdb,False
Q80WL1,,missing_pdb,False
Q80WW9,,missing_pdb,False
Q80X52,,missing_pdb,False
Q80X60,,missing_pdb,False
Q80X82,,missing_pdb,False
Q80XB4,,missing_pdb,False
Q80XF7,,missing_pdb,False
Q80XQ2,,missing_pdb,False
Q80XZ4,,missing_pdb,False
Q80Y81,,missing_pdb,False
Q80Y82,,missing_pdb,False
Q80YA3,,missing_pdb,False
Q80YA9,,missing_pdb,False
Q80YD3,,missing_pdb,False
Q80YE7,,missing_pdb,False
Q80YN3,,missing_pdb,False
Q80YR3,,missing_pdb,False
Q80YR4,,missing_pdb,False
Q80YT5,,missing_pdb,False
Q80YV4,,missing_pdb,False
Q80Z25,,missing_pdb,False
Q80Z38,,missing_pdb,False
Q80Z64,,missing_pdb,False
Q80ZJ6,,missing_pdb,False
Q80ZK9,,missing_pdb,False
Q80ZX2,,missing_pdb,False
Q810A1,,missing_pdb,False
Q810B6,,missing_pdb,False
Q810I0,,missing_pdb,False
Q810J8,,missing_pdb,False
Q810M5,,missing_pdb,False
Q811V6,,missing_pdb,False
Q84JE8,,missing_pdb,False
Q84JF2,,missing_pdb,False
Q84JF7,,missing_pdb,False
Q84JL6,,missing_pdb,False
Q84JU4,,missing_pdb,False
Q84JZ8,,missing_pdb,False
Q84K35,,missing_pdb,False
Q84K41,,missing_pdb,False
Q84L14,,missing_pdb,False
Q84LK0,,missing_pdb,False
Q84M91,,missing_pdb,False
Q84M94,,missing_pdb,False
Q84MQ0,,missing_pdb,False
Q84MZ4,,missing_pdb,False
Q84P90,,missing_pdb,False
Q84PC4,,missing_pdb,False
Q84Q74,,missing_pdb,False
Q84Q83,,missing_pdb,False
Q84QA5,,missing_pdb,False
Q84T92,,missing_pdb,False
Q84TI6,,missing_pdb,False
Q84UI5,,missing_pdb,False
Q84V03,,missing_pdb,False
Q84VB1,,missing_pdb,False
Q84VB5,,missing_pdb,False
Q84VF1,,missing_pdb,False
Q84VF8,,missing_pdb,False
Q84VG1,,missing_pdb,False
Q84W56,,missing_pdb,False
Q84WM0,,missing_pdb,False
Q84WV7,,missing_pdb,False
Q84XU2,,missing_pdb,False
Q84YK8,,missing_pdb,False
Q84ZL0,,missing_pdb,False
Q851D7,,missing_pdb,False
Q852L2,,missing_pdb,False
Q861S1,,missing_pdb,False
Q865Y9,,missing_pdb,False
Q867B9,,missing_pdb,False
Q867Z4-2,,missing_pdb,False
Q86B44,,missing_pdb,False
Q86BA5,,missing_pdb,False
Q86BB4,,missing_pdb,False
Q86BG6,,missing_pdb,False
Q86BM5,,missing_pdb,False
Q86BP3,,missing_pdb,False
Q86BS3,,missing_pdb,False
Q86BY9,,missing_pdb,False
Q86P32,,missing_pdb,False
Q86SF2,/data/ranran/my_ptm/croton/data/structure_pipeline/pdb/Q86SF2.pdb,exact_sequence_match,True
Q86SG3,,missing_pdb,False
Q86SG6,,missing_pdb,False
Q86SH2,,missing_pdb,False
Q86SJ2,,missing_pdb,False
Q86SK9-2,,missing_pdb,False
Q86SQ4,,missing_pdb,False
Q86SQ7,,missing_pdb,False
Q86SQ9-2,,missing_pdb,False
Q86SR1,,missing_pdb,False
Q86SW4,,missing_pdb,False
Q86SX3,,missing_pdb,False
Q86SY2,,missing_pdb,False
Q86T24,,missing_pdb,False
Q86T90,,missing_pdb,False
Q86TB3,,missing_pdb,False
Q86TB9,/data/ranran/my_ptm/croton/data/structure_pipeline/pdb/Q86TB9.pdb,exact_sequence_match,True
Q86TE4,,missing_pdb,False
Q86TG7,,missing_pdb,False
Q86TJ2,,missing_pdb,False
Q86TL0,,missing_pdb,False
Q86TL2,,missing_pdb,False
Q86TM6,,missing_pdb,False
Q86TN4,,missing_pdb,False
Q86TP1,,missing_pdb,False
Q86TS9,,missing_pdb,False
Q86TU7,/data/ranran/my_ptm/croton/data/structure_pipeline/pdb/Q86TU7.pdb,exact_sequence_match,True
Q86U06,,missing_pdb,False
Q86U06-3,,missing_pdb,False
Q86U38,,missing_pdb,False
Q86U44,/data/ranran/my_ptm/croton/data/structure_pipeline/pdb/Q86U44.pdb,exact_sequence_match,True
Q86U86,,missing_pdb,False
Q86U86-6,,missing_pdb,False
Q86U90,,missing_pdb,False
Q86UA1,,missing_pdb,False
Q86UA6,,missing_pdb,False
Q86UA6-2,,missing_pdb,False
Q86UA6-7,,missing_pdb,False
Q86UB9,,missing_pdb,False
Q86UC2,,missing_pdb,False
Q86UD0,/data/ranran/my_ptm/croton/data/structure_pipeline/pdb/Q86UD0.pdb,exact_sequence_match,True
Q86UD4,,missing_pdb,False
Q86UD5,,missing_pdb,False
Q86UE4,/data/ranran/my_ptm/croton/data/structure_pipeline/pdb/Q86UE4.pdb,exact_sequence_match,True
Q86UE8,/data/ranran/my_ptm/croton/data/structure_pipeline/pdb/Q86UE8.pdb,exact_sequence_match,True
Q86UF4,,missing_pdb,False
Q86UK0,,missing_pdb,False
Q86UL3,,missing_pdb,False
Q86UN2,,missing_pdb,False
Q86UP2,/data/ranran/my_ptm/croton/data/structure_pipeline/pdb/Q86UP2.pdb,exact_sequence_match,True
Q86UQ8,,missing_pdb,False
Q86UR5,,missing_pdb,False
Q86US5,,missing_pdb,False
Q86US8,,missing_pdb,False
Q86UU0,,missing_pdb,False
Q86UU1,,missing_pdb,False
Q86UV5-3,,missing_pdb,False
Q86UV5-6,,missing_pdb,False
Q86UV5-7,,missing_pdb,False
Q86UW6,,missing_pdb,False
Q86UW9,,missing_pdb,False
Q86UX6-2,,missing_pdb,False
Q86UY5,,missing_pdb,False
Q86UY6,,missing_pdb,False
Q86UY8,,missing_pdb,False
Q86V15,,missing_pdb,False
Q86V20-2,,missing_pdb,False
Q86V21,/data/ranran/my_ptm/croton/data/structure_pipeline/pdb/Q86V21.pdb,exact_sequence_match,True
Q86V24,,missing_pdb,False
Q86V48,/data/ranran/my_ptm/croton/data/structure_pipeline/pdb/Q86V48.pdb,exact_sequence_match,True
Q86V59,,missing_pdb,False
Q86V85,,missing_pdb,False
Q86V86,,missing_pdb,False
Q86VG3,,missing_pdb,False
Q86VH2,,missing_pdb,False
Q86VI4,,missing_pdb,False
Q86VK4,,missing_pdb,False
Q86VM9,/data/ranran/my_ptm/croton/data/structure_pipeline/pdb/Q86VM9.pdb,exact_sequence_match,True
Q86VP1-3,,missing_pdb,False
Q86VR7,,missing_pdb,False
Q86VU5,/data/ranran/my_ptm/croton/data/structure_pipeline/pdb/Q86VU5.pdb,exact_sequence_match,True
Q86VV8,,missing_pdb,False
Q86VX2,,missing_pdb,False
Q86VX9,,missing_pdb,False
Q86VZ4,,missing_pdb,False
Q86VZ6,,missing_pdb,False
Q86W24,,missing_pdb,False
Q86W33,,missing_pdb,False
Q86W34,,missing_pdb,False
Q86W42,,missing_pdb,False
Q86W50,/data/ranran/my_ptm/croton/data/structure_pipeline/pdb/Q86W50.pdb,exact_sequence_match,True
Q86W54,,missing_pdb,False
Q86W56,,missing_pdb,False
Q86W74-1,,missing_pdb,False
Q86W75,,missing_pdb,False
Q86W92,/data/ranran/my_ptm/croton/data/structure_pipeline/pdb/Q86W92.pdb,exact_sequence_match,True
Q86W92-5,,missing_pdb,False
Q86WA6,,missing_pdb,False
Q86WA8,/data/ranran/my_ptm/croton/data/structure_pipeline/pdb/Q86WA8.pdb,exact_sequence_match,True
Q86WA9,,missing_pdb,False
Q86WB0,/data/ranran/my_ptm/croton/data/structure_pipeline/pdb/Q86WB0.pdb,exact_sequence_match,True
Q86WH2,,missing_pdb,False
Q86WJ1,/data/ranran/my_ptm/croton/data/structure_pipeline/pdb/Q86WJ1.pdb,exact_sequence_match,True
Q86WK9,,missing_pdb,False
Q86WR6,,missing_pdb,False
Q86WR7,,missing_pdb,False
Q86WT1,,missing_pdb,False
Q86WV2,,missing_pdb,False
Q86WV6,,missing_pdb,False
Q86WV7,,missing_pdb,False
Q86WV8,,missing_pdb,False
Q86WW8,,missing_pdb,False
Q86WX3,,missing_pdb,False
Q86X02,,missing_pdb,False
Q86X10,/data/ranran/my_ptm/croton/data/structure_pipeline/pdb/Q86X10.pdb,exact_sequence_match,True
Q86X40,,missing_pdb,False
Q86X53,,missing_pdb,False
Q86X55-2,,missing_pdb,False
Q86X76,,missing_pdb,False
Q86X83,,missing_pdb,False
Q86X95,,missing_pdb,False
Q86XA0,,missing_pdb,False
Q86XC5,,missing_pdb,False
Q86XD8,,missing_pdb,False
Q86XE0-2,,missing_pdb,False
Q86XI2-2,,missing_pdb,False
Q86XI8,,missing_pdb,False
Q86XJ1,,missing_pdb,False
Q86XK2-5,,missing_pdb,False
Q86XK3,,missing_pdb,False
Q86XL3,,missing_pdb,False
Q86XL3-2,,missing_pdb,False
Q86XN7,,missing_pdb,False
Q86XP3,/data/ranran/my_ptm/croton/data/structure_pipeline/pdb/Q86XP3.pdb,exact_sequence_match,True
Q86XR7-2,,missing_pdb,False
Q86XR8,,missing_pdb,False
Q86XR8-3,,missing_pdb,False
Q86XT9,,missing_pdb,False
Q86XX4,,missing_pdb,False
Q86Y07,,missing_pdb,False
Q86Y07-2,,missing_pdb,False
Q86Y13,,missing_pdb,False
Q86Y13-2,,missing_pdb,False
Q86Y26,,missing_pdb,False
Q86Y39,,missing_pdb,False
Q86Y39-2,,missing_pdb,False
Q86Y46-2,,missing_pdb,False
Q86Y56,/data/ranran/my_ptm/croton/data/structure_pipeline/pdb/Q86Y56.pdb,exact_sequence_match,True
Q86Y97,,missing_pdb,False
Q86YA3,,missing_pdb,False
Q86YA6,,missing_pdb,False
Q86YC2,,missing_pdb,False
Q86YC3,,missing_pdb,False
Q86YD1,,missing_pdb,False
Q86YF9,,missing_pdb,False
Q86YG4,,missing_pdb,False
Q86YH6,,missing_pdb,False
Q86YI8,,missing_pdb,False
Q86YJ5,,missing_pdb,False
Q86YJ7,,missing_pdb,False
Q86YN1,,missing_pdb,False
Q86YN6,,missing_pdb,False
Q86YP4,/data/ranran/my_ptm/croton/data/structure_pipeline/pdb/Q86YP4.pdb,exact_sequence_match,True
Q86YR5-3,,missing_pdb,False
Q86YR6,,missing_pdb,False
Q86YS3,,missing_pdb,False
Q86YV0,,missing_pdb,False
Q86YV9,,missing_pdb,False
Q86Z02-3,,missing_pdb,False
Q86Z14,,missing_pdb,False
Q86Z20,,missing_pdb,False
Q86Z23,,missing_pdb,False
Q86ZR7,,missing_pdb,False
Q876Q0,,missing_pdb,False
Q8BFT9,,missing_pdb,False
Q8BFU3-4,,missing_pdb,False
Q8BFW7,,missing_pdb,False
Q8BFX1,,missing_pdb,False
Q8BFX3,,missing_pdb,False
Q8BG20,,missing_pdb,False
Q8BG40,,missing_pdb,False
Q8BG47,,missing_pdb,False
Q8BG54,,missing_pdb,False
Q8BGA3,,missing_pdb,False
Q8BGB2,,missing_pdb,False
Q8BGB5,,missing_pdb,False
Q8BGC0,,missing_pdb,False
Q8BGC4,,missing_pdb,False
Q8BGE9,,missing_pdb,False
Q8BGF3,,missing_pdb,False
Q8BGH2,,missing_pdb,False
Q8BGH4,,missing_pdb,False
Q8BGI1,,missing_pdb,False
Q8BGR2,,missing_pdb,False
Q8BGR6,,missing_pdb,False
Q8BGR9,,missing_pdb,False
Q8BGT1,,missing_pdb,False
Q8BGT8,,missing_pdb,False
Q8BGY9,,missing_pdb,False
Q8BH27,,missing_pdb,False
Q8BH48,,missing_pdb,False
Q8BH52,,missing_pdb,False
Q8BH60,,missing_pdb,False
Q8BH73,,missing_pdb,False
Q8BH74,,missing_pdb,False
Q8BH83,,missing_pdb,False
Q8BHA3,,missing_pdb,False
Q8BHG1,,missing_pdb,False
Q8BHH8,,missing_pdb,False
Q8BHK2,,missing_pdb,False
Q8BHL5,,missing_pdb,False
Q8BHN5,,missing_pdb,False
Q8BHX3,,missing_pdb,False
Q8BHY8,,missing_pdb,False
Q8BHZ5,,missing_pdb,False
Q8BI21,,missing_pdb,False
Q8BI84,,missing_pdb,False
Q8BID6,,missing_pdb,False
Q8BIG4,,missing_pdb,False
Q8BIJ6,,missing_pdb,False
Q8BIJ7,,missing_pdb,False
Q8BIL5,,missing_pdb,False
Q8BIX3,,missing_pdb,False
Q8BJ38,,missing_pdb,False
Q8BJD1,,missing_pdb,False
Q8BJL1,,missing_pdb,False
Q8BJS4,,missing_pdb,False
Q8BJY7,,missing_pdb,False
Q8BK30,,missing_pdb,False
Q8BK35,,missing_pdb,False
Q8BK80,,missing_pdb,False
Q8BKE9,,missing_pdb,False
Q8BKR5,,missing_pdb,False
Q8BLE7,,missing_pdb,False
Q8BLH7,,missing_pdb,False
Q8BLN6,,missing_pdb,False
Q8BLV3,,missing_pdb,False
Q8BLX9,,missing_pdb,False
Q8BM41,,missing_pdb,False
Q8BMC0,,missing_pdb,False
Q8BMI0,,missing_pdb,False
Q8BMJ7,,missing_pdb,False
Q8BND3,,missing_pdb,False
Q8BNE1,,missing_pdb,False
Q8BNJ3,,missing_pdb,False
Q8BNX1,,missing_pdb,False
Q8BP27,,missing_pdb,False
Q8BP31,,missing_pdb,False
Q8BP40,,missing_pdb,False
Q8BP71,,missing_pdb,False
Q8BQP9,,missing_pdb,False
Q8BR13,,missing_pdb,False
Q8BRG8,,missing_pdb,False
Q8BS35,,missing_pdb,False
Q8BSM6,,missing_pdb,False
Q8BSP2,,missing_pdb,False
Q8BT35,,missing_pdb,False
Q8BTI7,,missing_pdb,False
Q8BTU1,,missing_pdb,False
Q8BTV2,,missing_pdb,False
Q8BTY8,,missing_pdb,False
Q8BU04,,missing_pdb,False
Q8BU85,,missing_pdb,False
Q8BUE4,,missing_pdb,False
Q8BUV8,,missing_pdb,False
Q8BUZ3,,missing_pdb,False
Q8BV79,,missing_pdb,False
Q8BVA2,,missing_pdb,False
Q8BVA5,,missing_pdb,False
Q8BVF7,,missing_pdb,False
Q8BVI5,,missing_pdb,False
Q8BVP2,,missing_pdb,False
Q8BVQ5,,missing_pdb,False
Q8BVT3,,missing_pdb,False
Q8BVU5,,missing_pdb,False
Q8BVV7,,missing_pdb,False
Q8BVZ1,,missing_pdb,False
Q8BW35,,missing_pdb,False
Q8BW70,,missing_pdb,False
Q8BWP5,,missing_pdb,False
Q8BWR4,,missing_pdb,False
Q8BWR8,,missing_pdb,False
Q8BWY7,,missing_pdb,False
Q8BX05,,missing_pdb,False
Q8BX57,,missing_pdb,False
Q8BXB3,,missing_pdb,False
Q8BXR1,,missing_pdb,False
Q8BXR9,,missing_pdb,False
Q8BXZ1,,missing_pdb,False
Q8BY87,,missing_pdb,False
Q8BYI8,,missing_pdb,False
Q8BYR8,,missing_pdb,False
Q8BZ20,,missing_pdb,False
Q8BZ82,,missing_pdb,False
Q8BZF2,,missing_pdb,False
Q8BZQ7,,missing_pdb,False
Q8C008,,missing_pdb,False
Q8C0D5,,missing_pdb,False
Q8C0M0,,missing_pdb,False
Q8C0M9,,missing_pdb,False
Q8C0Z1,,missing_pdb,False
Q8C1E7,,missing_pdb,False
Q8C1T8,,missing_pdb,False
Q8C1Z7,,missing_pdb,False
Q8C262,,missing_pdb,False
Q8C2Q3,,missing_pdb,False
Q8C3Q9,,missing_pdb,False
Q8C494,,missing_pdb,False
Q8C4V4,,missing_pdb,False
Q8C4X7,,missing_pdb,False
Q8C4Y3,,missing_pdb,False
Q8C581,,missing_pdb,False
Q8C5H8,,missing_pdb,False
Q8C5I2,,missing_pdb,False
Q8C5N5,,missing_pdb,False
Q8C5P5,,missing_pdb,False
Q8C5U9,,missing_pdb,False
Q8C5W0,,missing_pdb,False
Q8C633,,missing_pdb,False
Q8C6H0,,missing_pdb,False
Q8C6P8,,missing_pdb,False
Q8C726,,missing_pdb,False
Q8C729-2,,missing_pdb,False
Q8C782,,missing_pdb,False
Q8C7E7,,missing_pdb,False
Q8C7E9,,missing_pdb,False
Q8C7G5,,missing_pdb,False
Q8C7X2,,missing_pdb,False
Q8C827,,missing_pdb,False
Q8C845,,missing_pdb,False
Q8C8M1,,missing_pdb,False
Q8C8N2,,missing_pdb,False
Q8C8T8,,missing_pdb,False
Q8C963,,missing_pdb,False
Q8CA95,,missing_pdb,False
Q8CAS9,,missing_pdb,False
Q8CB44,,missing_pdb,False
Q8CBB9,,missing_pdb,False
Q8CBD0,,missing_pdb,False
Q8CBE3,,missing_pdb,False
Q8CBR1,,missing_pdb,False
Q8CBR6,,missing_pdb,False
Q8CBW4,,missing_pdb,False
Q8CBW7,,missing_pdb,False
Q8CCH7,,missing_pdb,False
Q8CCI5,,missing_pdb,False
Q8CCK9,,missing_pdb,False
Q8CD15,,missing_pdb,False
Q8CD92,,missing_pdb,False
Q8CDI3,,missing_pdb,False
Q8CDI7,,missing_pdb,False
Q8CE33,,missing_pdb,False
Q8CE46,,missing_pdb,False
Q8CE90,,missing_pdb,False
Q8CEB6,,missing_pdb,False
Q8CEC0,,missing_pdb,False
Q8CEC6,,missing_pdb,False
Q8CEQ9,,missing_pdb,False
Q8CEW7,,missing_pdb,False
Q8CF11,,missing_pdb,False
Q8CFC2,,missing_pdb,False
Q8CFE4,,missing_pdb,False
Q8CFE8,,missing_pdb,False
Q8CFI0,,missing_pdb,False
Q8CFT2,,missing_pdb,False
Q8CFU8,,missing_pdb,False
Q8CFV4,,missing_pdb,False
Q8CG46,,missing_pdb,False
Q8CGF1,,missing_pdb,False
Q8CGF5,,missing_pdb,False
Q8CGF7,,missing_pdb,False
Q8CGN4,,missing_pdb,False
Q8CGN5,,missing_pdb,False
Q8CGU1,,missing_pdb,False
Q8CGZ0,,missing_pdb,False
Q8CH19,,missing_pdb,False
Q8CHD8,,missing_pdb,False
Q8CHQ9,,missing_pdb,False
Q8CHS8,,missing_pdb,False
Q8CHT1,,missing_pdb,False
Q8CHY7,,missing_pdb,False
Q8CI15,,missing_pdb,False
Q8CI71,,missing_pdb,False
Q8CIA7,,missing_pdb,False
Q8CIB6,,missing_pdb,False
Q8CIG3,,missing_pdb,False
Q8CIQ7,,missing_pdb,False
Q8CJ96,,missing_pdb,False
Q8CJI4,,missing_pdb,False
Q8GRX2,,missing_pdb,False
Q8GUG7,,missing_pdb,False
Q8GUN2,,missing_pdb,False
Q8GW48,,missing_pdb,False
Q8GW91,,missing_pdb,False
Q8GWJ3,,missing_pdb,False
Q8GWK1,,missing_pdb,False
Q8GWP1,,missing_pdb,False
Q8GWP4,,missing_pdb,False
Q8GWS7,,missing_pdb,False
Q8GWY0,,missing_pdb,False
Q8GX17,,missing_pdb,False
Q8GX81,,missing_pdb,False
Q8GXC5,,missing_pdb,False
Q8GXD2,,missing_pdb,False
Q8GXF7,,missing_pdb,False
Q8GXG0,,missing_pdb,False
Q8GXH5,,missing_pdb,False
Q8GXN9,,missing_pdb,False
Q8GXS6,,missing_pdb,False
Q8GXU7,,missing_pdb,False
Q8GXW6,,missing_pdb,False
Q8GYC9,,missing_pdb,False
Q8GYF7,,missing_pdb,False
Q8GYF9,,missing_pdb,False
Q8GYN5,,missing_pdb,False
Q8GYP3,,missing_pdb,False
Q8GZ22,,missing_pdb,False
Q8GZ43,,missing_pdb,False
Q8GZ92,,missing_pdb,False
Q8GZQ3,,missing_pdb,False
Q8GZZ4,,missing_pdb,False
Q8GZZ8,,missing_pdb,False
Q8H0X5,,missing_pdb,False
Q8H0Y9,,missing_pdb,False
Q8H0Z0,,missing_pdb,False
Q8H107,,missing_pdb,False
Q8H1D4,,missing_pdb,False
Q8H350,,missing_pdb,False
Q8H4G2,,missing_pdb,False
Q8H4L3,,missing_pdb,False
Q8H7L2,,missing_pdb,False
Q8H7N1,,missing_pdb,False
Q8H7Q7,,missing_pdb,False
Q8H807,,missing_pdb,False
Q8H8U3,,missing_pdb,False
Q8H8V7,,missing_pdb,False
Q8I077,,missing_pdb,False
Q8I0C2,,missing_pdb,False
Q8I0I5,,missing_pdb,False
Q8IG88,,missing_pdb,False
Q8IGY1,,missing_pdb,False
Q8IH14,,missing_pdb,False
Q8IMF5,,missing_pdb,False
Q8IMG6,,missing_pdb,False
Q8IMH4,,missing_pdb,False
Q8IMK5,,missing_pdb,False
Q8IMR3,,missing_pdb,False
Q8IMX8,,missing_pdb,False
Q8IN05,,missing_pdb,False
Q8IN55,,missing_pdb,False
Q8INJ4,,missing_pdb,False
Q8INM3,,missing_pdb,False
Q8INX1,,missing_pdb,False
Q8IPG9,,missing_pdb,False
Q8IPI9,,missing_pdb,False
Q8IPT1,,missing_pdb,False
Q8IPZ5,,missing_pdb,False
Q8IQ25,,missing_pdb,False
Q8IQ53,,missing_pdb,False
Q8IQ82,,missing_pdb,False
Q8IQ94,,missing_pdb,False
Q8IQF9,,missing_pdb,False
Q8IQM5,,missing_pdb,False
Q8IQP2,,missing_pdb,False
Q8IQV2,,missing_pdb,False
Q8IQV9,,missing_pdb,False
Q8IR93,,missing_pdb,False
Q8IRC0,,missing_pdb,False
Q8IRE3,,missing_pdb,False
Q8IRG6,,missing_pdb,False
Q8IRG7,,missing_pdb,False
Q8IRH4,,missing_pdb,False
Q8IRS0,,missing_pdb,False
Q8IRW8-2,,missing_pdb,False
Q8IU52,,missing_pdb,False
Q8IU60,,missing_pdb,False
Q8IU68,,missing_pdb,False
Q8IUC6,,missing_pdb,False
Q8IUD6,/data/ranran/my_ptm/croton/data/structure_pipeline/pdb/Q8IUD6.pdb,exact_sequence_match,True
Q8IUH5,,missing_pdb,False
Q8IUI8,,missing_pdb,False
Q8IUR7,,missing_pdb,False
Q8IUW1,,missing_pdb,False
Q8IUW3,,missing_pdb,False
Q8IUW3-2,,missing_pdb,False
Q8IUW5,,missing_pdb,False
Q8IUX1,,missing_pdb,False
Q8IUX1-4,,missing_pdb,False
Q8IUX7,,missing_pdb,False
Q8IUZ0,,missing_pdb,False
Q8IV01,,missing_pdb,False
Q8IV20,,missing_pdb,False
Q8IV32,,missing_pdb,False
Q8IV33,,missing_pdb,False
Q8IV38,/data/ranran/my_ptm/croton/data/structure_pipeline/pdb/Q8IV38.pdb,exact_sequence_match,True
Q8IV42,,missing_pdb,False
Q8IV48,/data/ranran/my_ptm/croton/data/structure_pipeline/pdb/Q8IV48.pdb,exact_sequence_match,True
Q8IV50,,missing_pdb,False
Q8IV53,,missing_pdb,False
Q8IV63,,missing_pdb,False
Q8IV76,,missing_pdb,False
Q8IVB5,,missing_pdb,False
Q8IVD9,,missing_pdb,False
Q8IVF5,,missing_pdb,False
Q8IVL1,,missing_pdb,False
Q8IVM0,/data/ranran/my_ptm/croton/data/structure_pipeline/pdb/Q8IVM0.pdb,exact_sequence_match,True
Q8IVM0-2,,missing_pdb,False
Q8IVM9,,missing_pdb,False
Q8IVS2,,missing_pdb,False
Q8IVS8,,missing_pdb,False
Q8IVT2,/data/ranran/my_ptm/croton/data/structure_pipeline/pdb/Q8IVT2.pdb,exact_sequence_match,True
Q8IVU3-3,,missing_pdb,False
Q8IVV7,,missing_pdb,False
Q8IVW1,,missing_pdb,False
Q8IVW8,,missing_pdb,False
Q8IW35,/data/ranran/my_ptm/croton/data/structure_pipeline/pdb/Q8IW35.pdb,exact_sequence_match,True
Q8IW40,,missing_pdb,False
Q8IW41,,missing_pdb,False
Q8IW45-2,,missing_pdb,False
Q8IW93,,missing_pdb,False
Q8IWA4-2,,missing_pdb,False
Q8IWB1,,missing_pdb,False
Q8IWC1,/data/ranran/my_ptm/croton/data/structure_pipeline/pdb/Q8IWC1.pdb,exact_sequence_match,True
Q8IWD4,,missing_pdb,False
Q8IWE4,,missing_pdb,False
Q8IWE5,,missing_pdb,False
Q8IWF2,,missing_pdb,False
Q8IWF6,,missing_pdb,False
Q8IWI9,,missing_pdb,False
Q8IWJ2,/data/ranran/my_ptm/croton/data/structure_pipeline/pdb/Q8IWJ2.pdb,exact_sequence_match,True
Q8IWK6,,missing_pdb,False
Q8IWL2,,missing_pdb,False
Q8IWL3,/data/ranran/my_ptm/croton/data/structure_pipeline/pdb/Q8IWL3.pdb,exact_sequence_match,True
Q8IWR1,,missing_pdb,False
Q8IWS0,/data/ranran/my_ptm/croton/data/structure_pipeline/pdb/Q8IWS0.pdb,exact_sequence_match,True
Q8IWT0,,missing_pdb,False
Q8IWU2,,missing_pdb,False
Q8IWU6,,missing_pdb,False
Q8IWU9,,missing_pdb,False
Q8IWV1,,missing_pdb,False
Q8IWV7-2,,missing_pdb,False
Q8IWY4,,missing_pdb,False
Q8IWY7,,missing_pdb,False
Q8IWY9,,missing_pdb,False
Q8IWZ3-5,,missing_pdb,False
Q8IWZ6,,missing_pdb,False
Q8IWZ8,,missing_pdb,False
Q8IX01,/data/ranran/my_ptm/croton/data/structure_pipeline/pdb/Q8IX01.pdb,exact_sequence_match,True
Q8IX04-4,,missing_pdb,False
Q8IX04-5,,missing_pdb,False
Q8IX12,/data/ranran/my_ptm/croton/data/structure_pipeline/pdb/Q8IX12.pdb,exact_sequence_match,True
Q8IX15,,missing_pdb,False
Q8IX21,,missing_pdb,False
Q8IX90,,missing_pdb,False
Q8IXB1,/data/ranran/my_ptm/croton/data/structure_pipeline/pdb/Q8IXB1.pdb,exact_sequence_match,True
Q8IXH7,/data/ranran/my_ptm/croton/data/structure_pipeline/pdb/Q8IXH7.pdb,exact_sequence_match,True
Q8IXH7-3,,missing_pdb,False
Q8IXI2-3,,missing_pdb,False
Q8IXI2-6,,missing_pdb,False
Q8IXJ6,/data/ranran/my_ptm/croton/data/structure_pipeline/pdb/Q8IXJ6.pdb,exact_sequence_match,True
Q8IXJ6-4,,missing_pdb,False
Q8IXJ9,,missing_pdb,False
Q8IXJ9-2,,missing_pdb,False
Q8IXM2,,missing_pdb,False
Q8IXM3,/data/ranran/my_ptm/croton/data/structure_pipeline/pdb/Q8IXM3.pdb,exact_sequence_match,True
Q8IXN7,,missing_pdb,False
Q8IXQ3,,missing_pdb,False
Q8IXQ4,,missing_pdb,False
Q8IXR5,,missing_pdb,False
Q8IXS0,,missing_pdb,False
Q8IXT1,,missing_pdb,False
Q8IXT5,/data/ranran/my_ptm/croton/data/structure_pipeline/pdb/Q8IXT5.pdb,exact_sequence_match,True
Q8IXV7,,missing_pdb,False
Q8IXW5,,missing_pdb,False
Q8IXX5-2,,missing_pdb,False
Q8IXZ2,,missing_pdb,False
Q8IY21,,missing_pdb,False
Q8IY31,,missing_pdb,False
Q8IY37,/data/ranran/my_ptm/croton/data/structure_pipeline/pdb/Q8IY37.pdb,exact_sequence_match,True
Q8IY45,,missing_pdb,False
Q8IY47,,missing_pdb,False
Q8IY57,,missing_pdb,False
Q8IY81,/data/ranran/my_ptm/croton/data/structure_pipeline/pdb/Q8IY81.pdb,exact_sequence_match,True
Q8IY85,,missing_pdb,False
Q8IY92,,missing_pdb,False
Q8IY95,,missing_pdb,False
Q8IYA6,,missing_pdb,False
Q8IYA8,,missing_pdb,False
Q8IYB1,,missing_pdb,False
Q8IYB4,,missing_pdb,False
Q8IYB7,,missing_pdb,False
Q8IYB7-2,,missing_pdb,False
Q8IYB8,/data/ranran/my_ptm/croton/data/structure_pipeline/pdb/Q8IYB8.pdb,exact_sequence_match,True
Q8IYD8,,missing_pdb,False
Q8IYD9,,missing_pdb,False
Q8IYE0,/data/ranran/my_ptm/croton/data/structure_pipeline/pdb/Q8IYE0.pdb,exact_sequence_match,True
Q8IYE1,,missing_pdb,False
Q8IYH5,/data/ranran/my_ptm/croton/data/structure_pipeline/pdb/Q8IYH5.pdb,exact_sequence_match,True
Q8IYI0,,missing_pdb,False
Q8IYI6,/data/ranran/my_ptm/croton/data/structure_pipeline/pdb/Q8IYI6.pdb,exact_sequence_match,True
Q8IYJ2,,missing_pdb,False
Q8IYL2,,missing_pdb,False
Q8IYM2,,missing_pdb,False
Q8IYN2,,missing_pdb,False
Q8IYR0,,missing_pdb,False
Q8IYR2,,missing_pdb,False
Q8IYR6,,missing_pdb,False
Q8IYS1,,missing_pdb,False
Q8IYS2,,missing_pdb,False
Q8IYT2,,missing_pdb,False
Q8IYT4,,missing_pdb,False
Q8IYU8,/data/ranran/my_ptm/croton/data/structure_pipeline/pdb/Q8IYU8.pdb,exact_sequence_match,True
Q8IYW2,,missing_pdb,False
Q8IYW5,,missing_pdb,False
Q8IYX4,,missing_pdb,False
Q8IYX8,,missing_pdb,False
Q8IYY4-2,,missing_pdb,False
Q8IZ02,,missing_pdb,False
Q8IZ08,,missing_pdb,False
Q8IZ21,/data/ranran/my_ptm/croton/data/structure_pipeline/pdb/Q8IZ21.pdb,exact_sequence_match,True
Q8IZ41,,missing_pdb,False
Q8IZ52,,missing_pdb,False
Q8IZ69,,missing_pdb,False
Q8IZ73,,missing_pdb,False
Q8IZ83-2,,missing_pdb,False
Q8IZC4,,missing_pdb,False
Q8IZD0,,missing_pdb,False
Q8IZD4,,missing_pdb,False
Q8IZE3,,missing_pdb,False
Q8IZF3,,missing_pdb,False
Q8IZF6,,missing_pdb,False
Q8IZH2-3,,missing_pdb,False
Q8IZJ3,,missing_pdb,False
Q8IZJ4,,missing_pdb,False
Q8IZL8,/data/ranran/my_ptm/croton/data/structure_pipeline/pdb/Q8IZL8.pdb,exact_sequence_match,True
Q8IZL9-3,,missing_pdb,False
Q8IZP1,,missing_pdb,False
Q8IZP2,,missing_pdb,False
Q8IZP9,,missing_pdb,False
Q8IZQ1,,missing_pdb,False
Q8IZQ5,,missing_pdb,False
Q8IZT6,,missing_pdb,False
Q8IZT6-2,,missing_pdb,False
Q8IZU2,,missing_pdb,False
Q8IZU3,,missing_pdb,False
Q8IZV5,,missing_pdb,False
Q8IZW8,,missing_pdb,False
Q8J0M4,,missing_pdb,False
Q8JZL2,,missing_pdb,False
Q8JZM4,,missing_pdb,False
Q8K003,,missing_pdb,False
Q8K078,,missing_pdb,False
Q8K097,,missing_pdb,False
Q8K0L2,,missing_pdb,False
Q8K0L9,,missing_pdb,False
Q8K0T0,,missing_pdb,False
Q8K0W9,,missing_pdb,False
Q8K0X8,,missing_pdb,False
Q8K114,,missing_pdb,False
Q8K124,,missing_pdb,False
Q8K157,,missing_pdb,False
Q8K182,,missing_pdb,False
Q8K1R7,,missing_pdb,False
Q8K273,,missing_pdb,False
Q8K274,,missing_pdb,False
Q8K2A7,,missing_pdb,False
Q8K2C7,,missing_pdb,False
Q8K2C9,,missing_pdb,False
Q8K2L8,,missing_pdb,False
Q8K2Q0,,missing_pdb,False
Q8K2T1,,missing_pdb,False
Q8K2X3,,missing_pdb,False
Q8K396,,missing_pdb,False
Q8K3C3,,missing_pdb,False
Q8K3D3,,missing_pdb,False
Q8K3G1,,missing_pdb,False
Q8K3M1,,missing_pdb,False
Q8K3X6,,missing_pdb,False
Q8K441,,missing_pdb,False
Q8K4G6,,missing_pdb,False
Q8K4H1,,missing_pdb,False
Q8K4K4,,missing_pdb,False
Q8K4R4,,missing_pdb,False
Q8K4Z2,,missing_pdb,False
Q8K558,,missing_pdb,False
Q8K561,,missing_pdb,False
Q8K592,,missing_pdb,False
Q8L3P4,,missing_pdb,False
Q8L466,,missing_pdb,False
Q8L4D8,,missing_pdb,False
Q8L4N1,,missing_pdb,False
Q8L4S3,,missing_pdb,False
Q8L502,,missing_pdb,False
Q8L539,,missing_pdb,False
Q8L557,,missing_pdb,False
Q8L5X9,,missing_pdb,False
Q8L5Y0,,missing_pdb,False
Q8L5Y0-3,,missing_pdb,False
Q8L6X8,,missing_pdb,False
Q8L6Z4,,missing_pdb,False
Q8L706,,missing_pdb,False
Q8L764,,missing_pdb,False
Q8L7A9,,missing_pdb,False
Q8L7F7,,missing_pdb,False
Q8L7L0,,missing_pdb,False
Q8L7R1,,missing_pdb,False
Q8L7S4,,missing_pdb,False
Q8L7T9,,missing_pdb,False
Q8L7U6,,missing_pdb,False
Q8L8Y4,,missing_pdb,False
Q8L960,,missing_pdb,False
Q8L969,,missing_pdb,False
Q8L999,,missing_pdb,False
Q8L9R6,,missing_pdb,False
Q8L9W8,,missing_pdb,False
Q8LA96,,missing_pdb,False
Q8LAA0,,missing_pdb,False
Q8LAA7,,missing_pdb,False
Q8LAN3,,missing_pdb,False
Q8LB29,,missing_pdb,False
Q8LB47,,missing_pdb,False
Q8LBL5,,missing_pdb,False
Q8LBM4,,missing_pdb,False
Q8LBP4,,missing_pdb,False
Q8LBZ4,,missing_pdb,False
Q8LC68,,missing_pdb,False
Q8LCN1,,missing_pdb,False
Q8LCV1,,missing_pdb,False
Q8LD26,,missing_pdb,False
Q8LD83,,missing_pdb,False
Q8LDK5,,missing_pdb,False
Q8LDW8,,missing_pdb,False
Q8LE52,,missing_pdb,False
Q8LEL5,,missing_pdb,False
Q8LFK2,,missing_pdb,False
Q8LFV3,,missing_pdb,False
Q8LG56,,missing_pdb,False
Q8LGE7,,missing_pdb,False
Q8LHP0,,missing_pdb,False
Q8LLP7,,missing_pdb,False
Q8LMI4,,missing_pdb,False
Q8LMQ6,,missing_pdb,False
Q8LMQ7,,missing_pdb,False
Q8LNK0,,missing_pdb,False
Q8LPQ7,,missing_pdb,False
Q8LQD2,,missing_pdb,False
Q8LR24,,missing_pdb,False
Q8MJ14,,missing_pdb,False
Q8MJ49,,missing_pdb,False
Q8MLQ0,,missing_pdb,False
Q8MMD3,,missing_pdb,False
Q8MQX9,,missing_pdb,False
Q8MRI9,,missing_pdb,False
Q8MRL3,,missing_pdb,False
Q8MRM0,,missing_pdb,False
Q8MRM4,,missing_pdb,False
Q8MRM6,,missing_pdb,False
Q8MRW1,,missing_pdb,False
Q8MSD1,,missing_pdb,False
Q8MT46,,missing_pdb,False
Q8MT78,,missing_pdb,False
Q8MUJ1-2,,missing_pdb,False
Q8MYL1,,missing_pdb,False
Q8MZ22,,missing_pdb,False
Q8N0S6-2,,missing_pdb,False
Q8N0S6-3,,missing_pdb,False
Q8N0T1,,missing_pdb,False
Q8N0U2,,missing_pdb,False
Q8N0U8,,missing_pdb,False
Q8N0W5,,missing_pdb,False
Q8N0X2,,missing_pdb,False
Q8N0Y2,,missing_pdb,False
Q8N0Z2,,missing_pdb,False
Q8N0Z3,,missing_pdb,False
Q8N0Z6,,missing_pdb,False
Q8N0Z8,,missing_pdb,False
Q8N0Z9,,missing_pdb,False
Q8N114,,missing_pdb,False
Q8N122-2,,missing_pdb,False
Q8N128,,missing_pdb,False
Q8N137-2,,missing_pdb,False
Q8N157,,missing_pdb,False
Q8N165,,missing_pdb,False
Q8N183,/data/ranran/my_ptm/croton/data/structure_pipeline/pdb/Q8N183.pdb,exact_sequence_match,True
Q8N196,,missing_pdb,False
Q8N1A6,,missing_pdb,False
Q8N1F8,,missing_pdb,False
Q8N1G1,,missing_pdb,False
Q8N1G4,/data/ranran/my_ptm/croton/data/structure_pipeline/pdb/Q8N1G4.pdb,exact_sequence_match,True
Q8N1H7,,missing_pdb,False
Q8N1N4,,missing_pdb,False
Q8N1P7,,missing_pdb,False
Q8N1R0,,missing_pdb,False
Q8N1W1,/data/ranran/my_ptm/croton/data/structure_pipeline/pdb/Q8N1W1.pdb,exact_sequence_match,True
Q8N271,,missing_pdb,False
Q8N2A8,,missing_pdb,False
Q8N2B8,,missing_pdb,False
Q8N2C3,,missing_pdb,False
Q8N2F6,/data/ranran/my_ptm/croton/data/structure_pipeline/pdb/Q8N2F6.pdb,exact_sequence_match,True
Q8N2G6,,missing_pdb,False
Q8N2H4,,missing_pdb,False
Q8N2H9,,missing_pdb,False
Q8N2I9,,missing_pdb,False
Q8N2K0-2,,missing_pdb,False
Q8N2K1,,missing_pdb,False
Q8N2S1,,missing_pdb,False
Q8N2U0,,missing_pdb,False
Q8N2U9,,missing_pdb,False
Q8N2W9,,missing_pdb,False
Q8N2Y8,,missing_pdb,False
Q8N2Z9,,missing_pdb,False
Q8N300,,missing_pdb,False
Q8N302,,missing_pdb,False
Q8N319,,missing_pdb,False
Q8N328,,missing_pdb,False
Q8N336,,missing_pdb,False
Q8N350,,missing_pdb,False
Q8N392,,missing_pdb,False
Q8N393,,missing_pdb,False
Q8N3A8,,missing_pdb,False
Q8N3C0-4,,missing_pdb,False
Q8N3C7,,missing_pdb,False
Q8N3E9,,missing_pdb,False
Q8N3I7,,missing_pdb,False
Q8N3J2,,missing_pdb,False
Q8N3J3,,missing_pdb,False
Q8N3J5,,missing_pdb,False
Q8N3J9,,missing_pdb,False
Q8N3P4,,missing_pdb,False
Q8N3R9,,missing_pdb,False
Q8N3S3,,missing_pdb,False
Q8N3U4-2,,missing_pdb,False
Q8N3X1,/data/ranran/my_ptm/croton/data/structure_pipeline/pdb/Q8N3X1.pdb,exact_sequence_match,True
Q8N3X6,,missing_pdb,False
Q8N3X6-3,,missing_pdb,False
Q8N3Y1,,missing_pdb,False
Q8N3Z3,,missing_pdb,False
Q8N3Z6,,missing_pdb,False
Q8N442,,missing_pdb,False
Q8N448,,missing_pdb,False
Q8N450,,missing_pdb,False
Q8N456,,missing_pdb,False
Q8N465,,missing_pdb,False
Q8N465-2,,missing_pdb,False
Q8N490,,missing_pdb,False
Q8N4C6,,missing_pdb,False
Q8N4C7,,missing_pdb,False
Q8N4P3,/data/ranran/my_ptm/croton/data/structure_pipeline/pdb/Q8N4P3.pdb,exact_sequence_match,True
Q8N4P3-2,,missing_pdb,False
Q8N4Q1,,missing_pdb,False
Q8N4S0,,missing_pdb,False
Q8N4S9,,missing_pdb,False
Q8N4T0,,missing_pdb,False
Q8N4T4-3,,missing_pdb,False
Q8N4T8-2,,missing_pdb,False
Q8N4U5,,missing_pdb,False
Q8N4W6,,missing_pdb,False
Q8N531,,missing_pdb,False
Q8N554,,missing_pdb,False
Q8N565-2,,missing_pdb,False
Q8N568,,missing_pdb,False
Q8N584,,missing_pdb,False
Q8N5A5,,missing_pdb,False
Q8N5C6,,missing_pdb,False
Q8N5C7,,missing_pdb,False
Q8N5F7,,missing_pdb,False
Q8N5G2,,missing_pdb,False
Q8N5G2-3,,missing_pdb,False
Q8N5H7,,missing_pdb,False
Q8N5I2,,missing_pdb,False
Q8N5I9,/data/ranran/my_ptm/croton/data/structure_pipeline/pdb/Q8N5I9.pdb,exact_sequence_match,True
Q8N5J2,,missing_pdb,False
Q8N5L8,,missing_pdb,False
Q8N5M9,,missing_pdb,False
Q8N5N7,/data/ranran/my_ptm/croton/data/structure_pipeline/pdb/Q8N5N7.pdb,exact_sequence_match,True
Q8N5P1,,missing_pdb,False
Q8N5R6,,missing_pdb,False
Q8N5T2,,missing_pdb,False
Q8N5U6-2,,missing_pdb,False
Q8N5W8,,missing_pdb,False
Q8N5Y8,,missing_pdb,False
Q8N5Z5,,missing_pdb,False
Q8N660,,missing_pdb,False
Q8N668,,missing_pdb,False
Q8N697,,missing_pdb,False
Q8N6D5,,missing_pdb,False
Q8N6F7,,missing_pdb,False
Q8N6F8,,missing_pdb,False
Q8N6G5,,missing_pdb,False
Q8N6L1,,missing_pdb,False
Q8N6M6,,missing_pdb,False
Q8N6N3,,missing_pdb,False
Q8N6N3-3,,missing_pdb,False
Q8N6N6,,missing_pdb,False
Q8N6Q8,,missing_pdb,False
Q8N6R0,/data/ranran/my_ptm/croton/data/structure_pipeline/pdb/Q8N6R0.pdb,exact_sequence_match,True
Q8N6R0-1,,missing_pdb,False
Q8N6T0,,missing_pdb,False
Q8N6T3-4,,missing_pdb,False
Q8N6T7,/data/ranran/my_ptm/croton/data/structure_pipeline/pdb/Q8N6T7.pdb,exact_sequence_match,True
Q8N6U8,,missing_pdb,False
Q8N6V9,/data/ranran/my_ptm/croton/data/structure_pipeline/pdb/Q8N6V9.pdb,exact_sequence_match,True
Q8N715,,missing_pdb,False
Q8N720,,missing_pdb,False
Q8N7B6,,missing_pdb,False
Q8N7C7,,missing_pdb,False
Q8N7P1,,missing_pdb,False
Q8N7X1,,missing_pdb,False
Q8N865,,missing_pdb,False
Q8N884,/data/ranran/my_ptm/croton/data/structure_pipeline/pdb/Q8N884.pdb,exact_sequence_match,True
Q8N895,,missing_pdb,False
Q8N8A6,,missing_pdb,False
Q8N8D1,,missing_pdb,False
Q8N8E2,,missing_pdb,False
Q8N8E3,,missing_pdb,False
Q8N8J7,,missing_pdb,False
Q8N8K9,,missing_pdb,False
Q8N8L6,,missing_pdb,False
Q8N8N7,,missing_pdb,False
Q8N8Q3,,missing_pdb,False
Q8N8Q8,,missing_pdb,False
Q8N8R5,,missing_pdb,False
Q8N8S7,/data/ranran/my_ptm/croton/data/structure_pipeline/pdb/Q8N8S7.pdb,exact_sequence_match,True
Q8N945,,missing_pdb,False
Q8N954,,missing_pdb,False
Q8N957,,missing_pdb,False
Q8N960,,missing_pdb,False
Q8N983,/data/ranran/my_ptm/croton/data/structure_pipeline/pdb/Q8N983.pdb,exact_sequence_match,True
Q8N999,/data/ranran/my_ptm/croton/data/structure_pipeline/pdb/Q8N999.pdb,exact_sequence_match,True
Q8N9B4,,missing_pdb,False
Q8N9B4-2,,missing_pdb,False
Q8N9B5,,missing_pdb,False
Q8N9C4,,missing_pdb,False
Q8N9F0,,missing_pdb,False
Q8N9M1,,missing_pdb,False
Q8N9M5,,missing_pdb,False
Q8N9N2,,missing_pdb,False
Q8N9N8,,missing_pdb,False
Q8N9Q2,,missing_pdb,False
Q8N9T8,,missing_pdb,False
Q8N9U0,,missing_pdb,False
Q8N9V3,,missing_pdb,False
Q8N9W5,,missing_pdb,False
Q8N9W8,,missing_pdb,False
Q8N9Z2,,missing_pdb,False
Q8N9Z2-2,,missing_pdb,False
Q8NA03,,missing_pdb,False
Q8NA72,/data/ranran/my_ptm/croton/data/structure_pipeline/pdb/Q8NA72.pdb,exact_sequence_match,True
Q8NA72-2,,missing_pdb,False
Q8NA75,,missing_pdb,False
Q8NA92,,missing_pdb,False
Q8NAB2,,missing_pdb,False
Q8NAC3,,missing_pdb,False
Q8NAF0,,missing_pdb,False
Q8NAG6,,missing_pdb,False
Q8NAN2,,missing_pdb,False
Q8NAP3,,missing_pdb,False
Q8NAT1,,missing_pdb,False
Q8NAT2,,missing_pdb,False
Q8NAV2,,missing_pdb,False
Q8NB16,/data/ranran/my_ptm/croton/data/structure_pipeline/pdb/Q8NB16.pdb,exact_sequence_match,True
Q8NB25,,missing_pdb,False
Q8NB37,,missing_pdb,False
Q8NB49,,missing_pdb,False
Q8NB66,,missing_pdb,False
Q8NB78-2,,missing_pdb,False
Q8NB90,,missing_pdb,False
Q8NB90-3,,missing_pdb,False
Q8NB91,,missing_pdb,False
Q8NBA8,,missing_pdb,False
Q8NBF2,/data/ranran/my_ptm/croton/data/structure_pipeline/pdb/Q8NBF2.pdb,exact_sequence_match,True
Q8NBF6,,missing_pdb,False
Q8NBI5,/data/ranran/my_ptm/croton/data/structure_pipeline/pdb/Q8NBI5.pdb,exact_sequence_match,True
Q8NBI6,,missing_pdb,False
Q8NBJ4,/data/ranran/my_ptm/croton/data/structure_pipeline/pdb/Q8NBJ4.pdb,exact_sequence_match,True
Q8NBJ5,/data/ranran/my_ptm/croton/data/structure_pipeline/pdb/Q8NBJ5.pdb,exact_sequence_match,True
Q8NBK3,,missing_pdb,False
Q8NBL1,,missing_pdb,False
Q8NBM4-5,,missing_pdb,False
Q8NBP0,,missing_pdb,False
Q8NBP5,,missing_pdb,False
Q8NBP7,,missing_pdb,False
Q8NBR0,,missing_pdb,False
Q8NBR6,,missing_pdb,False
Q8NBS3,,missing_pdb,False
Q8NBT0,,missing_pdb,False
Q8NBU5-2,,missing_pdb,False
Q8NBW4,,missing_pdb,False
Q8NBZ7,,missing_pdb,False
Q8NC44,,missing_pdb,False
Q8NC54,,missing_pdb,False
Q8NC60,/data/ranran/my_ptm/croton/data/structure_pipeline/pdb/Q8NC60.pdb,exact_sequence_match,True
Q8NC67,,missing_pdb,False
Q8NC74,,missing_pdb,False
Q8NCA5,,missing_pdb,False
Q8NCD3,,missing_pdb,False
Q8NCE0,,missing_pdb,False
Q8NCE2,,missing_pdb,False
Q8NCF5,,missing_pdb,False
Q8NCG5,,missing_pdb,False
Q8NCG7,/data/ranran/my_ptm/croton/data/structure_pipeline/pdb/Q8NCG7.pdb,exact_sequence_match,True
Q8NCL8,,missing_pdb,False
Q8NCM8-2,,missing_pdb,False
Q8NCN4,,missing_pdb,False
Q8NCR0,,missing_pdb,False
Q8NCS4,,missing_pdb,False
Q8NCT1,,missing_pdb,False
Q8NCT3,,missing_pdb,False
Q8NCU4,,missing_pdb,False
Q8NCV1,,missing_pdb,False
Q8NCW5,,missing_pdb,False
Q8NCY6,,missing_pdb,False
Q8ND04-2,,missing_pdb,False
Q8ND04-3,,missing_pdb,False
Q8ND56,/data/ranran/my_ptm/croton/data/structure_pipeline/pdb/Q8ND56.pdb,exact_sequence_match,True
Q8ND71,,missing_pdb,False
Q8ND98,,missing_pdb,False
Q8NDA8,,missing_pdb,False
Q8NDA8-2,,missing_pdb,False
Q8NDA8-4,,missing_pdb,False
Q8NDA8-7,,missing_pdb,False
Q8NDB2,,missing_pdb,False
Q8NDD1,/data/ranran/my_ptm/croton/data/structure_pipeline/pdb/Q8NDD1.pdb,exact_sequence_match,True
Q8NDH2,,missing_pdb,False
Q8NDI1,/data/ranran/my_ptm/croton/data/structure_pipeline/pdb/Q8NDI1.pdb,exact_sequence_match,True
Q8NDM7,,missing_pdb,False
Q8NDV7,,missing_pdb,False
Q8NDW8,,missing_pdb,False
Q8NDX1,,missing_pdb,False
Q8NDX6,,missing_pdb,False
Q8NDZ2,,missing_pdb,False
Q8NDZ4,,missing_pdb,False
Q8NDZ6,,missing_pdb,False
Q8NE63,,missing_pdb,False
Q8NE65,,missing_pdb,False
Q8NE71,/data/ranran/my_ptm/croton/data/structure_pipeline/pdb/Q8NE71.pdb,exact_sequence_match,True
Q8NE86,/data/ranran/my_ptm/croton/data/structure_pipeline/pdb/Q8NE86.pdb,exact_sequence_match,True
Q8NEB5,,missing_pdb,False
Q8NEC6,,missing_pdb,False
Q8NEC7,,missing_pdb,False
Q8NEE8,,missing_pdb,False
Q8NEF3,,missing_pdb,False
Q8NEF9,,missing_pdb,False
Q8NEG4,,missing_pdb,False
Q8NEJ9,/data/ranran/my_ptm/croton/data/structure_pipeline/pdb/Q8NEJ9.pdb,exact_sequence_match,True
Q8NEL9,,missing_pdb,False
Q8NEM0,/data/ranran/my_ptm/croton/data/structure_pipeline/pdb/Q8NEM0.pdb,exact_sequence_match,True
Q8NEM2,/data/ranran/my_ptm/croton/data/structure_pipeline/pdb/Q8NEM2.pdb,exact_sequence_match,True
Q8NEN9,/data/ranran/my_ptm/croton/data/structure_pipeline/pdb/Q8NEN9.pdb,exact_sequence_match,True
Q8NES3,,missing_pdb,False
Q8NET5,,missing_pdb,False
Q8NET8,,missing_pdb,False
Q8NEV8,,missing_pdb,False
Q8NEW0,,missing_pdb,False
Q8NEY1,,missing_pdb,False
Q8NEY8,/data/ranran/my_ptm/croton/data/structure_pipeline/pdb/Q8NEY8.pdb,exact_sequence_match,True
Q8NEY8-5,,missing_pdb,False
Q8NEY8-7,,missing_pdb,False
Q8NEY8-9,,missing_pdb,False
Q8NEZ2-3,,missing_pdb,False
Q8NEZ3,,missing_pdb,False
Q8NEZ5,/data/ranran/my_ptm/croton/data/structure_pipeline/pdb/Q8NEZ5.pdb,exact_sequence_match,True
Q8NEZ5-3,,missing_pdb,False
Q8NF99-2,,missing_pdb,False
Q8NF99-3,,missing_pdb,False
Q8NFC6,,missing_pdb,False
Q8NFF5,,missing_pdb,False
Q8NFG4,,missing_pdb,False
Q8NFG4-2,,missing_pdb,False
Q8NFH3,/data/ranran/my_ptm/croton/data/structure_pipeline/pdb/Q8NFH3.pdb,exact_sequence_match,True
Q8NFH4,/data/ranran/my_ptm/croton/data/structure_pipeline/pdb/Q8NFH4.pdb,exact_sequence_match,True
Q8NFI3,,missing_pdb,False
Q8NFJ9-2,,missing_pdb,False
Q8NFP9,,missing_pdb,False
Q8NFQ8,/data/ranran/my_ptm/croton/data/structure_pipeline/pdb/Q8NFQ8.pdb,exact_sequence_match,True
Q8NFR9,,missing_pdb,False
Q8NFT2,,missing_pdb,False
Q8NFT6,,missing_pdb,False
Q8NFT6-2,,missing_pdb,False
Q8NFT6-4,,missing_pdb,False
Q8NFU5,,missing_pdb,False
Q8NFU7,,missing_pdb,False
Q8NFV4,,missing_pdb,False
Q8NFV4-2,,missing_pdb,False
Q8NFV4-5,,missing_pdb,False
Q8NFW5,,missing_pdb,False
Q8NFW8,/data/ranran/my_ptm/croton/data/structure_pipeline/pdb/Q8NFW8.pdb,exact_sequence_match,True
Q8NFW8-2,,missing_pdb,False
Q8NFZ0,,missing_pdb,False
Q8NFZ5,,missing_pdb,False
Q8NG08,,missing_pdb,False
Q8NG08-2,,missing_pdb,False
Q8NG27-2,,missing_pdb,False
Q8NG31,/data/ranran/my_ptm/croton/data/structure_pipeline/pdb/Q8NG31.pdb,exact_sequence_match,True
Q8NG31-4,,missing_pdb,False
Q8NG48,,missing_pdb,False
Q8NG50,,missing_pdb,False
Q8NG66,,missing_pdb,False
Q8NG68,,missing_pdb,False
Q8NGJ2,,missing_pdb,False
Q8NH41,,missing_pdb,False
Q8NHG8,,missing_pdb,False
Q8NHP7,,missing_pdb,False
Q8NHP8,,missing_pdb,False
Q8NHQ1,,missing_pdb,False
Q8NHQ1-3,,missing_pdb,False
Q8NHQ9,/data/ranran/my_ptm/croton/data/structure_pipeline/pdb/Q8NHQ9.pdb,exact_sequence_match,True
Q8NHS2,,missing_pdb,False
Q8NHS3,,missing_pdb,False
Q8NHU3,,missing_pdb,False
Q8NHU6,/data/ranran/my_ptm/croton/data/structure_pipeline/pdb/Q8NHU6.pdb,exact_sequence_match,True
Q8NHV1,,missing_pdb,False
Q8NHV4,/data/ranran/my_ptm/croton/data/structure_pipeline/pdb/Q8NHV4.pdb,exact_sequence_match,True
Q8NHX9,,missing_pdb,False
Q8NHY2,,missing_pdb,False
Q8NHY3,,missing_pdb,False
Q8NHZ8,,missing_pdb,False
Q8NI08,,missing_pdb,False
Q8NI22,/data/ranran/my_ptm/croton/data/structure_pipeline/pdb/Q8NI22.pdb,exact_sequence_match,True
Q8NI36,,missing_pdb,False
Q8NI37,,missing_pdb,False
Q8NI77,,missing_pdb,False
Q8NIL3,,missing_pdb,False
Q8QZR1,,missing_pdb,False
Q8QZY3,,missing_pdb,False
Q8QZZ7,,missing_pdb,False
Q8R034,,missing_pdb,False
Q8R079,,missing_pdb,False
Q8R080,,missing_pdb,False
Q8R086,,missing_pdb,False
Q8R092,,missing_pdb,False
Q8R0C3,,missing_pdb,False
Q8R0F6,,missing_pdb,False
Q8R0J7,,missing_pdb,False
Q8R0P8,,missing_pdb,False
Q8R0S4,,missing_pdb,False
Q8R0T2,,missing_pdb,False
Q8R0V5,,missing_pdb,False
Q8R0W0,,missing_pdb,False
Q8R0X2,,missing_pdb,False
Q8R138,,missing_pdb,False
Q8R139,,missing_pdb,False
Q8R179,,missing_pdb,False
Q8R183,,missing_pdb,False
Q8R1G2,,missing_pdb,False
Q8R1K1,,missing_pdb,False
Q8R1Q8,,missing_pdb,False
Q8R1S4,,missing_pdb,False
Q8R1S9,,missing_pdb,False
Q8R238,,missing_pdb,False
Q8R2N2,,missing_pdb,False
Q8R2Q8,,missing_pdb,False
Q8R2S9,,missing_pdb,False
Q8R2V5,,missing_pdb,False
Q8R2W9,,missing_pdb,False
Q8R2X8,,missing_pdb,False
Q8R2Y2,,missing_pdb,False
Q8R2Y8,,missing_pdb,False
Q8R314,,missing_pdb,False
Q8R326,,missing_pdb,False
Q8R3C0,,missing_pdb,False
Q8R3L2,,missing_pdb,False
Q8R3N6,,missing_pdb,False
Q8R404,,missing_pdb,False
Q8R411,,missing_pdb,False
Q8R420,,missing_pdb,False
Q8R480,,missing_pdb,False
Q8R4E6,,missing_pdb,False
Q8R4E9,,missing_pdb,False
Q8R4H7,,missing_pdb,False
Q8R4U9,,missing_pdb,False
Q8R519,,missing_pdb,False
Q8R554,,missing_pdb,False
Q8R568,,missing_pdb,False
Q8R5H1,,missing_pdb,False
Q8R5K4,,missing_pdb,False
Q8R5M4,,missing_pdb,False
Q8RV24,,missing_pdb,False
Q8RWA2,,missing_pdb,False
Q8RWD5,,missing_pdb,False
Q8RWF8,,missing_pdb,False
Q8RWK5,,missing_pdb,False
Q8RWN5,,missing_pdb,False
Q8RWQ1,,missing_pdb,False
Q8RWR9,,missing_pdb,False
Q8RWT4,,missing_pdb,False
Q8RWV9,,missing_pdb,False
Q8RWZ0,,missing_pdb,False
Q8RX22,,missing_pdb,False
Q8RX35,,missing_pdb,False
Q8RX57,,missing_pdb,False
Q8RX71,,missing_pdb,False
Q8RXH9,,missing_pdb,False
Q8RXK2,,missing_pdb,False
Q8RXS5,,missing_pdb,False
Q8RXT6,,missing_pdb,False
Q8RXY1,,missing_pdb,False
Q8RY15,,missing_pdb,False
Q8RY25,,missing_pdb,False
Q8RYC3,,missing_pdb,False
Q8RYE9,,missing_pdb,False
Q8RZH0,,missing_pdb,False
Q8S0S6,,missing_pdb,False
Q8S1Y9,,missing_pdb,False
Q8S3U9,,missing_pdb,False
Q8S5N8,,missing_pdb,False
Q8S7W0,,missing_pdb,False
Q8S857,,missing_pdb,False
Q8S8D3,,missing_pdb,False
Q8S8P5,,missing_pdb,False
Q8S8S1,,missing_pdb,False
Q8S8T7,,missing_pdb,False
Q8S904,,missing_pdb,False
Q8S9I4,,missing_pdb,False
Q8S9J1,,missing_pdb,False
Q8S9K3,,missing_pdb,False
Q8SAU4,,missing_pdb,False
Q8SQ26,,missing_pdb,False
Q8ST83,,missing_pdb,False
Q8STI6,,missing_pdb,False
Q8SX68,,missing_pdb,False
Q8SX81,,missing_pdb,False
Q8SX89,,missing_pdb,False
Q8SX92,,missing_pdb,False
Q8SXG7,,missing_pdb,False
Q8SXQ5,,missing_pdb,False
Q8SXU2,,missing_pdb,False
Q8SY33-2,,missing_pdb,False
Q8SY72,,missing_pdb,False
Q8SY77,,missing_pdb,False
Q8SYD0,,missing_pdb,False
Q8SYG2,,missing_pdb,False
Q8SYJ2,,missing_pdb,False
Q8SYJ9,,missing_pdb,False
Q8SYP9,,missing_pdb,False
Q8SYQ8,,missing_pdb,False
Q8SZ63,,missing_pdb,False
Q8SZU4,,missing_pdb,False
Q8T043,,missing_pdb,False
Q8T0G4,,missing_pdb,False
Q8T3L6,,missing_pdb,False
Q8T4C9,,missing_pdb,False
Q8T4G5,,missing_pdb,False
Q8T6B9,,missing_pdb,False
Q8T8T9,,missing_pdb,False
Q8T921,,missing_pdb,False
Q8T9B6,,missing_pdb,False
Q8TA86,,missing_pdb,False
Q8TAA1,,missing_pdb,False
Q8TAA5,,missing_pdb,False
Q8TAD4,/data/ranran/my_ptm/croton/data/structure_pipeline/pdb/Q8TAD4.pdb,exact_sequence_match,True
Q8TAD7,,missing_pdb,False
Q8TAE8,/data/ranran/my_ptm/croton/data/structure_pipeline/pdb/Q8TAE8.pdb,exact_sequence_match,True
Q8TAF3-2,,missing_pdb,False
Q8TAF3-5,,missing_pdb,False
Q8TAK5,,missing_pdb,False
Q8TAL5,,missing_pdb,False
Q8TAM1,,missing_pdb,False
Q8TAM2,,missing_pdb,False
Q8TAP6,,missing_pdb,False
Q8TAP8,,missing_pdb,False
Q8TAQ2,/data/ranran/my_ptm/croton/data/structure_pipeline/pdb/Q8TAQ2.pdb,exact_sequence_match,True
Q8TAT5,,missing_pdb,False
Q8TAX0,,missing_pdb,False
Q8TAX9,,missing_pdb,False
Q8TB03,,missing_pdb,False
Q8TB68,,missing_pdb,False
Q8TB96,,missing_pdb,False
Q8TBA6,/data/ranran/my_ptm/croton/data/structure_pipeline/pdb/Q8TBA6.pdb,exact_sequence_match,True
Q8TBB0,,missing_pdb,False
Q8TBB7,,missing_pdb,False
Q8TBC3-2,,missing_pdb,False
Q8TBC4,,missing_pdb,False
Q8TBC5,,missing_pdb,False
Q8TBE0,,missing_pdb,False
Q8TBE7,,missing_pdb,False
Q8TBE9,,missing_pdb,False
Q8TBF2-2,,missing_pdb,False
Q8TBF4,/data/ranran/my_ptm/croton/data/structure_pipeline/pdb/Q8TBF4.pdb,exact_sequence_match,True
Q8TBF5-2,,missing_pdb,False
Q8TBF8,,missing_pdb,False
Q8TBK2,,missing_pdb,False
Q8TBM3,,missing_pdb,False
Q8TBN0,/data/ranran/my_ptm/croton/data/structure_pipeline/pdb/Q8TBN0.pdb,exact_sequence_match,True
Q8TBP0,,missing_pdb,False
Q8TBQ9,,missing_pdb,False
Q8TBR7,,missing_pdb,False
Q8TBX8,/data/ranran/my_ptm/croton/data/structure_pipeline/pdb/Q8TBX8.pdb,exact_sequence_match,True
Q8TBY8,,missing_pdb,False
Q8TBY9,,missing_pdb,False
Q8TC05,,missing_pdb,False
Q8TC07,/data/ranran/my_ptm/croton/data/structure_pipeline/pdb/Q8TC07.pdb,exact_sequence_match,True
Q8TC12-3,,missing_pdb,False
Q8TC17,,missing_pdb,False
Q8TC29,,missing_pdb,False
Q8TC36,,missing_pdb,False
Q8TC41,,missing_pdb,False
Q8TC57,,missing_pdb,False
Q8TC57-2,,missing_pdb,False
Q8TC71,,missing_pdb,False
Q8TC92,,missing_pdb,False
Q8TCA0,,missing_pdb,False
Q8TCA0-3,,missing_pdb,False
Q8TCB7,,missing_pdb,False
Q8TCC3,,missing_pdb,False
Q8TCD1,,missing_pdb,False
Q8TCD5,/data/ranran/my_ptm/croton/data/structure_pipeline/pdb/Q8TCD5.pdb,exact_sequence_match,True
Q8TCG1,/data/ranran/my_ptm/croton/data/structure_pipeline/pdb/Q8TCG1.pdb,exact_sequence_match,True
Q8TCG2,,missing_pdb,False
Q8TCJ0,,missing_pdb,False
Q8TCJ2,/data/ranran/my_ptm/croton/data/structure_pipeline/pdb/Q8TCJ2.pdb,exact_sequence_match,True
Q8TCN5,,missing_pdb,False
Q8TCT0,,missing_pdb,False
Q8TCT6,,missing_pdb,False
Q8TCT7,,missing_pdb,False
Q8TCT9-2,,missing_pdb,False
Q8TCT9-5,,missing_pdb,False
Q8TCU4,,missing_pdb,False
Q8TCU6,,missing_pdb,False
Q8TCX1,,missing_pdb,False
Q8TCY9,/data/ranran/my_ptm/croton/data/structure_pipeline/pdb/Q8TCY9.pdb,exact_sequence_match,True
Q8TCZ2,,missing_pdb,False
Q8TD10,,missing_pdb,False
Q8TD20,,missing_pdb,False
Q8TD26,,missing_pdb,False
Q8TD31,,missing_pdb,False
Q8TD43,,missing_pdb,False
Q8TD94,,missing_pdb,False
Q8TDD1,/data/ranran/my_ptm/croton/data/structure_pipeline/pdb/Q8TDD1.pdb,exact_sequence_match,True
Q8TDD2,,missing_pdb,False
Q8TDG4,,missing_pdb,False
Q8TDH9,,missing_pdb,False
Q8TDI8,,missing_pdb,False
Q8TDL5,,missing_pdb,False
Q8TDM0,,missing_pdb,False
Q8TDM0-2,,missing_pdb,False
Q8TDM6,/data/ranran/my_ptm/croton/data/structure_pipeline/pdb/Q8TDM6.pdb,exact_sequence_match,True
Q8TDN4,,missing_pdb,False
Q8TDP1,,missing_pdb,False
Q8TDR0,,missing_pdb,False
Q8TDR2,,missing_pdb,False
Q8TDS4,,missing_pdb,False
Q8TDS5,,missing_pdb,False
Q8TDV5,,missing_pdb,False
Q8TDZ2,,missing_pdb,False
Q8TE02-4,,missing_pdb,False
Q8TE04,,missing_pdb,False
Q8TE12,,missing_pdb,False
Q8TE56,,missing_pdb,False
Q8TE77,,missing_pdb,False
Q8TE77-2,,missing_pdb,False
Q8TE82,,missing_pdb,False
Q8TE99,,missing_pdb,False
Q8TEA1,/data/ranran/my_ptm/croton/data/structure_pipeline/pdb/Q8TEA1.pdb,exact_sequence_match,True
Q8TEA7,,missing_pdb,False
Q8TEA8,,missing_pdb,False
Q8TED1,/data/ranran/my_ptm/croton/data/structure_pipeline/pdb/Q8TED1.pdb,exact_sequence_match,True
Q8TED9,,missing_pdb,False
Q8TEH3,,missing_pdb,False
Q8TEK3,,missing_pdb,False
Q8TEL6,,missing_pdb,False
Q8TEL6-2,,missing_pdb,False
Q8TEM1-2,,missing_pdb,False
Q8TEP8,,missing_pdb,False
Q8TEQ6,/data/ranran/my_ptm/croton/data/structure_pipeline/pdb/Q8TEQ6.pdb,exact_sequence_match,True
Q8TEQ8,,missing_pdb,False
Q8TEQ8-2,,missing_pdb,False
Q8TER5,,missing_pdb,False
Q8TEU7,,missing_pdb,False
Q8TEV9,,missing_pdb,False
Q8TEW0,,missing_pdb,False
Q8TEW6,,missing_pdb,False
Q8TEX9-2,,missing_pdb,False
Q8TEY5,,missing_pdb,False
Q8TEY7,/data/ranran/my_ptm/croton/data/structure_pipeline/pdb/Q8TEY7.pdb,exact_sequence_match,True
Q8TF05,/data/ranran/my_ptm/croton/data/structure_pipeline/pdb/Q8TF05.pdb,exact_sequence_match,True
Q8TF30,,missing_pdb,False
Q8TF40,,missing_pdb,False
Q8TF40-2,,missing_pdb,False
Q8TF45,,missing_pdb,False
Q8TF46,/data/ranran/my_ptm/croton/data/structure_pipeline/pdb/Q8TF46.pdb,exact_sequence_match,True
Q8TF46-3,,missing_pdb,False
Q8TF50,,missing_pdb,False
Q8TF61,,missing_pdb,False
Q8TF68,,missing_pdb,False
Q8TF76,,missing_pdb,False
Q8TFN1,,missing_pdb,False
Q8TGU7,,missing_pdb,False
Q8VBU8,,missing_pdb,False
Q8VBW1,,missing_pdb,False
Q8VC19,,missing_pdb,False
Q8VC42,,missing_pdb,False
Q8VC82,,missing_pdb,False
Q8VCC1,,missing_pdb,False
Q8VCE9,,missing_pdb,False
Q8VCG1,,missing_pdb,False
Q8VCH9,,missing_pdb,False
Q8VCM8,,missing_pdb,False
Q8VCR7,,missing_pdb,False
Q8VCR8,,missing_pdb,False
Q8VCW4,,missing_pdb,False
Q8VCW8,,missing_pdb,False
Q8VCY8,,missing_pdb,False
Q8VCZ2,,missing_pdb,False
Q8VCZ9,,missing_pdb,False
Q8VD37,,missing_pdb,False
Q8VD62,,missing_pdb,False
Q8VD76,,missing_pdb,False
Q8VD98,,missing_pdb,False
Q8VDD8,,missing_pdb,False
Q8VDD9,,missing_pdb,False
Q8VDG5,,missing_pdb,False
Q8VDM6,,missing_pdb,False
Q8VDP2,,missing_pdb,False
Q8VE33,,missing_pdb,False
Q8VE99,,missing_pdb,False
Q8VED9,,missing_pdb,False
Q8VEG4,,missing_pdb,False
Q8VEJ1,,missing_pdb,False
Q8VHF2,,missing_pdb,False
Q8VHG0,,missing_pdb,False
Q8VHG2,,missing_pdb,False
Q8VHL1,,missing_pdb,False
Q8VHN8-2,,missing_pdb,False
Q8VHW2,,missing_pdb,False
Q8VHY0,,missing_pdb,False
Q8VI93,,missing_pdb,False
Q8VIG3,,missing_pdb,False
Q8VIM4,,missing_pdb,False
Q8VWK4,,missing_pdb,False
Q8VX00,,missing_pdb,False
Q8VXZ9,,missing_pdb,False
Q8VY07,,missing_pdb,False
Q8VY88,,missing_pdb,False
Q8VYC9,,missing_pdb,False
Q8VYF2,,missing_pdb,False
Q8VYF9,,missing_pdb,False
Q8VYI4,,missing_pdb,False
Q8VYU8,,missing_pdb,False
Q8VYV7,,missing_pdb,False
Q8VYV7-2,,missing_pdb,False
Q8VYZ1,,missing_pdb,False
Q8VZ55,,missing_pdb,False
Q8VZ79,,missing_pdb,False
Q8VZI9,,missing_pdb,False
Q8VZJ7,,missing_pdb,False
Q8VZT8,,missing_pdb,False
Q8VZU4,,missing_pdb,False
Q8VZU8,,missing_pdb,False
Q8W0Y8,,missing_pdb,False
Q8W103,,missing_pdb,False
Q8W108,,missing_pdb,False
Q8W1E4,,missing_pdb,False
Q8W1E7,,missing_pdb,False
Q8W1Y0,,missing_pdb,False
Q8W3M7,,missing_pdb,False
Q8W3N3,,missing_pdb,False
Q8W3N5,,missing_pdb,False
Q8W487,,missing_pdb,False
Q8W4C3,,missing_pdb,False
Q8W4I9,,missing_pdb,False
Q8W4J2,,missing_pdb,False
Q8W4K2,,missing_pdb,False
Q8W4K6,,missing_pdb,False
Q8W5F3,,missing_pdb,False
Q8WTP8-2,,missing_pdb,False
Q8WTQ4,,missing_pdb,False
Q8WTR2,,missing_pdb,False
Q8WTR4,,missing_pdb,False
Q8WTT2,/data/ranran/my_ptm/croton/data/structure_pipeline/pdb/Q8WTT2.pdb,exact_sequence_match,True
Q8WTV0,,missing_pdb,False
Q8WTV1,,missing_pdb,False
Q8WTW3,,missing_pdb,False
Q8WTX9,,missing_pdb,False
Q8WU10,/data/ranran/my_ptm/croton/data/structure_pipeline/pdb/Q8WU10.pdb,exact_sequence_match,True
Q8WU17,,missing_pdb,False
Q8WU20,,missing_pdb,False
Q8WU39,,missing_pdb,False
Q8WU58,,missing_pdb,False
Q8WUA2,/data/ranran/my_ptm/croton/data/structure_pipeline/pdb/Q8WUA2.pdb,exact_sequence_match,True
Q8WUA4,,missing_pdb,False
Q8WUA7,,missing_pdb,False
Q8WUB2,,missing_pdb,False
Q8WUB8,,missing_pdb,False
Q8WUD4,/data/ranran/my_ptm/croton/data/structure_pipeline/pdb/Q8WUD4.pdb,exact_sequence_match,True
Q8WUD6,,missing_pdb,False
Q8WUF5,/data/ranran/my_ptm/croton/data/structure_pipeline/pdb/Q8WUF5.pdb,exact_sequence_match,True
Q8WUF8-2,,missing_pdb,False
Q8WUH1,,missing_pdb,False
Q8WUH6,,missing_pdb,False
Q8WUI4-9,,missing_pdb,False
Q8WUJ0,,missing_pdb,False
Q8WUJ1,,missing_pdb,False
Q8WUK0,,missing_pdb,False
Q8WUM0,/data/ranran/my_ptm/croton/data/structure_pipeline/pdb/Q8WUM0.pdb,exact_sequence_match,True
Q8WUM4-2,,missing_pdb,False
Q8WUM4-3,,missing_pdb,False
Q8WUQ7,,missing_pdb,False
Q8WUR7,,missing_pdb,False
Q8WUT1,,missing_pdb,False
Q8WUW1-2,,missing_pdb,False
Q8WUX2,/data/ranran/my_ptm/croton/data/structure_pipeline/pdb/Q8WUX2.pdb,exact_sequence_match,True
Q8WUX9,,missing_pdb,False
Q8WUY1,,missing_pdb,False
Q8WUY9,,missing_pdb,False
Q8WUZ0,,missing_pdb,False
Q8WV44-4,,missing_pdb,False
Q8WV48,,missing_pdb,False
Q8WV60,,missing_pdb,False
Q8WV74,,missing_pdb,False
Q8WV92,,missing_pdb,False
Q8WV99-2,,missing_pdb,False
Q8WVB3,,missing_pdb,False
Q8WVB6,,missing_pdb,False
Q8WVC6-2,,missing_pdb,False
Q8WVD3,,missing_pdb,False
Q8WVE6,,missing_pdb,False
Q8WVE7,,missing_pdb,False
Q8WVJ9,,missing_pdb,False
Q8WVK2,/data/ranran/my_ptm/croton/data/structure_pipeline/pdb/Q8WVK2.pdb,exact_sequence_match,True
Q8WVK7,,missing_pdb,False
Q8WVN6,,missing_pdb,False
Q8WVP7-2,,missing_pdb,False
Q8WVP7-3,,missing_pdb,False
Q8WVQ1,,missing_pdb,False
Q8WVS4,,missing_pdb,False
Q8WVV4,,missing_pdb,False
Q8WVV9-2,,missing_pdb,False
Q8WW12-3,,missing_pdb,False
Q8WW33,,missing_pdb,False
Q8WW35,,missing_pdb,False
Q8WWB5,,missing_pdb,False
Q8WWB7,,missing_pdb,False
Q8WWC4,/data/ranran/my_ptm/croton/data/structure_pipeline/pdb/Q8WWC4.pdb,exact_sequence_match,True
Q8WWF6,,missing_pdb,False
Q8WWH5,,missing_pdb,False
Q8WWK9,,missing_pdb,False
Q8WWL7,,missing_pdb,False
Q8WWM7-7,,missing_pdb,False
Q8WWN8,,missing_pdb,False
Q8WWP7,,missing_pdb,False
Q8WWW0,,missing_pdb,False
Q8WWY3,/data/ranran/my_ptm/croton/data/structure_pipeline/pdb/Q8WWY3.pdb,exact_sequence_match,True
Q8WWY7,,missing_pdb,False
Q8WWY8,,missing_pdb,False
Q8WXA9,,missing_pdb,False
Q8WXD2,,missing_pdb,False
Q8WXD5,/data/ranran/my_ptm/croton/data/structure_pipeline/pdb/Q8WXD5.pdb,exact_sequence_match,True
Q8WXE1,/data/ranran/my_ptm/croton/data/structure_pipeline/pdb/Q8WXE1.pdb,exact_sequence_match,True
Q8WXE9,,missing_pdb,False
Q8WXF1-2,,missing_pdb,False
Q8WXF8,,missing_pdb,False
Q8WXG6,,missing_pdb,False
Q8WXG9,,missing_pdb,False
Q8WXH0,,missing_pdb,False
Q8WXI7,,missing_pdb,False
Q8WXI8,,missing_pdb,False
Q8WXR4,,missing_pdb,False
Q8WXU2,,missing_pdb,False
Q8WXW3,/data/ranran/my_ptm/croton/data/structure_pipeline/pdb/Q8WXW3.pdb,exact_sequence_match,True
Q8WY22,/data/ranran/my_ptm/croton/data/structure_pipeline/pdb/Q8WY22.pdb,exact_sequence_match,True
Q8WY36,,missing_pdb,False
Q8WY41,,missing_pdb,False
Q8WY54,,missing_pdb,False
Q8WY64,,missing_pdb,False
Q8WY91,,missing_pdb,False
Q8WYA0,,missing_pdb,False
Q8WYA6,/data/ranran/my_ptm/croton/data/structure_pipeline/pdb/Q8WYA6.pdb,exact_sequence_match,True
Q8WYB5,,missing_pdb,False
Q8WYH2,,missing_pdb,False
Q8WYN0,,missing_pdb,False
Q8WYN3,,missing_pdb,False
Q8WYP3,,missing_pdb,False
Q8WYQ5,,missing_pdb,False
Q8WYQ9,,missing_pdb,False
Q8WYR1,,missing_pdb,False
Q8WYU9,,missing_pdb,False
Q8WYW5,,missing_pdb,False
Q8WZ19,,missing_pdb,False
Q8WZ60,,missing_pdb,False
Q8WZ64,,missing_pdb,False
Q8WZ82,/data/ranran/my_ptm/croton/data/structure_pipeline/pdb/Q8WZ82.pdb,exact_sequence_match,True
Q8WZA1,,missing_pdb,False
Q8WZA2,,missing_pdb,False
Q8X1T6,,missing_pdb,False
Q91V76,,missing_pdb,False
Q91V80,,missing_pdb,False
Q91VN4,,missing_pdb,False
Q91VN6,,missing_pdb,False
Q91VR5,,missing_pdb,False
Q91VU6,,missing_pdb,False
Q91VW3,,missing_pdb,False
Q91VW5,,missing_pdb,False
Q91VX2,,missing_pdb,False
Q91W18,,missing_pdb,False
Q91W36,,missing_pdb,False
Q91W43,,missing_pdb,False
Q91W86,,missing_pdb,False
Q91WB2,,missing_pdb,False
Q91WB4,,missing_pdb,False
Q91WD9,,missing_pdb,False
Q91WF7,,missing_pdb,False
Q91WG4,,missing_pdb,False
Q91WM6,,missing_pdb,False
Q91WN2,,missing_pdb,False
Q91WN4,,missing_pdb,False
Q91WU5,,missing_pdb,False
Q91WV7,,missing_pdb,False
Q91X05,,missing_pdb,False
Q91X44,,missing_pdb,False
Q91X51,,missing_pdb,False
Q91X70,,missing_pdb,False
Q91X72,,missing_pdb,False
Q91XD4,,missing_pdb,False
Q91XE4,,missing_pdb,False
Q91XE9,,missing_pdb,False
Q91XF0,,missing_pdb,False
Q91XG5,,missing_pdb,False
Q91XH5,,missing_pdb,False
Q91XL9,,missing_pdb,False
Q91XQ0,,missing_pdb,False
Q91XT4,,missing_pdb,False
Q91XW8,,missing_pdb,False
Q91XX3,,missing_pdb,False
Q91YD4,,missing_pdb,False
Q91YE6,,missing_pdb,False
Q91YJ3,,missing_pdb,False
Q91YN0,,missing_pdb,False
Q91YP3,,missing_pdb,False
Q91YT2,,missing_pdb,False
Q91YX5,,missing_pdb,False
Q91ZH7,,missing_pdb,False
Q91ZP3,,missing_pdb,False
Q91ZT9,,missing_pdb,False
Q920B0,,missing_pdb,False
Q920Q4,,missing_pdb,False
Q920Q8,,missing_pdb,False
Q92187,,missing_pdb,False
Q921C1,,missing_pdb,False
Q921G8,,missing_pdb,False
Q921I2,,missing_pdb,False
Q921J4,,missing_pdb,False
Q921L3,,missing_pdb,False
Q921Q3,,missing_pdb,False
Q921T2,,missing_pdb,False
Q921U8,,missing_pdb,False
Q921X6,,missing_pdb,False
Q922E4,,missing_pdb,False
Q922J9-4,,missing_pdb,False
Q922Q8,,missing_pdb,False
Q922Q9,,missing_pdb,False
Q922R1,,missing_pdb,False
Q92317,,missing_pdb,False
Q92328,,missing_pdb,False
Q92331,,missing_pdb,False
Q92356,,missing_pdb,False
Q92357,,missing_pdb,False
Q923B3,,missing_pdb,False
Q923F1,,missing_pdb,False
Q923I7,,missing_pdb,False
Q923Q2,,missing_pdb,False
Q92413,,missing_pdb,False
Q92466-5,,missing_pdb,False
Q92478,,missing_pdb,False
Q92481,/data/ranran/my_ptm/croton/data/structure_pipeline/pdb/Q92481.pdb,exact_sequence_match,True
Q924A2,,missing_pdb,False
Q924C1,,missing_pdb,False
Q924H2,,missing_pdb,False
Q924N4,,missing_pdb,False
Q924N5,,missing_pdb,False
Q924Y0,,missing_pdb,False
Q92521,,missing_pdb,False
Q92522,/data/ranran/my_ptm/croton/data/structure_pipeline/pdb/Q92522.pdb,exact_sequence_match,True
Q92535,/data/ranran/my_ptm/croton/data/structure_pipeline/pdb/Q92535.pdb,exact_sequence_match,True
Q92540-4,,missing_pdb,False
Q92541,/data/ranran/my_ptm/croton/data/structure_pipeline/pdb/Q92541.pdb,exact_sequence_match,True
Q92542,/data/ranran/my_ptm/croton/data/structure_pipeline/pdb/Q92542.pdb,exact_sequence_match,True
Q92543,,missing_pdb,False
Q92545,,missing_pdb,False
Q92546,,missing_pdb,False
Q92547,/data/ranran/my_ptm/croton/data/structure_pipeline/pdb/Q92547.pdb,exact_sequence_match,True
Q92552,/data/ranran/my_ptm/croton/data/structure_pipeline/pdb/Q92552.pdb,exact_sequence_match,True
Q92560,,missing_pdb,False
Q92564,,missing_pdb,False
Q92570,,missing_pdb,False
Q92574,/data/ranran/my_ptm/croton/data/structure_pipeline/pdb/Q92574.pdb,exact_sequence_match,True
Q92575,/data/ranran/my_ptm/croton/data/structure_pipeline/pdb/Q92575.pdb,exact_sequence_match,True
Q92576,/data/ranran/my_ptm/croton/data/structure_pipeline/pdb/Q92576.pdb,exact_sequence_match,True
Q92585,,missing_pdb,False
Q92598-4,,missing_pdb,False
Q925B5,,missing_pdb,False
Q925D4,,missing_pdb,False
Q925F0,,missing_pdb,False
Q925N0,,missing_pdb,False
Q92611,,missing_pdb,False
Q92618,,missing_pdb,False
Q92622,,missing_pdb,False
Q92626,,missing_pdb,False
Q92628,,missing_pdb,False
Q92636,,missing_pdb,False
Q92643,/data/ranran/my_ptm/croton/data/structure_pipeline/pdb/Q92643.pdb,exact_sequence_match,True
Q92664,,missing_pdb,False
Q92665,/data/ranran/my_ptm/croton/data/structure_pipeline/pdb/Q92665.pdb,exact_sequence_match,True
Q92667,/data/ranran/my_ptm/croton/data/structure_pipeline/pdb/Q92667.pdb,exact_sequence_match,True
Q92673,,missing_pdb,False
Q92674,,missing_pdb,False
Q92674-2,,missing_pdb,False
Q92681,,missing_pdb,False
Q92688-2,,missing_pdb,False
Q92692,,missing_pdb,False
Q92696,,missing_pdb,False
Q92733,/data/ranran/my_ptm/croton/data/structure_pipeline/pdb/Q92733.pdb,exact_sequence_match,True
Q92734,/data/ranran/my_ptm/croton/data/structure_pipeline/pdb/Q92734.pdb,exact_sequence_match,True
Q92738,,missing_pdb,False
Q92750,,missing_pdb,False
Q92766-2,,missing_pdb,False
Q92783-2,,missing_pdb,False
Q92791,,missing_pdb,False
Q92793,/data/ranran/my_ptm/croton/data/structure_pipeline/pdb/Q92793.pdb,exact_sequence_match,True
Q92797-2,,missing_pdb,False
Q92800,,missing_pdb,False
Q92802-2,,missing_pdb,False
Q92805,/data/ranran/my_ptm/croton/data/structure_pipeline/pdb/Q92805.pdb,exact_sequence_match,True
Q92813,,missing_pdb,False
Q92817,/data/ranran/my_ptm/croton/data/structure_pipeline/pdb/Q92817.pdb,exact_sequence_match,True
Q92820,/data/ranran/my_ptm/croton/data/structure_pipeline/pdb/Q92820.pdb,exact_sequence_match,True
Q92823-5,,missing_pdb,False
Q92826,,missing_pdb,False
Q92828,,missing_pdb,False
Q92830,,missing_pdb,False
Q92833,,missing_pdb,False
Q92834,,missing_pdb,False
Q92837,,missing_pdb,False
Q92841,/data/ranran/my_ptm/croton/data/structure_pipeline/pdb/Q92841.pdb,exact_sequence_match,True
Q92843,,missing_pdb,False
Q92843-2,,missing_pdb,False
Q92844-2,,missing_pdb,False
Q92851,,missing_pdb,False
Q92854,,missing_pdb,False
Q92859,,missing_pdb,False
Q92870,,missing_pdb,False
Q92878-2,,missing_pdb,False
Q92888,/data/ranran/my_ptm/croton/data/structure_pipeline/pdb/Q92888.pdb,exact_sequence_match,True
Q92889,/data/ranran/my_ptm/croton/data/structure_pipeline/pdb/Q92889.pdb,exact_sequence_match,True
Q92896-2,,missing_pdb,False
Q92902,,missing_pdb,False
Q92903,,missing_pdb,False
Q92904,,missing_pdb,False
Q92917,/data/ranran/my_ptm/croton/data/structure_pipeline/pdb/Q92917.pdb,exact_sequence_match,True
Q92925,,missing_pdb,False
Q92947,,missing_pdb,False
Q92953,,missing_pdb,False
Q92954,,missing_pdb,False
Q92966,,missing_pdb,False
Q92974,/data/ranran/my_ptm/croton/data/structure_pipeline/pdb/Q92974.pdb,exact_sequence_match,True
Q92982,,missing_pdb,False
Q92985-3,,missing_pdb,False
Q92985-4,,missing_pdb,False
Q92990,,missing_pdb,False
Q92990-2,,missing_pdb,False
Q92993-3,,missing_pdb,False
Q92994,,missing_pdb,False
Q92995,,missing_pdb,False
Q93073,,missing_pdb,False
Q93075,,missing_pdb,False
Q93V47,,missing_pdb,False
Q93V84,,missing_pdb,False
Q93VA8,,missing_pdb,False
Q93VA9,,missing_pdb,False
Q93VG5,,missing_pdb,False
Q93VH6,,missing_pdb,False
Q93VI4,,missing_pdb,False
Q93W20,,missing_pdb,False
Q93W87,,missing_pdb,False
Q93WH0,,missing_pdb,False
Q93WT0,,missing_pdb,False
Q93WV0,,missing_pdb,False
Q93XW7,,missing_pdb,False
Q93XZ6,,missing_pdb,False
Q93Y39,,missing_pdb,False
Q93YN3,,missing_pdb,False
Q93YP4,,missing_pdb,False
Q93YR3,,missing_pdb,False
Q93YS6,,missing_pdb,False
Q93Z17,,missing_pdb,False
Q93Z58,,missing_pdb,False
Q93Z70,,missing_pdb,False
Q93Z91,,missing_pdb,False
Q93ZG2,,missing_pdb,False
Q93ZG9,,missing_pdb,False
Q93ZJ9,,missing_pdb,False
Q93ZV7,,missing_pdb,False
Q93ZX4,,missing_pdb,False
Q940I0,,missing_pdb,False
Q940U9,,missing_pdb,False
Q940V1,,missing_pdb,False
Q940Y3,,missing_pdb,False
Q941A0,,missing_pdb,False
Q943E9,,missing_pdb,False
Q943Z6,,missing_pdb,False
Q944S8,,missing_pdb,False
Q94517,,missing_pdb,False
Q94519-2,,missing_pdb,False
Q94545-2,,missing_pdb,False
Q94546,,missing_pdb,False
Q94547,,missing_pdb,False
Q945P1,,missing_pdb,False
Q945P2,,missing_pdb,False
Q945W8,,missing_pdb,False
Q946J8,,missing_pdb,False
Q948I1,,missing_pdb,False
Q94901,,missing_pdb,False
Q949S7,,missing_pdb,False
Q949S9,,missing_pdb,False
Q949U7,,missing_pdb,False
Q949X1,,missing_pdb,False
Q94A28,,missing_pdb,False
Q94AC6,,missing_pdb,False
Q94AD1,,missing_pdb,False
Q94AI4,,missing_pdb,False
Q94AM9,,missing_pdb,False
Q94AX0,,missing_pdb,False
Q94BS2,,missing_pdb,False
Q94C20,,missing_pdb,False
Q94C21,,missing_pdb,False
Q94C48,,missing_pdb,False
Q94CK1,,missing_pdb,False
Q94DG6,,missing_pdb,False
Q94DM8,,missing_pdb,False
Q94EG6,,missing_pdb,False
Q94EI6,,missing_pdb,False
Q94F28,,missing_pdb,False
Q94F30,,missing_pdb,False
Q94FN2,,missing_pdb,False
Q94GG8,,missing_pdb,False
Q94HF1,,missing_pdb,False
Q94I50,,missing_pdb,False
Q94ID8,,missing_pdb,False
Q94JE1,,missing_pdb,False
Q94JF2,,missing_pdb,False
Q94JM2,,missing_pdb,False
Q94JM3,,missing_pdb,False
Q94JQ3,,missing_pdb,False
Q94JQ7,,missing_pdb,False
Q94JS0,,missing_pdb,False
Q94JV0,,missing_pdb,False
Q94JX8,,missing_pdb,False
Q94K48,,missing_pdb,False
Q94K65,,missing_pdb,False
Q94K71,,missing_pdb,False
Q94K75,,missing_pdb,False
Q94K80,,missing_pdb,False
Q94KD0,,missing_pdb,False
Q94KE2,,missing_pdb,False
Q95PE4,,missing_pdb,False
Q95RF6,,missing_pdb,False
Q95RH3,,missing_pdb,False
Q95RN0-2,,missing_pdb,False
Q95RR5,,missing_pdb,False
Q95RU0,,missing_pdb,False
Q95SH7,,missing_pdb,False
Q95SK3,,missing_pdb,False
Q95TJ9,,missing_pdb,False
Q95TN1,,missing_pdb,False
Q95U21,,missing_pdb,False
Q960K3,,missing_pdb,False
Q960T2-5,,missing_pdb,False
Q961A8,,missing_pdb,False
Q961B8,,missing_pdb,False
Q961C3,,missing_pdb,False
Q961D1,,missing_pdb,False
Q96253,,missing_pdb,False
Q96529,,missing_pdb,False
Q969F1,/data/ranran/my_ptm/croton/data/structure_pipeline/pdb/Q969F1.pdb,exact_sequence_match,True
Q969F8,,missing_pdb,False
Q969F9,,missing_pdb,False
Q969H0,,missing_pdb,False
Q969H4,,missing_pdb,False
Q969H6,,missing_pdb,False
Q969H8,/data/ranran/my_ptm/croton/data/structure_pipeline/pdb/Q969H8.pdb,exact_sequence_match,True
Q969J3,,missing_pdb,False
Q969K3,,missing_pdb,False
Q969K4,,missing_pdb,False
Q969L4,,missing_pdb,False
Q969M7,,missing_pdb,False
Q969P0,,missing_pdb,False
Q969P6,,missing_pdb,False
Q969Q6,,missing_pdb,False
Q969R5,,missing_pdb,False
Q969R8,,missing_pdb,False
Q969S0,,missing_pdb,False
Q969S2,,missing_pdb,False
Q969S3,/data/ranran/my_ptm/croton/data/structure_pipeline/pdb/Q969S3.pdb,exact_sequence_match,True
Q969S8,,missing_pdb,False
Q969S9,,missing_pdb,False
Q969U6-2,,missing_pdb,False
Q969U7,/data/ranran/my_ptm/croton/data/structure_pipeline/pdb/Q969U7.pdb,exact_sequence_match,True
Q969W9,,missing_pdb,False
Q969X0,,missing_pdb,False
Q969X5,/data/ranran/my_ptm/croton/data/structure_pipeline/pdb/Q969X5.pdb,exact_sequence_match,True
Q969Y0,,missing_pdb,False
Q969Y2,,missing_pdb,False
Q969Z0,/data/ranran/my_ptm/croton/data/structure_pipeline/pdb/Q969Z0.pdb,exact_sequence_match,True
Q969Z3-2,,missing_pdb,False
Q969Z4,,missing_pdb,False
Q96A09,,missing_pdb,False
Q96A10,,missing_pdb,False
Q96A19,,missing_pdb,False
Q96A26,/data/ranran/my_ptm/croton/data/structure_pipeline/pdb/Q96A26.pdb,exact_sequence_match,True
Q96A35,/data/ranran/my_ptm/croton/data/structure_pipeline/pdb/Q96A35.pdb,exact_sequence_match,True
Q96A44,,missing_pdb,False
Q96A59,,missing_pdb,False
Q96A61,,missing_pdb,False
Q96A65-2,,missing_pdb,False
Q96A73,,missing_pdb,False
Q96AA3,,missing_pdb,False
Q96AB3-2,,missing_pdb,False
Q96AD5,,missing_pdb,False
Q96AE7,,missing_pdb,False
Q96AG3,,missing_pdb,False
Q96AJ1,,missing_pdb,False
Q96AP0,,missing_pdb,False
Q96AP4,,missing_pdb,False
Q96AQ6,,missing_pdb,False
Q96AQ8,/data/ranran/my_ptm/croton/data/structure_pipeline/pdb/Q96AQ8.pdb,exact_sequence_match,True
Q96AT1,/data/ranran/my_ptm/croton/data/structure_pipeline/pdb/Q96AT1.pdb,exact_sequence_match,True
Q96AV8,,missing_pdb,False
Q96AX9-9,,missing_pdb,False
Q96AY2,,missing_pdb,False
Q96AY3,/data/ranran/my_ptm/croton/data/structure_pipeline/pdb/Q96AY3.pdb,exact_sequence_match,True
Q96AY4,/data/ranran/my_ptm/croton/data/structure_pipeline/pdb/Q96AY4.pdb,exact_sequence_match,True
Q96AZ6,,missing_pdb,False
Q96B01,,missing_pdb,False
Q96B13,,missing_pdb,False
Q96B23,,missing_pdb,False
Q96B26,/data/ranran/my_ptm/croton/data/structure_pipeline/pdb/Q96B26.pdb,exact_sequence_match,True
Q96B36,,missing_pdb,False
Q96B42,,missing_pdb,False
Q96B45,,missing_pdb,False
Q96B60,,missing_pdb,False
Q96B65,,missing_pdb,False
Q96B70,,missing_pdb,False
Q96B77,,missing_pdb,False
Q96B96,,missing_pdb,False
Q96B97,/data/ranran/my_ptm/croton/data/structure_pipeline/pdb/Q96B97.pdb,exact_sequence_match,True
Q96BA8,,missing_pdb,False
Q96BD0-3,,missing_pdb,False
Q96BD5,,missing_pdb,False
Q96BD8,/data/ranran/my_ptm/croton/data/structure_pipeline/pdb/Q96BD8.pdb,exact_sequence_match,True
Q96BF6,,missing_pdb,False
Q96BH1,,missing_pdb,False
Q96BI1,,missing_pdb,False
Q96BK5,,missing_pdb,False
Q96BN2,/data/ranran/my_ptm/croton/data/structure_pipeline/pdb/Q96BN2.pdb,exact_sequence_match,True
Q96BP2,,missing_pdb,False
Q96BQ5,,missing_pdb,False
Q96BR1,,missing_pdb,False
Q96BR9,,missing_pdb,False
Q96BT3,,missing_pdb,False
Q96BT7,,missing_pdb,False
Q96BU1,,missing_pdb,False
Q96BW1,,missing_pdb,False
Q96BY7,,missing_pdb,False
Q96BZ4,,missing_pdb,False
Q96BZ8,,missing_pdb,False
Q96BZ9,,missing_pdb,False
Q96C00,,missing_pdb,False
Q96C03-2,,missing_pdb,False
Q96C12,,missing_pdb,False
Q96C24,,missing_pdb,False
Q96C36,/data/ranran/my_ptm/croton/data/structure_pipeline/pdb/Q96C36.pdb,exact_sequence_match,True
Q96C57,/data/ranran/my_ptm/croton/data/structure_pipeline/pdb/Q96C57.pdb,exact_sequence_match,True
Q96C74,,missing_pdb,False
Q96C92,,missing_pdb,False
Q96CB8,,missing_pdb,False
Q96CB9,,missing_pdb,False
Q96CB9-2,,missing_pdb,False
Q96CD2,,missing_pdb,False
Q96CG3,,missing_pdb,False
Q96CM3,,missing_pdb,False
Q96CN5,,missing_pdb,False
Q96CN7,,missing_pdb,False
Q96CN9,,missing_pdb,False
Q96CP2,,missing_pdb,False
Q96CS2,,missing_pdb,False
Q96CU4,,missing_pdb,False
Q96CU9,,missing_pdb,False
Q96CW5-3,,missing_pdb,False
Q96CW6,,missing_pdb,False
Q96CX2,,missing_pdb,False
Q96CX3,,missing_pdb,False
Q96CX6,,missing_pdb,False
Q96D09,,missing_pdb,False
Q96D53,,missing_pdb,False
Q96D70,,missing_pdb,False
Q96D71,/data/ranran/my_ptm/croton/data/structure_pipeline/pdb/Q96D71.pdb,exact_sequence_match,True
Q96D96,,missing_pdb,False
Q96D98,,missing_pdb,False
Q96DA6,,missing_pdb,False
Q96DB5,/data/ranran/my_ptm/croton/data/structure_pipeline/pdb/Q96DB5.pdb,exact_sequence_match,True
Q96DB9,,missing_pdb,False
Q96DC7,,missing_pdb,False
Q96DE5,,missing_pdb,False
Q96DF8,,missing_pdb,False
Q96DN5,,missing_pdb,False
Q96DR7,,missing_pdb,False
Q96DT7,,missing_pdb,False
Q96DU3,,missing_pdb,False
Q96DU7,,missing_pdb,False
Q96DU9,,missing_pdb,False
Q96DV4,/data/ranran/my_ptm/croton/data/structure_pipeline/pdb/Q96DV4.pdb,exact_sequence_match,True
Q96DX4,,missing_pdb,False
Q96DY2,,missing_pdb,False
Q96DY5,,missing_pdb,False
Q96DY7,,missing_pdb,False
Q96DZ1,/data/ranran/my_ptm/croton/data/structure_pipeline/pdb/Q96DZ1.pdb,exact_sequence_match,True
Q96DZ7,,missing_pdb,False
Q96E11,/data/ranran/my_ptm/croton/data/structure_pipeline/pdb/Q96E11.pdb,exact_sequence_match,True
Q96E14,,missing_pdb,False
Q96E16,,missing_pdb,False
Q96E22,,missing_pdb,False
Q96E29,/data/ranran/my_ptm/croton/data/structure_pipeline/pdb/Q96E29.pdb,exact_sequence_match,True
Q96E35,,missing_pdb,False
Q96E40,,missing_pdb,False
Q96E52,,missing_pdb,False
Q96EA4,/data/ranran/my_ptm/croton/data/structure_pipeline/pdb/Q96EA4.pdb,exact_sequence_match,True
Q96EB1,,missing_pdb,False
Q96EB6,/data/ranran/my_ptm/croton/data/structure_pipeline/pdb/Q96EB6.pdb,exact_sequence_match,True
Q96EC8,/data/ranran/my_ptm/croton/data/structure_pipeline/pdb/Q96EC8.pdb,exact_sequence_match,True
Q96EE3-1,,missing_pdb,False
Q96EE4,,missing_pdb,False
Q96EF0,,missing_pdb,False
Q96EF9,,missing_pdb,False
Q96EG1,,missing_pdb,False
Q96EH3,,missing_pdb,False
Q96EH8,,missing_pdb,False
Q96EI5-2,,missing_pdb,False
Q96EK4,,missing_pdb,False
Q96EK5,/data/ranran/my_ptm/croton/data/structure_pipeline/pdb/Q96EK5.pdb,exact_sequence_match,True
Q96EK7,,missing_pdb,False
Q96EK9,,missing_pdb,False
Q96EL2,,missing_pdb,False
Q96EL3,/data/ranran/my_ptm/croton/data/structure_pipeline/pdb/Q96EL3.pdb,exact_sequence_match,True
Q96EM0,,missing_pdb,False
Q96EN8,,missing_pdb,False
Q96EP0,,missing_pdb,False
Q96EP1,,missing_pdb,False
Q96ER3,,missing_pdb,False
Q96ER9,/data/ranran/my_ptm/croton/data/structure_pipeline/pdb/Q96ER9.pdb,exact_sequence_match,True
Q96ES6,,missing_pdb,False
Q96ES7,/data/ranran/my_ptm/croton/data/structure_pipeline/pdb/Q96ES7.pdb,exact_sequence_match,True
Q96ET8,,missing_pdb,False
Q96EU6,,missing_pdb,False
Q96EU7,,missing_pdb,False
Q96EV2,,missing_pdb,False
Q96EV8,,missing_pdb,False
Q96EW2,,missing_pdb,False
Q96EW2-3,,missing_pdb,False
Q96EX1,/data/ranran/my_ptm/croton/data/structure_pipeline/pdb/Q96EX1.pdb,exact_sequence_match,True
Q96EX2,,missing_pdb,False
Q96EX3,,missing_pdb,False
Q96EY1,/data/ranran/my_ptm/croton/data/structure_pipeline/pdb/Q96EY1.pdb,exact_sequence_match,True
Q96EY4,/data/ranran/my_ptm/croton/data/structure_pipeline/pdb/Q96EY4.pdb,exact_sequence_match,True
Q96EY7,/data/ranran/my_ptm/croton/data/structure_pipeline/pdb/Q96EY7.pdb,exact_sequence_match,True
Q96EY8,/data/ranran/my_ptm/croton/data/structure_pipeline/pdb/Q96EY8.pdb,exact_sequence_match,True
Q96EZ4,,missing_pdb,False
Q96F24,/data/ranran/my_ptm/croton/data/structure_pipeline/pdb/Q96F24.pdb,exact_sequence_match,True
Q96F25,,missing_pdb,False
Q96F45,,missing_pdb,False
Q96F46,,missing_pdb,False
Q96F63,,missing_pdb,False
Q96F81,,missing_pdb,False
Q96F86,/data/ranran/my_ptm/croton/data/structure_pipeline/pdb/Q96F86.pdb,exact_sequence_match,True
Q96FA7,,missing_pdb,False
Q96FB5,,missing_pdb,False
Q96FC9,,missing_pdb,False
Q96FC9-5,,missing_pdb,False
Q96FE7,,missing_pdb,False
Q96FH0,,missing_pdb,False
Q96FJ0,,missing_pdb,False
Q96FK6,,missing_pdb,False
Q96FL8,,missing_pdb,False
Q96FQ6,/data/ranran/my_ptm/croton/data/structure_pipeline/pdb/Q96FQ6.pdb,exact_sequence_match,True
Q96FS4,,missing_pdb,False
Q96FT9,,missing_pdb,False
Q96FV0,,missing_pdb,False
Q96FV2,,missing_pdb,False
Q96FV9-2,,missing_pdb,False
Q96FW1-2,,missing_pdb,False
Q96FX7,,missing_pdb,False
Q96FZ2,/data/ranran/my_ptm/croton/data/structure_pipeline/pdb/Q96FZ2.pdb,exact_sequence_match,True
Q96G01,/data/ranran/my_ptm/croton/data/structure_pipeline/pdb/Q96G01.pdb,exact_sequence_match,True
Q96G21,,missing_pdb,False
Q96G25,/data/ranran/my_ptm/croton/data/structure_pipeline/pdb/Q96G25.pdb,exact_sequence_match,True
Q96G27,,missing_pdb,False
Q96G46-2,,missing_pdb,False
Q96G74,/data/ranran/my_ptm/croton/data/structure_pipeline/pdb/Q96G74.pdb,exact_sequence_match,True
Q96G97,,missing_pdb,False
Q96G97-3,,missing_pdb,False
Q96GA3,/data/ranran/my_ptm/croton/data/structure_pipeline/pdb/Q96GA3.pdb,exact_sequence_match,True
Q96GC5,/data/ranran/my_ptm/croton/data/structure_pipeline/pdb/Q96GC5.pdb,exact_sequence_match,True
Q96GC9,,missing_pdb,False
Q96GE9,,missing_pdb,False
Q96GI7,,missing_pdb,False
Q96GJ1,,missing_pdb,False
Q96GM8,,missing_pdb,False
Q96GN5,,missing_pdb,False
Q96GP6,,missing_pdb,False
Q96GQ5,,missing_pdb,False
Q96GQ7,,missing_pdb,False
Q96GS6-3,,missing_pdb,False
Q96GU1,,missing_pdb,False
Q96GV9,,missing_pdb,False
Q96GW1,,missing_pdb,False
Q96GX1,,missing_pdb,False
Q96GX5,,missing_pdb,False
Q96GX9,,missing_pdb,False
Q96GY0,,missing_pdb,False
Q96GY3,,missing_pdb,False
Q96GZ6,,missing_pdb,False
Q96H22,,missing_pdb,False
Q96H22-2,,missing_pdb,False
Q96H35,,missing_pdb,False
Q96H55,,missing_pdb,False
Q96H55-2,,missing_pdb,False
Q96H55-4,,missing_pdb,False
Q96H78,,missing_pdb,False
Q96H79,,missing_pdb,False
Q96H96,,missing_pdb,False
Q96HA1,/data/ranran/my_ptm/croton/data/structure_pipeline/pdb/Q96HA1.pdb,exact_sequence_match,True
Q96HA7,,missing_pdb,False
Q96HA8,,missing_pdb,False
Q96HE9,,missing_pdb,False
Q96HH4,,missing_pdb,False
Q96HH6,/data/ranran/my_ptm/croton/data/structure_pipeline/pdb/Q96HH6.pdb,exact_sequence_match,True
Q96HI0,,missing_pdb,False
Q96HJ3,,missing_pdb,False
Q96HJ9,,missing_pdb,False
Q96HJ9-2,,missing_pdb,False
Q96HN1,,missing_pdb,False
Q96HP4,,missing_pdb,False
Q96HQ2,,missing_pdb,False
Q96HR3,,missing_pdb,False
Q96HR8,,missing_pdb,False
Q96HS1,/data/ranran/my_ptm/croton/data/structure_pipeline/pdb/Q96HS1.pdb,exact_sequence_match,True
Q96HT8,,missing_pdb,False
Q96HU1-2,,missing_pdb,False
Q96HV5,,missing_pdb,False
Q96HW7,,missing_pdb,False
Q96HW7-2,,missing_pdb,False
Q96HY3,,missing_pdb,False
Q96HY7,/data/ranran/my_ptm/croton/data/structure_pipeline/pdb/Q96HY7.pdb,exact_sequence_match,True
Q96I23,,missing_pdb,False
Q96I25,/data/ranran/my_ptm/croton/data/structure_pipeline/pdb/Q96I25.pdb,exact_sequence_match,True
Q96I36,,missing_pdb,False
Q96I51,,missing_pdb,False
Q96I59-2,,missing_pdb,False
Q96IG2,,missing_pdb,False
Q96II8-2,,missing_pdb,False
Q96IJ6-2,,missing_pdb,False
Q96IK1,,missing_pdb,False
Q96IK1-2,,missing_pdb,False
Q96IK5,,missing_pdb,False
Q96IR7,,missing_pdb,False
Q96IV0,,missing_pdb,False
Q96IW7,,missing_pdb,False
Q96IY1,,missing_pdb,False
Q96IZ0,/data/ranran/my_ptm/croton/data/structure_pipeline/pdb/Q96IZ0.pdb,exact_sequence_match,True
Q96IZ5,,missing_pdb,False
Q96IZ7,,missing_pdb,False
Q96J01,/data/ranran/my_ptm/croton/data/structure_pipeline/pdb/Q96J01.pdb,exact_sequence_match,True
Q96J42,,missing_pdb,False
Q96J88,,missing_pdb,False
Q96J92,,missing_pdb,False
Q96JA4,,missing_pdb,False
Q96JB2,/data/ranran/my_ptm/croton/data/structure_pipeline/pdb/Q96JB2.pdb,exact_sequence_match,True
Q96JC9,,missing_pdb,False
Q96JF6,,missing_pdb,False
Q96JI7,,missing_pdb,False
Q96JJ7-2,,missing_pdb,False
Q96JM2,,missing_pdb,False
Q96JM3,,missing_pdb,False
Q96JM7,,missing_pdb,False
Q96JN0,,missing_pdb,False
Q96JN2,,missing_pdb,False
Q96JP5,,missing_pdb,False
Q96JQ0,,missing_pdb,False
Q96JS3,,missing_pdb,False
Q96JT2,,missing_pdb,False
Q96JX3,,missing_pdb,False
Q96JZ2,,missing_pdb,False
Q96K19,,missing_pdb,False
Q96K19-3,,missing_pdb,False
Q96K19-5,,missing_pdb,False
Q96K21,,missing_pdb,False
Q96K31,,missing_pdb,False
Q96K37-2,,missing_pdb,False
Q96K58,,missing_pdb,False
Q96KA5,,missing_pdb,False
Q96KB5-2,,missing_pdb,False
Q96KC8,,missing_pdb,False
Q96KM6,/data/ranran/my_ptm/croton/data/structure_pipeline/pdb/Q96KM6.pdb,exact_sequence_match,True
Q96KN1,,missing_pdb,False
Q96KN3,,missing_pdb,False
Q96KP1,/data/ranran/my_ptm/croton/data/structure_pipeline/pdb/Q96KP1.pdb,exact_sequence_match,True
Q96KV6,,missing_pdb,False
Q96KV7,,missing_pdb,False
Q96L03,,missing_pdb,False
Q96L08,,missing_pdb,False
Q96L50-2,,missing_pdb,False
Q96L58,,missing_pdb,False
Q96L73,,missing_pdb,False
Q96L91,,missing_pdb,False
Q96L92,/data/ranran/my_ptm/croton/data/structure_pipeline/pdb/Q96L92.pdb,exact_sequence_match,True
Q96LA5,,missing_pdb,False
Q96LD4,,missing_pdb,False
Q96LI9,,missing_pdb,False
Q96LJ7,,missing_pdb,False
Q96LK8,,missing_pdb,False
Q96LP2,,missing_pdb,False
Q96LR9,,missing_pdb,False
Q96LT7,,missing_pdb,False
Q96LT9,,missing_pdb,False
Q96LW4,,missing_pdb,False
Q96LW7,,missing_pdb,False
Q96LX8,,missing_pdb,False
Q96M02,,missing_pdb,False
Q96M11,,missing_pdb,False
Q96M27,/data/ranran/my_ptm/croton/data/structure_pipeline/pdb/Q96M27.pdb,exact_sequence_match,True
Q96M89,,missing_pdb,False
Q96M96,/data/ranran/my_ptm/croton/data/structure_pipeline/pdb/Q96M96.pdb,exact_sequence_match,True
Q96M98,,missing_pdb,False
Q96MA6,,missing_pdb,False
Q96MC5,,missing_pdb,False
Q96MD2,,missing_pdb,False
Q96ME1,/data/ranran/my_ptm/croton/data/structure_pipeline/pdb/Q96ME1.pdb;/data/ranran/my_ptm/croton/data/structure_pipeline/pdb/AF-Q96ME1-F1-model_v6.pdb,sequence_mismatch,False
Q96ME1-3,,missing_pdb,False
Q96ME7,/data/ranran/my_ptm/croton/data/structure_pipeline/pdb/Q96ME7.pdb,exact_sequence_match,True
Q96MF7,,missing_pdb,False
Q96MG7,,missing_pdb,False
Q96MH2,,missing_pdb,False
Q96MH6,,missing_pdb,False
Q96MH6-2,,missing_pdb,False
Q96MH6-3,,missing_pdb,False
Q96MH7,,missing_pdb,False
Q96MM3,,missing_pdb,False
Q96MN5,,missing_pdb,False
Q96MP5,,missing_pdb,False
Q96MR6,,missing_pdb,False
Q96MS0,,missing_pdb,False
Q96MT1,,missing_pdb,False
Q96MT8,,missing_pdb,False
Q96MU7,/data/ranran/my_ptm/croton/data/structure_pipeline/pdb/Q96MU7.pdb,exact_sequence_match,True
Q96MW7,,missing_pdb,False
Q96MX0,,missing_pdb,False
Q96MY7,,missing_pdb,False
Q96N11,,missing_pdb,False
Q96N16,,missing_pdb,False
Q96N21,,missing_pdb,False
Q96N23,,missing_pdb,False
Q96N38,,missing_pdb,False
Q96N46,,missing_pdb,False
Q96N64,,missing_pdb,False
Q96N66,,missing_pdb,False
Q96N66-3,,missing_pdb,False
Q96N67,,missing_pdb,False
Q96NA8,,missing_pdb,False
Q96NB1,,missing_pdb,False
Q96NB3,/data/ranran/my_ptm/croton/data/structure_pipeline/pdb/Q96NB3.pdb,exact_sequence_match,True
Q96ND0,/data/ranran/my_ptm/croton/data/structure_pipeline/pdb/Q96ND0.pdb,exact_sequence_match,True
Q96NE9,,missing_pdb,False
Q96NG3,,missing_pdb,False
Q96NH3-4,,missing_pdb,False
Q96NL6,,missing_pdb,False
Q96NT1,,missing_pdb,False
Q96NT3,,missing_pdb,False
Q96NT5,,missing_pdb,False
Q96NU7,,missing_pdb,False
Q96NW4,,missing_pdb,False
Q96NW7,,missing_pdb,False
Q96NY7,,missing_pdb,False
Q96NY8,,missing_pdb,False
Q96NY9,,missing_pdb,False
Q96NZ1,,missing_pdb,False
Q96P11-2,,missing_pdb,False
Q96P50,,missing_pdb,False
Q96P56,,missing_pdb,False
Q96P71,,missing_pdb,False
Q96P71-3,,missing_pdb,False
Q96PC5,/data/ranran/my_ptm/croton/data/structure_pipeline/pdb/Q96PC5.pdb,exact_sequence_match,True
Q96PD2-2,,missing_pdb,False
Q96PE2,,missing_pdb,False
Q96PE3,,missing_pdb,False
Q96PK6-2,,missing_pdb,False
Q96PN8,,missing_pdb,False
Q96PQ7,,missing_pdb,False
Q96PU4-2,,missing_pdb,False
Q96PU9,,missing_pdb,False
Q96PV0,,missing_pdb,False
Q96PV4,,missing_pdb,False
Q96PV6,,missing_pdb,False
Q96PV7,,missing_pdb,False
Q96PX9,,missing_pdb,False
Q96PY6,,missing_pdb,False
Q96Q05-2,,missing_pdb,False
Q96Q06-2,,missing_pdb,False
Q96Q11,/data/ranran/my_ptm/croton/data/structure_pipeline/pdb/Q96Q11.pdb,exact_sequence_match,True
Q96Q15,,missing_pdb,False
Q96Q15-4,,missing_pdb,False
Q96Q45,,missing_pdb,False
Q96Q83,/data/ranran/my_ptm/croton/data/structure_pipeline/pdb/Q96Q83.pdb,exact_sequence_match,True
Q96Q89-2,,missing_pdb,False
Q96QB1,,missing_pdb,False
Q96QC0,/data/ranran/my_ptm/croton/data/structure_pipeline/pdb/Q96QC0.pdb,exact_sequence_match,True
Q96QD5,/data/ranran/my_ptm/croton/data/structure_pipeline/pdb/Q96QD5.pdb,exact_sequence_match,True
Q96QD9,,missing_pdb,False
Q96QD9-3,,missing_pdb,False
Q96QE2,,missing_pdb,False
Q96QE3,,missing_pdb,False
Q96QE3-2,,missing_pdb,False
Q96QE4,,missing_pdb,False
Q96QE5,/data/ranran/my_ptm/croton/data/structure_pipeline/pdb/Q96QE5.pdb,exact_sequence_match,True
Q96QF0,,missing_pdb,False
Q96QG7,,missing_pdb,False
Q96QT6,,missing_pdb,False
Q96QU8,/data/ranran/my_ptm/croton/data/structure_pipeline/pdb/Q96QU8.pdb,exact_sequence_match,True
Q96QV1,,missing_pdb,False
Q96QW7,,missing_pdb,False
Q96QZ7,,missing_pdb,False
Q96R06,/data/ranran/my_ptm/croton/data/structure_pipeline/pdb/Q96R06.pdb,exact_sequence_match,True
Q96RD7,,missing_pdb,False
Q96RF0,,missing_pdb,False
Q96RG2-2,,missing_pdb,False
Q96RL1-2,,missing_pdb,False
Q96RL1-5,,missing_pdb,False
Q96RR1,,missing_pdb,False
Q96RR4,,missing_pdb,False
Q96RS0,,missing_pdb,False
Q96RS6,,missing_pdb,False
Q96RT6,,missing_pdb,False
Q96RT7,/data/ranran/my_ptm/croton/data/structure_pipeline/pdb/Q96RT7.pdb,exact_sequence_match,True
Q96RT8,,missing_pdb,False
Q96RU3,/data/ranran/my_ptm/croton/data/structure_pipeline/pdb/Q96RU3.pdb,exact_sequence_match,True
Q96RW7,,missing_pdb,False
Q96RY5,,missing_pdb,False
Q96RY7,/data/ranran/my_ptm/croton/data/structure_pipeline/pdb/Q96RY7.pdb,exact_sequence_match,True
Q96S15,,missing_pdb,False
Q96S19,,missing_pdb,False
Q96S21,,missing_pdb,False
Q96S38,,missing_pdb,False
Q96S44,,missing_pdb,False
Q96S52,/data/ranran/my_ptm/croton/data/structure_pipeline/pdb/Q96S52.pdb,exact_sequence_match,True
Q96S53,,missing_pdb,False
Q96S55,/data/ranran/my_ptm/croton/data/structure_pipeline/pdb/Q96S55.pdb,exact_sequence_match,True
Q96S55-3,,missing_pdb,False
Q96S55-4,,missing_pdb,False
Q96S59,,missing_pdb,False
Q96S59-2,,missing_pdb,False
Q96S59-3,,missing_pdb,False
Q96S65,,missing_pdb,False
Q96S66,/data/ranran/my_ptm/croton/data/structure_pipeline/pdb/Q96S66.pdb,exact_sequence_match,True
Q96SB8-2,,missing_pdb,False
Q96SD1,,missing_pdb,False
Q96SK2-4,,missing_pdb,False
Q96SL1,,missing_pdb,False
Q96SL8,,missing_pdb,False
Q96ST2,/data/ranran/my_ptm/croton/data/structure_pipeline/pdb/Q96ST2.pdb,exact_sequence_match,True
Q96ST8,,missing_pdb,False
Q96SY0-2,,missing_pdb,False
Q96SZ5,,missing_pdb,False
Q96SZ6,/data/ranran/my_ptm/croton/data/structure_pipeline/pdb/Q96SZ6.pdb,exact_sequence_match,True
Q96T17,/data/ranran/my_ptm/croton/data/structure_pipeline/pdb/Q96T17.pdb,exact_sequence_match,True
Q96T21,,missing_pdb,False
Q96T23,/data/ranran/my_ptm/croton/data/structure_pipeline/pdb/Q96T23.pdb,exact_sequence_match,True
Q96T37,/data/ranran/my_ptm/croton/data/structure_pipeline/pdb/Q96T37.pdb,exact_sequence_match,True
Q96T49,,missing_pdb,False
Q96T51-3,,missing_pdb,False
Q96T52,,missing_pdb,False
Q96T58,,missing_pdb,False
Q96T68,,missing_pdb,False
Q96T76-8,,missing_pdb,False
Q96TA2,/data/ranran/my_ptm/croton/data/structure_pipeline/pdb/Q96TA2.pdb,exact_sequence_match,True
Q96UL8,,missing_pdb,False
Q96V54,,missing_pdb,False
Q96VT4,,missing_pdb,False
Q96WY0,,missing_pdb,False
Q99028,,missing_pdb,False
Q99181,,missing_pdb,False
Q99186,,missing_pdb,False
Q99189,,missing_pdb,False
Q99190,,missing_pdb,False
Q99207,,missing_pdb,False
Q99216,,missing_pdb,False
Q99220,,missing_pdb,False
Q99222,,missing_pdb,False
Q99234,,missing_pdb,False
Q99246,,missing_pdb,False
Q99247,,missing_pdb,False
Q99259,,missing_pdb,False
Q99288,,missing_pdb,False
Q99296,,missing_pdb,False
Q99299,,missing_pdb,False
Q99359,,missing_pdb,False
Q99382,,missing_pdb,False
Q99383,,missing_pdb,False
Q99393,,missing_pdb,False
Q99417,/data/ranran/my_ptm/croton/data/structure_pipeline/pdb/Q99417.pdb,exact_sequence_match,True
Q99426-2,,missing_pdb,False
Q99437,,missing_pdb,False
Q99442,/data/ranran/my_ptm/croton/data/structure_pipeline/pdb/Q99442.pdb,exact_sequence_match,True
Q99453,,missing_pdb,False
Q99456,,missing_pdb,False
Q99457,,missing_pdb,False
Q99467,,missing_pdb,False
Q99470,,missing_pdb,False
Q99490,,missing_pdb,False
Q99501,,missing_pdb,False
Q99519,,missing_pdb,False
Q99523,,missing_pdb,False
Q99538,,missing_pdb,False
Q99541,/data/ranran/my_ptm/croton/data/structure_pipeline/pdb/Q99541.pdb,exact_sequence_match,True
Q99549-2,,missing_pdb,False
Q99550,,missing_pdb,False
Q99551,,missing_pdb,False
Q99558,,missing_pdb,False
Q99575,/data/ranran/my_ptm/croton/data/structure_pipeline/pdb/Q99575.pdb,exact_sequence_match,True
Q99590,/data/ranran/my_ptm/croton/data/structure_pipeline/pdb/Q99590.pdb,exact_sequence_match,True
Q99607,,missing_pdb,False
Q99612,,missing_pdb,False
Q99614,/data/ranran/my_ptm/croton/data/structure_pipeline/pdb/Q99614.pdb,exact_sequence_match,True
Q99618,,missing_pdb,False
Q99633-2,,missing_pdb,False
Q99640,,missing_pdb,False
Q99650,,missing_pdb,False
Q99665,,missing_pdb,False
Q99683,,missing_pdb,False
Q99684,,missing_pdb,False
Q99698,,missing_pdb,False
Q99698-2,,missing_pdb,False
Q99698-3,,missing_pdb,False
Q99700,/data/ranran/my_ptm/croton/data/structure_pipeline/pdb/Q99700.pdb,exact_sequence_match,True
Q99700-2,,missing_pdb,False
Q99704,,missing_pdb,False
Q99707,/data/ranran/my_ptm/croton/data/structure_pipeline/pdb/Q99707.pdb,exact_sequence_match,True
Q99708,,missing_pdb,False
Q99715,,missing_pdb,False
Q99720,,missing_pdb,False
Q99727,,missing_pdb,False
Q99728,,missing_pdb,False
Q99732,,missing_pdb,False
Q99735,,missing_pdb,False
Q99741,,missing_pdb,False
Q99750,,missing_pdb,False
Q99757,/data/ranran/my_ptm/croton/data/structure_pipeline/pdb/Q99757.pdb,exact_sequence_match,True
Q99759,,missing_pdb,False
Q99784,/data/ranran/my_ptm/croton/data/structure_pipeline/pdb/Q99784.pdb,exact_sequence_match,True
Q99797,,missing_pdb,False
Q99801,,missing_pdb,False
Q99807,,missing_pdb,False
Q99814,,missing_pdb,False
Q99832-2,,missing_pdb,False
Q99836,,missing_pdb,False
Q99856,,missing_pdb,False
Q99871,,missing_pdb,False
Q99941,,missing_pdb,False
Q99943,,missing_pdb,False
Q99959,,missing_pdb,False
Q99967,,missing_pdb,False
Q99988,,missing_pdb,False
Q99990,,missing_pdb,False
Q99996,,missing_pdb,False
Q99J23,,missing_pdb,False
Q99J39,,missing_pdb,False
Q99J45,,missing_pdb,False
Q99J79,,missing_pdb,False
Q99J83,,missing_pdb,False
Q99J93,,missing_pdb,False
Q99JB7,,missing_pdb,False
Q99JG2,,missing_pdb,False
Q99JP7,,missing_pdb,False
Q99K01-4,,missing_pdb,False
Q99K24,,missing_pdb,False
Q99K82,,missing_pdb,False
Q99K95,,missing_pdb,False
Q99K99,,missing_pdb,False
Q99KC8,,missing_pdb,False
Q99KD5,,missing_pdb,False
Q99KI3,,missing_pdb,False
Q99KK7,,missing_pdb,False
Q99KU6,,missing_pdb,False
Q99KX1,,missing_pdb,False
Q99L60,,missing_pdb,False
Q99LB6,,missing_pdb,False
Q99LC9,,missing_pdb,False
Q99LF7,,missing_pdb,False
Q99LG0,,missing_pdb,False
Q99LT0,,missing_pdb,False
Q99LY2,,missing_pdb,False
Q99ME2,,missing_pdb,False
Q99MH6,,missing_pdb,False
Q99MJ6,,missing_pdb,False
Q99MQ5,,missing_pdb,False
Q99MS7,,missing_pdb,False
Q99MT6,,missing_pdb,False
Q99MV2,,missing_pdb,False
Q99MZ7,,missing_pdb,False
Q99N92,,missing_pdb,False
Q99NA9,,missing_pdb,False
Q99P65,,missing_pdb,False
Q99P91,,missing_pdb,False
Q99PE8,,missing_pdb,False
Q99PJ1,,missing_pdb,False
Q99PL5,,missing_pdb,False
Q99PM3,,missing_pdb,False
Q99PN3,,missing_pdb,False
Q99PP7,,missing_pdb,False
Q99PU8,,missing_pdb,False
Q99PW8,,missing_pdb,False
Q9AS33,,missing_pdb,False
Q9ASJ1,,missing_pdb,False
Q9ASP6,,missing_pdb,False
Q9ASS2,,missing_pdb,False
Q9AST1,,missing_pdb,False
Q9ASV6,,missing_pdb,False
Q9ASW8,,missing_pdb,False
Q9AV57,,missing_pdb,False
Q9AWL7,,missing_pdb,False
Q9AWL7-2,,missing_pdb,False
Q9AWU5,,missing_pdb,False
Q9AXA6,,missing_pdb,False
Q9AY34,,missing_pdb,False
Q9AY55,,missing_pdb,False
Q9AYK3,,missing_pdb,False
Q9BCZ4,,missing_pdb,False
Q9BDB7,,missing_pdb,False
Q9BKJ2,,missing_pdb,False
Q9BPX3,/data/ranran/my_ptm/croton/data/structure_pipeline/pdb/Q9BPX3.pdb,exact_sequence_match,True
Q9BPX5,/data/ranran/my_ptm/croton/data/structure_pipeline/pdb/Q9BPX5.pdb,exact_sequence_match,True
Q9BPX6,/data/ranran/my_ptm/croton/data/structure_pipeline/pdb/Q9BPX6.pdb,exact_sequence_match,True
Q9BPX7,,missing_pdb,False
Q9BPZ3,,missing_pdb,False
Q9BPZ7,,missing_pdb,False
Q9BQ13,,missing_pdb,False
Q9BQ15,/data/ranran/my_ptm/croton/data/structure_pipeline/pdb/Q9BQ15.pdb,exact_sequence_match,True
Q9BQ24,,missing_pdb,False
Q9BQ49,,missing_pdb,False
Q9BQ61,/data/ranran/my_ptm/croton/data/structure_pipeline/pdb/Q9BQ61.pdb,exact_sequence_match,True
Q9BQ65,,missing_pdb,False
Q9BQ69,/data/ranran/my_ptm/croton/data/structure_pipeline/pdb/Q9BQ69.pdb,exact_sequence_match,True
Q9BQ75,/data/ranran/my_ptm/croton/data/structure_pipeline/pdb/Q9BQ75.pdb,exact_sequence_match,True
Q9BQ89,,missing_pdb,False
Q9BQ90,,missing_pdb,False
Q9BQ95,,missing_pdb,False
Q9BQA1,,missing_pdb,False
Q9BQA5,,missing_pdb,False
Q9BQC3,,missing_pdb,False
Q9BQD3,,missing_pdb,False
Q9BQF6,,missing_pdb,False
Q9BQG2,/data/ranran/my_ptm/croton/data/structure_pipeline/pdb/Q9BQG2.pdb,exact_sequence_match,True
Q9BQI0-2,,missing_pdb,False
Q9BQI0-4,,missing_pdb,False
Q9BQI3,,missing_pdb,False
Q9BQI6,,missing_pdb,False
Q9BQN1,,missing_pdb,False
Q9BQP7,/data/ranran/my_ptm/croton/data/structure_pipeline/pdb/Q9BQP7.pdb,exact_sequence_match,True
Q9BQQ3-2,,missing_pdb,False
Q9BQS2,,missing_pdb,False
Q9BQS8,,missing_pdb,False
Q9BQT8,,missing_pdb,False
Q9BR11,,missing_pdb,False
Q9BR61,/data/ranran/my_ptm/croton/data/structure_pipeline/pdb/Q9BR61.pdb,exact_sequence_match,True
Q9BRA0,,missing_pdb,False
Q9BRB3,,missing_pdb,False
Q9BRD0,,missing_pdb,False
Q9BRF8,,missing_pdb,False
Q9BRG1,,missing_pdb,False
Q9BRG2,,missing_pdb,False
Q9BRJ2,/data/ranran/my_ptm/croton/data/structure_pipeline/pdb/Q9BRJ2.pdb,exact_sequence_match,True
Q9BRK3,,missing_pdb,False
Q9BRK5,/data/ranran/my_ptm/croton/data/structure_pipeline/pdb/Q9BRK5.pdb,exact_sequence_match,True
Q9BRK5-2,,missing_pdb,False
Q9BRK5-4,,missing_pdb,False
Q9BRN9,,missing_pdb,False
Q9BRP7,,missing_pdb,False
Q9BRP8,/data/ranran/my_ptm/croton/data/structure_pipeline/pdb/Q9BRP8.pdb,exact_sequence_match,True
Q9BRQ0,,missing_pdb,False
Q9BRQ3-2,,missing_pdb,False
Q9BRQ5,,missing_pdb,False
Q9BRR3,,missing_pdb,False
Q9BRR6,,missing_pdb,False
Q9BRR8,,missing_pdb,False
Q9BRS2,/data/ranran/my_ptm/croton/data/structure_pipeline/pdb/Q9BRS2.pdb,exact_sequence_match,True
Q9BRS7,,missing_pdb,False
Q9BRT2,,missing_pdb,False
Q9BRT3,,missing_pdb,False
Q9BRT6,/data/ranran/my_ptm/croton/data/structure_pipeline/pdb/Q9BRT6.pdb,exact_sequence_match,True
Q9BRT8-4,,missing_pdb,False
Q9BRX2,/data/ranran/my_ptm/croton/data/structure_pipeline/pdb/Q9BRX2.pdb,exact_sequence_match,True
Q9BRX5,/data/ranran/my_ptm/croton/data/structure_pipeline/pdb/Q9BRX5.pdb,exact_sequence_match,True
Q9BRX9,,missing_pdb,False
Q9BRZ2,,missing_pdb,False
Q9BS16,/data/ranran/my_ptm/croton/data/structure_pipeline/pdb/Q9BS16.pdb,exact_sequence_match,True
Q9BS26,/data/ranran/my_ptm/croton/data/structure_pipeline/pdb/Q9BS26.pdb,exact_sequence_match,True
Q9BS40,,missing_pdb,False
Q9BSB4,,missing_pdb,False
Q9BSE2,,missing_pdb,False
Q9BSE4,,missing_pdb,False
Q9BSF4,,missing_pdb,False
Q9BSF8,,missing_pdb,False
Q9BSG0,,missing_pdb,False
Q9BSH3,,missing_pdb,False
Q9BSH4,/data/ranran/my_ptm/croton/data/structure_pipeline/pdb/Q9BSH4.pdb,exact_sequence_match,True
Q9BSI4,,missing_pdb,False
Q9BSJ6,,missing_pdb,False
Q9BSJ8-2,,missing_pdb,False
Q9BSK2,,missing_pdb,False
Q9BSK4,,missing_pdb,False
Q9BSM1,/data/ranran/my_ptm/croton/data/structure_pipeline/pdb/Q9BSM1.pdb,exact_sequence_match,True
Q9BSQ5,,missing_pdb,False
Q9BSR8,/data/ranran/my_ptm/croton/data/structure_pipeline/pdb/Q9BSR8.pdb,exact_sequence_match,True
Q9BST8,,missing_pdb,False
Q9BST9,,missing_pdb,False
Q9BSV6,,missing_pdb,False
Q9BSW2,,missing_pdb,False
Q9BSY4,,missing_pdb,False
Q9BSY9,,missing_pdb,False
Q9BT04,,missing_pdb,False
Q9BT09,,missing_pdb,False
Q9BT17,,missing_pdb,False
Q9BT25,,missing_pdb,False
Q9BT40,,missing_pdb,False
Q9BT49,,missing_pdb,False
Q9BT73,/data/ranran/my_ptm/croton/data/structure_pipeline/pdb/Q9BT73.pdb,exact_sequence_match,True
Q9BT88,,missing_pdb,False
Q9BT92,,missing_pdb,False
Q9BTA9,,missing_pdb,False
Q9BTC0,/data/ranran/my_ptm/croton/data/structure_pipeline/pdb/Q9BTC0.pdb,exact_sequence_match,True
Q9BTC0-1,,missing_pdb,False
Q9BTC0-3,,missing_pdb,False
Q9BTD8,,missing_pdb,False
Q9BTE0,,missing_pdb,False
Q9BTE1,,missing_pdb,False
Q9BTF0,,missing_pdb,False
Q9BTK6,,missing_pdb,False
Q9BTL3,,missing_pdb,False
Q9BTL4,,missing_pdb,False
Q9BTM1-2,,missing_pdb,False
Q9BTP6,,missing_pdb,False
Q9BTT4,/data/ranran/my_ptm/croton/data/structure_pipeline/pdb/Q9BTT4.pdb,exact_sequence_match,True
Q9BTT6-2,,missing_pdb,False
Q9BTV4,/data/ranran/my_ptm/croton/data/structure_pipeline/pdb/Q9BTV4.pdb,exact_sequence_match,True
Q9BTV6,,missing_pdb,False
Q9BTW9-4,,missing_pdb,False
Q9BTX1,,missing_pdb,False
Q9BTX3,,missing_pdb,False
Q9BTY2,,missing_pdb,False
Q9BTY7,,missing_pdb,False
Q9BU02,,missing_pdb,False
Q9BU19,,missing_pdb,False
Q9BU23,,missing_pdb,False
Q9BU64,,missing_pdb,False
Q9BU70,,missing_pdb,False
Q9BU76,,missing_pdb,False
Q9BUA3,,missing_pdb,False
Q9BUB4,,missing_pdb,False
Q9BUB5,,missing_pdb,False
Q9BUB7,,missing_pdb,False
Q9BUE0,,missing_pdb,False
Q9BUE6,,missing_pdb,False
Q9BUI4,,missing_pdb,False
Q9BUJ0,,missing_pdb,False
Q9BUK6,/data/ranran/my_ptm/croton/data/structure_pipeline/pdb/Q9BUK6.pdb,exact_sequence_match,True
Q9BUK6-4,,missing_pdb,False
Q9BUL5,,missing_pdb,False
Q9BUL8,/data/ranran/my_ptm/croton/data/structure_pipeline/pdb/Q9BUL8.pdb,exact_sequence_match,True
Q9BUN5,,missing_pdb,False
Q9BUP3-2,,missing_pdb,False
Q9BUP3-3,,missing_pdb,False
Q9BUR4,,missing_pdb,False
Q9BUR5,,missing_pdb,False
Q9BUT1-2,,missing_pdb,False
Q9BUU2,,missing_pdb,False
Q9BUV8,,missing_pdb,False
Q9BUV8-4,,missing_pdb,False
Q9BUY7,,missing_pdb,False
Q9BV10,,missing_pdb,False
Q9BV23,,missing_pdb,False
Q9BV29,,missing_pdb,False
Q9BV36,,missing_pdb,False
Q9BV38,/data/ranran/my_ptm/croton/data/structure_pipeline/pdb/Q9BV38.pdb,exact_sequence_match,True
Q9BV44,,missing_pdb,False
Q9BV73,,missing_pdb,False
Q9BV79,,missing_pdb,False
Q9BV81,/data/ranran/my_ptm/croton/data/structure_pipeline/pdb/Q9BV81.pdb,exact_sequence_match,True
Q9BV87,,missing_pdb,False
Q9BV90,,missing_pdb,False
Q9BV94,,missing_pdb,False
Q9BV99,,missing_pdb,False
Q9BVC3,,missing_pdb,False
Q9BVC4,,missing_pdb,False
Q9BVC5,,missing_pdb,False
Q9BVG3,,missing_pdb,False
Q9BVG4,,missing_pdb,False
Q9BVG8,,missing_pdb,False
Q9BVG9,,missing_pdb,False
Q9BVI4,/data/ranran/my_ptm/croton/data/structure_pipeline/pdb/Q9BVI4.pdb,exact_sequence_match,True
Q9BVJ6,/data/ranran/my_ptm/croton/data/structure_pipeline/pdb/Q9BVJ6.pdb,exact_sequence_match,True
Q9BVK8,,missing_pdb,False
Q9BVL2,/data/ranran/my_ptm/croton/data/structure_pipeline/pdb/Q9BVL2.pdb,exact_sequence_match,True
Q9BVL4,,missing_pdb,False
Q9BVM2,,missing_pdb,False
Q9BVN2,,missing_pdb,False
Q9BVP2,/data/ranran/my_ptm/croton/data/structure_pipeline/pdb/Q9BVP2.pdb,exact_sequence_match,True
Q9BVQ7,,missing_pdb,False
Q9BVS4,,missing_pdb,False
Q9BVS5,,missing_pdb,False
Q9BVT8,,missing_pdb,False
Q9BVV6,,missing_pdb,False
Q9BVV7,,missing_pdb,False
Q9BVW5,,missing_pdb,False
Q9BW61,,missing_pdb,False
Q9BW66,,missing_pdb,False
Q9BW72,/data/ranran/my_ptm/croton/data/structure_pipeline/pdb/Q9BW72.pdb,exact_sequence_match,True
Q9BW83,/data/ranran/my_ptm/croton/data/structure_pipeline/pdb/Q9BW83.pdb,exact_sequence_match,True
Q9BW85,/data/ranran/my_ptm/croton/data/structure_pipeline/pdb/Q9BW85.pdb,exact_sequence_match,True
Q9BWC9,,missing_pdb,False
Q9BWE0,,missing_pdb,False
Q9BWF2,,missing_pdb,False
Q9BWF3,/data/ranran/my_ptm/croton/data/structure_pipeline/pdb/Q9BWF3.pdb,exact_sequence_match,True
Q9BWF3-2,,missing_pdb,False
Q9BWH2,,missing_pdb,False
Q9BWH6,,missing_pdb,False
Q9BWJ5,,missing_pdb,False
Q9BWL3-3,,missing_pdb,False
Q9BWN1,,missing_pdb,False
Q9BWQ6,,missing_pdb,False
Q9BWT1,,missing_pdb,False
Q9BWU0,,missing_pdb,False
Q9BWU1,,missing_pdb,False
Q9BWW4,,missing_pdb,False
Q9BWW8,/data/ranran/my_ptm/croton/data/structure_pipeline/pdb/Q9BWW8.pdb,exact_sequence_match,True
Q9BWX1,,missing_pdb,False
Q9BX26,,missing_pdb,False
Q9BX59,,missing_pdb,False
Q9BX63,,missing_pdb,False
Q9BX63-2,,missing_pdb,False
Q9BX69,,missing_pdb,False
Q9BX70,,missing_pdb,False
Q9BX73,,missing_pdb,False
Q9BX74,,missing_pdb,False
Q9BX84,,missing_pdb,False
Q9BX95,,missing_pdb,False
Q9BX97,,missing_pdb,False
Q9BXA9,,missing_pdb,False
Q9BXB1,,missing_pdb,False
Q9BXB7,,missing_pdb,False
Q9BXC9,,missing_pdb,False
Q9BXD5,,missing_pdb,False
Q9BXF6,,missing_pdb,False
Q9BXI6,,missing_pdb,False
Q9BXJ9-4,,missing_pdb,False
Q9BXK5,,missing_pdb,False
Q9BXL7,,missing_pdb,False
Q9BXL8,,missing_pdb,False
Q9BXM0,,missing_pdb,False
Q9BXM7,,missing_pdb,False
Q9BXM9,,missing_pdb,False
Q9BXN2,,missing_pdb,False
Q9BXP2-3,,missing_pdb,False
Q9BXP8,,missing_pdb,False
Q9BXR0,,missing_pdb,False
Q9BXS6,/data/ranran/my_ptm/croton/data/structure_pipeline/pdb/Q9BXS6.pdb,exact_sequence_match,True
Q9BXV9,,missing_pdb,False
Q9BXW7,/data/ranran/my_ptm/croton/data/structure_pipeline/pdb/Q9BXW7.pdb,exact_sequence_match,True
Q9BXW9-1,,missing_pdb,False
Q9BXW9-4,,missing_pdb,False
Q9BXX0,,missing_pdb,False
Q9BXX3,,missing_pdb,False
Q9BY08,/data/ranran/my_ptm/croton/data/structure_pipeline/pdb/Q9BY08.pdb,exact_sequence_match,True
Q9BY12,,missing_pdb,False
Q9BY21,,missing_pdb,False
Q9BY41,,missing_pdb,False
Q9BY77,/data/ranran/my_ptm/croton/data/structure_pipeline/pdb/Q9BY77.pdb,exact_sequence_match,True
Q9BY78,,missing_pdb,False
Q9BY84,,missing_pdb,False
Q9BY89,/data/ranran/my_ptm/croton/data/structure_pipeline/pdb/Q9BY89.pdb,exact_sequence_match,True
Q9BYB4,,missing_pdb,False
Q9BYB4-2,,missing_pdb,False
Q9BYC5,,missing_pdb,False
Q9BYC8,,missing_pdb,False
Q9BYC9,,missing_pdb,False
Q9BYD1,,missing_pdb,False
Q9BYD2,/data/ranran/my_ptm/croton/data/structure_pipeline/pdb/Q9BYD2.pdb,exact_sequence_match,True
Q9BYD3,,missing_pdb,False
Q9BYD6,/data/ranran/my_ptm/croton/data/structure_pipeline/pdb/Q9BYD6.pdb,exact_sequence_match,True
Q9BYE0,,missing_pdb,False
Q9BYE2,,missing_pdb,False
Q9BYE7-3,,missing_pdb,False
Q9BYF1,,missing_pdb,False
Q9BYG3,/data/ranran/my_ptm/croton/data/structure_pipeline/pdb/Q9BYG3.pdb,exact_sequence_match,True
Q9BYG5,,missing_pdb,False
Q9BYH8,,missing_pdb,False
Q9BYJ1,,missing_pdb,False
Q9BYK1,,missing_pdb,False
Q9BYM8,,missing_pdb,False
Q9BYN8,,missing_pdb,False
Q9BYP7,,missing_pdb,False
Q9BYT3,,missing_pdb,False
Q9BYT8,/data/ranran/my_ptm/croton/data/structure_pipeline/pdb/Q9BYT8.pdb,exact_sequence_match,True
Q9BYV8,,missing_pdb,False
Q9BYV9,,missing_pdb,False
Q9BYW2,/data/ranran/my_ptm/croton/data/structure_pipeline/pdb/Q9BYW2.pdb,exact_sequence_match,True
Q9BYX4-2,,missing_pdb,False
Q9BYZ6,,missing_pdb,False
Q9BZ72,,missing_pdb,False
Q9BZB8,,missing_pdb,False
Q9BZC7,,missing_pdb,False
Q9BZD4,/data/ranran/my_ptm/croton/data/structure_pipeline/pdb/Q9BZD4.pdb,exact_sequence_match,True
Q9BZD6,,missing_pdb,False
Q9BZE0,,missing_pdb,False
Q9BZE2,,missing_pdb,False
Q9BZE9-2,,missing_pdb,False
Q9BZF9,/data/ranran/my_ptm/croton/data/structure_pipeline/pdb/Q9BZF9.pdb,exact_sequence_match,True
Q9BZG1,/data/ranran/my_ptm/croton/data/structure_pipeline/pdb/Q9BZG1.pdb,exact_sequence_match,True
Q9BZH6,/data/ranran/my_ptm/croton/data/structure_pipeline/pdb/Q9BZH6.pdb,exact_sequence_match,True
Q9BZI7,/data/ranran/my_ptm/croton/data/structure_pipeline/pdb/Q9BZI7.pdb,exact_sequence_match,True
Q9BZJ0,/data/ranran/my_ptm/croton/data/structure_pipeline/pdb/Q9BZJ0.pdb,exact_sequence_match,True
Q9BZJ4,,missing_pdb,False
Q9BZL4,,missing_pdb,False
Q9BZM5,,missing_pdb,False
Q9BZQ6,,missing_pdb,False
Q9BZR9,,missing_pdb,False
Q9BZS1,,missing_pdb,False
Q9BZW5,,missing_pdb,False
Q9C000,,missing_pdb,False
Q9C035-3,,missing_pdb,False
Q9C035-5,,missing_pdb,False
Q9C073,,missing_pdb,False
Q9C093,,missing_pdb,False
Q9C099,,missing_pdb,False
Q9C0A6,,missing_pdb,False
Q9C0B0,,missing_pdb,False
Q9C0B1,,missing_pdb,False
Q9C0B6,,missing_pdb,False
Q9C0B7,,missing_pdb,False
Q9C0B9,,missing_pdb,False
Q9C0C2,/data/ranran/my_ptm/croton/data/structure_pipeline/pdb/Q9C0C2.pdb,exact_sequence_match,True
Q9C0C6,,missing_pdb,False
Q9C0C7-5,,missing_pdb,False
Q9C0D2-3,,missing_pdb,False
Q9C0D4,,missing_pdb,False
Q9C0E2,/data/ranran/my_ptm/croton/data/structure_pipeline/pdb/Q9C0E2.pdb,exact_sequence_match,True
Q9C0E8,,missing_pdb,False
Q9C0F0,,missing_pdb,False
Q9C0F1,,missing_pdb,False
Q9C0G0,,missing_pdb,False
Q9C0G0-3,,missing_pdb,False
Q9C0J8,,missing_pdb,False
Q9C0J8-2,,missing_pdb,False
Q9C0J8-3,,missing_pdb,False
Q9C0J9,,missing_pdb,False
Q9C0K0,,missing_pdb,False
Q9C0K3,,missing_pdb,False
Q9C0U9,,missing_pdb,False
Q9C1W6,,missing_pdb,False
Q9C500,,missing_pdb,False
Q9C518,,missing_pdb,False
Q9C523,,missing_pdb,False
Q9C584,,missing_pdb,False
Q9C587,,missing_pdb,False
Q9C5J9,,missing_pdb,False
Q9C5U8,,missing_pdb,False
Q9C5V6,,missing_pdb,False
Q9C5W0,,missing_pdb,False
Q9C633,,missing_pdb,False
Q9C658,,missing_pdb,False
Q9C689,,missing_pdb,False
Q9C690,,missing_pdb,False
Q9C6G0,,missing_pdb,False
Q9C6I0,,missing_pdb,False
Q9C6I8,,missing_pdb,False
Q9C6J9,,missing_pdb,False
Q9C6K3,,missing_pdb,False
Q9C717,,missing_pdb,False
Q9C744,,missing_pdb,False
Q9C787,,missing_pdb,False
Q9C7C4,,missing_pdb,False
Q9C7V7,,missing_pdb,False
Q9C801,,missing_pdb,False
Q9C8L6,,missing_pdb,False
Q9C8L9,,missing_pdb,False
Q9C8R8,,missing_pdb,False
Q9C8U6,,missing_pdb,False
Q9C950,,missing_pdb,False
Q9C977,,missing_pdb,False
Q9C9A0,,missing_pdb,False
Q9C9C5,,missing_pdb,False
Q9C9H1,,missing_pdb,False
Q9C9T5,,missing_pdb,False
Q9CA14,,missing_pdb,False
Q9CA19,,missing_pdb,False
Q9CAA4,,missing_pdb,False
Q9CAF4,,missing_pdb,False
Q9CAI4,,missing_pdb,False
Q9CAI5,,missing_pdb,False
Q9CPQ1,,missing_pdb,False
Q9CPQ3,,missing_pdb,False
Q9CPT0,,missing_pdb,False
Q9CPU3,,missing_pdb,False
Q9CPX9,,missing_pdb,False
Q9CPY4,,missing_pdb,False
Q9CQ02,,missing_pdb,False
Q9CQ31,,missing_pdb,False
Q9CQ33-2,,missing_pdb,False
Q9CQ37,,missing_pdb,False
Q9CQ56,,missing_pdb,False
Q9CQ88,,missing_pdb,False
Q9CQA3,,missing_pdb,False
Q9CQA8,,missing_pdb,False
Q9CQB7,,missing_pdb,False
Q9CQC8,,missing_pdb,False
Q9CQE8,,missing_pdb,False
Q9CQG9,,missing_pdb,False
Q9CQH0,,missing_pdb,False
Q9CQK7,,missing_pdb,False
Q9CQM6,,missing_pdb,False
Q9CQM9,,missing_pdb,False
Q9CQN1,,missing_pdb,False
Q9CQR4,,missing_pdb,False
Q9CQS7,,missing_pdb,False
Q9CQY1,,missing_pdb,False
Q9CR06,,missing_pdb,False
Q9CR09,,missing_pdb,False
Q9CR27,,missing_pdb,False
Q9CRA8,,missing_pdb,False
Q9CRA9,,missing_pdb,False
Q9CRB2,,missing_pdb,False
Q9CRB3,,missing_pdb,False
Q9CRC8,,missing_pdb,False
Q9CRD0,,missing_pdb,False
Q9CRT8,,missing_pdb,False
Q9CSU0,,missing_pdb,False
Q9CWG9,,missing_pdb,False
Q9CWH0,,missing_pdb,False
Q9CWR8,,missing_pdb,False
Q9CWS7,,missing_pdb,False
Q9CWT3,,missing_pdb,False
Q9CWZ3,,missing_pdb,False
Q9CX60,,missing_pdb,False
Q9CX83,,missing_pdb,False
Q9CXL3,,missing_pdb,False
Q9CY02,,missing_pdb,False
Q9CY57,,missing_pdb,False
Q9CY62,,missing_pdb,False
Q9CY97,,missing_pdb,False
Q9CYR0,,missing_pdb,False
Q9CYS6,,missing_pdb,False
Q9CZ04-2,,missing_pdb,False
Q9CZ69,,missing_pdb,False
Q9CZH8,,missing_pdb,False
Q9CZJ0,,missing_pdb,False
Q9CZU0,,missing_pdb,False
Q9CZW5,,missing_pdb,False
Q9D074-5,,missing_pdb,False
Q9D083,,missing_pdb,False
Q9D0B0,,missing_pdb,False
Q9D0C1,,missing_pdb,False
Q9D0D4,,missing_pdb,False
Q9D0F3,,missing_pdb,False
Q9D0K1,,missing_pdb,False
Q9D0N7,,missing_pdb,False
Q9D0N8,,missing_pdb,False
Q9D0S9,,missing_pdb,False
Q9D115,,missing_pdb,False
Q9D162,,missing_pdb,False
Q9D1E8,,missing_pdb,False
Q9D1L0,,missing_pdb,False
Q9D1U5,,missing_pdb,False
Q9D240,,missing_pdb,False
Q9D241,,missing_pdb,False
Q9D281,,missing_pdb,False
Q9D2E9,,missing_pdb,False
Q9D2F0,,missing_pdb,False
Q9D2N4,,missing_pdb,False
Q9D2P4,,missing_pdb,False
Q9D2R6,,missing_pdb,False
Q9D2Z8,,missing_pdb,False
Q9D304,,missing_pdb,False
Q9D328,,missing_pdb,False
Q9D3A9,,missing_pdb,False
Q9D3D0,,missing_pdb,False
Q9D3L3,,missing_pdb,False
Q9D3P8,,missing_pdb,False
Q9D3S3,,missing_pdb,False
Q9D495,,missing_pdb,False
Q9D4A4,,missing_pdb,False
Q9D4H4,,missing_pdb,False
Q9D4W2,,missing_pdb,False
Q9D5N9,,missing_pdb,False
Q9D5P7,,missing_pdb,False
Q9D5U8,,missing_pdb,False
Q9D5V6,,missing_pdb,False
Q9D665,,missing_pdb,False
Q9D6E4,,missing_pdb,False
Q9D6G9,,missing_pdb,False
Q9D6T0,,missing_pdb,False
Q9D6X5,,missing_pdb,False
Q9D7A8,,missing_pdb,False
Q9D7X1,,missing_pdb,False
Q9D820,,missing_pdb,False
Q9D826,,missing_pdb,False
Q9D892,,missing_pdb,False
Q9D8I3,,missing_pdb,False
Q9D8S3,,missing_pdb,False
Q9D8S4,,missing_pdb,False
Q9D902,,missing_pdb,False
Q9D915,,missing_pdb,False
Q9D927,,missing_pdb,False
Q9D964,,missing_pdb,False
Q9D9C3,,missing_pdb,False
Q9D9E0,,missing_pdb,False
Q9D9J7,,missing_pdb,False
Q9D9M4,,missing_pdb,False
Q9D9R0,,missing_pdb,False
Q9D9V3,,missing_pdb,False
Q9DA04,,missing_pdb,False
Q9DAD3,,missing_pdb,False
Q9DAD9,,missing_pdb,False
Q9DAH8,,missing_pdb,False
Q9DAL3,,missing_pdb,False
Q9DAQ3,,missing_pdb,False
Q9DAS6,,missing_pdb,False
Q9DB26,,missing_pdb,False
Q9DB29,,missing_pdb,False
Q9DBB8,,missing_pdb,False
Q9DBC3,,missing_pdb,False
Q9DBG1,,missing_pdb,False
Q9DBH5,,missing_pdb,False
Q9DBK0,,missing_pdb,False
Q9DBL2-2,,missing_pdb,False
Q9DBM0,,missing_pdb,False
Q9DBN1,,missing_pdb,False
Q9DBP0,,missing_pdb,False
Q9DBT6,,missing_pdb,False
Q9DBX6,,missing_pdb,False
Q9DBY5,,missing_pdb,False
Q9DC07,,missing_pdb,False
Q9DC11,,missing_pdb,False
Q9DC63,,missing_pdb,False
Q9DCE9,,missing_pdb,False
Q9DCH4,,missing_pdb,False
Q9DCM2,,missing_pdb,False
Q9DCQ2,,missing_pdb,False
Q9DCX8,,missing_pdb,False
Q9EP51,,missing_pdb,False
Q9EPC1,,missing_pdb,False
Q9EPK2-2,,missing_pdb,False
Q9EPK6,,missing_pdb,False
Q9EPK8,,missing_pdb,False
Q9EPL4,,missing_pdb,False
Q9EPM5,,missing_pdb,False
Q9EPQ7,,missing_pdb,False
Q9EPR5,,missing_pdb,False
Q9EPW2,,missing_pdb,False
Q9EPZ7,,missing_pdb,False
Q9EQ32,,missing_pdb,False
Q9EQF5,,missing_pdb,False
Q9EQG9,,missing_pdb,False
Q9EQJ0,,missing_pdb,False
Q9EQT3,,missing_pdb,False
Q9ER80,,missing_pdb,False
Q9ERA6,,missing_pdb,False
Q9ERE9,,missing_pdb,False
Q9ERF3,,missing_pdb,False
Q9ERP3,,missing_pdb,False
Q9ERQ6,,missing_pdb,False
Q9ERS2,,missing_pdb,False
Q9ERU3,,missing_pdb,False
Q9ERZ4,,missing_pdb,False
Q9ES28,,missing_pdb,False
Q9ES64,,missing_pdb,False
Q9ES83,,missing_pdb,False
Q9EST5-2,,missing_pdb,False
Q9ET22,,missing_pdb,False
Q9ET54,,missing_pdb,False
Q9ET77,,missing_pdb,False
Q9FFB3,,missing_pdb,False
Q9FFK5,,missing_pdb,False
Q9FFQ8,,missing_pdb,False
Q9FFW8,,missing_pdb,False
Q9FFX8,,missing_pdb,False
Q9FG73,,missing_pdb,False
Q9FGE4,,missing_pdb,False
Q9FGR1,,missing_pdb,False
Q9FGW9,,missing_pdb,False
Q9FGZ4,,missing_pdb,False
Q9FH51,,missing_pdb,False
Q9FHC3,,missing_pdb,False
Q9FHI6,,missing_pdb,False
Q9FHL4,,missing_pdb,False
Q9FHX8,,missing_pdb,False
Q9FI44,,missing_pdb,False
Q9FIJ7,,missing_pdb,False
Q9FIK5,,missing_pdb,False
Q9FJJ1,,missing_pdb,False
Q9FJN6,,missing_pdb,False
Q9FJP3,,missing_pdb,False
Q9FJQ2,,missing_pdb,False
Q9FJT9,,missing_pdb,False
Q9FJW4,,missing_pdb,False
Q9FJY5,,missing_pdb,False
Q9FK07,,missing_pdb,False
Q9FKA5,,missing_pdb,False
Q9FKE6,,missing_pdb,False
Q9FKV7,,missing_pdb,False
Q9FKY2,,missing_pdb,False
Q9FKZ4,,missing_pdb,False
Q9FL12,,missing_pdb,False
Q9FL33,,missing_pdb,False
Q9FLD3,,missing_pdb,False
Q9FLF3,,missing_pdb,False
Q9FLH0,,missing_pdb,False
Q9FLK0,,missing_pdb,False
Q9FLK5,,missing_pdb,False
Q9FLM7,,missing_pdb,False
Q9FM71,,missing_pdb,False
Q9FM91,,missing_pdb,False
Q9FM96,,missing_pdb,False
Q9FM99,,missing_pdb,False
Q9FMB7,,missing_pdb,False
Q9FMF6,,missing_pdb,False
Q9FMG6,,missing_pdb,False
Q9FMJ3,,missing_pdb,False
Q9FMM3,,missing_pdb,False
Q9FMP0,,missing_pdb,False
Q9FMQ0,,missing_pdb,False
Q9FMS0,,missing_pdb,False
Q9FMU2,,missing_pdb,False
Q9FNB9,,missing_pdb,False
Q9FNC7,,missing_pdb,False
Q9FNC9,,missing_pdb,False
Q9FNE4,,missing_pdb,False
Q9FNK3,,missing_pdb,False
Q9FNM0,,missing_pdb,False
Q9FNM7,,missing_pdb,False
Q9FNN6,,missing_pdb,False
Q9FNR1,,missing_pdb,False
Q9FNY8,,missing_pdb,False
Q9FP64,,missing_pdb,False
Q9FRS7,,missing_pdb,False
Q9FT52,,missing_pdb,False
Q9FT72,,missing_pdb,False
Q9FT93,,missing_pdb,False
Q9FUA4,,missing_pdb,False
Q9FUY2,,missing_pdb,False
Q9FVC8,,missing_pdb,False
Q9FVW4,,missing_pdb,False
Q9FVY4,,missing_pdb,False
Q9FW55,,missing_pdb,False
Q9FW70,,missing_pdb,False
Q9FWS1,,missing_pdb,False
Q9FWS3,,missing_pdb,False
Q9FWS4,,missing_pdb,False
Q9FX45,,missing_pdb,False
Q9FY77,,missing_pdb,False
Q9FYH5,,missing_pdb,False
Q9FYL3,,missing_pdb,False
Q9FZ43,,missing_pdb,False
Q9FZF3,,missing_pdb,False
Q9FZN8,,missing_pdb,False
Q9GIP4,,missing_pdb,False
Q9GSR1,,missing_pdb,False
Q9GYU8,,missing_pdb,False
Q9GZM8,,missing_pdb,False
Q9GZN8,,missing_pdb,False
Q9GZP0,,missing_pdb,False
Q9GZP1,,missing_pdb,False
Q9GZP8,,missing_pdb,False
Q9GZQ3,/data/ranran/my_ptm/croton/data/structure_pipeline/pdb/Q9GZQ3.pdb,exact_sequence_match,True
Q9GZR2,/data/ranran/my_ptm/croton/data/structure_pipeline/pdb/Q9GZR2.pdb,exact_sequence_match,True
Q9GZR7,/data/ranran/my_ptm/croton/data/structure_pipeline/pdb/Q9GZR7.pdb,exact_sequence_match,True
Q9GZS1,/data/ranran/my_ptm/croton/data/structure_pipeline/pdb/Q9GZS1.pdb,exact_sequence_match,True
Q9GZT3,/data/ranran/my_ptm/croton/data/structure_pipeline/pdb/Q9GZT3.pdb,exact_sequence_match,True
Q9GZT6,,missing_pdb,False
Q9GZT8,,missing_pdb,False
Q9GZT9,/data/ranran/my_ptm/croton/data/structure_pipeline/pdb/Q9GZT9.pdb,exact_sequence_match,True
Q9GZU0,,missing_pdb,False
Q9GZU2,,missing_pdb,False
Q9GZU3,,missing_pdb,False
Q9GZU8,/data/ranran/my_ptm/croton/data/structure_pipeline/pdb/Q9GZU8.pdb,exact_sequence_match,True
Q9GZV5,,missing_pdb,False
Q9GZV8,,missing_pdb,False
Q9GZX9,,missing_pdb,False
Q9GZY4,,missing_pdb,False
Q9GZY6,,missing_pdb,False
Q9GZY6-2,,missing_pdb,False
Q9GZY8,/data/ranran/my_ptm/croton/data/structure_pipeline/pdb/Q9GZY8.pdb,exact_sequence_match,True
Q9GZZ9,/data/ranran/my_ptm/croton/data/structure_pipeline/pdb/Q9GZZ9.pdb,exact_sequence_match,True
Q9H019,,missing_pdb,False
Q9H029,,missing_pdb,False
Q9H040-2,,missing_pdb,False
Q9H061,,missing_pdb,False
Q9H063,,missing_pdb,False
Q9H069,,missing_pdb,False
Q9H074,/data/ranran/my_ptm/croton/data/structure_pipeline/pdb/Q9H074.pdb,exact_sequence_match,True
Q9H078,/data/ranran/my_ptm/croton/data/structure_pipeline/pdb/Q9H078.pdb,exact_sequence_match,True
Q9H078-5,,missing_pdb,False
Q9H081,/data/ranran/my_ptm/croton/data/structure_pipeline/pdb/Q9H081.pdb,exact_sequence_match,True
Q9H089,/data/ranran/my_ptm/croton/data/structure_pipeline/pdb/Q9H089.pdb,exact_sequence_match,True
Q9H093,,missing_pdb,False
Q9H095,,missing_pdb,False
Q9H0A8-2,,missing_pdb,False
Q9H0A9,,missing_pdb,False
Q9H0D2,,missing_pdb,False
Q9H0E2-2,,missing_pdb,False
Q9H0E3,/data/ranran/my_ptm/croton/data/structure_pipeline/pdb/Q9H0E3.pdb,exact_sequence_match,True
Q9H0E7,,missing_pdb,False
Q9H0E9,,missing_pdb,False
Q9H0F6,/data/ranran/my_ptm/croton/data/structure_pipeline/pdb/Q9H0F6.pdb,exact_sequence_match,True
Q9H0F7,,missing_pdb,False
Q9H0G5,,missing_pdb,False
Q9H0H0,,missing_pdb,False
Q9H0H5,/data/ranran/my_ptm/croton/data/structure_pipeline/pdb/Q9H0H5.pdb,exact_sequence_match,True
Q9H0I2,,missing_pdb,False
Q9H0K1,,missing_pdb,False
Q9H0M4,,missing_pdb,False
Q9H0P0,,missing_pdb,False
Q9H0R6,,missing_pdb,False
Q9H0U6,,missing_pdb,False
Q9H0U9,,missing_pdb,False
Q9H0V1,,missing_pdb,False
Q9H0W5,,missing_pdb,False
Q9H0W7,,missing_pdb,False
Q9H0W8,,missing_pdb,False
Q9H0Y0,,missing_pdb,False
Q9H0Z9,,missing_pdb,False
Q9H0Z9-2,,missing_pdb,False
Q9H115-3,,missing_pdb,False
Q9H116,,missing_pdb,False
Q9H147,,missing_pdb,False
Q9H160,,missing_pdb,False
Q9H165-3,,missing_pdb,False
Q9H171,,missing_pdb,False
Q9H1B5,,missing_pdb,False
Q9H1B7,,missing_pdb,False
Q9H1E3,,missing_pdb,False
Q9H1E5,,missing_pdb,False
Q9H1I8,/data/ranran/my_ptm/croton/data/structure_pipeline/pdb/Q9H1I8.pdb,exact_sequence_match,True
Q9H1K0,/data/ranran/my_ptm/croton/data/structure_pipeline/pdb/Q9H1K0.pdb,exact_sequence_match,True
Q9H1K6,,missing_pdb,False
Q9H1M0,,missing_pdb,False
Q9H1Y3,,missing_pdb,False
Q9H1Z4,,missing_pdb,False
Q9H1Z9,,missing_pdb,False
Q9H201-2,,missing_pdb,False
Q9H204,,missing_pdb,False
Q9H213,,missing_pdb,False
Q9H237,,missing_pdb,False
Q9H246,,missing_pdb,False
Q9H251,,missing_pdb,False
Q9H254,/data/ranran/my_ptm/croton/data/structure_pipeline/pdb/Q9H254.pdb,exact_sequence_match,True
Q9H254-2,,missing_pdb,False
Q9H257,,missing_pdb,False
Q9H2C0,,missing_pdb,False
Q9H2C2,,missing_pdb,False
Q9H2D1,/data/ranran/my_ptm/croton/data/structure_pipeline/pdb/Q9H2D1.pdb,exact_sequence_match,True
Q9H2D6,,missing_pdb,False
Q9H2F5,,missing_pdb,False
Q9H2F9,/data/ranran/my_ptm/croton/data/structure_pipeline/pdb/Q9H2F9.pdb,exact_sequence_match,True
Q9H2G2,/data/ranran/my_ptm/croton/data/structure_pipeline/pdb/Q9H2G2.pdb,exact_sequence_match,True
Q9H2G4,,missing_pdb,False
Q9H2G9-2,,missing_pdb,False
Q9H2J7,,missing_pdb,False
Q9H2J7-2,,missing_pdb,False
Q9H2M9,/data/ranran/my_ptm/croton/data/structure_pipeline/pdb/Q9H2M9.pdb,exact_sequence_match,True
Q9H2P0,,missing_pdb,False
Q9H2P9-2,,missing_pdb,False
Q9H2S1,,missing_pdb,False
Q9H2S9,,missing_pdb,False
Q9H2U1,/data/ranran/my_ptm/croton/data/structure_pipeline/pdb/Q9H2U1.pdb,exact_sequence_match,True
Q9H2U2,/data/ranran/my_ptm/croton/data/structure_pipeline/pdb/Q9H2U2.pdb,exact_sequence_match,True
Q9H2U9,,missing_pdb,False
Q9H2W6,,missing_pdb,False
Q9H2X6-2,,missing_pdb,False
Q9H300,,missing_pdb,False
Q9H329,,missing_pdb,False
Q9H329-2,,missing_pdb,False
Q9H330,,missing_pdb,False
Q9H3C7,,missing_pdb,False
Q9H3C7-2,,missing_pdb,False
Q9H3C7-3,,missing_pdb,False
Q9H3D4,,missing_pdb,False
Q9H3H1,,missing_pdb,False
Q9H3H9,,missing_pdb,False
Q9H3J6,,missing_pdb,False
Q9H3K2,/data/ranran/my_ptm/croton/data/structure_pipeline/pdb/Q9H3K2.pdb,exact_sequence_match,True
Q9H3K6,,missing_pdb,False
Q9H3K6-2,,missing_pdb,False
Q9H3L0,,missing_pdb,False
Q9H3N1,,missing_pdb,False
Q9H3P7,/data/ranran/my_ptm/croton/data/structure_pipeline/pdb/Q9H3P7.pdb,exact_sequence_match,True
Q9H3Q1,/data/ranran/my_ptm/croton/data/structure_pipeline/pdb/Q9H3Q1.pdb,exact_sequence_match,True
Q9H3R2,/data/ranran/my_ptm/croton/data/structure_pipeline/pdb/Q9H3R2.pdb,exact_sequence_match,True
Q9H3R5,,missing_pdb,False
Q9H3S4,,missing_pdb,False
Q9H3Y8,,missing_pdb,False
Q9H3Z4-2,,missing_pdb,False
Q9H400,,missing_pdb,False
Q9H410,,missing_pdb,False
Q9H422,,missing_pdb,False
Q9H425,,missing_pdb,False
Q9H461,,missing_pdb,False
Q9H467,/data/ranran/my_ptm/croton/data/structure_pipeline/pdb/Q9H467.pdb,exact_sequence_match,True
Q9H469,,missing_pdb,False
Q9H488,,missing_pdb,False
Q9H490,,missing_pdb,False
Q9H496,,missing_pdb,False
Q9H497,,missing_pdb,False
Q9H497-3,,missing_pdb,False
Q9H4A3,/data/ranran/my_ptm/croton/data/structure_pipeline/pdb/Q9H4A3.pdb,exact_sequence_match,True
Q9H4B0,,missing_pdb,False
Q9H4B6,,missing_pdb,False
Q9H4E7,,missing_pdb,False
Q9H4F1,,missing_pdb,False
Q9H4F8,,missing_pdb,False
Q9H4H8,,missing_pdb,False
Q9H4I2,,missing_pdb,False
Q9H4K1,,missing_pdb,False
Q9H4K7,,missing_pdb,False
Q9H4L4,,missing_pdb,False
Q9H4L5-5,,missing_pdb,False
Q9H4L7-2,,missing_pdb,False
Q9H4P4,,missing_pdb,False
Q9H4W6,,missing_pdb,False
Q9H4Y5,,missing_pdb,False
Q9H4Z2,,missing_pdb,False
Q9H4Z3,,missing_pdb,False
Q9H501,/data/ranran/my_ptm/croton/data/structure_pipeline/pdb/Q9H501.pdb,exact_sequence_match,True
Q9H568,,missing_pdb,False
Q9H582,,missing_pdb,False
Q9H583,/data/ranran/my_ptm/croton/data/structure_pipeline/pdb/Q9H583.pdb,exact_sequence_match,True
Q9H5I5,,missing_pdb,False
Q9H5J8,,missing_pdb,False
Q9H5K3,,missing_pdb,False
Q9H5L6,,missing_pdb,False
Q9H5N1,,missing_pdb,False
Q9H5Q4,/data/ranran/my_ptm/croton/data/structure_pipeline/pdb/Q9H5Q4.pdb,exact_sequence_match,True
Q9H5U6,,missing_pdb,False
Q9H5V7,,missing_pdb,False
Q9H5V8,,missing_pdb,False
Q9H5V8-3,,missing_pdb,False
Q9H5X1,,missing_pdb,False
Q9H611,,missing_pdb,False
Q9H633,/data/ranran/my_ptm/croton/data/structure_pipeline/pdb/Q9H633.pdb,exact_sequence_match,True
Q9H672,,missing_pdb,False
Q9H694,,missing_pdb,False
Q9H6A0,,missing_pdb,False
Q9H6A9-2,,missing_pdb,False
Q9H6B1,,missing_pdb,False
Q9H6B9,,missing_pdb,False
Q9H6D7,,missing_pdb,False
Q9H6E4,,missing_pdb,False
Q9H6F5,/data/ranran/my_ptm/croton/data/structure_pipeline/pdb/Q9H6F5.pdb,exact_sequence_match,True
Q9H6H4,/data/ranran/my_ptm/croton/data/structure_pipeline/pdb/Q9H6H4.pdb,exact_sequence_match,True
Q9H6H4-2,,missing_pdb,False
Q9H6J7-2,,missing_pdb,False
Q9H6K1,,missing_pdb,False
Q9H6L2,,missing_pdb,False
Q9H6L5,,missing_pdb,False
Q9H6P5,,missing_pdb,False
Q9H6R4-3,,missing_pdb,False
Q9H6R6,,missing_pdb,False
Q9H6R7,,missing_pdb,False
Q9H6S0,/data/ranran/my_ptm/croton/data/structure_pipeline/pdb/Q9H6S0.pdb,exact_sequence_match,True
Q9H6S1,,missing_pdb,False
Q9H6S1-3,,missing_pdb,False
Q9H6T0,/data/ranran/my_ptm/croton/data/structure_pipeline/pdb/Q9H6T0.pdb,exact_sequence_match,True
Q9H6T3,/data/ranran/my_ptm/croton/data/structure_pipeline/pdb/Q9H6T3.pdb,exact_sequence_match,True
Q9H6W3,/data/ranran/my_ptm/croton/data/structure_pipeline/pdb/Q9H6W3.pdb,exact_sequence_match,True
Q9H6X2,,missing_pdb,False
Q9H6X5,,missing_pdb,False
Q9H6Y2,,missing_pdb,False
Q9H6Z4,/data/ranran/my_ptm/croton/data/structure_pipeline/pdb/Q9H6Z4.pdb,exact_sequence_match,True
Q9H6Z9,,missing_pdb,False
Q9H714,,missing_pdb,False
Q9H773,,missing_pdb,False
Q9H788,/data/ranran/my_ptm/croton/data/structure_pipeline/pdb/Q9H788.pdb,exact_sequence_match,True
Q9H790,,missing_pdb,False
Q9H792,,missing_pdb,False
Q9H799,,missing_pdb,False
Q9H7B7,,missing_pdb,False
Q9H7E9,,missing_pdb,False
Q9H7F0-2,,missing_pdb,False
Q9H7F4,,missing_pdb,False
Q9H7H0,,missing_pdb,False
Q9H7L9,,missing_pdb,False
Q9H7M9,,missing_pdb,False
Q9H7N4,,missing_pdb,False
Q9H7P6,,missing_pdb,False
Q9H7P6-2,,missing_pdb,False
Q9H7P9,,missing_pdb,False
Q9H7T0,,missing_pdb,False
Q9H7T9,,missing_pdb,False
Q9H7U1,,missing_pdb,False
Q9H7X2,,missing_pdb,False
Q9H7X3,,missing_pdb,False
Q9H7X7,,missing_pdb,False
Q9H7Z3,,missing_pdb,False
Q9H813,,missing_pdb,False
Q9H814,/data/ranran/my_ptm/croton/data/structure_pipeline/pdb/Q9H814.pdb,exact_sequence_match,True
Q9H816,,missing_pdb,False
Q9H819,,missing_pdb,False
Q9H825,,missing_pdb,False
Q9H853,,missing_pdb,False
Q9H867,,missing_pdb,False
Q9H869,,missing_pdb,False
Q9H871-2,,missing_pdb,False
Q9H875,/data/ranran/my_ptm/croton/data/structure_pipeline/pdb/Q9H875.pdb,exact_sequence_match,True
Q9H892,,missing_pdb,False
Q9H898,,missing_pdb,False
Q9H8E8,,missing_pdb,False
Q9H8G2,,missing_pdb,False
Q9H8H0,/data/ranran/my_ptm/croton/data/structure_pipeline/pdb/Q9H8H0.pdb,exact_sequence_match,True
Q9H8H2,/data/ranran/my_ptm/croton/data/structure_pipeline/pdb/Q9H8H2.pdb,exact_sequence_match,True
Q9H8K7,,missing_pdb,False
Q9H8M1,,missing_pdb,False
Q9H8M5-3,,missing_pdb,False
Q9H8M7,,missing_pdb,False
Q9H8M7-2,,missing_pdb,False
Q9H8N7,,missing_pdb,False
Q9H8S9-2,,missing_pdb,False
Q9H8V3,,missing_pdb,False
Q9H8W3,,missing_pdb,False
Q9H8W5,,missing_pdb,False
Q9H8X2,,missing_pdb,False
Q9H8X3,,missing_pdb,False
Q9H8X9,,missing_pdb,False
Q9H8Y1,,missing_pdb,False
Q9H8Y5,,missing_pdb,False
Q9H8Y8,/data/ranran/my_ptm/croton/data/structure_pipeline/pdb/Q9H8Y8.pdb,exact_sequence_match,True
Q9H900,/data/ranran/my_ptm/croton/data/structure_pipeline/pdb/Q9H900.pdb,exact_sequence_match,True
Q9H920,,missing_pdb,False
Q9H930-1,,missing_pdb,False
Q9H939-2,,missing_pdb,False
Q9H944,,missing_pdb,False
Q9H967,/data/ranran/my_ptm/croton/data/structure_pipeline/pdb/Q9H967.pdb,exact_sequence_match,True
Q9H972,,missing_pdb,False
Q9H974,,missing_pdb,False
Q9H977,,missing_pdb,False
Q9H992,,missing_pdb,False
Q9H9A7,,missing_pdb,False
Q9H9B1,,missing_pdb,False
Q9H9D4,,missing_pdb,False
Q9H9E1,,missing_pdb,False
Q9H9E3,/data/ranran/my_ptm/croton/data/structure_pipeline/pdb/Q9H9E3.pdb,exact_sequence_match,True
Q9H9E3-2,,missing_pdb,False
Q9H9J2,,missing_pdb,False
Q9H9J4,,missing_pdb,False
Q9H9L4,,missing_pdb,False
Q9H9P8,/data/ranran/my_ptm/croton/data/structure_pipeline/pdb/Q9H9P8.pdb,exact_sequence_match,True
Q9H9Q4-2,,missing_pdb,False
Q9H9S5,,missing_pdb,False
Q9H9V9,,missing_pdb,False
Q9H9Z2,,missing_pdb,False
Q9HA77,/data/ranran/my_ptm/croton/data/structure_pipeline/pdb/Q9HA77.pdb,exact_sequence_match,True
Q9HA92,,missing_pdb,False
Q9HAC7,,missing_pdb,False
Q9HAD4,,missing_pdb,False
Q9HAH7,,missing_pdb,False
Q9HAP2,,missing_pdb,False
Q9HAQ2,,missing_pdb,False
Q9HAS0,,missing_pdb,False
Q9HAU5,/data/ranran/my_ptm/croton/data/structure_pipeline/pdb/Q9HAU5.pdb,exact_sequence_match,True
Q9HAU8,,missing_pdb,False
Q9HAW0,,missing_pdb,False
Q9HAW4,,missing_pdb,False
Q9HAZ2,,missing_pdb,False
Q9HB09,,missing_pdb,False
Q9HB19,,missing_pdb,False
Q9HB20,,missing_pdb,False
Q9HB40-2,,missing_pdb,False
Q9HB58,,missing_pdb,False
Q9HB63,,missing_pdb,False
Q9HB65,,missing_pdb,False
Q9HB71-2,,missing_pdb,False
Q9HB75,,missing_pdb,False
Q9HB96,,missing_pdb,False
Q9HBD1,,missing_pdb,False
Q9HBE1,,missing_pdb,False
Q9HBG6-5,,missing_pdb,False
Q9HBG6-7,,missing_pdb,False
Q9HBG7,,missing_pdb,False
Q9HBH1,,missing_pdb,False
Q9HBI0,,missing_pdb,False
Q9HBI5,,missing_pdb,False
Q9HBJ0,,missing_pdb,False
Q9HBM0,,missing_pdb,False
Q9HBM1,/data/ranran/my_ptm/croton/data/structure_pipeline/pdb/Q9HBM1.pdb,exact_sequence_match,True
Q9HBR0,,missing_pdb,False
Q9HBR0-2,,missing_pdb,False
Q9HBU6,,missing_pdb,False
Q9HC07,/data/ranran/my_ptm/croton/data/structure_pipeline/pdb/Q9HC07.pdb,exact_sequence_match,True
Q9HC16,,missing_pdb,False
Q9HC21,/data/ranran/my_ptm/croton/data/structure_pipeline/pdb/Q9HC21.pdb,exact_sequence_match,True
Q9HC36,/data/ranran/my_ptm/croton/data/structure_pipeline/pdb/Q9HC36.pdb,exact_sequence_match,True
Q9HC38,/data/ranran/my_ptm/croton/data/structure_pipeline/pdb/Q9HC38.pdb,exact_sequence_match,True
Q9HC62,,missing_pdb,False
Q9HC73,,missing_pdb,False
Q9HC77,,missing_pdb,False
Q9HC84,,missing_pdb,False
Q9HC96,,missing_pdb,False
Q9HC98,/data/ranran/my_ptm/croton/data/structure_pipeline/pdb/Q9HC98.pdb,exact_sequence_match,True
Q9HCC0,/data/ranran/my_ptm/croton/data/structure_pipeline/pdb/Q9HCC0.pdb,exact_sequence_match,True
Q9HCD5,/data/ranran/my_ptm/croton/data/structure_pipeline/pdb/Q9HCD5.pdb,exact_sequence_match,True
Q9HCD6,,missing_pdb,False
Q9HCE0,,missing_pdb,False
Q9HCE3,,missing_pdb,False
Q9HCE5,,missing_pdb,False
Q9HCE7,,missing_pdb,False
Q9HCG8,,missing_pdb,False
Q9HCH0,,missing_pdb,False
Q9HCH5,,missing_pdb,False
Q9HCI5,,missing_pdb,False
Q9HCI6,,missing_pdb,False
Q9HCI7,,missing_pdb,False
Q9HCJ1,,missing_pdb,False
Q9HCJ3,,missing_pdb,False
Q9HCJ5,,missing_pdb,False
Q9HCJ6,,missing_pdb,False
Q9HCL2,/data/ranran/my_ptm/croton/data/structure_pipeline/pdb/Q9HCL2.pdb,exact_sequence_match,True
Q9HCM1,,missing_pdb,False
Q9HCM3,,missing_pdb,False
Q9HCM4,,missing_pdb,False
Q9HCM7,,missing_pdb,False
Q9HCN3,,missing_pdb,False
Q9HCS5,,missing_pdb,False
Q9HCU8,,missing_pdb,False
Q9HCU9,,missing_pdb,False
Q9HCY8,,missing_pdb,False
Q9HD15,,missing_pdb,False
Q9HD23,,missing_pdb,False
Q9HD26-3,,missing_pdb,False
Q9HD33,/data/ranran/my_ptm/croton/data/structure_pipeline/pdb/Q9HD33.pdb,exact_sequence_match,True
Q9HD34,/data/ranran/my_ptm/croton/data/structure_pipeline/pdb/Q9HD34.pdb,exact_sequence_match,True
Q9HD36,,missing_pdb,False
Q9HD47,,missing_pdb,False
Q9HD47-2,,missing_pdb,False
Q9HD64,,missing_pdb,False
Q9HDC9,/data/ranran/my_ptm/croton/data/structure_pipeline/pdb/Q9HDC9.pdb,exact_sequence_match,True
Q9HDC9-2,,missing_pdb,False
Q9HDW7,,missing_pdb,False
Q9HDZ0,,missing_pdb,False
Q9HFE1,,missing_pdb,False
Q9HFE4,,missing_pdb,False
Q9HGL2,,missing_pdb,False
Q9HGN3,,missing_pdb,False
Q9HGP4,,missing_pdb,False
Q9I7F7,,missing_pdb,False
Q9I7K0-5,,missing_pdb,False
Q9I7K4,,missing_pdb,False
Q9I7L4,,missing_pdb,False
Q9I7M8,,missing_pdb,False
Q9I7R2,,missing_pdb,False
Q9I7T7-2,,missing_pdb,False
Q9JHI0,,missing_pdb,False
Q9JHI8,,missing_pdb,False
Q9JHQ5,,missing_pdb,False
Q9JI60,,missing_pdb,False
Q9JI90,,missing_pdb,False
Q9JIB4,,missing_pdb,False
Q9JIK5,,missing_pdb,False
Q9JIL4,,missing_pdb,False
Q9JIP3,,missing_pdb,False
Q9JIX0,,missing_pdb,False
Q9JJ00,,missing_pdb,False
Q9JJ28,,missing_pdb,False
Q9JJA2,,missing_pdb,False
Q9JJC6,,missing_pdb,False
Q9JJE7,,missing_pdb,False
Q9JJG0,,missing_pdb,False
Q9JJJ3,,missing_pdb,False
Q9JJR8,,missing_pdb,False
Q9JJS6,,missing_pdb,False
Q9JJT0,,missing_pdb,False
Q9JJV3,,missing_pdb,False
Q9JJV9,,missing_pdb,False
Q9JK23,,missing_pdb,False
Q9JK45,,missing_pdb,False
Q9JK53,,missing_pdb,False
Q9JK62,,missing_pdb,False
Q9JK84,,missing_pdb,False
Q9JKD8,,missing_pdb,False
Q9JKJ9,,missing_pdb,False
Q9JKS6,,missing_pdb,False
Q9JL04,,missing_pdb,False
Q9JL16,,missing_pdb,False
Q9JL35,,missing_pdb,False
Q9JLB9,,missing_pdb,False
Q9JLC3,,missing_pdb,False
Q9JLF7,,missing_pdb,False
Q9JLG8,,missing_pdb,False
Q9JLS3,,missing_pdb,False
Q9JLV1,,missing_pdb,False
Q9JLV6,,missing_pdb,False
Q9JM54,,missing_pdb,False
Q9JM62,,missing_pdb,False
Q9JMB3,,missing_pdb,False
Q9JMD0,,missing_pdb,False
Q9JMD3,,missing_pdb,False
Q9LDA4,,missing_pdb,False
Q9LES3,,missing_pdb,False
Q9LEU5,,missing_pdb,False
Q9LEY9,,missing_pdb,False
Q9LF02,,missing_pdb,False
Q9LF88,,missing_pdb,False
Q9LFA5,,missing_pdb,False
Q9LFE4,,missing_pdb,False
Q9LFG2,,missing_pdb,False
Q9LFI5,,missing_pdb,False
Q9LFJ8,,missing_pdb,False
Q9LFM6,,missing_pdb,False
Q9LFQ2,,missing_pdb,False
Q9LFR0,,missing_pdb,False
Q9LFX8,,missing_pdb,False
Q9LHI5,,missing_pdb,False
Q9LHL7,,missing_pdb,False
Q9LHS5,,missing_pdb,False
Q9LI74,,missing_pdb,False
Q9LI88,,missing_pdb,False
Q9LIF6,,missing_pdb,False
Q9LIH5,,missing_pdb,False
Q9LIN3,,missing_pdb,False
Q9LIQ9,,missing_pdb,False
Q9LIY2,,missing_pdb,False
Q9LJ94,,missing_pdb,False
Q9LJH2,,missing_pdb,False
Q9LJN1,,missing_pdb,False
Q9LJQ6,,missing_pdb,False
Q9LJV8,,missing_pdb,False
Q9LK22,,missing_pdb,False
Q9LK37,,missing_pdb,False
Q9LK52,,missing_pdb,False
Q9LKA1,,missing_pdb,False
Q9LKB2,,missing_pdb,False
Q9LKU3,,missing_pdb,False
Q9LM62,,missing_pdb,False
Q9LM78,,missing_pdb,False
Q9LM88,,missing_pdb,False
Q9LMK2,,missing_pdb,False
Q9LML3,,missing_pdb,False
Q9LMQ3,,missing_pdb,False
Q9LMS7,,missing_pdb,False
Q9LN09,,missing_pdb,False
Q9LNC6,,missing_pdb,False
Q9LNE0,,missing_pdb,False
Q9LP92,,missing_pdb,False
Q9LPJ1,,missing_pdb,False
Q9LPW6,,missing_pdb,False
Q9LPZ1,,missing_pdb,False
Q9LPZ6,,missing_pdb,False
Q9LQ83,,missing_pdb,False
Q9LQ92,,missing_pdb,False
Q9LQM3,,missing_pdb,False
Q9LQM7,,missing_pdb,False
Q9LR64,,missing_pdb,False
Q9LR74,,missing_pdb,False
Q9LRN8,,missing_pdb,False
Q9LRZ3,,missing_pdb,False
Q9LS97,,missing_pdb,False
Q9LSB5,,missing_pdb,False
Q9LSJ7,,missing_pdb,False
Q9LSK7,,missing_pdb,False
Q9LSN1,,missing_pdb,False
Q9LSQ2,,missing_pdb,False
Q9LSZ0,,missing_pdb,False
Q9LT09,,missing_pdb,False
Q9LT17,,missing_pdb,False
Q9LT25,,missing_pdb,False
Q9LT57,,missing_pdb,False
Q9LTA1,,missing_pdb,False
Q9LTI4,,missing_pdb,False
Q9LTT8,,missing_pdb,False
Q9LTX9,,missing_pdb,False
Q9LU44,,missing_pdb,False
Q9LU74,,missing_pdb,False
Q9LUJ5,,missing_pdb,False
Q9LUQ6,,missing_pdb,False
Q9LUW5,,missing_pdb,False
Q9LV05,,missing_pdb,False
Q9LVA0,,missing_pdb,False
Q9LVF0,,missing_pdb,False
Q9LVH1,,missing_pdb,False
Q9LVK1,,missing_pdb,False
Q9LVR4,,missing_pdb,False
Q9LVU5,,missing_pdb,False
Q9LVV6,,missing_pdb,False
Q9LVW7,,missing_pdb,False
Q9LVX1,,missing_pdb,False
Q9LW04,,missing_pdb,False
Q9LW25,,missing_pdb,False
Q9LW88,,missing_pdb,False
Q9LX28,,missing_pdb,False
Q9LXA8,,missing_pdb,False
Q9LXC6,,missing_pdb,False
Q9LXC9,,missing_pdb,False
Q9LXD1,,missing_pdb,False
Q9LY14,,missing_pdb,False
Q9LY29,,missing_pdb,False
Q9LY66,,missing_pdb,False
Q9LYA5,,missing_pdb,False
Q9LYC7,,missing_pdb,False
Q9LYE1,,missing_pdb,False
Q9LYF4,,missing_pdb,False
Q9LYF5,,missing_pdb,False
Q9LYL4,,missing_pdb,False
Q9LYL8,,missing_pdb,False
Q9LYQ9,,missing_pdb,False
Q9LYU4,,missing_pdb,False
Q9LZ08,,missing_pdb,False
Q9LZ21,,missing_pdb,False
Q9LZ23,,missing_pdb,False
Q9LZ65,,missing_pdb,False
Q9LZQ7,,missing_pdb,False
Q9LZS3,,missing_pdb,False
Q9LZS6,,missing_pdb,False
Q9LZY2,,missing_pdb,False
Q9M0I4,,missing_pdb,False
Q9M0R0,,missing_pdb,False
Q9M0V4,,missing_pdb,False
Q9M0V5,,missing_pdb,False
Q9M0V6,,missing_pdb,False
Q9M1G6,,missing_pdb,False
Q9M1J9,,missing_pdb,False
Q9M1L9,,missing_pdb,False
Q9M1R2,,missing_pdb,False
Q9M1R7,,missing_pdb,False
Q9M1S4,,missing_pdb,False
Q9M1X8,,missing_pdb,False
Q9M1Z4,,missing_pdb,False
Q9M221,,missing_pdb,False
Q9M2D8,,missing_pdb,False
Q9M2L5,,missing_pdb,False
Q9M2Q5,,missing_pdb,False
Q9M2S7,,missing_pdb,False
Q9M2U7,,missing_pdb,False
Q9M2Y6,,missing_pdb,False
Q9M303,,missing_pdb,False
Q9M363,,missing_pdb,False
Q9M371,,missing_pdb,False
Q9M5G9,,missing_pdb,False
Q9M7Q4,,missing_pdb,False
Q9M7T1,,missing_pdb,False
Q9M8A0,,missing_pdb,False
Q9M8Z5,,missing_pdb,False
Q9M8Z7,,missing_pdb,False
Q9M9G6,,missing_pdb,False
Q9M9T9,,missing_pdb,False
Q9MA75,,missing_pdb,False
Q9MAG3,,missing_pdb,False
Q9N6D7,,missing_pdb,False
Q9NBW0,,missing_pdb,False
Q9NF31,,missing_pdb,False
Q9NGC6,,missing_pdb,False
Q9NHB9,,missing_pdb,False
Q9NHD5,,missing_pdb,False
Q9NI63,,missing_pdb,False
Q9NK57,,missing_pdb,False
Q9NKV0-4,,missing_pdb,False
Q9NNX1,,missing_pdb,False
Q9NP31,,missing_pdb,False
Q9NP59,,missing_pdb,False
Q9NP64,,missing_pdb,False
Q9NP66,/data/ranran/my_ptm/croton/data/structure_pipeline/pdb/Q9NP66.pdb,exact_sequence_match,True
Q9NP72-2,,missing_pdb,False
Q9NP73,,missing_pdb,False
Q9NP77-2,,missing_pdb,False
Q9NP78-3,,missing_pdb,False
Q9NP80,/data/ranran/my_ptm/croton/data/structure_pipeline/pdb/Q9NP80.pdb,exact_sequence_match,True
Q9NP81,,missing_pdb,False
Q9NP84,,missing_pdb,False
Q9NP92,,missing_pdb,False
Q9NP99,,missing_pdb,False
Q9NP99-2,,missing_pdb,False
Q9NPA0,,missing_pdb,False
Q9NPA3,/data/ranran/my_ptm/croton/data/structure_pipeline/pdb/Q9NPA3.pdb,exact_sequence_match,True
Q9NPB0,,missing_pdb,False
Q9NPC3,,missing_pdb,False
Q9NPC7,,missing_pdb,False
Q9NPC7-4,,missing_pdb,False
Q9NPE6,,missing_pdb,False
Q9NPF0,,missing_pdb,False
Q9NPF2,,missing_pdb,False
Q9NPF5,/data/ranran/my_ptm/croton/data/structure_pipeline/pdb/Q9NPF5.pdb,exact_sequence_match,True
Q9NPH2-2,,missing_pdb,False
Q9NPI0,,missing_pdb,False
Q9NPI1-2,,missing_pdb,False
Q9NPI8,,missing_pdb,False
Q9NPJ1,,missing_pdb,False
Q9NPJ4,,missing_pdb,False
Q9NPJ6,/data/ranran/my_ptm/croton/data/structure_pipeline/pdb/Q9NPJ6.pdb,exact_sequence_match,True
Q9NPL8,/data/ranran/my_ptm/croton/data/structure_pipeline/pdb/Q9NPL8.pdb,exact_sequence_match,True
Q9NPP4,,missing_pdb,False
Q9NPQ8,/data/ranran/my_ptm/croton/data/structure_pipeline/pdb/Q9NPQ8.pdb,exact_sequence_match,True
Q9NPR2,,missing_pdb,False
Q9NQ31,,missing_pdb,False
Q9NQ38,,missing_pdb,False
Q9NQ50,,missing_pdb,False
Q9NQ55,/data/ranran/my_ptm/croton/data/structure_pipeline/pdb/Q9NQ55.pdb,exact_sequence_match,True
Q9NQ87,,missing_pdb,False
Q9NQ88,/data/ranran/my_ptm/croton/data/structure_pipeline/pdb/Q9NQ88.pdb,exact_sequence_match,True
Q9NQ90,,missing_pdb,False
Q9NQB0,,missing_pdb,False
Q9NQB0-2,,missing_pdb,False
Q9NQC3,/data/ranran/my_ptm/croton/data/structure_pipeline/pdb/Q9NQC3.pdb,exact_sequence_match,True
Q9NQC3-5,,missing_pdb,False
Q9NQC7,,missing_pdb,False
Q9NQC8,,missing_pdb,False
Q9NQG7,,missing_pdb,False
Q9NQH7,,missing_pdb,False
Q9NQI0,,missing_pdb,False
Q9NQQ7,,missing_pdb,False
Q9NQR1,,missing_pdb,False
Q9NQS1,,missing_pdb,False
Q9NQS7,/data/ranran/my_ptm/croton/data/structure_pipeline/pdb/Q9NQS7.pdb,exact_sequence_match,True
Q9NQT5,,missing_pdb,False
Q9NQV6,,missing_pdb,False
Q9NQV7,/data/ranran/my_ptm/croton/data/structure_pipeline/pdb/Q9NQV7.pdb,exact_sequence_match,True
Q9NQW5,,missing_pdb,False
Q9NQW6,/data/ranran/my_ptm/croton/data/structure_pipeline/pdb/Q9NQW6.pdb,exact_sequence_match,True
Q9NQW8,,missing_pdb,False
Q9NQX0,,missing_pdb,False
Q9NQY0,,missing_pdb,False
Q9NQZ2,/data/ranran/my_ptm/croton/data/structure_pipeline/pdb/Q9NQZ2.pdb,exact_sequence_match,True
Q9NQZ3,,missing_pdb,False
Q9NQZ5,,missing_pdb,False
Q9NQZ6,,missing_pdb,False
Q9NQZ8,,missing_pdb,False
Q9NR20,,missing_pdb,False
Q9NR28,/data/ranran/my_ptm/croton/data/structure_pipeline/pdb/Q9NR28.pdb,exact_sequence_match,True
Q9NR33,/data/ranran/my_ptm/croton/data/structure_pipeline/pdb/Q9NR33.pdb,exact_sequence_match,True
Q9NR45,/data/ranran/my_ptm/croton/data/structure_pipeline/pdb/Q9NR45.pdb,exact_sequence_match,True
Q9NR48,,missing_pdb,False
Q9NR55,,missing_pdb,False
Q9NR56,/data/ranran/my_ptm/croton/data/structure_pipeline/pdb/Q9NR56.pdb,exact_sequence_match,True
Q9NR56-3,,missing_pdb,False
Q9NR71,,missing_pdb,False
Q9NR80,,missing_pdb,False
Q9NR81,,missing_pdb,False
Q9NR99,,missing_pdb,False
Q9NRA2-2,,missing_pdb,False
Q9NRA8-3,,missing_pdb,False
Q9NRB3,,missing_pdb,False
Q9NRC1,,missing_pdb,False
Q9NRC8,,missing_pdb,False
Q9NRD0,,missing_pdb,False
Q9NRD5,,missing_pdb,False
Q9NRD9,,missing_pdb,False
Q9NRF2,,missing_pdb,False
Q9NRF9,/data/ranran/my_ptm/croton/data/structure_pipeline/pdb/Q9NRF9.pdb,exact_sequence_match,True
Q9NRG0,/data/ranran/my_ptm/croton/data/structure_pipeline/pdb/Q9NRG0.pdb,exact_sequence_match,True
Q9NRG1,/data/ranran/my_ptm/croton/data/structure_pipeline/pdb/Q9NRG1.pdb,exact_sequence_match,True
Q9NRG7,,missing_pdb,False
Q9NRG9,,missing_pdb,False
Q9NRH1,,missing_pdb,False
Q9NRH2,/data/ranran/my_ptm/croton/data/structure_pipeline/pdb/Q9NRH2.pdb,exact_sequence_match,True
Q9NRI5,,missing_pdb,False
Q9NRJ4,,missing_pdb,False
Q9NRK6,/data/ranran/my_ptm/croton/data/structure_pipeline/pdb/Q9NRK6.pdb,exact_sequence_match,True
Q9NRL2,/data/ranran/my_ptm/croton/data/structure_pipeline/pdb/Q9NRL2.pdb,exact_sequence_match,True
Q9NRM0,,missing_pdb,False
Q9NRM1,,missing_pdb,False
Q9NRM2,,missing_pdb,False
Q9NRP2,,missing_pdb,False
Q9NRP7,,missing_pdb,False
Q9NRR3,,missing_pdb,False
Q9NRR4,,missing_pdb,False
Q9NRR6,,missing_pdb,False
Q9NRS6,/data/ranran/my_ptm/croton/data/structure_pipeline/pdb/Q9NRS6.pdb,exact_sequence_match,True
Q9NRW4,,missing_pdb,False
Q9NRX1,,missing_pdb,False
Q9NRX2,/data/ranran/my_ptm/croton/data/structure_pipeline/pdb/Q9NRX2.pdb,exact_sequence_match,True
Q9NRX4,/data/ranran/my_ptm/croton/data/structure_pipeline/pdb/Q9NRX4.pdb,exact_sequence_match,True
Q9NRY2,/data/ranran/my_ptm/croton/data/structure_pipeline/pdb/Q9NRY2.pdb,exact_sequence_match,True
Q9NRZ9-7,,missing_pdb,False
Q9NRZ9-9,,missing_pdb,False
Q9NS00,,missing_pdb,False
Q9NS18,,missing_pdb,False
Q9NS23,,missing_pdb,False
Q9NS25,,missing_pdb,False
Q9NS37,,missing_pdb,False
Q9NS56,,missing_pdb,False
Q9NS64,,missing_pdb,False
Q9NS73,,missing_pdb,False
Q9NS84,,missing_pdb,False
Q9NS87,/data/ranran/my_ptm/croton/data/structure_pipeline/pdb/Q9NS87.pdb,exact_sequence_match,True
Q9NS87-3,,missing_pdb,False
Q9NS93,/data/ranran/my_ptm/croton/data/structure_pipeline/pdb/Q9NS93.pdb,exact_sequence_match,True
Q9NSG2,,missing_pdb,False
Q9NSG2-3,,missing_pdb,False
Q9NSI2,/data/ranran/my_ptm/croton/data/structure_pipeline/pdb/Q9NSI2.pdb,exact_sequence_match,True
Q9NSI6,,missing_pdb,False
Q9NSI9,,missing_pdb,False
Q9NSK7,,missing_pdb,False
Q9NSN8,,missing_pdb,False
Q9NSP4,,missing_pdb,False
Q9NSQ0,,missing_pdb,False
Q9NSS8,,missing_pdb,False
Q9NSY1,,missing_pdb,False
Q9NT68,,missing_pdb,False
Q9NTK5-2,,missing_pdb,False
Q9NTK5-3,,missing_pdb,False
Q9NTM9,/data/ranran/my_ptm/croton/data/structure_pipeline/pdb/Q9NTM9.pdb,exact_sequence_match,True
Q9NTU4,,missing_pdb,False
Q9NTW7,,missing_pdb,False
Q9NTX7,,missing_pdb,False
Q9NTX9,,missing_pdb,False
Q9NU02,,missing_pdb,False
Q9NU22,,missing_pdb,False
Q9NU23,,missing_pdb,False
Q9NU53,,missing_pdb,False
Q9NUA8,,missing_pdb,False
Q9NUD5,,missing_pdb,False
Q9NUD7,,missing_pdb,False
Q9NUD9,,missing_pdb,False
Q9NUE0,,missing_pdb,False
Q9NUG4,,missing_pdb,False
Q9NUH8,,missing_pdb,False
Q9NUJ1,,missing_pdb,False
Q9NUJ1-2,,missing_pdb,False
Q9NUL5,,missing_pdb,False
Q9NUL7,,missing_pdb,False
Q9NUM3,,missing_pdb,False
Q9NUP7,,missing_pdb,False
Q9NUQ7,,missing_pdb,False
Q9NUU6,,missing_pdb,False
Q9NUV9,,missing_pdb,False
Q9NUW8,,missing_pdb,False
Q9NUX5,,missing_pdb,False
Q9NUY8,,missing_pdb,False
Q9NV06,/data/ranran/my_ptm/croton/data/structure_pipeline/pdb/Q9NV06.pdb,exact_sequence_match,True
Q9NV06-2,,missing_pdb,False
Q9NV12,,missing_pdb,False
Q9NV31,,missing_pdb,False
Q9NV35,,missing_pdb,False
Q9NV56,,missing_pdb,False
Q9NV58-2,,missing_pdb,False
Q9NV66,,missing_pdb,False
Q9NV70,/data/ranran/my_ptm/croton/data/structure_pipeline/pdb/Q9NV70.pdb,exact_sequence_match,True
Q9NV79,,missing_pdb,False
Q9NVA1,,missing_pdb,False
Q9NVA4,,missing_pdb,False
Q9NVC6,/data/ranran/my_ptm/croton/data/structure_pipeline/pdb/Q9NVC6.pdb,exact_sequence_match,True
Q9NVC6-2,,missing_pdb,False
Q9NVD3,,missing_pdb,False
Q9NVE4,,missing_pdb,False
Q9NVG8,/data/ranran/my_ptm/croton/data/structure_pipeline/pdb/Q9NVG8.pdb,exact_sequence_match,True
Q9NVH6-4,,missing_pdb,False
Q9NVH6-8,,missing_pdb,False
Q9NVI1-4,,missing_pdb,False
Q9NVI7-3,,missing_pdb,False
Q9NVL1-2,,missing_pdb,False
Q9NVM4,/data/ranran/my_ptm/croton/data/structure_pipeline/pdb/Q9NVM4.pdb,exact_sequence_match,True
Q9NVM6,/data/ranran/my_ptm/croton/data/structure_pipeline/pdb/Q9NVM6.pdb,exact_sequence_match,True
Q9NVM9,/data/ranran/my_ptm/croton/data/structure_pipeline/pdb/Q9NVM9.pdb,exact_sequence_match,True
Q9NVN8,/data/ranran/my_ptm/croton/data/structure_pipeline/pdb/Q9NVN8.pdb,exact_sequence_match,True
Q9NVP2,,missing_pdb,False
Q9NVQ4,/data/ranran/my_ptm/croton/data/structure_pipeline/pdb/Q9NVQ4.pdb,exact_sequence_match,True
Q9NVR5,,missing_pdb,False
Q9NVR7,,missing_pdb,False
Q9NVS2,/data/ranran/my_ptm/croton/data/structure_pipeline/pdb/Q9NVS2.pdb,exact_sequence_match,True
Q9NVU0,/data/ranran/my_ptm/croton/data/structure_pipeline/pdb/Q9NVU0.pdb,exact_sequence_match,True
Q9NVV4-2,,missing_pdb,False
Q9NVX0,,missing_pdb,False
Q9NW07,,missing_pdb,False
Q9NW13,/data/ranran/my_ptm/croton/data/structure_pipeline/pdb/Q9NW13.pdb,exact_sequence_match,True
Q9NW15,,missing_pdb,False
Q9NW38,,missing_pdb,False
Q9NW68,/data/ranran/my_ptm/croton/data/structure_pipeline/pdb/Q9NW68.pdb,exact_sequence_match,True
Q9NW75,,missing_pdb,False
Q9NW82,/data/ranran/my_ptm/croton/data/structure_pipeline/pdb/Q9NW82.pdb,exact_sequence_match,True
Q9NW97,,missing_pdb,False
Q9NWA0,,missing_pdb,False
Q9NWB6,/data/ranran/my_ptm/croton/data/structure_pipeline/pdb/Q9NWB6.pdb,exact_sequence_match,True
Q9NWB7,,missing_pdb,False
Q9NWD9,,missing_pdb,False
Q9NWF9-1,,missing_pdb,False
Q9NWH2,,missing_pdb,False
Q9NWH9,/data/ranran/my_ptm/croton/data/structure_pipeline/pdb/Q9NWH9.pdb,exact_sequence_match,True
Q9NWK9,,missing_pdb,False
Q9NWL6,,missing_pdb,False
Q9NWN3,,missing_pdb,False
Q9NWQ8,,missing_pdb,False
Q9NWQ9,,missing_pdb,False
Q9NWS0,,missing_pdb,False
Q9NWS1,,missing_pdb,False
Q9NWS1-4,,missing_pdb,False
Q9NWS1-7,,missing_pdb,False
Q9NWS6,,missing_pdb,False
Q9NWS8,/data/ranran/my_ptm/croton/data/structure_pipeline/pdb/Q9NWS8.pdb,exact_sequence_match,True
Q9NWT1,/data/ranran/my_ptm/croton/data/structure_pipeline/pdb/Q9NWT1.pdb,exact_sequence_match,True
Q9NWT8,,missing_pdb,False
Q9NWU5,,missing_pdb,False
Q9NWW6,,missing_pdb,False
Q9NWX5,,missing_pdb,False
Q9NWX6,,missing_pdb,False
Q9NWZ3,,missing_pdb,False
Q9NWZ5-2,,missing_pdb,False
Q9NWZ8,,missing_pdb,False
Q9NX01,/data/ranran/my_ptm/croton/data/structure_pipeline/pdb/Q9NX01.pdb,exact_sequence_match,True
Q9NX04,,missing_pdb,False
Q9NX08,,missing_pdb,False
Q9NX09,,missing_pdb,False
Q9NX14-2,,missing_pdb,False
Q9NX18,/data/ranran/my_ptm/croton/data/structure_pipeline/pdb/Q9NX18.pdb,exact_sequence_match,True
Q9NX20,,missing_pdb,False
Q9NX31,,missing_pdb,False
Q9NX36,,missing_pdb,False
Q9NX38,,missing_pdb,False
Q9NX40-4,,missing_pdb,False
Q9NX45,,missing_pdb,False
Q9NX46,,missing_pdb,False
Q9NX52,,missing_pdb,False
Q9NX55,,missing_pdb,False
Q9NX57,,missing_pdb,False
Q9NX62,/data/ranran/my_ptm/croton/data/structure_pipeline/pdb/Q9NX62.pdb,exact_sequence_match,True
Q9NX70,,missing_pdb,False
Q9NX74,,missing_pdb,False
Q9NX94,,missing_pdb,False
Q9NX95,,missing_pdb,False
Q9NXB0,,missing_pdb,False
Q9NXC5-2,,missing_pdb,False
Q9NXD2,,missing_pdb,False
Q9NXE4-4,,missing_pdb,False
Q9NXE4-8,,missing_pdb,False
Q9NXF1,/data/ranran/my_ptm/croton/data/structure_pipeline/pdb/Q9NXF1.pdb,exact_sequence_match,True
Q9NXF7,,missing_pdb,False
Q9NXF8,,missing_pdb,False
Q9NXG0,,missing_pdb,False
Q9NXG2,/data/ranran/my_ptm/croton/data/structure_pipeline/pdb/Q9NXG2.pdb,exact_sequence_match,True
Q9NXG6-3,,missing_pdb,False
Q9NXH8,,missing_pdb,False
Q9NXH9,/data/ranran/my_ptm/croton/data/structure_pipeline/pdb/Q9NXH9.pdb,exact_sequence_match,True
Q9NXK8,,missing_pdb,False
Q9NXL9,,missing_pdb,False
Q9NXL9-2,,missing_pdb,False
Q9NXP7,,missing_pdb,False
Q9NXR5,,missing_pdb,False
Q9NXR7-1,,missing_pdb,False
Q9NXR8,,missing_pdb,False
Q9NXV6,,missing_pdb,False
Q9NXW9,,missing_pdb,False
Q9NXX6,,missing_pdb,False
Q9NXZ1,,missing_pdb,False
Q9NXZ2,,missing_pdb,False
Q9NY33-2,,missing_pdb,False
Q9NY35-2,,missing_pdb,False
Q9NY47-5,,missing_pdb,False
Q9NY61,/data/ranran/my_ptm/croton/data/structure_pipeline/pdb/Q9NY61.pdb,exact_sequence_match,True
Q9NY74,/data/ranran/my_ptm/croton/data/structure_pipeline/pdb/Q9NY74.pdb,exact_sequence_match,True
Q9NY97,,missing_pdb,False
Q9NYA3,,missing_pdb,False
Q9NYB0,,missing_pdb,False
Q9NYB9,/data/ranran/my_ptm/croton/data/structure_pipeline/pdb/Q9NYB9.pdb,exact_sequence_match,True
Q9NYF3,,missing_pdb,False
Q9NYH9,/data/ranran/my_ptm/croton/data/structure_pipeline/pdb/Q9NYH9.pdb,exact_sequence_match,True
Q9NYI0,,missing_pdb,False
Q9NYJ1,,missing_pdb,False
Q9NYK1,,missing_pdb,False
Q9NYK5-2,,missing_pdb,False
Q9NYK6,,missing_pdb,False
Q9NYL2,,missing_pdb,False
Q9NYL2-2,,missing_pdb,False
Q9NYL4,,missing_pdb,False
Q9NYM9,,missing_pdb,False
Q9NYP3,,missing_pdb,False
Q9NYP3-3,,missing_pdb,False
Q9NYP9,,missing_pdb,False
Q9NYQ7,,missing_pdb,False
Q9NYU2,/data/ranran/my_ptm/croton/data/structure_pipeline/pdb/Q9NYU2.pdb,exact_sequence_match,True
Q9NYY8,,missing_pdb,False
Q9NZ42,,missing_pdb,False
Q9NZ53,,missing_pdb,False
Q9NZ71,,missing_pdb,False
Q9NZA1,,missing_pdb,False
Q9NZB2-5,,missing_pdb,False
Q9NZB2-6,,missing_pdb,False
Q9NZC3,,missing_pdb,False
Q9NZC4,,missing_pdb,False
Q9NZC7,,missing_pdb,False
Q9NZC7-5,,missing_pdb,False
Q9NZC7-6,,missing_pdb,False
Q9NZC9,,missing_pdb,False
Q9NZF1,,missing_pdb,False
Q9NZI7,,missing_pdb,False
Q9NZJ0,,missing_pdb,False
Q9NZJ4,,missing_pdb,False
Q9NZJ5,,missing_pdb,False
Q9NZJ6,,missing_pdb,False
Q9NZJ9,,missing_pdb,False
Q9NZK5,,missing_pdb,False
Q9NZL3,,missing_pdb,False
Q9NZL4,,missing_pdb,False
Q9NZL9-3,,missing_pdb,False
Q9NZM1-4,,missing_pdb,False
Q9NZM1-5,,missing_pdb,False
Q9NZM1-7,,missing_pdb,False
Q9NZM3-3,,missing_pdb,False
Q9NZM4,,missing_pdb,False
Q9NZM6,,missing_pdb,False
Q9NZN5,/data/ranran/my_ptm/croton/data/structure_pipeline/pdb/Q9NZN5.pdb,exact_sequence_match,True
Q9NZN8,/data/ranran/my_ptm/croton/data/structure_pipeline/pdb/Q9NZN8.pdb,exact_sequence_match,True
Q9NZQ3,,missing_pdb,False
Q9NZT2,,missing_pdb,False
Q9NZV5,,missing_pdb,False
Q9P003,,missing_pdb,False
Q9P015,,missing_pdb,False
Q9P016-2,,missing_pdb,False
Q9P021,/data/ranran/my_ptm/croton/data/structure_pipeline/pdb/Q9P021.pdb,exact_sequence_match,True
Q9P031,,missing_pdb,False
Q9P032,,missing_pdb,False
Q9P055,,missing_pdb,False
Q9P086,,missing_pdb,False
Q9P0J1-2,,missing_pdb,False
Q9P0J6,,missing_pdb,False
Q9P0K7,/data/ranran/my_ptm/croton/data/structure_pipeline/pdb/Q9P0K7.pdb,exact_sequence_match,True
Q9P0L0-2,,missing_pdb,False
Q9P0P8,/data/ranran/my_ptm/croton/data/structure_pipeline/pdb/Q9P0P8.pdb,exact_sequence_match,True
Q9P0S2,/data/ranran/my_ptm/croton/data/structure_pipeline/pdb/Q9P0S2.pdb,exact_sequence_match,True
Q9P0T4,,missing_pdb,False
Q9P0U3,/data/ranran/my_ptm/croton/data/structure_pipeline/pdb/Q9P0U3.pdb,exact_sequence_match,True
Q9P0U4,,missing_pdb,False
Q9P0V3,/data/ranran/my_ptm/croton/data/structure_pipeline/pdb/Q9P0V3.pdb,exact_sequence_match,True
Q9P0V3-2,,missing_pdb,False
Q9P0W8,,missing_pdb,False
Q9P107,,missing_pdb,False
Q9P1A2,,missing_pdb,False
Q9P1Q0,,missing_pdb,False
Q9P1T7,,missing_pdb,False
Q9P1W8-4,,missing_pdb,False
Q9P1Z0,,missing_pdb,False
Q9P202,,missing_pdb,False
Q9P203,,missing_pdb,False
Q9P209-2,,missing_pdb,False
Q9P215,,missing_pdb,False
Q9P218,,missing_pdb,False
Q9P219,/data/ranran/my_ptm/croton/data/structure_pipeline/pdb/Q9P219.pdb,exact_sequence_match,True
Q9P227,,missing_pdb,False
Q9P227-2,,missing_pdb,False
Q9P242,,missing_pdb,False
Q9P243,,missing_pdb,False
Q9P244,,missing_pdb,False
Q9P258,/data/ranran/my_ptm/croton/data/structure_pipeline/pdb/Q9P258.pdb,exact_sequence_match,True
Q9P260-2,,missing_pdb,False
Q9P270,,missing_pdb,False
Q9P272,,missing_pdb,False
Q9P275,,missing_pdb,False
Q9P287-2,,missing_pdb,False
Q9P299,,missing_pdb,False
Q9P2A4,,missing_pdb,False
Q9P2B2,,missing_pdb,False
Q9P2B7,,missing_pdb,False
Q9P2C4,,missing_pdb,False
Q9P2D0,,missing_pdb,False
Q9P2D1,,missing_pdb,False
Q9P2D1-2,,missing_pdb,False
Q9P2D6,,missing_pdb,False
Q9P2D7,,missing_pdb,False
Q9P2D8,,missing_pdb,False
Q9P2E3,/data/ranran/my_ptm/croton/data/structure_pipeline/pdb/Q9P2E3.pdb,exact_sequence_match,True
Q9P2E7,,missing_pdb,False
Q9P2E9-3,,missing_pdb,False
Q9P2F5,,missing_pdb,False
Q9P2F9,,missing_pdb,False
Q9P2G1,,missing_pdb,False
Q9P2H0,,missing_pdb,False
Q9P2H3,,missing_pdb,False
Q9P2K1,,missing_pdb,False
Q9P2K2,,missing_pdb,False
Q9P2K6,,missing_pdb,False
Q9P2K8,,missing_pdb,False
Q9P2M4,,missing_pdb,False
Q9P2M7,,missing_pdb,False
Q9P2M7-2,,missing_pdb,False
Q9P2N6,,missing_pdb,False
Q9P2N7-5,,missing_pdb,False
Q9P2P1,,missing_pdb,False
Q9P2P6,,missing_pdb,False
Q9P2R6,,missing_pdb,False
Q9P2R7,/data/ranran/my_ptm/croton/data/structure_pipeline/pdb/Q9P2R7.pdb,exact_sequence_match,True
Q9P2S5,/data/ranran/my_ptm/croton/data/structure_pipeline/pdb/Q9P2S5.pdb,exact_sequence_match,True
Q9P2T1-2,,missing_pdb,False
Q9P2W1,,missing_pdb,False
Q9P2W9,/data/ranran/my_ptm/croton/data/structure_pipeline/pdb/Q9P2W9.pdb,exact_sequence_match,True
Q9P2X3,,missing_pdb,False
Q9P2Y5,,missing_pdb,False
Q9P4P9,,missing_pdb,False
Q9P4R5,,missing_pdb,False
Q9P6K7,,missing_pdb,False
Q9P6L9,,missing_pdb,False
Q9P6M1,,missing_pdb,False
Q9P6S3,,missing_pdb,False
Q9P785,,missing_pdb,False
Q9P7E3,,missing_pdb,False
Q9P7L1,,missing_pdb,False
Q9P7Q4,,missing_pdb,False
Q9P7T8,,missing_pdb,False
Q9P7U2,,missing_pdb,False
Q9P8F8,,missing_pdb,False
Q9P8K9,,missing_pdb,False
Q9P905,,missing_pdb,False
Q9QUH0,,missing_pdb,False
Q9QUK3,,missing_pdb,False
Q9QUM4,,missing_pdb,False
Q9QUN3,,missing_pdb,False
Q9QWI6,,missing_pdb,False
Q9QWT9,,missing_pdb,False
Q9QWY8,,missing_pdb,False
Q9QXA7,,missing_pdb,False
Q9QXK2,,missing_pdb,False
Q9QXN0,,missing_pdb,False
Q9QXN5,,missing_pdb,False
Q9QXS1,,missing_pdb,False
Q9QXS6,,missing_pdb,False
Q9QXW2,,missing_pdb,False
Q9QY05,,missing_pdb,False
Q9QY15,,missing_pdb,False
Q9QYB1,,missing_pdb,False
Q9QYC1,,missing_pdb,False
Q9QYE9,,missing_pdb,False
Q9QYK7,,missing_pdb,False
Q9QYL0,,missing_pdb,False
Q9QYS9-7,,missing_pdb,False
Q9QYY0,,missing_pdb,False
Q9QZ25,,missing_pdb,False
Q9QZC2,,missing_pdb,False
Q9QZL6,,missing_pdb,False
Q9QZN1,,missing_pdb,False
Q9QZS3,,missing_pdb,False
Q9R000,,missing_pdb,False
Q9R049,,missing_pdb,False
Q9R059,,missing_pdb,False
Q9R072,,missing_pdb,False
Q9R0G7,,missing_pdb,False
Q9R0H2,,missing_pdb,False
Q9R0L4,,missing_pdb,False
Q9R0L6,,missing_pdb,False
Q9R155,,missing_pdb,False
Q9R157,,missing_pdb,False
Q9R1S8,,missing_pdb,False
Q9R1V6-11,,missing_pdb,False
Q9S763,,missing_pdb,False
Q9S7E4,,missing_pdb,False
Q9S7H1,,missing_pdb,False
Q9S7I0,,missing_pdb,False
Q9S7P3,,missing_pdb,False
Q9S7P9,,missing_pdb,False
Q9S7V6,,missing_pdb,False
Q9S7X9,,missing_pdb,False
Q9S850,,missing_pdb,False
Q9S9P0,,missing_pdb,False
Q9S9Z0,,missing_pdb,False
Q9SA50,,missing_pdb,False
Q9SA55,,missing_pdb,False
Q9SAD7,,missing_pdb,False
Q9SAG7,,missing_pdb,False
Q9SAH1,,missing_pdb,False
Q9SAK9,,missing_pdb,False
Q9SB47,,missing_pdb,False
Q9SB60,,missing_pdb,False
Q9SB63,,missing_pdb,False
Q9SBB2,,missing_pdb,False
Q9SCK9,,missing_pdb,False
Q9SCQ8,,missing_pdb,False
Q9SCS3,,missing_pdb,False
Q9SD36,,missing_pdb,False
Q9SD44,,missing_pdb,False
Q9SD61,,missing_pdb,False
Q9SD86,,missing_pdb,False
Q9SDW0,,missing_pdb,False
Q9SE33,,missing_pdb,False
Q9SEU6,,missing_pdb,False
Q9SEX2,,missing_pdb,False
Q9SF36,,missing_pdb,False
Q9SFT9,,missing_pdb,False
Q9SFV0,,missing_pdb,False
Q9SFV1,,missing_pdb,False
Q9SFX3,,missing_pdb,False
Q9SGE0,,missing_pdb,False
Q9SGN8,,missing_pdb,False
Q9SGW6,,missing_pdb,False
Q9SH08,,missing_pdb,False
Q9SHJ6,,missing_pdb,False
Q9SHU9,,missing_pdb,False
Q9SHZ6,,missing_pdb,False
Q9SI37,,missing_pdb,False
Q9SI61,,missing_pdb,False
Q9SIC8,,missing_pdb,False
Q9SID9,,missing_pdb,False
Q9SIJ6,,missing_pdb,False
Q9SIK1,,missing_pdb,False
Q9SIN1,,missing_pdb,False
Q9SIV5,,missing_pdb,False
Q9SIY2,,missing_pdb,False
Q9SJ12,,missing_pdb,False
Q9SJ60,,missing_pdb,False
Q9SJ89,,missing_pdb,False
Q9SJD5,,missing_pdb,False
Q9SJF3,,missing_pdb,False
Q9SJQ6,,missing_pdb,False
Q9SJR4,,missing_pdb,False
Q9SJT4,,missing_pdb,False
Q9SJU8,,missing_pdb,False
Q9SJW3,,missing_pdb,False
Q9SK74,,missing_pdb,False
Q9SKC9,,missing_pdb,False
Q9SKN2,,missing_pdb,False
Q9SKR7,,missing_pdb,False
Q9SKU1,,missing_pdb,False
Q9SKX4,,missing_pdb,False
Q9SL42,,missing_pdb,False
Q9SL57,,missing_pdb,False
Q9SMB1,,missing_pdb,False
Q9SMR5,,missing_pdb,False
Q9SMU7,,missing_pdb,False
Q9SMZ9,,missing_pdb,False
Q9SN19,,missing_pdb,False
Q9SN77,,missing_pdb,False
Q9SN79,,missing_pdb,False
Q9SNN0,,missing_pdb,False
Q9SQ57,,missing_pdb,False
Q9SR13,,missing_pdb,False
Q9SR67,,missing_pdb,False
Q9SR71,,missing_pdb,False
Q9SRR8,,missing_pdb,False
Q9SRS2,,missing_pdb,False
Q9SRT8,,missing_pdb,False
Q9SS80,,missing_pdb,False
Q9SSB8,,missing_pdb,False
Q9SSF9,,missing_pdb,False
Q9SSK1,,missing_pdb,False
Q9SSK9,,missing_pdb,False
Q9STM4,,missing_pdb,False
Q9STQ6,,missing_pdb,False
Q9STV7,,missing_pdb,False
Q9SU08,,missing_pdb,False
Q9SU25,,missing_pdb,False
Q9SU56,,missing_pdb,False
Q9SU91,,missing_pdb,False
Q9SUE8,,missing_pdb,False
Q9SUE9,,missing_pdb,False
Q9SUP7,,missing_pdb,False
Q9SUR3,,missing_pdb,False
Q9SUU5,,missing_pdb,False
Q9SV00,,missing_pdb,False
Q9SV28,,missing_pdb,False
Q9SVC2,,missing_pdb,False
Q9SVL4,,missing_pdb,False
Q9SVM8,,missing_pdb,False
Q9SVN5,,missing_pdb,False
Q9SVW7,,missing_pdb,False
Q9SX53,,missing_pdb,False
Q9SY40,,missing_pdb,False
Q9SYA9,,missing_pdb,False
Q9SYG2,,missing_pdb,False
Q9SYL7,,missing_pdb,False
Q9SYM1,,missing_pdb,False
Q9SZ69,,missing_pdb,False
Q9SZD6,,missing_pdb,False
Q9SZF8,,missing_pdb,False
Q9SZI4,,missing_pdb,False
Q9SZP8,,missing_pdb,False
Q9SZU4,,missing_pdb,False
Q9T0A4,,missing_pdb,False
Q9T0A6,,missing_pdb,False
Q9T0H6,,missing_pdb,False
Q9TQ69,,missing_pdb,False
Q9TTK7,,missing_pdb,False
Q9U1K7,,missing_pdb,False
Q9U3V9,,missing_pdb,False
Q9U3W6,,missing_pdb,False
Q9U4G5,,missing_pdb,False
Q9U616,,missing_pdb,False
Q9U915,,missing_pdb,False
Q9UAS6,,missing_pdb,False
Q9UBC1,/data/ranran/my_ptm/croton/data/structure_pipeline/pdb/Q9UBC1.pdb;/data/ranran/my_ptm/croton/data/structure_pipeline/pdb/AF-Q9UBC1-F1-model_v6.pdb,sequence_mismatch,False
Q9UBC3,,missing_pdb,False
Q9UBD0,,missing_pdb,False
Q9UBD5-2,,missing_pdb,False
Q9UBE8,,missing_pdb,False
Q9UBF1,,missing_pdb,False
Q9UBF8,/data/ranran/my_ptm/croton/data/structure_pipeline/pdb/Q9UBF8.pdb,exact_sequence_match,True
Q9UBG0,,missing_pdb,False
Q9UBH6,/data/ranran/my_ptm/croton/data/structure_pipeline/pdb/Q9UBH6.pdb,exact_sequence_match,True
Q9UBI4,,missing_pdb,False
Q9UBI9,,missing_pdb,False
Q9UBK2-3,,missing_pdb,False
Q9UBK5,,missing_pdb,False
Q9UBK7,,missing_pdb,False
Q9UBK8,,missing_pdb,False
Q9UBK9,,missing_pdb,False
Q9UBL0,,missing_pdb,False
Q9UBL3,/data/ranran/my_ptm/croton/data/structure_pipeline/pdb/Q9UBL3.pdb,exact_sequence_match,True
Q9UBL6,,missing_pdb,False
Q9UBL9,,missing_pdb,False
Q9UBM7,/data/ranran/my_ptm/croton/data/structure_pipeline/pdb/Q9UBM7.pdb,exact_sequence_match,True
Q9UBN7,,missing_pdb,False
Q9UBP0,/data/ranran/my_ptm/croton/data/structure_pipeline/pdb/Q9UBP0.pdb,exact_sequence_match,True
Q9UBP6,,missing_pdb,False
Q9UBP9,/data/ranran/my_ptm/croton/data/structure_pipeline/pdb/Q9UBP9.pdb,exact_sequence_match,True
Q9UBQ6,,missing_pdb,False
Q9UBR2,/data/ranran/my_ptm/croton/data/structure_pipeline/pdb/Q9UBR2.pdb,exact_sequence_match,True
Q9UBR5,,missing_pdb,False
Q9UBS3,/data/ranran/my_ptm/croton/data/structure_pipeline/pdb/Q9UBS3.pdb,exact_sequence_match,True
Q9UBT6,,missing_pdb,False
Q9UBT7,/data/ranran/my_ptm/croton/data/structure_pipeline/pdb/Q9UBT7.pdb,exact_sequence_match,True
Q9UBU7,,missing_pdb,False
Q9UBU9,/data/ranran/my_ptm/croton/data/structure_pipeline/pdb/Q9UBU9.pdb,exact_sequence_match,True
Q9UBV2,/data/ranran/my_ptm/croton/data/structure_pipeline/pdb/Q9UBV2.pdb,exact_sequence_match,True
Q9UBV7,,missing_pdb,False
Q9UBV8,,missing_pdb,False
Q9UBW5,/data/ranran/my_ptm/croton/data/structure_pipeline/pdb/Q9UBW5.pdb,exact_sequence_match,True
Q9UBX1,,missing_pdb,False
Q9UBX7,,missing_pdb,False
Q9UBZ4,,missing_pdb,False
Q9UBZ9,,missing_pdb,False
Q9UDS9,,missing_pdb,False
Q9UDT6,,missing_pdb,False
Q9UDV6,,missing_pdb,False
Q9UDW1,,missing_pdb,False
Q9UDW3,,missing_pdb,False
Q9UDY2,/data/ranran/my_ptm/croton/data/structure_pipeline/pdb/Q9UDY2.pdb,exact_sequence_match,True
Q9UDY8,/data/ranran/my_ptm/croton/data/structure_pipeline/pdb/Q9UDY8.pdb,exact_sequence_match,True
Q9UEE5,,missing_pdb,False
Q9UEE9,/data/ranran/my_ptm/croton/data/structure_pipeline/pdb/Q9UEE9.pdb,exact_sequence_match,True
Q9UEE9-2,,missing_pdb,False
Q9UER7,/data/ranran/my_ptm/croton/data/structure_pipeline/pdb/Q9UER7.pdb,exact_sequence_match,True
Q9UET6,,missing_pdb,False
Q9UFC0,,missing_pdb,False
Q9UFE4,,missing_pdb,False
Q9UFG5,,missing_pdb,False
Q9UFM8,,missing_pdb,False
Q9UFN0,,missing_pdb,False
Q9UFW8,,missing_pdb,False
Q9UG01,,missing_pdb,False
Q9UG22,,missing_pdb,False
Q9UG54,,missing_pdb,False
Q9UG56,,missing_pdb,False
Q9UGH3,,missing_pdb,False
Q9UGI6,,missing_pdb,False
Q9UGJ0,,missing_pdb,False
Q9UGJ1,/data/ranran/my_ptm/croton/data/structure_pipeline/pdb/Q9UGJ1.pdb,exact_sequence_match,True
Q9UGK3,,missing_pdb,False
Q9UGK8,,missing_pdb,False
Q9UGM6,/data/ranran/my_ptm/croton/data/structure_pipeline/pdb/Q9UGM6.pdb,exact_sequence_match,True
Q9UGN4,,missing_pdb,False
Q9UGN5,/data/ranran/my_ptm/croton/data/structure_pipeline/pdb/Q9UGN5.pdb,exact_sequence_match,True
Q9UGP4,/data/ranran/my_ptm/croton/data/structure_pipeline/pdb/Q9UGP4.pdb,exact_sequence_match,True
Q9UGP5,,missing_pdb,False
Q9UGQ2,,missing_pdb,False
Q9UGU0,,missing_pdb,False
Q9UGU5,,missing_pdb,False
Q9UGV2-3,,missing_pdb,False
Q9UGY1,,missing_pdb,False
Q9UH03,,missing_pdb,False
Q9UHA2,,missing_pdb,False
Q9UHA7,,missing_pdb,False
Q9UHB6,/data/ranran/my_ptm/croton/data/structure_pipeline/pdb/Q9UHB6.pdb,exact_sequence_match,True
Q9UHB6-3,,missing_pdb,False
Q9UHB7-2,,missing_pdb,False
Q9UHB7-3,,missing_pdb,False
Q9UHB9,/data/ranran/my_ptm/croton/data/structure_pipeline/pdb/Q9UHB9.pdb,exact_sequence_match,True
Q9UHB9-3,,missing_pdb,False
Q9UHC1,,missing_pdb,False
Q9UHC7-2,,missing_pdb,False
Q9UHD2,/data/ranran/my_ptm/croton/data/structure_pipeline/pdb/Q9UHD2.pdb,exact_sequence_match,True
Q9UHD8,/data/ranran/my_ptm/croton/data/structure_pipeline/pdb/Q9UHD8.pdb,exact_sequence_match,True
Q9UHE8,,missing_pdb,False
Q9UHF1,,missing_pdb,False
Q9UHF7,,missing_pdb,False
Q9UHG3,/data/ranran/my_ptm/croton/data/structure_pipeline/pdb/Q9UHG3.pdb,exact_sequence_match,True
Q9UHI5,,missing_pdb,False
Q9UHI6,/data/ranran/my_ptm/croton/data/structure_pipeline/pdb/Q9UHI6.pdb,exact_sequence_match,True
Q9UHI8,,missing_pdb,False
Q9UHJ6,,missing_pdb,False
Q9UHK0,,missing_pdb,False
Q9UHK6,,missing_pdb,False
Q9UHN1,/data/ranran/my_ptm/croton/data/structure_pipeline/pdb/Q9UHN1.pdb,exact_sequence_match,True
Q9UHN6,,missing_pdb,False
Q9UHP3-1,,missing_pdb,False
Q9UHR6,,missing_pdb,False
Q9UHV5,,missing_pdb,False
Q9UI08,,missing_pdb,False
Q9UI36,,missing_pdb,False
Q9UIB8,,missing_pdb,False
Q9UIC8,,missing_pdb,False
Q9UID3,,missing_pdb,False
Q9UID6,,missing_pdb,False
Q9UIF7,,missing_pdb,False
Q9UIF8,,missing_pdb,False
Q9UIF9,,missing_pdb,False
Q9UIG0,/data/ranran/my_ptm/croton/data/structure_pipeline/pdb/Q9UIG0.pdb,exact_sequence_match,True
Q9UIK4,,missing_pdb,False
Q9UIL1,,missing_pdb,False
Q9UIL8,,missing_pdb,False
Q9UIM3,,missing_pdb,False
Q9UIQ6,/data/ranran/my_ptm/croton/data/structure_pipeline/pdb/Q9UIQ6.pdb,exact_sequence_match,True
Q9UIR0,,missing_pdb,False
Q9UIS9-12,,missing_pdb,False
Q9UIX4,,missing_pdb,False
Q9UJ41-3,,missing_pdb,False
Q9UJ55,,missing_pdb,False
Q9UJ68,,missing_pdb,False
Q9UJ70,,missing_pdb,False
Q9UJ78,,missing_pdb,False
Q9UJA2,,missing_pdb,False
Q9UJA3,,missing_pdb,False
Q9UJA5,/data/ranran/my_ptm/croton/data/structure_pipeline/pdb/Q9UJA5.pdb,exact_sequence_match,True
Q9UJA5-3,,missing_pdb,False
Q9UJD0,,missing_pdb,False
Q9UJG1,,missing_pdb,False
Q9UJJ7,,missing_pdb,False
Q9UJJ9,,missing_pdb,False
Q9UJM3,,missing_pdb,False
Q9UJT1,,missing_pdb,False
Q9UJT9,,missing_pdb,False
Q9UJU2-7,,missing_pdb,False
Q9UJU3,,missing_pdb,False
Q9UJV3,,missing_pdb,False
Q9UJW9,,missing_pdb,False
Q9UJX2,/data/ranran/my_ptm/croton/data/structure_pipeline/pdb/Q9UJX2.pdb,exact_sequence_match,True
Q9UJX2-2,,missing_pdb,False
Q9UJX3,,missing_pdb,False
Q9UJX4,,missing_pdb,False
Q9UJX4-2,,missing_pdb,False
Q9UJX5,,missing_pdb,False
Q9UJX5-2,,missing_pdb,False
Q9UK00,,missing_pdb,False
Q9UK23,,missing_pdb,False
Q9UK28,,missing_pdb,False
Q9UK39,,missing_pdb,False
Q9UK53,,missing_pdb,False
Q9UK58,,missing_pdb,False
Q9UK59,/data/ranran/my_ptm/croton/data/structure_pipeline/pdb/Q9UK59.pdb,exact_sequence_match,True
Q9UK61,/data/ranran/my_ptm/croton/data/structure_pipeline/pdb/Q9UK61.pdb,exact_sequence_match,True
Q9UK76-2,,missing_pdb,False
Q9UK97,,missing_pdb,False
Q9UKA1,,missing_pdb,False
Q9UKA2,,missing_pdb,False
Q9UKA4,/data/ranran/my_ptm/croton/data/structure_pipeline/pdb/Q9UKA4.pdb,exact_sequence_match,True
Q9UKA8,,missing_pdb,False
Q9UKD2,/data/ranran/my_ptm/croton/data/structure_pipeline/pdb/Q9UKD2.pdb,exact_sequence_match,True
Q9UKG1,,missing_pdb,False
Q9UKI2,,missing_pdb,False
Q9UKL0,,missing_pdb,False
Q9UKL3,,missing_pdb,False
Q9UKM7,,missing_pdb,False
Q9UKN5,,missing_pdb,False
Q9UKN7,,missing_pdb,False
Q9UKN8,/data/ranran/my_ptm/croton/data/structure_pipeline/pdb/Q9UKN8.pdb,exact_sequence_match,True
Q9UKR5,,missing_pdb,False
Q9UKT4,,missing_pdb,False
Q9UKT5,,missing_pdb,False
Q9UKT8,,missing_pdb,False
Q9UKV3,/data/ranran/my_ptm/croton/data/structure_pipeline/pdb/Q9UKV3.pdb,exact_sequence_match,True
Q9UKV3-3,,missing_pdb,False
Q9UKY7,/data/ranran/my_ptm/croton/data/structure_pipeline/pdb/Q9UKY7.pdb,exact_sequence_match,True
Q9UKZ1,/data/ranran/my_ptm/croton/data/structure_pipeline/pdb/Q9UKZ1.pdb,exact_sequence_match,True
Q9UL01,,missing_pdb,False
Q9UL03,/data/ranran/my_ptm/croton/data/structure_pipeline/pdb/Q9UL03.pdb,exact_sequence_match,True
Q9UL15-2,,missing_pdb,False
Q9UL19,,missing_pdb,False
Q9UL33,,missing_pdb,False
Q9UL36,,missing_pdb,False
Q9UL40,,missing_pdb,False
Q9UL45,,missing_pdb,False
Q9UL49,,missing_pdb,False
Q9UL59,,missing_pdb,False
Q9ULC8-3,,missing_pdb,False
Q9ULD2,/data/ranran/my_ptm/croton/data/structure_pipeline/pdb/Q9ULD2.pdb,exact_sequence_match,True
Q9ULD5,,missing_pdb,False
Q9ULD6,,missing_pdb,False
Q9ULD9,/data/ranran/my_ptm/croton/data/structure_pipeline/pdb/Q9ULD9.pdb,exact_sequence_match,True
Q9ULE6,,missing_pdb,False
Q9ULG1,,missing_pdb,False
Q9ULG6,/data/ranran/my_ptm/croton/data/structure_pipeline/pdb/Q9ULG6.pdb,exact_sequence_match,True
Q9ULG6-4,,missing_pdb,False
Q9ULH7,,missing_pdb,False
Q9ULI0,,missing_pdb,False
Q9ULI1,,missing_pdb,False
Q9ULI3,,missing_pdb,False
Q9ULI4,,missing_pdb,False
Q9ULJ1,,missing_pdb,False
Q9ULJ3,,missing_pdb,False
Q9ULJ7,,missing_pdb,False
Q9ULJ8,/data/ranran/my_ptm/croton/data/structure_pipeline/pdb/Q9ULJ8.pdb,exact_sequence_match,True
Q9ULK4-2,,missing_pdb,False
Q9ULK6,,missing_pdb,False
Q9ULL5,,missing_pdb,False
Q9ULM0,,missing_pdb,False
Q9ULM3,,missing_pdb,False
Q9ULM6,,missing_pdb,False
Q9ULR3,,missing_pdb,False
Q9ULT6,,missing_pdb,False
Q9ULV3,,missing_pdb,False
Q9ULV4-3,,missing_pdb,False
Q9ULV5,,missing_pdb,False
Q9ULV8,,missing_pdb,False
Q9ULW0-2,,missing_pdb,False
Q9ULW3,,missing_pdb,False
Q9ULX9,,missing_pdb,False
Q9ULZ3,,missing_pdb,False
Q9UM00,,missing_pdb,False
Q9UM11,,missing_pdb,False
Q9UM41,,missing_pdb,False
Q9UM54,,missing_pdb,False
Q9UM73,,missing_pdb,False
Q9UM82,,missing_pdb,False
Q9UMD9,,missing_pdb,False
Q9UMQ3,,missing_pdb,False
Q9UMR3,,missing_pdb,False
Q9UMR5,,missing_pdb,False
Q9UMW8,,missing_pdb,False
Q9UMX1,,missing_pdb,False
Q9UMX5,/data/ranran/my_ptm/croton/data/structure_pipeline/pdb/Q9UMX5.pdb,exact_sequence_match,True
Q9UMY1,/data/ranran/my_ptm/croton/data/structure_pipeline/pdb/Q9UMY1.pdb,exact_sequence_match,True
Q9UMY4-1,,missing_pdb,False
Q9UMZ2,/data/ranran/my_ptm/croton/data/structure_pipeline/pdb/Q9UMZ2.pdb,exact_sequence_match,True
Q9UN19,,missing_pdb,False
Q9UN30,,missing_pdb,False
Q9UN79,,missing_pdb,False
Q9UNA4,,missing_pdb,False
Q9UNF1,,missing_pdb,False
Q9UNK9,,missing_pdb,False
Q9UNN5-2,,missing_pdb,False
Q9UNP9,,missing_pdb,False
Q9UNS1,,missing_pdb,False
Q9UNW1,,missing_pdb,False
Q9UNW1-2,,missing_pdb,False
Q9UNX4,/data/ranran/my_ptm/croton/data/structure_pipeline/pdb/Q9UNX4.pdb,exact_sequence_match,True
Q9UNY4,/data/ranran/my_ptm/croton/data/structure_pipeline/pdb/Q9UNY4.pdb,exact_sequence_match,True
Q9UNY4-2,,missing_pdb,False
Q9UNY5,,missing_pdb,False
Q9UNZ5,/data/ranran/my_ptm/croton/data/structure_pipeline/pdb/Q9UNZ5.pdb,exact_sequence_match,True
Q9UP52,,missing_pdb,False
Q9UP83-2,,missing_pdb,False
Q9UP95-4,,missing_pdb,False
Q9UPG8,,missing_pdb,False
Q9UPI3,,missing_pdb,False
Q9UPM8,,missing_pdb,False
Q9UPM9,,missing_pdb,False
Q9UPN4,/data/ranran/my_ptm/croton/data/structure_pipeline/pdb/Q9UPN4.pdb,exact_sequence_match,True
Q9UPN6,/data/ranran/my_ptm/croton/data/structure_pipeline/pdb/Q9UPN6.pdb,exact_sequence_match,True
Q9UPQ0,/data/ranran/my_ptm/croton/data/structure_pipeline/pdb/Q9UPQ0.pdb,exact_sequence_match,True
Q9UPR0,/data/ranran/my_ptm/croton/data/structure_pipeline/pdb/Q9UPR0.pdb,exact_sequence_match,True
Q9UPR3,,missing_pdb,False
Q9UPS8,,missing_pdb,False
Q9UPS8-2,,missing_pdb,False
Q9UPT5,/data/ranran/my_ptm/croton/data/structure_pipeline/pdb/Q9UPT5.pdb,exact_sequence_match,True
Q9UPT5-4,,missing_pdb,False
Q9UPT8,,missing_pdb,False
Q9UPU5,/data/ranran/my_ptm/croton/data/structure_pipeline/pdb/Q9UPU5.pdb,exact_sequence_match,True
Q9UPV0,,missing_pdb,False
Q9UPW0,,missing_pdb,False
Q9UPW5,,missing_pdb,False
Q9UPY3,,missing_pdb,False
Q9UPZ3,,missing_pdb,False
Q9UQ16-4,,missing_pdb,False
Q9UQ35,,missing_pdb,False
Q9UQ35-3,,missing_pdb,False
Q9UQ49,,missing_pdb,False
Q9UQ53,,missing_pdb,False
Q9UQ84,,missing_pdb,False
Q9UQ90,,missing_pdb,False
Q9UQB8,/data/ranran/my_ptm/croton/data/structure_pipeline/pdb/Q9UQB8.pdb,exact_sequence_match,True
Q9UQB9,,missing_pdb,False
Q9UQK1,,missing_pdb,False
Q9UQL6,,missing_pdb,False
Q9UQP3,,missing_pdb,False
Q9UQQ2,,missing_pdb,False
Q9UQR0,,missing_pdb,False
Q9UQR1,,missing_pdb,False
Q9URM2,,missing_pdb,False
Q9URQ5,,missing_pdb,False
Q9US56,,missing_pdb,False
Q9USM1,,missing_pdb,False
Q9USM6,,missing_pdb,False
Q9USN7,,missing_pdb,False
Q9UT09,,missing_pdb,False
Q9UT18,,missing_pdb,False
Q9UT50,,missing_pdb,False
Q9UTA6,,missing_pdb,False
Q9UTK5,,missing_pdb,False
Q9UTL3,,missing_pdb,False
Q9UTS0,,missing_pdb,False
Q9UUC9,,missing_pdb,False
Q9UUD1,,missing_pdb,False
Q9UUF2,,missing_pdb,False
Q9UUI8,,missing_pdb,False
Q9UW83,,missing_pdb,False
Q9V392,,missing_pdb,False
Q9V3A6,,missing_pdb,False
Q9V3C2,,missing_pdb,False
Q9V3C4,,missing_pdb,False
Q9V3C8,,missing_pdb,False
Q9V3D8,,missing_pdb,False
Q9V3E5,,missing_pdb,False
Q9V3E7,,missing_pdb,False
Q9V3J4,,missing_pdb,False
Q9V3J6,,missing_pdb,False
Q9V3Q6,,missing_pdb,False
Q9V3U6,,missing_pdb,False
Q9V3V2,,missing_pdb,False
Q9V3V7,,missing_pdb,False
Q9V3V9,,missing_pdb,False
Q9V3W0,,missing_pdb,False
Q9V3W1,,missing_pdb,False
Q9V3W2,,missing_pdb,False
Q9V3W9,,missing_pdb,False
Q9V3X2,,missing_pdb,False
Q9V3Y0,,missing_pdb,False
Q9V3Y4,,missing_pdb,False
Q9V3Z4,,missing_pdb,False
Q9V406,,missing_pdb,False
Q9V415,,missing_pdb,False
Q9V420,,missing_pdb,False
Q9V426,,missing_pdb,False
Q9V428,,missing_pdb,False
Q9V431,,missing_pdb,False
Q9V436,,missing_pdb,False
Q9V453,,missing_pdb,False
Q9V468-2,,missing_pdb,False
Q9V475,,missing_pdb,False
Q9V4C8-5,,missing_pdb,False
Q9V4D4,,missing_pdb,False
Q9V4D8,,missing_pdb,False
Q9V4E0,,missing_pdb,False
Q9V4F9,,missing_pdb,False
Q9V4P1-2,,missing_pdb,False
Q9V4S8,,missing_pdb,False
Q9V6B9,,missing_pdb,False
Q9V785,,missing_pdb,False
Q9V831,,missing_pdb,False
Q9V8W3,,missing_pdb,False
Q9V9Q9,,missing_pdb,False
Q9V9S0,,missing_pdb,False
Q9V9U3,,missing_pdb,False
Q9V9W7,,missing_pdb,False
Q9V9Y9,,missing_pdb,False
Q9VA18,,missing_pdb,False
Q9VA69,,missing_pdb,False
Q9VA79,,missing_pdb,False
Q9VAA6,,missing_pdb,False
Q9VAC1,,missing_pdb,False
Q9VAC4,,missing_pdb,False
Q9VAD3,,missing_pdb,False
Q9VAD4,,missing_pdb,False
Q9VAH7,,missing_pdb,False
Q9VAI4,,missing_pdb,False
Q9VAJ9,,missing_pdb,False
Q9VAN6,,missing_pdb,False
Q9VAN8,,missing_pdb,False
Q9VAP1,,missing_pdb,False
Q9VAP2,,missing_pdb,False
Q9VAP3,,missing_pdb,False
Q9VAP6,,missing_pdb,False
Q9VAT2,,missing_pdb,False
Q9VAX9,,missing_pdb,False
Q9VAZ0,,missing_pdb,False
Q9VB46,,missing_pdb,False
Q9VB47,,missing_pdb,False
Q9VB62,,missing_pdb,False
Q9VB78,,missing_pdb,False
Q9VBA0,,missing_pdb,False
Q9VBC4,,missing_pdb,False
Q9VBE5,,missing_pdb,False
Q9VBF0,,missing_pdb,False
Q9VBH8,,missing_pdb,False
Q9VBI4,,missing_pdb,False
Q9VBL3,,missing_pdb,False
Q9VBP9-2,,missing_pdb,False
Q9VBQ6,,missing_pdb,False
Q9VBQ9,,missing_pdb,False
Q9VBU5,,missing_pdb,False
Q9VBU6,,missing_pdb,False
Q9VBU8,,missing_pdb,False
Q9VBV5,,missing_pdb,False
Q9VBV8,,missing_pdb,False
Q9VBW0,,missing_pdb,False
Q9VC05,,missing_pdb,False
Q9VC10,,missing_pdb,False
Q9VC43,,missing_pdb,False
Q9VC45,,missing_pdb,False
Q9VC56,,missing_pdb,False
Q9VC62,,missing_pdb,False
Q9VC89,,missing_pdb,False
Q9VCC4,,missing_pdb,False
Q9VCD3,,missing_pdb,False
Q9VCF1,,missing_pdb,False
Q9VCF8,,missing_pdb,False
Q9VCG4,,missing_pdb,False
Q9VCH5,,missing_pdb,False
Q9VCN6,,missing_pdb,False
Q9VCQ7,,missing_pdb,False
Q9VCV3,,missing_pdb,False
Q9VCW1,,missing_pdb,False
Q9VCW3,,missing_pdb,False
Q9VCW6,,missing_pdb,False
Q9VCX3,,missing_pdb,False
Q9VCY1,,missing_pdb,False
Q9VCY2,,missing_pdb,False
Q9VCY3,,missing_pdb,False
Q9VCZ2,,missing_pdb,False
Q9VD22,,missing_pdb,False
Q9VDE4,,missing_pdb,False
Q9VDE8,,missing_pdb,False
Q9VDI1,,missing_pdb,False
Q9VDK9,,missing_pdb,False
Q9VDQ7,,missing_pdb,False
Q9VDR1,,missing_pdb,False
Q9VDT4,,missing_pdb,False
Q9VDT5,,missing_pdb,False
Q9VDT6,,missing_pdb,False
Q9VDV3,,missing_pdb,False
Q9VDV5,,missing_pdb,False
Q9VE49,,missing_pdb,False
Q9VE85,,missing_pdb,False
Q9VE96,,missing_pdb,False
Q9VEC2,,missing_pdb,False
Q9VEC8,,missing_pdb,False
Q9VEF5,,missing_pdb,False
Q9VEH0,,missing_pdb,False
Q9VEH2,,missing_pdb,False
Q9VEK8,,missing_pdb,False
Q9VEN3,,missing_pdb,False
Q9VEN9,,missing_pdb,False
Q9VEP0,,missing_pdb,False
Q9VER7,,missing_pdb,False
Q9VES8,,missing_pdb,False
Q9VEU2,,missing_pdb,False
Q9VEU5,,missing_pdb,False
Q9VEY5,,missing_pdb,False
Q9VEZ3,,missing_pdb,False
Q9VEZ4,,missing_pdb,False
Q9VEZ5,,missing_pdb,False
Q9VF04,,missing_pdb,False
Q9VF20,,missing_pdb,False
Q9VF27,,missing_pdb,False
Q9VF39,,missing_pdb,False
Q9VF77,,missing_pdb,False
Q9VF87,,missing_pdb,False
Q9VFA0,,missing_pdb,False
Q9VFC6,,missing_pdb,False
Q9VFQ9,,missing_pdb,False
Q9VFR0,,missing_pdb,False
Q9VFT4,,missing_pdb,False
Q9VG01,,missing_pdb,False
Q9VG33,,missing_pdb,False
Q9VG69,,missing_pdb,False
Q9VG76,,missing_pdb,False
Q9VG79,,missing_pdb,False
Q9VG81,,missing_pdb,False
Q9VGA4,,missing_pdb,False
Q9VGE4,,missing_pdb,False
Q9VGF3,,missing_pdb,False
Q9VGF9,,missing_pdb,False
Q9VGH0,,missing_pdb,False
Q9VGH5,,missing_pdb,False
Q9VGI5,,missing_pdb,False
Q9VGI6,,missing_pdb,False
Q9VGI8,,missing_pdb,False
Q9VGL0,,missing_pdb,False
Q9VGQ8,,missing_pdb,False
Q9VGS3,,missing_pdb,False
Q9VGT3,,missing_pdb,False
Q9VGV0,,missing_pdb,False
Q9VH62,,missing_pdb,False
Q9VH65,,missing_pdb,False
Q9VH90,,missing_pdb,False
Q9VHC7,,missing_pdb,False
Q9VHD3,,missing_pdb,False
Q9VHE3,,missing_pdb,False
Q9VHG6,,missing_pdb,False
Q9VHI1,,missing_pdb,False
Q9VHI7,,missing_pdb,False
Q9VHN5,,missing_pdb,False
Q9VHR5,,missing_pdb,False
Q9VHT3,,missing_pdb,False
Q9VHT4,,missing_pdb,False
Q9VHX1,,missing_pdb,False
Q9VHX2,,missing_pdb,False
Q9VHX9,,missing_pdb,False
Q9VI13,,missing_pdb,False
Q9VI15,,missing_pdb,False
Q9VI20,,missing_pdb,False
Q9VI53,,missing_pdb,False
Q9VI56,,missing_pdb,False
Q9VIB5,,missing_pdb,False
Q9VID9,,missing_pdb,False
Q9VIF2,,missing_pdb,False
Q9VIF6,,missing_pdb,False
Q9VIH3,,missing_pdb,False
Q9VIK6,,missing_pdb,False
Q9VIP0,,missing_pdb,False
Q9VIP9,,missing_pdb,False
Q9VIQ8,,missing_pdb,False
Q9VIT3,,missing_pdb,False
Q9VIU4,,missing_pdb,False
Q9VIV2,,missing_pdb,False
Q9VIV3,,missing_pdb,False
Q9VIW7,,missing_pdb,False
Q9VJ59,,missing_pdb,False
Q9VJ74,,missing_pdb,False
Q9VJ75,,missing_pdb,False
Q9VJ86,,missing_pdb,False
Q9VJD0,,missing_pdb,False
Q9VJD4,,missing_pdb,False
Q9VJH2,,missing_pdb,False
Q9VJJ8,,missing_pdb,False
Q9VJK9,,missing_pdb,False
Q9VJQ5,,missing_pdb,False
Q9VJX3,,missing_pdb,False
Q9VJY3,,missing_pdb,False
Q9VJY7,,missing_pdb,False
Q9VJZ5,,missing_pdb,False
Q9VJZ6,,missing_pdb,False
Q9VK28,,missing_pdb,False
Q9VK31,,missing_pdb,False
Q9VK44,,missing_pdb,False
Q9VK54,,missing_pdb,False
Q9VK59,,missing_pdb,False
Q9VK60,,missing_pdb,False
Q9VK62,,missing_pdb,False
Q9VKC1,,missing_pdb,False
Q9VKD3,,missing_pdb,False
Q9VKD6,,missing_pdb,False
Q9VKD8,,missing_pdb,False
Q9VKF0,,missing_pdb,False
Q9VKI8,,missing_pdb,False
Q9VKJ1,,missing_pdb,False
Q9VKJ6,,missing_pdb,False
Q9VKK1,,missing_pdb,False
Q9VKM4,,missing_pdb,False
Q9VKM7,,missing_pdb,False
Q9VKN7,,missing_pdb,False
Q9VKN8,,missing_pdb,False
Q9VKQ5,,missing_pdb,False
Q9VL00,,missing_pdb,False
Q9VL06,,missing_pdb,False
Q9VL16,,missing_pdb,False
Q9VL71,,missing_pdb,False
Q9VL94,,missing_pdb,False
Q9VL96,,missing_pdb,False
Q9VLI9,,missing_pdb,False
Q9VLJ0,,missing_pdb,False
Q9VLL1,,missing_pdb,False
Q9VLM7,,missing_pdb,False
Q9VLN1,,missing_pdb,False
Q9VLP3,,missing_pdb,False
Q9VLQ9,,missing_pdb,False
Q9VLR4,,missing_pdb,False
Q9VLU6,,missing_pdb,False
Q9VLX2,,missing_pdb,False
Q9VLY3,,missing_pdb,False
Q9VM22,,missing_pdb,False
Q9VM49,,missing_pdb,False
Q9VM57,,missing_pdb,False
Q9VMB6,,missing_pdb,False
Q9VMB9,,missing_pdb,False
Q9VMH8,,missing_pdb,False
Q9VMI2,,missing_pdb,False
Q9VMI6,,missing_pdb,False
Q9VMU6,,missing_pdb,False
Q9VMV9,,missing_pdb,False
Q9VMW9,,missing_pdb,False
Q9VMX4,,missing_pdb,False
Q9VMZ9,,missing_pdb,False
Q9VN21,,missing_pdb,False
Q9VN25-2,,missing_pdb,False
Q9VN28,,missing_pdb,False
Q9VN31,,missing_pdb,False
Q9VN55,,missing_pdb,False
Q9VN77,,missing_pdb,False
Q9VN93-2,,missing_pdb,False
Q9VNA4,,missing_pdb,False
Q9VNA5,,missing_pdb,False
Q9VNA6,,missing_pdb,False
Q9VNB2,,missing_pdb,False
Q9VNB9,,missing_pdb,False
Q9VND3,,missing_pdb,False
Q9VNE2,,missing_pdb,False
Q9VNE4,,missing_pdb,False
Q9VNE7,,missing_pdb,False
Q9VNF7,,missing_pdb,False
Q9VNF8,,missing_pdb,False
Q9VNH5,,missing_pdb,False
Q9VNI3,,missing_pdb,False
Q9VNI4,,missing_pdb,False
Q9VNP5,,missing_pdb,False
Q9VNQ1,,missing_pdb,False
Q9VNR8,,missing_pdb,False
Q9VNW0,,missing_pdb,False
Q9VNW1,,missing_pdb,False
Q9VNZ8,,missing_pdb,False
Q9VP46,,missing_pdb,False
Q9VP47,,missing_pdb,False
Q9VP52,,missing_pdb,False
Q9VP57,,missing_pdb,False
Q9VP69,,missing_pdb,False
Q9VPA9,,missing_pdb,False
Q9VPB7,,missing_pdb,False
Q9VPB8,,missing_pdb,False
Q9VPH2,,missing_pdb,False
Q9VPJ1,,missing_pdb,False
Q9VPM0,,missing_pdb,False
Q9VPM9,,missing_pdb,False
Q9VPP5,,missing_pdb,False
Q9VPP7,,missing_pdb,False
Q9VPQ8,,missing_pdb,False
Q9VPR5,,missing_pdb,False
Q9VPR6,,missing_pdb,False
Q9VPT7,,missing_pdb,False
Q9VPU7,,missing_pdb,False
Q9VPW3,,missing_pdb,False
Q9VPX2,,missing_pdb,False
Q9VPX8,,missing_pdb,False
Q9VQ08,,missing_pdb,False
Q9VQ34,,missing_pdb,False
Q9VQ60,,missing_pdb,False
Q9VQ84,,missing_pdb,False
Q9VQ91,,missing_pdb,False
Q9VQ94,,missing_pdb,False
Q9VQF1,,missing_pdb,False
Q9VQF7,,missing_pdb,False
Q9VQI2,,missing_pdb,False
Q9VQI5,,missing_pdb,False
Q9VQJ8,,missing_pdb,False
Q9VQK7,,missing_pdb,False
Q9VQR8,,missing_pdb,False
Q9VQU3,,missing_pdb,False
Q9VQY8,,missing_pdb,False
Q9VR03,,missing_pdb,False
Q9VR20,,missing_pdb,False
Q9VR42,,missing_pdb,False
Q9VR53,,missing_pdb,False
Q9VR61,,missing_pdb,False
Q9VR62,,missing_pdb,False
Q9VR80,,missing_pdb,False
Q9VR91,,missing_pdb,False
Q9VRE4,,missing_pdb,False
Q9VRF3,,missing_pdb,False
Q9VRG8,,missing_pdb,False
Q9VRL2,,missing_pdb,False
Q9VRL8,,missing_pdb,False
Q9VRN3,,missing_pdb,False
Q9VRP5-8,,missing_pdb,False
Q9VRQ2,,missing_pdb,False
Q9VRR4,,missing_pdb,False
Q9VRX7,,missing_pdb,False
Q9VRY4,,missing_pdb,False
Q9VS02,,missing_pdb,False
Q9VS03,,missing_pdb,False
Q9VS37,,missing_pdb,False
Q9VS83,,missing_pdb,False
Q9VSB2,,missing_pdb,False
Q9VSC5,,missing_pdb,False
Q9VSC9,,missing_pdb,False
Q9VSD6,,missing_pdb,False
Q9VSE2,,missing_pdb,False
Q9VSI1,,missing_pdb,False
Q9VSK5,,missing_pdb,False
Q9VSV1,,missing_pdb,False
Q9VSX7,,missing_pdb,False
Q9VSY6,,missing_pdb,False
Q9VSZ0,,missing_pdb,False
Q9VT04,,missing_pdb,False
Q9VT38,,missing_pdb,False
Q9VT41,,missing_pdb,False
Q9VT60,,missing_pdb,False
Q9VT75,,missing_pdb,False
Q9VTB3,,missing_pdb,False
Q9VTC1,,missing_pdb,False
Q9VTE8,,missing_pdb,False
Q9VTH1,,missing_pdb,False
Q9VTM2,,missing_pdb,False
Q9VTT9,,missing_pdb,False
Q9VTU1,,missing_pdb,False
Q9VTU2,,missing_pdb,False
Q9VTX3,,missing_pdb,False
Q9VTX5,,missing_pdb,False
Q9VTY8,,missing_pdb,False
Q9VTZ0,,missing_pdb,False
Q9VU04,,missing_pdb,False
Q9VU33,,missing_pdb,False
Q9VU34,,missing_pdb,False
Q9VU84,,missing_pdb,False
Q9VUB7,,missing_pdb,False
Q9VUC6-3,,missing_pdb,False
Q9VUH1,,missing_pdb,False
Q9VUH6,,missing_pdb,False
Q9VUH7,,missing_pdb,False
Q9VUH8,,missing_pdb,False
Q9VUL8,,missing_pdb,False
Q9VUQ5,,missing_pdb,False
Q9VUV6,,missing_pdb,False
Q9VUZ0,,missing_pdb,False
Q9VUZ4,,missing_pdb,False
Q9VV51,,missing_pdb,False
Q9VV52,,missing_pdb,False
Q9VV76,,missing_pdb,False
Q9VV79,,missing_pdb,False
Q9VVA7,,missing_pdb,False
Q9VVA9,,missing_pdb,False
Q9VVC8,,missing_pdb,False
Q9VVG5,,missing_pdb,False
Q9VVH3,,missing_pdb,False
Q9VVH5,,missing_pdb,False
Q9VVI2,,missing_pdb,False
Q9VVJ0,,missing_pdb,False
Q9VVK7,,missing_pdb,False
Q9VVL8,,missing_pdb,False
Q9VVM6,,missing_pdb,False
Q9VVM8,,missing_pdb,False
Q9VVR2,,missing_pdb,False
Q9VVS6,,missing_pdb,False
Q9VVW7,,missing_pdb,False
Q9VVX6,,missing_pdb,False
Q9VW09,,missing_pdb,False
Q9VW19,,missing_pdb,False
Q9VW35,,missing_pdb,False
Q9VW40,,missing_pdb,False
Q9VW47,,missing_pdb,False
Q9VW51,,missing_pdb,False
Q9VW53,,missing_pdb,False
Q9VW70,,missing_pdb,False
Q9VW73,,missing_pdb,False
Q9VWD4,,missing_pdb,False
Q9VWE0,,missing_pdb,False
Q9VWE1,,missing_pdb,False
Q9VWF4,,missing_pdb,False
Q9VWG1,,missing_pdb,False
Q9VWK5,,missing_pdb,False
Q9VWK9,,missing_pdb,False
Q9VWL0,,missing_pdb,False
Q9VWL9,,missing_pdb,False
Q9VWM2,,missing_pdb,False
Q9VWP5,,missing_pdb,False
Q9VWQ7,,missing_pdb,False
Q9VWS2,,missing_pdb,False
Q9VWS4,,missing_pdb,False
Q9VWV4,,missing_pdb,False
Q9VWY6,,missing_pdb,False
Q9VWZ1,,missing_pdb,False
Q9VX18,,missing_pdb,False
Q9VX48,,missing_pdb,False
Q9VX56,,missing_pdb,False
Q9VX72,,missing_pdb,False
Q9VX94,,missing_pdb,False
Q9VXA0,,missing_pdb,False
Q9VXD6,,missing_pdb,False
Q9VXK7,,missing_pdb,False
Q9VXM4,,missing_pdb,False
Q9VXN3,,missing_pdb,False
Q9VXN4,,missing_pdb,False
Q9VXP1,,missing_pdb,False
Q9VXQ2,,missing_pdb,False
Q9VXU6,,missing_pdb,False
Q9VXW3,,missing_pdb,False
Q9VXX1,,missing_pdb,False
Q9VXZ2,,missing_pdb,False
Q9VXZ4,,missing_pdb,False
Q9VY55,,missing_pdb,False
Q9VY87,,missing_pdb,False
Q9VY91,,missing_pdb,False
Q9VY92,,missing_pdb,False
Q9VYA4,,missing_pdb,False
Q9VYD5,,missing_pdb,False
Q9VYE9,,missing_pdb,False
Q9VYK0,,missing_pdb,False
Q9VYK8,,missing_pdb,False
Q9VYL7,,missing_pdb,False
Q9VYR1,,missing_pdb,False
Q9VYV4,,missing_pdb,False
Q9VZ04,,missing_pdb,False
Q9VZ60,,missing_pdb,False
Q9VZ69,,missing_pdb,False
Q9VZC8,,missing_pdb,False
Q9VZE6,,missing_pdb,False
Q9VZF4,,missing_pdb,False
Q9VZI2,,missing_pdb,False
Q9VZI3,,missing_pdb,False
Q9VZJ3,,missing_pdb,False
Q9VZP2,,missing_pdb,False
Q9VZQ9,,missing_pdb,False
Q9VZR0,,missing_pdb,False
Q9VZS7,,missing_pdb,False
Q9VZV5,,missing_pdb,False
Q9VZW1,,missing_pdb,False
Q9VZX8,,missing_pdb,False
Q9VZZ9-2,,missing_pdb,False
Q9W002,,missing_pdb,False
Q9W022,,missing_pdb,False
Q9W0A8,,missing_pdb,False
Q9W0B3,,missing_pdb,False
Q9W0B8,,missing_pdb,False
Q9W0D9,,missing_pdb,False
Q9W0G4,,missing_pdb,False
Q9W0G7,,missing_pdb,False
Q9W0H9,,missing_pdb,False
Q9W0K9,,missing_pdb,False
Q9W0L6,,missing_pdb,False
Q9W0N9,,missing_pdb,False
Q9W0P2,,missing_pdb,False
Q9W0P3,,missing_pdb,False
Q9W0P4,,missing_pdb,False
Q9W0P8,,missing_pdb,False
Q9W0X5,,missing_pdb,False
Q9W112,,missing_pdb,False
Q9W130,,missing_pdb,False
Q9W141,,missing_pdb,False
Q9W158,,missing_pdb,False
Q9W196,,missing_pdb,False
Q9W1A2-2,,missing_pdb,False
Q9W1C8,,missing_pdb,False
Q9W1D9,,missing_pdb,False
Q9W1F4,,missing_pdb,False
Q9W1F7,,missing_pdb,False
Q9W1H5,,missing_pdb,False
Q9W1I0,,missing_pdb,False
Q9W1I8,,missing_pdb,False
Q9W1Q5,,missing_pdb,False
Q9W1R3,,missing_pdb,False
Q9W1X4,,missing_pdb,False
Q9W1X7,,missing_pdb,False
Q9W213,,missing_pdb,False
Q9W228,,missing_pdb,False
Q9W236,,missing_pdb,False
Q9W254,,missing_pdb,False
Q9W272,,missing_pdb,False
Q9W289,,missing_pdb,False
Q9W298,,missing_pdb,False
Q9W2H9,,missing_pdb,False
Q9W2I2,,missing_pdb,False
Q9W2K8,,missing_pdb,False
Q9W2M0,,missing_pdb,False
Q9W2M4,,missing_pdb,False
Q9W2N5,,missing_pdb,False
Q9W2R3,,missing_pdb,False
Q9W2S1,,missing_pdb,False
Q9W2U4,,missing_pdb,False
Q9W2U8,,missing_pdb,False
Q9W2Y4,,missing_pdb,False
Q9W2Z4,,missing_pdb,False
Q9W329,,missing_pdb,False
Q9W330,,missing_pdb,False
Q9W333,,missing_pdb,False
Q9W335,,missing_pdb,False
Q9W350,,missing_pdb,False
Q9W366,,missing_pdb,False
Q9W374,,missing_pdb,False
Q9W384,,missing_pdb,False
Q9W388,,missing_pdb,False
Q9W396,,missing_pdb,False
Q9W3B2,,missing_pdb,False
Q9W3C3,,missing_pdb,False
Q9W3C8,,missing_pdb,False
Q9W3F5,,missing_pdb,False
Q9W3F6,,missing_pdb,False
Q9W3F7,,missing_pdb,False
Q9W3G0,,missing_pdb,False
Q9W3M7,,missing_pdb,False
Q9W3N7,,missing_pdb,False
Q9W3Q2,,missing_pdb,False
Q9W3Q4,,missing_pdb,False
Q9W3U1,,missing_pdb,False
Q9W3U8,,missing_pdb,False
Q9W3U9,,missing_pdb,False
Q9W3W9,,missing_pdb,False
Q9W3X0,,missing_pdb,False
Q9W3X7,,missing_pdb,False
Q9W3Y7,,missing_pdb,False
Q9W3Z4,,missing_pdb,False
Q9W403,,missing_pdb,False
Q9W411,,missing_pdb,False
Q9W423,,missing_pdb,False
Q9W425,,missing_pdb,False
Q9W445,,missing_pdb,False
Q9W462,,missing_pdb,False
Q9W464,,missing_pdb,False
Q9W481,,missing_pdb,False
Q9W482,,missing_pdb,False
Q9W485,,missing_pdb,False
Q9W495,,missing_pdb,False
Q9W4B2,,missing_pdb,False
Q9W4C4,,missing_pdb,False
Q9W4K0,,missing_pdb,False
Q9W4M8,,missing_pdb,False
Q9W4W2,,missing_pdb,False
Q9W4W6,,missing_pdb,False
Q9W4X4,,missing_pdb,False
Q9W4X6,,missing_pdb,False
Q9W4X9,,missing_pdb,False
Q9W4Z1,,missing_pdb,False
Q9W509,,missing_pdb,False
Q9W511,,missing_pdb,False
Q9W513,,missing_pdb,False
Q9W531,,missing_pdb,False
Q9W542,,missing_pdb,False
Q9W543,,missing_pdb,False
Q9W551,,missing_pdb,False
Q9W552,,missing_pdb,False
Q9W584,,missing_pdb,False
Q9W5Q1,,missing_pdb,False
Q9W5R5,,missing_pdb,False
Q9W5Y4,,missing_pdb,False
Q9WU12,,missing_pdb,False
Q9WUD1,,missing_pdb,False
Q9WUH7,,missing_pdb,False
Q9WUP4,,missing_pdb,False
Q9WUZ7,,missing_pdb,False
Q9WVB0-2,,missing_pdb,False
Q9WVG9,,missing_pdb,False
Q9WVK0,,missing_pdb,False
Q9WVL2,,missing_pdb,False
Q9WVS4,,missing_pdb,False
Q9XER9,,missing_pdb,False
Q9XFH8,,missing_pdb,False
Q9XGX7,,missing_pdb,False
Q9XGY4,,missing_pdb,False
Q9XGZ3,,missing_pdb,False
Q9XI36,,missing_pdb,False
Q9XI45,,missing_pdb,False
Q9XIJ0,,missing_pdb,False
Q9XIK0,,missing_pdb,False
Q9XIM0,,missing_pdb,False
Q9XIN5,,missing_pdb,False
Q9XJ36,,missing_pdb,False
Q9XSD4,,missing_pdb,False
Q9XTL2,,missing_pdb,False
Q9XYF4,,missing_pdb,False
Q9XYP8,,missing_pdb,False
Q9XZ11,,missing_pdb,False
Q9XZ34,,missing_pdb,False
Q9XZU1,,missing_pdb,False
Q9Y114,,missing_pdb,False
Q9Y118,,missing_pdb,False
Q9Y137,,missing_pdb,False
Q9Y165,,missing_pdb,False
Q9Y215,,missing_pdb,False
Q9Y221-2,,missing_pdb,False
Q9Y222,,missing_pdb,False
Q9Y227,,missing_pdb,False
Q9Y228,,missing_pdb,False
Q9Y232,,missing_pdb,False
Q9Y234,,missing_pdb,False
Q9Y236,,missing_pdb,False
Q9Y240,,missing_pdb,False
Q9Y248,/data/ranran/my_ptm/croton/data/structure_pipeline/pdb/Q9Y248.pdb,exact_sequence_match,True
Q9Y251,,missing_pdb,False
Q9Y252,,missing_pdb,False
Q9Y253,,missing_pdb,False
Q9Y253-2,,missing_pdb,False
Q9Y255,/data/ranran/my_ptm/croton/data/structure_pipeline/pdb/Q9Y255.pdb,exact_sequence_match,True
Q9Y256,,missing_pdb,False
Q9Y276,,missing_pdb,False
Q9Y282-2,,missing_pdb,False
Q9Y283,,missing_pdb,False
Q9Y284,,missing_pdb,False
Q9Y287-2,,missing_pdb,False
Q9Y289,,missing_pdb,False
Q9Y291,,missing_pdb,False
Q9Y2B0,/data/ranran/my_ptm/croton/data/structure_pipeline/pdb/Q9Y2B0.pdb,exact_sequence_match,True
Q9Y2B2,,missing_pdb,False
Q9Y2B4,,missing_pdb,False
Q9Y2B5,,missing_pdb,False
Q9Y2C2,,missing_pdb,False
Q9Y2C4,/data/ranran/my_ptm/croton/data/structure_pipeline/pdb/Q9Y2C4.pdb,exact_sequence_match,True
Q9Y2C9,,missing_pdb,False
Q9Y2D0,,missing_pdb,False
Q9Y2D1,,missing_pdb,False
Q9Y2D4,/data/ranran/my_ptm/croton/data/structure_pipeline/pdb/Q9Y2D4.pdb,exact_sequence_match,True
Q9Y2D8,,missing_pdb,False
Q9Y2D9,,missing_pdb,False
Q9Y2F5,,missing_pdb,False
Q9Y2G1,,missing_pdb,False
Q9Y2G2,,missing_pdb,False
Q9Y2G4,,missing_pdb,False
Q9Y2G8,,missing_pdb,False
Q9Y2G9,,missing_pdb,False
Q9Y2I7,,missing_pdb,False
Q9Y2I9,,missing_pdb,False
Q9Y2J2-3,,missing_pdb,False
Q9Y2J2-4,,missing_pdb,False
Q9Y2K1,,missing_pdb,False
Q9Y2K2,,missing_pdb,False
Q9Y2K7-3,,missing_pdb,False
Q9Y2L5,,missing_pdb,False
Q9Y2M0,,missing_pdb,False
Q9Y2N7,,missing_pdb,False
Q9Y2Q5,,missing_pdb,False
Q9Y2Q9,/data/ranran/my_ptm/croton/data/structure_pipeline/pdb/Q9Y2Q9.pdb,exact_sequence_match,True
Q9Y2R2,,missing_pdb,False
Q9Y2R5,,missing_pdb,False
Q9Y2R9,/data/ranran/my_ptm/croton/data/structure_pipeline/pdb/Q9Y2R9.pdb,exact_sequence_match,True
Q9Y2S7,/data/ranran/my_ptm/croton/data/structure_pipeline/pdb/Q9Y2S7.pdb,exact_sequence_match,True
Q9Y2U8,,missing_pdb,False
Q9Y2U9-2,,missing_pdb,False
Q9Y2V0,,missing_pdb,False
Q9Y2V0-2,,missing_pdb,False
Q9Y2V7,,missing_pdb,False
Q9Y2W1,/data/ranran/my_ptm/croton/data/structure_pipeline/pdb/Q9Y2W1.pdb,exact_sequence_match,True
Q9Y2W2,/data/ranran/my_ptm/croton/data/structure_pipeline/pdb/Q9Y2W2.pdb,exact_sequence_match,True
Q9Y2W3,,missing_pdb,False
Q9Y2W6,/data/ranran/my_ptm/croton/data/structure_pipeline/pdb/Q9Y2W6.pdb,exact_sequence_match,True
Q9Y2X0,/data/ranran/my_ptm/croton/data/structure_pipeline/pdb/Q9Y2X0.pdb,exact_sequence_match,True
Q9Y2X0-5,,missing_pdb,False
Q9Y2X9,,missing_pdb,False
Q9Y2Y0,,missing_pdb,False
Q9Y2Y6,,missing_pdb,False
Q9Y2Z0,/data/ranran/my_ptm/croton/data/structure_pipeline/pdb/Q9Y2Z0.pdb,exact_sequence_match,True
Q9Y2Z2,,missing_pdb,False
Q9Y2Z2-3,,missing_pdb,False
Q9Y2Z4,,missing_pdb,False
Q9Y2Z9,,missing_pdb,False
Q9Y303-2,,missing_pdb,False
Q9Y305-4,,missing_pdb,False
Q9Y312,/data/ranran/my_ptm/croton/data/structure_pipeline/pdb/Q9Y312.pdb,exact_sequence_match,True
Q9Y320,,missing_pdb,False
Q9Y324,/data/ranran/my_ptm/croton/data/structure_pipeline/pdb/Q9Y324.pdb,exact_sequence_match,True
Q9Y343,,missing_pdb,False
Q9Y366,,missing_pdb,False
Q9Y399,/data/ranran/my_ptm/croton/data/structure_pipeline/pdb/Q9Y399.pdb,exact_sequence_match,True
Q9Y3A0,,missing_pdb,False
Q9Y3A2,/data/ranran/my_ptm/croton/data/structure_pipeline/pdb/Q9Y3A2.pdb,exact_sequence_match,True
Q9Y3A3,/data/ranran/my_ptm/croton/data/structure_pipeline/pdb/Q9Y3A3.pdb,exact_sequence_match,True
Q9Y3A4,/data/ranran/my_ptm/croton/data/structure_pipeline/pdb/Q9Y3A4.pdb,exact_sequence_match,True
Q9Y3A6,,missing_pdb,False
Q9Y3B1,,missing_pdb,False
Q9Y3B2,/data/ranran/my_ptm/croton/data/structure_pipeline/pdb/Q9Y3B2.pdb,exact_sequence_match,True
Q9Y3B4,/data/ranran/my_ptm/croton/data/structure_pipeline/pdb/Q9Y3B4.pdb,exact_sequence_match,True
Q9Y3B7,/data/ranran/my_ptm/croton/data/structure_pipeline/pdb/Q9Y3B7.pdb,exact_sequence_match,True
Q9Y3B9,/data/ranran/my_ptm/croton/data/structure_pipeline/pdb/Q9Y3B9.pdb,exact_sequence_match,True
Q9Y3C1,/data/ranran/my_ptm/croton/data/structure_pipeline/pdb/Q9Y3C1.pdb,exact_sequence_match,True
Q9Y3C1-2,,missing_pdb,False
Q9Y3C7,,missing_pdb,False
Q9Y3D0,/data/ranran/my_ptm/croton/data/structure_pipeline/pdb/Q9Y3D0.pdb,exact_sequence_match,True
Q9Y3D3,/data/ranran/my_ptm/croton/data/structure_pipeline/pdb/Q9Y3D3.pdb,exact_sequence_match,True
Q9Y3D5,,missing_pdb,False
Q9Y3D7,/data/ranran/my_ptm/croton/data/structure_pipeline/pdb/Q9Y3D7.pdb,exact_sequence_match,True
Q9Y3D9,/data/ranran/my_ptm/croton/data/structure_pipeline/pdb/Q9Y3D9.pdb,exact_sequence_match,True
Q9Y3E0,,missing_pdb,False
Q9Y3E2,,missing_pdb,False
Q9Y3F4,/data/ranran/my_ptm/croton/data/structure_pipeline/pdb/Q9Y3F4.pdb,exact_sequence_match,True
Q9Y3L3,,missing_pdb,False
Q9Y3L3-2,,missing_pdb,False
Q9Y3P4,,missing_pdb,False
Q9Y3P8,,missing_pdb,False
Q9Y3P9,/data/ranran/my_ptm/croton/data/structure_pipeline/pdb/Q9Y3P9.pdb,exact_sequence_match,True
Q9Y3Q4,,missing_pdb,False
Q9Y3Q8,,missing_pdb,False
Q9Y3S2,,missing_pdb,False
Q9Y3T6,,missing_pdb,False
Q9Y3T9,/data/ranran/my_ptm/croton/data/structure_pipeline/pdb/Q9Y3T9.pdb,exact_sequence_match,True
Q9Y3V2,,missing_pdb,False
Q9Y3X0,,missing_pdb,False
Q9Y421,,missing_pdb,False
Q9Y446,/data/ranran/my_ptm/croton/data/structure_pipeline/pdb/Q9Y446.pdb,exact_sequence_match,True
Q9Y448,/data/ranran/my_ptm/croton/data/structure_pipeline/pdb/Q9Y448.pdb,exact_sequence_match,True
Q9Y450,/data/ranran/my_ptm/croton/data/structure_pipeline/pdb/Q9Y450.pdb,exact_sequence_match,True
Q9Y450-2,,missing_pdb,False
Q9Y466,/data/ranran/my_ptm/croton/data/structure_pipeline/pdb/Q9Y466.pdb,exact_sequence_match,True
Q9Y467,,missing_pdb,False
Q9Y484,,missing_pdb,False
Q9Y493,,missing_pdb,False
Q9Y4B4,,missing_pdb,False
Q9Y4B5,/data/ranran/my_ptm/croton/data/structure_pipeline/pdb/Q9Y4B5.pdb,exact_sequence_match,True
Q9Y4C4,,missing_pdb,False
Q9Y4C5,,missing_pdb,False
Q9Y4C8,/data/ranran/my_ptm/croton/data/structure_pipeline/pdb/Q9Y4C8.pdb,exact_sequence_match,True
Q9Y4F1-2,,missing_pdb,False
Q9Y4F3,,missing_pdb,False
Q9Y4F4,,missing_pdb,False
Q9Y4F5,,missing_pdb,False
Q9Y4G2,,missing_pdb,False
Q9Y4H2,,missing_pdb,False
Q9Y4I5,,missing_pdb,False
Q9Y4K0,,missing_pdb,False
Q9Y4L1,/data/ranran/my_ptm/croton/data/structure_pipeline/pdb/Q9Y4L1.pdb,exact_sequence_match,True
Q9Y4P3,/data/ranran/my_ptm/croton/data/structure_pipeline/pdb/Q9Y4P3.pdb,exact_sequence_match,True
Q9Y4P8,/data/ranran/my_ptm/croton/data/structure_pipeline/pdb/Q9Y4P8.pdb,exact_sequence_match,True
Q9Y4R7,,missing_pdb,False
Q9Y4R8,,missing_pdb,False
Q9Y4U1,,missing_pdb,False
Q9Y4W2-4,,missing_pdb,False
Q9Y4X0,,missing_pdb,False
Q9Y4X5,/data/ranran/my_ptm/croton/data/structure_pipeline/pdb/Q9Y4X5.pdb,exact_sequence_match,True
Q9Y4Z0,/data/ranran/my_ptm/croton/data/structure_pipeline/pdb/Q9Y4Z0.pdb,exact_sequence_match,True
Q9Y519,,missing_pdb,False
Q9Y520,,missing_pdb,False
Q9Y534,,missing_pdb,False
Q9Y546,,missing_pdb,False
Q9Y547,,missing_pdb,False
Q9Y561,,missing_pdb,False
Q9Y570-2,,missing_pdb,False
Q9Y572,,missing_pdb,False
Q9Y575,,missing_pdb,False
Q9Y576,,missing_pdb,False
Q9Y580,,missing_pdb,False
Q9Y584,,missing_pdb,False
Q9Y587,,missing_pdb,False
Q9Y592,,missing_pdb,False
Q9Y5A7,/data/ranran/my_ptm/croton/data/structure_pipeline/pdb/Q9Y5A7.pdb,exact_sequence_match,True
Q9Y5B0,,missing_pdb,False
Q9Y5B6,/data/ranran/my_ptm/croton/data/structure_pipeline/pdb/Q9Y5B6.pdb,exact_sequence_match,True
Q9Y5B8,,missing_pdb,False
Q9Y5J1,/data/ranran/my_ptm/croton/data/structure_pipeline/pdb/Q9Y5J1.pdb,exact_sequence_match,True
Q9Y5J5,,missing_pdb,False
Q9Y5J6,,missing_pdb,False
Q9Y5L2,,missing_pdb,False
Q9Y5M8,/data/ranran/my_ptm/croton/data/structure_pipeline/pdb/Q9Y5M8.pdb,exact_sequence_match,True
Q9Y5N6,/data/ranran/my_ptm/croton/data/structure_pipeline/pdb/Q9Y5N6.pdb,exact_sequence_match,True
Q9Y5P3,,missing_pdb,False
Q9Y5P8,,missing_pdb,False
Q9Y5Q8-3,,missing_pdb,False
Q9Y5Q9,/data/ranran/my_ptm/croton/data/structure_pipeline/pdb/Q9Y5Q9.pdb,exact_sequence_match,True
Q9Y5Q9-2,,missing_pdb,False
Q9Y5T5-5,,missing_pdb,False
Q9Y5U2,,missing_pdb,False
Q9Y5U4,,missing_pdb,False
Q9Y5U8,,missing_pdb,False
Q9Y5W8,/data/ranran/my_ptm/croton/data/structure_pipeline/pdb/Q9Y5W8.pdb,exact_sequence_match,True
Q9Y5W9,,missing_pdb,False
Q9Y5X2,,missing_pdb,False
Q9Y5Y2,,missing_pdb,False
Q9Y5Y5,,missing_pdb,False
Q9Y5Y7,,missing_pdb,False
Q9Y5Z0,,missing_pdb,False
Q9Y5Z4,,missing_pdb,False
Q9Y5Z7,,missing_pdb,False
Q9Y5Z9,,missing_pdb,False
Q9Y5Z9-2,,missing_pdb,False
Q9Y603,,missing_pdb,False
Q9Y606,/data/ranran/my_ptm/croton/data/structure_pipeline/pdb/Q9Y606.pdb,exact_sequence_match,True
Q9Y608,/data/ranran/my_ptm/croton/data/structure_pipeline/pdb/Q9Y608.pdb,exact_sequence_match,True
Q9Y613,,missing_pdb,False
Q9Y616,,missing_pdb,False
Q9Y618,,missing_pdb,False
Q9Y618-2,,missing_pdb,False
Q9Y639,,missing_pdb,False
Q9Y653,,missing_pdb,False
Q9Y664,,missing_pdb,False
Q9Y676,/data/ranran/my_ptm/croton/data/structure_pipeline/pdb/Q9Y676.pdb,exact_sequence_match,True
Q9Y692,,missing_pdb,False
Q9Y6A5,/data/ranran/my_ptm/croton/data/structure_pipeline/pdb/Q9Y6A5.pdb,exact_sequence_match,True
Q9Y6A9,,missing_pdb,False
Q9Y6B2,,missing_pdb,False
Q9Y6B7,,missing_pdb,False
Q9Y6D6,/data/ranran/my_ptm/croton/data/structure_pipeline/pdb/Q9Y6D6.pdb,exact_sequence_match,True
Q9Y6D9,/data/ranran/my_ptm/croton/data/structure_pipeline/pdb/Q9Y6D9.pdb,exact_sequence_match,True
Q9Y6E0,/data/ranran/my_ptm/croton/data/structure_pipeline/pdb/Q9Y6E0.pdb,exact_sequence_match,True
Q9Y6E7,,missing_pdb,False
Q9Y6G3,/data/ranran/my_ptm/croton/data/structure_pipeline/pdb/Q9Y6G3.pdb,exact_sequence_match,True
Q9Y6G5,,missing_pdb,False
Q9Y6H3,,missing_pdb,False
Q9Y6H5,,missing_pdb,False
Q9Y6H8,,missing_pdb,False
Q9Y6I8,,missing_pdb,False
Q9Y6I9,,missing_pdb,False
Q9Y6J0,,missing_pdb,False
Q9Y6J8-2,,missing_pdb,False
Q9Y6J8-3,,missing_pdb,False
Q9Y6J8-4,,missing_pdb,False
Q9Y6J8-5,,missing_pdb,False
Q9Y6J9,,missing_pdb,False
Q9Y6K1,,missing_pdb,False
Q9Y6K9,/data/ranran/my_ptm/croton/data/structure_pipeline/pdb/Q9Y6K9.pdb,exact_sequence_match,True
Q9Y6L7,,missing_pdb,False
Q9Y6M0,,missing_pdb,False
Q9Y6M1,/data/ranran/my_ptm/croton/data/structure_pipeline/pdb/Q9Y6M1.pdb,exact_sequence_match,True
Q9Y6M5,,missing_pdb,False
Q9Y6M7,/data/ranran/my_ptm/croton/data/structure_pipeline/pdb/Q9Y6M7.pdb,exact_sequence_match,True
Q9Y6M9,/data/ranran/my_ptm/croton/data/structure_pipeline/pdb/Q9Y6M9.pdb,exact_sequence_match,True
Q9Y6N1,,missing_pdb,False
Q9Y6N5,,missing_pdb,False
Q9Y6Q2,,missing_pdb,False
Q9Y6Q6,,missing_pdb,False
Q9Y6R4,,missing_pdb,False
Q9Y6R9,,missing_pdb,False
Q9Y6T7,,missing_pdb,False
Q9Y6U7,,missing_pdb,False
Q9Y6W6,,missing_pdb,False
Q9Y6X1,/data/ranran/my_ptm/croton/data/structure_pipeline/pdb/Q9Y6X1.pdb,exact_sequence_match,True
Q9Y6X3,,missing_pdb,False
Q9Y6X4,,missing_pdb,False
Q9Y6X6,,missing_pdb,False
Q9Y6X9,/data/ranran/my_ptm/croton/data/structure_pipeline/pdb/Q9Y6X9.pdb,exact_sequence_match,True
Q9Y6Y1,,missing_pdb,False
Q9Y6Y8,/data/ranran/my_ptm/croton/data/structure_pipeline/pdb/Q9Y6Y8.pdb,exact_sequence_match,True
Q9Y7K6,,missing_pdb,False
Q9Y7Y6,,missing_pdb,False
Q9Y802,,missing_pdb,False
Q9Y875,,missing_pdb,False
Q9Z0F1,,missing_pdb,False
Q9Z0F8,,missing_pdb,False
Q9Z0S6,,missing_pdb,False
Q9Z0U4,,missing_pdb,False
Q9Z0V1,,missing_pdb,False
Q9Z131,,missing_pdb,False
Q9Z176,,missing_pdb,False
Q9Z1H9,,missing_pdb,False
Q9Z1M2,,missing_pdb,False
Q9Z1N3,,missing_pdb,False
Q9Z1R3,,missing_pdb,False
Q9Z1T1,,missing_pdb,False
Q9Z1W9,,missing_pdb,False
Q9Z204,,missing_pdb,False
Q9Z214,,missing_pdb,False
Q9Z223,,missing_pdb,False
Q9Z272,,missing_pdb,False
Q9Z2A0,,missing_pdb,False
Q9Z2D3,,missing_pdb,False
Q9Z2E1,,missing_pdb,False
Q9Z2M6,,missing_pdb,False
Q9Z2Q1,,missing_pdb,False
Q9Z2X2,,missing_pdb,False
Q9Z315,,missing_pdb,False
Q9Z319,,missing_pdb,False
Q9Z327,,missing_pdb,False
Q9ZP55,,missing_pdb,False
Q9ZPQ3,,missing_pdb,False
Q9ZPY5,,missing_pdb,False
Q9ZQ36,,missing_pdb,False
Q9ZQ87,,missing_pdb,False
Q9ZQB9,,missing_pdb,False
Q9ZQC5,,missing_pdb,False
Q9ZQD8,,missing_pdb,False
Q9ZQH2,,missing_pdb,False
Q9ZQZ4,,missing_pdb,False
Q9ZR13,,missing_pdb,False
Q9ZSS6,,missing_pdb,False
Q9ZST4,,missing_pdb,False
Q9ZSZ8,,missing_pdb,False
Q9ZT42,,missing_pdb,False
Q9ZT71,,missing_pdb,False
Q9ZT89,,missing_pdb,False
Q9ZU48,,missing_pdb,False
Q9ZU75,,missing_pdb,False
Q9ZUM0,,missing_pdb,False
Q9ZUU7,,missing_pdb,False
Q9ZUX4,,missing_pdb,False
Q9ZV43,,missing_pdb,False
Q9ZVH8,,missing_pdb,False
Q9ZVJ4,,missing_pdb,False
Q9ZVX7,,missing_pdb,False
Q9ZW06,,missing_pdb,False
Q9ZW25,,missing_pdb,False
Q9ZW33,,missing_pdb,False
Q9ZW85,,missing_pdb,False
Q9ZWA4,,missing_pdb,False
R4GMY8,,missing_pdb,False
R4GN18,,missing_pdb,False
R9PY27,,missing_pdb,False
R9TFH5,,missing_pdb,False
S4R197,,missing_pdb,False
S4R1M9,,missing_pdb,False
S4R1Y1,,missing_pdb,False
S5CSY7,,missing_pdb,False
S5WMX5,,missing_pdb,False
T1WNQ0,,missing_pdb,False
V4YI12,,missing_pdb,False
V4YI32,,missing_pdb,False
V4YJ57,,missing_pdb,False
V4YJJ4,,missing_pdb,False
V4YNY2,,missing_pdb,False
V4YRN2,,missing_pdb,False
V4YTV2,,missing_pdb,False
V4YUM0,,missing_pdb,False
V4YVB5,,missing_pdb,False
V4YX16,,missing_pdb,False
V4YXP8,,missing_pdb,False
V4YZ17,,missing_pdb,False
V4Z074,,missing_pdb,False
V4Z1Z4,,missing_pdb,False
V4Z3U7,,missing_pdb,False
V4Z481,,missing_pdb,False
V4Z4C9,,missing_pdb,False
V4Z4F5,,missing_pdb,False
V4Z4M5,,missing_pdb,False
V4Z5V1,,missing_pdb,False
V4Z5W6,,missing_pdb,False
V4Z5Y4,,missing_pdb,False
V4Z655,,missing_pdb,False
V4Z6J3,,missing_pdb,False
V4Z6M2,,missing_pdb,False
V4Z6U4,,missing_pdb,False
V4Z6Z0,,missing_pdb,False
V4Z712,,missing_pdb,False
V4Z7N5,,missing_pdb,False
V4Z893,,missing_pdb,False
V4Z8W7,,missing_pdb,False
V4Z9C5,,missing_pdb,False
V4ZAT4,,missing_pdb,False
V4ZAZ4,,missing_pdb,False
V4ZC10,,missing_pdb,False
V4ZCU5,,missing_pdb,False
V4ZD95,,missing_pdb,False
V4ZEB6,,missing_pdb,False
V4ZEL4,,missing_pdb,False
V4ZF76,,missing_pdb,False
V4ZFB1,,missing_pdb,False
V4ZFB6,,missing_pdb,False
V4ZFK2,,missing_pdb,False
V4ZFM0,,missing_pdb,False
V4ZFQ3,,missing_pdb,False
V4ZGA6,,missing_pdb,False
V4ZGE3,,missing_pdb,False
V4ZHE1,,missing_pdb,False
V4ZJ80,,missing_pdb,False
V4ZK39,,missing_pdb,False
V4ZKD8,,missing_pdb,False
V4ZL39,,missing_pdb,False
V4ZLM6,,missing_pdb,False
V4ZLR9,,missing_pdb,False
V4ZM83,,missing_pdb,False
V4ZMY9,,missing_pdb,False
V4ZN24,,missing_pdb,False
V4ZPP0,,missing_pdb,False
V4ZQS2,,missing_pdb,False
V5AXL6,,missing_pdb,False
V5AYJ3,,missing_pdb,False
V5B0K8,,missing_pdb,False
V5B196,,missing_pdb,False
V5B1K2,,missing_pdb,False
V5B368,,missing_pdb,False
V5BAC2,,missing_pdb,False
V5BCF4,,missing_pdb,False
V5BD48,,missing_pdb,False
V5BD66,,missing_pdb,False
V5BMW2,,missing_pdb,False
X1WI18,,missing_pdb,False
X2J4N6,,missing_pdb,False
X2J4W8,,missing_pdb,False
X2J786,,missing_pdb,False
X2J7P4,,missing_pdb,False
X2J847,,missing_pdb,False
X2J875,,missing_pdb,False
X2J8G3,,missing_pdb,False
X2J8I7,,missing_pdb,False
X2J935,,missing_pdb,False
X2J9B0,,missing_pdb,False
X2J9B3,,missing_pdb,False
X2J9F3,,missing_pdb,False
X2J9P9,,missing_pdb,False
X2J9Z1,,missing_pdb,False
X2JA11,,missing_pdb,False
X2JAE6,,missing_pdb,False
X2JAF1,,missing_pdb,False
X2JBC1,,missing_pdb,False
X2JC35,,missing_pdb,False
X2JC82,,missing_pdb,False
X2JCD3,,missing_pdb,False
X2JCN4,,missing_pdb,False
X2JCQ7,,missing_pdb,False
X2JCS6,,missing_pdb,False
X2JD52,,missing_pdb,False
X2JDD7,,missing_pdb,False
X2JDJ3,,missing_pdb,False
X2JDP6,,missing_pdb,False
X2JE34,,missing_pdb,False
X2JEK6,,missing_pdb,False
X2JEN8,,missing_pdb,False
X2JER0,,missing_pdb,False
X2JEU3,,missing_pdb,False
X2JEU5,,missing_pdb,False
X2JF83,,missing_pdb,False
X2JFD6,,missing_pdb,False
X2JFR1,,missing_pdb,False
X2JFR6,,missing_pdb,False
X2JFW6,,missing_pdb,False
X2JG40,,missing_pdb,False
X2JG50,,missing_pdb,False
X2JGE9,,missing_pdb,False
X2JGV8,,missing_pdb,False
X2JKS9,,missing_pdb,False
X2JKU5,,missing_pdb,False
X2JL40,,missing_pdb,False
X2JL49,,missing_pdb,False
X2JL73,,missing_pdb,False
X6RE90,,missing_pdb,False
