protein,pdb_path,reason,valid
A0AV96,,missing_pdb,False
A0MZ66,/data/ranran/my_ptm/croton/data/structure_pipeline/pdb/A0MZ66.pdb,exact_sequence_match,True
A1A4G5,,missing_pdb,False
A1L0T0,/data/ranran/my_ptm/croton/data/structure_pipeline/pdb/A1L0T0.pdb,exact_sequence_match,True
A2RRP1,/data/ranran/my_ptm/croton/data/structure_pipeline/pdb/A2RRP1.pdb,exact_sequence_match,True
A4D1E9,/data/ranran/my_ptm/croton/data/structure_pipeline/pdb/A4D1E9.pdb,exact_sequence_match,True
A5YKK6,/data/ranran/my_ptm/croton/data/structure_pipeline/pdb/A5YKK6.pdb,exact_sequence_match,True
A6NDY0,,missing_pdb,False
A6NKD9,/data/ranran/my_ptm/croton/data/structure_pipeline/pdb/A6NKD9.pdb,exact_sequence_match,True
A8MQT2,,missing_pdb,False
A8MXV4,,missing_pdb,False
B1AJZ9,,missing_pdb,False
E0CX11,,missing_pdb,False
O00151,/data/ranran/my_ptm/croton/data/structure_pipeline/pdb/O00151.pdb,exact_sequence_match,True
O00154,,missing_pdb,False
O00159,,missing_pdb,False
O00193,/data/ranran/my_ptm/croton/data/structure_pipeline/pdb/O00193.pdb,exact_sequence_match,True
O00194,,missing_pdb,False
O00203,/data/ranran/my_ptm/croton/data/structure_pipeline/pdb/O00203.pdb,exact_sequence_match,True
O00217,/data/ranran/my_ptm/croton/data/structure_pipeline/pdb/O00217.pdb,exact_sequence_match,True
O00231,/data/ranran/my_ptm/croton/data/structure_pipeline/pdb/O00231.pdb,exact_sequence_match,True
O00232,/data/ranran/my_ptm/croton/data/structure_pipeline/pdb/O00232.pdb,exact_sequence_match,True
O00233,/data/ranran/my_ptm/croton/data/structure_pipeline/pdb/O00233.pdb,exact_sequence_match,True
O00244,/data/ranran/my_ptm/croton/data/structure_pipeline/pdb/O00244.pdb,exact_sequence_match,True
O00264,,missing_pdb,False
O00267,/data/ranran/my_ptm/croton/data/structure_pipeline/pdb/O00267.pdb,exact_sequence_match,True
O00303,/data/ranran/my_ptm/croton/data/structure_pipeline/pdb/O00303.pdb,exact_sequence_match,True
O00370,,missing_pdb,False
O00410,,missing_pdb,False
O00422,/data/ranran/my_ptm/croton/data/structure_pipeline/pdb/O00422.pdb,exact_sequence_match,True
O00461,/data/ranran/my_ptm/croton/data/structure_pipeline/pdb/O00461.pdb,exact_sequence_match,True
O00483,/data/ranran/my_ptm/croton/data/structure_pipeline/pdb/O00483.pdb,exact_sequence_match,True
O00487,/data/ranran/my_ptm/croton/data/structure_pipeline/pdb/O00487.pdb,exact_sequence_match,True
O00499,/data/ranran/my_ptm/croton/data/structure_pipeline/pdb/O00499.pdb,exact_sequence_match,True
O00507,/data/ranran/my_ptm/croton/data/structure_pipeline/pdb/O00507.pdb,exact_sequence_match,True
O00541,/data/ranran/my_ptm/croton/data/structure_pipeline/pdb/O00541.pdb,exact_sequence_match,True
O00560,/data/ranran/my_ptm/croton/data/structure_pipeline/pdb/O00560.pdb,exact_sequence_match,True
O00566,/data/ranran/my_ptm/croton/data/structure_pipeline/pdb/O00566.pdb,exact_sequence_match,True
O00567,/data/ranran/my_ptm/croton/data/structure_pipeline/pdb/O00567.pdb,exact_sequence_match,True
O00571,/data/ranran/my_ptm/croton/data/structure_pipeline/pdb/O00571.pdb,exact_sequence_match,True
O00592,/data/ranran/my_ptm/croton/data/structure_pipeline/pdb/O00592.pdb,exact_sequence_match,True
O00764,/data/ranran/my_ptm/croton/data/structure_pipeline/pdb/O00764.pdb,exact_sequence_match,True
O00767,/data/ranran/my_ptm/croton/data/structure_pipeline/pdb/O00767.pdb,exact_sequence_match,True
O14530,/data/ranran/my_ptm/croton/data/structure_pipeline/pdb/O14530.pdb,exact_sequence_match,True
O14545,/data/ranran/my_ptm/croton/data/structure_pipeline/pdb/O14545.pdb,exact_sequence_match,True
O14548,/data/ranran/my_ptm/croton/data/structure_pipeline/pdb/O14548.pdb,exact_sequence_match,True
O14561,/data/ranran/my_ptm/croton/data/structure_pipeline/pdb/O14561.pdb,exact_sequence_match,True
O14578,,missing_pdb,False
O14579,/data/ranran/my_ptm/croton/data/structure_pipeline/pdb/O14579.pdb,exact_sequence_match,True
O14602,/data/ranran/my_ptm/croton/data/structure_pipeline/pdb/O14602.pdb,exact_sequence_match,True
O14617,/data/ranran/my_ptm/croton/data/structure_pipeline/pdb/O14617.pdb,exact_sequence_match,True
O14646,,missing_pdb,False
O14653,,missing_pdb,False
O14657,,missing_pdb,False
O14672,,missing_pdb,False
O14730,/data/ranran/my_ptm/croton/data/structure_pipeline/pdb/O14730.pdb,exact_sequence_match,True
O14737,/data/ranran/my_ptm/croton/data/structure_pipeline/pdb/O14737.pdb,exact_sequence_match,True
O14745,/data/ranran/my_ptm/croton/data/structure_pipeline/pdb/O14745.pdb,exact_sequence_match,True
O14776,/data/ranran/my_ptm/croton/data/structure_pipeline/pdb/O14776.pdb,exact_sequence_match,True
O14874,/data/ranran/my_ptm/croton/data/structure_pipeline/pdb/O14874.pdb,exact_sequence_match,True
O14880,/data/ranran/my_ptm/croton/data/structure_pipeline/pdb/O14880.pdb,exact_sequence_match,True
O14904,/data/ranran/my_ptm/croton/data/structure_pipeline/pdb/O14904.pdb,exact_sequence_match,True
O14907,/data/ranran/my_ptm/croton/data/structure_pipeline/pdb/O14907.pdb,exact_sequence_match,True
O14964,/data/ranran/my_ptm/croton/data/structure_pipeline/pdb/O14964.pdb,exact_sequence_match,True
O14974,/data/ranran/my_ptm/croton/data/structure_pipeline/pdb/O14974.pdb,exact_sequence_match,True
O14979,/data/ranran/my_ptm/croton/data/structure_pipeline/pdb/O14979.pdb,exact_sequence_match,True
O14980,/data/ranran/my_ptm/croton/data/structure_pipeline/pdb/O14980.pdb,exact_sequence_match,True
O15042,/data/ranran/my_ptm/croton/data/structure_pipeline/pdb/O15042.pdb,exact_sequence_match,True
O15061,/data/ranran/my_ptm/croton/data/structure_pipeline/pdb/O15061.pdb;/data/ranran/my_ptm/croton/data/structure_pipeline/pdb/AF-O15061-F1-model_v6.pdb,sequence_mismatch,False
O15067,/data/ranran/my_ptm/croton/data/structure_pipeline/pdb/O15067.pdb,exact_sequence_match,True
O15118,,missing_pdb,False
O15143,/data/ranran/my_ptm/croton/data/structure_pipeline/pdb/O15143.pdb,exact_sequence_match,True
O15144,/data/ranran/my_ptm/croton/data/structure_pipeline/pdb/O15144.pdb,exact_sequence_match,True
O15145,/data/ranran/my_ptm/croton/data/structure_pipeline/pdb/O15145.pdb,exact_sequence_match,True
O15162,/data/ranran/my_ptm/croton/data/structure_pipeline/pdb/O15162.pdb,exact_sequence_match,True
O15173,/data/ranran/my_ptm/croton/data/structure_pipeline/pdb/O15173.pdb,exact_sequence_match,True
O15213,/data/ranran/my_ptm/croton/data/structure_pipeline/pdb/O15213.pdb,exact_sequence_match,True
O15226,/data/ranran/my_ptm/croton/data/structure_pipeline/pdb/O15226.pdb,exact_sequence_match,True
O15230,,missing_pdb,False
O15235,,missing_pdb,False
O15258,,missing_pdb,False
O15260,/data/ranran/my_ptm/croton/data/structure_pipeline/pdb/O15260.pdb,exact_sequence_match,True
O15269,/data/ranran/my_ptm/croton/data/structure_pipeline/pdb/O15269.pdb,exact_sequence_match,True
O15270,/data/ranran/my_ptm/croton/data/structure_pipeline/pdb/O15270.pdb,exact_sequence_match,True
O15305,/data/ranran/my_ptm/croton/data/structure_pipeline/pdb/O15305.pdb,exact_sequence_match,True
O15355,/data/ranran/my_ptm/croton/data/structure_pipeline/pdb/O15355.pdb,exact_sequence_match,True
O15371,/data/ranran/my_ptm/croton/data/structure_pipeline/pdb/O15371.pdb,exact_sequence_match,True
O15372,/data/ranran/my_ptm/croton/data/structure_pipeline/pdb/O15372.pdb,exact_sequence_match,True
O15382,,missing_pdb,False
O15498,/data/ranran/my_ptm/croton/data/structure_pipeline/pdb/O15498.pdb,exact_sequence_match,True
O15511,,missing_pdb,False
O43143,,missing_pdb,False
O43148,/data/ranran/my_ptm/croton/data/structure_pipeline/pdb/O43148.pdb,exact_sequence_match,True
O43159,,missing_pdb,False
O43169,,missing_pdb,False
O43172,/data/ranran/my_ptm/croton/data/structure_pipeline/pdb/O43172.pdb,exact_sequence_match,True
O43181,/data/ranran/my_ptm/croton/data/structure_pipeline/pdb/O43181.pdb,exact_sequence_match,True
O43242,/data/ranran/my_ptm/croton/data/structure_pipeline/pdb/O43242.pdb,exact_sequence_match,True
O43252,/data/ranran/my_ptm/croton/data/structure_pipeline/pdb/O43252.pdb,exact_sequence_match,True
O43264,/data/ranran/my_ptm/croton/data/structure_pipeline/pdb/O43264.pdb,exact_sequence_match,True
O43290,/data/ranran/my_ptm/croton/data/structure_pipeline/pdb/O43290.pdb,exact_sequence_match,True
O43291,,missing_pdb,False
O43293,,missing_pdb,False
O43318,/data/ranran/my_ptm/croton/data/structure_pipeline/pdb/O43318.pdb,exact_sequence_match,True
O43324,/data/ranran/my_ptm/croton/data/structure_pipeline/pdb/O43324.pdb,exact_sequence_match,True
O43390,/data/ranran/my_ptm/croton/data/structure_pipeline/pdb/O43390.pdb,exact_sequence_match,True
O43395,/data/ranran/my_ptm/croton/data/structure_pipeline/pdb/O43395.pdb,exact_sequence_match,True
O43399,/data/ranran/my_ptm/croton/data/structure_pipeline/pdb/O43399.pdb,exact_sequence_match,True
O43491,/data/ranran/my_ptm/croton/data/structure_pipeline/pdb/O43491.pdb,exact_sequence_match,True
O43542,,missing_pdb,False
O43583,/data/ranran/my_ptm/croton/data/structure_pipeline/pdb/O43583.pdb,exact_sequence_match,True
O43592,/data/ranran/my_ptm/croton/data/structure_pipeline/pdb/O43592.pdb,exact_sequence_match,True
O43598,/data/ranran/my_ptm/croton/data/structure_pipeline/pdb/O43598.pdb,exact_sequence_match,True
O43615,/data/ranran/my_ptm/croton/data/structure_pipeline/pdb/O43615.pdb,exact_sequence_match,True
O43617,,missing_pdb,False
O43660,/data/ranran/my_ptm/croton/data/structure_pipeline/pdb/O43660.pdb,exact_sequence_match,True
O43665,,missing_pdb,False
O43670,/data/ranran/my_ptm/croton/data/structure_pipeline/pdb/O43670.pdb,exact_sequence_match,True
O43674,/data/ranran/my_ptm/croton/data/structure_pipeline/pdb/O43674.pdb,exact_sequence_match,True
O43678,,missing_pdb,False
O43681,/data/ranran/my_ptm/croton/data/structure_pipeline/pdb/O43681.pdb,exact_sequence_match,True
O43707,/data/ranran/my_ptm/croton/data/structure_pipeline/pdb/O43707.pdb,exact_sequence_match,True
O43708,,missing_pdb,False
O43719,/data/ranran/my_ptm/croton/data/structure_pipeline/pdb/O43719.pdb,exact_sequence_match,True
O43747,/data/ranran/my_ptm/croton/data/structure_pipeline/pdb/O43747.pdb,exact_sequence_match,True
O43752,/data/ranran/my_ptm/croton/data/structure_pipeline/pdb/O43752.pdb,exact_sequence_match,True
O43765,/data/ranran/my_ptm/croton/data/structure_pipeline/pdb/O43765.pdb,exact_sequence_match,True
O43772,,missing_pdb,False
O43776,/data/ranran/my_ptm/croton/data/structure_pipeline/pdb/O43776.pdb,exact_sequence_match,True
O43809,/data/ranran/my_ptm/croton/data/structure_pipeline/pdb/O43809.pdb,exact_sequence_match,True
O43818,/data/ranran/my_ptm/croton/data/structure_pipeline/pdb/O43818.pdb,exact_sequence_match,True
O43823,/data/ranran/my_ptm/croton/data/structure_pipeline/pdb/O43823.pdb,exact_sequence_match,True
O43824,,missing_pdb,False
O43837,/data/ranran/my_ptm/croton/data/structure_pipeline/pdb/O43837.pdb,exact_sequence_match,True
O43847,,missing_pdb,False
O43854,,missing_pdb,False
O43865,,missing_pdb,False
O43920,,missing_pdb,False
O60216,/data/ranran/my_ptm/croton/data/structure_pipeline/pdb/O60216.pdb,exact_sequence_match,True
O60229,,missing_pdb,False
O60238,,missing_pdb,False
O60271,/data/ranran/my_ptm/croton/data/structure_pipeline/pdb/O60271.pdb,exact_sequence_match,True
O60287,/data/ranran/my_ptm/croton/data/structure_pipeline/pdb/O60287.pdb,exact_sequence_match,True
O60291,,missing_pdb,False
O60313,/data/ranran/my_ptm/croton/data/structure_pipeline/pdb/O60313.pdb,exact_sequence_match,True
O60337,,missing_pdb,False
O60341,/data/ranran/my_ptm/croton/data/structure_pipeline/pdb/O60341.pdb,exact_sequence_match,True
O60343,/data/ranran/my_ptm/croton/data/structure_pipeline/pdb/O60343.pdb,exact_sequence_match,True
O60437,/data/ranran/my_ptm/croton/data/structure_pipeline/pdb/O60437.pdb,exact_sequence_match,True
O60524,/data/ranran/my_ptm/croton/data/structure_pipeline/pdb/O60524.pdb,exact_sequence_match,True
O60563,/data/ranran/my_ptm/croton/data/structure_pipeline/pdb/O60563.pdb,exact_sequence_match,True
O60568,/data/ranran/my_ptm/croton/data/structure_pipeline/pdb/O60568.pdb,exact_sequence_match,True
O60613,,missing_pdb,False
O60637,,missing_pdb,False
O60701,/data/ranran/my_ptm/croton/data/structure_pipeline/pdb/O60701.pdb,exact_sequence_match,True
O60716,/data/ranran/my_ptm/croton/data/structure_pipeline/pdb/O60716.pdb,exact_sequence_match,True
O60763,/data/ranran/my_ptm/croton/data/structure_pipeline/pdb/O60763.pdb,exact_sequence_match,True
O60814,,missing_pdb,False
O60826,/data/ranran/my_ptm/croton/data/structure_pipeline/pdb/O60826.pdb,exact_sequence_match,True
O60832,/data/ranran/my_ptm/croton/data/structure_pipeline/pdb/O60832.pdb,exact_sequence_match,True
O60841,/data/ranran/my_ptm/croton/data/structure_pipeline/pdb/O60841.pdb,exact_sequence_match,True
O60869,/data/ranran/my_ptm/croton/data/structure_pipeline/pdb/O60869.pdb,exact_sequence_match,True
O60870,/data/ranran/my_ptm/croton/data/structure_pipeline/pdb/O60870.pdb,exact_sequence_match,True
O60884,/data/ranran/my_ptm/croton/data/structure_pipeline/pdb/O60884.pdb,exact_sequence_match,True
O60888,/data/ranran/my_ptm/croton/data/structure_pipeline/pdb/O60888.pdb,exact_sequence_match,True
O75027,/data/ranran/my_ptm/croton/data/structure_pipeline/pdb/O75027.pdb,exact_sequence_match,True
O75083,/data/ranran/my_ptm/croton/data/structure_pipeline/pdb/O75083.pdb,exact_sequence_match,True
O75116,/data/ranran/my_ptm/croton/data/structure_pipeline/pdb/O75116.pdb,exact_sequence_match,True
O75131,/data/ranran/my_ptm/croton/data/structure_pipeline/pdb/O75131.pdb,exact_sequence_match,True
O75150,/data/ranran/my_ptm/croton/data/structure_pipeline/pdb/O75150.pdb,exact_sequence_match,True
O75152,/data/ranran/my_ptm/croton/data/structure_pipeline/pdb/O75152.pdb,exact_sequence_match,True
O75153,/data/ranran/my_ptm/croton/data/structure_pipeline/pdb/O75153.pdb,exact_sequence_match,True
O75157,/data/ranran/my_ptm/croton/data/structure_pipeline/pdb/O75157.pdb,exact_sequence_match,True
O75173,,missing_pdb,False
O75179,/data/ranran/my_ptm/croton/data/structure_pipeline/pdb/O75179.pdb,exact_sequence_match,True
O75190,/data/ranran/my_ptm/croton/data/structure_pipeline/pdb/O75190.pdb,exact_sequence_match,True
O75208,/data/ranran/my_ptm/croton/data/structure_pipeline/pdb/O75208.pdb,exact_sequence_match,True
O75223,/data/ranran/my_ptm/croton/data/structure_pipeline/pdb/O75223.pdb,exact_sequence_match,True
O75306,/data/ranran/my_ptm/croton/data/structure_pipeline/pdb/O75306.pdb,exact_sequence_match,True
O75323,/data/ranran/my_ptm/croton/data/structure_pipeline/pdb/O75323.pdb,exact_sequence_match,True
O75340,,missing_pdb,False
O75347,/data/ranran/my_ptm/croton/data/structure_pipeline/pdb/O75347.pdb,exact_sequence_match,True
O75352,,missing_pdb,False
O75367,,missing_pdb,False
O75368,/data/ranran/my_ptm/croton/data/structure_pipeline/pdb/O75368.pdb,exact_sequence_match,True
O75380,/data/ranran/my_ptm/croton/data/structure_pipeline/pdb/O75380.pdb,exact_sequence_match,True
O75390,/data/ranran/my_ptm/croton/data/structure_pipeline/pdb/O75390.pdb,exact_sequence_match,True
O75391,/data/ranran/my_ptm/croton/data/structure_pipeline/pdb/O75391.pdb,exact_sequence_match,True
O75394,,missing_pdb,False
O75396,,missing_pdb,False
O75400,/data/ranran/my_ptm/croton/data/structure_pipeline/pdb/O75400.pdb,exact_sequence_match,True
O75438,,missing_pdb,False
O75475,/data/ranran/my_ptm/croton/data/structure_pipeline/pdb/O75475.pdb,exact_sequence_match,True
O75477,/data/ranran/my_ptm/croton/data/structure_pipeline/pdb/O75477.pdb,exact_sequence_match,True
O75489,,missing_pdb,False
O75521,/data/ranran/my_ptm/croton/data/structure_pipeline/pdb/O75521.pdb,exact_sequence_match,True
O75531,/data/ranran/my_ptm/croton/data/structure_pipeline/pdb/O75531.pdb,exact_sequence_match,True
O75533,/data/ranran/my_ptm/croton/data/structure_pipeline/pdb/O75533.pdb,exact_sequence_match,True
O75534,/data/ranran/my_ptm/croton/data/structure_pipeline/pdb/O75534.pdb,exact_sequence_match,True
O75643,/data/ranran/my_ptm/croton/data/structure_pipeline/pdb/O75643.pdb,exact_sequence_match,True
O75663,/data/ranran/my_ptm/croton/data/structure_pipeline/pdb/O75663.pdb,exact_sequence_match,True
O75674,/data/ranran/my_ptm/croton/data/structure_pipeline/pdb/O75674.pdb,exact_sequence_match,True
O75683,/data/ranran/my_ptm/croton/data/structure_pipeline/pdb/O75683.pdb,exact_sequence_match,True
O75694,/data/ranran/my_ptm/croton/data/structure_pipeline/pdb/O75694.pdb,exact_sequence_match,True
O75718,/data/ranran/my_ptm/croton/data/structure_pipeline/pdb/O75718.pdb,exact_sequence_match,True
O75821,/data/ranran/my_ptm/croton/data/structure_pipeline/pdb/O75821.pdb,exact_sequence_match,True
O75822,/data/ranran/my_ptm/croton/data/structure_pipeline/pdb/O75822.pdb,exact_sequence_match,True
O75832,/data/ranran/my_ptm/croton/data/structure_pipeline/pdb/O75832.pdb,exact_sequence_match,True
O75844,/data/ranran/my_ptm/croton/data/structure_pipeline/pdb/O75844.pdb,exact_sequence_match,True
O75880,,missing_pdb,False
O75915,,missing_pdb,False
O75937,/data/ranran/my_ptm/croton/data/structure_pipeline/pdb/O75937.pdb,exact_sequence_match,True
O75940,/data/ranran/my_ptm/croton/data/structure_pipeline/pdb/O75940.pdb,exact_sequence_match,True
O75947,/data/ranran/my_ptm/croton/data/structure_pipeline/pdb/O75947.pdb,exact_sequence_match,True
O75964,/data/ranran/my_ptm/croton/data/structure_pipeline/pdb/O75964.pdb,exact_sequence_match,True
O75976,,missing_pdb,False
O76003,/data/ranran/my_ptm/croton/data/structure_pipeline/pdb/O76003.pdb,exact_sequence_match,True
O76021,/data/ranran/my_ptm/croton/data/structure_pipeline/pdb/O76021.pdb,exact_sequence_match,True
O76031,,missing_pdb,False
O76094,/data/ranran/my_ptm/croton/data/structure_pipeline/pdb/O76094.pdb,exact_sequence_match,True
O94776,/data/ranran/my_ptm/croton/data/structure_pipeline/pdb/O94776.pdb,exact_sequence_match,True
O94804,/data/ranran/my_ptm/croton/data/structure_pipeline/pdb/O94804.pdb,exact_sequence_match,True
O94826,/data/ranran/my_ptm/croton/data/structure_pipeline/pdb/O94826.pdb,exact_sequence_match,True
O94842,,missing_pdb,False
O94851,,missing_pdb,False
O94874,/data/ranran/my_ptm/croton/data/structure_pipeline/pdb/O94874.pdb,exact_sequence_match,True
O94906,/data/ranran/my_ptm/croton/data/structure_pipeline/pdb/O94906.pdb,exact_sequence_match,True
O94925,/data/ranran/my_ptm/croton/data/structure_pipeline/pdb/O94925.pdb,exact_sequence_match,True
O94967,,missing_pdb,False
O94973,,missing_pdb,False
O94979,/data/ranran/my_ptm/croton/data/structure_pipeline/pdb/O94979.pdb,exact_sequence_match,True
O94992,/data/ranran/my_ptm/croton/data/structure_pipeline/pdb/O94992.pdb,exact_sequence_match,True
O95081,/data/ranran/my_ptm/croton/data/structure_pipeline/pdb/O95081.pdb,exact_sequence_match,True
O95104,/data/ranran/my_ptm/croton/data/structure_pipeline/pdb/O95104.pdb,exact_sequence_match,True
O95139,,missing_pdb,False
O95140,/data/ranran/my_ptm/croton/data/structure_pipeline/pdb/O95140.pdb,exact_sequence_match,True
O95163,/data/ranran/my_ptm/croton/data/structure_pipeline/pdb/O95163.pdb,exact_sequence_match,True
O95166,/data/ranran/my_ptm/croton/data/structure_pipeline/pdb/O95166.pdb,exact_sequence_match,True
O95182,/data/ranran/my_ptm/croton/data/structure_pipeline/pdb/O95182.pdb,exact_sequence_match,True
O95197,/data/ranran/my_ptm/croton/data/structure_pipeline/pdb/O95197.pdb,exact_sequence_match,True
O95202,/data/ranran/my_ptm/croton/data/structure_pipeline/pdb/O95202.pdb,exact_sequence_match,True
O95218,/data/ranran/my_ptm/croton/data/structure_pipeline/pdb/O95218.pdb,exact_sequence_match,True
O95298,,missing_pdb,False
O95299,/data/ranran/my_ptm/croton/data/structure_pipeline/pdb/O95299.pdb,exact_sequence_match,True
O95336,,missing_pdb,False
O95347,/data/ranran/my_ptm/croton/data/structure_pipeline/pdb/O95347.pdb,exact_sequence_match,True
O95373,/data/ranran/my_ptm/croton/data/structure_pipeline/pdb/O95373.pdb,exact_sequence_match,True
O95379,/data/ranran/my_ptm/croton/data/structure_pipeline/pdb/O95379.pdb,exact_sequence_match,True
O95425,,missing_pdb,False
O95453,/data/ranran/my_ptm/croton/data/structure_pipeline/pdb/O95453.pdb,exact_sequence_match,True
O95470,/data/ranran/my_ptm/croton/data/structure_pipeline/pdb/O95470.pdb,exact_sequence_match,True
O95487,/data/ranran/my_ptm/croton/data/structure_pipeline/pdb/O95487.pdb,exact_sequence_match,True
O95563,,missing_pdb,False
O95571,,missing_pdb,False
O95573,/data/ranran/my_ptm/croton/data/structure_pipeline/pdb/O95573.pdb,exact_sequence_match,True
O95619,/data/ranran/my_ptm/croton/data/structure_pipeline/pdb/O95619.pdb,exact_sequence_match,True
O95670,,missing_pdb,False
O95671,,missing_pdb,False
O95674,/data/ranran/my_ptm/croton/data/structure_pipeline/pdb/O95674.pdb,exact_sequence_match,True
O95758,,missing_pdb,False
O95793,,missing_pdb,False
O95816,/data/ranran/my_ptm/croton/data/structure_pipeline/pdb/O95816.pdb,exact_sequence_match,True
O95817,,missing_pdb,False
O95831,/data/ranran/my_ptm/croton/data/structure_pipeline/pdb/O95831.pdb,exact_sequence_match,True
O95881,,missing_pdb,False
O95994,,missing_pdb,False
O96005,/data/ranran/my_ptm/croton/data/structure_pipeline/pdb/O96005.pdb,exact_sequence_match,True
O96008,,missing_pdb,False
P00367,/data/ranran/my_ptm/croton/data/structure_pipeline/pdb/P00367.pdb,exact_sequence_match,True
P00374,/data/ranran/my_ptm/croton/data/structure_pipeline/pdb/P00374.pdb,exact_sequence_match,True
P00390,/data/ranran/my_ptm/croton/data/structure_pipeline/pdb/P00390.pdb,exact_sequence_match,True
P00441,/data/ranran/my_ptm/croton/data/structure_pipeline/pdb/P00441.pdb,exact_sequence_match,True
P00480,,missing_pdb,False
P00491,/data/ranran/my_ptm/croton/data/structure_pipeline/pdb/P00491.pdb,exact_sequence_match,True
P00492,,missing_pdb,False
P00505,/data/ranran/my_ptm/croton/data/structure_pipeline/pdb/P00505.pdb,exact_sequence_match,True
P00533,/data/ranran/my_ptm/croton/data/structure_pipeline/pdb/P00533.pdb,exact_sequence_match,True
P00558,/data/ranran/my_ptm/croton/data/structure_pipeline/pdb/P00558.pdb,exact_sequence_match,True
P00846,,missing_pdb,False
P01024,,missing_pdb,False
P01893,,missing_pdb,False
P02301,,missing_pdb,False
P02545,/data/ranran/my_ptm/croton/data/structure_pipeline/pdb/P02545.pdb,exact_sequence_match,True
P02766,,missing_pdb,False
P02786,/data/ranran/my_ptm/croton/data/structure_pipeline/pdb/P02786.pdb,exact_sequence_match,True
P02794,/data/ranran/my_ptm/croton/data/structure_pipeline/pdb/P02794.pdb,exact_sequence_match,True
P04040,/data/ranran/my_ptm/croton/data/structure_pipeline/pdb/P04040.pdb,exact_sequence_match,True
P04062,,missing_pdb,False
P04075,/data/ranran/my_ptm/croton/data/structure_pipeline/pdb/P04075.pdb,exact_sequence_match,True
P04080,/data/ranran/my_ptm/croton/data/structure_pipeline/pdb/P04080.pdb,exact_sequence_match,True
P04083,,missing_pdb,False
P04114,,missing_pdb,False
P04179,/data/ranran/my_ptm/croton/data/structure_pipeline/pdb/P04179.pdb,exact_sequence_match,True
P04181,/data/ranran/my_ptm/croton/data/structure_pipeline/pdb/P04181.pdb,exact_sequence_match,True
P04183,/data/ranran/my_ptm/croton/data/structure_pipeline/pdb/P04183.pdb,exact_sequence_match,True
P04406,/data/ranran/my_ptm/croton/data/structure_pipeline/pdb/P04406.pdb,exact_sequence_match,True
P04632,/data/ranran/my_ptm/croton/data/structure_pipeline/pdb/P04632.pdb,exact_sequence_match,True
P04792,/data/ranran/my_ptm/croton/data/structure_pipeline/pdb/P04792.pdb,exact_sequence_match,True
P04843,/data/ranran/my_ptm/croton/data/structure_pipeline/pdb/P04843.pdb,exact_sequence_match,True
P04844,/data/ranran/my_ptm/croton/data/structure_pipeline/pdb/P04844.pdb,exact_sequence_match,True
P05026,/data/ranran/my_ptm/croton/data/structure_pipeline/pdb/P05026.pdb,exact_sequence_match,True
P05067,,missing_pdb,False
P05089,,missing_pdb,False
P05141,/data/ranran/my_ptm/croton/data/structure_pipeline/pdb/P05141.pdb,exact_sequence_match,True
P05198,/data/ranran/my_ptm/croton/data/structure_pipeline/pdb/P05198.pdb,exact_sequence_match,True
P05362,,missing_pdb,False
P05387,/data/ranran/my_ptm/croton/data/structure_pipeline/pdb/P05387.pdb,exact_sequence_match,True
P05388,/data/ranran/my_ptm/croton/data/structure_pipeline/pdb/P05388.pdb,exact_sequence_match,True
P05455,/data/ranran/my_ptm/croton/data/structure_pipeline/pdb/P05455.pdb,exact_sequence_match,True
P05556,/data/ranran/my_ptm/croton/data/structure_pipeline/pdb/P05556.pdb,exact_sequence_match,True
P05783,/data/ranran/my_ptm/croton/data/structure_pipeline/pdb/P05783.pdb,exact_sequence_match,True
P05976,,missing_pdb,False
P06576,/data/ranran/my_ptm/croton/data/structure_pipeline/pdb/P06576.pdb,exact_sequence_match,True
P06733,/data/ranran/my_ptm/croton/data/structure_pipeline/pdb/P06733.pdb,exact_sequence_match,True
P06737,/data/ranran/my_ptm/croton/data/structure_pipeline/pdb/P06737.pdb,exact_sequence_match,True
P06744,/data/ranran/my_ptm/croton/data/structure_pipeline/pdb/P06744.pdb,exact_sequence_match,True
P06746,,missing_pdb,False
P06748,/data/ranran/my_ptm/croton/data/structure_pipeline/pdb/P06748.pdb,exact_sequence_match,True
P06753,/data/ranran/my_ptm/croton/data/structure_pipeline/pdb/P06753.pdb,exact_sequence_match,True
P06756,,missing_pdb,False
P07099,/data/ranran/my_ptm/croton/data/structure_pipeline/pdb/P07099.pdb,exact_sequence_match,True
P07108,,missing_pdb,False
P07195,/data/ranran/my_ptm/croton/data/structure_pipeline/pdb/P07195.pdb,exact_sequence_match,True
P07199,,missing_pdb,False
P07237,/data/ranran/my_ptm/croton/data/structure_pipeline/pdb/P07237.pdb,exact_sequence_match,True
P07305,/data/ranran/my_ptm/croton/data/structure_pipeline/pdb/P07305.pdb,exact_sequence_match,True
P07339,/data/ranran/my_ptm/croton/data/structure_pipeline/pdb/P07339.pdb,exact_sequence_match,True
P07384,/data/ranran/my_ptm/croton/data/structure_pipeline/pdb/P07384.pdb,exact_sequence_match,True
P07602,,missing_pdb,False
P07686,/data/ranran/my_ptm/croton/data/structure_pipeline/pdb/P07686.pdb;/data/ranran/my_ptm/croton/data/structure_pipeline/pdb/AF-P07686-F1-model_v6.pdb,sequence_mismatch,False
P07737,/data/ranran/my_ptm/croton/data/structure_pipeline/pdb/P07737.pdb,exact_sequence_match,True
P07741,/data/ranran/my_ptm/croton/data/structure_pipeline/pdb/P07741.pdb,exact_sequence_match,True
P07814,/data/ranran/my_ptm/croton/data/structure_pipeline/pdb/P07814.pdb,exact_sequence_match,True
P07858,/data/ranran/my_ptm/croton/data/structure_pipeline/pdb/P07858.pdb,exact_sequence_match,True
P07910,/data/ranran/my_ptm/croton/data/structure_pipeline/pdb/P07910.pdb,exact_sequence_match,True
P07919,,missing_pdb,False
P07942,/data/ranran/my_ptm/croton/data/structure_pipeline/pdb/P07942.pdb,exact_sequence_match,True
P07954,/data/ranran/my_ptm/croton/data/structure_pipeline/pdb/P07954.pdb,exact_sequence_match,True
P08047,/data/ranran/my_ptm/croton/data/structure_pipeline/pdb/P08047.pdb,exact_sequence_match,True
P08048,,missing_pdb,False
P08133,/data/ranran/my_ptm/croton/data/structure_pipeline/pdb/P08133.pdb,exact_sequence_match,True
P08174,/data/ranran/my_ptm/croton/data/structure_pipeline/pdb/P08174.pdb,exact_sequence_match,True
P08195,,missing_pdb,False
P08240,/data/ranran/my_ptm/croton/data/structure_pipeline/pdb/P08240.pdb,exact_sequence_match,True
P08243,/data/ranran/my_ptm/croton/data/structure_pipeline/pdb/P08243.pdb,exact_sequence_match,True
P08559,/data/ranran/my_ptm/croton/data/structure_pipeline/pdb/P08559.pdb,exact_sequence_match,True
P08574,,missing_pdb,False
P08621,/data/ranran/my_ptm/croton/data/structure_pipeline/pdb/P08621.pdb,exact_sequence_match,True
P08865,/data/ranran/my_ptm/croton/data/structure_pipeline/pdb/P08865.pdb,exact_sequence_match,True
P09012,/data/ranran/my_ptm/croton/data/structure_pipeline/pdb/P09012.pdb,exact_sequence_match,True
P09132,/data/ranran/my_ptm/croton/data/structure_pipeline/pdb/P09132.pdb,exact_sequence_match,True
P09211,/data/ranran/my_ptm/croton/data/structure_pipeline/pdb/P09211.pdb,exact_sequence_match,True
P09234,/data/ranran/my_ptm/croton/data/structure_pipeline/pdb/P09234.pdb,exact_sequence_match,True
P09382,/data/ranran/my_ptm/croton/data/structure_pipeline/pdb/P09382.pdb,exact_sequence_match,True
P09429,,missing_pdb,False
P09496,/data/ranran/my_ptm/croton/data/structure_pipeline/pdb/P09496.pdb,exact_sequence_match,True
P09543,/data/ranran/my_ptm/croton/data/structure_pipeline/pdb/P09543.pdb,exact_sequence_match,True
P09601,,missing_pdb,False
P09622,/data/ranran/my_ptm/croton/data/structure_pipeline/pdb/P09622.pdb,exact_sequence_match,True
P09661,/data/ranran/my_ptm/croton/data/structure_pipeline/pdb/P09661.pdb,exact_sequence_match,True
P09669,,missing_pdb,False
P09874,/data/ranran/my_ptm/croton/data/structure_pipeline/pdb/P09874.pdb,exact_sequence_match,True
P0C7V7,,missing_pdb,False
P0DJI9,,missing_pdb,False
P10155,/data/ranran/my_ptm/croton/data/structure_pipeline/pdb/P10155.pdb,exact_sequence_match,True
P10253,,missing_pdb,False
P10515,/data/ranran/my_ptm/croton/data/structure_pipeline/pdb/P10515.pdb,exact_sequence_match,True
P10599,,missing_pdb,False
P10606,/data/ranran/my_ptm/croton/data/structure_pipeline/pdb/P10606.pdb,exact_sequence_match,True
P10619,,missing_pdb,False
P10620,/data/ranran/my_ptm/croton/data/structure_pipeline/pdb/P10620.pdb,exact_sequence_match,True
P10636,,missing_pdb,False
P10768,/data/ranran/my_ptm/croton/data/structure_pipeline/pdb/P10768.pdb,exact_sequence_match,True
P10809,/data/ranran/my_ptm/croton/data/structure_pipeline/pdb/P10809.pdb,exact_sequence_match,True
P10909,/data/ranran/my_ptm/croton/data/structure_pipeline/pdb/P10909.pdb,exact_sequence_match,True
P11166,/data/ranran/my_ptm/croton/data/structure_pipeline/pdb/P11166.pdb,exact_sequence_match,True
P11177,/data/ranran/my_ptm/croton/data/structure_pipeline/pdb/P11177.pdb,exact_sequence_match,True
P11182,,missing_pdb,False
P11233,/data/ranran/my_ptm/croton/data/structure_pipeline/pdb/P11233.pdb,exact_sequence_match,True
P11279,,missing_pdb,False
P11310,/data/ranran/my_ptm/croton/data/structure_pipeline/pdb/P11310.pdb,exact_sequence_match,True
P11387,/data/ranran/my_ptm/croton/data/structure_pipeline/pdb/P11387.pdb,exact_sequence_match,True
P11413,/data/ranran/my_ptm/croton/data/structure_pipeline/pdb/P11413.pdb,exact_sequence_match,True
P11498,/data/ranran/my_ptm/croton/data/structure_pipeline/pdb/P11498.pdb,exact_sequence_match,True
P11532,,missing_pdb,False
P11586,,missing_pdb,False
P11717,/data/ranran/my_ptm/croton/data/structure_pipeline/pdb/P11717.pdb,exact_sequence_match,True
P11766,/data/ranran/my_ptm/croton/data/structure_pipeline/pdb/P11766.pdb,exact_sequence_match,True
P12004,/data/ranran/my_ptm/croton/data/structure_pipeline/pdb/P12004.pdb,exact_sequence_match,True
P12081,/data/ranran/my_ptm/croton/data/structure_pipeline/pdb/P12081.pdb,exact_sequence_match,True
P12268,/data/ranran/my_ptm/croton/data/structure_pipeline/pdb/P12268.pdb,exact_sequence_match,True
P12270,/data/ranran/my_ptm/croton/data/structure_pipeline/pdb/P12270.pdb,exact_sequence_match,True
P12277,,missing_pdb,False
P12931,,missing_pdb,False
P12955,/data/ranran/my_ptm/croton/data/structure_pipeline/pdb/P12955.pdb,exact_sequence_match,True
P12956,/data/ranran/my_ptm/croton/data/structure_pipeline/pdb/P12956.pdb,exact_sequence_match,True
P13010,/data/ranran/my_ptm/croton/data/structure_pipeline/pdb/P13010.pdb,exact_sequence_match,True
P13073,/data/ranran/my_ptm/croton/data/structure_pipeline/pdb/P13073.pdb,exact_sequence_match,True
P13489,/data/ranran/my_ptm/croton/data/structure_pipeline/pdb/P13489.pdb,exact_sequence_match,True
P13639,/data/ranran/my_ptm/croton/data/structure_pipeline/pdb/P13639.pdb,exact_sequence_match,True
P13667,/data/ranran/my_ptm/croton/data/structure_pipeline/pdb/P13667.pdb,exact_sequence_match,True
P13674,/data/ranran/my_ptm/croton/data/structure_pipeline/pdb/P13674.pdb,exact_sequence_match,True
P13693,/data/ranran/my_ptm/croton/data/structure_pipeline/pdb/P13693.pdb,exact_sequence_match,True
P13797,/data/ranran/my_ptm/croton/data/structure_pipeline/pdb/P13797.pdb,exact_sequence_match,True
P13804,/data/ranran/my_ptm/croton/data/structure_pipeline/pdb/P13804.pdb,exact_sequence_match,True
P13861,,missing_pdb,False
P13984,/data/ranran/my_ptm/croton/data/structure_pipeline/pdb/P13984.pdb,exact_sequence_match,True
P13987,/data/ranran/my_ptm/croton/data/structure_pipeline/pdb/P13987.pdb,exact_sequence_match,True
P13995,/data/ranran/my_ptm/croton/data/structure_pipeline/pdb/P13995.pdb,exact_sequence_match,True
P14174,/data/ranran/my_ptm/croton/data/structure_pipeline/pdb/P14174.pdb,exact_sequence_match,True
P14209,/data/ranran/my_ptm/croton/data/structure_pipeline/pdb/P14209.pdb,exact_sequence_match,True
P14314,/data/ranran/my_ptm/croton/data/structure_pipeline/pdb/P14314.pdb,exact_sequence_match,True
P14324,/data/ranran/my_ptm/croton/data/structure_pipeline/pdb/P14324.pdb,exact_sequence_match,True
P14406,,missing_pdb,False
P14618,,missing_pdb,False
P14625,/data/ranran/my_ptm/croton/data/structure_pipeline/pdb/P14625.pdb,exact_sequence_match,True
P14735,/data/ranran/my_ptm/croton/data/structure_pipeline/pdb/P14735.pdb,exact_sequence_match,True
P14854,/data/ranran/my_ptm/croton/data/structure_pipeline/pdb/P14854.pdb,exact_sequence_match,True
P14866,/data/ranran/my_ptm/croton/data/structure_pipeline/pdb/P14866.pdb,exact_sequence_match,True
P14868,/data/ranran/my_ptm/croton/data/structure_pipeline/pdb/P14868.pdb,exact_sequence_match,True
P14927,,missing_pdb,False
P15170,,missing_pdb,False
P15311,/data/ranran/my_ptm/croton/data/structure_pipeline/pdb/P15311.pdb,exact_sequence_match,True
P15374,/data/ranran/my_ptm/croton/data/structure_pipeline/pdb/P15374.pdb,exact_sequence_match,True
P15428,,missing_pdb,False
P15529,/data/ranran/my_ptm/croton/data/structure_pipeline/pdb/P15529.pdb,exact_sequence_match,True
P15531,/data/ranran/my_ptm/croton/data/structure_pipeline/pdb/P15531.pdb,exact_sequence_match,True
P15559,/data/ranran/my_ptm/croton/data/structure_pipeline/pdb/P15559.pdb,exact_sequence_match,True
P15880,/data/ranran/my_ptm/croton/data/structure_pipeline/pdb/P15880.pdb,exact_sequence_match,True
P15907,,missing_pdb,False
P15924,,missing_pdb,False
P15927,/data/ranran/my_ptm/croton/data/structure_pipeline/pdb/P15927.pdb,exact_sequence_match,True
P15954,,missing_pdb,False
P16070,/data/ranran/my_ptm/croton/data/structure_pipeline/pdb/P16070.pdb,exact_sequence_match,True
P16104,,missing_pdb,False
P16144,,missing_pdb,False
P16152,/data/ranran/my_ptm/croton/data/structure_pipeline/pdb/P16152.pdb,exact_sequence_match,True
P16278,/data/ranran/my_ptm/croton/data/structure_pipeline/pdb/P16278.pdb,exact_sequence_match,True
P16435,/data/ranran/my_ptm/croton/data/structure_pipeline/pdb/P16435.pdb,exact_sequence_match,True
P16615,/data/ranran/my_ptm/croton/data/structure_pipeline/pdb/P16615.pdb,exact_sequence_match,True
P16989,/data/ranran/my_ptm/croton/data/structure_pipeline/pdb/P16989.pdb,exact_sequence_match,True
P17252,/data/ranran/my_ptm/croton/data/structure_pipeline/pdb/P17252.pdb,exact_sequence_match,True
P17301,,missing_pdb,False
P17480,/data/ranran/my_ptm/croton/data/structure_pipeline/pdb/P17480.pdb,exact_sequence_match,True
P17612,/data/ranran/my_ptm/croton/data/structure_pipeline/pdb/P17612.pdb,exact_sequence_match,True
P17676,/data/ranran/my_ptm/croton/data/structure_pipeline/pdb/P17676.pdb,exact_sequence_match,True
P17812,/data/ranran/my_ptm/croton/data/structure_pipeline/pdb/P17812.pdb,exact_sequence_match,True
P17900,,missing_pdb,False
P17931,,missing_pdb,False
P17987,/data/ranran/my_ptm/croton/data/structure_pipeline/pdb/P17987.pdb,exact_sequence_match,True
P18031,/data/ranran/my_ptm/croton/data/structure_pipeline/pdb/P18031.pdb,exact_sequence_match,True
P18077,/data/ranran/my_ptm/croton/data/structure_pipeline/pdb/P18077.pdb,exact_sequence_match,True
P18206,/data/ranran/my_ptm/croton/data/structure_pipeline/pdb/P18206.pdb,exact_sequence_match,True
P18583,/data/ranran/my_ptm/croton/data/structure_pipeline/pdb/P18583.pdb,exact_sequence_match,True
P18615,,missing_pdb,False
P18621,/data/ranran/my_ptm/croton/data/structure_pipeline/pdb/P18621.pdb,exact_sequence_match,True
P18669,/data/ranran/my_ptm/croton/data/structure_pipeline/pdb/P18669.pdb,exact_sequence_match,True
P18754,/data/ranran/my_ptm/croton/data/structure_pipeline/pdb/P18754.pdb,exact_sequence_match,True
P18858,/data/ranran/my_ptm/croton/data/structure_pipeline/pdb/P18858.pdb,exact_sequence_match,True
P18859,,missing_pdb,False
P18887,/data/ranran/my_ptm/croton/data/structure_pipeline/pdb/P18887.pdb;/data/ranran/my_ptm/croton/data/structure_pipeline/pdb/AF-P18887-F1-model_v6.pdb,sequence_mismatch,False
P19105,,missing_pdb,False
P19338,/data/ranran/my_ptm/croton/data/structure_pipeline/pdb/P19338.pdb,exact_sequence_match,True
P19367,/data/ranran/my_ptm/croton/data/structure_pipeline/pdb/P19367.pdb,exact_sequence_match,True
P19404,/data/ranran/my_ptm/croton/data/structure_pipeline/pdb/P19404.pdb,exact_sequence_match,True
P19440,/data/ranran/my_ptm/croton/data/structure_pipeline/pdb/P19440.pdb,exact_sequence_match,True
P20042,/data/ranran/my_ptm/croton/data/structure_pipeline/pdb/P20042.pdb,exact_sequence_match,True
P20290,/data/ranran/my_ptm/croton/data/structure_pipeline/pdb/P20290.pdb,exact_sequence_match,True
P20618,/data/ranran/my_ptm/croton/data/structure_pipeline/pdb/P20618.pdb,exact_sequence_match,True
P20645,/data/ranran/my_ptm/croton/data/structure_pipeline/pdb/P20645.pdb,exact_sequence_match,True
P20674,/data/ranran/my_ptm/croton/data/structure_pipeline/pdb/P20674.pdb,exact_sequence_match,True
P20810,/data/ranran/my_ptm/croton/data/structure_pipeline/pdb/P20810.pdb,exact_sequence_match,True
P21281,/data/ranran/my_ptm/croton/data/structure_pipeline/pdb/P21281.pdb,exact_sequence_match,True
P21283,/data/ranran/my_ptm/croton/data/structure_pipeline/pdb/P21283.pdb,exact_sequence_match,True
P21291,/data/ranran/my_ptm/croton/data/structure_pipeline/pdb/P21291.pdb,exact_sequence_match,True
P21333,,missing_pdb,False
P21399,,missing_pdb,False
P21589,,missing_pdb,False
P21964,/data/ranran/my_ptm/croton/data/structure_pipeline/pdb/P21964.pdb,exact_sequence_match,True
P21980,,missing_pdb,False
P22059,/data/ranran/my_ptm/croton/data/structure_pipeline/pdb/P22059.pdb,exact_sequence_match,True
P22061,,missing_pdb,False
P22087,/data/ranran/my_ptm/croton/data/structure_pipeline/pdb/P22087.pdb,exact_sequence_match,True
P22102,/data/ranran/my_ptm/croton/data/structure_pipeline/pdb/P22102.pdb,exact_sequence_match,True
P22234,/data/ranran/my_ptm/croton/data/structure_pipeline/pdb/P22234.pdb,exact_sequence_match,True
P22307,/data/ranran/my_ptm/croton/data/structure_pipeline/pdb/P22307.pdb,exact_sequence_match,True
P22314,/data/ranran/my_ptm/croton/data/structure_pipeline/pdb/P22314.pdb,exact_sequence_match,True
P22570,,missing_pdb,False
P22695,/data/ranran/my_ptm/croton/data/structure_pipeline/pdb/P22695.pdb,exact_sequence_match,True
P22830,/data/ranran/my_ptm/croton/data/structure_pipeline/pdb/P22830.pdb,exact_sequence_match,True
P23193,/data/ranran/my_ptm/croton/data/structure_pipeline/pdb/P23193.pdb,exact_sequence_match,True
P23229,/data/ranran/my_ptm/croton/data/structure_pipeline/pdb/P23229.pdb,exact_sequence_match,True
P23246,/data/ranran/my_ptm/croton/data/structure_pipeline/pdb/P23246.pdb,exact_sequence_match,True
P23284,,missing_pdb,False
P23368,,missing_pdb,False
P23378,,missing_pdb,False
P23381,/data/ranran/my_ptm/croton/data/structure_pipeline/pdb/P23381.pdb,exact_sequence_match,True
P23396,/data/ranran/my_ptm/croton/data/structure_pipeline/pdb/P23396.pdb,exact_sequence_match,True
P23528,/data/ranran/my_ptm/croton/data/structure_pipeline/pdb/P23528.pdb,exact_sequence_match,True
P23588,/data/ranran/my_ptm/croton/data/structure_pipeline/pdb/P23588.pdb,exact_sequence_match,True
P23634,,missing_pdb,False
P23786,/data/ranran/my_ptm/croton/data/structure_pipeline/pdb/P23786.pdb,exact_sequence_match,True
P23919,/data/ranran/my_ptm/croton/data/structure_pipeline/pdb/P23919.pdb,exact_sequence_match,True
P23921,/data/ranran/my_ptm/croton/data/structure_pipeline/pdb/P23921.pdb,exact_sequence_match,True
P24534,,missing_pdb,False
P24539,/data/ranran/my_ptm/croton/data/structure_pipeline/pdb/P24539.pdb,exact_sequence_match,True
P25205,/data/ranran/my_ptm/croton/data/structure_pipeline/pdb/P25205.pdb,exact_sequence_match,True
P25325,/data/ranran/my_ptm/croton/data/structure_pipeline/pdb/P25325.pdb,exact_sequence_match,True
P25398,/data/ranran/my_ptm/croton/data/structure_pipeline/pdb/P25398.pdb,exact_sequence_match,True
P25440,/data/ranran/my_ptm/croton/data/structure_pipeline/pdb/P25440.pdb,exact_sequence_match,True
P25445,,missing_pdb,False
P25705,/data/ranran/my_ptm/croton/data/structure_pipeline/pdb/P25705.pdb,exact_sequence_match,True
P25786,/data/ranran/my_ptm/croton/data/structure_pipeline/pdb/P25786.pdb,exact_sequence_match,True
P25788,/data/ranran/my_ptm/croton/data/structure_pipeline/pdb/P25788.pdb,exact_sequence_match,True
P25789,/data/ranran/my_ptm/croton/data/structure_pipeline/pdb/P25789.pdb,exact_sequence_match,True
P26196,/data/ranran/my_ptm/croton/data/structure_pipeline/pdb/P26196.pdb,exact_sequence_match,True
P26358,/data/ranran/my_ptm/croton/data/structure_pipeline/pdb/P26358.pdb,exact_sequence_match,True
P26368,/data/ranran/my_ptm/croton/data/structure_pipeline/pdb/P26368.pdb,exact_sequence_match,True
P26373,/data/ranran/my_ptm/croton/data/structure_pipeline/pdb/P26373.pdb,exact_sequence_match,True
P26447,/data/ranran/my_ptm/croton/data/structure_pipeline/pdb/P26447.pdb,exact_sequence_match,True
P26639,,missing_pdb,False
P26640,/data/ranran/my_ptm/croton/data/structure_pipeline/pdb/P26640.pdb,exact_sequence_match,True
P26641,/data/ranran/my_ptm/croton/data/structure_pipeline/pdb/P26641.pdb,exact_sequence_match,True
P26885,,missing_pdb,False
P27105,/data/ranran/my_ptm/croton/data/structure_pipeline/pdb/P27105.pdb,exact_sequence_match,True
P27635,/data/ranran/my_ptm/croton/data/structure_pipeline/pdb/P27635.pdb;/data/ranran/my_ptm/croton/data/structure_pipeline/pdb/AF-P27635-F1-model_v6.pdb,sequence_mismatch,False
P27694,/data/ranran/my_ptm/croton/data/structure_pipeline/pdb/P27694.pdb,exact_sequence_match,True
P27695,/data/ranran/my_ptm/croton/data/structure_pipeline/pdb/P27695.pdb,exact_sequence_match,True
P27708,/data/ranran/my_ptm/croton/data/structure_pipeline/pdb/P27708.pdb,exact_sequence_match,True
P27797,/data/ranran/my_ptm/croton/data/structure_pipeline/pdb/P27797.pdb,exact_sequence_match,True
P27816,/data/ranran/my_ptm/croton/data/structure_pipeline/pdb/P27816.pdb,exact_sequence_match,True
P27824,/data/ranran/my_ptm/croton/data/structure_pipeline/pdb/P27824.pdb,exact_sequence_match,True
P28070,/data/ranran/my_ptm/croton/data/structure_pipeline/pdb/P28070.pdb,exact_sequence_match,True
P28072,/data/ranran/my_ptm/croton/data/structure_pipeline/pdb/P28072.pdb,exact_sequence_match,True
P28074,,missing_pdb,False
P28288,/data/ranran/my_ptm/croton/data/structure_pipeline/pdb/P28288.pdb,exact_sequence_match,True
P28331,/data/ranran/my_ptm/croton/data/structure_pipeline/pdb/P28331.pdb,exact_sequence_match,True
P28370,,missing_pdb,False
P28838,/data/ranran/my_ptm/croton/data/structure_pipeline/pdb/P28838.pdb,exact_sequence_match,True
P28907,,missing_pdb,False
P29083,/data/ranran/my_ptm/croton/data/structure_pipeline/pdb/P29083.pdb,exact_sequence_match,True
P29084,/data/ranran/my_ptm/croton/data/structure_pipeline/pdb/P29084.pdb,exact_sequence_match,True
P29144,/data/ranran/my_ptm/croton/data/structure_pipeline/pdb/P29144.pdb,exact_sequence_match,True
P29317,,missing_pdb,False
P29401,/data/ranran/my_ptm/croton/data/structure_pipeline/pdb/P29401.pdb,exact_sequence_match,True
P29590,,missing_pdb,False
P29692,/data/ranran/my_ptm/croton/data/structure_pipeline/pdb/P29692.pdb,exact_sequence_match,True
P30040,/data/ranran/my_ptm/croton/data/structure_pipeline/pdb/P30040.pdb,exact_sequence_match,True
P30041,/data/ranran/my_ptm/croton/data/structure_pipeline/pdb/P30041.pdb,exact_sequence_match,True
P30043,,missing_pdb,False
P30049,/data/ranran/my_ptm/croton/data/structure_pipeline/pdb/P30049.pdb,exact_sequence_match,True
P30050,/data/ranran/my_ptm/croton/data/structure_pipeline/pdb/P30050.pdb,exact_sequence_match,True
P30084,/data/ranran/my_ptm/croton/data/structure_pipeline/pdb/P30084.pdb,exact_sequence_match,True
P30153,,missing_pdb,False
P30419,/data/ranran/my_ptm/croton/data/structure_pipeline/pdb/P30419.pdb,exact_sequence_match,True
P30519,/data/ranran/my_ptm/croton/data/structure_pipeline/pdb/P30519.pdb,exact_sequence_match,True
P30520,/data/ranran/my_ptm/croton/data/structure_pipeline/pdb/P30520.pdb,exact_sequence_match,True
P30533,/data/ranran/my_ptm/croton/data/structure_pipeline/pdb/P30533.pdb,exact_sequence_match,True
P30566,/data/ranran/my_ptm/croton/data/structure_pipeline/pdb/P30566.pdb,exact_sequence_match,True
P30622,/data/ranran/my_ptm/croton/data/structure_pipeline/pdb/P30622.pdb,exact_sequence_match,True
P30740,/data/ranran/my_ptm/croton/data/structure_pipeline/pdb/P30740.pdb,exact_sequence_match,True
P30876,/data/ranran/my_ptm/croton/data/structure_pipeline/pdb/P30876.pdb,exact_sequence_match,True
P31040,/data/ranran/my_ptm/croton/data/structure_pipeline/pdb/P31040.pdb,exact_sequence_match,True
P31153,/data/ranran/my_ptm/croton/data/structure_pipeline/pdb/P31153.pdb,exact_sequence_match,True
P31930,,missing_pdb,False
P31937,/data/ranran/my_ptm/croton/data/structure_pipeline/pdb/P31937.pdb,exact_sequence_match,True
P31939,/data/ranran/my_ptm/croton/data/structure_pipeline/pdb/P31939.pdb,exact_sequence_match,True
P31942,,missing_pdb,False
P31943,/data/ranran/my_ptm/croton/data/structure_pipeline/pdb/P31943.pdb,exact_sequence_match,True
P31948,/data/ranran/my_ptm/croton/data/structure_pipeline/pdb/P31948.pdb,exact_sequence_match,True
P31949,/data/ranran/my_ptm/croton/data/structure_pipeline/pdb/P31949.pdb,exact_sequence_match,True
P32456,,missing_pdb,False
P32969,/data/ranran/my_ptm/croton/data/structure_pipeline/pdb/P32969.pdb,exact_sequence_match,True
P32970,,missing_pdb,False
P33121,,missing_pdb,False
P33991,/data/ranran/my_ptm/croton/data/structure_pipeline/pdb/P33991.pdb,exact_sequence_match,True
P33992,/data/ranran/my_ptm/croton/data/structure_pipeline/pdb/P33992.pdb,exact_sequence_match,True
P34897,/data/ranran/my_ptm/croton/data/structure_pipeline/pdb/P34897.pdb,exact_sequence_match,True
P34949,/data/ranran/my_ptm/croton/data/structure_pipeline/pdb/P34949.pdb,exact_sequence_match,True
P35221,,missing_pdb,False
P35222,/data/ranran/my_ptm/croton/data/structure_pipeline/pdb/P35222.pdb,exact_sequence_match,True
P35249,/data/ranran/my_ptm/croton/data/structure_pipeline/pdb/P35249.pdb,exact_sequence_match,True
P35251,/data/ranran/my_ptm/croton/data/structure_pipeline/pdb/P35251.pdb,exact_sequence_match,True
P35268,/data/ranran/my_ptm/croton/data/structure_pipeline/pdb/P35268.pdb,exact_sequence_match,True
P35269,/data/ranran/my_ptm/croton/data/structure_pipeline/pdb/P35269.pdb,exact_sequence_match,True
P35270,/data/ranran/my_ptm/croton/data/structure_pipeline/pdb/P35270.pdb,exact_sequence_match,True
P35354,,missing_pdb,False
P35558,,missing_pdb,False
P35606,/data/ranran/my_ptm/croton/data/structure_pipeline/pdb/P35606.pdb,exact_sequence_match,True
P35610,/data/ranran/my_ptm/croton/data/structure_pipeline/pdb/P35610.pdb,exact_sequence_match,True
P35658,/data/ranran/my_ptm/croton/data/structure_pipeline/pdb/P35658.pdb,exact_sequence_match,True
P35659,/data/ranran/my_ptm/croton/data/structure_pipeline/pdb/P35659.pdb,exact_sequence_match,True
P35998,,missing_pdb,False
P36507,/data/ranran/my_ptm/croton/data/structure_pipeline/pdb/P36507.pdb,exact_sequence_match,True
P36542,/data/ranran/my_ptm/croton/data/structure_pipeline/pdb/P36542.pdb,exact_sequence_match,True
P36551,,missing_pdb,False
P36578,/data/ranran/my_ptm/croton/data/structure_pipeline/pdb/P36578.pdb,exact_sequence_match,True
P36776,/data/ranran/my_ptm/croton/data/structure_pipeline/pdb/P36776.pdb,exact_sequence_match,True
P36871,/data/ranran/my_ptm/croton/data/structure_pipeline/pdb/P36871.pdb,exact_sequence_match,True
P36956,,missing_pdb,False
P36957,/data/ranran/my_ptm/croton/data/structure_pipeline/pdb/P36957.pdb,exact_sequence_match,True
P37108,/data/ranran/my_ptm/croton/data/structure_pipeline/pdb/P37108.pdb,exact_sequence_match,True
P37198,/data/ranran/my_ptm/croton/data/structure_pipeline/pdb/P37198.pdb,exact_sequence_match,True
P37235,/data/ranran/my_ptm/croton/data/structure_pipeline/pdb/P37235.pdb,exact_sequence_match,True
P37802,,missing_pdb,False
P37837,/data/ranran/my_ptm/croton/data/structure_pipeline/pdb/P37837.pdb,exact_sequence_match,True
P38117,/data/ranran/my_ptm/croton/data/structure_pipeline/pdb/P38117.pdb,exact_sequence_match,True
P38159,,missing_pdb,False
P38571,,missing_pdb,False
P38606,/data/ranran/my_ptm/croton/data/structure_pipeline/pdb/P38606.pdb,exact_sequence_match,True
P38646,/data/ranran/my_ptm/croton/data/structure_pipeline/pdb/P38646.pdb,exact_sequence_match,True
P39019,/data/ranran/my_ptm/croton/data/structure_pipeline/pdb/P39019.pdb,exact_sequence_match,True
P39023,,missing_pdb,False
P39656,,missing_pdb,False
P39748,/data/ranran/my_ptm/croton/data/structure_pipeline/pdb/P39748.pdb,exact_sequence_match,True
P40121,,missing_pdb,False
P40189,,missing_pdb,False
P40222,/data/ranran/my_ptm/croton/data/structure_pipeline/pdb/P40222.pdb,exact_sequence_match,True
P40227,/data/ranran/my_ptm/croton/data/structure_pipeline/pdb/P40227.pdb,exact_sequence_match,True
P40261,,missing_pdb,False
P40429,/data/ranran/my_ptm/croton/data/structure_pipeline/pdb/P40429.pdb,exact_sequence_match,True
P40763,/data/ranran/my_ptm/croton/data/structure_pipeline/pdb/P40763.pdb,exact_sequence_match,True
P40925,/data/ranran/my_ptm/croton/data/structure_pipeline/pdb/P40925.pdb,exact_sequence_match,True
P40926,/data/ranran/my_ptm/croton/data/structure_pipeline/pdb/P40926.pdb,exact_sequence_match,True
P40938,/data/ranran/my_ptm/croton/data/structure_pipeline/pdb/P40938.pdb,exact_sequence_match,True
P40939,/data/ranran/my_ptm/croton/data/structure_pipeline/pdb/P40939.pdb,exact_sequence_match,True
P41091,/data/ranran/my_ptm/croton/data/structure_pipeline/pdb/P41091.pdb,exact_sequence_match,True
P41223,,missing_pdb,False
P41250,/data/ranran/my_ptm/croton/data/structure_pipeline/pdb/P41250.pdb,exact_sequence_match,True
P41252,/data/ranran/my_ptm/croton/data/structure_pipeline/pdb/P41252.pdb,exact_sequence_match,True
P41567,,missing_pdb,False
P42166,/data/ranran/my_ptm/croton/data/structure_pipeline/pdb/P42166.pdb,exact_sequence_match,True
P42167,,missing_pdb,False
P42285,/data/ranran/my_ptm/croton/data/structure_pipeline/pdb/P42285.pdb,exact_sequence_match,True
P42330,,missing_pdb,False
P42345,/data/ranran/my_ptm/croton/data/structure_pipeline/pdb/P42345.pdb,exact_sequence_match,True
P42677,/data/ranran/my_ptm/croton/data/structure_pipeline/pdb/P42677.pdb,exact_sequence_match,True
P42696,,missing_pdb,False
P42704,/data/ranran/my_ptm/croton/data/structure_pipeline/pdb/P42704.pdb,exact_sequence_match,True
P42766,/data/ranran/my_ptm/croton/data/structure_pipeline/pdb/P42766.pdb,exact_sequence_match,True
P42830,,missing_pdb,False
P42892,,missing_pdb,False
P43034,/data/ranran/my_ptm/croton/data/structure_pipeline/pdb/P43034.pdb,exact_sequence_match,True
P43243,/data/ranran/my_ptm/croton/data/structure_pipeline/pdb/P43243.pdb,exact_sequence_match,True
P43246,/data/ranran/my_ptm/croton/data/structure_pipeline/pdb/P43246.pdb,exact_sequence_match,True
P43304,/data/ranran/my_ptm/croton/data/structure_pipeline/pdb/P43304.pdb,exact_sequence_match,True
P43308,,missing_pdb,False
P43487,,missing_pdb,False
P43490,/data/ranran/my_ptm/croton/data/structure_pipeline/pdb/P43490.pdb,exact_sequence_match,True
P43897,/data/ranran/my_ptm/croton/data/structure_pipeline/pdb/P43897.pdb,exact_sequence_match,True
P45378,/data/ranran/my_ptm/croton/data/structure_pipeline/pdb/P45378.pdb,exact_sequence_match,True
P45880,/data/ranran/my_ptm/croton/data/structure_pipeline/pdb/P45880.pdb,exact_sequence_match,True
P45973,/data/ranran/my_ptm/croton/data/structure_pipeline/pdb/P45973.pdb,exact_sequence_match,True
P45974,/data/ranran/my_ptm/croton/data/structure_pipeline/pdb/P45974.pdb,exact_sequence_match,True
P45984,,missing_pdb,False
P46013,,missing_pdb,False
P46060,/data/ranran/my_ptm/croton/data/structure_pipeline/pdb/P46060.pdb,exact_sequence_match,True
P46063,/data/ranran/my_ptm/croton/data/structure_pipeline/pdb/P46063.pdb,exact_sequence_match,True
P46087,/data/ranran/my_ptm/croton/data/structure_pipeline/pdb/P46087.pdb,exact_sequence_match,True
P46100,/data/ranran/my_ptm/croton/data/structure_pipeline/pdb/P46100.pdb;/data/ranran/my_ptm/croton/data/structure_pipeline/pdb/AF-P46100-F1-model_v6.pdb,sequence_mismatch,False
P46108,/data/ranran/my_ptm/croton/data/structure_pipeline/pdb/P46108.pdb,exact_sequence_match,True
P46379,/data/ranran/my_ptm/croton/data/structure_pipeline/pdb/P46379.pdb,exact_sequence_match,True
P46459,/data/ranran/my_ptm/croton/data/structure_pipeline/pdb/P46459.pdb,exact_sequence_match,True
P46776,/data/ranran/my_ptm/croton/data/structure_pipeline/pdb/P46776.pdb,exact_sequence_match,True
P46777,/data/ranran/my_ptm/croton/data/structure_pipeline/pdb/P46777.pdb,exact_sequence_match,True
P46778,/data/ranran/my_ptm/croton/data/structure_pipeline/pdb/P46778.pdb,exact_sequence_match,True
P46779,/data/ranran/my_ptm/croton/data/structure_pipeline/pdb/P46779.pdb,exact_sequence_match,True
P46781,/data/ranran/my_ptm/croton/data/structure_pipeline/pdb/P46781.pdb,exact_sequence_match,True
P46782,/data/ranran/my_ptm/croton/data/structure_pipeline/pdb/P46782.pdb,exact_sequence_match,True
P46783,,missing_pdb,False
P46821,,missing_pdb,False
P46934,/data/ranran/my_ptm/croton/data/structure_pipeline/pdb/P46934.pdb,exact_sequence_match,True
P46940,/data/ranran/my_ptm/croton/data/structure_pipeline/pdb/P46940.pdb,exact_sequence_match,True
P46976,,missing_pdb,False
P47712,/data/ranran/my_ptm/croton/data/structure_pipeline/pdb/P47712.pdb,exact_sequence_match,True
P47755,/data/ranran/my_ptm/croton/data/structure_pipeline/pdb/P47755.pdb,exact_sequence_match,True
P47756,/data/ranran/my_ptm/croton/data/structure_pipeline/pdb/P47756.pdb;/data/ranran/my_ptm/croton/data/structure_pipeline/pdb/AF-P47756-F1-model_v6.pdb,sequence_mismatch,False
P47897,/data/ranran/my_ptm/croton/data/structure_pipeline/pdb/P47897.pdb,exact_sequence_match,True
P47914,/data/ranran/my_ptm/croton/data/structure_pipeline/pdb/P47914.pdb,exact_sequence_match,True
P47985,,missing_pdb,False
P48047,/data/ranran/my_ptm/croton/data/structure_pipeline/pdb/P48047.pdb,exact_sequence_match,True
P48307,,missing_pdb,False
P48444,/data/ranran/my_ptm/croton/data/structure_pipeline/pdb/P48444.pdb,exact_sequence_match,True
P48449,/data/ranran/my_ptm/croton/data/structure_pipeline/pdb/P48449.pdb,exact_sequence_match,True
P48509,/data/ranran/my_ptm/croton/data/structure_pipeline/pdb/P48509.pdb,exact_sequence_match,True
P48556,/data/ranran/my_ptm/croton/data/structure_pipeline/pdb/P48556.pdb,exact_sequence_match,True
P48634,/data/ranran/my_ptm/croton/data/structure_pipeline/pdb/P48634.pdb,exact_sequence_match,True
P48637,/data/ranran/my_ptm/croton/data/structure_pipeline/pdb/P48637.pdb,exact_sequence_match,True
P48651,/data/ranran/my_ptm/croton/data/structure_pipeline/pdb/P48651.pdb,exact_sequence_match,True
P48723,/data/ranran/my_ptm/croton/data/structure_pipeline/pdb/P48723.pdb,exact_sequence_match,True
P48729,/data/ranran/my_ptm/croton/data/structure_pipeline/pdb/P48729.pdb,exact_sequence_match,True
P48735,/data/ranran/my_ptm/croton/data/structure_pipeline/pdb/P48735.pdb,exact_sequence_match,True
P48739,/data/ranran/my_ptm/croton/data/structure_pipeline/pdb/P48739.pdb,exact_sequence_match,True
P48960,/data/ranran/my_ptm/croton/data/structure_pipeline/pdb/P48960.pdb,exact_sequence_match,True
P49207,/data/ranran/my_ptm/croton/data/structure_pipeline/pdb/P49207.pdb,exact_sequence_match,True
P49257,/data/ranran/my_ptm/croton/data/structure_pipeline/pdb/P49257.pdb,exact_sequence_match,True
P49321,/data/ranran/my_ptm/croton/data/structure_pipeline/pdb/P49321.pdb,exact_sequence_match,True
P49327,/data/ranran/my_ptm/croton/data/structure_pipeline/pdb/P49327.pdb,exact_sequence_match,True
P49406,,missing_pdb,False
P49411,/data/ranran/my_ptm/croton/data/structure_pipeline/pdb/P49411.pdb;/data/ranran/my_ptm/croton/data/structure_pipeline/pdb/AF-P49411-F1-model_v6.pdb,sequence_mismatch,False
P49419,/data/ranran/my_ptm/croton/data/structure_pipeline/pdb/P49419.pdb,exact_sequence_match,True
P49458,/data/ranran/my_ptm/croton/data/structure_pipeline/pdb/P49458.pdb,exact_sequence_match,True
P49585,/data/ranran/my_ptm/croton/data/structure_pipeline/pdb/P49585.pdb,exact_sequence_match,True
P49588,,missing_pdb,False
P49589,/data/ranran/my_ptm/croton/data/structure_pipeline/pdb/P49589.pdb,exact_sequence_match,True
P49720,/data/ranran/my_ptm/croton/data/structure_pipeline/pdb/P49720.pdb,exact_sequence_match,True
P49721,/data/ranran/my_ptm/croton/data/structure_pipeline/pdb/P49721.pdb,exact_sequence_match,True
P49736,/data/ranran/my_ptm/croton/data/structure_pipeline/pdb/P49736.pdb,exact_sequence_match,True
P49748,/data/ranran/my_ptm/croton/data/structure_pipeline/pdb/P49748.pdb,exact_sequence_match,True
P49750,/data/ranran/my_ptm/croton/data/structure_pipeline/pdb/P49750.pdb,exact_sequence_match,True
P49755,/data/ranran/my_ptm/croton/data/structure_pipeline/pdb/P49755.pdb,exact_sequence_match,True
P49756,/data/ranran/my_ptm/croton/data/structure_pipeline/pdb/P49756.pdb,exact_sequence_match,True
P49773,/data/ranran/my_ptm/croton/data/structure_pipeline/pdb/P49773.pdb,exact_sequence_match,True
P49790,/data/ranran/my_ptm/croton/data/structure_pipeline/pdb/P49790.pdb,exact_sequence_match,True
P49792,,missing_pdb,False
P49821,/data/ranran/my_ptm/croton/data/structure_pipeline/pdb/P49821.pdb,exact_sequence_match,True
P49840,,missing_pdb,False
P49903,/data/ranran/my_ptm/croton/data/structure_pipeline/pdb/P49903.pdb,exact_sequence_match,True
P49914,/data/ranran/my_ptm/croton/data/structure_pipeline/pdb/P49914.pdb,exact_sequence_match,True
P49915,/data/ranran/my_ptm/croton/data/structure_pipeline/pdb/P49915.pdb,exact_sequence_match,True
P50238,,missing_pdb,False
P50395,,missing_pdb,False
P50402,/data/ranran/my_ptm/croton/data/structure_pipeline/pdb/P50402.pdb,exact_sequence_match,True
P50416,/data/ranran/my_ptm/croton/data/structure_pipeline/pdb/P50416.pdb,exact_sequence_match,True
P50454,/data/ranran/my_ptm/croton/data/structure_pipeline/pdb/P50454.pdb,exact_sequence_match,True
P50613,,missing_pdb,False
P50914,/data/ranran/my_ptm/croton/data/structure_pipeline/pdb/P50914.pdb,exact_sequence_match,True
P50990,/data/ranran/my_ptm/croton/data/structure_pipeline/pdb/P50990.pdb,exact_sequence_match,True
P50995,/data/ranran/my_ptm/croton/data/structure_pipeline/pdb/P50995.pdb,exact_sequence_match,True
P51003,/data/ranran/my_ptm/croton/data/structure_pipeline/pdb/P51003.pdb,exact_sequence_match,True
P51114,,missing_pdb,False
P51398,/data/ranran/my_ptm/croton/data/structure_pipeline/pdb/P51398.pdb,exact_sequence_match,True
P51572,/data/ranran/my_ptm/croton/data/structure_pipeline/pdb/P51572.pdb,exact_sequence_match,True
P51580,/data/ranran/my_ptm/croton/data/structure_pipeline/pdb/P51580.pdb,exact_sequence_match,True
P51608,,missing_pdb,False
P51648,/data/ranran/my_ptm/croton/data/structure_pipeline/pdb/P51648.pdb,exact_sequence_match,True
P51649,/data/ranran/my_ptm/croton/data/structure_pipeline/pdb/P51649.pdb,exact_sequence_match,True
P51659,/data/ranran/my_ptm/croton/data/structure_pipeline/pdb/P51659.pdb,exact_sequence_match,True
P51665,/data/ranran/my_ptm/croton/data/structure_pipeline/pdb/P51665.pdb,exact_sequence_match,True
P51795,,missing_pdb,False
P51809,/data/ranran/my_ptm/croton/data/structure_pipeline/pdb/P51809.pdb,exact_sequence_match,True
P51858,,missing_pdb,False
P51946,,missing_pdb,False
P51970,/data/ranran/my_ptm/croton/data/structure_pipeline/pdb/P51970.pdb,exact_sequence_match,True
P51991,/data/ranran/my_ptm/croton/data/structure_pipeline/pdb/P51991.pdb,exact_sequence_match,True
P52209,/data/ranran/my_ptm/croton/data/structure_pipeline/pdb/P52209.pdb,exact_sequence_match,True
P52272,/data/ranran/my_ptm/croton/data/structure_pipeline/pdb/P52272.pdb,exact_sequence_match,True
P52294,/data/ranran/my_ptm/croton/data/structure_pipeline/pdb/P52294.pdb,exact_sequence_match,True
P52565,/data/ranran/my_ptm/croton/data/structure_pipeline/pdb/P52565.pdb,exact_sequence_match,True
P52701,/data/ranran/my_ptm/croton/data/structure_pipeline/pdb/P52701.pdb,exact_sequence_match,True
P52788,/data/ranran/my_ptm/croton/data/structure_pipeline/pdb/P52788.pdb,exact_sequence_match,True
P52815,/data/ranran/my_ptm/croton/data/structure_pipeline/pdb/P52815.pdb,exact_sequence_match,True
P52948,/data/ranran/my_ptm/croton/data/structure_pipeline/pdb/P52948.pdb,exact_sequence_match,True
P53004,/data/ranran/my_ptm/croton/data/structure_pipeline/pdb/P53004.pdb,exact_sequence_match,True
P53007,/data/ranran/my_ptm/croton/data/structure_pipeline/pdb/P53007.pdb,exact_sequence_match,True
P53041,/data/ranran/my_ptm/croton/data/structure_pipeline/pdb/P53041.pdb,exact_sequence_match,True
P53367,/data/ranran/my_ptm/croton/data/structure_pipeline/pdb/P53367.pdb,exact_sequence_match,True
P53396,/data/ranran/my_ptm/croton/data/structure_pipeline/pdb/P53396.pdb,exact_sequence_match,True
P53597,/data/ranran/my_ptm/croton/data/structure_pipeline/pdb/P53597.pdb,exact_sequence_match,True
P53618,/data/ranran/my_ptm/croton/data/structure_pipeline/pdb/P53618.pdb,exact_sequence_match,True
P53621,/data/ranran/my_ptm/croton/data/structure_pipeline/pdb/P53621.pdb,exact_sequence_match,True
P53701,/data/ranran/my_ptm/croton/data/structure_pipeline/pdb/P53701.pdb,exact_sequence_match,True
P53804,/data/ranran/my_ptm/croton/data/structure_pipeline/pdb/P53804.pdb,exact_sequence_match,True
P53985,/data/ranran/my_ptm/croton/data/structure_pipeline/pdb/P53985.pdb,exact_sequence_match,True
P53990,/data/ranran/my_ptm/croton/data/structure_pipeline/pdb/P53990.pdb,exact_sequence_match,True
P53992,/data/ranran/my_ptm/croton/data/structure_pipeline/pdb/P53992.pdb,exact_sequence_match,True
P53999,/data/ranran/my_ptm/croton/data/structure_pipeline/pdb/P53999.pdb,exact_sequence_match,True
P54136,/data/ranran/my_ptm/croton/data/structure_pipeline/pdb/P54136.pdb,exact_sequence_match,True
P54577,/data/ranran/my_ptm/croton/data/structure_pipeline/pdb/P54577.pdb,exact_sequence_match,True
P54578,/data/ranran/my_ptm/croton/data/structure_pipeline/pdb/P54578.pdb,exact_sequence_match,True
P54727,/data/ranran/my_ptm/croton/data/structure_pipeline/pdb/P54727.pdb,exact_sequence_match,True
P54819,/data/ranran/my_ptm/croton/data/structure_pipeline/pdb/P54819.pdb,exact_sequence_match,True
P54886,/data/ranran/my_ptm/croton/data/structure_pipeline/pdb/P54886.pdb,exact_sequence_match,True
P54920,/data/ranran/my_ptm/croton/data/structure_pipeline/pdb/P54920.pdb,exact_sequence_match,True
P55010,/data/ranran/my_ptm/croton/data/structure_pipeline/pdb/P55010.pdb,exact_sequence_match,True
P55011,/data/ranran/my_ptm/croton/data/structure_pipeline/pdb/P55011.pdb,exact_sequence_match,True
P55036,,missing_pdb,False
P55060,/data/ranran/my_ptm/croton/data/structure_pipeline/pdb/P55060.pdb,exact_sequence_match,True
P55061,,missing_pdb,False
P55072,/data/ranran/my_ptm/croton/data/structure_pipeline/pdb/P55072.pdb,exact_sequence_match,True
P55084,/data/ranran/my_ptm/croton/data/structure_pipeline/pdb/P55084.pdb,exact_sequence_match,True
P55145,/data/ranran/my_ptm/croton/data/structure_pipeline/pdb/P55145.pdb,exact_sequence_match,True
P55209,/data/ranran/my_ptm/croton/data/structure_pipeline/pdb/P55209.pdb,exact_sequence_match,True
P55263,/data/ranran/my_ptm/croton/data/structure_pipeline/pdb/P55263.pdb,exact_sequence_match,True
P55265,/data/ranran/my_ptm/croton/data/structure_pipeline/pdb/P55265.pdb,exact_sequence_match,True
P55327,/data/ranran/my_ptm/croton/data/structure_pipeline/pdb/P55327.pdb,exact_sequence_match,True
P55735,/data/ranran/my_ptm/croton/data/structure_pipeline/pdb/P55735.pdb,exact_sequence_match,True
P55769,/data/ranran/my_ptm/croton/data/structure_pipeline/pdb/P55769.pdb,exact_sequence_match,True
P55884,/data/ranran/my_ptm/croton/data/structure_pipeline/pdb/P55884.pdb,exact_sequence_match,True
P56192,/data/ranran/my_ptm/croton/data/structure_pipeline/pdb/P56192.pdb,exact_sequence_match,True
P56378,/data/ranran/my_ptm/croton/data/structure_pipeline/pdb/P56378.pdb,exact_sequence_match,True
P56381,,missing_pdb,False
P56385,/data/ranran/my_ptm/croton/data/structure_pipeline/pdb/P56385.pdb,exact_sequence_match,True
P57088,,missing_pdb,False
P58546,/data/ranran/my_ptm/croton/data/structure_pipeline/pdb/P58546.pdb,exact_sequence_match,True
P59998,/data/ranran/my_ptm/croton/data/structure_pipeline/pdb/P59998.pdb,exact_sequence_match,True
P60174,,missing_pdb,False
P60228,/data/ranran/my_ptm/croton/data/structure_pipeline/pdb/P60228.pdb,exact_sequence_match,True
P60604,,missing_pdb,False
P60842,,missing_pdb,False
P60866,/data/ranran/my_ptm/croton/data/structure_pipeline/pdb/P60866.pdb,exact_sequence_match,True
P60983,/data/ranran/my_ptm/croton/data/structure_pipeline/pdb/P60983.pdb,exact_sequence_match,True
P61009,/data/ranran/my_ptm/croton/data/structure_pipeline/pdb/P61009.pdb,exact_sequence_match,True
P61011,/data/ranran/my_ptm/croton/data/structure_pipeline/pdb/P61011.pdb,exact_sequence_match,True
P61024,,missing_pdb,False
P61081,/data/ranran/my_ptm/croton/data/structure_pipeline/pdb/P61081.pdb,exact_sequence_match,True
P61158,/data/ranran/my_ptm/croton/data/structure_pipeline/pdb/P61158.pdb,exact_sequence_match,True
P61201,/data/ranran/my_ptm/croton/data/structure_pipeline/pdb/P61201.pdb,exact_sequence_match,True
P61218,,missing_pdb,False
P61221,/data/ranran/my_ptm/croton/data/structure_pipeline/pdb/P61221.pdb,exact_sequence_match,True
P61224,,missing_pdb,False
P61247,/data/ranran/my_ptm/croton/data/structure_pipeline/pdb/P61247.pdb,exact_sequence_match,True
P61254,/data/ranran/my_ptm/croton/data/structure_pipeline/pdb/P61254.pdb,exact_sequence_match,True
P61289,/data/ranran/my_ptm/croton/data/structure_pipeline/pdb/P61289.pdb,exact_sequence_match,True
P61313,/data/ranran/my_ptm/croton/data/structure_pipeline/pdb/P61313.pdb,exact_sequence_match,True
P61326,,missing_pdb,False
P61353,/data/ranran/my_ptm/croton/data/structure_pipeline/pdb/P61353.pdb,exact_sequence_match,True
P61421,/data/ranran/my_ptm/croton/data/structure_pipeline/pdb/P61421.pdb,exact_sequence_match,True
P61457,/data/ranran/my_ptm/croton/data/structure_pipeline/pdb/P61457.pdb,exact_sequence_match,True
P61513,,missing_pdb,False
P61604,/data/ranran/my_ptm/croton/data/structure_pipeline/pdb/P61604.pdb,exact_sequence_match,True
P61758,/data/ranran/my_ptm/croton/data/structure_pipeline/pdb/P61758.pdb,exact_sequence_match,True
P61764,/data/ranran/my_ptm/croton/data/structure_pipeline/pdb/P61764.pdb,exact_sequence_match,True
P61769,/data/ranran/my_ptm/croton/data/structure_pipeline/pdb/P61769.pdb,exact_sequence_match,True
P61916,/data/ranran/my_ptm/croton/data/structure_pipeline/pdb/P61916.pdb,exact_sequence_match,True
P61923,/data/ranran/my_ptm/croton/data/structure_pipeline/pdb/P61923.pdb,exact_sequence_match,True
P61927,/data/ranran/my_ptm/croton/data/structure_pipeline/pdb/P61927.pdb,exact_sequence_match,True
P61956,,missing_pdb,False
P61964,/data/ranran/my_ptm/croton/data/structure_pipeline/pdb/P61964.pdb,exact_sequence_match,True
P61966,/data/ranran/my_ptm/croton/data/structure_pipeline/pdb/P61966.pdb,exact_sequence_match,True
P61978,/data/ranran/my_ptm/croton/data/structure_pipeline/pdb/P61978.pdb,exact_sequence_match,True
P62081,/data/ranran/my_ptm/croton/data/structure_pipeline/pdb/P62081.pdb,exact_sequence_match,True
P62136,/data/ranran/my_ptm/croton/data/structure_pipeline/pdb/P62136.pdb,exact_sequence_match,True
P62191,/data/ranran/my_ptm/croton/data/structure_pipeline/pdb/P62191.pdb,exact_sequence_match,True
P62241,/data/ranran/my_ptm/croton/data/structure_pipeline/pdb/P62241.pdb,exact_sequence_match,True
P62244,/data/ranran/my_ptm/croton/data/structure_pipeline/pdb/P62244.pdb,exact_sequence_match,True
P62249,/data/ranran/my_ptm/croton/data/structure_pipeline/pdb/P62249.pdb,exact_sequence_match,True
P62258,/data/ranran/my_ptm/croton/data/structure_pipeline/pdb/P62258.pdb,exact_sequence_match,True
P62263,/data/ranran/my_ptm/croton/data/structure_pipeline/pdb/P62263.pdb,exact_sequence_match,True
P62266,/data/ranran/my_ptm/croton/data/structure_pipeline/pdb/P62266.pdb,exact_sequence_match,True
P62269,/data/ranran/my_ptm/croton/data/structure_pipeline/pdb/P62269.pdb,exact_sequence_match,True
P62273,/data/ranran/my_ptm/croton/data/structure_pipeline/pdb/P62273.pdb,exact_sequence_match,True
P62277,/data/ranran/my_ptm/croton/data/structure_pipeline/pdb/P62277.pdb,exact_sequence_match,True
P62280,/data/ranran/my_ptm/croton/data/structure_pipeline/pdb/P62280.pdb,exact_sequence_match,True
P62304,/data/ranran/my_ptm/croton/data/structure_pipeline/pdb/P62304.pdb,exact_sequence_match,True
P62308,,missing_pdb,False
P62312,,missing_pdb,False
P62316,/data/ranran/my_ptm/croton/data/structure_pipeline/pdb/P62316.pdb,exact_sequence_match,True
P62318,/data/ranran/my_ptm/croton/data/structure_pipeline/pdb/P62318.pdb,exact_sequence_match,True
P62328,,missing_pdb,False
P62424,/data/ranran/my_ptm/croton/data/structure_pipeline/pdb/P62424.pdb,exact_sequence_match,True
P62495,/data/ranran/my_ptm/croton/data/structure_pipeline/pdb/P62495.pdb,exact_sequence_match,True
P62633,/data/ranran/my_ptm/croton/data/structure_pipeline/pdb/P62633.pdb,exact_sequence_match,True
P62701,,missing_pdb,False
P62750,/data/ranran/my_ptm/croton/data/structure_pipeline/pdb/P62750.pdb,exact_sequence_match,True
P62753,/data/ranran/my_ptm/croton/data/structure_pipeline/pdb/P62753.pdb,exact_sequence_match,True
P62805,/data/ranran/my_ptm/croton/data/structure_pipeline/pdb/P62805.pdb,exact_sequence_match,True
P62826,/data/ranran/my_ptm/croton/data/structure_pipeline/pdb/P62826.pdb,exact_sequence_match,True
P62829,/data/ranran/my_ptm/croton/data/structure_pipeline/pdb/P62829.pdb,exact_sequence_match,True
P62841,/data/ranran/my_ptm/croton/data/structure_pipeline/pdb/P62841.pdb,exact_sequence_match,True
P62847,/data/ranran/my_ptm/croton/data/structure_pipeline/pdb/P62847.pdb,exact_sequence_match,True
P62851,/data/ranran/my_ptm/croton/data/structure_pipeline/pdb/P62851.pdb,exact_sequence_match,True
P62854,/data/ranran/my_ptm/croton/data/structure_pipeline/pdb/P62854.pdb,exact_sequence_match,True
P62857,/data/ranran/my_ptm/croton/data/structure_pipeline/pdb/P62857.pdb,exact_sequence_match,True
P62888,/data/ranran/my_ptm/croton/data/structure_pipeline/pdb/P62888.pdb,exact_sequence_match,True
P62891,/data/ranran/my_ptm/croton/data/structure_pipeline/pdb/P62891.pdb,exact_sequence_match,True
P62899,/data/ranran/my_ptm/croton/data/structure_pipeline/pdb/P62899.pdb,exact_sequence_match,True
P62906,/data/ranran/my_ptm/croton/data/structure_pipeline/pdb/P62906.pdb,exact_sequence_match,True
P62910,/data/ranran/my_ptm/croton/data/structure_pipeline/pdb/P62910.pdb,exact_sequence_match,True
P62913,/data/ranran/my_ptm/croton/data/structure_pipeline/pdb/P62913.pdb,exact_sequence_match,True
P62917,/data/ranran/my_ptm/croton/data/structure_pipeline/pdb/P62917.pdb,exact_sequence_match,True
P62937,,missing_pdb,False
P62942,,missing_pdb,False
P62979,,missing_pdb,False
P62993,/data/ranran/my_ptm/croton/data/structure_pipeline/pdb/P62993.pdb,exact_sequence_match,True
P62995,,missing_pdb,False
P63092,,missing_pdb,False
P63151,,missing_pdb,False
P63162,,missing_pdb,False
P63165,,missing_pdb,False
P63167,/data/ranran/my_ptm/croton/data/structure_pipeline/pdb/P63167.pdb,exact_sequence_match,True
P63173,/data/ranran/my_ptm/croton/data/structure_pipeline/pdb/P63173.pdb,exact_sequence_match,True
P63218,,missing_pdb,False
P63220,/data/ranran/my_ptm/croton/data/structure_pipeline/pdb/P63220.pdb,exact_sequence_match,True
P63241,/data/ranran/my_ptm/croton/data/structure_pipeline/pdb/P63241.pdb,exact_sequence_match,True
P63244,/data/ranran/my_ptm/croton/data/structure_pipeline/pdb/P63244.pdb,exact_sequence_match,True
P68036,,missing_pdb,False
P68363,,missing_pdb,False
P68400,/data/ranran/my_ptm/croton/data/structure_pipeline/pdb/P68400.pdb,exact_sequence_match,True
P78312,,missing_pdb,False
P78344,/data/ranran/my_ptm/croton/data/structure_pipeline/pdb/P78344.pdb,exact_sequence_match,True
P78347,/data/ranran/my_ptm/croton/data/structure_pipeline/pdb/P78347.pdb,exact_sequence_match,True
P78406,/data/ranran/my_ptm/croton/data/structure_pipeline/pdb/P78406.pdb,exact_sequence_match,True
P78417,/data/ranran/my_ptm/croton/data/structure_pipeline/pdb/P78417.pdb,exact_sequence_match,True
P78527,,missing_pdb,False
P80188,,missing_pdb,False
P80723,/data/ranran/my_ptm/croton/data/structure_pipeline/pdb/P80723.pdb,exact_sequence_match,True
P82664,,missing_pdb,False
P82673,/data/ranran/my_ptm/croton/data/structure_pipeline/pdb/P82673.pdb,exact_sequence_match,True
P82675,/data/ranran/my_ptm/croton/data/structure_pipeline/pdb/P82675.pdb,exact_sequence_match,True
P82914,/data/ranran/my_ptm/croton/data/structure_pipeline/pdb/P82914.pdb,exact_sequence_match,True
P82930,,missing_pdb,False
P82932,,missing_pdb,False
P82933,/data/ranran/my_ptm/croton/data/structure_pipeline/pdb/P82933.pdb,exact_sequence_match,True
P82979,/data/ranran/my_ptm/croton/data/structure_pipeline/pdb/P82979.pdb,exact_sequence_match,True
P83111,/data/ranran/my_ptm/croton/data/structure_pipeline/pdb/P83111.pdb,exact_sequence_match,True
P83731,/data/ranran/my_ptm/croton/data/structure_pipeline/pdb/P83731.pdb,exact_sequence_match,True
P83881,/data/ranran/my_ptm/croton/data/structure_pipeline/pdb/P83881.pdb,exact_sequence_match,True
P84090,/data/ranran/my_ptm/croton/data/structure_pipeline/pdb/P84090.pdb,exact_sequence_match,True
P84098,/data/ranran/my_ptm/croton/data/structure_pipeline/pdb/P84098.pdb,exact_sequence_match,True
P84103,,missing_pdb,False
P98175,/data/ranran/my_ptm/croton/data/structure_pipeline/pdb/P98175.pdb,exact_sequence_match,True
P98179,,missing_pdb,False
P99999,/data/ranran/my_ptm/croton/data/structure_pipeline/pdb/P99999.pdb,exact_sequence_match,True
Q00059,/data/ranran/my_ptm/croton/data/structure_pipeline/pdb/Q00059.pdb,exact_sequence_match,True
Q00325,/data/ranran/my_ptm/croton/data/structure_pipeline/pdb/Q00325.pdb,exact_sequence_match,True
Q00341,/data/ranran/my_ptm/croton/data/structure_pipeline/pdb/Q00341.pdb;/data/ranran/my_ptm/croton/data/structure_pipeline/pdb/AF-Q00341-F1-model_v6.pdb,sequence_mismatch,False
Q00610,/data/ranran/my_ptm/croton/data/structure_pipeline/pdb/Q00610.pdb,exact_sequence_match,True
Q00688,/data/ranran/my_ptm/croton/data/structure_pipeline/pdb/Q00688.pdb,exact_sequence_match,True
Q00765,/data/ranran/my_ptm/croton/data/structure_pipeline/pdb/Q00765.pdb,exact_sequence_match,True
Q00796,/data/ranran/my_ptm/croton/data/structure_pipeline/pdb/Q00796.pdb,exact_sequence_match,True
Q01081,/data/ranran/my_ptm/croton/data/structure_pipeline/pdb/Q01081.pdb,exact_sequence_match,True
Q01082,,missing_pdb,False
Q01085,,missing_pdb,False
Q01105,/data/ranran/my_ptm/croton/data/structure_pipeline/pdb/Q01105.pdb,exact_sequence_match,True
Q01130,,missing_pdb,False
Q01469,/data/ranran/my_ptm/croton/data/structure_pipeline/pdb/Q01469.pdb,exact_sequence_match,True
Q01518,,missing_pdb,False
Q01581,/data/ranran/my_ptm/croton/data/structure_pipeline/pdb/Q01581.pdb,exact_sequence_match,True
Q01650,/data/ranran/my_ptm/croton/data/structure_pipeline/pdb/Q01650.pdb,exact_sequence_match,True
Q01813,/data/ranran/my_ptm/croton/data/structure_pipeline/pdb/Q01813.pdb,exact_sequence_match,True
Q01831,/data/ranran/my_ptm/croton/data/structure_pipeline/pdb/Q01831.pdb,exact_sequence_match,True
Q01844,/data/ranran/my_ptm/croton/data/structure_pipeline/pdb/Q01844.pdb,exact_sequence_match,True
Q01970,/data/ranran/my_ptm/croton/data/structure_pipeline/pdb/Q01970.pdb,exact_sequence_match,True
Q02127,/data/ranran/my_ptm/croton/data/structure_pipeline/pdb/Q02127.pdb,exact_sequence_match,True
Q02218,/data/ranran/my_ptm/croton/data/structure_pipeline/pdb/Q02218.pdb,exact_sequence_match,True
Q02241,/data/ranran/my_ptm/croton/data/structure_pipeline/pdb/Q02241.pdb,exact_sequence_match,True
Q02252,/data/ranran/my_ptm/croton/data/structure_pipeline/pdb/Q02252.pdb,exact_sequence_match,True
Q02543,/data/ranran/my_ptm/croton/data/structure_pipeline/pdb/Q02543.pdb,exact_sequence_match,True
Q02790,/data/ranran/my_ptm/croton/data/structure_pipeline/pdb/Q02790.pdb,exact_sequence_match,True
Q02818,/data/ranran/my_ptm/croton/data/structure_pipeline/pdb/Q02818.pdb,exact_sequence_match,True
Q02878,/data/ranran/my_ptm/croton/data/structure_pipeline/pdb/Q02878.pdb,exact_sequence_match,True
Q02880,/data/ranran/my_ptm/croton/data/structure_pipeline/pdb/Q02880.pdb,exact_sequence_match,True
Q02952,,missing_pdb,False
Q03001,,missing_pdb,False
Q03135,/data/ranran/my_ptm/croton/data/structure_pipeline/pdb/Q03135.pdb,exact_sequence_match,True
Q03169,,missing_pdb,False
Q03701,/data/ranran/my_ptm/croton/data/structure_pipeline/pdb/Q03701.pdb,exact_sequence_match,True
Q04446,/data/ranran/my_ptm/croton/data/structure_pipeline/pdb/Q04446.pdb,exact_sequence_match,True
Q04637,/data/ranran/my_ptm/croton/data/structure_pipeline/pdb/Q04637.pdb,exact_sequence_match,True
Q04725,,missing_pdb,False
Q04760,/data/ranran/my_ptm/croton/data/structure_pipeline/pdb/Q04760.pdb,exact_sequence_match,True
Q04837,/data/ranran/my_ptm/croton/data/structure_pipeline/pdb/Q04837.pdb,exact_sequence_match,True
Q05193,,missing_pdb,False
Q05519,/data/ranran/my_ptm/croton/data/structure_pipeline/pdb/Q05519.pdb,exact_sequence_match,True
Q05682,/data/ranran/my_ptm/croton/data/structure_pipeline/pdb/Q05682.pdb,exact_sequence_match,True
Q06203,/data/ranran/my_ptm/croton/data/structure_pipeline/pdb/Q06203.pdb,exact_sequence_match,True
Q06210,/data/ranran/my_ptm/croton/data/structure_pipeline/pdb/Q06210.pdb,exact_sequence_match,True
Q06547,/data/ranran/my_ptm/croton/data/structure_pipeline/pdb/Q06547.pdb,exact_sequence_match,True
Q07020,/data/ranran/my_ptm/croton/data/structure_pipeline/pdb/Q07020.pdb,exact_sequence_match,True
Q07021,/data/ranran/my_ptm/croton/data/structure_pipeline/pdb/Q07021.pdb,exact_sequence_match,True
Q07065,/data/ranran/my_ptm/croton/data/structure_pipeline/pdb/Q07065.pdb,exact_sequence_match,True
Q07157,/data/ranran/my_ptm/croton/data/structure_pipeline/pdb/Q07157.pdb,exact_sequence_match,True
Q07666,/data/ranran/my_ptm/croton/data/structure_pipeline/pdb/Q07666.pdb,exact_sequence_match,True
Q07866,,missing_pdb,False
Q07960,/data/ranran/my_ptm/croton/data/structure_pipeline/pdb/Q07960.pdb,exact_sequence_match,True
Q07973,,missing_pdb,False
Q08211,/data/ranran/my_ptm/croton/data/structure_pipeline/pdb/Q08211.pdb,exact_sequence_match,True
Q08378,/data/ranran/my_ptm/croton/data/structure_pipeline/pdb/Q08378.pdb,exact_sequence_match,True
Q08379,/data/ranran/my_ptm/croton/data/structure_pipeline/pdb/Q08379.pdb,exact_sequence_match,True
Q08380,,missing_pdb,False
Q08752,/data/ranran/my_ptm/croton/data/structure_pipeline/pdb/Q08752.pdb,exact_sequence_match,True
Q08945,/data/ranran/my_ptm/croton/data/structure_pipeline/pdb/Q08945.pdb,exact_sequence_match,True
Q08J23,/data/ranran/my_ptm/croton/data/structure_pipeline/pdb/Q08J23.pdb,exact_sequence_match,True
Q09161,/data/ranran/my_ptm/croton/data/structure_pipeline/pdb/Q09161.pdb,exact_sequence_match,True
Q09666,,missing_pdb,False
Q09MP3,,missing_pdb,False
Q0JRZ9,/data/ranran/my_ptm/croton/data/structure_pipeline/pdb/Q0JRZ9.pdb,exact_sequence_match,True
Q0VGL1,,missing_pdb,False
Q0ZGT2,,missing_pdb,False
Q10567,/data/ranran/my_ptm/croton/data/structure_pipeline/pdb/Q10567.pdb;/data/ranran/my_ptm/croton/data/structure_pipeline/pdb/AF-Q10567-F1-model_v6.pdb,sequence_mismatch,False
Q10713,/data/ranran/my_ptm/croton/data/structure_pipeline/pdb/Q10713.pdb,exact_sequence_match,True
Q12792,/data/ranran/my_ptm/croton/data/structure_pipeline/pdb/Q12792.pdb,exact_sequence_match,True
Q12797,/data/ranran/my_ptm/croton/data/structure_pipeline/pdb/Q12797.pdb,exact_sequence_match,True
Q12798,,missing_pdb,False
Q12802,,missing_pdb,False
Q12824,,missing_pdb,False
Q12840,/data/ranran/my_ptm/croton/data/structure_pipeline/pdb/Q12840.pdb,exact_sequence_match,True
Q12849,/data/ranran/my_ptm/croton/data/structure_pipeline/pdb/Q12849.pdb,exact_sequence_match,True
Q12860,,missing_pdb,False
Q12874,/data/ranran/my_ptm/croton/data/structure_pipeline/pdb/Q12874.pdb,exact_sequence_match,True
Q12904,/data/ranran/my_ptm/croton/data/structure_pipeline/pdb/Q12904.pdb,exact_sequence_match,True
Q12905,/data/ranran/my_ptm/croton/data/structure_pipeline/pdb/Q12905.pdb,exact_sequence_match,True
Q12906,/data/ranran/my_ptm/croton/data/structure_pipeline/pdb/Q12906.pdb,exact_sequence_match,True
Q12907,/data/ranran/my_ptm/croton/data/structure_pipeline/pdb/Q12907.pdb,exact_sequence_match,True
Q12929,/data/ranran/my_ptm/croton/data/structure_pipeline/pdb/Q12929.pdb,exact_sequence_match,True
Q12933,/data/ranran/my_ptm/croton/data/structure_pipeline/pdb/Q12933.pdb,exact_sequence_match,True
Q12965,/data/ranran/my_ptm/croton/data/structure_pipeline/pdb/Q12965.pdb,exact_sequence_match,True
Q12972,/data/ranran/my_ptm/croton/data/structure_pipeline/pdb/Q12972.pdb,exact_sequence_match,True
Q12996,/data/ranran/my_ptm/croton/data/structure_pipeline/pdb/Q12996.pdb,exact_sequence_match,True
Q13011,/data/ranran/my_ptm/croton/data/structure_pipeline/pdb/Q13011.pdb,exact_sequence_match,True
Q13045,/data/ranran/my_ptm/croton/data/structure_pipeline/pdb/Q13045.pdb,exact_sequence_match,True
Q13057,/data/ranran/my_ptm/croton/data/structure_pipeline/pdb/Q13057.pdb,exact_sequence_match,True
Q13084,/data/ranran/my_ptm/croton/data/structure_pipeline/pdb/Q13084.pdb,exact_sequence_match,True
Q13085,,missing_pdb,False
Q13098,/data/ranran/my_ptm/croton/data/structure_pipeline/pdb/Q13098.pdb,exact_sequence_match,True
Q13123,/data/ranran/my_ptm/croton/data/structure_pipeline/pdb/Q13123.pdb,exact_sequence_match,True
Q13136,,missing_pdb,False
Q13137,/data/ranran/my_ptm/croton/data/structure_pipeline/pdb/Q13137.pdb,exact_sequence_match,True
Q13148,/data/ranran/my_ptm/croton/data/structure_pipeline/pdb/Q13148.pdb,exact_sequence_match,True
Q13162,/data/ranran/my_ptm/croton/data/structure_pipeline/pdb/Q13162.pdb,exact_sequence_match,True
Q13177,/data/ranran/my_ptm/croton/data/structure_pipeline/pdb/Q13177.pdb,exact_sequence_match,True
Q13190,,missing_pdb,False
Q13200,/data/ranran/my_ptm/croton/data/structure_pipeline/pdb/Q13200.pdb,exact_sequence_match,True
Q13206,/data/ranran/my_ptm/croton/data/structure_pipeline/pdb/Q13206.pdb,exact_sequence_match,True
Q13217,/data/ranran/my_ptm/croton/data/structure_pipeline/pdb/Q13217.pdb,exact_sequence_match,True
Q13227,/data/ranran/my_ptm/croton/data/structure_pipeline/pdb/Q13227.pdb,exact_sequence_match,True
Q13243,,missing_pdb,False
Q13247,,missing_pdb,False
Q13263,/data/ranran/my_ptm/croton/data/structure_pipeline/pdb/Q13263.pdb,exact_sequence_match,True
Q13268,,missing_pdb,False
Q13277,,missing_pdb,False
Q13283,,missing_pdb,False
Q13285,,missing_pdb,False
Q13310,/data/ranran/my_ptm/croton/data/structure_pipeline/pdb/Q13310.pdb,exact_sequence_match,True
Q13347,/data/ranran/my_ptm/croton/data/structure_pipeline/pdb/Q13347.pdb,exact_sequence_match,True
Q13405,/data/ranran/my_ptm/croton/data/structure_pipeline/pdb/Q13405.pdb,exact_sequence_match,True
Q13409,/data/ranran/my_ptm/croton/data/structure_pipeline/pdb/Q13409.pdb,exact_sequence_match,True
Q13418,/data/ranran/my_ptm/croton/data/structure_pipeline/pdb/Q13418.pdb,exact_sequence_match,True
Q13423,/data/ranran/my_ptm/croton/data/structure_pipeline/pdb/Q13423.pdb,exact_sequence_match,True
Q13426,,missing_pdb,False
Q13428,/data/ranran/my_ptm/croton/data/structure_pipeline/pdb/Q13428.pdb,exact_sequence_match,True
Q13435,/data/ranran/my_ptm/croton/data/structure_pipeline/pdb/Q13435.pdb,exact_sequence_match,True
Q13438,,missing_pdb,False
Q13439,/data/ranran/my_ptm/croton/data/structure_pipeline/pdb/Q13439.pdb,exact_sequence_match,True
Q13442,/data/ranran/my_ptm/croton/data/structure_pipeline/pdb/Q13442.pdb,exact_sequence_match,True
Q13443,,missing_pdb,False
Q13492,/data/ranran/my_ptm/croton/data/structure_pipeline/pdb/Q13492.pdb,exact_sequence_match,True
Q13501,/data/ranran/my_ptm/croton/data/structure_pipeline/pdb/Q13501.pdb,exact_sequence_match,True
Q13505,,missing_pdb,False
Q13523,/data/ranran/my_ptm/croton/data/structure_pipeline/pdb/Q13523.pdb,exact_sequence_match,True
Q13557,,missing_pdb,False
Q13561,/data/ranran/my_ptm/croton/data/structure_pipeline/pdb/Q13561.pdb,exact_sequence_match,True
Q13573,/data/ranran/my_ptm/croton/data/structure_pipeline/pdb/Q13573.pdb,exact_sequence_match,True
Q13586,/data/ranran/my_ptm/croton/data/structure_pipeline/pdb/Q13586.pdb,exact_sequence_match,True
Q13596,/data/ranran/my_ptm/croton/data/structure_pipeline/pdb/Q13596.pdb,exact_sequence_match,True
Q13601,/data/ranran/my_ptm/croton/data/structure_pipeline/pdb/Q13601.pdb,exact_sequence_match,True
Q13610,/data/ranran/my_ptm/croton/data/structure_pipeline/pdb/Q13610.pdb,exact_sequence_match,True
Q13616,/data/ranran/my_ptm/croton/data/structure_pipeline/pdb/Q13616.pdb,exact_sequence_match,True
Q13620,/data/ranran/my_ptm/croton/data/structure_pipeline/pdb/Q13620.pdb,exact_sequence_match,True
Q13625,,missing_pdb,False
Q13642,/data/ranran/my_ptm/croton/data/structure_pipeline/pdb/Q13642.pdb,exact_sequence_match,True
Q13724,/data/ranran/my_ptm/croton/data/structure_pipeline/pdb/Q13724.pdb,exact_sequence_match,True
Q13740,/data/ranran/my_ptm/croton/data/structure_pipeline/pdb/Q13740.pdb,exact_sequence_match,True
Q13765,,missing_pdb,False
Q13769,,missing_pdb,False
Q13813,/data/ranran/my_ptm/croton/data/structure_pipeline/pdb/Q13813.pdb,exact_sequence_match,True
Q13867,/data/ranran/my_ptm/croton/data/structure_pipeline/pdb/Q13867.pdb,exact_sequence_match,True
Q13868,,missing_pdb,False
Q13895,/data/ranran/my_ptm/croton/data/structure_pipeline/pdb/Q13895.pdb,exact_sequence_match,True
Q13907,/data/ranran/my_ptm/croton/data/structure_pipeline/pdb/Q13907.pdb,exact_sequence_match,True
Q13948,,missing_pdb,False
Q14008,/data/ranran/my_ptm/croton/data/structure_pipeline/pdb/Q14008.pdb,exact_sequence_match,True
Q14019,/data/ranran/my_ptm/croton/data/structure_pipeline/pdb/Q14019.pdb,exact_sequence_match,True
Q14103,,missing_pdb,False
Q14108,/data/ranran/my_ptm/croton/data/structure_pipeline/pdb/Q14108.pdb,exact_sequence_match,True
Q14116,/data/ranran/my_ptm/croton/data/structure_pipeline/pdb/Q14116.pdb,exact_sequence_match,True
Q14118,/data/ranran/my_ptm/croton/data/structure_pipeline/pdb/Q14118.pdb,exact_sequence_match,True
Q14126,/data/ranran/my_ptm/croton/data/structure_pipeline/pdb/Q14126.pdb,exact_sequence_match,True
Q14152,/data/ranran/my_ptm/croton/data/structure_pipeline/pdb/Q14152.pdb,exact_sequence_match,True
Q14157,,missing_pdb,False
Q14160,/data/ranran/my_ptm/croton/data/structure_pipeline/pdb/Q14160.pdb;/data/ranran/my_ptm/croton/data/structure_pipeline/pdb/AF-Q14160-F1-model_v6.pdb,sequence_mismatch,False
Q14165,,missing_pdb,False
Q14192,,missing_pdb,False
Q14203,/data/ranran/my_ptm/croton/data/structure_pipeline/pdb/Q14203.pdb,exact_sequence_match,True
Q14204,,missing_pdb,False
Q14232,/data/ranran/my_ptm/croton/data/structure_pipeline/pdb/Q14232.pdb,exact_sequence_match,True
Q14244,/data/ranran/my_ptm/croton/data/structure_pipeline/pdb/Q14244.pdb,exact_sequence_match,True
Q14247,/data/ranran/my_ptm/croton/data/structure_pipeline/pdb/Q14247.pdb,exact_sequence_match,True
Q14254,/data/ranran/my_ptm/croton/data/structure_pipeline/pdb/Q14254.pdb,exact_sequence_match,True
Q14258,/data/ranran/my_ptm/croton/data/structure_pipeline/pdb/Q14258.pdb,exact_sequence_match,True
Q14320,/data/ranran/my_ptm/croton/data/structure_pipeline/pdb/Q14320.pdb,exact_sequence_match,True
Q14376,/data/ranran/my_ptm/croton/data/structure_pipeline/pdb/Q14376.pdb,exact_sequence_match,True
Q14444,/data/ranran/my_ptm/croton/data/structure_pipeline/pdb/Q14444.pdb,exact_sequence_match,True
Q14498,/data/ranran/my_ptm/croton/data/structure_pipeline/pdb/Q14498.pdb,exact_sequence_match,True
Q14527,/data/ranran/my_ptm/croton/data/structure_pipeline/pdb/Q14527.pdb,exact_sequence_match,True
Q14534,/data/ranran/my_ptm/croton/data/structure_pipeline/pdb/Q14534.pdb,exact_sequence_match,True
Q14554,/data/ranran/my_ptm/croton/data/structure_pipeline/pdb/Q14554.pdb,exact_sequence_match,True
Q14558,,missing_pdb,False
Q14562,/data/ranran/my_ptm/croton/data/structure_pipeline/pdb/Q14562.pdb,exact_sequence_match,True
Q14566,/data/ranran/my_ptm/croton/data/structure_pipeline/pdb/Q14566.pdb,exact_sequence_match,True
Q14573,,missing_pdb,False
Q14671,/data/ranran/my_ptm/croton/data/structure_pipeline/pdb/Q14671.pdb,exact_sequence_match,True
Q14677,/data/ranran/my_ptm/croton/data/structure_pipeline/pdb/Q14677.pdb,exact_sequence_match,True
Q14684,/data/ranran/my_ptm/croton/data/structure_pipeline/pdb/Q14684.pdb,exact_sequence_match,True
Q14690,/data/ranran/my_ptm/croton/data/structure_pipeline/pdb/Q14690.pdb,exact_sequence_match,True
Q14692,/data/ranran/my_ptm/croton/data/structure_pipeline/pdb/Q14692.pdb,exact_sequence_match,True
Q14694,/data/ranran/my_ptm/croton/data/structure_pipeline/pdb/Q14694.pdb,exact_sequence_match,True
Q14696,,missing_pdb,False
Q14697,/data/ranran/my_ptm/croton/data/structure_pipeline/pdb/Q14697.pdb,exact_sequence_match,True
Q14728,,missing_pdb,False
Q14738,/data/ranran/my_ptm/croton/data/structure_pipeline/pdb/Q14738.pdb,exact_sequence_match,True
Q14739,/data/ranran/my_ptm/croton/data/structure_pipeline/pdb/Q14739.pdb,exact_sequence_match,True
Q14764,/data/ranran/my_ptm/croton/data/structure_pipeline/pdb/Q14764.pdb,exact_sequence_match,True
Q14789,,missing_pdb,False
Q14839,,missing_pdb,False
Q14847,/data/ranran/my_ptm/croton/data/structure_pipeline/pdb/Q14847.pdb,exact_sequence_match,True
Q14914,/data/ranran/my_ptm/croton/data/structure_pipeline/pdb/Q14914.pdb,exact_sequence_match,True
Q14953,,missing_pdb,False
Q14966,/data/ranran/my_ptm/croton/data/structure_pipeline/pdb/Q14966.pdb,exact_sequence_match,True
Q14974,/data/ranran/my_ptm/croton/data/structure_pipeline/pdb/Q14974.pdb,exact_sequence_match,True
Q14978,/data/ranran/my_ptm/croton/data/structure_pipeline/pdb/Q14978.pdb,exact_sequence_match,True
Q14980,/data/ranran/my_ptm/croton/data/structure_pipeline/pdb/Q14980.pdb,exact_sequence_match,True
Q14CX7,/data/ranran/my_ptm/croton/data/structure_pipeline/pdb/Q14CX7.pdb,exact_sequence_match,True
Q15005,/data/ranran/my_ptm/croton/data/structure_pipeline/pdb/Q15005.pdb,exact_sequence_match,True
Q15008,/data/ranran/my_ptm/croton/data/structure_pipeline/pdb/Q15008.pdb,exact_sequence_match,True
Q15012,,missing_pdb,False
Q15019,,missing_pdb,False
Q15020,/data/ranran/my_ptm/croton/data/structure_pipeline/pdb/Q15020.pdb,exact_sequence_match,True
Q15021,/data/ranran/my_ptm/croton/data/structure_pipeline/pdb/Q15021.pdb,exact_sequence_match,True
Q15041,/data/ranran/my_ptm/croton/data/structure_pipeline/pdb/Q15041.pdb,exact_sequence_match,True
Q15042,/data/ranran/my_ptm/croton/data/structure_pipeline/pdb/Q15042.pdb,exact_sequence_match,True
Q15046,/data/ranran/my_ptm/croton/data/structure_pipeline/pdb/Q15046.pdb,exact_sequence_match,True
Q15050,/data/ranran/my_ptm/croton/data/structure_pipeline/pdb/Q15050.pdb,exact_sequence_match,True
Q15054,/data/ranran/my_ptm/croton/data/structure_pipeline/pdb/Q15054.pdb,exact_sequence_match,True
Q15056,/data/ranran/my_ptm/croton/data/structure_pipeline/pdb/Q15056.pdb,exact_sequence_match,True
Q15061,/data/ranran/my_ptm/croton/data/structure_pipeline/pdb/Q15061.pdb,exact_sequence_match,True
Q15067,/data/ranran/my_ptm/croton/data/structure_pipeline/pdb/Q15067.pdb,exact_sequence_match,True
Q15070,/data/ranran/my_ptm/croton/data/structure_pipeline/pdb/Q15070.pdb;/data/ranran/my_ptm/croton/data/structure_pipeline/pdb/AF-Q15070-F1-model_v6.pdb,sequence_mismatch,False
Q15075,/data/ranran/my_ptm/croton/data/structure_pipeline/pdb/Q15075.pdb,exact_sequence_match,True
Q15084,/data/ranran/my_ptm/croton/data/structure_pipeline/pdb/Q15084.pdb,exact_sequence_match,True
Q15121,/data/ranran/my_ptm/croton/data/structure_pipeline/pdb/Q15121.pdb,exact_sequence_match,True
Q15125,/data/ranran/my_ptm/croton/data/structure_pipeline/pdb/Q15125.pdb,exact_sequence_match,True
Q15149,,missing_pdb,False
Q15155,,missing_pdb,False
Q15165,/data/ranran/my_ptm/croton/data/structure_pipeline/pdb/Q15165.pdb,exact_sequence_match,True
Q15185,/data/ranran/my_ptm/croton/data/structure_pipeline/pdb/Q15185.pdb,exact_sequence_match,True
Q15269,/data/ranran/my_ptm/croton/data/structure_pipeline/pdb/Q15269.pdb,exact_sequence_match,True
Q15287,/data/ranran/my_ptm/croton/data/structure_pipeline/pdb/Q15287.pdb,exact_sequence_match,True
Q15293,/data/ranran/my_ptm/croton/data/structure_pipeline/pdb/Q15293.pdb,exact_sequence_match,True
Q15365,,missing_pdb,False
Q15369,/data/ranran/my_ptm/croton/data/structure_pipeline/pdb/Q15369.pdb,exact_sequence_match,True
Q15370,/data/ranran/my_ptm/croton/data/structure_pipeline/pdb/Q15370.pdb,exact_sequence_match,True
Q15386,,missing_pdb,False
Q15388,/data/ranran/my_ptm/croton/data/structure_pipeline/pdb/Q15388.pdb,exact_sequence_match,True
Q15393,/data/ranran/my_ptm/croton/data/structure_pipeline/pdb/Q15393.pdb,exact_sequence_match,True
Q15417,/data/ranran/my_ptm/croton/data/structure_pipeline/pdb/Q15417.pdb,exact_sequence_match,True
Q15418,,missing_pdb,False
Q15428,/data/ranran/my_ptm/croton/data/structure_pipeline/pdb/Q15428.pdb,exact_sequence_match,True
Q15431,,missing_pdb,False
Q15435,/data/ranran/my_ptm/croton/data/structure_pipeline/pdb/Q15435.pdb,exact_sequence_match,True
Q15459,/data/ranran/my_ptm/croton/data/structure_pipeline/pdb/Q15459.pdb,exact_sequence_match,True
Q15477,,missing_pdb,False
Q15555,/data/ranran/my_ptm/croton/data/structure_pipeline/pdb/Q15555.pdb,exact_sequence_match,True
Q15582,,missing_pdb,False
Q15629,/data/ranran/my_ptm/croton/data/structure_pipeline/pdb/Q15629.pdb,exact_sequence_match,True
Q15631,/data/ranran/my_ptm/croton/data/structure_pipeline/pdb/Q15631.pdb,exact_sequence_match,True
Q15637,/data/ranran/my_ptm/croton/data/structure_pipeline/pdb/Q15637.pdb,exact_sequence_match,True
Q15643,/data/ranran/my_ptm/croton/data/structure_pipeline/pdb/Q15643.pdb,exact_sequence_match,True
Q15645,,missing_pdb,False
Q15717,,missing_pdb,False
Q15738,/data/ranran/my_ptm/croton/data/structure_pipeline/pdb/Q15738.pdb,exact_sequence_match,True
Q15746,,missing_pdb,False
Q15758,/data/ranran/my_ptm/croton/data/structure_pipeline/pdb/Q15758.pdb,exact_sequence_match,True
Q15785,/data/ranran/my_ptm/croton/data/structure_pipeline/pdb/Q15785.pdb,exact_sequence_match,True
Q15800,/data/ranran/my_ptm/croton/data/structure_pipeline/pdb/Q15800.pdb,exact_sequence_match,True
Q15819,,missing_pdb,False
Q15836,,missing_pdb,False
Q15843,,missing_pdb,False
Q15904,,missing_pdb,False
Q16186,/data/ranran/my_ptm/croton/data/structure_pipeline/pdb/Q16186.pdb,exact_sequence_match,True
Q16204,/data/ranran/my_ptm/croton/data/structure_pipeline/pdb/Q16204.pdb,exact_sequence_match,True
Q16352,/data/ranran/my_ptm/croton/data/structure_pipeline/pdb/Q16352.pdb,exact_sequence_match,True
Q16401,/data/ranran/my_ptm/croton/data/structure_pipeline/pdb/Q16401.pdb,exact_sequence_match,True
Q16531,/data/ranran/my_ptm/croton/data/structure_pipeline/pdb/Q16531.pdb,exact_sequence_match,True
Q16537,,missing_pdb,False
Q16543,/data/ranran/my_ptm/croton/data/structure_pipeline/pdb/Q16543.pdb,exact_sequence_match,True
Q16555,/data/ranran/my_ptm/croton/data/structure_pipeline/pdb/Q16555.pdb,exact_sequence_match,True
Q16563,,missing_pdb,False
Q16576,,missing_pdb,False
Q16630,/data/ranran/my_ptm/croton/data/structure_pipeline/pdb/Q16630.pdb,exact_sequence_match,True
Q16637,/data/ranran/my_ptm/croton/data/structure_pipeline/pdb/Q16637.pdb,exact_sequence_match,True
Q16643,/data/ranran/my_ptm/croton/data/structure_pipeline/pdb/Q16643.pdb,exact_sequence_match,True
Q16658,/data/ranran/my_ptm/croton/data/structure_pipeline/pdb/Q16658.pdb,exact_sequence_match,True
Q16666,/data/ranran/my_ptm/croton/data/structure_pipeline/pdb/Q16666.pdb,exact_sequence_match,True
Q16698,,missing_pdb,False
Q16718,/data/ranran/my_ptm/croton/data/structure_pipeline/pdb/Q16718.pdb,exact_sequence_match,True
Q16719,,missing_pdb,False
Q16739,,missing_pdb,False
Q16763,,missing_pdb,False
Q16836,/data/ranran/my_ptm/croton/data/structure_pipeline/pdb/Q16836.pdb,exact_sequence_match,True
Q16850,,missing_pdb,False
Q16851,/data/ranran/my_ptm/croton/data/structure_pipeline/pdb/Q16851.pdb,exact_sequence_match,True
Q16864,,missing_pdb,False
Q16881,,missing_pdb,False
Q16891,/data/ranran/my_ptm/croton/data/structure_pipeline/pdb/Q16891.pdb,exact_sequence_match,True
Q17R60,,missing_pdb,False
Q1ED39,/data/ranran/my_ptm/croton/data/structure_pipeline/pdb/Q1ED39.pdb,exact_sequence_match,True
Q27J81,/data/ranran/my_ptm/croton/data/structure_pipeline/pdb/Q27J81.pdb,exact_sequence_match,True
Q2KJY2,,missing_pdb,False
Q2M3X9,,missing_pdb,False
Q2NL82,/data/ranran/my_ptm/croton/data/structure_pipeline/pdb/Q2NL82.pdb,exact_sequence_match,True
Q2PZI1,,missing_pdb,False
Q309B1,,missing_pdb,False
Q32MZ4,/data/ranran/my_ptm/croton/data/structure_pipeline/pdb/Q32MZ4.pdb,exact_sequence_match,True
Q3LXA3,/data/ranran/my_ptm/croton/data/structure_pipeline/pdb/Q3LXA3.pdb,exact_sequence_match,True
Q3MJ62,,missing_pdb,False
Q3SXM5,/data/ranran/my_ptm/croton/data/structure_pipeline/pdb/Q3SXM5.pdb,exact_sequence_match,True
Q3ZCQ8,/data/ranran/my_ptm/croton/data/structure_pipeline/pdb/Q3ZCQ8.pdb,exact_sequence_match,True
Q4KMQ2,/data/ranran/my_ptm/croton/data/structure_pipeline/pdb/Q4KMQ2.pdb,exact_sequence_match,True
Q4V328,/data/ranran/my_ptm/croton/data/structure_pipeline/pdb/Q4V328.pdb,exact_sequence_match,True
Q537H7,,missing_pdb,False
Q53EZ4,/data/ranran/my_ptm/croton/data/structure_pipeline/pdb/Q53EZ4.pdb,exact_sequence_match,True
Q53GS9,/data/ranran/my_ptm/croton/data/structure_pipeline/pdb/Q53GS9.pdb,exact_sequence_match,True
Q53H82,/data/ranran/my_ptm/croton/data/structure_pipeline/pdb/Q53H82.pdb,exact_sequence_match,True
Q53S33,/data/ranran/my_ptm/croton/data/structure_pipeline/pdb/Q53S33.pdb,exact_sequence_match,True
Q53T59,,missing_pdb,False
Q56UN5,/data/ranran/my_ptm/croton/data/structure_pipeline/pdb/Q56UN5.pdb,exact_sequence_match,True
Q56UQ5,,missing_pdb,False
Q56VL3,/data/ranran/my_ptm/croton/data/structure_pipeline/pdb/Q56VL3.pdb,exact_sequence_match,True
Q58FF8,/data/ranran/my_ptm/croton/data/structure_pipeline/pdb/Q58FF8.pdb,exact_sequence_match,True
Q5BJD5,/data/ranran/my_ptm/croton/data/structure_pipeline/pdb/Q5BJD5.pdb,exact_sequence_match,True
Q5BJF2,/data/ranran/my_ptm/croton/data/structure_pipeline/pdb/Q5BJF2.pdb,exact_sequence_match,True
Q5BJH7,,missing_pdb,False
Q5C9Z4,,missing_pdb,False
Q5CZC0,,missing_pdb,False
Q5GLZ8,/data/ranran/my_ptm/croton/data/structure_pipeline/pdb/Q5GLZ8.pdb,exact_sequence_match,True
Q5H9R7,/data/ranran/my_ptm/croton/data/structure_pipeline/pdb/Q5H9R7.pdb,exact_sequence_match,True
Q5HYI8,/data/ranran/my_ptm/croton/data/structure_pipeline/pdb/Q5HYI8.pdb,exact_sequence_match,True
Q5JPH6,/data/ranran/my_ptm/croton/data/structure_pipeline/pdb/Q5JPH6.pdb,exact_sequence_match,True
Q5JRA6,/data/ranran/my_ptm/croton/data/structure_pipeline/pdb/Q5JRA6.pdb,exact_sequence_match,True
Q5JRX3,/data/ranran/my_ptm/croton/data/structure_pipeline/pdb/Q5JRX3.pdb,exact_sequence_match,True
Q5JSH3,/data/ranran/my_ptm/croton/data/structure_pipeline/pdb/Q5JSH3.pdb,exact_sequence_match,True
Q5JTH9,/data/ranran/my_ptm/croton/data/structure_pipeline/pdb/Q5JTH9.pdb,exact_sequence_match,True
Q5JTV8,/data/ranran/my_ptm/croton/data/structure_pipeline/pdb/Q5JTV8.pdb,exact_sequence_match,True
Q5JVF3,/data/ranran/my_ptm/croton/data/structure_pipeline/pdb/Q5JVF3.pdb,exact_sequence_match,True
Q5MNZ6,/data/ranran/my_ptm/croton/data/structure_pipeline/pdb/Q5MNZ6.pdb,exact_sequence_match,True
Q5QJE6,/data/ranran/my_ptm/croton/data/structure_pipeline/pdb/Q5QJE6.pdb,exact_sequence_match,True
Q5SNT2,,missing_pdb,False
Q5SSJ5,/data/ranran/my_ptm/croton/data/structure_pipeline/pdb/Q5SSJ5.pdb,exact_sequence_match,True
Q5SWX8,,missing_pdb,False
Q5SY16,/data/ranran/my_ptm/croton/data/structure_pipeline/pdb/Q5SY16.pdb,exact_sequence_match,True
Q5T0F9,,missing_pdb,False
Q5T160,,missing_pdb,False
Q5T1M5,/data/ranran/my_ptm/croton/data/structure_pipeline/pdb/Q5T1M5.pdb,exact_sequence_match,True
Q5T653,/data/ranran/my_ptm/croton/data/structure_pipeline/pdb/Q5T653.pdb,exact_sequence_match,True
Q5T8P6,/data/ranran/my_ptm/croton/data/structure_pipeline/pdb/Q5T8P6.pdb,exact_sequence_match,True
Q5T9A4,/data/ranran/my_ptm/croton/data/structure_pipeline/pdb/Q5T9A4.pdb,exact_sequence_match,True
Q5TFE4,/data/ranran/my_ptm/croton/data/structure_pipeline/pdb/Q5TFE4.pdb,exact_sequence_match,True
Q5VT06,,missing_pdb,False
Q5VW32,/data/ranran/my_ptm/croton/data/structure_pipeline/pdb/Q5VW32.pdb,exact_sequence_match,True
Q5VYK3,/data/ranran/my_ptm/croton/data/structure_pipeline/pdb/Q5VYK3.pdb,exact_sequence_match,True
Q5VZF2,,missing_pdb,False
Q5VZL5,/data/ranran/my_ptm/croton/data/structure_pipeline/pdb/Q5VZL5.pdb,exact_sequence_match,True
Q5W0V3,/data/ranran/my_ptm/croton/data/structure_pipeline/pdb/Q5W0V3.pdb,exact_sequence_match,True
Q5XKP0,/data/ranran/my_ptm/croton/data/structure_pipeline/pdb/Q5XKP0.pdb,exact_sequence_match,True
Q63HN8,,missing_pdb,False
Q63HQ0,,missing_pdb,False
Q68CQ4,,missing_pdb,False
Q69YQ0,/data/ranran/my_ptm/croton/data/structure_pipeline/pdb/Q69YQ0.pdb;/data/ranran/my_ptm/croton/data/structure_pipeline/pdb/AF-Q69YQ0-F1-model_v6.pdb,sequence_mismatch,False
Q6DD88,,missing_pdb,False
Q6DKI1,,missing_pdb,False
Q6DKK2,,missing_pdb,False
Q6DN03,/data/ranran/my_ptm/croton/data/structure_pipeline/pdb/Q6DN03.pdb,exact_sequence_match,True
Q6FI81,/data/ranran/my_ptm/croton/data/structure_pipeline/pdb/Q6FI81.pdb,exact_sequence_match,True
Q6GMV3,,missing_pdb,False
Q6I9Y2,/data/ranran/my_ptm/croton/data/structure_pipeline/pdb/Q6I9Y2.pdb,exact_sequence_match,True
Q6IAA8,,missing_pdb,False
Q6IAN0,,missing_pdb,False
Q6MZM0,/data/ranran/my_ptm/croton/data/structure_pipeline/pdb/Q6MZM0.pdb,exact_sequence_match,True
Q6NUK1,/data/ranran/my_ptm/croton/data/structure_pipeline/pdb/Q6NUK1.pdb,exact_sequence_match,True
Q6NUM9,/data/ranran/my_ptm/croton/data/structure_pipeline/pdb/Q6NUM9.pdb,exact_sequence_match,True
Q6NUQ4,/data/ranran/my_ptm/croton/data/structure_pipeline/pdb/Q6NUQ4.pdb,exact_sequence_match,True
Q6NVY1,/data/ranran/my_ptm/croton/data/structure_pipeline/pdb/Q6NVY1.pdb,exact_sequence_match,True
Q6NZI2,/data/ranran/my_ptm/croton/data/structure_pipeline/pdb/Q6NZI2.pdb,exact_sequence_match,True
Q6P158,,missing_pdb,False
Q6P1A2,,missing_pdb,False
Q6P1J9,/data/ranran/my_ptm/croton/data/structure_pipeline/pdb/Q6P1J9.pdb,exact_sequence_match,True
Q6P1M0,/data/ranran/my_ptm/croton/data/structure_pipeline/pdb/Q6P1M0.pdb,exact_sequence_match,True
Q6P1S2,,missing_pdb,False
Q6P2Q9,/data/ranran/my_ptm/croton/data/structure_pipeline/pdb/Q6P2Q9.pdb,exact_sequence_match,True
Q6P3W7,/data/ranran/my_ptm/croton/data/structure_pipeline/pdb/Q6P3W7.pdb,exact_sequence_match,True
Q6P4E1,/data/ranran/my_ptm/croton/data/structure_pipeline/pdb/Q6P4E1.pdb,exact_sequence_match,True
Q6P4Q7,,missing_pdb,False
Q6P587,,missing_pdb,False
Q6PD62,/data/ranran/my_ptm/croton/data/structure_pipeline/pdb/Q6PD62.pdb,exact_sequence_match,True
Q6PD74,/data/ranran/my_ptm/croton/data/structure_pipeline/pdb/Q6PD74.pdb,exact_sequence_match,True
Q6PGP7,/data/ranran/my_ptm/croton/data/structure_pipeline/pdb/Q6PGP7.pdb,exact_sequence_match,True
Q6PI48,/data/ranran/my_ptm/croton/data/structure_pipeline/pdb/Q6PI48.pdb,exact_sequence_match,True
Q6PIU2,/data/ranran/my_ptm/croton/data/structure_pipeline/pdb/Q6PIU2.pdb,exact_sequence_match,True
Q6PKG0,/data/ranran/my_ptm/croton/data/structure_pipeline/pdb/Q6PKG0.pdb,exact_sequence_match,True
Q6PKH6,,missing_pdb,False
Q6UW68,,missing_pdb,False
Q6VY07,/data/ranran/my_ptm/croton/data/structure_pipeline/pdb/Q6VY07.pdb,exact_sequence_match,True
Q6WCQ1,/data/ranran/my_ptm/croton/data/structure_pipeline/pdb/Q6WCQ1.pdb,exact_sequence_match,True
Q6WKZ4,/data/ranran/my_ptm/croton/data/structure_pipeline/pdb/Q6WKZ4.pdb,exact_sequence_match,True
Q6Y1H2,/data/ranran/my_ptm/croton/data/structure_pipeline/pdb/Q6Y1H2.pdb,exact_sequence_match,True
Q6Y7W6,/data/ranran/my_ptm/croton/data/structure_pipeline/pdb/Q6Y7W6.pdb,exact_sequence_match,True
Q6YN16,/data/ranran/my_ptm/croton/data/structure_pipeline/pdb/Q6YN16.pdb,exact_sequence_match,True
Q6ZQQ6,,missing_pdb,False
Q6ZR08,,missing_pdb,False
Q6ZRP7,/data/ranran/my_ptm/croton/data/structure_pipeline/pdb/Q6ZRP7.pdb,exact_sequence_match,True
Q6ZT07,,missing_pdb,False
Q6ZXV5,/data/ranran/my_ptm/croton/data/structure_pipeline/pdb/Q6ZXV5.pdb,exact_sequence_match,True
Q709F0,,missing_pdb,False
Q70UQ0,/data/ranran/my_ptm/croton/data/structure_pipeline/pdb/Q70UQ0.pdb,exact_sequence_match,True
Q76FK4,,missing_pdb,False
Q7KZ85,/data/ranran/my_ptm/croton/data/structure_pipeline/pdb/Q7KZ85.pdb,exact_sequence_match,True
Q7KZF4,/data/ranran/my_ptm/croton/data/structure_pipeline/pdb/Q7KZF4.pdb,exact_sequence_match,True
Q7KZI7,/data/ranran/my_ptm/croton/data/structure_pipeline/pdb/Q7KZI7.pdb,exact_sequence_match,True
Q7L014,/data/ranran/my_ptm/croton/data/structure_pipeline/pdb/Q7L014.pdb,exact_sequence_match,True
Q7L0Y3,/data/ranran/my_ptm/croton/data/structure_pipeline/pdb/Q7L0Y3.pdb,exact_sequence_match,True
Q7L1Q6,/data/ranran/my_ptm/croton/data/structure_pipeline/pdb/Q7L1Q6.pdb,exact_sequence_match,True
Q7L2E3,/data/ranran/my_ptm/croton/data/structure_pipeline/pdb/Q7L2E3.pdb,exact_sequence_match,True
Q7L2H7,/data/ranran/my_ptm/croton/data/structure_pipeline/pdb/Q7L2H7.pdb,exact_sequence_match,True
Q7L4I2,/data/ranran/my_ptm/croton/data/structure_pipeline/pdb/Q7L4I2.pdb,exact_sequence_match,True
Q7L576,,missing_pdb,False
Q7L5N1,/data/ranran/my_ptm/croton/data/structure_pipeline/pdb/Q7L5N1.pdb,exact_sequence_match,True
Q7L8L6,,missing_pdb,False
Q7LBR1,/data/ranran/my_ptm/croton/data/structure_pipeline/pdb/Q7LBR1.pdb,exact_sequence_match,True
Q7RTV0,/data/ranran/my_ptm/croton/data/structure_pipeline/pdb/Q7RTV0.pdb,exact_sequence_match,True
Q7Z2K6,/data/ranran/my_ptm/croton/data/structure_pipeline/pdb/Q7Z2K6.pdb,exact_sequence_match,True
Q7Z2W4,/data/ranran/my_ptm/croton/data/structure_pipeline/pdb/Q7Z2W4.pdb,exact_sequence_match,True
Q7Z2W9,/data/ranran/my_ptm/croton/data/structure_pipeline/pdb/Q7Z2W9.pdb,exact_sequence_match,True
Q7Z2Z2,/data/ranran/my_ptm/croton/data/structure_pipeline/pdb/Q7Z2Z2.pdb,exact_sequence_match,True
Q7Z3B4,/data/ranran/my_ptm/croton/data/structure_pipeline/pdb/Q7Z3B4.pdb,exact_sequence_match,True
Q7Z3C6,,missing_pdb,False
Q7Z3D4,,missing_pdb,False
Q7Z3J3,,missing_pdb,False
Q7Z406,/data/ranran/my_ptm/croton/data/structure_pipeline/pdb/Q7Z406.pdb,exact_sequence_match,True
Q7Z478,/data/ranran/my_ptm/croton/data/structure_pipeline/pdb/Q7Z478.pdb,exact_sequence_match,True
Q7Z4H8,/data/ranran/my_ptm/croton/data/structure_pipeline/pdb/Q7Z4H8.pdb,exact_sequence_match,True
Q7Z4U5,,missing_pdb,False
Q7Z4V5,/data/ranran/my_ptm/croton/data/structure_pipeline/pdb/Q7Z4V5.pdb,exact_sequence_match,True
Q7Z6B0,/data/ranran/my_ptm/croton/data/structure_pipeline/pdb/Q7Z6B0.pdb,exact_sequence_match,True
Q7Z6E9,/data/ranran/my_ptm/croton/data/structure_pipeline/pdb/Q7Z6E9.pdb,exact_sequence_match,True
Q7Z6Z7,,missing_pdb,False
Q7Z7K0,/data/ranran/my_ptm/croton/data/structure_pipeline/pdb/Q7Z7K0.pdb,exact_sequence_match,True
Q7Z7K6,/data/ranran/my_ptm/croton/data/structure_pipeline/pdb/Q7Z7K6.pdb,exact_sequence_match,True
Q86SF2,/data/ranran/my_ptm/croton/data/structure_pipeline/pdb/Q86SF2.pdb,exact_sequence_match,True
Q86SR1,,missing_pdb,False
Q86SX6,,missing_pdb,False
Q86SZ2,,missing_pdb,False
Q86TB9,/data/ranran/my_ptm/croton/data/structure_pipeline/pdb/Q86TB9.pdb,exact_sequence_match,True
Q86TM6,,missing_pdb,False
Q86TU7,/data/ranran/my_ptm/croton/data/structure_pipeline/pdb/Q86TU7.pdb,exact_sequence_match,True
Q86TX2,,missing_pdb,False
Q86U38,,missing_pdb,False
Q86UE4,/data/ranran/my_ptm/croton/data/structure_pipeline/pdb/Q86UE4.pdb,exact_sequence_match,True
Q86UL3,,missing_pdb,False
Q86UP2,/data/ranran/my_ptm/croton/data/structure_pipeline/pdb/Q86UP2.pdb,exact_sequence_match,True
Q86UY8,,missing_pdb,False
Q86V48,/data/ranran/my_ptm/croton/data/structure_pipeline/pdb/Q86V48.pdb,exact_sequence_match,True
Q86V81,/data/ranran/my_ptm/croton/data/structure_pipeline/pdb/Q86V81.pdb,exact_sequence_match,True
Q86VM9,/data/ranran/my_ptm/croton/data/structure_pipeline/pdb/Q86VM9.pdb,exact_sequence_match,True
Q86VP6,,missing_pdb,False
Q86VQ0,,missing_pdb,False
Q86VS8,,missing_pdb,False
Q86WA6,,missing_pdb,False
Q86WR0,/data/ranran/my_ptm/croton/data/structure_pipeline/pdb/Q86WR0.pdb,exact_sequence_match,True
Q86XP3,/data/ranran/my_ptm/croton/data/structure_pipeline/pdb/Q86XP3.pdb,exact_sequence_match,True
Q86Y82,,missing_pdb,False
Q86YT6,,missing_pdb,False
Q8IUD2,/data/ranran/my_ptm/croton/data/structure_pipeline/pdb/Q8IUD2.pdb,exact_sequence_match,True
Q8IUR7,,missing_pdb,False
Q8IWB1,,missing_pdb,False
Q8IWE2,/data/ranran/my_ptm/croton/data/structure_pipeline/pdb/Q8IWE2.pdb,exact_sequence_match,True
Q8IWJ2,/data/ranran/my_ptm/croton/data/structure_pipeline/pdb/Q8IWJ2.pdb,exact_sequence_match,True
Q8IWR1,,missing_pdb,False
Q8IWS0,/data/ranran/my_ptm/croton/data/structure_pipeline/pdb/Q8IWS0.pdb,exact_sequence_match,True
Q8IX03,/data/ranran/my_ptm/croton/data/structure_pipeline/pdb/Q8IX03.pdb,exact_sequence_match,True
Q8IX12,/data/ranran/my_ptm/croton/data/structure_pipeline/pdb/Q8IX12.pdb,exact_sequence_match,True
Q8IXB1,/data/ranran/my_ptm/croton/data/structure_pipeline/pdb/Q8IXB1.pdb,exact_sequence_match,True
Q8IXH7,/data/ranran/my_ptm/croton/data/structure_pipeline/pdb/Q8IXH7.pdb,exact_sequence_match,True
Q8IXK0,,missing_pdb,False
Q8IXS6,,missing_pdb,False
Q8IY81,/data/ranran/my_ptm/croton/data/structure_pipeline/pdb/Q8IY81.pdb,exact_sequence_match,True
Q8IY95,,missing_pdb,False
Q8IYA6,,missing_pdb,False
Q8IYB3,/data/ranran/my_ptm/croton/data/structure_pipeline/pdb/Q8IYB3.pdb,exact_sequence_match,True
Q8IYQ7,,missing_pdb,False
Q8IYU8,/data/ranran/my_ptm/croton/data/structure_pipeline/pdb/Q8IYU8.pdb,exact_sequence_match,True
Q8IZC6,,missing_pdb,False
Q8IZP0,,missing_pdb,False
Q8IZP2,,missing_pdb,False
Q8N129,,missing_pdb,False
Q8N183,/data/ranran/my_ptm/croton/data/structure_pipeline/pdb/Q8N183.pdb,exact_sequence_match,True
Q8N1F7,/data/ranran/my_ptm/croton/data/structure_pipeline/pdb/Q8N1F7.pdb,exact_sequence_match,True
Q8N1G4,/data/ranran/my_ptm/croton/data/structure_pipeline/pdb/Q8N1G4.pdb,exact_sequence_match,True
Q8N201,/data/ranran/my_ptm/croton/data/structure_pipeline/pdb/Q8N201.pdb,exact_sequence_match,True
Q8N2F6,/data/ranran/my_ptm/croton/data/structure_pipeline/pdb/Q8N2F6.pdb,exact_sequence_match,True
Q8N2M8,/data/ranran/my_ptm/croton/data/structure_pipeline/pdb/Q8N2M8.pdb;/data/ranran/my_ptm/croton/data/structure_pipeline/pdb/AF-Q8N2M8-F1-model_v6.pdb,sequence_mismatch,False
Q8N2U0,,missing_pdb,False
Q8N302,,missing_pdb,False
Q8N392,,missing_pdb,False
Q8N3U4,,missing_pdb,False
Q8N3Z0,,missing_pdb,False
Q8N4H5,/data/ranran/my_ptm/croton/data/structure_pipeline/pdb/Q8N4H5.pdb,exact_sequence_match,True
Q8N4P3,/data/ranran/my_ptm/croton/data/structure_pipeline/pdb/Q8N4P3.pdb,exact_sequence_match,True
Q8N4X5,,missing_pdb,False
Q8N5G0,,missing_pdb,False
Q8N5G2,,missing_pdb,False
Q8N5K1,/data/ranran/my_ptm/croton/data/structure_pipeline/pdb/Q8N5K1.pdb,exact_sequence_match,True
Q8N5M9,,missing_pdb,False
Q8N6G6,/data/ranran/my_ptm/croton/data/structure_pipeline/pdb/Q8N6G6.pdb,exact_sequence_match,True
Q8N6M3,/data/ranran/my_ptm/croton/data/structure_pipeline/pdb/Q8N6M3.pdb,exact_sequence_match,True
Q8N766,,missing_pdb,False
Q8N806,/data/ranran/my_ptm/croton/data/structure_pipeline/pdb/Q8N806.pdb,exact_sequence_match,True
Q8N8S7,/data/ranran/my_ptm/croton/data/structure_pipeline/pdb/Q8N8S7.pdb,exact_sequence_match,True
Q8N944,,missing_pdb,False
Q8N9I0,,missing_pdb,False
Q8N9R6,,missing_pdb,False
Q8N9T8,,missing_pdb,False
Q8N9V7,,missing_pdb,False
Q8NBF2,/data/ranran/my_ptm/croton/data/structure_pipeline/pdb/Q8NBF2.pdb,exact_sequence_match,True
Q8NBJ4,/data/ranran/my_ptm/croton/data/structure_pipeline/pdb/Q8NBJ4.pdb,exact_sequence_match,True
Q8NBJ5,/data/ranran/my_ptm/croton/data/structure_pipeline/pdb/Q8NBJ5.pdb,exact_sequence_match,True
Q8NBQ5,/data/ranran/my_ptm/croton/data/structure_pipeline/pdb/Q8NBQ5.pdb;/data/ranran/my_ptm/croton/data/structure_pipeline/pdb/AF-Q8NBQ5-F1-model_v6.pdb,sequence_mismatch,False
Q8NBS9,/data/ranran/my_ptm/croton/data/structure_pipeline/pdb/Q8NBS9.pdb,exact_sequence_match,True
Q8NBU5,/data/ranran/my_ptm/croton/data/structure_pipeline/pdb/Q8NBU5.pdb,exact_sequence_match,True
Q8NBX0,,missing_pdb,False
Q8NBZ0,,missing_pdb,False
Q8NC51,/data/ranran/my_ptm/croton/data/structure_pipeline/pdb/Q8NC51.pdb,exact_sequence_match,True
Q8NCA5,,missing_pdb,False
Q8NCN5,,missing_pdb,False
Q8NCU8,,missing_pdb,False
Q8NCW5,,missing_pdb,False
Q8ND56,/data/ranran/my_ptm/croton/data/structure_pipeline/pdb/Q8ND56.pdb,exact_sequence_match,True
Q8NDV3,,missing_pdb,False
Q8NE71,/data/ranran/my_ptm/croton/data/structure_pipeline/pdb/Q8NE71.pdb,exact_sequence_match,True
Q8NE86,/data/ranran/my_ptm/croton/data/structure_pipeline/pdb/Q8NE86.pdb,exact_sequence_match,True
Q8NEF9,,missing_pdb,False
Q8NEJ9,/data/ranran/my_ptm/croton/data/structure_pipeline/pdb/Q8NEJ9.pdb,exact_sequence_match,True
Q8NEY8,/data/ranran/my_ptm/croton/data/structure_pipeline/pdb/Q8NEY8.pdb,exact_sequence_match,True
Q8NFC6,,missing_pdb,False
Q8NFF5,,missing_pdb,False
Q8NFH3,/data/ranran/my_ptm/croton/data/structure_pipeline/pdb/Q8NFH3.pdb,exact_sequence_match,True
Q8NFI4,,missing_pdb,False
Q8NFJ5,/data/ranran/my_ptm/croton/data/structure_pipeline/pdb/Q8NFJ5.pdb,exact_sequence_match,True
Q8NFQ8,/data/ranran/my_ptm/croton/data/structure_pipeline/pdb/Q8NFQ8.pdb,exact_sequence_match,True
Q8NHQ9,/data/ranran/my_ptm/croton/data/structure_pipeline/pdb/Q8NHQ9.pdb,exact_sequence_match,True
Q8NHU6,/data/ranran/my_ptm/croton/data/structure_pipeline/pdb/Q8NHU6.pdb,exact_sequence_match,True
Q8NHV4,/data/ranran/my_ptm/croton/data/structure_pipeline/pdb/Q8NHV4.pdb,exact_sequence_match,True
Q8NI27,/data/ranran/my_ptm/croton/data/structure_pipeline/pdb/Q8NI27.pdb,exact_sequence_match,True
Q8NI36,,missing_pdb,False
Q8TAA5,,missing_pdb,False
Q8TAT6,/data/ranran/my_ptm/croton/data/structure_pipeline/pdb/Q8TAT6.pdb,exact_sequence_match,True
Q8TBA6,/data/ranran/my_ptm/croton/data/structure_pipeline/pdb/Q8TBA6.pdb,exact_sequence_match,True
Q8TBC4,,missing_pdb,False
Q8TBX8,/data/ranran/my_ptm/croton/data/structure_pipeline/pdb/Q8TBX8.pdb,exact_sequence_match,True
Q8TC12,,missing_pdb,False
Q8TCC3,,missing_pdb,False
Q8TCD5,/data/ranran/my_ptm/croton/data/structure_pipeline/pdb/Q8TCD5.pdb,exact_sequence_match,True
Q8TCJ2,/data/ranran/my_ptm/croton/data/structure_pipeline/pdb/Q8TCJ2.pdb,exact_sequence_match,True
Q8TCS8,/data/ranran/my_ptm/croton/data/structure_pipeline/pdb/Q8TCS8.pdb,exact_sequence_match,True
Q8TCT8,,missing_pdb,False
Q8TCT9,/data/ranran/my_ptm/croton/data/structure_pipeline/pdb/Q8TCT9.pdb,exact_sequence_match,True
Q8TDD1,/data/ranran/my_ptm/croton/data/structure_pipeline/pdb/Q8TDD1.pdb,exact_sequence_match,True
Q8TDM6,/data/ranran/my_ptm/croton/data/structure_pipeline/pdb/Q8TDM6.pdb,exact_sequence_match,True
Q8TDN6,/data/ranran/my_ptm/croton/data/structure_pipeline/pdb/Q8TDN6.pdb,exact_sequence_match,True
Q8TDW0,,missing_pdb,False
Q8TDY2,,missing_pdb,False
Q8TE59,,missing_pdb,False
Q8TE73,,missing_pdb,False
Q8TEA8,,missing_pdb,False
Q8TED4,,missing_pdb,False
Q8TEQ6,/data/ranran/my_ptm/croton/data/structure_pipeline/pdb/Q8TEQ6.pdb,exact_sequence_match,True
Q8WTT2,/data/ranran/my_ptm/croton/data/structure_pipeline/pdb/Q8WTT2.pdb,exact_sequence_match,True
Q8WTW3,,missing_pdb,False
Q8WU90,/data/ranran/my_ptm/croton/data/structure_pipeline/pdb/Q8WU90.pdb,exact_sequence_match,True
Q8WUM4,/data/ranran/my_ptm/croton/data/structure_pipeline/pdb/Q8WUM4.pdb,exact_sequence_match,True
Q8WUW1,,missing_pdb,False
Q8WVC6,,missing_pdb,False
Q8WVM8,,missing_pdb,False
Q8WVV4,,missing_pdb,False
Q8WVX9,/data/ranran/my_ptm/croton/data/structure_pipeline/pdb/Q8WVX9.pdb,exact_sequence_match,True
Q8WW12,,missing_pdb,False
Q8WWI1,/data/ranran/my_ptm/croton/data/structure_pipeline/pdb/Q8WWI1.pdb,exact_sequence_match,True
Q8WWL2,,missing_pdb,False
Q8WWQ0,,missing_pdb,False
Q8WWX0,,missing_pdb,False
Q8WWY3,/data/ranran/my_ptm/croton/data/structure_pipeline/pdb/Q8WWY3.pdb,exact_sequence_match,True
Q8WX92,/data/ranran/my_ptm/croton/data/structure_pipeline/pdb/Q8WX92.pdb,exact_sequence_match,True
Q8WX93,/data/ranran/my_ptm/croton/data/structure_pipeline/pdb/Q8WX93.pdb,exact_sequence_match,True
Q8WXF1,,missing_pdb,False
Q8WXH0,,missing_pdb,False
Q8WXI9,/data/ranran/my_ptm/croton/data/structure_pipeline/pdb/Q8WXI9.pdb,exact_sequence_match,True
Q8WXW3,/data/ranran/my_ptm/croton/data/structure_pipeline/pdb/Q8WXW3.pdb,exact_sequence_match,True
Q8WXX5,/data/ranran/my_ptm/croton/data/structure_pipeline/pdb/Q8WXX5.pdb,exact_sequence_match,True
Q8WYA0,,missing_pdb,False
Q8WYA6,/data/ranran/my_ptm/croton/data/structure_pipeline/pdb/Q8WYA6.pdb,exact_sequence_match,True
Q8WZ42,,missing_pdb,False
Q8WZA0,/data/ranran/my_ptm/croton/data/structure_pipeline/pdb/Q8WZA0.pdb,exact_sequence_match,True
Q92499,/data/ranran/my_ptm/croton/data/structure_pipeline/pdb/Q92499.pdb,exact_sequence_match,True
Q92520,,missing_pdb,False
Q92522,/data/ranran/my_ptm/croton/data/structure_pipeline/pdb/Q92522.pdb,exact_sequence_match,True
Q92538,/data/ranran/my_ptm/croton/data/structure_pipeline/pdb/Q92538.pdb;/data/ranran/my_ptm/croton/data/structure_pipeline/pdb/AF-Q92538-F1-model_v6.pdb,sequence_mismatch,False
Q92542,/data/ranran/my_ptm/croton/data/structure_pipeline/pdb/Q92542.pdb,exact_sequence_match,True
Q92552,/data/ranran/my_ptm/croton/data/structure_pipeline/pdb/Q92552.pdb,exact_sequence_match,True
Q92575,/data/ranran/my_ptm/croton/data/structure_pipeline/pdb/Q92575.pdb,exact_sequence_match,True
Q92598,/data/ranran/my_ptm/croton/data/structure_pipeline/pdb/Q92598.pdb,exact_sequence_match,True
Q92599,,missing_pdb,False
Q92604,/data/ranran/my_ptm/croton/data/structure_pipeline/pdb/Q92604.pdb,exact_sequence_match,True
Q92609,,missing_pdb,False
Q92614,/data/ranran/my_ptm/croton/data/structure_pipeline/pdb/Q92614.pdb,exact_sequence_match,True
Q92616,/data/ranran/my_ptm/croton/data/structure_pipeline/pdb/Q92616.pdb;/data/ranran/my_ptm/croton/data/structure_pipeline/pdb/AF-Q92616-F1-model_v6.pdb,sequence_mismatch,False
Q92621,/data/ranran/my_ptm/croton/data/structure_pipeline/pdb/Q92621.pdb,exact_sequence_match,True
Q92665,/data/ranran/my_ptm/croton/data/structure_pipeline/pdb/Q92665.pdb,exact_sequence_match,True
Q92667,/data/ranran/my_ptm/croton/data/structure_pipeline/pdb/Q92667.pdb,exact_sequence_match,True
Q92688,/data/ranran/my_ptm/croton/data/structure_pipeline/pdb/Q92688.pdb,exact_sequence_match,True
Q92769,/data/ranran/my_ptm/croton/data/structure_pipeline/pdb/Q92769.pdb,exact_sequence_match,True
Q92797,/data/ranran/my_ptm/croton/data/structure_pipeline/pdb/Q92797.pdb,exact_sequence_match,True
Q92805,/data/ranran/my_ptm/croton/data/structure_pipeline/pdb/Q92805.pdb,exact_sequence_match,True
Q92820,/data/ranran/my_ptm/croton/data/structure_pipeline/pdb/Q92820.pdb,exact_sequence_match,True
Q92841,/data/ranran/my_ptm/croton/data/structure_pipeline/pdb/Q92841.pdb,exact_sequence_match,True
Q92878,/data/ranran/my_ptm/croton/data/structure_pipeline/pdb/Q92878.pdb,exact_sequence_match,True
Q92879,,missing_pdb,False
Q92887,,missing_pdb,False
Q92890,/data/ranran/my_ptm/croton/data/structure_pipeline/pdb/Q92890.pdb,exact_sequence_match,True
Q92896,/data/ranran/my_ptm/croton/data/structure_pipeline/pdb/Q92896.pdb,exact_sequence_match,True
Q92922,,missing_pdb,False
Q92934,,missing_pdb,False
Q92945,/data/ranran/my_ptm/croton/data/structure_pipeline/pdb/Q92945.pdb,exact_sequence_match,True
Q92973,/data/ranran/my_ptm/croton/data/structure_pipeline/pdb/Q92973.pdb,exact_sequence_match,True
Q92990,,missing_pdb,False
Q93009,/data/ranran/my_ptm/croton/data/structure_pipeline/pdb/Q93009.pdb,exact_sequence_match,True
Q93045,/data/ranran/my_ptm/croton/data/structure_pipeline/pdb/Q93045.pdb,exact_sequence_match,True
Q93050,/data/ranran/my_ptm/croton/data/structure_pipeline/pdb/Q93050.pdb,exact_sequence_match,True
Q93052,/data/ranran/my_ptm/croton/data/structure_pipeline/pdb/Q93052.pdb,exact_sequence_match,True
Q969G3,/data/ranran/my_ptm/croton/data/structure_pipeline/pdb/Q969G3.pdb,exact_sequence_match,True
Q969Q4,/data/ranran/my_ptm/croton/data/structure_pipeline/pdb/Q969Q4.pdb,exact_sequence_match,True
Q969S3,/data/ranran/my_ptm/croton/data/structure_pipeline/pdb/Q969S3.pdb,exact_sequence_match,True
Q969S9,,missing_pdb,False
Q969V3,/data/ranran/my_ptm/croton/data/structure_pipeline/pdb/Q969V3.pdb,exact_sequence_match,True
Q969X5,/data/ranran/my_ptm/croton/data/structure_pipeline/pdb/Q969X5.pdb,exact_sequence_match,True
Q969X6,/data/ranran/my_ptm/croton/data/structure_pipeline/pdb/Q969X6.pdb,exact_sequence_match,True
Q969Z0,/data/ranran/my_ptm/croton/data/structure_pipeline/pdb/Q969Z0.pdb,exact_sequence_match,True
Q96A05,,missing_pdb,False
Q96A26,/data/ranran/my_ptm/croton/data/structure_pipeline/pdb/Q96A26.pdb,exact_sequence_match,True
Q96A33,/data/ranran/my_ptm/croton/data/structure_pipeline/pdb/Q96A33.pdb,exact_sequence_match,True
Q96A49,/data/ranran/my_ptm/croton/data/structure_pipeline/pdb/Q96A49.pdb,exact_sequence_match,True
Q96A65,,missing_pdb,False
Q96AC1,/data/ranran/my_ptm/croton/data/structure_pipeline/pdb/Q96AC1.pdb,exact_sequence_match,True
Q96AG4,/data/ranran/my_ptm/croton/data/structure_pipeline/pdb/Q96AG4.pdb,exact_sequence_match,True
Q96AQ6,,missing_pdb,False
Q96AT9,,missing_pdb,False
Q96AY3,/data/ranran/my_ptm/croton/data/structure_pipeline/pdb/Q96AY3.pdb,exact_sequence_match,True
Q96B97,/data/ranran/my_ptm/croton/data/structure_pipeline/pdb/Q96B97.pdb,exact_sequence_match,True
Q96BK5,,missing_pdb,False
Q96BN8,/data/ranran/my_ptm/croton/data/structure_pipeline/pdb/Q96BN8.pdb,exact_sequence_match,True
Q96BP3,/data/ranran/my_ptm/croton/data/structure_pipeline/pdb/Q96BP3.pdb,exact_sequence_match,True
Q96BQ5,,missing_pdb,False
Q96BY6,,missing_pdb,False
Q96C01,/data/ranran/my_ptm/croton/data/structure_pipeline/pdb/Q96C01.pdb,exact_sequence_match,True
Q96C19,/data/ranran/my_ptm/croton/data/structure_pipeline/pdb/Q96C19.pdb,exact_sequence_match,True
Q96C36,/data/ranran/my_ptm/croton/data/structure_pipeline/pdb/Q96C36.pdb,exact_sequence_match,True
Q96C86,/data/ranran/my_ptm/croton/data/structure_pipeline/pdb/Q96C86.pdb,exact_sequence_match,True
Q96CS3,/data/ranran/my_ptm/croton/data/structure_pipeline/pdb/Q96CS3.pdb,exact_sequence_match,True
Q96CW1,/data/ranran/my_ptm/croton/data/structure_pipeline/pdb/Q96CW1.pdb,exact_sequence_match,True
Q96D46,/data/ranran/my_ptm/croton/data/structure_pipeline/pdb/Q96D46.pdb,exact_sequence_match,True
Q96DV4,/data/ranran/my_ptm/croton/data/structure_pipeline/pdb/Q96DV4.pdb,exact_sequence_match,True
Q96E11,/data/ranran/my_ptm/croton/data/structure_pipeline/pdb/Q96E11.pdb,exact_sequence_match,True
Q96E22,,missing_pdb,False
Q96E29,/data/ranran/my_ptm/croton/data/structure_pipeline/pdb/Q96E29.pdb,exact_sequence_match,True
Q96EE4,,missing_pdb,False
Q96EK6,/data/ranran/my_ptm/croton/data/structure_pipeline/pdb/Q96EK6.pdb,exact_sequence_match,True
Q96EL3,/data/ranran/my_ptm/croton/data/structure_pipeline/pdb/Q96EL3.pdb,exact_sequence_match,True
Q96EM0,,missing_pdb,False
Q96EP5,/data/ranran/my_ptm/croton/data/structure_pipeline/pdb/Q96EP5.pdb,exact_sequence_match,True
Q96ER9,/data/ranran/my_ptm/croton/data/structure_pipeline/pdb/Q96ER9.pdb,exact_sequence_match,True
Q96EY1,/data/ranran/my_ptm/croton/data/structure_pipeline/pdb/Q96EY1.pdb,exact_sequence_match,True
Q96EY7,/data/ranran/my_ptm/croton/data/structure_pipeline/pdb/Q96EY7.pdb,exact_sequence_match,True
Q96FW1,/data/ranran/my_ptm/croton/data/structure_pipeline/pdb/Q96FW1.pdb,exact_sequence_match,True
Q96G23,/data/ranran/my_ptm/croton/data/structure_pipeline/pdb/Q96G23.pdb,exact_sequence_match,True
Q96GC9,,missing_pdb,False
Q96GG9,,missing_pdb,False
Q96GK7,,missing_pdb,False
Q96GQ7,,missing_pdb,False
Q96H20,,missing_pdb,False
Q96H79,,missing_pdb,False
Q96HC4,/data/ranran/my_ptm/croton/data/structure_pipeline/pdb/Q96HC4.pdb,exact_sequence_match,True
Q96HE7,,missing_pdb,False
Q96HQ2,,missing_pdb,False
Q96HS1,/data/ranran/my_ptm/croton/data/structure_pipeline/pdb/Q96HS1.pdb,exact_sequence_match,True
Q96I25,/data/ranran/my_ptm/croton/data/structure_pipeline/pdb/Q96I25.pdb,exact_sequence_match,True
Q96II8,/data/ranran/my_ptm/croton/data/structure_pipeline/pdb/Q96II8.pdb,exact_sequence_match,True
Q96IX5,/data/ranran/my_ptm/croton/data/structure_pipeline/pdb/Q96IX5.pdb,exact_sequence_match,True
Q96IZ0,/data/ranran/my_ptm/croton/data/structure_pipeline/pdb/Q96IZ0.pdb,exact_sequence_match,True
Q96J01,/data/ranran/my_ptm/croton/data/structure_pipeline/pdb/Q96J01.pdb,exact_sequence_match,True
Q96JB5,/data/ranran/my_ptm/croton/data/structure_pipeline/pdb/Q96JB5.pdb,exact_sequence_match,True
Q96JI7,,missing_pdb,False
Q96JJ7,/data/ranran/my_ptm/croton/data/structure_pipeline/pdb/Q96JJ7.pdb,exact_sequence_match,True
Q96K83,,missing_pdb,False
Q96KB5,/data/ranran/my_ptm/croton/data/structure_pipeline/pdb/Q96KB5.pdb,exact_sequence_match,True
Q96KC8,,missing_pdb,False
Q96KP1,/data/ranran/my_ptm/croton/data/structure_pipeline/pdb/Q96KP1.pdb,exact_sequence_match,True
Q96KP4,/data/ranran/my_ptm/croton/data/structure_pipeline/pdb/Q96KP4.pdb,exact_sequence_match,True
Q96KR1,/data/ranran/my_ptm/croton/data/structure_pipeline/pdb/Q96KR1.pdb,exact_sequence_match,True
Q96KR7,,missing_pdb,False
Q96M83,/data/ranran/my_ptm/croton/data/structure_pipeline/pdb/Q96M83.pdb,exact_sequence_match,True
Q96N66,,missing_pdb,False
Q96NC0,/data/ranran/my_ptm/croton/data/structure_pipeline/pdb/Q96NC0.pdb,exact_sequence_match,True
Q96ND0,/data/ranran/my_ptm/croton/data/structure_pipeline/pdb/Q96ND0.pdb,exact_sequence_match,True
Q96P70,/data/ranran/my_ptm/croton/data/structure_pipeline/pdb/Q96P70.pdb,exact_sequence_match,True
Q96PE3,,missing_pdb,False
Q96PK6,/data/ranran/my_ptm/croton/data/structure_pipeline/pdb/Q96PK6.pdb,exact_sequence_match,True
Q96PU8,/data/ranran/my_ptm/croton/data/structure_pipeline/pdb/Q96PU8.pdb,exact_sequence_match,True
Q96Q11,/data/ranran/my_ptm/croton/data/structure_pipeline/pdb/Q96Q11.pdb,exact_sequence_match,True
Q96QD8,/data/ranran/my_ptm/croton/data/structure_pipeline/pdb/Q96QD8.pdb,exact_sequence_match,True
Q96QK1,/data/ranran/my_ptm/croton/data/structure_pipeline/pdb/Q96QK1.pdb,exact_sequence_match,True
Q96QR8,,missing_pdb,False
Q96SB4,/data/ranran/my_ptm/croton/data/structure_pipeline/pdb/Q96SB4.pdb,exact_sequence_match,True
Q96SK2,/data/ranran/my_ptm/croton/data/structure_pipeline/pdb/Q96SK2.pdb,exact_sequence_match,True
Q96SQ9,,missing_pdb,False
Q96ST2,/data/ranran/my_ptm/croton/data/structure_pipeline/pdb/Q96ST2.pdb,exact_sequence_match,True
Q96ST3,/data/ranran/my_ptm/croton/data/structure_pipeline/pdb/Q96ST3.pdb,exact_sequence_match,True
Q96T51,/data/ranran/my_ptm/croton/data/structure_pipeline/pdb/Q96T51.pdb,exact_sequence_match,True
Q96TA1,/data/ranran/my_ptm/croton/data/structure_pipeline/pdb/Q96TA1.pdb,exact_sequence_match,True
Q96TA2,/data/ranran/my_ptm/croton/data/structure_pipeline/pdb/Q96TA2.pdb,exact_sequence_match,True
Q99426,/data/ranran/my_ptm/croton/data/structure_pipeline/pdb/Q99426.pdb,exact_sequence_match,True
Q99436,/data/ranran/my_ptm/croton/data/structure_pipeline/pdb/Q99436.pdb,exact_sequence_match,True
Q99442,/data/ranran/my_ptm/croton/data/structure_pipeline/pdb/Q99442.pdb,exact_sequence_match,True
Q99459,/data/ranran/my_ptm/croton/data/structure_pipeline/pdb/Q99459.pdb,exact_sequence_match,True
Q99460,/data/ranran/my_ptm/croton/data/structure_pipeline/pdb/Q99460.pdb,exact_sequence_match,True
Q99471,/data/ranran/my_ptm/croton/data/structure_pipeline/pdb/Q99471.pdb,exact_sequence_match,True
Q99497,/data/ranran/my_ptm/croton/data/structure_pipeline/pdb/Q99497.pdb,exact_sequence_match,True
Q99536,/data/ranran/my_ptm/croton/data/structure_pipeline/pdb/Q99536.pdb,exact_sequence_match,True
Q99538,,missing_pdb,False
Q99541,/data/ranran/my_ptm/croton/data/structure_pipeline/pdb/Q99541.pdb,exact_sequence_match,True
Q99547,,missing_pdb,False
Q99567,/data/ranran/my_ptm/croton/data/structure_pipeline/pdb/Q99567.pdb,exact_sequence_match,True
Q99575,/data/ranran/my_ptm/croton/data/structure_pipeline/pdb/Q99575.pdb,exact_sequence_match,True
Q99584,/data/ranran/my_ptm/croton/data/structure_pipeline/pdb/Q99584.pdb,exact_sequence_match,True
Q99590,/data/ranran/my_ptm/croton/data/structure_pipeline/pdb/Q99590.pdb,exact_sequence_match,True
Q99598,/data/ranran/my_ptm/croton/data/structure_pipeline/pdb/Q99598.pdb,exact_sequence_match,True
Q99613,,missing_pdb,False
Q99614,/data/ranran/my_ptm/croton/data/structure_pipeline/pdb/Q99614.pdb,exact_sequence_match,True
Q99615,/data/ranran/my_ptm/croton/data/structure_pipeline/pdb/Q99615.pdb,exact_sequence_match,True
Q99623,/data/ranran/my_ptm/croton/data/structure_pipeline/pdb/Q99623.pdb,exact_sequence_match,True
Q99653,/data/ranran/my_ptm/croton/data/structure_pipeline/pdb/Q99653.pdb,exact_sequence_match,True
Q99700,/data/ranran/my_ptm/croton/data/structure_pipeline/pdb/Q99700.pdb,exact_sequence_match,True
Q99714,/data/ranran/my_ptm/croton/data/structure_pipeline/pdb/Q99714.pdb,exact_sequence_match,True
Q99715,,missing_pdb,False
Q99732,,missing_pdb,False
Q99747,/data/ranran/my_ptm/croton/data/structure_pipeline/pdb/Q99747.pdb,exact_sequence_match,True
Q99757,/data/ranran/my_ptm/croton/data/structure_pipeline/pdb/Q99757.pdb,exact_sequence_match,True
Q99797,,missing_pdb,False
Q99798,/data/ranran/my_ptm/croton/data/structure_pipeline/pdb/Q99798.pdb,exact_sequence_match,True
Q99805,/data/ranran/my_ptm/croton/data/structure_pipeline/pdb/Q99805.pdb,exact_sequence_match,True
Q99816,,missing_pdb,False
Q99848,/data/ranran/my_ptm/croton/data/structure_pipeline/pdb/Q99848.pdb,exact_sequence_match,True
Q99873,,missing_pdb,False
Q99986,/data/ranran/my_ptm/croton/data/structure_pipeline/pdb/Q99986.pdb,exact_sequence_match,True
Q99996,,missing_pdb,False
Q9BPX6,/data/ranran/my_ptm/croton/data/structure_pipeline/pdb/Q9BPX6.pdb,exact_sequence_match,True
Q9BQ04,,missing_pdb,False
Q9BQA9,,missing_pdb,False
Q9BQC6,,missing_pdb,False
Q9BQG0,/data/ranran/my_ptm/croton/data/structure_pipeline/pdb/Q9BQG0.pdb,exact_sequence_match,True
Q9BRA2,,missing_pdb,False
Q9BRF8,,missing_pdb,False
Q9BRJ6,,missing_pdb,False
Q9BRK5,/data/ranran/my_ptm/croton/data/structure_pipeline/pdb/Q9BRK5.pdb,exact_sequence_match,True
Q9BRQ6,,missing_pdb,False
Q9BRQ8,/data/ranran/my_ptm/croton/data/structure_pipeline/pdb/Q9BRQ8.pdb,exact_sequence_match,True
Q9BRR8,,missing_pdb,False
Q9BRT6,/data/ranran/my_ptm/croton/data/structure_pipeline/pdb/Q9BRT6.pdb,exact_sequence_match,True
Q9BRX2,/data/ranran/my_ptm/croton/data/structure_pipeline/pdb/Q9BRX2.pdb,exact_sequence_match,True
Q9BRX5,/data/ranran/my_ptm/croton/data/structure_pipeline/pdb/Q9BRX5.pdb,exact_sequence_match,True
Q9BRX8,/data/ranran/my_ptm/croton/data/structure_pipeline/pdb/Q9BRX8.pdb,exact_sequence_match,True
Q9BS26,/data/ranran/my_ptm/croton/data/structure_pipeline/pdb/Q9BS26.pdb,exact_sequence_match,True
Q9BSH4,/data/ranran/my_ptm/croton/data/structure_pipeline/pdb/Q9BSH4.pdb,exact_sequence_match,True
Q9BSJ8,/data/ranran/my_ptm/croton/data/structure_pipeline/pdb/Q9BSJ8.pdb,exact_sequence_match,True
Q9BST9,,missing_pdb,False
Q9BSU3,,missing_pdb,False
Q9BSV6,,missing_pdb,False
Q9BT78,/data/ranran/my_ptm/croton/data/structure_pipeline/pdb/Q9BT78.pdb,exact_sequence_match,True
Q9BTC0,/data/ranran/my_ptm/croton/data/structure_pipeline/pdb/Q9BTC0.pdb,exact_sequence_match,True
Q9BTV4,/data/ranran/my_ptm/croton/data/structure_pipeline/pdb/Q9BTV4.pdb,exact_sequence_match,True
Q9BTW9,/data/ranran/my_ptm/croton/data/structure_pipeline/pdb/Q9BTW9.pdb,exact_sequence_match,True
Q9BTX1,,missing_pdb,False
Q9BU23,,missing_pdb,False
Q9BUJ2,/data/ranran/my_ptm/croton/data/structure_pipeline/pdb/Q9BUJ2.pdb,exact_sequence_match,True
Q9BUL5,,missing_pdb,False
Q9BUL8,/data/ranran/my_ptm/croton/data/structure_pipeline/pdb/Q9BUL8.pdb,exact_sequence_match,True
Q9BUL9,,missing_pdb,False
Q9BUP3,/data/ranran/my_ptm/croton/data/structure_pipeline/pdb/Q9BUP3.pdb,exact_sequence_match,True
Q9BUQ8,/data/ranran/my_ptm/croton/data/structure_pipeline/pdb/Q9BUQ8.pdb,exact_sequence_match,True
Q9BV81,/data/ranran/my_ptm/croton/data/structure_pipeline/pdb/Q9BV81.pdb,exact_sequence_match,True
Q9BVC6,/data/ranran/my_ptm/croton/data/structure_pipeline/pdb/Q9BVC6.pdb,exact_sequence_match,True
Q9BVG4,,missing_pdb,False
Q9BVG9,,missing_pdb,False
Q9BVI4,/data/ranran/my_ptm/croton/data/structure_pipeline/pdb/Q9BVI4.pdb,exact_sequence_match,True
Q9BVK6,/data/ranran/my_ptm/croton/data/structure_pipeline/pdb/Q9BVK6.pdb,exact_sequence_match,True
Q9BVL2,/data/ranran/my_ptm/croton/data/structure_pipeline/pdb/Q9BVL2.pdb,exact_sequence_match,True
Q9BVP2,/data/ranran/my_ptm/croton/data/structure_pipeline/pdb/Q9BVP2.pdb,exact_sequence_match,True
Q9BW27,/data/ranran/my_ptm/croton/data/structure_pipeline/pdb/Q9BW27.pdb,exact_sequence_match,True
Q9BW30,,missing_pdb,False
Q9BW91,/data/ranran/my_ptm/croton/data/structure_pipeline/pdb/Q9BW91.pdb,exact_sequence_match,True
Q9BWW8,/data/ranran/my_ptm/croton/data/structure_pipeline/pdb/Q9BWW8.pdb,exact_sequence_match,True
Q9BX68,,missing_pdb,False
Q9BX95,,missing_pdb,False
Q9BXB4,/data/ranran/my_ptm/croton/data/structure_pipeline/pdb/Q9BXB4.pdb,exact_sequence_match,True
Q9BXF6,,missing_pdb,False
Q9BXJ9,/data/ranran/my_ptm/croton/data/structure_pipeline/pdb/Q9BXJ9.pdb,exact_sequence_match,True
Q9BXP5,/data/ranran/my_ptm/croton/data/structure_pipeline/pdb/Q9BXP5.pdb,exact_sequence_match,True
Q9BXW7,/data/ranran/my_ptm/croton/data/structure_pipeline/pdb/Q9BXW7.pdb,exact_sequence_match,True
Q9BXY0,/data/ranran/my_ptm/croton/data/structure_pipeline/pdb/Q9BXY0.pdb,exact_sequence_match,True
Q9BY32,/data/ranran/my_ptm/croton/data/structure_pipeline/pdb/Q9BY32.pdb,exact_sequence_match,True
Q9BY77,/data/ranran/my_ptm/croton/data/structure_pipeline/pdb/Q9BY77.pdb,exact_sequence_match,True
Q9BYC9,,missing_pdb,False
Q9BYD6,/data/ranran/my_ptm/croton/data/structure_pipeline/pdb/Q9BYD6.pdb,exact_sequence_match,True
Q9BYJ9,,missing_pdb,False
Q9BYN0,,missing_pdb,False
Q9BYP7,,missing_pdb,False
Q9BYT8,/data/ranran/my_ptm/croton/data/structure_pipeline/pdb/Q9BYT8.pdb,exact_sequence_match,True
Q9BYX2,/data/ranran/my_ptm/croton/data/structure_pipeline/pdb/Q9BYX2.pdb,exact_sequence_match,True
Q9BZ67,,missing_pdb,False
Q9BZE4,/data/ranran/my_ptm/croton/data/structure_pipeline/pdb/Q9BZE4.pdb,exact_sequence_match,True
Q9BZF9,/data/ranran/my_ptm/croton/data/structure_pipeline/pdb/Q9BZF9.pdb,exact_sequence_match,True
Q9BZG1,/data/ranran/my_ptm/croton/data/structure_pipeline/pdb/Q9BZG1.pdb,exact_sequence_match,True
Q9BZH6,/data/ranran/my_ptm/croton/data/structure_pipeline/pdb/Q9BZH6.pdb,exact_sequence_match,True
Q9BZZ5,/data/ranran/my_ptm/croton/data/structure_pipeline/pdb/Q9BZZ5.pdb,exact_sequence_match,True
Q9C037,,missing_pdb,False
Q9C0B1,,missing_pdb,False
Q9C0C2,/data/ranran/my_ptm/croton/data/structure_pipeline/pdb/Q9C0C2.pdb,exact_sequence_match,True
Q9C0C9,/data/ranran/my_ptm/croton/data/structure_pipeline/pdb/Q9C0C9.pdb,exact_sequence_match,True
Q9C0D9,,missing_pdb,False
Q9GZL7,/data/ranran/my_ptm/croton/data/structure_pipeline/pdb/Q9GZL7.pdb,exact_sequence_match,True
Q9GZQ8,,missing_pdb,False
Q9GZR2,/data/ranran/my_ptm/croton/data/structure_pipeline/pdb/Q9GZR2.pdb,exact_sequence_match,True
Q9GZR7,/data/ranran/my_ptm/croton/data/structure_pipeline/pdb/Q9GZR7.pdb,exact_sequence_match,True
Q9GZT3,/data/ranran/my_ptm/croton/data/structure_pipeline/pdb/Q9GZT3.pdb,exact_sequence_match,True
Q9GZU8,/data/ranran/my_ptm/croton/data/structure_pipeline/pdb/Q9GZU8.pdb,exact_sequence_match,True
Q9GZZ1,/data/ranran/my_ptm/croton/data/structure_pipeline/pdb/Q9GZZ1.pdb,exact_sequence_match,True
Q9H074,/data/ranran/my_ptm/croton/data/structure_pipeline/pdb/Q9H074.pdb,exact_sequence_match,True
Q9H078,/data/ranran/my_ptm/croton/data/structure_pipeline/pdb/Q9H078.pdb,exact_sequence_match,True
Q9H0A0,/data/ranran/my_ptm/croton/data/structure_pipeline/pdb/Q9H0A0.pdb,exact_sequence_match,True
Q9H0A8,/data/ranran/my_ptm/croton/data/structure_pipeline/pdb/Q9H0A8.pdb,exact_sequence_match,True
Q9H0D6,/data/ranran/my_ptm/croton/data/structure_pipeline/pdb/Q9H0D6.pdb,exact_sequence_match,True
Q9H0E3,/data/ranran/my_ptm/croton/data/structure_pipeline/pdb/Q9H0E3.pdb,exact_sequence_match,True
Q9H0E9,,missing_pdb,False
Q9H0S4,,missing_pdb,False
Q9H0U3,,missing_pdb,False
Q9H173,,missing_pdb,False
Q9H1A4,/data/ranran/my_ptm/croton/data/structure_pipeline/pdb/Q9H1A4.pdb,exact_sequence_match,True
Q9H1K1,/data/ranran/my_ptm/croton/data/structure_pipeline/pdb/Q9H1K1.pdb,exact_sequence_match,True
Q9H267,/data/ranran/my_ptm/croton/data/structure_pipeline/pdb/Q9H267.pdb,exact_sequence_match,True
Q9H2G2,/data/ranran/my_ptm/croton/data/structure_pipeline/pdb/Q9H2G2.pdb,exact_sequence_match,True
Q9H2G9,,missing_pdb,False
Q9H2P0,,missing_pdb,False
Q9H2U1,/data/ranran/my_ptm/croton/data/structure_pipeline/pdb/Q9H2U1.pdb,exact_sequence_match,True
Q9H2U2,/data/ranran/my_ptm/croton/data/structure_pipeline/pdb/Q9H2U2.pdb,exact_sequence_match,True
Q9H307,/data/ranran/my_ptm/croton/data/structure_pipeline/pdb/Q9H307.pdb,exact_sequence_match,True
Q9H3N1,,missing_pdb,False
Q9H3P2,/data/ranran/my_ptm/croton/data/structure_pipeline/pdb/Q9H3P2.pdb,exact_sequence_match,True
Q9H3S7,/data/ranran/my_ptm/croton/data/structure_pipeline/pdb/Q9H3S7.pdb,exact_sequence_match,True
Q9H3U1,/data/ranran/my_ptm/croton/data/structure_pipeline/pdb/Q9H3U1.pdb,exact_sequence_match,True
Q9H3Z4,/data/ranran/my_ptm/croton/data/structure_pipeline/pdb/Q9H3Z4.pdb,exact_sequence_match,True
Q9H444,/data/ranran/my_ptm/croton/data/structure_pipeline/pdb/Q9H444.pdb,exact_sequence_match,True
Q9H446,,missing_pdb,False
Q9H4A4,/data/ranran/my_ptm/croton/data/structure_pipeline/pdb/Q9H4A4.pdb,exact_sequence_match,True
Q9H501,/data/ranran/my_ptm/croton/data/structure_pipeline/pdb/Q9H501.pdb,exact_sequence_match,True
Q9H583,/data/ranran/my_ptm/croton/data/structure_pipeline/pdb/Q9H583.pdb,exact_sequence_match,True
Q9H5Q4,/data/ranran/my_ptm/croton/data/structure_pipeline/pdb/Q9H5Q4.pdb,exact_sequence_match,True
Q9H5V9,,missing_pdb,False
Q9H6F5,/data/ranran/my_ptm/croton/data/structure_pipeline/pdb/Q9H6F5.pdb,exact_sequence_match,True
Q9H6H4,/data/ranran/my_ptm/croton/data/structure_pipeline/pdb/Q9H6H4.pdb,exact_sequence_match,True
Q9H6K4,,missing_pdb,False
Q9H6P5,,missing_pdb,False
Q9H6R4,/data/ranran/my_ptm/croton/data/structure_pipeline/pdb/Q9H6R4.pdb,exact_sequence_match,True
Q9H6U8,/data/ranran/my_ptm/croton/data/structure_pipeline/pdb/Q9H6U8.pdb,exact_sequence_match,True
Q9H6Y7,,missing_pdb,False
Q9H788,/data/ranran/my_ptm/croton/data/structure_pipeline/pdb/Q9H788.pdb,exact_sequence_match,True
Q9H7B2,/data/ranran/my_ptm/croton/data/structure_pipeline/pdb/Q9H7B2.pdb,exact_sequence_match,True
Q9H7C9,,missing_pdb,False
Q9H7M9,,missing_pdb,False
Q9H7Z7,/data/ranran/my_ptm/croton/data/structure_pipeline/pdb/Q9H7Z7.pdb,exact_sequence_match,True
Q9H832,/data/ranran/my_ptm/croton/data/structure_pipeline/pdb/Q9H832.pdb,exact_sequence_match,True
Q9H8G2,,missing_pdb,False
Q9H8H0,/data/ranran/my_ptm/croton/data/structure_pipeline/pdb/Q9H8H0.pdb,exact_sequence_match,True
Q9H8Y8,/data/ranran/my_ptm/croton/data/structure_pipeline/pdb/Q9H8Y8.pdb,exact_sequence_match,True
Q9H920,,missing_pdb,False
Q9H993,/data/ranran/my_ptm/croton/data/structure_pipeline/pdb/Q9H993.pdb,exact_sequence_match,True
Q9H9B4,/data/ranran/my_ptm/croton/data/structure_pipeline/pdb/Q9H9B4.pdb,exact_sequence_match,True
Q9H9J2,,missing_pdb,False
Q9H9Q2,,missing_pdb,False
Q9H9S3,,missing_pdb,False
Q9HA77,/data/ranran/my_ptm/croton/data/structure_pipeline/pdb/Q9HA77.pdb,exact_sequence_match,True
Q9HAS0,,missing_pdb,False
Q9HB07,/data/ranran/my_ptm/croton/data/structure_pipeline/pdb/Q9HB07.pdb;/data/ranran/my_ptm/croton/data/structure_pipeline/pdb/AF-Q9HB07-F1-model_v6.pdb,sequence_mismatch,False
Q9HB40,/data/ranran/my_ptm/croton/data/structure_pipeline/pdb/Q9HB40.pdb,exact_sequence_match,True
Q9HB71,/data/ranran/my_ptm/croton/data/structure_pipeline/pdb/Q9HB71.pdb,exact_sequence_match,True
Q9HBH0,/data/ranran/my_ptm/croton/data/structure_pipeline/pdb/Q9HBH0.pdb,exact_sequence_match,True
Q9HBL7,/data/ranran/my_ptm/croton/data/structure_pipeline/pdb/Q9HBL7.pdb,exact_sequence_match,True
Q9HC35,/data/ranran/my_ptm/croton/data/structure_pipeline/pdb/Q9HC35.pdb,exact_sequence_match,True
Q9HC36,/data/ranran/my_ptm/croton/data/structure_pipeline/pdb/Q9HC36.pdb,exact_sequence_match,True
Q9HC38,/data/ranran/my_ptm/croton/data/structure_pipeline/pdb/Q9HC38.pdb,exact_sequence_match,True
Q9HCC0,/data/ranran/my_ptm/croton/data/structure_pipeline/pdb/Q9HCC0.pdb,exact_sequence_match,True
Q9HD15,,missing_pdb,False
Q9HD20,,missing_pdb,False
Q9HD26,/data/ranran/my_ptm/croton/data/structure_pipeline/pdb/Q9HD26.pdb,exact_sequence_match,True
Q9HD33,/data/ranran/my_ptm/croton/data/structure_pipeline/pdb/Q9HD33.pdb,exact_sequence_match,True
Q9HDC9,/data/ranran/my_ptm/croton/data/structure_pipeline/pdb/Q9HDC9.pdb,exact_sequence_match,True
Q9NNX1,,missing_pdb,False
Q9NP61,,missing_pdb,False
Q9NP79,/data/ranran/my_ptm/croton/data/structure_pipeline/pdb/Q9NP79.pdb,exact_sequence_match,True
Q9NP81,,missing_pdb,False
Q9NPA8,/data/ranran/my_ptm/croton/data/structure_pipeline/pdb/Q9NPA8.pdb,exact_sequence_match,True
Q9NPE3,/data/ranran/my_ptm/croton/data/structure_pipeline/pdb/Q9NPE3.pdb,exact_sequence_match,True
Q9NPG3,,missing_pdb,False
Q9NPJ3,,missing_pdb,False
Q9NQ48,,missing_pdb,False
Q9NQ50,,missing_pdb,False
Q9NQ55,/data/ranran/my_ptm/croton/data/structure_pipeline/pdb/Q9NQ55.pdb,exact_sequence_match,True
Q9NQA3,,missing_pdb,False
Q9NQC3,/data/ranran/my_ptm/croton/data/structure_pipeline/pdb/Q9NQC3.pdb,exact_sequence_match,True
Q9NQC8,,missing_pdb,False
Q9NQG5,/data/ranran/my_ptm/croton/data/structure_pipeline/pdb/Q9NQG5.pdb,exact_sequence_match,True
Q9NQP4,/data/ranran/my_ptm/croton/data/structure_pipeline/pdb/Q9NQP4.pdb,exact_sequence_match,True
Q9NQV7,/data/ranran/my_ptm/croton/data/structure_pipeline/pdb/Q9NQV7.pdb,exact_sequence_match,True
Q9NQW6,/data/ranran/my_ptm/croton/data/structure_pipeline/pdb/Q9NQW6.pdb,exact_sequence_match,True
Q9NQZ2,/data/ranran/my_ptm/croton/data/structure_pipeline/pdb/Q9NQZ2.pdb,exact_sequence_match,True
Q9NR30,/data/ranran/my_ptm/croton/data/structure_pipeline/pdb/Q9NR30.pdb,exact_sequence_match,True
Q9NR31,/data/ranran/my_ptm/croton/data/structure_pipeline/pdb/Q9NR31.pdb,exact_sequence_match,True
Q9NR33,/data/ranran/my_ptm/croton/data/structure_pipeline/pdb/Q9NR33.pdb,exact_sequence_match,True
Q9NR45,/data/ranran/my_ptm/croton/data/structure_pipeline/pdb/Q9NR45.pdb,exact_sequence_match,True
Q9NRG0,/data/ranran/my_ptm/croton/data/structure_pipeline/pdb/Q9NRG0.pdb,exact_sequence_match,True
Q9NRR5,,missing_pdb,False
Q9NRV9,/data/ranran/my_ptm/croton/data/structure_pipeline/pdb/Q9NRV9.pdb,exact_sequence_match,True
Q9NRW7,/data/ranran/my_ptm/croton/data/structure_pipeline/pdb/Q9NRW7.pdb,exact_sequence_match,True
Q9NRX2,/data/ranran/my_ptm/croton/data/structure_pipeline/pdb/Q9NRX2.pdb,exact_sequence_match,True
Q9NRX4,/data/ranran/my_ptm/croton/data/structure_pipeline/pdb/Q9NRX4.pdb,exact_sequence_match,True
Q9NS86,,missing_pdb,False
Q9NSD9,/data/ranran/my_ptm/croton/data/structure_pipeline/pdb/Q9NSD9.pdb,exact_sequence_match,True
Q9NSE4,/data/ranran/my_ptm/croton/data/structure_pipeline/pdb/Q9NSE4.pdb,exact_sequence_match,True
Q9NT62,/data/ranran/my_ptm/croton/data/structure_pipeline/pdb/Q9NT62.pdb,exact_sequence_match,True
Q9NTG7,,missing_pdb,False
Q9NTI5,/data/ranran/my_ptm/croton/data/structure_pipeline/pdb/Q9NTI5.pdb,exact_sequence_match,True
Q9NTJ3,/data/ranran/my_ptm/croton/data/structure_pipeline/pdb/Q9NTJ3.pdb,exact_sequence_match,True
Q9NTJ5,/data/ranran/my_ptm/croton/data/structure_pipeline/pdb/Q9NTJ5.pdb,exact_sequence_match,True
Q9NTK5,/data/ranran/my_ptm/croton/data/structure_pipeline/pdb/Q9NTK5.pdb,exact_sequence_match,True
Q9NTX7,,missing_pdb,False
Q9NTZ6,/data/ranran/my_ptm/croton/data/structure_pipeline/pdb/Q9NTZ6.pdb,exact_sequence_match,True
Q9NUI1,,missing_pdb,False
Q9NUJ1,,missing_pdb,False
Q9NUM3,,missing_pdb,False
Q9NUM4,/data/ranran/my_ptm/croton/data/structure_pipeline/pdb/Q9NUM4.pdb,exact_sequence_match,True
Q9NUQ6,,missing_pdb,False
Q9NUQ7,,missing_pdb,False
Q9NUQ9,/data/ranran/my_ptm/croton/data/structure_pipeline/pdb/Q9NUQ9.pdb,exact_sequence_match,True
Q9NVH1,/data/ranran/my_ptm/croton/data/structure_pipeline/pdb/Q9NVH1.pdb,exact_sequence_match,True
Q9NVM9,/data/ranran/my_ptm/croton/data/structure_pipeline/pdb/Q9NVM9.pdb,exact_sequence_match,True
Q9NVP1,/data/ranran/my_ptm/croton/data/structure_pipeline/pdb/Q9NVP1.pdb,exact_sequence_match,True
Q9NVS9,,missing_pdb,False
Q9NVU7,/data/ranran/my_ptm/croton/data/structure_pipeline/pdb/Q9NVU7.pdb,exact_sequence_match,True
Q9NW13,/data/ranran/my_ptm/croton/data/structure_pipeline/pdb/Q9NW13.pdb,exact_sequence_match,True
Q9NW64,/data/ranran/my_ptm/croton/data/structure_pipeline/pdb/Q9NW64.pdb,exact_sequence_match,True
Q9NWB6,/data/ranran/my_ptm/croton/data/structure_pipeline/pdb/Q9NWB6.pdb,exact_sequence_match,True
Q9NWH9,/data/ranran/my_ptm/croton/data/structure_pipeline/pdb/Q9NWH9.pdb,exact_sequence_match,True
Q9NWS8,/data/ranran/my_ptm/croton/data/structure_pipeline/pdb/Q9NWS8.pdb,exact_sequence_match,True
Q9NWT1,/data/ranran/my_ptm/croton/data/structure_pipeline/pdb/Q9NWT1.pdb,exact_sequence_match,True
Q9NWU5,,missing_pdb,False
Q9NWX6,,missing_pdb,False
Q9NWZ3,,missing_pdb,False
Q9NX08,,missing_pdb,False
Q9NX24,,missing_pdb,False
Q9NX40,/data/ranran/my_ptm/croton/data/structure_pipeline/pdb/Q9NX40.pdb,exact_sequence_match,True
Q9NX58,/data/ranran/my_ptm/croton/data/structure_pipeline/pdb/Q9NX58.pdb;/data/ranran/my_ptm/croton/data/structure_pipeline/pdb/AF-Q9NX58-F1-model_v6.pdb,sequence_mismatch,False
Q9NX62,/data/ranran/my_ptm/croton/data/structure_pipeline/pdb/Q9NX62.pdb,exact_sequence_match,True
Q9NX76,,missing_pdb,False
Q9NXG2,/data/ranran/my_ptm/croton/data/structure_pipeline/pdb/Q9NXG2.pdb,exact_sequence_match,True
Q9NXV6,,missing_pdb,False
Q9NXW2,,missing_pdb,False
Q9NY33,/data/ranran/my_ptm/croton/data/structure_pipeline/pdb/Q9NY33.pdb,exact_sequence_match,True
Q9NY93,/data/ranran/my_ptm/croton/data/structure_pipeline/pdb/Q9NY93.pdb,exact_sequence_match,True
Q9NYK5,/data/ranran/my_ptm/croton/data/structure_pipeline/pdb/Q9NYK5.pdb,exact_sequence_match,True
Q9NYL2,,missing_pdb,False
Q9NYL9,/data/ranran/my_ptm/croton/data/structure_pipeline/pdb/Q9NYL9.pdb,exact_sequence_match,True
Q9NYP7,/data/ranran/my_ptm/croton/data/structure_pipeline/pdb/Q9NYP7.pdb,exact_sequence_match,True
Q9NYU2,/data/ranran/my_ptm/croton/data/structure_pipeline/pdb/Q9NYU2.pdb,exact_sequence_match,True
Q9NZ01,/data/ranran/my_ptm/croton/data/structure_pipeline/pdb/Q9NZ01.pdb,exact_sequence_match,True
Q9NZ32,/data/ranran/my_ptm/croton/data/structure_pipeline/pdb/Q9NZ32.pdb,exact_sequence_match,True
Q9NZ63,/data/ranran/my_ptm/croton/data/structure_pipeline/pdb/Q9NZ63.pdb,exact_sequence_match,True
Q9NZC3,,missing_pdb,False
Q9NZE8,/data/ranran/my_ptm/croton/data/structure_pipeline/pdb/Q9NZE8.pdb,exact_sequence_match,True
Q9NZI8,,missing_pdb,False
Q9NZJ6,,missing_pdb,False
Q9NZL9,/data/ranran/my_ptm/croton/data/structure_pipeline/pdb/Q9NZL9.pdb,exact_sequence_match,True
Q9NZM1,/data/ranran/my_ptm/croton/data/structure_pipeline/pdb/Q9NZM1.pdb,exact_sequence_match,True
Q9NZM3,/data/ranran/my_ptm/croton/data/structure_pipeline/pdb/Q9NZM3.pdb,exact_sequence_match,True
Q9NZN4,/data/ranran/my_ptm/croton/data/structure_pipeline/pdb/Q9NZN4.pdb,exact_sequence_match,True
Q9P035,,missing_pdb,False
Q9P0I2,/data/ranran/my_ptm/croton/data/structure_pipeline/pdb/Q9P0I2.pdb,exact_sequence_match,True
Q9P0K7,/data/ranran/my_ptm/croton/data/structure_pipeline/pdb/Q9P0K7.pdb,exact_sequence_match,True
Q9P0L0,/data/ranran/my_ptm/croton/data/structure_pipeline/pdb/Q9P0L0.pdb,exact_sequence_match,True
Q9P0S3,,missing_pdb,False
Q9P258,/data/ranran/my_ptm/croton/data/structure_pipeline/pdb/Q9P258.pdb,exact_sequence_match,True
Q9P287,/data/ranran/my_ptm/croton/data/structure_pipeline/pdb/Q9P287.pdb,exact_sequence_match,True
Q9P289,,missing_pdb,False
Q9P2D0,,missing_pdb,False
Q9P2E3,/data/ranran/my_ptm/croton/data/structure_pipeline/pdb/Q9P2E3.pdb,exact_sequence_match,True
Q9P2E9,/data/ranran/my_ptm/croton/data/structure_pipeline/pdb/Q9P2E9.pdb,exact_sequence_match,True
Q9P2J5,/data/ranran/my_ptm/croton/data/structure_pipeline/pdb/Q9P2J5.pdb,exact_sequence_match,True
Q9P2M1,,missing_pdb,False
Q9P2M4,,missing_pdb,False
Q9P2M7,,missing_pdb,False
Q9P2R3,/data/ranran/my_ptm/croton/data/structure_pipeline/pdb/Q9P2R3.pdb,exact_sequence_match,True
Q9P2R6,,missing_pdb,False
Q9P2R7,/data/ranran/my_ptm/croton/data/structure_pipeline/pdb/Q9P2R7.pdb,exact_sequence_match,True
Q9UBB4,/data/ranran/my_ptm/croton/data/structure_pipeline/pdb/Q9UBB4.pdb,exact_sequence_match,True
Q9UBB5,/data/ranran/my_ptm/croton/data/structure_pipeline/pdb/Q9UBB5.pdb,exact_sequence_match,True
Q9UBE0,/data/ranran/my_ptm/croton/data/structure_pipeline/pdb/Q9UBE0.pdb,exact_sequence_match,True
Q9UBL3,/data/ranran/my_ptm/croton/data/structure_pipeline/pdb/Q9UBL3.pdb,exact_sequence_match,True
Q9UBQ0,,missing_pdb,False
Q9UBQ5,,missing_pdb,False
Q9UBQ7,,missing_pdb,False
Q9UBR2,/data/ranran/my_ptm/croton/data/structure_pipeline/pdb/Q9UBR2.pdb,exact_sequence_match,True
Q9UBT2,/data/ranran/my_ptm/croton/data/structure_pipeline/pdb/Q9UBT2.pdb,exact_sequence_match,True
Q9UBV8,,missing_pdb,False
Q9UBX8,/data/ranran/my_ptm/croton/data/structure_pipeline/pdb/Q9UBX8.pdb,exact_sequence_match,True
Q9UDT6,,missing_pdb,False
Q9UDW1,,missing_pdb,False
Q9UEU0,,missing_pdb,False
Q9UFN0,,missing_pdb,False
Q9UG63,/data/ranran/my_ptm/croton/data/structure_pipeline/pdb/Q9UG63.pdb,exact_sequence_match,True
Q9UGC7,/data/ranran/my_ptm/croton/data/structure_pipeline/pdb/Q9UGC7.pdb,exact_sequence_match,True
Q9UGI8,/data/ranran/my_ptm/croton/data/structure_pipeline/pdb/Q9UGI8.pdb,exact_sequence_match,True
Q9UH65,/data/ranran/my_ptm/croton/data/structure_pipeline/pdb/Q9UH65.pdb,exact_sequence_match,True
Q9UHA3,/data/ranran/my_ptm/croton/data/structure_pipeline/pdb/Q9UHA3.pdb,exact_sequence_match,True
Q9UHB6,/data/ranran/my_ptm/croton/data/structure_pipeline/pdb/Q9UHB6.pdb,exact_sequence_match,True
Q9UHD1,/data/ranran/my_ptm/croton/data/structure_pipeline/pdb/Q9UHD1.pdb,exact_sequence_match,True
Q9UHD8,/data/ranran/my_ptm/croton/data/structure_pipeline/pdb/Q9UHD8.pdb,exact_sequence_match,True
Q9UHG3,/data/ranran/my_ptm/croton/data/structure_pipeline/pdb/Q9UHG3.pdb,exact_sequence_match,True
Q9UHN6,,missing_pdb,False
Q9UHQ9,/data/ranran/my_ptm/croton/data/structure_pipeline/pdb/Q9UHQ9.pdb,exact_sequence_match,True
Q9UHR5,,missing_pdb,False
Q9UHV9,/data/ranran/my_ptm/croton/data/structure_pipeline/pdb/Q9UHV9.pdb,exact_sequence_match,True
Q9UHX1,,missing_pdb,False
Q9UI09,/data/ranran/my_ptm/croton/data/structure_pipeline/pdb/Q9UI09.pdb,exact_sequence_match,True
Q9UI12,/data/ranran/my_ptm/croton/data/structure_pipeline/pdb/Q9UI12.pdb,exact_sequence_match,True
Q9UIA9,/data/ranran/my_ptm/croton/data/structure_pipeline/pdb/Q9UIA9.pdb,exact_sequence_match,True
Q9UIC8,,missing_pdb,False
Q9UIG0,/data/ranran/my_ptm/croton/data/structure_pipeline/pdb/Q9UIG0.pdb,exact_sequence_match,True
Q9UII2,/data/ranran/my_ptm/croton/data/structure_pipeline/pdb/Q9UII2.pdb,exact_sequence_match,True
Q9UIL1,,missing_pdb,False
Q9UIQ6,/data/ranran/my_ptm/croton/data/structure_pipeline/pdb/Q9UIQ6.pdb,exact_sequence_match,True
Q9UJS0,,missing_pdb,False
Q9UJV9,/data/ranran/my_ptm/croton/data/structure_pipeline/pdb/Q9UJV9.pdb,exact_sequence_match,True
Q9UJW0,,missing_pdb,False
Q9UJX2,/data/ranran/my_ptm/croton/data/structure_pipeline/pdb/Q9UJX2.pdb,exact_sequence_match,True
Q9UJX3,,missing_pdb,False
Q9UJZ1,/data/ranran/my_ptm/croton/data/structure_pipeline/pdb/Q9UJZ1.pdb,exact_sequence_match,True
Q9UK45,/data/ranran/my_ptm/croton/data/structure_pipeline/pdb/Q9UK45.pdb,exact_sequence_match,True
Q9UKD2,/data/ranran/my_ptm/croton/data/structure_pipeline/pdb/Q9UKD2.pdb,exact_sequence_match,True
Q9UKF6,,missing_pdb,False
Q9UKK3,/data/ranran/my_ptm/croton/data/structure_pipeline/pdb/Q9UKK3.pdb,exact_sequence_match,True
Q9UKL0,,missing_pdb,False
Q9UKM7,,missing_pdb,False
Q9UKM9,,missing_pdb,False
Q9UKN8,/data/ranran/my_ptm/croton/data/structure_pipeline/pdb/Q9UKN8.pdb,exact_sequence_match,True
Q9UKX7,/data/ranran/my_ptm/croton/data/structure_pipeline/pdb/Q9UKX7.pdb,exact_sequence_match,True
Q9UKY7,/data/ranran/my_ptm/croton/data/structure_pipeline/pdb/Q9UKY7.pdb,exact_sequence_match,True
Q9UL25,/data/ranran/my_ptm/croton/data/structure_pipeline/pdb/Q9UL25.pdb,exact_sequence_match,True
Q9ULB4,,missing_pdb,False
Q9ULC4,/data/ranran/my_ptm/croton/data/structure_pipeline/pdb/Q9ULC4.pdb,exact_sequence_match,True
Q9ULD2,/data/ranran/my_ptm/croton/data/structure_pipeline/pdb/Q9ULD2.pdb,exact_sequence_match,True
Q9ULH0,/data/ranran/my_ptm/croton/data/structure_pipeline/pdb/Q9ULH0.pdb,exact_sequence_match,True
Q9ULQ1,,missing_pdb,False
Q9ULU4,,missing_pdb,False
Q9ULV4,,missing_pdb,False
Q9ULW3,,missing_pdb,False
Q9UM00,,missing_pdb,False
Q9UM54,,missing_pdb,False
Q9UMS4,/data/ranran/my_ptm/croton/data/structure_pipeline/pdb/Q9UMS4.pdb,exact_sequence_match,True
Q9UMX5,/data/ranran/my_ptm/croton/data/structure_pipeline/pdb/Q9UMX5.pdb,exact_sequence_match,True
Q9UMY1,/data/ranran/my_ptm/croton/data/structure_pipeline/pdb/Q9UMY1.pdb,exact_sequence_match,True
Q9UN37,,missing_pdb,False
Q9UN76,,missing_pdb,False
Q9UNE7,/data/ranran/my_ptm/croton/data/structure_pipeline/pdb/Q9UNE7.pdb,exact_sequence_match,True
Q9UNF0,/data/ranran/my_ptm/croton/data/structure_pipeline/pdb/Q9UNF0.pdb,exact_sequence_match,True
Q9UNF1,,missing_pdb,False
Q9UNH7,/data/ranran/my_ptm/croton/data/structure_pipeline/pdb/Q9UNH7.pdb,exact_sequence_match,True
Q9UNK0,/data/ranran/my_ptm/croton/data/structure_pipeline/pdb/Q9UNK0.pdb,exact_sequence_match,True
Q9UNL2,/data/ranran/my_ptm/croton/data/structure_pipeline/pdb/Q9UNL2.pdb,exact_sequence_match,True
Q9UNM6,/data/ranran/my_ptm/croton/data/structure_pipeline/pdb/Q9UNM6.pdb,exact_sequence_match,True
Q9UNQ2,/data/ranran/my_ptm/croton/data/structure_pipeline/pdb/Q9UNQ2.pdb,exact_sequence_match,True
Q9UNW1,,missing_pdb,False
Q9UNX4,/data/ranran/my_ptm/croton/data/structure_pipeline/pdb/Q9UNX4.pdb,exact_sequence_match,True
Q9UNZ2,/data/ranran/my_ptm/croton/data/structure_pipeline/pdb/Q9UNZ2.pdb,exact_sequence_match,True
Q9UP83,,missing_pdb,False
Q9UPM8,,missing_pdb,False
Q9UPN4,/data/ranran/my_ptm/croton/data/structure_pipeline/pdb/Q9UPN4.pdb,exact_sequence_match,True
Q9UPT5,/data/ranran/my_ptm/croton/data/structure_pipeline/pdb/Q9UPT5.pdb,exact_sequence_match,True
Q9UQ35,,missing_pdb,False
Q9UQ80,/data/ranran/my_ptm/croton/data/structure_pipeline/pdb/Q9UQ80.pdb,exact_sequence_match,True
Q9UQ88,,missing_pdb,False
Q9UQB8,/data/ranran/my_ptm/croton/data/structure_pipeline/pdb/Q9UQB8.pdb,exact_sequence_match,True
Q9UQE7,/data/ranran/my_ptm/croton/data/structure_pipeline/pdb/Q9UQE7.pdb,exact_sequence_match,True
Q9UQN3,/data/ranran/my_ptm/croton/data/structure_pipeline/pdb/Q9UQN3.pdb,exact_sequence_match,True
Q9Y221,/data/ranran/my_ptm/croton/data/structure_pipeline/pdb/Q9Y221.pdb,exact_sequence_match,True
Q9Y224,/data/ranran/my_ptm/croton/data/structure_pipeline/pdb/Q9Y224.pdb,exact_sequence_match,True
Q9Y230,/data/ranran/my_ptm/croton/data/structure_pipeline/pdb/Q9Y230.pdb,exact_sequence_match,True
Q9Y237,/data/ranran/my_ptm/croton/data/structure_pipeline/pdb/Q9Y237.pdb,exact_sequence_match,True
Q9Y243,,missing_pdb,False
Q9Y262,/data/ranran/my_ptm/croton/data/structure_pipeline/pdb/Q9Y262.pdb,exact_sequence_match,True
Q9Y266,/data/ranran/my_ptm/croton/data/structure_pipeline/pdb/Q9Y266.pdb,exact_sequence_match,True
Q9Y282,/data/ranran/my_ptm/croton/data/structure_pipeline/pdb/Q9Y282.pdb,exact_sequence_match,True
Q9Y285,/data/ranran/my_ptm/croton/data/structure_pipeline/pdb/Q9Y285.pdb,exact_sequence_match,True
Q9Y287,,missing_pdb,False
Q9Y291,,missing_pdb,False
Q9Y295,/data/ranran/my_ptm/croton/data/structure_pipeline/pdb/Q9Y295.pdb,exact_sequence_match,True
Q9Y2A7,/data/ranran/my_ptm/croton/data/structure_pipeline/pdb/Q9Y2A7.pdb,exact_sequence_match,True
Q9Y2B0,/data/ranran/my_ptm/croton/data/structure_pipeline/pdb/Q9Y2B0.pdb,exact_sequence_match,True
Q9Y2I1,,missing_pdb,False
Q9Y2L1,/data/ranran/my_ptm/croton/data/structure_pipeline/pdb/Q9Y2L1.pdb,exact_sequence_match,True
Q9Y2L6,,missing_pdb,False
Q9Y2Q3,,missing_pdb,False
Q9Y2Q9,/data/ranran/my_ptm/croton/data/structure_pipeline/pdb/Q9Y2Q9.pdb,exact_sequence_match,True
Q9Y2R0,,missing_pdb,False
Q9Y2R4,,missing_pdb,False
Q9Y2R5,,missing_pdb,False
Q9Y2R9,/data/ranran/my_ptm/croton/data/structure_pipeline/pdb/Q9Y2R9.pdb,exact_sequence_match,True
Q9Y2V2,/data/ranran/my_ptm/croton/data/structure_pipeline/pdb/Q9Y2V2.pdb,exact_sequence_match,True
Q9Y2W1,/data/ranran/my_ptm/croton/data/structure_pipeline/pdb/Q9Y2W1.pdb,exact_sequence_match,True
Q9Y2W2,/data/ranran/my_ptm/croton/data/structure_pipeline/pdb/Q9Y2W2.pdb,exact_sequence_match,True
Q9Y2Z0,/data/ranran/my_ptm/croton/data/structure_pipeline/pdb/Q9Y2Z0.pdb,exact_sequence_match,True
Q9Y2Z9,,missing_pdb,False
Q9Y305,/data/ranran/my_ptm/croton/data/structure_pipeline/pdb/Q9Y305.pdb,exact_sequence_match,True
Q9Y312,/data/ranran/my_ptm/croton/data/structure_pipeline/pdb/Q9Y312.pdb,exact_sequence_match,True
Q9Y314,/data/ranran/my_ptm/croton/data/structure_pipeline/pdb/Q9Y314.pdb,exact_sequence_match,True
Q9Y320,,missing_pdb,False
Q9Y333,/data/ranran/my_ptm/croton/data/structure_pipeline/pdb/Q9Y333.pdb,exact_sequence_match,True
Q9Y376,/data/ranran/my_ptm/croton/data/structure_pipeline/pdb/Q9Y376.pdb,exact_sequence_match,True
Q9Y383,/data/ranran/my_ptm/croton/data/structure_pipeline/pdb/Q9Y383.pdb,exact_sequence_match,True
Q9Y394,/data/ranran/my_ptm/croton/data/structure_pipeline/pdb/Q9Y394.pdb,exact_sequence_match,True
Q9Y3A2,/data/ranran/my_ptm/croton/data/structure_pipeline/pdb/Q9Y3A2.pdb,exact_sequence_match,True
Q9Y3A5,/data/ranran/my_ptm/croton/data/structure_pipeline/pdb/Q9Y3A5.pdb,exact_sequence_match,True
Q9Y3A6,,missing_pdb,False
Q9Y3B4,/data/ranran/my_ptm/croton/data/structure_pipeline/pdb/Q9Y3B4.pdb,exact_sequence_match,True
Q9Y3B7,/data/ranran/my_ptm/croton/data/structure_pipeline/pdb/Q9Y3B7.pdb,exact_sequence_match,True
Q9Y3B8,/data/ranran/my_ptm/croton/data/structure_pipeline/pdb/Q9Y3B8.pdb,exact_sequence_match,True
Q9Y3B9,/data/ranran/my_ptm/croton/data/structure_pipeline/pdb/Q9Y3B9.pdb,exact_sequence_match,True
Q9Y3C0,/data/ranran/my_ptm/croton/data/structure_pipeline/pdb/Q9Y3C0.pdb,exact_sequence_match,True
Q9Y3C1,/data/ranran/my_ptm/croton/data/structure_pipeline/pdb/Q9Y3C1.pdb,exact_sequence_match,True
Q9Y3D5,,missing_pdb,False
Q9Y3D6,/data/ranran/my_ptm/croton/data/structure_pipeline/pdb/Q9Y3D6.pdb,exact_sequence_match,True
Q9Y3D9,/data/ranran/my_ptm/croton/data/structure_pipeline/pdb/Q9Y3D9.pdb,exact_sequence_match,True
Q9Y3F4,/data/ranran/my_ptm/croton/data/structure_pipeline/pdb/Q9Y3F4.pdb,exact_sequence_match,True
Q9Y3I0,/data/ranran/my_ptm/croton/data/structure_pipeline/pdb/Q9Y3I0.pdb,exact_sequence_match,True
Q9Y3T9,/data/ranran/my_ptm/croton/data/structure_pipeline/pdb/Q9Y3T9.pdb,exact_sequence_match,True
Q9Y3U8,/data/ranran/my_ptm/croton/data/structure_pipeline/pdb/Q9Y3U8.pdb,exact_sequence_match,True
Q9Y3Y2,/data/ranran/my_ptm/croton/data/structure_pipeline/pdb/Q9Y3Y2.pdb,exact_sequence_match,True
Q9Y3Z3,/data/ranran/my_ptm/croton/data/structure_pipeline/pdb/Q9Y3Z3.pdb,exact_sequence_match,True
Q9Y463,,missing_pdb,False
Q9Y490,,missing_pdb,False
Q9Y496,,missing_pdb,False
Q9Y4D1,,missing_pdb,False
Q9Y4E1,,missing_pdb,False
Q9Y4I1,/data/ranran/my_ptm/croton/data/structure_pipeline/pdb/Q9Y4I1.pdb,exact_sequence_match,True
Q9Y4K0,,missing_pdb,False
Q9Y4L1,/data/ranran/my_ptm/croton/data/structure_pipeline/pdb/Q9Y4L1.pdb,exact_sequence_match,True
Q9Y4P3,/data/ranran/my_ptm/croton/data/structure_pipeline/pdb/Q9Y4P3.pdb,exact_sequence_match,True
Q9Y4W2,/data/ranran/my_ptm/croton/data/structure_pipeline/pdb/Q9Y4W2.pdb,exact_sequence_match,True
Q9Y4W6,/data/ranran/my_ptm/croton/data/structure_pipeline/pdb/Q9Y4W6.pdb,exact_sequence_match,True
Q9Y4X5,/data/ranran/my_ptm/croton/data/structure_pipeline/pdb/Q9Y4X5.pdb,exact_sequence_match,True
Q9Y512,/data/ranran/my_ptm/croton/data/structure_pipeline/pdb/Q9Y512.pdb,exact_sequence_match,True
Q9Y520,,missing_pdb,False
Q9Y570,/data/ranran/my_ptm/croton/data/structure_pipeline/pdb/Q9Y570.pdb,exact_sequence_match,True
Q9Y5B9,/data/ranran/my_ptm/croton/data/structure_pipeline/pdb/Q9Y5B9.pdb,exact_sequence_match,True
Q9Y5J1,/data/ranran/my_ptm/croton/data/structure_pipeline/pdb/Q9Y5J1.pdb,exact_sequence_match,True
Q9Y5L0,/data/ranran/my_ptm/croton/data/structure_pipeline/pdb/Q9Y5L0.pdb,exact_sequence_match,True
Q9Y5M8,/data/ranran/my_ptm/croton/data/structure_pipeline/pdb/Q9Y5M8.pdb,exact_sequence_match,True
Q9Y5Z7,,missing_pdb,False
Q9Y608,/data/ranran/my_ptm/croton/data/structure_pipeline/pdb/Q9Y608.pdb,exact_sequence_match,True
Q9Y617,/data/ranran/my_ptm/croton/data/structure_pipeline/pdb/Q9Y617.pdb,exact_sequence_match,True
Q9Y618,,missing_pdb,False
Q9Y639,,missing_pdb,False
Q9Y653,,missing_pdb,False
Q9Y673,/data/ranran/my_ptm/croton/data/structure_pipeline/pdb/Q9Y673.pdb,exact_sequence_match,True
Q9Y678,/data/ranran/my_ptm/croton/data/structure_pipeline/pdb/Q9Y678.pdb,exact_sequence_match,True
Q9Y679,,missing_pdb,False
Q9Y696,/data/ranran/my_ptm/croton/data/structure_pipeline/pdb/Q9Y696.pdb,exact_sequence_match,True
Q9Y6A5,/data/ranran/my_ptm/croton/data/structure_pipeline/pdb/Q9Y6A5.pdb,exact_sequence_match,True
Q9Y6A9,,missing_pdb,False
Q9Y6C9,/data/ranran/my_ptm/croton/data/structure_pipeline/pdb/Q9Y6C9.pdb,exact_sequence_match,True
Q9Y6D9,/data/ranran/my_ptm/croton/data/structure_pipeline/pdb/Q9Y6D9.pdb,exact_sequence_match,True
Q9Y6G9,/data/ranran/my_ptm/croton/data/structure_pipeline/pdb/Q9Y6G9.pdb,exact_sequence_match,True
Q9Y6K9,/data/ranran/my_ptm/croton/data/structure_pipeline/pdb/Q9Y6K9.pdb,exact_sequence_match,True
Q9Y6M7,/data/ranran/my_ptm/croton/data/structure_pipeline/pdb/Q9Y6M7.pdb,exact_sequence_match,True
Q9Y6M9,/data/ranran/my_ptm/croton/data/structure_pipeline/pdb/Q9Y6M9.pdb,exact_sequence_match,True
Q9Y6N5,,missing_pdb,False
Q9Y6Y8,/data/ranran/my_ptm/croton/data/structure_pipeline/pdb/Q9Y6Y8.pdb,exact_sequence_match,True
