protein,pdb_path,reason,valid
A0A087WQC8,,missing_pdb,False
A0A097PJ38,,missing_pdb,False
A0A0A0MQ68,,missing_pdb,False
A0A0A6YX26,,missing_pdb,False
A0A0B4J1I0,,missing_pdb,False
A0A0G2K5L2,,missing_pdb,False
A0A0G2KTP6,,missing_pdb,False
A0A0N4SUD2,,missing_pdb,False
A0A0N7KI05,,missing_pdb,False
A0A0P0VLH7,,missing_pdb,False
A0A0P0VPT6,,missing_pdb,False
A0A0P0VRI0,,missing_pdb,False
A0A0P0VTZ7,,missing_pdb,False
A0A0P0VUB4,,missing_pdb,False
A0A0P0VW37,,missing_pdb,False
A0A0P0XBM6,,missing_pdb,False
A0A0P0XU17,,missing_pdb,False
A0A0P0XUU0,,missing_pdb,False
A0A0R4IRH3,,missing_pdb,False
A0A0R4IS05,,missing_pdb,False
A0A0R4ISK8,,missing_pdb,False
A0A0R4J083,,missing_pdb,False
A0A0R4J275,,missing_pdb,False
A0A140LIX9,,missing_pdb,False
A0A1B0GRP7,,missing_pdb,False
A0A1B0GSX0,,missing_pdb,False
A0A1B2YL13,,missing_pdb,False
A0A1J0CN59,,missing_pdb,False
A0A1J0CN61,,missing_pdb,False
A0A1L1SV25,,missing_pdb,False
A0A222C542,,missing_pdb,False
A0A6B9IPS0,,missing_pdb,False
A0KEB9,,missing_pdb,False
A0KEC4,,missing_pdb,False
A0KEF3,,missing_pdb,False
A0KEG0,,missing_pdb,False
A0KEH1,,missing_pdb,False
A0KEH4,,missing_pdb,False
A0KEH6,,missing_pdb,False
A0KEJ9,,missing_pdb,False
A0KEK0,,missing_pdb,False
A0KEM1,,missing_pdb,False
A0KEP7,,missing_pdb,False
A0KEW8,,missing_pdb,False
A0KEY6,,missing_pdb,False
A0KF00,,missing_pdb,False
A0KF01,,missing_pdb,False
A0KF05,,missing_pdb,False
A0KF06,,missing_pdb,False
A0KF07,,missing_pdb,False
A0KF09,,missing_pdb,False
A0KF20,,missing_pdb,False
A0KF23,,missing_pdb,False
A0KF29,,missing_pdb,False
A0KF32,,missing_pdb,False
A0KF34,,missing_pdb,False
A0KF37,,missing_pdb,False
A0KF44,,missing_pdb,False
A0KF46,,missing_pdb,False
A0KF55,,missing_pdb,False
A0KF66,,missing_pdb,False
A0KF70,,missing_pdb,False
A0KF77,,missing_pdb,False
A0KF78,,missing_pdb,False
A0KFB0,,missing_pdb,False
A0KFE6,,missing_pdb,False
A0KFF1,,missing_pdb,False
A0KFH9,,missing_pdb,False
A0KFL7,,missing_pdb,False
A0KFM9,,missing_pdb,False
A0KFR1,,missing_pdb,False
A0KFS6,,missing_pdb,False
A0KFU5,,missing_pdb,False
A0KFZ9,,missing_pdb,False
A0KG07,,missing_pdb,False
A0KG10,,missing_pdb,False
A0KG11,,missing_pdb,False
A0KG23,,missing_pdb,False
A0KG32,,missing_pdb,False
A0KG54,,missing_pdb,False
A0KG55,,missing_pdb,False
A0KG60,,missing_pdb,False
A0KG68,,missing_pdb,False
A0KG77,,missing_pdb,False
A0KG95,,missing_pdb,False
A0KG96,,missing_pdb,False
A0KGC0,,missing_pdb,False
A0KGC5,,missing_pdb,False
A0KGD0,,missing_pdb,False
A0KGD3,,missing_pdb,False
A0KGF1,,missing_pdb,False
A0KGF5,,missing_pdb,False
A0KGI4,,missing_pdb,False
A0KGJ0,,missing_pdb,False
A0KGN7,,missing_pdb,False
A0KGN8,,missing_pdb,False
A0KGP0,,missing_pdb,False
A0KGR8,,missing_pdb,False
A0KGS4,,missing_pdb,False
A0KGS9,,missing_pdb,False
A0KGU0,,missing_pdb,False
A0KGX7,,missing_pdb,False
A0KH04,,missing_pdb,False
A0KH06,,missing_pdb,False
A0KHA8,,missing_pdb,False
A0KHC6,,missing_pdb,False
A0KHC7,,missing_pdb,False
A0KHC8,,missing_pdb,False
A0KHE5,,missing_pdb,False
A0KHF7,,missing_pdb,False
A0KHG0,,missing_pdb,False
A0KHG3,,missing_pdb,False
A0KHH2,,missing_pdb,False
A0KHH5,,missing_pdb,False
A0KHH9,,missing_pdb,False
A0KHI6,,missing_pdb,False
A0KHK8,,missing_pdb,False
A0KHP6,,missing_pdb,False
A0KHS3,,missing_pdb,False
A0KHY1,,missing_pdb,False
A0KHZ9,,missing_pdb,False
A0KI18,,missing_pdb,False
A0KI19,,missing_pdb,False
A0KI20,,missing_pdb,False
A0KI39,,missing_pdb,False
A0KI43,,missing_pdb,False
A0KI50,,missing_pdb,False
A0KI51,,missing_pdb,False
A0KI59,,missing_pdb,False
A0KI77,,missing_pdb,False
A0KIA0,,missing_pdb,False
A0KIB6,,missing_pdb,False
A0KIC6,,missing_pdb,False
A0KID6,,missing_pdb,False
A0KIF2,,missing_pdb,False
A0KIF3,,missing_pdb,False
A0KIG4,,missing_pdb,False
A0KIK5,,missing_pdb,False
A0KIK9,,missing_pdb,False
A0KIM1,,missing_pdb,False
A0KIM4,,missing_pdb,False
A0KIT8,,missing_pdb,False
A0KIU2,,missing_pdb,False
A0KIV1,,missing_pdb,False
A0KIV3,,missing_pdb,False
A0KIY0,,missing_pdb,False
A0KIY4,,missing_pdb,False
A0KIZ5,,missing_pdb,False
A0KJ16,,missing_pdb,False
A0KJ20,,missing_pdb,False
A0KJ21,,missing_pdb,False
A0KJ22,,missing_pdb,False
A0KJ23,,missing_pdb,False
A0KJ45,,missing_pdb,False
A0KJ46,,missing_pdb,False
A0KJ47,,missing_pdb,False
A0KJ48,,missing_pdb,False
A0KJ91,,missing_pdb,False
A0KJ92,,missing_pdb,False
A0KJA0,,missing_pdb,False
A0KJA1,,missing_pdb,False
A0KJB5,,missing_pdb,False
A0KJB6,,missing_pdb,False
A0KJC4,,missing_pdb,False
A0KJC6,,missing_pdb,False
A0KJE3,,missing_pdb,False
A0KJE6,,missing_pdb,False
A0KJF8,,missing_pdb,False
A0KJG9,,missing_pdb,False
A0KJM1,,missing_pdb,False
A0KJM3,,missing_pdb,False
A0KJM5,,missing_pdb,False
A0KJQ9,,missing_pdb,False
A0KJU0,,missing_pdb,False
A0KJU5,,missing_pdb,False
A0KK31,,missing_pdb,False
A0KK32,,missing_pdb,False
A0KK47,,missing_pdb,False
A0KK50,,missing_pdb,False
A0KK56,,missing_pdb,False
A0KK60,,missing_pdb,False
A0KKC5,,missing_pdb,False
A0KKD5,,missing_pdb,False
A0KKE2,,missing_pdb,False
A0KKF0,,missing_pdb,False
A0KKF8,,missing_pdb,False
A0KKF9,,missing_pdb,False
A0KKG3,,missing_pdb,False
A0KKH3,,missing_pdb,False
A0KKK2,,missing_pdb,False
A0KKK7,,missing_pdb,False
A0KKK9,,missing_pdb,False
A0KKM5,,missing_pdb,False
A0KKP7,,missing_pdb,False
A0KKP8,,missing_pdb,False
A0KKQ5,,missing_pdb,False
A0KKQ6,,missing_pdb,False
A0KKQ8,,missing_pdb,False
A0KKS5,,missing_pdb,False
A0KKS8,,missing_pdb,False
A0KKT7,,missing_pdb,False
A0KKZ8,,missing_pdb,False
A0KL23,,missing_pdb,False
A0KL24,,missing_pdb,False
A0KL25,,missing_pdb,False
A0KL44,,missing_pdb,False
A0KLD9,,missing_pdb,False
A0KLG0,,missing_pdb,False
A0KLI0,,missing_pdb,False
A0KLN3,,missing_pdb,False
A0KLQ6,,missing_pdb,False
A0KLT9,,missing_pdb,False
A0KLY0,,missing_pdb,False
A0KLZ1,,missing_pdb,False
A0KLZ4,,missing_pdb,False
A0KM75,,missing_pdb,False
A0KMB4,,missing_pdb,False
A0KMC3,,missing_pdb,False
A0KMD6,,missing_pdb,False
A0KME9,,missing_pdb,False
A0KMF0,,missing_pdb,False
A0KMG1,,missing_pdb,False
A0KMM5,,missing_pdb,False
A0KMM9,,missing_pdb,False
A0KMP0,,missing_pdb,False
A0KMP1,,missing_pdb,False
A0KMP2,,missing_pdb,False
A0KMQ4,,missing_pdb,False
A0KMV9,,missing_pdb,False
A0KMW6,,missing_pdb,False
A0KMZ4,,missing_pdb,False
A0KN25,,missing_pdb,False
A0KN26,,missing_pdb,False
A0KN35,,missing_pdb,False
A0KN67,,missing_pdb,False
A0KN73,,missing_pdb,False
A0KN88,,missing_pdb,False
A0KN94,,missing_pdb,False
A0KNA3,,missing_pdb,False
A0KND5,,missing_pdb,False
A0KNE0,,missing_pdb,False
A0KNE4,,missing_pdb,False
A0KNE5,,missing_pdb,False
A0KNE6,,missing_pdb,False
A0KNF1,,missing_pdb,False
A0KNF2,,missing_pdb,False
A0KNF9,,missing_pdb,False
A0KNG2,,missing_pdb,False
A0KNG7,,missing_pdb,False
A0KNH0,,missing_pdb,False
A0KNH1,,missing_pdb,False
A0KNJ6,,missing_pdb,False
A0KNK1,,missing_pdb,False
A0KNK5,,missing_pdb,False
A0KNL2,,missing_pdb,False
A0KNR1,,missing_pdb,False
A0KNT7,,missing_pdb,False
A0KNU6,,missing_pdb,False
A0KNV4,,missing_pdb,False
A0KNV7,,missing_pdb,False
A0KNY6,,missing_pdb,False
A0KNZ9,,missing_pdb,False
A0KP05,,missing_pdb,False
A0KP14,,missing_pdb,False
A0KP19,,missing_pdb,False
A0KP23,,missing_pdb,False
A0KP53,,missing_pdb,False
A0KP71,,missing_pdb,False
A0KP92,,missing_pdb,False
A0KP93,,missing_pdb,False
A0KPC0,,missing_pdb,False
A0KPD6,,missing_pdb,False
A0KPF5,,missing_pdb,False
A0KPG7,,missing_pdb,False
A0KPJ0,,missing_pdb,False
A0KPJ3,,missing_pdb,False
A0KPJ5,,missing_pdb,False
A0KPL8,,missing_pdb,False
A0KPN3,,missing_pdb,False
A0KPR4,,missing_pdb,False
A0KPR6,,missing_pdb,False
A0KPU4,,missing_pdb,False
A0KPV2,,missing_pdb,False
A0KPW7,,missing_pdb,False
A0KPW8,,missing_pdb,False
A0KPW9,,missing_pdb,False
A0KPY9,,missing_pdb,False
A0KPZ1,,missing_pdb,False
A0KPZ5,,missing_pdb,False
A0KQ22,,missing_pdb,False
A0KQ25,,missing_pdb,False
A0KQ27,,missing_pdb,False
A0KQ40,,missing_pdb,False
A0KQ51,,missing_pdb,False
A0KQ52,,missing_pdb,False
A0KQA3,,missing_pdb,False
A0KQA5,,missing_pdb,False
A0KQA7,,missing_pdb,False
A0KQB0,,missing_pdb,False
A0KQC3,,missing_pdb,False
A0KQE8,,missing_pdb,False
A0KQF3,,missing_pdb,False
A0KQF5,,missing_pdb,False
A0KQG5,,missing_pdb,False
A0KQG6,,missing_pdb,False
A0KQJ1,,missing_pdb,False
A0KQK5,,missing_pdb,False
A0KQL3,,missing_pdb,False
A0KQM2,,missing_pdb,False
A0KQU5,,missing_pdb,False
A0KQU8,,missing_pdb,False
A0KQV3,,missing_pdb,False
A0KQV7,,missing_pdb,False
A0KQW2,,missing_pdb,False
A0KQY2,,missing_pdb,False
A0KQY7,,missing_pdb,False
A0KQZ0,,missing_pdb,False
A0KQZ7,,missing_pdb,False
A0KQZ9,,missing_pdb,False
A0KR05,,missing_pdb,False
A0KR23,,missing_pdb,False
A0MZ66,/data/ranran/my_ptm/croton/data/structure_pipeline/pdb/A0MZ66.pdb,exact_sequence_match,True
A0RZC9,,missing_pdb,False
A1A4G5,,missing_pdb,False
A1EGX6,,missing_pdb,False
A1IGU5,,missing_pdb,False
A2A654,,missing_pdb,False
A2ANY6,,missing_pdb,False
A2AS89,,missing_pdb,False
A2RRP1,/data/ranran/my_ptm/croton/data/structure_pipeline/pdb/A2RRP1.pdb,exact_sequence_match,True
A2VCW9,,missing_pdb,False
A3AHG5,,missing_pdb,False
A3BLC3,,missing_pdb,False
A3C6G9,,missing_pdb,False
A3KGI3,,missing_pdb,False
A3KMH1,/data/ranran/my_ptm/croton/data/structure_pipeline/pdb/A3KMH1.pdb,exact_sequence_match,True
A4D1E9,/data/ranran/my_ptm/croton/data/structure_pipeline/pdb/A4D1E9.pdb,exact_sequence_match,True
A4QQN1,,missing_pdb,False
A4QR21,,missing_pdb,False
A4QUF0,,missing_pdb,False
A4QVH4,,missing_pdb,False
A4R2S1,,missing_pdb,False
A4R5F6,,missing_pdb,False
A4R5S9,,missing_pdb,False
A4R640,,missing_pdb,False
A4R715,,missing_pdb,False
A4R796,,missing_pdb,False
A4R935,,missing_pdb,False
A4RC23,,missing_pdb,False
A4RC73,,missing_pdb,False
A4RCX7,,missing_pdb,False
A4RD93,,missing_pdb,False
A4RDD7,,missing_pdb,False
A4RK68,,missing_pdb,False
A4RLA0,,missing_pdb,False
A4RM69,,missing_pdb,False
A4RPY8,,missing_pdb,False
A5D6S3,,missing_pdb,False
A6H5Y3,,missing_pdb,False
A6H8Q3,,missing_pdb,False
A6NEC2,,missing_pdb,False
A6NFN3,,missing_pdb,False
A6NMZ7,,missing_pdb,False
A7MBY4,,missing_pdb,False
A8DZ59,,missing_pdb,False
A8E4S8,,missing_pdb,False
A8J710,,missing_pdb,False
A9C3V6,,missing_pdb,False
B0K020,,missing_pdb,False
B1AR13,,missing_pdb,False
B1ATI0,,missing_pdb,False
B1AXP6,,missing_pdb,False
B2RGM9,,missing_pdb,False
B2RGN3,,missing_pdb,False
B2RGP0,,missing_pdb,False
B2RGQ8,,missing_pdb,False
B2RGQ9,,missing_pdb,False
B2RGS7,,missing_pdb,False
B2RGT8,,missing_pdb,False
B2RGV8,,missing_pdb,False
B2RGZ3,,missing_pdb,False
B2RH09,,missing_pdb,False
B2RH10,,missing_pdb,False
B2RH53,,missing_pdb,False
B2RH54,,missing_pdb,False
B2RH77,,missing_pdb,False
B2RH83,,missing_pdb,False
B2RHC1,,missing_pdb,False
B2RHF3,,missing_pdb,False
B2RHF9,,missing_pdb,False
B2RHG1,,missing_pdb,False
B2RHG7,,missing_pdb,False
B2RHG8,,missing_pdb,False
B2RHH3,,missing_pdb,False
B2RHH6,,missing_pdb,False
B2RHH7,,missing_pdb,False
B2RHK7,,missing_pdb,False
B2RHK9,,missing_pdb,False
B2RHM9,,missing_pdb,False
B2RHR5,,missing_pdb,False
B2RHS0,,missing_pdb,False
B2RHT5,,missing_pdb,False
B2RHU8,,missing_pdb,False
B2RHY1,,missing_pdb,False
B2RI21,,missing_pdb,False
B2RI23,,missing_pdb,False
B2RI45,,missing_pdb,False
B2RI50,,missing_pdb,False
B2RIA5,,missing_pdb,False
B2RIC8,,missing_pdb,False
B2RID1,,missing_pdb,False
B2RID3,,missing_pdb,False
B2RID4,,missing_pdb,False
B2RID5,,missing_pdb,False
B2RIF8,,missing_pdb,False
B2RIG1,,missing_pdb,False
B2RIG5,,missing_pdb,False
B2RIG7,,missing_pdb,False
B2RIK7,,missing_pdb,False
B2RIL7,,missing_pdb,False
B2RIM4,,missing_pdb,False
B2RIM9,,missing_pdb,False
B2RIP7,,missing_pdb,False
B2RIP8,,missing_pdb,False
B2RIP9,,missing_pdb,False
B2RIQ3,,missing_pdb,False
B2RIR6,,missing_pdb,False
B2RIS2,,missing_pdb,False
B2RIT0,,missing_pdb,False
B2RIT2,,missing_pdb,False
B2RIV3,,missing_pdb,False
B2RIW2,,missing_pdb,False
B2RIX5,,missing_pdb,False
B2RIX7,,missing_pdb,False
B2RIY3,,missing_pdb,False
B2RJ11,,missing_pdb,False
B2RJ26,,missing_pdb,False
B2RJ48,,missing_pdb,False
B2RJ50,,missing_pdb,False
B2RJ60,,missing_pdb,False
B2RJ76,,missing_pdb,False
B2RJA7,,missing_pdb,False
B2RJA9,,missing_pdb,False
B2RJC6,,missing_pdb,False
B2RJD7,,missing_pdb,False
B2RJE6,,missing_pdb,False
B2RJF8,,missing_pdb,False
B2RJG7,,missing_pdb,False
B2RJG9,,missing_pdb,False
B2RJH4,,missing_pdb,False
B2RJI5,,missing_pdb,False
B2RJJ3,,missing_pdb,False
B2RJK0,,missing_pdb,False
B2RJK1,,missing_pdb,False
B2RJL1,,missing_pdb,False
B2RJR2,,missing_pdb,False
B2RJR5,,missing_pdb,False
B2RJT6,,missing_pdb,False
B2RJU1,,missing_pdb,False
B2RJU4,,missing_pdb,False
B2RJW4,,missing_pdb,False
B2RJY8,,missing_pdb,False
B2RK05,,missing_pdb,False
B2RK11,,missing_pdb,False
B2RK33,,missing_pdb,False
B2RK60,,missing_pdb,False
B2RK69,,missing_pdb,False
B2RK77,,missing_pdb,False
B2RK87,,missing_pdb,False
B2RKE7,,missing_pdb,False
B2RKF2,,missing_pdb,False
B2RKH3,,missing_pdb,False
B2RKJ8,,missing_pdb,False
B2RKP0,,missing_pdb,False
B2RKP2,,missing_pdb,False
B2RKR9,,missing_pdb,False
B2RKS5,,missing_pdb,False
B2RKT2,,missing_pdb,False
B2RKU0,,missing_pdb,False
B2RKX1,,missing_pdb,False
B2RKX9,,missing_pdb,False
B2RKY7,,missing_pdb,False
B2RKZ7,,missing_pdb,False
B2RL23,,missing_pdb,False
B2RL26,,missing_pdb,False
B2RL38,,missing_pdb,False
B2RL75,,missing_pdb,False
B2RLA5,,missing_pdb,False
B2RLC5,,missing_pdb,False
B2RLD0,,missing_pdb,False
B2RLD2,,missing_pdb,False
B2RLG9,,missing_pdb,False
B2RLJ8,,missing_pdb,False
B2RLK2,,missing_pdb,False
B2RLL0,,missing_pdb,False
B2RLL2,,missing_pdb,False
B2RLN0,,missing_pdb,False
B2RLN8,,missing_pdb,False
B2RLP2,,missing_pdb,False
B2RLV1,,missing_pdb,False
B2RLV6,,missing_pdb,False
B2RLY5,,missing_pdb,False
B2RLZ1,,missing_pdb,False
B2RM04,,missing_pdb,False
B2RM06,,missing_pdb,False
B2RM13,,missing_pdb,False
B2RM14,,missing_pdb,False
B2RM15,,missing_pdb,False
B2RM16,,missing_pdb,False
B2RM30,,missing_pdb,False
B2RM54,,missing_pdb,False
B2RM56,,missing_pdb,False
B2RM86,,missing_pdb,False
B2RMB1,,missing_pdb,False
B2RMB3,,missing_pdb,False
B2RMG3,,missing_pdb,False
B2RMG4,,missing_pdb,False
B2RMI3,,missing_pdb,False
B2RQC6,,missing_pdb,False
B2RS91,,missing_pdb,False
B2RY53,,missing_pdb,False
B2RYS2,,missing_pdb,False
B2RYT7,,missing_pdb,False
B2RZD6,,missing_pdb,False
B3DFP9,,missing_pdb,False
B3DIV6,,missing_pdb,False
B3EWN9,,missing_pdb,False
B3TN46,,missing_pdb,False
B3TN63,,missing_pdb,False
B3TN75,,missing_pdb,False
B3TNB9,,missing_pdb,False
B7E914,,missing_pdb,False
B7EA73,,missing_pdb,False
C5IU71,,missing_pdb,False
C7IWD0,,missing_pdb,False
C7J5T9,,missing_pdb,False
C9JL85,,missing_pdb,False
D3YU60,,missing_pdb,False
D3YZC1,,missing_pdb,False
D3Z1A9,,missing_pdb,False
D3Z4S3,,missing_pdb,False
D3Z563,,missing_pdb,False
D3Z7P3,,missing_pdb,False
D3Z7X0,,missing_pdb,False
D3ZF13,,missing_pdb,False
D3ZUY8,,missing_pdb,False
D3ZZR9,,missing_pdb,False
D4AEH9,,missing_pdb,False
D6R967,,missing_pdb,False
D6R9Z3,,missing_pdb,False
D6RGG5,,missing_pdb,False
D6RIN4,,missing_pdb,False
E5RGW4,,missing_pdb,False
E5RIP1,,missing_pdb,False
E7ESG8,,missing_pdb,False
E7ESH4,,missing_pdb,False
E9PN17,,missing_pdb,False
E9PV95,,missing_pdb,False
E9PVX6,,missing_pdb,False
E9PWH2,,missing_pdb,False
E9PZ91,,missing_pdb,False
E9PZF0,,missing_pdb,False
E9Q1Q9,,missing_pdb,False
E9Q4P0,,missing_pdb,False
E9Q4Y4,,missing_pdb,False
E9Q4Z2,,missing_pdb,False
E9Q876,,missing_pdb,False
E9QA57,,missing_pdb,False
E9QJW0,,missing_pdb,False
E9QPX3,,missing_pdb,False
F1Q685,,missing_pdb,False
F1QHR0,,missing_pdb,False
F1QT01,,missing_pdb,False
F1QWR0,,missing_pdb,False
F1QYX8,,missing_pdb,False
F1QZ50,,missing_pdb,False
F2Z456,,missing_pdb,False
F5H608,,missing_pdb,False
F6LR34,,missing_pdb,False
F6P2R4,,missing_pdb,False
F6P497,,missing_pdb,False
F6P4R0,,missing_pdb,False
F6P873,,missing_pdb,False
F6RSH1,,missing_pdb,False
F6WHQ7,,missing_pdb,False
F6WPK7,,missing_pdb,False
F6XXE6,,missing_pdb,False
G3UXT7,,missing_pdb,False
G3V3R6,,missing_pdb,False
G4MK83,,missing_pdb,False
G4MK90,,missing_pdb,False
G4MKD2,,missing_pdb,False
G4MKD3,,missing_pdb,False
G4MKI5,,missing_pdb,False
G4MKK2,,missing_pdb,False
G4MKK4,,missing_pdb,False
G4MKQ2,,missing_pdb,False
G4MKS1,,missing_pdb,False
G4MKY5,,missing_pdb,False
G4MKY7,,missing_pdb,False
G4ML01,,missing_pdb,False
G4ML11,,missing_pdb,False
G4ML44,,missing_pdb,False
G4ML82,,missing_pdb,False
G4ML92,,missing_pdb,False
G4MLM0,,missing_pdb,False
G4MLN4,,missing_pdb,False
G4MLP7,,missing_pdb,False
G4MLQ8,,missing_pdb,False
G4MLR8,,missing_pdb,False
G4MM08,,missing_pdb,False
G4MM60,,missing_pdb,False
G4MMG9,,missing_pdb,False
G4MMP7,,missing_pdb,False
G4MMQ9,,missing_pdb,False
G4MMX1,,missing_pdb,False
G4MMY9,,missing_pdb,False
G4MN52,,missing_pdb,False
G4MNA3,,missing_pdb,False
G4MND1,,missing_pdb,False
G4MND5,,missing_pdb,False
G4MNF9,,missing_pdb,False
G4MNH0,,missing_pdb,False
G4MNP7,,missing_pdb,False
G4MNZ8,,missing_pdb,False
G4MP06,,missing_pdb,False
G4MP09,,missing_pdb,False
G4MP11,,missing_pdb,False
G4MP17,,missing_pdb,False
G4MP80,,missing_pdb,False
G4MPA2,,missing_pdb,False
G4MPD7,,missing_pdb,False
G4MPG4,,missing_pdb,False
G4MPI9,,missing_pdb,False
G4MPV2,,missing_pdb,False
G4MQ00,,missing_pdb,False
G4MQ14,,missing_pdb,False
G4MQ20,,missing_pdb,False
G4MQ72,,missing_pdb,False
G4MQN7,,missing_pdb,False
G4MQX4,,missing_pdb,False
G4MR35,,missing_pdb,False
G4MR39,,missing_pdb,False
G4MR50,,missing_pdb,False
G4MR66,,missing_pdb,False
G4MR77,,missing_pdb,False
G4MRA6,,missing_pdb,False
G4MRB4,,missing_pdb,False
G4MRE1,,missing_pdb,False
G4MRF2,,missing_pdb,False
G4MRF6,,missing_pdb,False
G4MRG8,,missing_pdb,False
G4MRU8,,missing_pdb,False
G4MS62,,missing_pdb,False
G4MS82,,missing_pdb,False
G4MS97,,missing_pdb,False
G4MSB1,,missing_pdb,False
G4MSB2,,missing_pdb,False
G4MSC0,,missing_pdb,False
G4MSC1,,missing_pdb,False
G4MSD0,,missing_pdb,False
G4MSD2,,missing_pdb,False
G4MSH5,,missing_pdb,False
G4MSM0,,missing_pdb,False
G4MSN4,,missing_pdb,False
G4MSP7,,missing_pdb,False
G4MST1,,missing_pdb,False
G4MST3,,missing_pdb,False
G4MSU7,,missing_pdb,False
G4MSY8,,missing_pdb,False
G4MT11,,missing_pdb,False
G4MT13,,missing_pdb,False
G4MT20,,missing_pdb,False
G4MT46,,missing_pdb,False
G4MT60,,missing_pdb,False
G4MT80,,missing_pdb,False
G4MT84,,missing_pdb,False
G4MTA9,,missing_pdb,False
G4MTC2,,missing_pdb,False
G4MTD7,,missing_pdb,False
G4MTI3,,missing_pdb,False
G4MTI8,,missing_pdb,False
G4MTJ4,,missing_pdb,False
G4MTJ8,,missing_pdb,False
G4MTK2,,missing_pdb,False
G4MTL4,,missing_pdb,False
G4MTM7,,missing_pdb,False
G4MTN6,,missing_pdb,False
G4MTP1,,missing_pdb,False
G4MTR3,,missing_pdb,False
G4MTW7,,missing_pdb,False
G4MTY5,,missing_pdb,False
G4MTY9,,missing_pdb,False
G4MTZ0,,missing_pdb,False
G4MU02,,missing_pdb,False
G4MU04,,missing_pdb,False
G4MU17,,missing_pdb,False
G4MU67,,missing_pdb,False
G4MU70,,missing_pdb,False
G4MU82,,missing_pdb,False
G4MU87,,missing_pdb,False
G4MU97,,missing_pdb,False
G4MU99,,missing_pdb,False
G4MUC5,,missing_pdb,False
G4MUD1,,missing_pdb,False
G4MUF4,,missing_pdb,False
G4MUF9,,missing_pdb,False
G4MUH5,,missing_pdb,False
G4MUJ8,,missing_pdb,False
G4MUK8,,missing_pdb,False
G4MUN3,,missing_pdb,False
G4MUU0,,missing_pdb,False
G4MUW4,,missing_pdb,False
G4MUX2,,missing_pdb,False
G4MUX6,,missing_pdb,False
G4MV25,,missing_pdb,False
G4MV31,,missing_pdb,False
G4MV39,,missing_pdb,False
G4MV80,,missing_pdb,False
G4MV89,,missing_pdb,False
G4MVA2,,missing_pdb,False
G4MVB1,,missing_pdb,False
G4MVB2,,missing_pdb,False
G4MVB4,,missing_pdb,False
G4MVD4,,missing_pdb,False
G4MVE1,,missing_pdb,False
G4MVI8,,missing_pdb,False
G4MVR9,,missing_pdb,False
G4MVS3,,missing_pdb,False
G4MVU2,,missing_pdb,False
G4MW52,,missing_pdb,False
G4MWH8,,missing_pdb,False
G4MWT0,,missing_pdb,False
G4MWU3,,missing_pdb,False
G4MWX1,,missing_pdb,False
G4MWX2,,missing_pdb,False
G4MWZ3,,missing_pdb,False
G4MX02,,missing_pdb,False
G4MXJ0,,missing_pdb,False
G4MXJ6,,missing_pdb,False
G4MXQ5,,missing_pdb,False
G4MXS0,,missing_pdb,False
G4MXT6,,missing_pdb,False
G4MY06,,missing_pdb,False
G4MY14,,missing_pdb,False
G4MY42,,missing_pdb,False
G4MY73,,missing_pdb,False
G4MY89,,missing_pdb,False
G4MY97,,missing_pdb,False
G4MYB7,,missing_pdb,False
G4MYE1,,missing_pdb,False
G4MYG9,,missing_pdb,False
G4MYI5,,missing_pdb,False
G4MYK1,,missing_pdb,False
G4MYL3,,missing_pdb,False
G4MYU8,,missing_pdb,False
G4MYV1,,missing_pdb,False
G4MYY2,,missing_pdb,False
G4MYZ8,,missing_pdb,False
G4MZ06,,missing_pdb,False
G4MZ14,,missing_pdb,False
G4MZ86,,missing_pdb,False
G4MZA0,,missing_pdb,False
G4MZE5,,missing_pdb,False
G4MZF7,,missing_pdb,False
G4MZI3,,missing_pdb,False
G4MZI9,,missing_pdb,False
G4MZP6,,missing_pdb,False
G4MZT1,,missing_pdb,False
G4MZY1,,missing_pdb,False
G4N014,,missing_pdb,False
G4N020,,missing_pdb,False
G4N022,,missing_pdb,False
G4N028,,missing_pdb,False
G4N037,,missing_pdb,False
G4N069,,missing_pdb,False
G4N072,,missing_pdb,False
G4N0C2,,missing_pdb,False
G4N0D6,,missing_pdb,False
G4N0E3,,missing_pdb,False
G4N0E7,,missing_pdb,False
G4N0K5,,missing_pdb,False
G4N0N1,,missing_pdb,False
G4N0P3,,missing_pdb,False
G4N0T6,,missing_pdb,False
G4N0T7,,missing_pdb,False
G4N0Y1,,missing_pdb,False
G4N0Y2,,missing_pdb,False
G4N0Z8,,missing_pdb,False
G4N151,,missing_pdb,False
G4N168,,missing_pdb,False
G4N1N7,,missing_pdb,False
G4N1P2,,missing_pdb,False
G4N1P5,,missing_pdb,False
G4N226,,missing_pdb,False
G4N229,,missing_pdb,False
G4N232,,missing_pdb,False
G4N288,,missing_pdb,False
G4N290,,missing_pdb,False
G4N291,,missing_pdb,False
G4N296,,missing_pdb,False
G4N2B6,,missing_pdb,False
G4N2B8,,missing_pdb,False
G4N2E1,,missing_pdb,False
G4N2E2,,missing_pdb,False
G4N2H2,,missing_pdb,False
G4N2H7,,missing_pdb,False
G4N2M2,,missing_pdb,False
G4N2P2,,missing_pdb,False
G4N2S6,,missing_pdb,False
G4N2V2,,missing_pdb,False
G4N2W4,,missing_pdb,False
G4N2W5,,missing_pdb,False
G4N333,,missing_pdb,False
G4N371,,missing_pdb,False
G4N374,,missing_pdb,False
G4N391,,missing_pdb,False
G4N3C0,,missing_pdb,False
G4N3J5,,missing_pdb,False
G4N3Q1,,missing_pdb,False
G4N3R3,,missing_pdb,False
G4N3T2,,missing_pdb,False
G4N3V2,,missing_pdb,False
G4N427,,missing_pdb,False
G4N428,,missing_pdb,False
G4N456,,missing_pdb,False
G4N483,,missing_pdb,False
G4N499,,missing_pdb,False
G4N4A8,,missing_pdb,False
G4N4E1,,missing_pdb,False
G4N4I7,,missing_pdb,False
G4N4J5,,missing_pdb,False
G4N4J6,,missing_pdb,False
G4N4K1,,missing_pdb,False
G4N4K3,,missing_pdb,False
G4N4L4,,missing_pdb,False
G4N4M3,,missing_pdb,False
G4N4M7,,missing_pdb,False
G4N4P6,,missing_pdb,False
G4N4S2,,missing_pdb,False
G4N4S8,,missing_pdb,False
G4N4T2,,missing_pdb,False
G4N4U1,,missing_pdb,False
G4N4U7,,missing_pdb,False
G4N4W0,,missing_pdb,False
G4N4W5,,missing_pdb,False
G4N4W7,,missing_pdb,False
G4N4X8,,missing_pdb,False
G4N4Y3,,missing_pdb,False
G4N500,,missing_pdb,False
G4N528,,missing_pdb,False
G4N530,,missing_pdb,False
G4N582,,missing_pdb,False
G4N5A6,,missing_pdb,False
G4N5E0,,missing_pdb,False
G4N5E3,,missing_pdb,False
G4N5G7,,missing_pdb,False
G4N5J5,,missing_pdb,False
G4N5M5,,missing_pdb,False
G4N5Q6,,missing_pdb,False
G4N5R3,,missing_pdb,False
G4N5S2,,missing_pdb,False
G4N625,,missing_pdb,False
G4N667,,missing_pdb,False
G4N6D6,,missing_pdb,False
G4N6G1,,missing_pdb,False
G4N6M6,,missing_pdb,False
G4N6R7,,missing_pdb,False
G4N6T5,,missing_pdb,False
G4N6T8,,missing_pdb,False
G4N6U8,,missing_pdb,False
G4N6W5,,missing_pdb,False
G4N6X9,,missing_pdb,False
G4N6Y1,,missing_pdb,False
G4N6Y3,,missing_pdb,False
G4N700,,missing_pdb,False
G4N701,,missing_pdb,False
G4N741,,missing_pdb,False
G4N751,,missing_pdb,False
G4N784,,missing_pdb,False
G4N792,,missing_pdb,False
G4N7B3,,missing_pdb,False
G4N7B7,,missing_pdb,False
G4N7D8,,missing_pdb,False
G4N7F6,,missing_pdb,False
G4N7G1,,missing_pdb,False
G4N7J4,,missing_pdb,False
G4N7L7,,missing_pdb,False
G4N7M8,,missing_pdb,False
G4N7P0,,missing_pdb,False
G4N7S0,,missing_pdb,False
G4N7U7,,missing_pdb,False
G4N7V9,,missing_pdb,False
G4N7Z3,,missing_pdb,False
G4N816,,missing_pdb,False
G4N818,,missing_pdb,False
G4N826,,missing_pdb,False
G4N849,,missing_pdb,False
G4N855,,missing_pdb,False
G4N885,,missing_pdb,False
G4N8C1,,missing_pdb,False
G4N8E7,,missing_pdb,False
G4N8G1,,missing_pdb,False
G4N8K5,,missing_pdb,False
G4N8K7,,missing_pdb,False
G4N8L1,,missing_pdb,False
G4N8U4,,missing_pdb,False
G4N8W7,,missing_pdb,False
G4N8Z2,,missing_pdb,False
G4N953,,missing_pdb,False
G4N9G8,,missing_pdb,False
G4N9I9,,missing_pdb,False
G4N9M6,,missing_pdb,False
G4N9S2,,missing_pdb,False
G4N9X8,,missing_pdb,False
G4N9Y1,,missing_pdb,False
G4N9Y2,,missing_pdb,False
G4N9Y4,,missing_pdb,False
G4N9Z4,,missing_pdb,False
G4NA24,,missing_pdb,False
G4NAB5,,missing_pdb,False
G4NAD5,,missing_pdb,False
G4NAD7,,missing_pdb,False
G4NAF3,,missing_pdb,False
G4NAI8,,missing_pdb,False
G4NAJ7,,missing_pdb,False
G4NAS8,,missing_pdb,False
G4NAT1,,missing_pdb,False
G4NAX4,,missing_pdb,False
G4NBV4,,missing_pdb,False
G4NC03,,missing_pdb,False
G4NC30,,missing_pdb,False
G4NC31,,missing_pdb,False
G4NC37,,missing_pdb,False
G4NC58,,missing_pdb,False
G4NC88,,missing_pdb,False
G4NCA6,,missing_pdb,False
G4NCE7,,missing_pdb,False
G4NCF7,,missing_pdb,False
G4NCN9,,missing_pdb,False
G4NCQ6,,missing_pdb,False
G4NCR9,,missing_pdb,False
G4NCT5,,missing_pdb,False
G4NCV3,,missing_pdb,False
G4NCW6,,missing_pdb,False
G4NCY0,,missing_pdb,False
G4ND45,,missing_pdb,False
G4ND55,,missing_pdb,False
G4NDI0,,missing_pdb,False
G4NDL4,,missing_pdb,False
G4NDL6,,missing_pdb,False
G4NDL7,,missing_pdb,False
G4NDN3,,missing_pdb,False
G4NDR9,,missing_pdb,False
G4NDV3,,missing_pdb,False
G4NDV6,,missing_pdb,False
G4NDW5,,missing_pdb,False
G4NDY5,,missing_pdb,False
G4NDZ5,,missing_pdb,False
G4NE61,,missing_pdb,False
G4NEA2,,missing_pdb,False
G4NEL5,,missing_pdb,False
G4NEY0,,missing_pdb,False
G4NF24,,missing_pdb,False
G4NF63,,missing_pdb,False
G4NFA9,,missing_pdb,False
G4NFB7,,missing_pdb,False
G4NFC2,,missing_pdb,False
G4NFT6,,missing_pdb,False
G4NFW7,,missing_pdb,False
G4NG26,,missing_pdb,False
G4NG28,,missing_pdb,False
G4NG70,,missing_pdb,False
G4NG71,,missing_pdb,False
G4NGH5,,missing_pdb,False
G4NGK1,,missing_pdb,False
G4NGM4,,missing_pdb,False
G4NGT3,,missing_pdb,False
G4NGT9,,missing_pdb,False
G4NGW1,,missing_pdb,False
G4NGZ3,,missing_pdb,False
G4NH71,,missing_pdb,False
G4NH85,,missing_pdb,False
G4NHE6,,missing_pdb,False
G4NHF4,,missing_pdb,False
G4NHF7,,missing_pdb,False
G4NHH7,,missing_pdb,False
G4NHJ2,,missing_pdb,False
G4NHZ1,,missing_pdb,False
G4NI16,,missing_pdb,False
G4NI43,,missing_pdb,False
G4NI53,,missing_pdb,False
G4NIA0,,missing_pdb,False
G4NIS0,,missing_pdb,False
G4NIS1,,missing_pdb,False
G4NIT9,,missing_pdb,False
G4NIU4,,missing_pdb,False
G4NIW7,,missing_pdb,False
G4NIZ7,,missing_pdb,False
G4NJ90,,missing_pdb,False
G4NJH9,,missing_pdb,False
G4NJK6,,missing_pdb,False
G4NJP2,,missing_pdb,False
G4NJT2,,missing_pdb,False
G4NKD6,,missing_pdb,False
G4NKL2,,missing_pdb,False
G4NL40,,missing_pdb,False
G4NLL3,,missing_pdb,False
G4NLN3,,missing_pdb,False
G4NLP5,,missing_pdb,False
G4NLU9,,missing_pdb,False
G5E889,,missing_pdb,False
G5E897,,missing_pdb,False
G5E8T9,,missing_pdb,False
G5EGW6,,missing_pdb,False
G5EGX5,,missing_pdb,False
G5EGZ5,,missing_pdb,False
G5EH01,,missing_pdb,False
G5EH03,,missing_pdb,False
G5EH09,,missing_pdb,False
G5EH26,,missing_pdb,False
G5EH27,,missing_pdb,False
G5EH30,,missing_pdb,False
G5EH72,,missing_pdb,False
G5EH95,,missing_pdb,False
G5EHA3,,missing_pdb,False
G5EHE9,,missing_pdb,False
G5EHG3,,missing_pdb,False
G5EHH1,,missing_pdb,False
G5EHJ4,,missing_pdb,False
G5EHM5,,missing_pdb,False
G5EHP6,,missing_pdb,False
G5EHT4,,missing_pdb,False
G5EHW4,,missing_pdb,False
G5EI10,,missing_pdb,False
G5EI19,,missing_pdb,False
G5EI34,,missing_pdb,False
G5EI75,,missing_pdb,False
G9BIY1,,missing_pdb,False
H7BWY3,,missing_pdb,False
H7C086,,missing_pdb,False
H7C4R5,,missing_pdb,False
H7C6D0,,missing_pdb,False
I0LNZ2,,missing_pdb,False
I1GKK8,,missing_pdb,False
I1GL66,,missing_pdb,False
I1GLD7,,missing_pdb,False
I1GMQ0,,missing_pdb,False
I1GND5,,missing_pdb,False
I1GQ60,,missing_pdb,False
I1GQE9,,missing_pdb,False
I1GRQ7,,missing_pdb,False
I1GRT5,,missing_pdb,False
I1GS11,,missing_pdb,False
I1GSF9,,missing_pdb,False
I1GT14,,missing_pdb,False
I1GU08,,missing_pdb,False
I1GUX0,,missing_pdb,False
I1GVG2,,missing_pdb,False
I1GVK9,,missing_pdb,False
I1GVU2,,missing_pdb,False
I1GWH8,,missing_pdb,False
I1GXN7,,missing_pdb,False
I1GYR0,,missing_pdb,False
I1H168,,missing_pdb,False
I1H1V5,,missing_pdb,False
I1H1Z5,,missing_pdb,False
I1H362,,missing_pdb,False
I1H368,,missing_pdb,False
I1H3B2,,missing_pdb,False
I1H413,,missing_pdb,False
I1H5D5,,missing_pdb,False
I1H5S8,,missing_pdb,False
I1H638,,missing_pdb,False
I1H652,,missing_pdb,False
I1H987,,missing_pdb,False
I1H9A1,,missing_pdb,False
I1HA00,,missing_pdb,False
I1HC82,,missing_pdb,False
I1HCD1,,missing_pdb,False
I1HD01,,missing_pdb,False
I1HGP2,,missing_pdb,False
I1HI25,,missing_pdb,False
I1HJL3,,missing_pdb,False
I1HJW0,,missing_pdb,False
I1HKH5,,missing_pdb,False
I1HQ35,,missing_pdb,False
I1HQ46,,missing_pdb,False
I1HTV9,,missing_pdb,False
I1HUH1,,missing_pdb,False
I1HWL6,,missing_pdb,False
I1HWV6,,missing_pdb,False
I1HWX2,,missing_pdb,False
I1HXX8,,missing_pdb,False
I1HYG1,,missing_pdb,False
I1HZ21,,missing_pdb,False
I1I0X2,,missing_pdb,False
I1I1U2,,missing_pdb,False
I1I2B9,,missing_pdb,False
I1I3S1,,missing_pdb,False
I1I411,,missing_pdb,False
I1I508,,missing_pdb,False
I1I6Z1,,missing_pdb,False
I1I8X4,,missing_pdb,False
I1IB68,,missing_pdb,False
I1ICV8,,missing_pdb,False
I1ID35,,missing_pdb,False
I1ID96,,missing_pdb,False
I1IDM0,,missing_pdb,False
I1IDX9,,missing_pdb,False
I1IEA2,,missing_pdb,False
I1IET3,,missing_pdb,False
I1IIN2,,missing_pdb,False
I1IN47,,missing_pdb,False
I1ISQ4,,missing_pdb,False
I1IT60,,missing_pdb,False
I1ITT3,,missing_pdb,False
I1IVG1,,missing_pdb,False
I1IZH5,,missing_pdb,False
I1J0W2,,missing_pdb,False
I1J2T4,,missing_pdb,False
I6L9G6,,missing_pdb,False
I6WYY7,,missing_pdb,False
I6WZD7,,missing_pdb,False
I6WZG6,,missing_pdb,False
I6X4D6,,missing_pdb,False
I6X4J0,,missing_pdb,False
I6X5C5,,missing_pdb,False
I6X5C9,,missing_pdb,False
I6X5K1,,missing_pdb,False
I6X831,,missing_pdb,False
I6X8D2,,missing_pdb,False
I6X9E2,,missing_pdb,False
I6X9T8,,missing_pdb,False
I6X9V3,,missing_pdb,False
I6XEK2,,missing_pdb,False
I6XF25,,missing_pdb,False
I6XF31,,missing_pdb,False
I6XF92,,missing_pdb,False
I6XG13,,missing_pdb,False
I6Y1G8,,missing_pdb,False
I6Y276,,missing_pdb,False
I6Y340,,missing_pdb,False
I6Y3Q7,,missing_pdb,False
I6Y3S9,,missing_pdb,False
I6Y4E8,,missing_pdb,False
I6Y4U4,,missing_pdb,False
I6Y4V6,,missing_pdb,False
I6Y778,,missing_pdb,False
I6Y8B5,,missing_pdb,False
I6Y946,,missing_pdb,False
I6Y9E8,,missing_pdb,False
I6Y9K2,,missing_pdb,False
I6YA03,,missing_pdb,False
I6YCA3,,missing_pdb,False
I6YF40,,missing_pdb,False
I6YGF8,,missing_pdb,False
I6YGW9,,missing_pdb,False
I6YHB0,,missing_pdb,False
J9Z2D0,,missing_pdb,False
K3W4L7,,missing_pdb,False
K4BFL6,,missing_pdb,False
K4C002,,missing_pdb,False
K4CWC4,,missing_pdb,False
K4D7U6,,missing_pdb,False
K7EJB9,,missing_pdb,False
K7EJH3,,missing_pdb,False
K7EKS7,,missing_pdb,False
L0TAD5,,missing_pdb,False
L7N466,,missing_pdb,False
L7N663,,missing_pdb,False
L7N668,,missing_pdb,False
L7N670,,missing_pdb,False
L7N684,,missing_pdb,False
M0QYL3,,missing_pdb,False
M0QYQ7,,missing_pdb,False
M0R5Y9,,missing_pdb,False
O00139,,missing_pdb,False
O00233,/data/ranran/my_ptm/croton/data/structure_pipeline/pdb/O00233.pdb,exact_sequence_match,True
O00244,/data/ranran/my_ptm/croton/data/structure_pipeline/pdb/O00244.pdb,exact_sequence_match,True
O00330,/data/ranran/my_ptm/croton/data/structure_pipeline/pdb/O00330.pdb,exact_sequence_match,True
O00410,,missing_pdb,False
O00479,,missing_pdb,False
O00533,,missing_pdb,False
O00571,/data/ranran/my_ptm/croton/data/structure_pipeline/pdb/O00571.pdb,exact_sequence_match,True
O00592,/data/ranran/my_ptm/croton/data/structure_pipeline/pdb/O00592.pdb,exact_sequence_match,True
O00764,/data/ranran/my_ptm/croton/data/structure_pipeline/pdb/O00764.pdb,exact_sequence_match,True
O05293,,missing_pdb,False
O05295,,missing_pdb,False
O05598,,missing_pdb,False
O05625,,missing_pdb,False
O05773,,missing_pdb,False
O05777,,missing_pdb,False
O05842,,missing_pdb,False
O05856,,missing_pdb,False
O06144,,missing_pdb,False
O06159,,missing_pdb,False
O06178,,missing_pdb,False
O06216,,missing_pdb,False
O06218,,missing_pdb,False
O06298,,missing_pdb,False
O06302,,missing_pdb,False
O06315,,missing_pdb,False
O06321,,missing_pdb,False
O06348,,missing_pdb,False
O06376,,missing_pdb,False
O06413,,missing_pdb,False
O06417,,missing_pdb,False
O06553,,missing_pdb,False
O06554,,missing_pdb,False
O06574,,missing_pdb,False
O06592,,missing_pdb,False
O06597,,missing_pdb,False
O06633,,missing_pdb,False
O06797,,missing_pdb,False
O06803,,missing_pdb,False
O06816,,missing_pdb,False
O07169,,missing_pdb,False
O07177,,missing_pdb,False
O07242,,missing_pdb,False
O07256,,missing_pdb,False
O07345,,missing_pdb,False
O07424,,missing_pdb,False
O07434,,missing_pdb,False
O07738,,missing_pdb,False
O07752,,missing_pdb,False
O07779,,missing_pdb,False
O07804,,missing_pdb,False
O07807,,missing_pdb,False
O08547,,missing_pdb,False
O08553,,missing_pdb,False
O08573,,missing_pdb,False
O08601,,missing_pdb,False
O08749,,missing_pdb,False
O08756,,missing_pdb,False
O09165,,missing_pdb,False
O09171,,missing_pdb,False
O09172,,missing_pdb,False
O09173,,missing_pdb,False
O13516,,missing_pdb,False
O13535,,missing_pdb,False
O13563,,missing_pdb,False
O14545,/data/ranran/my_ptm/croton/data/structure_pipeline/pdb/O14545.pdb,exact_sequence_match,True
O14548,/data/ranran/my_ptm/croton/data/structure_pipeline/pdb/O14548.pdb,exact_sequence_match,True
O14617,/data/ranran/my_ptm/croton/data/structure_pipeline/pdb/O14617.pdb,exact_sequence_match,True
O14744,/data/ranran/my_ptm/croton/data/structure_pipeline/pdb/O14744.pdb,exact_sequence_match,True
O14745,/data/ranran/my_ptm/croton/data/structure_pipeline/pdb/O14745.pdb,exact_sequence_match,True
O14776,/data/ranran/my_ptm/croton/data/structure_pipeline/pdb/O14776.pdb,exact_sequence_match,True
O14787,,missing_pdb,False
O14791,,missing_pdb,False
O14832,,missing_pdb,False
O14874,/data/ranran/my_ptm/croton/data/structure_pipeline/pdb/O14874.pdb,exact_sequence_match,True
O14929,/data/ranran/my_ptm/croton/data/structure_pipeline/pdb/O14929.pdb;/data/ranran/my_ptm/croton/data/structure_pipeline/pdb/AF-O14929-F1-model_v6.pdb,sequence_mismatch,False
O14949,,missing_pdb,False
O14974,/data/ranran/my_ptm/croton/data/structure_pipeline/pdb/O14974.pdb,exact_sequence_match,True
O14976,,missing_pdb,False
O14979,/data/ranran/my_ptm/croton/data/structure_pipeline/pdb/O14979.pdb,exact_sequence_match,True
O15083,,missing_pdb,False
O15091,/data/ranran/my_ptm/croton/data/structure_pipeline/pdb/O15091.pdb,exact_sequence_match,True
O15111,,missing_pdb,False
O15144,/data/ranran/my_ptm/croton/data/structure_pipeline/pdb/O15144.pdb,exact_sequence_match,True
O15145,/data/ranran/my_ptm/croton/data/structure_pipeline/pdb/O15145.pdb,exact_sequence_match,True
O15173,/data/ranran/my_ptm/croton/data/structure_pipeline/pdb/O15173.pdb,exact_sequence_match,True
O15195,,missing_pdb,False
O15212,/data/ranran/my_ptm/croton/data/structure_pipeline/pdb/O15212.pdb,exact_sequence_match,True
O15355,/data/ranran/my_ptm/croton/data/structure_pipeline/pdb/O15355.pdb,exact_sequence_match,True
O15372,/data/ranran/my_ptm/croton/data/structure_pipeline/pdb/O15372.pdb,exact_sequence_match,True
O15479,/data/ranran/my_ptm/croton/data/structure_pipeline/pdb/O15479.pdb,exact_sequence_match,True
O15511,,missing_pdb,False
O19617,,missing_pdb,False
O22080,,missing_pdb,False
O24755,,missing_pdb,False
O31212,,missing_pdb,False
O33177,,missing_pdb,False
O33185,,missing_pdb,False
O33268,,missing_pdb,False
O33272,,missing_pdb,False
O33273,,missing_pdb,False
O33283,,missing_pdb,False
O33358,,missing_pdb,False
O35094,,missing_pdb,False
O35143,,missing_pdb,False
O35215,,missing_pdb,False
O35231,,missing_pdb,False
O35295,,missing_pdb,False
O35379,,missing_pdb,False
O35423,,missing_pdb,False
O35469,,missing_pdb,False
O35643,,missing_pdb,False
O35683,,missing_pdb,False
O35685,,missing_pdb,False
O35691,,missing_pdb,False
O35943,,missing_pdb,False
O42363,,missing_pdb,False
O42621,,missing_pdb,False
O42622,,missing_pdb,False
O42831,,missing_pdb,False
O43148,/data/ranran/my_ptm/croton/data/structure_pipeline/pdb/O43148.pdb,exact_sequence_match,True
O43149,,missing_pdb,False
O43169,,missing_pdb,False
O43252,/data/ranran/my_ptm/croton/data/structure_pipeline/pdb/O43252.pdb,exact_sequence_match,True
O43280,,missing_pdb,False
O43290,/data/ranran/my_ptm/croton/data/structure_pipeline/pdb/O43290.pdb,exact_sequence_match,True
O43292,/data/ranran/my_ptm/croton/data/structure_pipeline/pdb/O43292.pdb,exact_sequence_match,True
O43390,/data/ranran/my_ptm/croton/data/structure_pipeline/pdb/O43390.pdb,exact_sequence_match,True
O43395,/data/ranran/my_ptm/croton/data/structure_pipeline/pdb/O43395.pdb,exact_sequence_match,True
O43399,/data/ranran/my_ptm/croton/data/structure_pipeline/pdb/O43399.pdb,exact_sequence_match,True
O43451,,missing_pdb,False
O43633,,missing_pdb,False
O43660,/data/ranran/my_ptm/croton/data/structure_pipeline/pdb/O43660.pdb,exact_sequence_match,True
O43708,,missing_pdb,False
O43719,/data/ranran/my_ptm/croton/data/structure_pipeline/pdb/O43719.pdb,exact_sequence_match,True
O43795,/data/ranran/my_ptm/croton/data/structure_pipeline/pdb/O43795.pdb,exact_sequence_match,True
O43809,/data/ranran/my_ptm/croton/data/structure_pipeline/pdb/O43809.pdb,exact_sequence_match,True
O43818,/data/ranran/my_ptm/croton/data/structure_pipeline/pdb/O43818.pdb,exact_sequence_match,True
O43865,,missing_pdb,False
O50397,,missing_pdb,False
O50434,,missing_pdb,False
O50435,,missing_pdb,False
O50460,,missing_pdb,False
O50461,,missing_pdb,False
O50494,,missing_pdb,False
O50499,,missing_pdb,False
O50503,,missing_pdb,False
O50510,,missing_pdb,False
O50517,,missing_pdb,False
O51859,,missing_pdb,False
O53176,,missing_pdb,False
O53181,,missing_pdb,False
O53182,,missing_pdb,False
O53193,,missing_pdb,False
O53240,,missing_pdb,False
O53319,,missing_pdb,False
O53346,,missing_pdb,False
O53362,,missing_pdb,False
O53379,,missing_pdb,False
O53406,,missing_pdb,False
O53419,,missing_pdb,False
O53501,,missing_pdb,False
O53506,,missing_pdb,False
O53512,,missing_pdb,False
O53514,,missing_pdb,False
O53516,,missing_pdb,False
O53519,,missing_pdb,False
O53521,,missing_pdb,False
O53532,,missing_pdb,False
O53554,,missing_pdb,False
O53564,,missing_pdb,False
O53565,,missing_pdb,False
O53577,,missing_pdb,False
O53580,,missing_pdb,False
O53604,,missing_pdb,False
O53611,,missing_pdb,False
O53664,,missing_pdb,False
O53669,,missing_pdb,False
O53670,,missing_pdb,False
O53672,,missing_pdb,False
O53673,,missing_pdb,False
O53697,,missing_pdb,False
O53749,,missing_pdb,False
O53751,,missing_pdb,False
O53773,,missing_pdb,False
O53777,,missing_pdb,False
O53842,,missing_pdb,False
O53931,,missing_pdb,False
O53943,,missing_pdb,False
O53961,,missing_pdb,False
O53979,,missing_pdb,False
O54099,,missing_pdb,False
O54130,,missing_pdb,False
O54158,,missing_pdb,False
O54724,,missing_pdb,False
O54916,,missing_pdb,False
O54962,,missing_pdb,False
O55022,,missing_pdb,False
O55142,,missing_pdb,False
O60216,/data/ranran/my_ptm/croton/data/structure_pipeline/pdb/O60216.pdb,exact_sequence_match,True
O60264,/data/ranran/my_ptm/croton/data/structure_pipeline/pdb/O60264.pdb,exact_sequence_match,True
O60271,/data/ranran/my_ptm/croton/data/structure_pipeline/pdb/O60271.pdb,exact_sequence_match,True
O60291,,missing_pdb,False
O60313,/data/ranran/my_ptm/croton/data/structure_pipeline/pdb/O60313.pdb,exact_sequence_match,True
O60343,/data/ranran/my_ptm/croton/data/structure_pipeline/pdb/O60343.pdb,exact_sequence_match,True
O60437,/data/ranran/my_ptm/croton/data/structure_pipeline/pdb/O60437.pdb,exact_sequence_match,True
O60449,,missing_pdb,False
O60494,,missing_pdb,False
O60504,,missing_pdb,False
O60547,/data/ranran/my_ptm/croton/data/structure_pipeline/pdb/O60547.pdb,exact_sequence_match,True
O60610,/data/ranran/my_ptm/croton/data/structure_pipeline/pdb/O60610.pdb,exact_sequence_match,True
O60645,,missing_pdb,False
O60664,,missing_pdb,False
O60701,/data/ranran/my_ptm/croton/data/structure_pipeline/pdb/O60701.pdb,exact_sequence_match,True
O60716,/data/ranran/my_ptm/croton/data/structure_pipeline/pdb/O60716.pdb,exact_sequence_match,True
O60763,/data/ranran/my_ptm/croton/data/structure_pipeline/pdb/O60763.pdb,exact_sequence_match,True
O60888,/data/ranran/my_ptm/croton/data/structure_pipeline/pdb/O60888.pdb,exact_sequence_match,True
O60941,,missing_pdb,False
O64422,,missing_pdb,False
O65936,,missing_pdb,False
O68602,,missing_pdb,False
O68608,,missing_pdb,False
O69282,,missing_pdb,False
O69637,,missing_pdb,False
O69652,,missing_pdb,False
O69667,,missing_pdb,False
O69689,,missing_pdb,False
O69693,,missing_pdb,False
O69727,,missing_pdb,False
O69830,,missing_pdb,False
O69858,,missing_pdb,False
O69874,,missing_pdb,False
O69974,,missing_pdb,False
O69981,,missing_pdb,False
O70185,,missing_pdb,False
O70492,,missing_pdb,False
O70503,,missing_pdb,False
O70591,,missing_pdb,False
O75027,/data/ranran/my_ptm/croton/data/structure_pipeline/pdb/O75027.pdb,exact_sequence_match,True
O75116,/data/ranran/my_ptm/croton/data/structure_pipeline/pdb/O75116.pdb,exact_sequence_match,True
O75165,/data/ranran/my_ptm/croton/data/structure_pipeline/pdb/O75165.pdb,exact_sequence_match,True
O75323,/data/ranran/my_ptm/croton/data/structure_pipeline/pdb/O75323.pdb,exact_sequence_match,True
O75340,,missing_pdb,False
O75347,/data/ranran/my_ptm/croton/data/structure_pipeline/pdb/O75347.pdb,exact_sequence_match,True
O75363,,missing_pdb,False
O75380,/data/ranran/my_ptm/croton/data/structure_pipeline/pdb/O75380.pdb,exact_sequence_match,True
O75400,/data/ranran/my_ptm/croton/data/structure_pipeline/pdb/O75400.pdb,exact_sequence_match,True
O75489,,missing_pdb,False
O75521,/data/ranran/my_ptm/croton/data/structure_pipeline/pdb/O75521.pdb,exact_sequence_match,True
O75533,/data/ranran/my_ptm/croton/data/structure_pipeline/pdb/O75533.pdb,exact_sequence_match,True
O75534,/data/ranran/my_ptm/croton/data/structure_pipeline/pdb/O75534.pdb,exact_sequence_match,True
O75554,/data/ranran/my_ptm/croton/data/structure_pipeline/pdb/O75554.pdb,exact_sequence_match,True
O75608,,missing_pdb,False
O75643,/data/ranran/my_ptm/croton/data/structure_pipeline/pdb/O75643.pdb,exact_sequence_match,True
O75694,/data/ranran/my_ptm/croton/data/structure_pipeline/pdb/O75694.pdb,exact_sequence_match,True
O75821,/data/ranran/my_ptm/croton/data/structure_pipeline/pdb/O75821.pdb,exact_sequence_match,True
O75844,/data/ranran/my_ptm/croton/data/structure_pipeline/pdb/O75844.pdb,exact_sequence_match,True
O75886,,missing_pdb,False
O75916,,missing_pdb,False
O75936,,missing_pdb,False
O75947,/data/ranran/my_ptm/croton/data/structure_pipeline/pdb/O75947.pdb,exact_sequence_match,True
O75964,/data/ranran/my_ptm/croton/data/structure_pipeline/pdb/O75964.pdb,exact_sequence_match,True
O76003,/data/ranran/my_ptm/croton/data/structure_pipeline/pdb/O76003.pdb,exact_sequence_match,True
O76021,/data/ranran/my_ptm/croton/data/structure_pipeline/pdb/O76021.pdb,exact_sequence_match,True
O76038,,missing_pdb,False
O76094,/data/ranran/my_ptm/croton/data/structure_pipeline/pdb/O76094.pdb,exact_sequence_match,True
O80414,,missing_pdb,False
O82451,,missing_pdb,False
O82575,,missing_pdb,False
O86315,,missing_pdb,False
O86340,,missing_pdb,False
O86358,,missing_pdb,False
O86572,,missing_pdb,False
O86575,,missing_pdb,False
O86737,,missing_pdb,False
O86747,,missing_pdb,False
O86753,,missing_pdb,False
O86773,,missing_pdb,False
O86775,,missing_pdb,False
O86840,,missing_pdb,False
O86842,,missing_pdb,False
O87331,,missing_pdb,False
O88016,,missing_pdb,False
O88017,,missing_pdb,False
O88054,,missing_pdb,False
O88055,,missing_pdb,False
O88060,,missing_pdb,False
O88322,,missing_pdb,False
O88451,,missing_pdb,False
O88737,,missing_pdb,False
O88851,,missing_pdb,False
O88989,,missing_pdb,False
O94855,,missing_pdb,False
O94875,,missing_pdb,False
O94886,,missing_pdb,False
O94901,,missing_pdb,False
O95139,,missing_pdb,False
O95159,,missing_pdb,False
O95166,/data/ranran/my_ptm/croton/data/structure_pipeline/pdb/O95166.pdb,exact_sequence_match,True
O95169,,missing_pdb,False
O95182,/data/ranran/my_ptm/croton/data/structure_pipeline/pdb/O95182.pdb,exact_sequence_match,True
O95202,/data/ranran/my_ptm/croton/data/structure_pipeline/pdb/O95202.pdb,exact_sequence_match,True
O95218,/data/ranran/my_ptm/croton/data/structure_pipeline/pdb/O95218.pdb,exact_sequence_match,True
O95219,,missing_pdb,False
O95298,,missing_pdb,False
O95299,/data/ranran/my_ptm/croton/data/structure_pipeline/pdb/O95299.pdb,exact_sequence_match,True
O95347,/data/ranran/my_ptm/croton/data/structure_pipeline/pdb/O95347.pdb,exact_sequence_match,True
O95363,/data/ranran/my_ptm/croton/data/structure_pipeline/pdb/O95363.pdb,exact_sequence_match,True
O95373,/data/ranran/my_ptm/croton/data/structure_pipeline/pdb/O95373.pdb,exact_sequence_match,True
O95466,/data/ranran/my_ptm/croton/data/structure_pipeline/pdb/O95466.pdb,exact_sequence_match,True
O95470,/data/ranran/my_ptm/croton/data/structure_pipeline/pdb/O95470.pdb,exact_sequence_match,True
O95573,/data/ranran/my_ptm/croton/data/structure_pipeline/pdb/O95573.pdb,exact_sequence_match,True
O95671,,missing_pdb,False
O95707,/data/ranran/my_ptm/croton/data/structure_pipeline/pdb/O95707.pdb,exact_sequence_match,True
O95721,/data/ranran/my_ptm/croton/data/structure_pipeline/pdb/O95721.pdb,exact_sequence_match,True
O95758,,missing_pdb,False
O95816,/data/ranran/my_ptm/croton/data/structure_pipeline/pdb/O95816.pdb,exact_sequence_match,True
O95825,,missing_pdb,False
O95831,/data/ranran/my_ptm/croton/data/structure_pipeline/pdb/O95831.pdb,exact_sequence_match,True
O95881,,missing_pdb,False
O95954,,missing_pdb,False
O95994,,missing_pdb,False
O96019,,missing_pdb,False
P00366,,missing_pdb,False
P00375,,missing_pdb,False
P00388,,missing_pdb,False
P00393,,missing_pdb,False
P00450,,missing_pdb,False
P00488,,missing_pdb,False
P00547,,missing_pdb,False
P00561,,missing_pdb,False
P00734,,missing_pdb,False
P00738,,missing_pdb,False
P00750,,missing_pdb,False
P00751,,missing_pdb,False
P00805,,missing_pdb,False
P00811,,missing_pdb,False
P00813,,missing_pdb,False
P00861,,missing_pdb,False
P00890,,missing_pdb,False
P00895,,missing_pdb,False
P00915,,missing_pdb,False
P00926,,missing_pdb,False
P00958,,missing_pdb,False
P00963,,missing_pdb,False
P01008,,missing_pdb,False
P01031,,missing_pdb,False
P01040,,missing_pdb,False
P01042,,missing_pdb,False
P01048,,missing_pdb,False
P01097,,missing_pdb,False
P01833,,missing_pdb,False
P01834,,missing_pdb,False
P01857,,missing_pdb,False
P02283,,missing_pdb,False
P02358,,missing_pdb,False
P02359,,missing_pdb,False
P02406,,missing_pdb,False
P02461,,missing_pdb,False
P02647,,missing_pdb,False
P02656,,missing_pdb,False
P02671,,missing_pdb,False
P02679,,missing_pdb,False
P02692,,missing_pdb,False
P02730,,missing_pdb,False
P02751,,missing_pdb,False
P02753,,missing_pdb,False
P02760,,missing_pdb,False
P02763,,missing_pdb,False
P02766,,missing_pdb,False
P02770,,missing_pdb,False
P02786,/data/ranran/my_ptm/croton/data/structure_pipeline/pdb/P02786.pdb,exact_sequence_match,True
P02788,,missing_pdb,False
P02924,,missing_pdb,False
P02925,,missing_pdb,False
P02930,,missing_pdb,False
P02943,,missing_pdb,False
P03018,,missing_pdb,False
P03841,,missing_pdb,False
P03878,,missing_pdb,False
P03930,,missing_pdb,False
P04036,,missing_pdb,False
P04037,,missing_pdb,False
P04040,/data/ranran/my_ptm/croton/data/structure_pipeline/pdb/P04040.pdb,exact_sequence_match,True
P04050,,missing_pdb,False
P04083,,missing_pdb,False
P04114,,missing_pdb,False
P04147,,missing_pdb,False
P04176,,missing_pdb,False
P04196,,missing_pdb,False
P04233,,missing_pdb,False
P04247,,missing_pdb,False
P04275,,missing_pdb,False
P04385,,missing_pdb,False
P04397,,missing_pdb,False
P04424,,missing_pdb,False
P04425,,missing_pdb,False
P04550,,missing_pdb,False
P04650,,missing_pdb,False
P04792,/data/ranran/my_ptm/croton/data/structure_pipeline/pdb/P04792.pdb,exact_sequence_match,True
P04800,,missing_pdb,False
P04802,,missing_pdb,False
P04816,,missing_pdb,False
P04949,,missing_pdb,False
P04951,,missing_pdb,False
P04982,,missing_pdb,False
P04994,,missing_pdb,False
P04995,,missing_pdb,False
P05155,,missing_pdb,False
P05187,/data/ranran/my_ptm/croton/data/structure_pipeline/pdb/P05187.pdb,exact_sequence_match,True
P05194,,missing_pdb,False
P05197,,missing_pdb,False
P05349,,missing_pdb,False
P05387,/data/ranran/my_ptm/croton/data/structure_pipeline/pdb/P05387.pdb,exact_sequence_match,True
P05388,/data/ranran/my_ptm/croton/data/structure_pipeline/pdb/P05388.pdb,exact_sequence_match,True
P05455,/data/ranran/my_ptm/croton/data/structure_pipeline/pdb/P05455.pdb,exact_sequence_match,True
P05458,,missing_pdb,False
P05459,,missing_pdb,False
P05556,/data/ranran/my_ptm/croton/data/structure_pipeline/pdb/P05556.pdb,exact_sequence_match,True
P05637,,missing_pdb,False
P05747,,missing_pdb,False
P05748,,missing_pdb,False
P05791,,missing_pdb,False
P05824,,missing_pdb,False
P05827,,missing_pdb,False
P06101,,missing_pdb,False
P06103,,missing_pdb,False
P06105,,missing_pdb,False
P06149,,missing_pdb,False
P06302,,missing_pdb,False
P06493,,missing_pdb,False
P06611,,missing_pdb,False
P06702,,missing_pdb,False
P06748,/data/ranran/my_ptm/croton/data/structure_pipeline/pdb/P06748.pdb,exact_sequence_match,True
P06753,/data/ranran/my_ptm/croton/data/structure_pipeline/pdb/P06753.pdb,exact_sequence_match,True
P06846,,missing_pdb,False
P06909,,missing_pdb,False
P06968,,missing_pdb,False
P06974,,missing_pdb,False
P06987,,missing_pdb,False
P06989,,missing_pdb,False
P06992,,missing_pdb,False
P06996,,missing_pdb,False
P07023,,missing_pdb,False
P07024,,missing_pdb,False
P07099,/data/ranran/my_ptm/croton/data/structure_pipeline/pdb/P07099.pdb,exact_sequence_match,True
P07108,,missing_pdb,False
P07213,,missing_pdb,False
P07246,,missing_pdb,False
P07256,,missing_pdb,False
P07257,,missing_pdb,False
P07260,,missing_pdb,False
P07262,,missing_pdb,False
P07264,,missing_pdb,False
P07277,,missing_pdb,False
P07342,,missing_pdb,False
P07623,,missing_pdb,False
P07639,,missing_pdb,False
P07649,,missing_pdb,False
P07737,/data/ranran/my_ptm/croton/data/structure_pipeline/pdb/P07737.pdb,exact_sequence_match,True
P07756,,missing_pdb,False
P07814,/data/ranran/my_ptm/croton/data/structure_pipeline/pdb/P07814.pdb,exact_sequence_match,True
P07824,,missing_pdb,False
P07862,,missing_pdb,False
P07919,,missing_pdb,False
P07942,/data/ranran/my_ptm/croton/data/structure_pipeline/pdb/P07942.pdb,exact_sequence_match,True
P07996,,missing_pdb,False
P08133,/data/ranran/my_ptm/croton/data/structure_pipeline/pdb/P08133.pdb,exact_sequence_match,True
P08174,/data/ranran/my_ptm/croton/data/structure_pipeline/pdb/P08174.pdb,exact_sequence_match,True
P08179,,missing_pdb,False
P08195,,missing_pdb,False
P08240,/data/ranran/my_ptm/croton/data/structure_pipeline/pdb/P08240.pdb,exact_sequence_match,True
P08244,,missing_pdb,False
P08245,,missing_pdb,False
P08397,/data/ranran/my_ptm/croton/data/structure_pipeline/pdb/P08397.pdb,exact_sequence_match,True
P08431,,missing_pdb,False
P08473,,missing_pdb,False
P08499,,missing_pdb,False
P08559,/data/ranran/my_ptm/croton/data/structure_pipeline/pdb/P08559.pdb,exact_sequence_match,True
P08575,,missing_pdb,False
P08660,,missing_pdb,False
P08865,/data/ranran/my_ptm/croton/data/structure_pipeline/pdb/P08865.pdb,exact_sequence_match,True
P08956,,missing_pdb,False
P08957,,missing_pdb,False
P09053,,missing_pdb,False
P09118,,missing_pdb,False
P09169,,missing_pdb,False
P09211,/data/ranran/my_ptm/croton/data/structure_pipeline/pdb/P09211.pdb,exact_sequence_match,True
P09234,/data/ranran/my_ptm/croton/data/structure_pipeline/pdb/P09234.pdb,exact_sequence_match,True
P09323,,missing_pdb,False
P09382,/data/ranran/my_ptm/croton/data/structure_pipeline/pdb/P09382.pdb,exact_sequence_match,True
P09424,,missing_pdb,False
P09429,,missing_pdb,False
P09486,,missing_pdb,False
P09496,/data/ranran/my_ptm/croton/data/structure_pipeline/pdb/P09496.pdb,exact_sequence_match,True
P09542,,missing_pdb,False
P09543,/data/ranran/my_ptm/croton/data/structure_pipeline/pdb/P09543.pdb,exact_sequence_match,True
P09551,,missing_pdb,False
P09606,,missing_pdb,False
P09803,,missing_pdb,False
P09813,,missing_pdb,False
P09874,/data/ranran/my_ptm/croton/data/structure_pipeline/pdb/P09874.pdb,exact_sequence_match,True
P09960,/data/ranran/my_ptm/croton/data/structure_pipeline/pdb/P09960.pdb,exact_sequence_match,True
P0A302,,missing_pdb,False
P0A3Z1,,missing_pdb,False
P0A463,,missing_pdb,False
P0A6B4,,missing_pdb,False
P0A6C1,,missing_pdb,False
P0A6C5,,missing_pdb,False
P0A6C8,,missing_pdb,False
P0A6D7,,missing_pdb,False
P0A6E4,,missing_pdb,False
P0A6E9,,missing_pdb,False
P0A6H5,,missing_pdb,False
P0A6I3,,missing_pdb,False
P0A6I9,,missing_pdb,False
P0A6J8,,missing_pdb,False
P0A6K6,,missing_pdb,False
P0A6L2,,missing_pdb,False
P0A6L4,,missing_pdb,False
P0A6N8,,missing_pdb,False
P0A6P7,,missing_pdb,False
P0A6Q6,,missing_pdb,False
P0A6R3,,missing_pdb,False
P0A6T5,,missing_pdb,False
P0A6U5,,missing_pdb,False
P0A6V8,,missing_pdb,False
P0A6X3,,missing_pdb,False
P0A6X7,,missing_pdb,False
P0A738,,missing_pdb,False
P0A746,,missing_pdb,False
P0A759,,missing_pdb,False
P0A761,,missing_pdb,False
P0A763,,missing_pdb,False
P0A790,,missing_pdb,False
P0A7A2,,missing_pdb,False
P0A7B5,,missing_pdb,False
P0A7C6,,missing_pdb,False
P0A7D7,,missing_pdb,False
P0A7F3,,missing_pdb,False
P0A7F6,,missing_pdb,False
P0A7G2,,missing_pdb,False
P0A7I4,,missing_pdb,False
P0A7J0,,missing_pdb,False
P0A7N4,,missing_pdb,False
P0A7P5,,missing_pdb,False
P0A7Q6,,missing_pdb,False
P0A7X6,,missing_pdb,False
P0A7Y4,,missing_pdb,False
P0A7Z0,,missing_pdb,False
P0A809,,missing_pdb,False
P0A823,,missing_pdb,False
P0A853,,missing_pdb,False
P0A862,,missing_pdb,False
P0A877,,missing_pdb,False
P0A881,,missing_pdb,False
P0A887,,missing_pdb,False
P0A8A4,,missing_pdb,False
P0A8B2,,missing_pdb,False
P0A8C4,,missing_pdb,False
P0A8D0,,missing_pdb,False
P0A8E1,,missing_pdb,False
P0A8E7,,missing_pdb,False
P0A8G0,,missing_pdb,False
P0A8I3,,missing_pdb,False
P0A8I5,,missing_pdb,False
P0A8L7,,missing_pdb,False
P0A8P3,,missing_pdb,False
P0A8U0,,missing_pdb,False
P0A8V0,,missing_pdb,False
P0A8W2,,missing_pdb,False
P0A8X2,,missing_pdb,False
P0A8Y1,,missing_pdb,False
P0A8Y3,,missing_pdb,False
P0A8Y5,,missing_pdb,False
P0A8Z0,,missing_pdb,False
P0A8Z3,,missing_pdb,False
P0A901,,missing_pdb,False
P0A910,,missing_pdb,False
P0A917,,missing_pdb,False
P0A927,,missing_pdb,False
P0A940,,missing_pdb,False
P0A948,,missing_pdb,False
P0A951,,missing_pdb,False
P0A962,,missing_pdb,False
P0A968,,missing_pdb,False
P0A991,,missing_pdb,False
P0A998,,missing_pdb,False
P0A9C3,,missing_pdb,False
P0A9D2,,missing_pdb,False
P0A9D4,,missing_pdb,False
P0A9F3,,missing_pdb,False
P0A9G6,,missing_pdb,False
P0A9G8,,missing_pdb,False
P0A9H1,,missing_pdb,False
P0A9H7,,missing_pdb,False
P0A9K7,,missing_pdb,False
P0A9K9,,missing_pdb,False
P0A9L3,,missing_pdb,False
P0A9L5,,missing_pdb,False
P0A9M5,,missing_pdb,False
P0A9N4,,missing_pdb,False
P0A9S3,,missing_pdb,False
P0A9S7,,missing_pdb,False
P0A9W9,,missing_pdb,False
P0A9X1,,missing_pdb,False
P0A9X4,,missing_pdb,False
P0AA57,,missing_pdb,False
P0AAB4,,missing_pdb,False
P0AAC0,,missing_pdb,False
P0AAJ8,,missing_pdb,False
P0AAQ6,,missing_pdb,False
P0AAR3,,missing_pdb,False
P0AAT2,,missing_pdb,False
P0AAT6,,missing_pdb,False
P0AB14,,missing_pdb,False
P0AB24,,missing_pdb,False
P0AB46,,missing_pdb,False
P0AB52,,missing_pdb,False
P0AB55,,missing_pdb,False
P0AB61,,missing_pdb,False
P0AB80,,missing_pdb,False
P0ABA4,,missing_pdb,False
P0ABC7,,missing_pdb,False
P0ABD8,,missing_pdb,False
P0ABI8,,missing_pdb,False
P0ABP8,,missing_pdb,False
P0ABQ4,,missing_pdb,False
P0ABR1,,missing_pdb,False
P0ABS1,,missing_pdb,False
P0ABS8,,missing_pdb,False
P0ABT2,,missing_pdb,False
P0ABW9,,missing_pdb,False
P0AC13,,missing_pdb,False
P0AC19,,missing_pdb,False
P0AC33,,missing_pdb,False
P0AC59,,missing_pdb,False
P0AC69,,missing_pdb,False
P0AC84,,missing_pdb,False
P0AC92,,missing_pdb,False
P0ACA3,,missing_pdb,False
P0ACA7,,missing_pdb,False
P0ACD4,,missing_pdb,False
P0ACE3,,missing_pdb,False
P0ACF8,,missing_pdb,False
P0ACI0,,missing_pdb,False
P0ACI6,,missing_pdb,False
P0ACJ0,,missing_pdb,False
P0ACK5,,missing_pdb,False
P0ACL0,,missing_pdb,False
P0ACM2,,missing_pdb,False
P0ACP1,,missing_pdb,False
P0ACP7,,missing_pdb,False
P0ACR9,,missing_pdb,False
P0ACS7,,missing_pdb,False
P0ACS9,,missing_pdb,False
P0ACW6,,missing_pdb,False
P0ACX3,,missing_pdb,False
P0ACY1,,missing_pdb,False
P0ACY3,,missing_pdb,False
P0ACZ4,,missing_pdb,False
P0AD05,,missing_pdb,False
P0AD12,,missing_pdb,False
P0AD49,,missing_pdb,False
P0AD53,,missing_pdb,False
P0AD59,,missing_pdb,False
P0ADE6,,missing_pdb,False
P0ADE8,,missing_pdb,False
P0ADN2,,missing_pdb,False
P0ADP9,,missing_pdb,False
P0ADR6,,missing_pdb,False
P0ADR8,,missing_pdb,False
P0ADS2,,missing_pdb,False
P0ADS6,,missing_pdb,False
P0ADS9,,missing_pdb,False
P0ADT5,,missing_pdb,False
P0ADT8,,missing_pdb,False
P0ADU5,,missing_pdb,False
P0ADV1,,missing_pdb,False
P0ADV7,,missing_pdb,False
P0ADV9,,missing_pdb,False
P0ADX1,,missing_pdb,False
P0AE01,,missing_pdb,False
P0AE12,,missing_pdb,False
P0AE39,,missing_pdb,False
P0AE63,,missing_pdb,False
P0AE67,,missing_pdb,False
P0AE91,,missing_pdb,False
P0AEA8,,missing_pdb,False
P0AEB2,,missing_pdb,False
P0AEB7,,missing_pdb,False
P0AEC3,,missing_pdb,False
P0AEE1,,missing_pdb,False
P0AEE5,,missing_pdb,False
P0AEF0,,missing_pdb,False
P0AEG4,,missing_pdb,False
P0AEG6,,missing_pdb,False
P0AEH5,,missing_pdb,False
P0AEI6,,missing_pdb,False
P0AEJ2,,missing_pdb,False
P0AEJ6,,missing_pdb,False
P0AEM9,,missing_pdb,False
P0AEQ1,,missing_pdb,False
P0AES0,,missing_pdb,False
P0AES9,,missing_pdb,False
P0AET2,,missing_pdb,False
P0AEW6,,missing_pdb,False
P0AEX9,,missing_pdb,False
P0AEY5,,missing_pdb,False
P0AEZ1,,missing_pdb,False
P0AF03,,missing_pdb,False
P0AF08,,missing_pdb,False
P0AF18,,missing_pdb,False
P0AF20,,missing_pdb,False
P0AF24,,missing_pdb,False
P0AF36,,missing_pdb,False
P0AF48,,missing_pdb,False
P0AF50,,missing_pdb,False
P0AF56,,missing_pdb,False
P0AF96,,missing_pdb,False
P0AFA2,,missing_pdb,False
P0AFC7,,missing_pdb,False
P0AFD1,,missing_pdb,False
P0AFD6,,missing_pdb,False
P0AFH8,,missing_pdb,False
P0AFJ1,,missing_pdb,False
P0AFK0,,missing_pdb,False
P0AFL3,,missing_pdb,False
P0AFL6,,missing_pdb,False
P0AFP6,,missing_pdb,False
P0AFW0,,missing_pdb,False
P0AFX4,,missing_pdb,False
P0AFY8,,missing_pdb,False
P0AG14,,missing_pdb,False
P0AG16,,missing_pdb,False
P0AG80,,missing_pdb,False
P0AG82,,missing_pdb,False
P0AGB6,,missing_pdb,False
P0AGC3,,missing_pdb,False
P0AGF2,,missing_pdb,False
P0AGG0,,missing_pdb,False
P0AGG2,,missing_pdb,False
P0AGJ5,,missing_pdb,False
P0C037,,missing_pdb,False
P0C054,,missing_pdb,False
P0C077,,missing_pdb,False
P0C093,,missing_pdb,False
P0C0K3,,missing_pdb,False
P0C0L1,,missing_pdb,False
P0C0L2,,missing_pdb,False
P0C0L5,,missing_pdb,False
P0C0T4,,missing_pdb,False
P0C0V8,,missing_pdb,False
P0C512,,missing_pdb,False
P0C544,,missing_pdb,False
P0C5D5,,missing_pdb,False
P0C8J6,,missing_pdb,False
P0C8J8,,missing_pdb,False
P0CE49,,missing_pdb,False
P0CG47,,missing_pdb,False
P0CT15,,missing_pdb,False
P0CX27,,missing_pdb,False
P0CX29,,missing_pdb,False
P0CX33,,missing_pdb,False
P0CX82,,missing_pdb,False
P0DJI9,,missing_pdb,False
P0DKS9,,missing_pdb,False
P0DMC7,,missing_pdb,False
P0DME0,,missing_pdb,False
P0DPI2,,missing_pdb,False
P10080,,missing_pdb,False
P10384,,missing_pdb,False
P10606,/data/ranran/my_ptm/croton/data/structure_pipeline/pdb/P10606.pdb,exact_sequence_match,True
P10622,,missing_pdb,False
P10888,,missing_pdb,False
P10909,/data/ranran/my_ptm/croton/data/structure_pipeline/pdb/P10909.pdb,exact_sequence_match,True
P11031,,missing_pdb,False
P11047,/data/ranran/my_ptm/croton/data/structure_pipeline/pdb/P11047.pdb,exact_sequence_match,True
P11172,/data/ranran/my_ptm/croton/data/structure_pipeline/pdb/P11172.pdb,exact_sequence_match,True
P11234,,missing_pdb,False
P11279,,missing_pdb,False
P11352,,missing_pdb,False
P11532,,missing_pdb,False
P11557,,missing_pdb,False
P11679,,missing_pdb,False
P11717,/data/ranran/my_ptm/croton/data/structure_pipeline/pdb/P11717.pdb,exact_sequence_match,True
P11880,,missing_pdb,False
P11915,,missing_pdb,False
P11930,,missing_pdb,False
P11951,,missing_pdb,False
P12004,/data/ranran/my_ptm/croton/data/structure_pipeline/pdb/P12004.pdb,exact_sequence_match,True
P12074,,missing_pdb,False
P12111,,missing_pdb,False
P12242,,missing_pdb,False
P12270,/data/ranran/my_ptm/croton/data/structure_pipeline/pdb/P12270.pdb,exact_sequence_match,True
P12295,,missing_pdb,False
P12372,,missing_pdb,False
P12385,,missing_pdb,False
P12749,,missing_pdb,False
P12758,,missing_pdb,False
P12821,,missing_pdb,False
P12931,,missing_pdb,False
P12955,/data/ranran/my_ptm/croton/data/structure_pipeline/pdb/P12955.pdb,exact_sequence_match,True
P12956,/data/ranran/my_ptm/croton/data/structure_pipeline/pdb/P12956.pdb,exact_sequence_match,True
P12970,,missing_pdb,False
P12995,,missing_pdb,False
P13010,/data/ranran/my_ptm/croton/data/structure_pipeline/pdb/P13010.pdb,exact_sequence_match,True
P13011,,missing_pdb,False
P13016,,missing_pdb,False
P13086,,missing_pdb,False
P13667,/data/ranran/my_ptm/croton/data/structure_pipeline/pdb/P13667.pdb,exact_sequence_match,True
P13669,,missing_pdb,False
P13745,,missing_pdb,False
P13866,,missing_pdb,False
P13995,/data/ranran/my_ptm/croton/data/structure_pipeline/pdb/P13995.pdb,exact_sequence_match,True
P14020,,missing_pdb,False
P14094,,missing_pdb,False
P14131,,missing_pdb,False
P14148,,missing_pdb,False
P14175,,missing_pdb,False
P14314,/data/ranran/my_ptm/croton/data/structure_pipeline/pdb/P14314.pdb,exact_sequence_match,True
P14324,/data/ranran/my_ptm/croton/data/structure_pipeline/pdb/P14324.pdb,exact_sequence_match,True
P14406,,missing_pdb,False
P14685,,missing_pdb,False
P14717,,missing_pdb,False
P14742,,missing_pdb,False
P14780,,missing_pdb,False
P14866,/data/ranran/my_ptm/croton/data/structure_pipeline/pdb/P14866.pdb,exact_sequence_match,True
P14900,,missing_pdb,False
P14906,,missing_pdb,False
P14907,,missing_pdb,False
P14920,,missing_pdb,False
P14923,,missing_pdb,False
P14945,,missing_pdb,False
P15042,,missing_pdb,False
P15047,,missing_pdb,False
P15056,/data/ranran/my_ptm/croton/data/structure_pipeline/pdb/P15056.pdb,exact_sequence_match,True
P15144,,missing_pdb,False
P15170,,missing_pdb,False
P15303,,missing_pdb,False
P15311,/data/ranran/my_ptm/croton/data/structure_pipeline/pdb/P15311.pdb,exact_sequence_match,True
P15374,/data/ranran/my_ptm/croton/data/structure_pipeline/pdb/P15374.pdb,exact_sequence_match,True
P15529,/data/ranran/my_ptm/croton/data/structure_pipeline/pdb/P15529.pdb,exact_sequence_match,True
P15559,/data/ranran/my_ptm/croton/data/structure_pipeline/pdb/P15559.pdb,exact_sequence_match,True
P15624,,missing_pdb,False
P15625,,missing_pdb,False
P15640,,missing_pdb,False
P15703,,missing_pdb,False
P15705,,missing_pdb,False
P15770,,missing_pdb,False
P15880,/data/ranran/my_ptm/croton/data/structure_pipeline/pdb/P15880.pdb,exact_sequence_match,True
P15891,,missing_pdb,False
P15924,,missing_pdb,False
P15947,,missing_pdb,False
P15999,,missing_pdb,False
P16086,,missing_pdb,False
P16120,,missing_pdb,False
P16140,,missing_pdb,False
P16152,/data/ranran/my_ptm/croton/data/structure_pipeline/pdb/P16152.pdb,exact_sequence_match,True
P16157,,missing_pdb,False
P16387,,missing_pdb,False
P16401,/data/ranran/my_ptm/croton/data/structure_pipeline/pdb/P16401.pdb,exact_sequence_match,True
P16422,,missing_pdb,False
P16456,,missing_pdb,False
P16649,,missing_pdb,False
P16676,,missing_pdb,False
P16691,,missing_pdb,False
P16700,,missing_pdb,False
P16861,,missing_pdb,False
P16949,,missing_pdb,False
P16989,/data/ranran/my_ptm/croton/data/structure_pipeline/pdb/P16989.pdb,exact_sequence_match,True
P17095,,missing_pdb,False
P17117,,missing_pdb,False
P17178,,missing_pdb,False
P17255,,missing_pdb,False
P17315,,missing_pdb,False
P17480,/data/ranran/my_ptm/croton/data/structure_pipeline/pdb/P17480.pdb,exact_sequence_match,True
P17536,,missing_pdb,False
P17555,,missing_pdb,False
P17563,,missing_pdb,False
P17612,/data/ranran/my_ptm/croton/data/structure_pipeline/pdb/P17612.pdb,exact_sequence_match,True
P17665,,missing_pdb,False
P17695,,missing_pdb,False
P17709,,missing_pdb,False
P17751,,missing_pdb,False
P17846,,missing_pdb,False
P17891,,missing_pdb,False
P17932,,missing_pdb,False
P17967,,missing_pdb,False
P18133,,missing_pdb,False
P18196,,missing_pdb,False
P18206,/data/ranran/my_ptm/croton/data/structure_pipeline/pdb/P18206.pdb,exact_sequence_match,True
P18239,,missing_pdb,False
P18242,,missing_pdb,False
P18390,,missing_pdb,False
P18669,/data/ranran/my_ptm/croton/data/structure_pipeline/pdb/P18669.pdb,exact_sequence_match,True
P18760,,missing_pdb,False
P18775,,missing_pdb,False
P18859,,missing_pdb,False
P18886,,missing_pdb,False
P18956,,missing_pdb,False
P19097,,missing_pdb,False
P19253,,missing_pdb,False
P19262,,missing_pdb,False
P19338,/data/ranran/my_ptm/croton/data/structure_pipeline/pdb/P19338.pdb,exact_sequence_match,True
P19397,,missing_pdb,False
P19511,,missing_pdb,False
P19801,,missing_pdb,False
P19926,,missing_pdb,False
P20042,/data/ranran/my_ptm/croton/data/structure_pipeline/pdb/P20042.pdb,exact_sequence_match,True
P20065,,missing_pdb,False
P20081,,missing_pdb,False
P20674,/data/ranran/my_ptm/croton/data/structure_pipeline/pdb/P20674.pdb,exact_sequence_match,True
P20711,,missing_pdb,False
P20774,,missing_pdb,False
P21156,,missing_pdb,False
P21242,,missing_pdb,False
P21266,/data/ranran/my_ptm/croton/data/structure_pipeline/pdb/P21266.pdb,exact_sequence_match,True
P21338,,missing_pdb,False
P21362,,missing_pdb,False
P21369,,missing_pdb,False
P21397,,missing_pdb,False
P21513,,missing_pdb,False
P21531,,missing_pdb,False
P21533,,missing_pdb,False
P21913,,missing_pdb,False
P21953,/data/ranran/my_ptm/croton/data/structure_pipeline/pdb/P21953.pdb,exact_sequence_match,True
P21964,/data/ranran/my_ptm/croton/data/structure_pipeline/pdb/P21964.pdb,exact_sequence_match,True
P22059,/data/ranran/my_ptm/croton/data/structure_pipeline/pdb/P22059.pdb,exact_sequence_match,True
P22061,,missing_pdb,False
P22087,/data/ranran/my_ptm/croton/data/structure_pipeline/pdb/P22087.pdb,exact_sequence_match,True
P22102,/data/ranran/my_ptm/croton/data/structure_pipeline/pdb/P22102.pdb,exact_sequence_match,True
P22105,,missing_pdb,False
P22146,,missing_pdb,False
P22203,,missing_pdb,False
P22234,/data/ranran/my_ptm/croton/data/structure_pipeline/pdb/P22234.pdb,exact_sequence_match,True
P22314,/data/ranran/my_ptm/croton/data/structure_pipeline/pdb/P22314.pdb,exact_sequence_match,True
P22525,,missing_pdb,False
P22564,,missing_pdb,False
P22939,,missing_pdb,False
P22943,,missing_pdb,False
P23193,/data/ranran/my_ptm/croton/data/structure_pipeline/pdb/P23193.pdb,exact_sequence_match,True
P23246,/data/ranran/my_ptm/croton/data/structure_pipeline/pdb/P23246.pdb,exact_sequence_match,True
P23331,,missing_pdb,False
P23434,,missing_pdb,False
P23514,,missing_pdb,False
P23522,,missing_pdb,False
P23588,/data/ranran/my_ptm/croton/data/structure_pipeline/pdb/P23588.pdb,exact_sequence_match,True
P23634,,missing_pdb,False
P23724,,missing_pdb,False
P23827,,missing_pdb,False
P23843,,missing_pdb,False
P23847,,missing_pdb,False
P23857,,missing_pdb,False
P23865,,missing_pdb,False
P23882,,missing_pdb,False
P23909,,missing_pdb,False
P23917,,missing_pdb,False
P23919,/data/ranran/my_ptm/croton/data/structure_pipeline/pdb/P23919.pdb,exact_sequence_match,True
P24178,,missing_pdb,False
P24182,,missing_pdb,False
P24188,,missing_pdb,False
P24203,,missing_pdb,False
P24215,,missing_pdb,False
P24216,,missing_pdb,False
P24228,,missing_pdb,False
P24251,,missing_pdb,False
P24252,,missing_pdb,False
P24329,,missing_pdb,False
P24456,,missing_pdb,False
P24821,,missing_pdb,False
P25098,/data/ranran/my_ptm/croton/data/structure_pipeline/pdb/P25098.pdb,exact_sequence_match,True
P25306,,missing_pdb,False
P25372,,missing_pdb,False
P25386,,missing_pdb,False
P25397,,missing_pdb,False
P25524,,missing_pdb,False
P25666,,missing_pdb,False
P25694,,missing_pdb,False
P25740,,missing_pdb,False
P25746,,missing_pdb,False
P26196,/data/ranran/my_ptm/croton/data/structure_pipeline/pdb/P26196.pdb,exact_sequence_match,True
P26231,,missing_pdb,False
P26281,,missing_pdb,False
P26368,/data/ranran/my_ptm/croton/data/structure_pipeline/pdb/P26368.pdb,exact_sequence_match,True
P26373,/data/ranran/my_ptm/croton/data/structure_pipeline/pdb/P26373.pdb,exact_sequence_match,True
P26447,/data/ranran/my_ptm/croton/data/structure_pipeline/pdb/P26447.pdb,exact_sequence_match,True
P26516,,missing_pdb,False
P26612,,missing_pdb,False
P26638,,missing_pdb,False
P26640,/data/ranran/my_ptm/croton/data/structure_pipeline/pdb/P26640.pdb,exact_sequence_match,True
P26641,/data/ranran/my_ptm/croton/data/structure_pipeline/pdb/P26641.pdb,exact_sequence_match,True
P26783,,missing_pdb,False
P27127,,missing_pdb,False
P27128,,missing_pdb,False
P27240,,missing_pdb,False
P27242,,missing_pdb,False
P27245,,missing_pdb,False
P27306,,missing_pdb,False
P27321,,missing_pdb,False
P27476,,missing_pdb,False
P27514,,missing_pdb,False
P27615,,missing_pdb,False
P27694,/data/ranran/my_ptm/croton/data/structure_pipeline/pdb/P27694.pdb,exact_sequence_match,True
P27695,/data/ranran/my_ptm/croton/data/structure_pipeline/pdb/P27695.pdb,exact_sequence_match,True
P27816,/data/ranran/my_ptm/croton/data/structure_pipeline/pdb/P27816.pdb,exact_sequence_match,True
P27824,/data/ranran/my_ptm/croton/data/structure_pipeline/pdb/P27824.pdb,exact_sequence_match,True
P27828,,missing_pdb,False
P27829,,missing_pdb,False
P27833,,missing_pdb,False
P28078,,missing_pdb,False
P28272,,missing_pdb,False
P28306,,missing_pdb,False
P28635,,missing_pdb,False
P28707,,missing_pdb,False
P28838,/data/ranran/my_ptm/croton/data/structure_pipeline/pdb/P28838.pdb,exact_sequence_match,True
P28843,,missing_pdb,False
P28861,,missing_pdb,False
P28903,,missing_pdb,False
P29144,/data/ranran/my_ptm/croton/data/structure_pipeline/pdb/P29144.pdb,exact_sequence_match,True
P29147,,missing_pdb,False
P29283,,missing_pdb,False
P29353,,missing_pdb,False
P29373,,missing_pdb,False
P29401,/data/ranran/my_ptm/croton/data/structure_pipeline/pdb/P29401.pdb,exact_sequence_match,True
P29419,,missing_pdb,False
P29421,,missing_pdb,False
P29509,,missing_pdb,False
P29536,,missing_pdb,False
P29595,,missing_pdb,False
P29692,/data/ranran/my_ptm/croton/data/structure_pipeline/pdb/P29692.pdb,exact_sequence_match,True
P29728,,missing_pdb,False
P29745,,missing_pdb,False
P29795,,missing_pdb,False
P29952,,missing_pdb,False
P29966,/data/ranran/my_ptm/croton/data/structure_pipeline/pdb/P29966.pdb,exact_sequence_match,True
P30040,/data/ranran/my_ptm/croton/data/structure_pipeline/pdb/P30040.pdb,exact_sequence_match,True
P30044,/data/ranran/my_ptm/croton/data/structure_pipeline/pdb/P30044.pdb,exact_sequence_match,True
P30049,/data/ranran/my_ptm/croton/data/structure_pipeline/pdb/P30049.pdb,exact_sequence_match,True
P30085,/data/ranran/my_ptm/croton/data/structure_pipeline/pdb/P30085.pdb,exact_sequence_match,True
P30086,/data/ranran/my_ptm/croton/data/structure_pipeline/pdb/P30086.pdb,exact_sequence_match,True
P30125,,missing_pdb,False
P30126,,missing_pdb,False
P30137,,missing_pdb,False
P30139,,missing_pdb,False
P30177,,missing_pdb,False
P30178,,missing_pdb,False
P30622,/data/ranran/my_ptm/croton/data/structure_pipeline/pdb/P30622.pdb,exact_sequence_match,True
P30711,,missing_pdb,False
P30750,,missing_pdb,False
P30864,,missing_pdb,False
P30871,,missing_pdb,False
P30902,,missing_pdb,False
P30933,,missing_pdb,False
P30958,,missing_pdb,False
P31040,/data/ranran/my_ptm/croton/data/structure_pipeline/pdb/P31040.pdb,exact_sequence_match,True
P31060,,missing_pdb,False
P31069,,missing_pdb,False
P31130,,missing_pdb,False
P31133,,missing_pdb,False
P31224,,missing_pdb,False
P31232,,missing_pdb,False
P31431,,missing_pdb,False
P31550,,missing_pdb,False
P31554,,missing_pdb,False
P31658,,missing_pdb,False
P31663,,missing_pdb,False
P31674,,missing_pdb,False
P31697,,missing_pdb,False
P31806,,missing_pdb,False
P31808,,missing_pdb,False
P31825,,missing_pdb,False
P31942,,missing_pdb,False
P31943,/data/ranran/my_ptm/croton/data/structure_pipeline/pdb/P31943.pdb,exact_sequence_match,True
P31949,/data/ranran/my_ptm/croton/data/structure_pipeline/pdb/P31949.pdb,exact_sequence_match,True
P31979,,missing_pdb,False
P32162,,missing_pdb,False
P32176,,missing_pdb,False
P32177,,missing_pdb,False
P32263,,missing_pdb,False
P32266,,missing_pdb,False
P32320,/data/ranran/my_ptm/croton/data/structure_pipeline/pdb/P32320.pdb,exact_sequence_match,True
P32332,,missing_pdb,False
P32418,,missing_pdb,False
P32445,,missing_pdb,False
P32455,,missing_pdb,False
P32481,,missing_pdb,False
P32485,,missing_pdb,False
P32486,,missing_pdb,False
P32496,,missing_pdb,False
P32497,,missing_pdb,False
P32499,,missing_pdb,False
P32521,,missing_pdb,False
P32563,,missing_pdb,False
P32582,,missing_pdb,False
P32614,,missing_pdb,False
P32662,,missing_pdb,False
P32685,,missing_pdb,False
P32754,,missing_pdb,False
P32803,,missing_pdb,False
P32848,,missing_pdb,False
P32911,,missing_pdb,False
P32921,,missing_pdb,False
P33176,,missing_pdb,False
P33219,,missing_pdb,False
P33274,,missing_pdb,False
P33302,,missing_pdb,False
P33322,,missing_pdb,False
P33330,,missing_pdb,False
P33355,,missing_pdb,False
P33399,,missing_pdb,False
P33416,,missing_pdb,False
P33599,,missing_pdb,False
P33602,,missing_pdb,False
P33609,,missing_pdb,False
P33644,,missing_pdb,False
P33775,,missing_pdb,False
P33991,/data/ranran/my_ptm/croton/data/structure_pipeline/pdb/P33991.pdb,exact_sequence_match,True
P33992,/data/ranran/my_ptm/croton/data/structure_pipeline/pdb/P33992.pdb,exact_sequence_match,True
P34022,,missing_pdb,False
P34160,,missing_pdb,False
P34167,,missing_pdb,False
P34216,,missing_pdb,False
P34227,,missing_pdb,False
P34239,,missing_pdb,False
P34884,,missing_pdb,False
P34913,/data/ranran/my_ptm/croton/data/structure_pipeline/pdb/P34913.pdb,exact_sequence_match,True
P35191,,missing_pdb,False
P35492,,missing_pdb,False
P35505,,missing_pdb,False
P35585,,missing_pdb,False
P35613,/data/ranran/my_ptm/croton/data/structure_pipeline/pdb/P35613.pdb,exact_sequence_match,True
P35637,,missing_pdb,False
P35686,,missing_pdb,False
P35723,,missing_pdb,False
P35868,,missing_pdb,False
P35914,/data/ranran/my_ptm/croton/data/structure_pipeline/pdb/P35914.pdb,exact_sequence_match,True
P35980,,missing_pdb,False
P36015,,missing_pdb,False
P36081,,missing_pdb,False
P36147,,missing_pdb,False
P36421,,missing_pdb,False
P36507,/data/ranran/my_ptm/croton/data/structure_pipeline/pdb/P36507.pdb,exact_sequence_match,True
P36543,/data/ranran/my_ptm/croton/data/structure_pipeline/pdb/P36543.pdb,exact_sequence_match,True
P36548,,missing_pdb,False
P36552,,missing_pdb,False
P36578,/data/ranran/my_ptm/croton/data/structure_pipeline/pdb/P36578.pdb,exact_sequence_match,True
P36649,,missing_pdb,False
P36673,,missing_pdb,False
P36680,,missing_pdb,False
P36873,,missing_pdb,False
P36952,,missing_pdb,False
P36979,,missing_pdb,False
P37005,,missing_pdb,False
P37028,,missing_pdb,False
P37108,/data/ranran/my_ptm/croton/data/structure_pipeline/pdb/P37108.pdb,exact_sequence_match,True
P37177,,missing_pdb,False
P37235,/data/ranran/my_ptm/croton/data/structure_pipeline/pdb/P37235.pdb,exact_sequence_match,True
P37302,,missing_pdb,False
P37329,,missing_pdb,False
P37590,,missing_pdb,False
P37634,,missing_pdb,False
P37647,,missing_pdb,False
P37648,,missing_pdb,False
P37659,,missing_pdb,False
P37661,,missing_pdb,False
P37749,,missing_pdb,False
P37751,,missing_pdb,False
P37760,,missing_pdb,False
P37773,,missing_pdb,False
P37837,/data/ranran/my_ptm/croton/data/structure_pipeline/pdb/P37837.pdb,exact_sequence_match,True
P37902,,missing_pdb,False
P38011,,missing_pdb,False
P38013,,missing_pdb,False
P38023,,missing_pdb,False
P38085,,missing_pdb,False
P38104,,missing_pdb,False
P38159,,missing_pdb,False
P38199,,missing_pdb,False
P38264,,missing_pdb,False
P38431,,missing_pdb,False
P38489,,missing_pdb,False
P38623,,missing_pdb,False
P38682,,missing_pdb,False
P38708,,missing_pdb,False
P38840,,missing_pdb,False
P38845,,missing_pdb,False
P38879,,missing_pdb,False
P38902,,missing_pdb,False
P38910,,missing_pdb,False
P38911,,missing_pdb,False
P38934,,missing_pdb,False
P38961,,missing_pdb,False
P39013,,missing_pdb,False
P39015,,missing_pdb,False
P39060,,missing_pdb,False
P39172,,missing_pdb,False
P39173,,missing_pdb,False
P39286,,missing_pdb,False
P39310,,missing_pdb,False
P39315,,missing_pdb,False
P39325,,missing_pdb,False
P39356,,missing_pdb,False
P39371,,missing_pdb,False
P39401,,missing_pdb,False
P39406,,missing_pdb,False
P39730,,missing_pdb,False
P39744,,missing_pdb,False
P39748,/data/ranran/my_ptm/croton/data/structure_pipeline/pdb/P39748.pdb,exact_sequence_match,True
P39838,,missing_pdb,False
P39931,,missing_pdb,False
P39938,,missing_pdb,False
P39986,,missing_pdb,False
P40016,,missing_pdb,False
P40032,,missing_pdb,False
P40046,,missing_pdb,False
P40069,,missing_pdb,False
P40081,,missing_pdb,False
P40106,,missing_pdb,False
P40120,,missing_pdb,False
P40121,,missing_pdb,False
P40191,,missing_pdb,False
P40261,,missing_pdb,False
P40306,,missing_pdb,False
P40307,,missing_pdb,False
P40413,,missing_pdb,False
P40482,,missing_pdb,False
P40525,,missing_pdb,False
P40531,,missing_pdb,False
P40611,,missing_pdb,False
P40763,/data/ranran/my_ptm/croton/data/structure_pipeline/pdb/P40763.pdb,exact_sequence_match,True
P40818,/data/ranran/my_ptm/croton/data/structure_pipeline/pdb/P40818.pdb,exact_sequence_match,True
P41180,,missing_pdb,False
P41227,/data/ranran/my_ptm/croton/data/structure_pipeline/pdb/P41227.pdb,exact_sequence_match,True
P41250,/data/ranran/my_ptm/croton/data/structure_pipeline/pdb/P41250.pdb,exact_sequence_match,True
P41252,/data/ranran/my_ptm/croton/data/structure_pipeline/pdb/P41252.pdb,exact_sequence_match,True
P41407,,missing_pdb,False
P41731,,missing_pdb,False
P41805,,missing_pdb,False
P41807,,missing_pdb,False
P42079,,missing_pdb,False
P42126,/data/ranran/my_ptm/croton/data/structure_pipeline/pdb/P42126.pdb,exact_sequence_match,True
P42166,/data/ranran/my_ptm/croton/data/structure_pipeline/pdb/P42166.pdb,exact_sequence_match,True
P42226,,missing_pdb,False
P42285,/data/ranran/my_ptm/croton/data/structure_pipeline/pdb/P42285.pdb,exact_sequence_match,True
P42356,/data/ranran/my_ptm/croton/data/structure_pipeline/pdb/P42356.pdb,exact_sequence_match,True
P42457,,missing_pdb,False
P42616,,missing_pdb,False
P42704,/data/ranran/my_ptm/croton/data/structure_pipeline/pdb/P42704.pdb,exact_sequence_match,True
P42862,,missing_pdb,False
P42932,,missing_pdb,False
P42941,,missing_pdb,False
P43034,/data/ranran/my_ptm/croton/data/structure_pipeline/pdb/P43034.pdb,exact_sequence_match,True
P43121,/data/ranran/my_ptm/croton/data/structure_pipeline/pdb/P43121.pdb,exact_sequence_match,True
P43378,,missing_pdb,False
P43490,/data/ranran/my_ptm/croton/data/structure_pipeline/pdb/P43490.pdb,exact_sequence_match,True
P43533,,missing_pdb,False
P43535,,missing_pdb,False
P43555,,missing_pdb,False
P43585,,missing_pdb,False
P43593,,missing_pdb,False
P43897,/data/ranran/my_ptm/croton/data/structure_pipeline/pdb/P43897.pdb,exact_sequence_match,True
P45395,,missing_pdb,False
P45523,,missing_pdb,False
P45568,,missing_pdb,False
P45577,,missing_pdb,False
P45579,,missing_pdb,False
P45748,,missing_pdb,False
P45771,,missing_pdb,False
P45955,,missing_pdb,False
P45973,/data/ranran/my_ptm/croton/data/structure_pipeline/pdb/P45973.pdb,exact_sequence_match,True
P45974,/data/ranran/my_ptm/croton/data/structure_pipeline/pdb/P45974.pdb,exact_sequence_match,True
P46061,,missing_pdb,False
P46118,,missing_pdb,False
P46199,/data/ranran/my_ptm/croton/data/structure_pipeline/pdb/P46199.pdb,exact_sequence_match,True
P46235,,missing_pdb,False
P46413,,missing_pdb,False
P46459,/data/ranran/my_ptm/croton/data/structure_pipeline/pdb/P46459.pdb,exact_sequence_match,True
P46520,,missing_pdb,False
P46655,,missing_pdb,False
P46656,,missing_pdb,False
P46720,,missing_pdb,False
P46778,/data/ranran/my_ptm/croton/data/structure_pipeline/pdb/P46778.pdb,exact_sequence_match,True
P46784,,missing_pdb,False
P46821,,missing_pdb,False
P46852,,missing_pdb,False
P46853,,missing_pdb,False
P46887,,missing_pdb,False
P46940,/data/ranran/my_ptm/croton/data/structure_pipeline/pdb/P46940.pdb,exact_sequence_match,True
P46952,,missing_pdb,False
P46976,,missing_pdb,False
P47001,,missing_pdb,False
P47005,,missing_pdb,False
P47006,,missing_pdb,False
P47117,,missing_pdb,False
P47754,,missing_pdb,False
P47756,/data/ranran/my_ptm/croton/data/structure_pipeline/pdb/P47756.pdb;/data/ranran/my_ptm/croton/data/structure_pipeline/pdb/AF-P47756-F1-model_v6.pdb,sequence_mismatch,False
P47897,/data/ranran/my_ptm/croton/data/structure_pipeline/pdb/P47897.pdb,exact_sequence_match,True
P47915,,missing_pdb,False
P48678,,missing_pdb,False
P48681,,missing_pdb,False
P48739,/data/ranran/my_ptm/croton/data/structure_pipeline/pdb/P48739.pdb,exact_sequence_match,True
P48836,,missing_pdb,False
P48950,,missing_pdb,False
P49242,,missing_pdb,False
P49321,/data/ranran/my_ptm/croton/data/structure_pipeline/pdb/P49321.pdb,exact_sequence_match,True
P49327,/data/ranran/my_ptm/croton/data/structure_pipeline/pdb/P49327.pdb,exact_sequence_match,True
P49406,,missing_pdb,False
P49419,/data/ranran/my_ptm/croton/data/structure_pipeline/pdb/P49419.pdb,exact_sequence_match,True
P49454,,missing_pdb,False
P49585,/data/ranran/my_ptm/croton/data/structure_pipeline/pdb/P49585.pdb,exact_sequence_match,True
P49589,/data/ranran/my_ptm/croton/data/structure_pipeline/pdb/P49589.pdb,exact_sequence_match,True
P49736,/data/ranran/my_ptm/croton/data/structure_pipeline/pdb/P49736.pdb,exact_sequence_match,True
P49750,/data/ranran/my_ptm/croton/data/structure_pipeline/pdb/P49750.pdb,exact_sequence_match,True
P49753,/data/ranran/my_ptm/croton/data/structure_pipeline/pdb/P49753.pdb,exact_sequence_match,True
P49755,/data/ranran/my_ptm/croton/data/structure_pipeline/pdb/P49755.pdb,exact_sequence_match,True
P49756,/data/ranran/my_ptm/croton/data/structure_pipeline/pdb/P49756.pdb,exact_sequence_match,True
P49773,/data/ranran/my_ptm/croton/data/structure_pipeline/pdb/P49773.pdb,exact_sequence_match,True
P49817,,missing_pdb,False
P49841,,missing_pdb,False
P49913,,missing_pdb,False
P49915,/data/ranran/my_ptm/croton/data/structure_pipeline/pdb/P49915.pdb,exact_sequence_match,True
P49945,,missing_pdb,False
P50172,,missing_pdb,False
P50295,,missing_pdb,False
P50336,,missing_pdb,False
P50402,/data/ranran/my_ptm/croton/data/structure_pipeline/pdb/P50402.pdb,exact_sequence_match,True
P50416,/data/ranran/my_ptm/croton/data/structure_pipeline/pdb/P50416.pdb,exact_sequence_match,True
P50440,,missing_pdb,False
P50454,/data/ranran/my_ptm/croton/data/structure_pipeline/pdb/P50454.pdb,exact_sequence_match,True
P50544,,missing_pdb,False
P50579,/data/ranran/my_ptm/croton/data/structure_pipeline/pdb/P50579.pdb,exact_sequence_match,True
P50637,,missing_pdb,False
P50851,,missing_pdb,False
P50995,/data/ranran/my_ptm/croton/data/structure_pipeline/pdb/P50995.pdb,exact_sequence_match,True
P51114,,missing_pdb,False
P51159,,missing_pdb,False
P51398,/data/ranran/my_ptm/croton/data/structure_pipeline/pdb/P51398.pdb,exact_sequence_match,True
P51553,,missing_pdb,False
P51570,/data/ranran/my_ptm/croton/data/structure_pipeline/pdb/P51570.pdb,exact_sequence_match,True
P51572,/data/ranran/my_ptm/croton/data/structure_pipeline/pdb/P51572.pdb,exact_sequence_match,True
P51606,,missing_pdb,False
P51610,/data/ranran/my_ptm/croton/data/structure_pipeline/pdb/P51610.pdb,exact_sequence_match,True
P51659,/data/ranran/my_ptm/croton/data/structure_pipeline/pdb/P51659.pdb,exact_sequence_match,True
P51858,,missing_pdb,False
P51888,,missing_pdb,False
P51970,/data/ranran/my_ptm/croton/data/structure_pipeline/pdb/P51970.pdb,exact_sequence_match,True
P52006,,missing_pdb,False
P52060,,missing_pdb,False
P52102,,missing_pdb,False
P52106,,missing_pdb,False
P52119,,missing_pdb,False
P52272,/data/ranran/my_ptm/croton/data/structure_pipeline/pdb/P52272.pdb,exact_sequence_match,True
P52565,/data/ranran/my_ptm/croton/data/structure_pipeline/pdb/P52565.pdb,exact_sequence_match,True
P52598,,missing_pdb,False
P52697,,missing_pdb,False
P52751,,missing_pdb,False
P52758,,missing_pdb,False
P52847,,missing_pdb,False
P52893,,missing_pdb,False
P52943,,missing_pdb,False
P53004,/data/ranran/my_ptm/croton/data/structure_pipeline/pdb/P53004.pdb,exact_sequence_match,True
P53090,,missing_pdb,False
P53145,,missing_pdb,False
P53192,,missing_pdb,False
P53335,,missing_pdb,False
P53396,/data/ranran/my_ptm/croton/data/structure_pipeline/pdb/P53396.pdb,exact_sequence_match,True
P53621,/data/ranran/my_ptm/croton/data/structure_pipeline/pdb/P53621.pdb,exact_sequence_match,True
P53633,,missing_pdb,False
P53634,,missing_pdb,False
P53657,,missing_pdb,False
P53730,,missing_pdb,False
P53741,,missing_pdb,False
P53743,,missing_pdb,False
P53808,,missing_pdb,False
P53889,,missing_pdb,False
P53897,,missing_pdb,False
P53981,,missing_pdb,False
P53985,/data/ranran/my_ptm/croton/data/structure_pipeline/pdb/P53985.pdb,exact_sequence_match,True
P54122,,missing_pdb,False
P54136,/data/ranran/my_ptm/croton/data/structure_pipeline/pdb/P54136.pdb,exact_sequence_match,True
P54277,,missing_pdb,False
P54577,/data/ranran/my_ptm/croton/data/structure_pipeline/pdb/P54577.pdb,exact_sequence_match,True
P54727,/data/ranran/my_ptm/croton/data/structure_pipeline/pdb/P54727.pdb,exact_sequence_match,True
P54739,,missing_pdb,False
P54773,,missing_pdb,False
P54783,,missing_pdb,False
P54838,,missing_pdb,False
P54885,,missing_pdb,False
P54886,/data/ranran/my_ptm/croton/data/structure_pipeline/pdb/P54886.pdb,exact_sequence_match,True
P55008,/data/ranran/my_ptm/croton/data/structure_pipeline/pdb/P55008.pdb,exact_sequence_match,True
P55011,/data/ranran/my_ptm/croton/data/structure_pipeline/pdb/P55011.pdb,exact_sequence_match,True
P55087,,missing_pdb,False
P55096,,missing_pdb,False
P55142,,missing_pdb,False
P55145,/data/ranran/my_ptm/croton/data/structure_pipeline/pdb/P55145.pdb,exact_sequence_match,True
P55196,,missing_pdb,False
P55209,/data/ranran/my_ptm/croton/data/structure_pipeline/pdb/P55209.pdb,exact_sequence_match,True
P55263,/data/ranran/my_ptm/croton/data/structure_pipeline/pdb/P55263.pdb,exact_sequence_match,True
P55327,/data/ranran/my_ptm/croton/data/structure_pipeline/pdb/P55327.pdb,exact_sequence_match,True
P55735,/data/ranran/my_ptm/croton/data/structure_pipeline/pdb/P55735.pdb,exact_sequence_match,True
P55854,/data/ranran/my_ptm/croton/data/structure_pipeline/pdb/P55854.pdb,exact_sequence_match,True
P55884,/data/ranran/my_ptm/croton/data/structure_pipeline/pdb/P55884.pdb,exact_sequence_match,True
P56192,/data/ranran/my_ptm/croton/data/structure_pipeline/pdb/P56192.pdb,exact_sequence_match,True
P56199,/data/ranran/my_ptm/croton/data/structure_pipeline/pdb/P56199.pdb,exact_sequence_match,True
P56221,,missing_pdb,False
P56258,,missing_pdb,False
P56262,,missing_pdb,False
P56375,,missing_pdb,False
P56382,,missing_pdb,False
P56391,,missing_pdb,False
P56393,,missing_pdb,False
P56394,,missing_pdb,False
P56522,,missing_pdb,False
P56926,,missing_pdb,False
P57076,/data/ranran/my_ptm/croton/data/structure_pipeline/pdb/P57076.pdb,exact_sequence_match,True
P58371,,missing_pdb,False
P58546,/data/ranran/my_ptm/croton/data/structure_pipeline/pdb/P58546.pdb,exact_sequence_match,True
P58893,,missing_pdb,False
P58998,,missing_pdb,False
P59410,,missing_pdb,False
P60340,,missing_pdb,False
P60546,,missing_pdb,False
P60595,,missing_pdb,False
P60651,,missing_pdb,False
P60660,,missing_pdb,False
P60664,,missing_pdb,False
P60904,,missing_pdb,False
P61086,/data/ranran/my_ptm/croton/data/structure_pipeline/pdb/P61086.pdb,exact_sequence_match,True
P61201,/data/ranran/my_ptm/croton/data/structure_pipeline/pdb/P61201.pdb,exact_sequence_match,True
P61221,/data/ranran/my_ptm/croton/data/structure_pipeline/pdb/P61221.pdb,exact_sequence_match,True
P61289,/data/ranran/my_ptm/croton/data/structure_pipeline/pdb/P61289.pdb,exact_sequence_match,True
P61326,,missing_pdb,False
P61458,,missing_pdb,False
P61513,,missing_pdb,False
P61758,/data/ranran/my_ptm/croton/data/structure_pipeline/pdb/P61758.pdb,exact_sequence_match,True
P61928,,missing_pdb,False
P61978,/data/ranran/my_ptm/croton/data/structure_pipeline/pdb/P61978.pdb,exact_sequence_match,True
P62075,,missing_pdb,False
P62241,/data/ranran/my_ptm/croton/data/structure_pipeline/pdb/P62241.pdb,exact_sequence_match,True
P62257,,missing_pdb,False
P62264,,missing_pdb,False
P62306,/data/ranran/my_ptm/croton/data/structure_pipeline/pdb/P62306.pdb,exact_sequence_match,True
P62617,,missing_pdb,False
P62633,/data/ranran/my_ptm/croton/data/structure_pipeline/pdb/P62633.pdb,exact_sequence_match,True
P62701,,missing_pdb,False
P62717,,missing_pdb,False
P62753,/data/ranran/my_ptm/croton/data/structure_pipeline/pdb/P62753.pdb,exact_sequence_match,True
P62768,,missing_pdb,False
P62851,/data/ranran/my_ptm/croton/data/structure_pipeline/pdb/P62851.pdb,exact_sequence_match,True
P62869,,missing_pdb,False
P62888,/data/ranran/my_ptm/croton/data/structure_pipeline/pdb/P62888.pdb,exact_sequence_match,True
P62979,,missing_pdb,False
P63028,,missing_pdb,False
P63030,,missing_pdb,False
P63151,,missing_pdb,False
P63235,,missing_pdb,False
P63279,/data/ranran/my_ptm/croton/data/structure_pipeline/pdb/P63279.pdb,exact_sequence_match,True
P63302,,missing_pdb,False
P63907,,missing_pdb,False
P64455,,missing_pdb,False
P64463,,missing_pdb,False
P64483,,missing_pdb,False
P64490,,missing_pdb,False
P64506,,missing_pdb,False
P64534,,missing_pdb,False
P64588,,missing_pdb,False
P64610,,missing_pdb,False
P64612,,missing_pdb,False
P64614,,missing_pdb,False
P65292,,missing_pdb,False
P65556,,missing_pdb,False
P67095,,missing_pdb,False
P67603,,missing_pdb,False
P67660,,missing_pdb,False
P67826,,missing_pdb,False
P68036,,missing_pdb,False
P68066,,missing_pdb,False
P68206,,missing_pdb,False
P68402,,missing_pdb,False
P68567,,missing_pdb,False
P68919,,missing_pdb,False
P69425,,missing_pdb,False
P69428,,missing_pdb,False
P69503,,missing_pdb,False
P69795,,missing_pdb,False
P69797,,missing_pdb,False
P69811,,missing_pdb,False
P69828,,missing_pdb,False
P69829,,missing_pdb,False
P69831,,missing_pdb,False
P69908,,missing_pdb,False
P70168,,missing_pdb,False
P70174,,missing_pdb,False
P70378,,missing_pdb,False
P70473,,missing_pdb,False
P70670,,missing_pdb,False
P71311,,missing_pdb,False
P71540,,missing_pdb,False
P71635,,missing_pdb,False
P71658,,missing_pdb,False
P71672,,missing_pdb,False
P71701,,missing_pdb,False
P71716,,missing_pdb,False
P71733,,missing_pdb,False
P71737,,missing_pdb,False
P71738,,missing_pdb,False
P71741,,missing_pdb,False
P71820,,missing_pdb,False
P71838,,missing_pdb,False
P71847,,missing_pdb,False
P71853,,missing_pdb,False
P71898,,missing_pdb,False
P71905,,missing_pdb,False
P71988,,missing_pdb,False
P71990,,missing_pdb,False
P74893,,missing_pdb,False
P75019,,missing_pdb,False
P75694,,missing_pdb,False
P75713,,missing_pdb,False
P75792,,missing_pdb,False
P75863,,missing_pdb,False
P75874,,missing_pdb,False
P75949,,missing_pdb,False
P76002,,missing_pdb,False
P76008,,missing_pdb,False
P76010,,missing_pdb,False
P76034,,missing_pdb,False
P76055,,missing_pdb,False
P76104,,missing_pdb,False
P76108,,missing_pdb,False
P76116,,missing_pdb,False
P76143,,missing_pdb,False
P76170,,missing_pdb,False
P76177,,missing_pdb,False
P76231,,missing_pdb,False
P76243,,missing_pdb,False
P76268,,missing_pdb,False
P76270,,missing_pdb,False
P76290,,missing_pdb,False
P76291,,missing_pdb,False
P76316,,missing_pdb,False
P76344,,missing_pdb,False
P76372,,missing_pdb,False
P76402,,missing_pdb,False
P76423,,missing_pdb,False
P76440,,missing_pdb,False
P76502,,missing_pdb,False
P76507,,missing_pdb,False
P76549,,missing_pdb,False
P76550,,missing_pdb,False
P76558,,missing_pdb,False
P76594,,missing_pdb,False
P76658,,missing_pdb,False
P77202,,missing_pdb,False
P77252,,missing_pdb,False
P77279,,missing_pdb,False
P77285,,missing_pdb,False
P77318,,missing_pdb,False
P77721,,missing_pdb,False
P77748,,missing_pdb,False
P77754,,missing_pdb,False
P77804,,missing_pdb,False
P77808,,missing_pdb,False
P78067,,missing_pdb,False
P78347,/data/ranran/my_ptm/croton/data/structure_pipeline/pdb/P78347.pdb,exact_sequence_match,True
P78368,,missing_pdb,False
P78406,/data/ranran/my_ptm/croton/data/structure_pipeline/pdb/P78406.pdb,exact_sequence_match,True
P78417,/data/ranran/my_ptm/croton/data/structure_pipeline/pdb/P78417.pdb,exact_sequence_match,True
P78527,,missing_pdb,False
P78537,,missing_pdb,False
P80723,/data/ranran/my_ptm/croton/data/structure_pipeline/pdb/P80723.pdb,exact_sequence_match,True
P80735,,missing_pdb,False
P81449,,missing_pdb,False
P82650,/data/ranran/my_ptm/croton/data/structure_pipeline/pdb/P82650.pdb,exact_sequence_match,True
P82663,/data/ranran/my_ptm/croton/data/structure_pipeline/pdb/P82663.pdb,exact_sequence_match,True
P82664,,missing_pdb,False
P82933,/data/ranran/my_ptm/croton/data/structure_pipeline/pdb/P82933.pdb,exact_sequence_match,True
P82979,/data/ranran/my_ptm/croton/data/structure_pipeline/pdb/P82979.pdb,exact_sequence_match,True
P83589,,missing_pdb,False
P83868,,missing_pdb,False
P84090,/data/ranran/my_ptm/croton/data/structure_pipeline/pdb/P84090.pdb,exact_sequence_match,True
P92683,,missing_pdb,False
P93135,,missing_pdb,False
P93431,,missing_pdb,False
P93541,,missing_pdb,False
P95029,,missing_pdb,False
P95072,,missing_pdb,False
P95146,,missing_pdb,False
P95149,,missing_pdb,False
P95151,,missing_pdb,False
P95186,,missing_pdb,False
P95187,,missing_pdb,False
P95197,,missing_pdb,False
P95202,,missing_pdb,False
P95223,,missing_pdb,False
P95227,,missing_pdb,False
P95228,,missing_pdb,False
P95229,,missing_pdb,False
P95270,,missing_pdb,False
P96227,,missing_pdb,False
P96272,,missing_pdb,False
P96273,,missing_pdb,False
P96381,,missing_pdb,False
P96414,,missing_pdb,False
P96808,,missing_pdb,False
P96818,,missing_pdb,False
P96831,,missing_pdb,False
P96845,,missing_pdb,False
P96874,,missing_pdb,False
P96886,,missing_pdb,False
P97364,,missing_pdb,False
P97379,,missing_pdb,False
P97493,,missing_pdb,False
P97872,,missing_pdb,False
P98082,/data/ranran/my_ptm/croton/data/structure_pipeline/pdb/P98082.pdb,exact_sequence_match,True
P98160,,missing_pdb,False
P98164,,missing_pdb,False
P98200,,missing_pdb,False
P99025,,missing_pdb,False
P9WF95,,missing_pdb,False
P9WFD5,,missing_pdb,False
P9WFH7,,missing_pdb,False
P9WFK7,,missing_pdb,False
P9WFM1,,missing_pdb,False
P9WFN1,,missing_pdb,False
P9WFQ1,,missing_pdb,False
P9WFT9,,missing_pdb,False
P9WFV3,,missing_pdb,False
P9WFW1,,missing_pdb,False
P9WFX7,,missing_pdb,False
P9WFZ3,,missing_pdb,False
P9WG43,,missing_pdb,False
P9WG57,,missing_pdb,False
P9WG59,,missing_pdb,False
P9WG61,,missing_pdb,False
P9WGD5,,missing_pdb,False
P9WGE9,,missing_pdb,False
P9WGF3,,missing_pdb,False
P9WGF9,,missing_pdb,False
P9WGH7,,missing_pdb,False
P9WGH9,,missing_pdb,False
P9WGI1,,missing_pdb,False
P9WGJ9,,missing_pdb,False
P9WGM3,,missing_pdb,False
P9WGN7,,missing_pdb,False
P9WGR1,,missing_pdb,False
P9WGS1,,missing_pdb,False
P9WGS9,,missing_pdb,False
P9WGT9,,missing_pdb,False
P9WGZ1,,missing_pdb,False
P9WGZ7,,missing_pdb,False
P9WH23,,missing_pdb,False
P9WH31,,missing_pdb,False
P9WH33,,missing_pdb,False
P9WH75,,missing_pdb,False
P9WH83,,missing_pdb,False
P9WH99,,missing_pdb,False
P9WHA3,,missing_pdb,False
P9WHA5,,missing_pdb,False
P9WHB5,,missing_pdb,False
P9WHB9,,missing_pdb,False
P9WHC1,,missing_pdb,False
P9WHE3,,missing_pdb,False
P9WHE7,,missing_pdb,False
P9WHE9,,missing_pdb,False
P9WHF7,,missing_pdb,False
P9WHG1,,missing_pdb,False
P9WHK1,,missing_pdb,False
P9WHK3,,missing_pdb,False
P9WHK7,,missing_pdb,False
P9WHL5,,missing_pdb,False
P9WHL7,,missing_pdb,False
P9WHL9,,missing_pdb,False
P9WHM1,,missing_pdb,False
P9WHP1,,missing_pdb,False
P9WHS1,,missing_pdb,False
P9WHS7,,missing_pdb,False
P9WHT1,,missing_pdb,False
P9WHT3,,missing_pdb,False
P9WHV7,,missing_pdb,False
P9WHV9,,missing_pdb,False
P9WI73,,missing_pdb,False
P9WI79,,missing_pdb,False
P9WI93,,missing_pdb,False
P9WI97,,missing_pdb,False
P9WIB7,,missing_pdb,False
P9WIC3,,missing_pdb,False
P9WIC7,,missing_pdb,False
P9WID3,,missing_pdb,False
P9WID5,,missing_pdb,False
P9WIE3,,missing_pdb,False
P9WIJ1,,missing_pdb,False
P9WIN9,,missing_pdb,False
P9WIP7,,missing_pdb,False
P9WIP9,,missing_pdb,False
P9WIQ1,,missing_pdb,False
P9WIQ5,,missing_pdb,False
P9WIR3,,missing_pdb,False
P9WIT7,,missing_pdb,False
P9WIU1,,missing_pdb,False
P9WIU9,,missing_pdb,False
P9WIV1,,missing_pdb,False
P9WIV5,,missing_pdb,False
P9WIY3,,missing_pdb,False
P9WIY9,,missing_pdb,False
P9WIZ7,,missing_pdb,False
P9WJ05,,missing_pdb,False
P9WJA1,,missing_pdb,False
P9WJA9,,missing_pdb,False
P9WJB7,,missing_pdb,False
P9WJB9,,missing_pdb,False
P9WJD3,,missing_pdb,False
P9WJD9,,missing_pdb,False
P9WJF1,,missing_pdb,False
P9WJG3,,missing_pdb,False
P9WJI5,,missing_pdb,False
P9WJJ3,,missing_pdb,False
P9WJK3,,missing_pdb,False
P9WJK7,,missing_pdb,False
P9WJL3,,missing_pdb,False
P9WJL9,,missing_pdb,False
P9WJM5,,missing_pdb,False
P9WJN1,,missing_pdb,False
P9WJN9,,missing_pdb,False
P9WJQ7,,missing_pdb,False
P9WJR3,,missing_pdb,False
P9WK17,,missing_pdb,False
P9WKB1,,missing_pdb,False
P9WKC7,,missing_pdb,False
P9WKD7,,missing_pdb,False
P9WKD9,,missing_pdb,False
P9WKE1,,missing_pdb,False
P9WKG1,,missing_pdb,False
P9WKG3,,missing_pdb,False
P9WKH3,,missing_pdb,False
P9WKI5,,missing_pdb,False
P9WKI7,,missing_pdb,False
P9WKK3,,missing_pdb,False
P9WKP5,,missing_pdb,False
P9WKS3,,missing_pdb,False
P9WKU7,,missing_pdb,False
P9WKX5,,missing_pdb,False
P9WKZ3,,missing_pdb,False
P9WKZ7,,missing_pdb,False
P9WL27,,missing_pdb,False
P9WL31,,missing_pdb,False
P9WL43,,missing_pdb,False
P9WL67,,missing_pdb,False
P9WL93,,missing_pdb,False
P9WL97,,missing_pdb,False
P9WLA9,,missing_pdb,False
P9WLG9,,missing_pdb,False
P9WLH9,,missing_pdb,False
P9WLI5,,missing_pdb,False
P9WLK3,,missing_pdb,False
P9WLL7,,missing_pdb,False
P9WLL9,,missing_pdb,False
P9WLM1,,missing_pdb,False
P9WLN3,,missing_pdb,False
P9WLP1,,missing_pdb,False
P9WLQ5,,missing_pdb,False
P9WLR5,,missing_pdb,False
P9WLS3,,missing_pdb,False
P9WM49,,missing_pdb,False
P9WM53,,missing_pdb,False
P9WM73,,missing_pdb,False
P9WM83,,missing_pdb,False
P9WM87,,missing_pdb,False
P9WMF9,,missing_pdb,False
P9WMH1,,missing_pdb,False
P9WMI5,,missing_pdb,False
P9WMI7,,missing_pdb,False
P9WMK1,,missing_pdb,False
P9WMK7,,missing_pdb,False
P9WMN3,,missing_pdb,False
P9WMP3,,missing_pdb,False
P9WMR1,,missing_pdb,False
P9WMS3,,missing_pdb,False
P9WMT5,,missing_pdb,False
P9WMU1,,missing_pdb,False
P9WMU5,,missing_pdb,False
P9WMV9,,missing_pdb,False
P9WMW3,,missing_pdb,False
P9WN13,,missing_pdb,False
P9WN15,,missing_pdb,False
P9WN19,,missing_pdb,False
P9WN21,,missing_pdb,False
P9WN35,,missing_pdb,False
P9WN39,,missing_pdb,False
P9WN51,,missing_pdb,False
P9WN57,,missing_pdb,False
P9WN71,,missing_pdb,False
P9WN79,,missing_pdb,False
P9WN83,,missing_pdb,False
P9WNA5,,missing_pdb,False
P9WND5,,missing_pdb,False
P9WNE1,,missing_pdb,False
P9WNH5,,missing_pdb,False
P9WNK5,,missing_pdb,False
P9WNP5,,missing_pdb,False
P9WNR9,,missing_pdb,False
P9WNS5,,missing_pdb,False
P9WNU1,,missing_pdb,False
P9WNU9,,missing_pdb,False
P9WNV9,,missing_pdb,False
P9WNW7,,missing_pdb,False
P9WNX5,,missing_pdb,False
P9WNX7,,missing_pdb,False
P9WNZ5,,missing_pdb,False
P9WNZ7,,missing_pdb,False
P9WP13,,missing_pdb,False
P9WP19,,missing_pdb,False
P9WP37,,missing_pdb,False
P9WP69,,missing_pdb,False
P9WP77,,missing_pdb,False
P9WPA1,,missing_pdb,False
P9WPA3,,missing_pdb,False
P9WPA5,,missing_pdb,False
P9WPB5,,missing_pdb,False
P9WPE3,,missing_pdb,False
P9WPH9,,missing_pdb,False
P9WPJ7,,missing_pdb,False
P9WPK9,,missing_pdb,False
P9WPQ9,,missing_pdb,False
P9WPR9,,missing_pdb,False
P9WPT5,,missing_pdb,False
P9WPV1,,missing_pdb,False
P9WPV3,,missing_pdb,False
P9WPV5,,missing_pdb,False
P9WPW3,,missing_pdb,False
P9WPW5,,missing_pdb,False
P9WPX7,,missing_pdb,False
P9WPY1,,missing_pdb,False
P9WPZ9,,missing_pdb,False
P9WQ01,,missing_pdb,False
P9WQ13,,missing_pdb,False
P9WQ73,,missing_pdb,False
P9WQB3,,missing_pdb,False
P9WQB5,,missing_pdb,False
P9WQC9,,missing_pdb,False
P9WQD5,,missing_pdb,False
P9WQE1,,missing_pdb,False
P9WQE3,,missing_pdb,False
P9WQF3,,missing_pdb,False
P9WQF5,,missing_pdb,False
P9WQF7,,missing_pdb,False
P9WQF9,,missing_pdb,False
P9WQG3,,missing_pdb,False
P9WQH3,,missing_pdb,False
P9WQH7,,missing_pdb,False
P9WQI1,,missing_pdb,False
P9WQL5,,missing_pdb,False
P9WQN5,,missing_pdb,False
P9WQN7,,missing_pdb,False
Q00059,/data/ranran/my_ptm/croton/data/structure_pipeline/pdb/Q00059.pdb,exact_sequence_match,True
Q00325,/data/ranran/my_ptm/croton/data/structure_pipeline/pdb/Q00325.pdb,exact_sequence_match,True
Q00688,/data/ranran/my_ptm/croton/data/structure_pipeline/pdb/Q00688.pdb,exact_sequence_match,True
Q01080,,missing_pdb,False
Q01082,,missing_pdb,False
Q01413,,missing_pdb,False
Q01433,,missing_pdb,False
Q01459,,missing_pdb,False
Q01560,,missing_pdb,False
Q01581,/data/ranran/my_ptm/croton/data/structure_pipeline/pdb/Q01581.pdb,exact_sequence_match,True
Q01662,,missing_pdb,False
Q01780,/data/ranran/my_ptm/croton/data/structure_pipeline/pdb/Q01780.pdb,exact_sequence_match,True
Q01813,/data/ranran/my_ptm/croton/data/structure_pipeline/pdb/Q01813.pdb,exact_sequence_match,True
Q01852,,missing_pdb,False
Q01976,,missing_pdb,False
Q02083,,missing_pdb,False
Q02153,,missing_pdb,False
Q02196,,missing_pdb,False
Q02218,/data/ranran/my_ptm/croton/data/structure_pipeline/pdb/Q02218.pdb,exact_sequence_match,True
Q02486,,missing_pdb,False
Q02487,,missing_pdb,False
Q02773,,missing_pdb,False
Q02784,,missing_pdb,False
Q02788,,missing_pdb,False
Q02790,/data/ranran/my_ptm/croton/data/structure_pipeline/pdb/Q02790.pdb,exact_sequence_match,True
Q02818,/data/ranran/my_ptm/croton/data/structure_pipeline/pdb/Q02818.pdb,exact_sequence_match,True
Q02821,,missing_pdb,False
Q02880,/data/ranran/my_ptm/croton/data/structure_pipeline/pdb/Q02880.pdb,exact_sequence_match,True
Q02952,,missing_pdb,False
Q02978,,missing_pdb,False
Q03104,,missing_pdb,False
Q03141,,missing_pdb,False
Q03154,/data/ranran/my_ptm/croton/data/structure_pipeline/pdb/Q03154.pdb,exact_sequence_match,True
Q03161,,missing_pdb,False
Q03248,,missing_pdb,False
Q03336,,missing_pdb,False
Q03375,,missing_pdb,False
Q03511,,missing_pdb,False
Q03513,,missing_pdb,False
Q03532,,missing_pdb,False
Q03558,,missing_pdb,False
Q03640,,missing_pdb,False
Q03690,,missing_pdb,False
Q04062,,missing_pdb,False
Q04178,,missing_pdb,False
Q04400,,missing_pdb,False
Q04513,,missing_pdb,False
Q04697,,missing_pdb,False
Q04898,,missing_pdb,False
Q05022,,missing_pdb,False
Q05397,/data/ranran/my_ptm/croton/data/structure_pipeline/pdb/Q05397.pdb,exact_sequence_match,True
Q05513,,missing_pdb,False
Q05682,/data/ranran/my_ptm/croton/data/structure_pipeline/pdb/Q05682.pdb,exact_sequence_match,True
Q05707,,missing_pdb,False
Q05905,,missing_pdb,False
Q05911,,missing_pdb,False
Q05938,,missing_pdb,False
Q06010,,missing_pdb,False
Q06124,/data/ranran/my_ptm/croton/data/structure_pipeline/pdb/Q06124.pdb,exact_sequence_match,True
Q06278,,missing_pdb,False
Q06493,,missing_pdb,False
Q06539,,missing_pdb,False
Q06546,/data/ranran/my_ptm/croton/data/structure_pipeline/pdb/Q06546.pdb,exact_sequence_match,True
Q06631,,missing_pdb,False
Q07002,,missing_pdb,False
Q07021,/data/ranran/my_ptm/croton/data/structure_pipeline/pdb/Q07021.pdb,exact_sequence_match,True
Q07065,/data/ranran/my_ptm/croton/data/structure_pipeline/pdb/Q07065.pdb,exact_sequence_match,True
Q07157,/data/ranran/my_ptm/croton/data/structure_pipeline/pdb/Q07157.pdb,exact_sequence_match,True
Q07478,,missing_pdb,False
Q07666,/data/ranran/my_ptm/croton/data/structure_pipeline/pdb/Q07666.pdb,exact_sequence_match,True
Q07866,,missing_pdb,False
Q07897,,missing_pdb,False
Q08170,/data/ranran/my_ptm/croton/data/structure_pipeline/pdb/Q08170.pdb,exact_sequence_match,True
Q08211,/data/ranran/my_ptm/croton/data/structure_pipeline/pdb/Q08211.pdb,exact_sequence_match,True
Q08235,,missing_pdb,False
Q08245,,missing_pdb,False
Q08307,,missing_pdb,False
Q08480,,missing_pdb,False
Q08647,,missing_pdb,False
Q08968,,missing_pdb,False
Q08972,,missing_pdb,False
Q08J23,/data/ranran/my_ptm/croton/data/structure_pipeline/pdb/Q08J23.pdb,exact_sequence_match,True
Q09028,/data/ranran/my_ptm/croton/data/structure_pipeline/pdb/Q09028.pdb,exact_sequence_match,True
Q09161,/data/ranran/my_ptm/croton/data/structure_pipeline/pdb/Q09161.pdb,exact_sequence_match,True
Q0D2W2,,missing_pdb,False
Q0D840,,missing_pdb,False
Q0D8F6,,missing_pdb,False
Q0DA95,,missing_pdb,False
Q0DBN4,,missing_pdb,False
Q0DEX6,,missing_pdb,False
Q0DHF7,,missing_pdb,False
Q0DHL4,,missing_pdb,False
Q0DIK2,,missing_pdb,False
Q0DJ99,,missing_pdb,False
Q0DJB9,,missing_pdb,False
Q0DK10,,missing_pdb,False
Q0DKJ1,,missing_pdb,False
Q0DLY4,,missing_pdb,False
Q0DS22,,missing_pdb,False
Q0DS36,,missing_pdb,False
Q0DTF5,,missing_pdb,False
Q0DWC5,,missing_pdb,False
Q0DZF7,,missing_pdb,False
Q0E0Q3,,missing_pdb,False
Q0E3C8,,missing_pdb,False
Q0IMS5,,missing_pdb,False
Q0IT25,,missing_pdb,False
Q0ITW6,,missing_pdb,False
Q0IWS0,,missing_pdb,False
Q0J4M3,,missing_pdb,False
Q0J5H3,,missing_pdb,False
Q0J5L9,,missing_pdb,False
Q0J709,,missing_pdb,False
Q0J879,,missing_pdb,False
Q0J8G4,,missing_pdb,False
Q0JCS2,,missing_pdb,False
Q0JCX3,,missing_pdb,False
Q0JDG9,,missing_pdb,False
Q0JDK3,,missing_pdb,False
Q0JEM8,,missing_pdb,False
Q0JFE2,,missing_pdb,False
Q0JGY1,,missing_pdb,False
Q0JJ42,,missing_pdb,False
Q0JKB4,,missing_pdb,False
Q0JKM8,,missing_pdb,False
Q0JKR6,,missing_pdb,False
Q0JLL8,,missing_pdb,False
Q0JQL0,,missing_pdb,False
Q0JQW8,,missing_pdb,False
Q0JR25,,missing_pdb,False
Q0JRH3,,missing_pdb,False
Q0PNE2,/data/ranran/my_ptm/croton/data/structure_pipeline/pdb/Q0PNE2.pdb,exact_sequence_match,True
Q0VDG4,/data/ranran/my_ptm/croton/data/structure_pipeline/pdb/Q0VDG4.pdb,exact_sequence_match,True
Q0VF96,,missing_pdb,False
Q10471,/data/ranran/my_ptm/croton/data/structure_pipeline/pdb/Q10471.pdb,exact_sequence_match,True
Q10589,,missing_pdb,False
Q10713,/data/ranran/my_ptm/croton/data/structure_pipeline/pdb/Q10713.pdb,exact_sequence_match,True
Q10782,,missing_pdb,False
Q10EK7,,missing_pdb,False
Q10FQ7,,missing_pdb,False
Q10G56,,missing_pdb,False
Q10I42,,missing_pdb,False
Q10KV4,,missing_pdb,False
Q10LF1,,missing_pdb,False
Q10M12,,missing_pdb,False
Q10M34,,missing_pdb,False
Q10M74,,missing_pdb,False
Q10MK4,,missing_pdb,False
Q10MS3,,missing_pdb,False
Q10MT8,,missing_pdb,False
Q10MW3,,missing_pdb,False
Q10NS6,,missing_pdb,False
Q10P16,,missing_pdb,False
Q10P60,,missing_pdb,False
Q10Q21,,missing_pdb,False
Q10ST8,,missing_pdb,False
Q10T42,,missing_pdb,False
Q12000,,missing_pdb,False
Q12055,,missing_pdb,False
Q12125,,missing_pdb,False
Q12305,,missing_pdb,False
Q12363,,missing_pdb,False
Q12402,,missing_pdb,False
Q12499,,missing_pdb,False
Q12634,,missing_pdb,False
Q12792,/data/ranran/my_ptm/croton/data/structure_pipeline/pdb/Q12792.pdb,exact_sequence_match,True
Q12797,/data/ranran/my_ptm/croton/data/structure_pipeline/pdb/Q12797.pdb,exact_sequence_match,True
Q12873,/data/ranran/my_ptm/croton/data/structure_pipeline/pdb/Q12873.pdb,exact_sequence_match,True
Q12874,/data/ranran/my_ptm/croton/data/structure_pipeline/pdb/Q12874.pdb,exact_sequence_match,True
Q12904,/data/ranran/my_ptm/croton/data/structure_pipeline/pdb/Q12904.pdb,exact_sequence_match,True
Q12905,/data/ranran/my_ptm/croton/data/structure_pipeline/pdb/Q12905.pdb,exact_sequence_match,True
Q12906,/data/ranran/my_ptm/croton/data/structure_pipeline/pdb/Q12906.pdb,exact_sequence_match,True
Q12912,,missing_pdb,False
Q13043,,missing_pdb,False
Q13045,/data/ranran/my_ptm/croton/data/structure_pipeline/pdb/Q13045.pdb,exact_sequence_match,True
Q13057,/data/ranran/my_ptm/croton/data/structure_pipeline/pdb/Q13057.pdb,exact_sequence_match,True
Q13087,,missing_pdb,False
Q13094,,missing_pdb,False
Q13098,/data/ranran/my_ptm/croton/data/structure_pipeline/pdb/Q13098.pdb,exact_sequence_match,True
Q13136,,missing_pdb,False
Q13148,/data/ranran/my_ptm/croton/data/structure_pipeline/pdb/Q13148.pdb,exact_sequence_match,True
Q13191,/data/ranran/my_ptm/croton/data/structure_pipeline/pdb/Q13191.pdb,exact_sequence_match,True
Q13200,/data/ranran/my_ptm/croton/data/structure_pipeline/pdb/Q13200.pdb,exact_sequence_match,True
Q13217,/data/ranran/my_ptm/croton/data/structure_pipeline/pdb/Q13217.pdb,exact_sequence_match,True
Q13243,,missing_pdb,False
Q13247,,missing_pdb,False
Q13268,,missing_pdb,False
Q13277,,missing_pdb,False
Q13361,,missing_pdb,False
Q13409,/data/ranran/my_ptm/croton/data/structure_pipeline/pdb/Q13409.pdb,exact_sequence_match,True
Q13435,/data/ranran/my_ptm/croton/data/structure_pipeline/pdb/Q13435.pdb,exact_sequence_match,True
Q13505,,missing_pdb,False
Q13523,/data/ranran/my_ptm/croton/data/structure_pipeline/pdb/Q13523.pdb,exact_sequence_match,True
Q13546,,missing_pdb,False
Q13614,,missing_pdb,False
Q13618,/data/ranran/my_ptm/croton/data/structure_pipeline/pdb/Q13618.pdb,exact_sequence_match,True
Q13740,/data/ranran/my_ptm/croton/data/structure_pipeline/pdb/Q13740.pdb,exact_sequence_match,True
Q13765,,missing_pdb,False
Q13825,,missing_pdb,False
Q13867,/data/ranran/my_ptm/croton/data/structure_pipeline/pdb/Q13867.pdb,exact_sequence_match,True
Q13951,,missing_pdb,False
Q13976,,missing_pdb,False
Q14008,/data/ranran/my_ptm/croton/data/structure_pipeline/pdb/Q14008.pdb,exact_sequence_match,True
Q14019,/data/ranran/my_ptm/croton/data/structure_pipeline/pdb/Q14019.pdb,exact_sequence_match,True
Q14103,,missing_pdb,False
Q14116,/data/ranran/my_ptm/croton/data/structure_pipeline/pdb/Q14116.pdb,exact_sequence_match,True
Q14118,/data/ranran/my_ptm/croton/data/structure_pipeline/pdb/Q14118.pdb,exact_sequence_match,True
Q14126,/data/ranran/my_ptm/croton/data/structure_pipeline/pdb/Q14126.pdb,exact_sequence_match,True
Q14152,/data/ranran/my_ptm/croton/data/structure_pipeline/pdb/Q14152.pdb,exact_sequence_match,True
Q14155,/data/ranran/my_ptm/croton/data/structure_pipeline/pdb/Q14155.pdb,exact_sequence_match,True
Q14165,,missing_pdb,False
Q14197,/data/ranran/my_ptm/croton/data/structure_pipeline/pdb/Q14197.pdb,exact_sequence_match,True
Q14203,/data/ranran/my_ptm/croton/data/structure_pipeline/pdb/Q14203.pdb,exact_sequence_match,True
Q14204,,missing_pdb,False
Q14232,/data/ranran/my_ptm/croton/data/structure_pipeline/pdb/Q14232.pdb,exact_sequence_match,True
Q14247,/data/ranran/my_ptm/croton/data/structure_pipeline/pdb/Q14247.pdb,exact_sequence_match,True
Q14344,,missing_pdb,False
Q14376,/data/ranran/my_ptm/croton/data/structure_pipeline/pdb/Q14376.pdb,exact_sequence_match,True
Q14444,/data/ranran/my_ptm/croton/data/structure_pipeline/pdb/Q14444.pdb,exact_sequence_match,True
Q14554,/data/ranran/my_ptm/croton/data/structure_pipeline/pdb/Q14554.pdb,exact_sequence_match,True
Q14558,,missing_pdb,False
Q14643,,missing_pdb,False
Q14677,/data/ranran/my_ptm/croton/data/structure_pipeline/pdb/Q14677.pdb,exact_sequence_match,True
Q14683,/data/ranran/my_ptm/croton/data/structure_pipeline/pdb/Q14683.pdb,exact_sequence_match,True
Q14696,,missing_pdb,False
Q14697,/data/ranran/my_ptm/croton/data/structure_pipeline/pdb/Q14697.pdb,exact_sequence_match,True
Q14739,/data/ranran/my_ptm/croton/data/structure_pipeline/pdb/Q14739.pdb,exact_sequence_match,True
Q14764,/data/ranran/my_ptm/croton/data/structure_pipeline/pdb/Q14764.pdb,exact_sequence_match,True
Q14789,,missing_pdb,False
Q14914,/data/ranran/my_ptm/croton/data/structure_pipeline/pdb/Q14914.pdb,exact_sequence_match,True
Q14966,/data/ranran/my_ptm/croton/data/structure_pipeline/pdb/Q14966.pdb,exact_sequence_match,True
Q14978,/data/ranran/my_ptm/croton/data/structure_pipeline/pdb/Q14978.pdb,exact_sequence_match,True
Q14980,/data/ranran/my_ptm/croton/data/structure_pipeline/pdb/Q14980.pdb,exact_sequence_match,True
Q14BN4,/data/ranran/my_ptm/croton/data/structure_pipeline/pdb/Q14BN4.pdb,exact_sequence_match,True
Q14CZ7,,missing_pdb,False
Q15005,/data/ranran/my_ptm/croton/data/structure_pipeline/pdb/Q15005.pdb,exact_sequence_match,True
Q15008,/data/ranran/my_ptm/croton/data/structure_pipeline/pdb/Q15008.pdb,exact_sequence_match,True
Q15018,/data/ranran/my_ptm/croton/data/structure_pipeline/pdb/Q15018.pdb,exact_sequence_match,True
Q15019,,missing_pdb,False
Q15020,/data/ranran/my_ptm/croton/data/structure_pipeline/pdb/Q15020.pdb,exact_sequence_match,True
Q15036,/data/ranran/my_ptm/croton/data/structure_pipeline/pdb/Q15036.pdb,exact_sequence_match,True
Q15042,/data/ranran/my_ptm/croton/data/structure_pipeline/pdb/Q15042.pdb,exact_sequence_match,True
Q15063,,missing_pdb,False
Q15070,/data/ranran/my_ptm/croton/data/structure_pipeline/pdb/Q15070.pdb;/data/ranran/my_ptm/croton/data/structure_pipeline/pdb/AF-Q15070-F1-model_v6.pdb,sequence_mismatch,False
Q15075,/data/ranran/my_ptm/croton/data/structure_pipeline/pdb/Q15075.pdb,exact_sequence_match,True
Q15172,,missing_pdb,False
Q15208,/data/ranran/my_ptm/croton/data/structure_pipeline/pdb/Q15208.pdb,exact_sequence_match,True
Q15223,,missing_pdb,False
Q15257,/data/ranran/my_ptm/croton/data/structure_pipeline/pdb/Q15257.pdb,exact_sequence_match,True
Q15269,/data/ranran/my_ptm/croton/data/structure_pipeline/pdb/Q15269.pdb,exact_sequence_match,True
Q15386,,missing_pdb,False
Q15404,/data/ranran/my_ptm/croton/data/structure_pipeline/pdb/Q15404.pdb,exact_sequence_match,True
Q15418,,missing_pdb,False
Q15424,,missing_pdb,False
Q15582,,missing_pdb,False
Q15631,/data/ranran/my_ptm/croton/data/structure_pipeline/pdb/Q15631.pdb,exact_sequence_match,True
Q15643,/data/ranran/my_ptm/croton/data/structure_pipeline/pdb/Q15643.pdb,exact_sequence_match,True
Q15691,,missing_pdb,False
Q15833,,missing_pdb,False
Q16204,/data/ranran/my_ptm/croton/data/structure_pipeline/pdb/Q16204.pdb,exact_sequence_match,True
Q16513,/data/ranran/my_ptm/croton/data/structure_pipeline/pdb/Q16513.pdb,exact_sequence_match,True
Q16543,/data/ranran/my_ptm/croton/data/structure_pipeline/pdb/Q16543.pdb,exact_sequence_match,True
Q16643,/data/ranran/my_ptm/croton/data/structure_pipeline/pdb/Q16643.pdb,exact_sequence_match,True
Q16666,/data/ranran/my_ptm/croton/data/structure_pipeline/pdb/Q16666.pdb,exact_sequence_match,True
Q16698,,missing_pdb,False
Q16706,,missing_pdb,False
Q16718,/data/ranran/my_ptm/croton/data/structure_pipeline/pdb/Q16718.pdb,exact_sequence_match,True
Q16787,,missing_pdb,False
Q16790,,missing_pdb,False
Q16822,/data/ranran/my_ptm/croton/data/structure_pipeline/pdb/Q16822.pdb,exact_sequence_match,True
Q16854,,missing_pdb,False
Q16891,/data/ranran/my_ptm/croton/data/structure_pipeline/pdb/Q16891.pdb,exact_sequence_match,True
Q1LXJ9,,missing_pdb,False
Q1MTC4,,missing_pdb,False
Q27J81,/data/ranran/my_ptm/croton/data/structure_pipeline/pdb/Q27J81.pdb,exact_sequence_match,True
Q2KEJ5,,missing_pdb,False
Q2KEU3,,missing_pdb,False
Q2KFG0,,missing_pdb,False
Q2KFQ4,,missing_pdb,False
Q2KG37,,missing_pdb,False
Q2KGE3,,missing_pdb,False
Q2KGF3,,missing_pdb,False
Q2KGF7,,missing_pdb,False
Q2KGK9,,missing_pdb,False
Q2KGQ2,,missing_pdb,False
Q2M2I8,,missing_pdb,False
Q2M389,/data/ranran/my_ptm/croton/data/structure_pipeline/pdb/Q2M389.pdb,exact_sequence_match,True
Q2MI49,,missing_pdb,False
Q2MI70,,missing_pdb,False
Q2MIA5,,missing_pdb,False
Q2MIB4,,missing_pdb,False
Q2QLS7,,missing_pdb,False
Q2QMG2,,missing_pdb,False
Q2QNF3,,missing_pdb,False
Q2QSR5,,missing_pdb,False
Q2QV45,,missing_pdb,False
Q2QVC1,,missing_pdb,False
Q2QWT8,,missing_pdb,False
Q2QX42,,missing_pdb,False
Q2QXA0,,missing_pdb,False
Q2QXJ0,,missing_pdb,False
Q2R1T0,,missing_pdb,False
Q2R1V2,,missing_pdb,False
Q2R223,,missing_pdb,False
Q2R3E0,,missing_pdb,False
Q2R4Z4,,missing_pdb,False
Q2R8P2,,missing_pdb,False
Q2RB23,,missing_pdb,False
Q2TB90,,missing_pdb,False
Q2TPA8,,missing_pdb,False
Q2VLH6,,missing_pdb,False
Q31125,,missing_pdb,False
Q31KE8,,missing_pdb,False
Q31KI0,,missing_pdb,False
Q31KR8,,missing_pdb,False
Q31LB8,,missing_pdb,False
Q31LJ0,,missing_pdb,False
Q31LK9,,missing_pdb,False
Q31LL7,,missing_pdb,False
Q31LQ7,,missing_pdb,False
Q31MF4,,missing_pdb,False
Q31N05,,missing_pdb,False
Q31N15,,missing_pdb,False
Q31N19,,missing_pdb,False
Q31N38,,missing_pdb,False
Q31NB2,,missing_pdb,False
Q31NC9,,missing_pdb,False
Q31P07,,missing_pdb,False
Q31PJ2,,missing_pdb,False
Q31PL6,,missing_pdb,False
Q31PN5,,missing_pdb,False
Q31PY6,,missing_pdb,False
Q31PZ0,,missing_pdb,False
Q31RD9,,missing_pdb,False
Q31RH2,,missing_pdb,False
Q31RJ2,,missing_pdb,False
Q31RU8,,missing_pdb,False
Q31S72,,missing_pdb,False
Q32MW3,,missing_pdb,False
Q3B8N9,,missing_pdb,False
Q3SY69,,missing_pdb,False
Q3T9X0,,missing_pdb,False
Q3TBW2,,missing_pdb,False
Q3TC93,,missing_pdb,False
Q3THE2,,missing_pdb,False
Q3TL44,,missing_pdb,False
Q3TLP5,,missing_pdb,False
Q3TML0,,missing_pdb,False
Q3TS02,,missing_pdb,False
Q3U125,,missing_pdb,False
Q3U2P1,,missing_pdb,False
Q3U422,,missing_pdb,False
Q3UD82,,missing_pdb,False
Q3UE92,,missing_pdb,False
Q3UEL5,,missing_pdb,False
Q3UGA5,,missing_pdb,False
Q3UGR5,,missing_pdb,False
Q3UH59,,missing_pdb,False
Q3UHH1,,missing_pdb,False
Q3UJB9,,missing_pdb,False
Q3ULU4,,missing_pdb,False
Q3UMA3,,missing_pdb,False
Q3UNS8,,missing_pdb,False
Q3UNZ8,,missing_pdb,False
Q3UPL0,,missing_pdb,False
Q3UUI3,,missing_pdb,False
Q3UV17,,missing_pdb,False
Q3V0K6,,missing_pdb,False
Q3V125,,missing_pdb,False
Q3V3C7,,missing_pdb,False
Q3V3G9,,missing_pdb,False
Q40128,,missing_pdb,False
Q40129,,missing_pdb,False
Q40131,,missing_pdb,False
Q40163,,missing_pdb,False
Q42971,,missing_pdb,False
Q43007,,missing_pdb,False
Q43008,,missing_pdb,False
Q43009,,missing_pdb,False
Q43143,,missing_pdb,False
Q44069,,missing_pdb,False
Q46829,,missing_pdb,False
Q46845,,missing_pdb,False
Q46868,,missing_pdb,False
Q46915,,missing_pdb,False
Q46948,,missing_pdb,False
Q47158,,missing_pdb,False
Q47702,,missing_pdb,False
Q49A26,/data/ranran/my_ptm/croton/data/structure_pipeline/pdb/Q49A26.pdb,exact_sequence_match,True
Q4G0X9,,missing_pdb,False
Q4KLL4,,missing_pdb,False
Q4LDG0,,missing_pdb,False
Q4V328,/data/ranran/my_ptm/croton/data/structure_pipeline/pdb/Q4V328.pdb,exact_sequence_match,True
Q4VA36,,missing_pdb,False
Q4VAE3,,missing_pdb,False
Q4VWZ5,,missing_pdb,False
Q505G8,,missing_pdb,False
Q50631,,missing_pdb,False
Q52FS9,,missing_pdb,False
Q52KE7,,missing_pdb,False
Q53875,,missing_pdb,False
Q53EU6,,missing_pdb,False
Q53FZ2,,missing_pdb,False
Q53GS9,/data/ranran/my_ptm/croton/data/structure_pipeline/pdb/Q53GS9.pdb,exact_sequence_match,True
Q53MW2,,missing_pdb,False
Q53R41,,missing_pdb,False
Q53SF7,,missing_pdb,False
Q543K9,,missing_pdb,False
Q562C4,,missing_pdb,False
Q562E7,,missing_pdb,False
Q567U6,/data/ranran/my_ptm/croton/data/structure_pipeline/pdb/Q567U6.pdb,exact_sequence_match,True
Q57179,,missing_pdb,False
Q57261,,missing_pdb,False
Q58FG0,,missing_pdb,False
Q5BK54,,missing_pdb,False
Q5BKQ4,,missing_pdb,False
Q5EG47,,missing_pdb,False
Q5F201,,missing_pdb,False
Q5GJ75,,missing_pdb,False
Q5H928,,missing_pdb,False
Q5HZI9,,missing_pdb,False
Q5JK10,,missing_pdb,False
Q5JMS4,,missing_pdb,False
Q5JRA6,/data/ranran/my_ptm/croton/data/structure_pipeline/pdb/Q5JRA6.pdb,exact_sequence_match,True
Q5JRX3,/data/ranran/my_ptm/croton/data/structure_pipeline/pdb/Q5JRX3.pdb,exact_sequence_match,True
Q5JX44,,missing_pdb,False
Q5N7W3,,missing_pdb,False
Q5NBN5,,missing_pdb,False
Q5NCC2,,missing_pdb,False
Q5NE20,,missing_pdb,False
Q5QLQ5,,missing_pdb,False
Q5QLT6,,missing_pdb,False
Q5QPE8,,missing_pdb,False
Q5R3I4,/data/ranran/my_ptm/croton/data/structure_pipeline/pdb/Q5R3I4.pdb,exact_sequence_match,True
Q5RKZ7,,missing_pdb,False
Q5S006,,missing_pdb,False
Q5SNJ4,,missing_pdb,False
Q5SQT8,,missing_pdb,False
Q5SRE5,/data/ranran/my_ptm/croton/data/structure_pipeline/pdb/Q5SRE5.pdb,exact_sequence_match,True
Q5SSJ5,/data/ranran/my_ptm/croton/data/structure_pipeline/pdb/Q5SSJ5.pdb,exact_sequence_match,True
Q5SUD5,,missing_pdb,False
Q5SV16,,missing_pdb,False
Q5SVY0,,missing_pdb,False
Q5SW96,,missing_pdb,False
Q5SX46,,missing_pdb,False
Q5SX75,,missing_pdb,False
Q5SZL2,,missing_pdb,False
Q5T160,,missing_pdb,False
Q5T2N8,,missing_pdb,False
Q5T2W1,/data/ranran/my_ptm/croton/data/structure_pipeline/pdb/Q5T2W1.pdb,exact_sequence_match,True
Q5T851,,missing_pdb,False
Q5T8A7,,missing_pdb,False
Q5T8D3,,missing_pdb,False
Q5T9A4,/data/ranran/my_ptm/croton/data/structure_pipeline/pdb/Q5T9A4.pdb,exact_sequence_match,True
Q5TKF4,,missing_pdb,False
Q5U3Z3,,missing_pdb,False
Q5U5I3,,missing_pdb,False
Q5U5X0,,missing_pdb,False
Q5VLR5,,missing_pdb,False
Q5VMN4,,missing_pdb,False
Q5VMT5,,missing_pdb,False
Q5VNV1,,missing_pdb,False
Q5VP49,,missing_pdb,False
Q5VP75,,missing_pdb,False
Q5VRJ8,,missing_pdb,False
Q5VRY1,,missing_pdb,False
Q5VS74,,missing_pdb,False
Q5VW32,/data/ranran/my_ptm/croton/data/structure_pipeline/pdb/Q5VW32.pdb,exact_sequence_match,True
Q5VZL5,/data/ranran/my_ptm/croton/data/structure_pipeline/pdb/Q5VZL5.pdb,exact_sequence_match,True
Q5W0J8,,missing_pdb,False
Q5W6C5,,missing_pdb,False
Q5Z5X5,,missing_pdb,False
Q5Z6P4,,missing_pdb,False
Q5Z771,,missing_pdb,False
Q5Z8F4,,missing_pdb,False
Q5Z8V9,,missing_pdb,False
Q5Z974,,missing_pdb,False
Q5Z9H8,,missing_pdb,False
Q5Z9N8,,missing_pdb,False
Q60587,,missing_pdb,False
Q60932,,missing_pdb,False
Q60936,,missing_pdb,False
Q60E59,,missing_pdb,False
Q61017,,missing_pdb,False
Q61036,,missing_pdb,False
Q61553,,missing_pdb,False
Q61554,,missing_pdb,False
Q61655,,missing_pdb,False
Q61792,,missing_pdb,False
Q62087,,missing_pdb,False
Q62264,,missing_pdb,False
Q62313,,missing_pdb,False
Q62433,,missing_pdb,False
Q62465,,missing_pdb,False
Q63041,,missing_pdb,False
Q63060,,missing_pdb,False
Q63617,,missing_pdb,False
Q63880,,missing_pdb,False
Q63886,,missing_pdb,False
Q63918,,missing_pdb,False
Q63ZY3,,missing_pdb,False
Q64152,,missing_pdb,False
Q64232,,missing_pdb,False
Q64356,,missing_pdb,False
Q64521,,missing_pdb,False
Q64611,,missing_pdb,False
Q651B0,,missing_pdb,False
Q652I8,,missing_pdb,False
Q655Q2,,missing_pdb,False
Q655X0,,missing_pdb,False
Q655Y3,,missing_pdb,False
Q656J2,,missing_pdb,False
Q65X66,,missing_pdb,False
Q65XA0,,missing_pdb,False
Q65XG4,,missing_pdb,False
Q65XK0,,missing_pdb,False
Q65XW4,,missing_pdb,False
Q672Q6,,missing_pdb,False
Q67IU3,,missing_pdb,False
Q67IX6,,missing_pdb,False
Q67UZ0,,missing_pdb,False
Q67VQ4,,missing_pdb,False
Q68EM7,/data/ranran/my_ptm/croton/data/structure_pipeline/pdb/Q68EM7.pdb,exact_sequence_match,True
Q68FE8,,missing_pdb,False
Q68FT3,,missing_pdb,False
Q69KK3,,missing_pdb,False
Q69KU2,,missing_pdb,False
Q69MF4,,missing_pdb,False
Q69MT1,,missing_pdb,False
Q69QI6,,missing_pdb,False
Q69RJ0,,missing_pdb,False
Q69RN2,,missing_pdb,False
Q69S39,,missing_pdb,False
Q69S66,,missing_pdb,False
Q69TY4,,missing_pdb,False
Q69UF2,,missing_pdb,False
Q69UI8,,missing_pdb,False
Q69V07,,missing_pdb,False
Q69XM7,,missing_pdb,False
Q69Y99,,missing_pdb,False
Q69ZK6,,missing_pdb,False
Q69ZP3,,missing_pdb,False
Q6AV57,,missing_pdb,False
Q6AVA8,,missing_pdb,False
Q6AVT7,,missing_pdb,False
Q6AYD5,,missing_pdb,False
Q6AYK6,,missing_pdb,False
Q6DFV3,,missing_pdb,False
Q6DGU9,,missing_pdb,False
Q6DKK2,,missing_pdb,False
Q6EQG2,,missing_pdb,False
Q6ER94,,missing_pdb,False
Q6ESJ0,,missing_pdb,False
Q6EUQ5,,missing_pdb,False
Q6GQT9,,missing_pdb,False
Q6H5X0,,missing_pdb,False
Q6H611,,missing_pdb,False
Q6H6P8,,missing_pdb,False
Q6H7I9,,missing_pdb,False
Q6I5G9,,missing_pdb,False
Q6K2D2,,missing_pdb,False
Q6K3G5,,missing_pdb,False
Q6K4T1,,missing_pdb,False
Q6K643,,missing_pdb,False
Q6K680,,missing_pdb,False
Q6K7F4,,missing_pdb,False
Q6KA00,,missing_pdb,False
Q6KA29,,missing_pdb,False
Q6KAI0,,missing_pdb,False
Q6L4W7,,missing_pdb,False
Q6L5F8,,missing_pdb,False
Q6L5I4,,missing_pdb,False
Q6L5I5,,missing_pdb,False
Q6L8Q7,,missing_pdb,False
Q6MWZ8,,missing_pdb,False
Q6MX34,,missing_pdb,False
Q6MX43,,missing_pdb,False
Q6NS59,,missing_pdb,False
Q6NSV5,,missing_pdb,False
Q6NUK1,/data/ranran/my_ptm/croton/data/structure_pipeline/pdb/Q6NUK1.pdb,exact_sequence_match,True
Q6NZJ6,,missing_pdb,False
Q6P2I3,,missing_pdb,False
Q6P2Q9,/data/ranran/my_ptm/croton/data/structure_pipeline/pdb/Q6P2Q9.pdb,exact_sequence_match,True
Q6P474,,missing_pdb,False
Q6P4E1,/data/ranran/my_ptm/croton/data/structure_pipeline/pdb/Q6P4E1.pdb,exact_sequence_match,True
Q6P5D8,,missing_pdb,False
Q6P8J0,,missing_pdb,False
Q6P8J7,,missing_pdb,False
Q6P8M1,,missing_pdb,False
Q6P8V7,,missing_pdb,False
Q6P996,/data/ranran/my_ptm/croton/data/structure_pipeline/pdb/Q6P996.pdb,exact_sequence_match,True
Q6PB44,,missing_pdb,False
Q6PIU2,/data/ranran/my_ptm/croton/data/structure_pipeline/pdb/Q6PIU2.pdb,exact_sequence_match,True
Q6UPE0,,missing_pdb,False
Q6UWY5,,missing_pdb,False
Q6UX06,,missing_pdb,False
Q6W4X9,,missing_pdb,False
Q6W9J6,,missing_pdb,False
Q6WCQ1,/data/ranran/my_ptm/croton/data/structure_pipeline/pdb/Q6WCQ1.pdb,exact_sequence_match,True
Q6XPS7,,missing_pdb,False
Q6Y7W8,,missing_pdb,False
Q6YHK3,,missing_pdb,False
Q6YRM1,,missing_pdb,False
Q6YU81,,missing_pdb,False
Q6YUA1,,missing_pdb,False
Q6YVI0,,missing_pdb,False
Q6YWA6,,missing_pdb,False
Q6YXW6,,missing_pdb,False
Q6YZI4,,missing_pdb,False
Q6Z026,,missing_pdb,False
Q6Z0G0,,missing_pdb,False
Q6Z0I0,,missing_pdb,False
Q6Z510,,missing_pdb,False
Q6Z695,,missing_pdb,False
Q6Z756,,missing_pdb,False
Q6Z782,,missing_pdb,False
Q6Z7V2,,missing_pdb,False
Q6ZA06,,missing_pdb,False
Q6ZB67,,missing_pdb,False
Q6ZDX1,,missing_pdb,False
Q6ZFI6,,missing_pdb,False
Q6ZGK5,,missing_pdb,False
Q6ZHC0,,missing_pdb,False
Q6ZI86,,missing_pdb,False
Q6ZJI9,,missing_pdb,False
Q6ZJS7,,missing_pdb,False
Q6ZK46,,missing_pdb,False
Q6ZQ38,,missing_pdb,False
Q6ZQF0,,missing_pdb,False
Q6ZWU9,,missing_pdb,False
Q709C8,,missing_pdb,False
Q709F0,,missing_pdb,False
Q711G3,,missing_pdb,False
Q75GU1,,missing_pdb,False
Q75GX9,,missing_pdb,False
Q75HP6,,missing_pdb,False
Q75K90,,missing_pdb,False
Q75KH3,,missing_pdb,False
Q75L11,,missing_pdb,False
Q75M32,,missing_pdb,False
Q75Q39,,missing_pdb,False
Q78IK2,,missing_pdb,False
Q78J03,,missing_pdb,False
Q78PY7,,missing_pdb,False
Q79FN7,,missing_pdb,False
Q79VD6,,missing_pdb,False
Q79VG1,,missing_pdb,False
Q79VG4,,missing_pdb,False
Q79VI7,,missing_pdb,False
Q79YX4,,missing_pdb,False
Q7AKF1,,missing_pdb,False
Q7AKN8,,missing_pdb,False
Q7AKP1,,missing_pdb,False
Q7AKQ4,,missing_pdb,False
Q7AKQ6,,missing_pdb,False
Q7DIC8,,missing_pdb,False
Q7EYM8,,missing_pdb,False
Q7EZD2,,missing_pdb,False
Q7F190,,missing_pdb,False
Q7F1K9,,missing_pdb,False
Q7F8K7,,missing_pdb,False
Q7G065,,missing_pdb,False
Q7KZ85,/data/ranran/my_ptm/croton/data/structure_pipeline/pdb/Q7KZ85.pdb,exact_sequence_match,True
Q7L0Y3,/data/ranran/my_ptm/croton/data/structure_pipeline/pdb/Q7L0Y3.pdb,exact_sequence_match,True
Q7L1Q6,/data/ranran/my_ptm/croton/data/structure_pipeline/pdb/Q7L1Q6.pdb,exact_sequence_match,True
Q7L576,,missing_pdb,False
Q7L5A8,,missing_pdb,False
Q7L5L3,,missing_pdb,False
Q7L8L6,,missing_pdb,False
Q7TNG8,,missing_pdb,False
Q7TP05,,missing_pdb,False
Q7TP52,,missing_pdb,False
Q7TPD2,,missing_pdb,False
Q7TPV4,,missing_pdb,False
Q7TQ48,,missing_pdb,False
Q7TQ85,,missing_pdb,False
Q7X7H3,,missing_pdb,False
Q7X7N2,,missing_pdb,False
Q7X834,,missing_pdb,False
Q7X8H9,,missing_pdb,False
Q7X8U6,,missing_pdb,False
Q7XAM2,,missing_pdb,False
Q7XCK6,,missing_pdb,False
Q7XHN4,,missing_pdb,False
Q7XI14,,missing_pdb,False
Q7XMK9,,missing_pdb,False
Q7XNY2,,missing_pdb,False
Q7XPL4,,missing_pdb,False
Q7XUW5,,missing_pdb,False
Q7XUY5,,missing_pdb,False
Q7XVQ4,,missing_pdb,False
Q7XXS0,,missing_pdb,False
Q7XZF7,,missing_pdb,False
Q7XZV8,,missing_pdb,False
Q7Y0E6,,missing_pdb,False
Q7Y0F2,,missing_pdb,False
Q7Y0Y8,,missing_pdb,False
Q7Y1Z0,,missing_pdb,False
Q7Z2W9,/data/ranran/my_ptm/croton/data/structure_pipeline/pdb/Q7Z2W9.pdb,exact_sequence_match,True
Q7Z2Z1,,missing_pdb,False
Q7Z478,/data/ranran/my_ptm/croton/data/structure_pipeline/pdb/Q7Z478.pdb,exact_sequence_match,True
Q7Z4V5,/data/ranran/my_ptm/croton/data/structure_pipeline/pdb/Q7Z4V5.pdb,exact_sequence_match,True
Q7Z6B0,/data/ranran/my_ptm/croton/data/structure_pipeline/pdb/Q7Z6B0.pdb,exact_sequence_match,True
Q7Z6Z7,,missing_pdb,False
Q7Z7K6,/data/ranran/my_ptm/croton/data/structure_pipeline/pdb/Q7Z7K6.pdb,exact_sequence_match,True
Q800H6,,missing_pdb,False
Q80V86,,missing_pdb,False
Q80VN4,,missing_pdb,False
Q80VP1,,missing_pdb,False
Q80WW9,,missing_pdb,False
Q80X50,,missing_pdb,False
Q80X52,,missing_pdb,False
Q80Y14,,missing_pdb,False
Q811G0,,missing_pdb,False
Q84MY1,,missing_pdb,False
Q84PB7,,missing_pdb,False
Q84PW3,,missing_pdb,False
Q84PX0,,missing_pdb,False
Q84Q77,,missing_pdb,False
Q84Q83,,missing_pdb,False
Q84UR8,,missing_pdb,False
Q852L2,,missing_pdb,False
Q86SF2,/data/ranran/my_ptm/croton/data/structure_pipeline/pdb/Q86SF2.pdb,exact_sequence_match,True
Q86SZ2,,missing_pdb,False
Q86UE4,/data/ranran/my_ptm/croton/data/structure_pipeline/pdb/Q86UE4.pdb,exact_sequence_match,True
Q86UP2,/data/ranran/my_ptm/croton/data/structure_pipeline/pdb/Q86UP2.pdb,exact_sequence_match,True
Q86UX7,,missing_pdb,False
Q86V48,/data/ranran/my_ptm/croton/data/structure_pipeline/pdb/Q86V48.pdb,exact_sequence_match,True
Q86WR0,/data/ranran/my_ptm/croton/data/structure_pipeline/pdb/Q86WR0.pdb,exact_sequence_match,True
Q87FC7,,missing_pdb,False
Q87FC8,,missing_pdb,False
Q87FF3,,missing_pdb,False
Q87FG9,,missing_pdb,False
Q87FP3,,missing_pdb,False
Q87FQ9,,missing_pdb,False
Q87FR0,,missing_pdb,False
Q87FY5,,missing_pdb,False
Q87G24,,missing_pdb,False
Q87GN4,,missing_pdb,False
Q87GT9,,missing_pdb,False
Q87H06,,missing_pdb,False
Q87H82,,missing_pdb,False
Q87HJ1,,missing_pdb,False
Q87HJ2,,missing_pdb,False
Q87HL4,,missing_pdb,False
Q87HN5,,missing_pdb,False
Q87HP1,,missing_pdb,False
Q87HU4,,missing_pdb,False
Q87HV5,,missing_pdb,False
Q87HZ5,,missing_pdb,False
Q87I09,,missing_pdb,False
Q87I60,,missing_pdb,False
Q87IJ8,,missing_pdb,False
Q87IP3,,missing_pdb,False
Q87IT4,,missing_pdb,False
Q87J37,,missing_pdb,False
Q87J41,,missing_pdb,False
Q87J42,,missing_pdb,False
Q87J74,,missing_pdb,False
Q87J81,,missing_pdb,False
Q87JD0,,missing_pdb,False
Q87JE5,,missing_pdb,False
Q87JE6,,missing_pdb,False
Q87JF5,,missing_pdb,False
Q87JF6,,missing_pdb,False
Q87JS0,,missing_pdb,False
Q87JV5,,missing_pdb,False
Q87JX9,,missing_pdb,False
Q87JY6,,missing_pdb,False
Q87K44,,missing_pdb,False
Q87K59,,missing_pdb,False
Q87K62,,missing_pdb,False
Q87KA9,,missing_pdb,False
Q87KD5,,missing_pdb,False
Q87KK2,,missing_pdb,False
Q87KM1,,missing_pdb,False
Q87KM2,,missing_pdb,False
Q87KN0,,missing_pdb,False
Q87KP8,,missing_pdb,False
Q87KR3,,missing_pdb,False
Q87KW1,,missing_pdb,False
Q87KY1,,missing_pdb,False
Q87KY9,,missing_pdb,False
Q87KZ2,,missing_pdb,False
Q87L18,,missing_pdb,False
Q87L21,,missing_pdb,False
Q87L22,,missing_pdb,False
Q87L48,,missing_pdb,False
Q87L82,,missing_pdb,False
Q87L92,,missing_pdb,False
Q87LC5,,missing_pdb,False
Q87LD0,,missing_pdb,False
Q87LD3,,missing_pdb,False
Q87LE2,,missing_pdb,False
Q87LI1,,missing_pdb,False
Q87LJ1,,missing_pdb,False
Q87LJ6,,missing_pdb,False
Q87LK2,,missing_pdb,False
Q87LL3,,missing_pdb,False
Q87LP0,,missing_pdb,False
Q87LP3,,missing_pdb,False
Q87LR5,,missing_pdb,False
Q87LR7,,missing_pdb,False
Q87LS4,,missing_pdb,False
Q87LU4,,missing_pdb,False
Q87LY0,,missing_pdb,False
Q87M17,,missing_pdb,False
Q87M23,,missing_pdb,False
Q87M27,,missing_pdb,False
Q87M78,,missing_pdb,False
Q87M79,,missing_pdb,False
Q87MA4,,missing_pdb,False
Q87MA5,,missing_pdb,False
Q87MD7,,missing_pdb,False
Q87ME0,,missing_pdb,False
Q87ME7,,missing_pdb,False
Q87MG8,,missing_pdb,False
Q87MK4,,missing_pdb,False
Q87MP2,,missing_pdb,False
Q87MQ2,,missing_pdb,False
Q87MR4,,missing_pdb,False
Q87MS1,,missing_pdb,False
Q87MV2,,missing_pdb,False
Q87MW0,,missing_pdb,False
Q87MW8,,missing_pdb,False
Q87MX2,,missing_pdb,False
Q87MY3,,missing_pdb,False
Q87N07,,missing_pdb,False
Q87N17,,missing_pdb,False
Q87N61,,missing_pdb,False
Q87NB7,,missing_pdb,False
Q87NC7,,missing_pdb,False
Q87NC8,,missing_pdb,False
Q87NF6,,missing_pdb,False
Q87NH0,,missing_pdb,False
Q87NI5,,missing_pdb,False
Q87NJ7,,missing_pdb,False
Q87NJ9,,missing_pdb,False
Q87PA4,,missing_pdb,False
Q87PC2,,missing_pdb,False
Q87PC8,,missing_pdb,False
Q87PF8,,missing_pdb,False
Q87PH3,,missing_pdb,False
Q87PR1,,missing_pdb,False
Q87PS1,,missing_pdb,False
Q87PX0,,missing_pdb,False
Q87Q02,,missing_pdb,False
Q87Q24,,missing_pdb,False
Q87Q26,,missing_pdb,False
Q87Q37,,missing_pdb,False
Q87Q40,,missing_pdb,False
Q87Q52,,missing_pdb,False
Q87Q54,,missing_pdb,False
Q87Q76,,missing_pdb,False
Q87Q77,,missing_pdb,False
Q87Q78,,missing_pdb,False
Q87Q87,,missing_pdb,False
Q87Q96,,missing_pdb,False
Q87QB3,,missing_pdb,False
Q87QB7,,missing_pdb,False
Q87QB9,,missing_pdb,False
Q87QG7,,missing_pdb,False
Q87QI3,,missing_pdb,False
Q87QI4,,missing_pdb,False
Q87QL8,,missing_pdb,False
Q87QL9,,missing_pdb,False
Q87QR9,,missing_pdb,False
Q87QT6,,missing_pdb,False
Q87QU5,,missing_pdb,False
Q87QU6,,missing_pdb,False
Q87QW2,,missing_pdb,False
Q87QW5,,missing_pdb,False
Q87QX7,,missing_pdb,False
Q87R13,,missing_pdb,False
Q87R36,,missing_pdb,False
Q87R42,,missing_pdb,False
Q87R48,,missing_pdb,False
Q87R53,,missing_pdb,False
Q87R66,,missing_pdb,False
Q87RC2,,missing_pdb,False
Q87RC5,,missing_pdb,False
Q87RC6,,missing_pdb,False
Q87RC8,,missing_pdb,False
Q87RD1,,missing_pdb,False
Q87RG2,,missing_pdb,False
Q87RH3,,missing_pdb,False
Q87RI8,,missing_pdb,False
Q87RM8,,missing_pdb,False
Q87RP5,,missing_pdb,False
Q87RP6,,missing_pdb,False
Q87RR6,,missing_pdb,False
Q87RU3,,missing_pdb,False
Q87RV5,,missing_pdb,False
Q87RV9,,missing_pdb,False
Q87RW0,,missing_pdb,False
Q87RX5,,missing_pdb,False
Q87RY2,,missing_pdb,False
Q87S17,,missing_pdb,False
Q87S21,,missing_pdb,False
Q87S23,,missing_pdb,False
Q87S24,,missing_pdb,False
Q87S25,,missing_pdb,False
Q87S39,,missing_pdb,False
Q87S44,,missing_pdb,False
Q87S56,,missing_pdb,False
Q87S57,,missing_pdb,False
Q87S69,,missing_pdb,False
Q87SA4,,missing_pdb,False
Q87SB0,,missing_pdb,False
Q87SB2,,missing_pdb,False
Q87SC3,,missing_pdb,False
Q87SF6,,missing_pdb,False
Q87SI1,,missing_pdb,False
Q87SL8,,missing_pdb,False
Q87SQ7,,missing_pdb,False
Q87SQ8,,missing_pdb,False
Q87SQ9,,missing_pdb,False
Q87ST5,,missing_pdb,False
Q87SV0,,missing_pdb,False
Q87SV3,,missing_pdb,False
Q87SX9,,missing_pdb,False
Q87SZ3,,missing_pdb,False
Q87T20,,missing_pdb,False
Q87T34,,missing_pdb,False
Q87T84,,missing_pdb,False
Q87T94,,missing_pdb,False
Q87TB8,,missing_pdb,False
Q87TE0,,missing_pdb,False
Q87TF4,,missing_pdb,False
Q87TF9,,missing_pdb,False
Q87TG2,,missing_pdb,False
Q87TG4,,missing_pdb,False
Q87TG5,,missing_pdb,False
Q87TK6,,missing_pdb,False
Q87TQ7,,missing_pdb,False
Q8BFP9,,missing_pdb,False
Q8BG05,,missing_pdb,False
Q8BG51,,missing_pdb,False
Q8BGC4,,missing_pdb,False
Q8BGS2,,missing_pdb,False
Q8BH64,,missing_pdb,False
Q8BH86,,missing_pdb,False
Q8BH97,,missing_pdb,False
Q8BHE0,,missing_pdb,False
Q8BHE8,,missing_pdb,False
Q8BHG1,,missing_pdb,False
Q8BIJ6,,missing_pdb,False
Q8BK30,,missing_pdb,False
Q8BK72,,missing_pdb,False
Q8BK80,,missing_pdb,False
Q8BMS4,,missing_pdb,False
Q8BP40,,missing_pdb,False
Q8BP47,,missing_pdb,False
Q8BS30,,missing_pdb,False
Q8BU88,,missing_pdb,False
Q8BVD5,,missing_pdb,False
Q8BW00,,missing_pdb,False
Q8C0S4,,missing_pdb,False
Q8C3X2,,missing_pdb,False
Q8C3X8,,missing_pdb,False
Q8C4M7,,missing_pdb,False
Q8C5H8,,missing_pdb,False
Q8C5W4,,missing_pdb,False
Q8C7H1,,missing_pdb,False
Q8C7X2,,missing_pdb,False
Q8CC86,,missing_pdb,False
Q8CCB2,,missing_pdb,False
Q8CFI7,,missing_pdb,False
Q8CFX1,,missing_pdb,False
Q8CG45,,missing_pdb,False
Q8CI51,,missing_pdb,False
Q8CI78,,missing_pdb,False
Q8CJQ8,,missing_pdb,False
Q8CJR4,,missing_pdb,False
Q8CJR6,,missing_pdb,False
Q8CJR7,,missing_pdb,False
Q8CJS0,,missing_pdb,False
Q8CJW8,,missing_pdb,False
Q8CJX4,,missing_pdb,False
Q8CJX7,,missing_pdb,False
Q8CJY0,,missing_pdb,False
Q8CK05,,missing_pdb,False
Q8CK13,,missing_pdb,False
Q8CK18,,missing_pdb,False
Q8CK26,,missing_pdb,False
Q8CK27,,missing_pdb,False
Q8GT15,,missing_pdb,False
Q8H2T7,,missing_pdb,False
Q8H3Q7,,missing_pdb,False
Q8H4M4,,missing_pdb,False
Q8H8B0,,missing_pdb,False
Q8H8U2,,missing_pdb,False
Q8H916,,missing_pdb,False
Q8HCP6,,missing_pdb,False
Q8HCP8,,missing_pdb,False
Q8HCQ9,,missing_pdb,False
Q8HCR5,,missing_pdb,False
Q8IU60,,missing_pdb,False
Q8IVG5,,missing_pdb,False
Q8IWU2,,missing_pdb,False
Q8IWX8,/data/ranran/my_ptm/croton/data/structure_pipeline/pdb/Q8IWX8.pdb,exact_sequence_match,True
Q8IX12,/data/ranran/my_ptm/croton/data/structure_pipeline/pdb/Q8IX12.pdb,exact_sequence_match,True
Q8IXB1,/data/ranran/my_ptm/croton/data/structure_pipeline/pdb/Q8IXB1.pdb,exact_sequence_match,True
Q8IY21,,missing_pdb,False
Q8IYB3,/data/ranran/my_ptm/croton/data/structure_pipeline/pdb/Q8IYB3.pdb,exact_sequence_match,True
Q8IYB5,,missing_pdb,False
Q8IYB8,/data/ranran/my_ptm/croton/data/structure_pipeline/pdb/Q8IYB8.pdb,exact_sequence_match,True
Q8IYQ7,,missing_pdb,False
Q8IYS1,,missing_pdb,False
Q8IZ83,,missing_pdb,False
Q8IZA0,,missing_pdb,False
Q8IZP0,,missing_pdb,False
Q8IZQ5,,missing_pdb,False
Q8JZS9,,missing_pdb,False
Q8JZU0,,missing_pdb,False
Q8JZZ0,,missing_pdb,False
Q8K1N1,,missing_pdb,False
Q8K1R3,,missing_pdb,False
Q8K1Z0,,missing_pdb,False
Q8K215,,missing_pdb,False
Q8K2Y7,,missing_pdb,False
Q8K310,,missing_pdb,False
Q8K370,,missing_pdb,False
Q8K3J1,,missing_pdb,False
Q8K4H1,,missing_pdb,False
Q8K4P0,,missing_pdb,False
Q8LH05,,missing_pdb,False
Q8LNG5,,missing_pdb,False
Q8LRH2,,missing_pdb,False
Q8MJ30,,missing_pdb,False
Q8N0X4,,missing_pdb,False
Q8N1B4,,missing_pdb,False
Q8N1F7,/data/ranran/my_ptm/croton/data/structure_pipeline/pdb/Q8N1F7.pdb,exact_sequence_match,True
Q8N2W9,,missing_pdb,False
Q8N335,,missing_pdb,False
Q8N370,,missing_pdb,False
Q8N442,,missing_pdb,False
Q8N594,,missing_pdb,False
Q8N8S7,/data/ranran/my_ptm/croton/data/structure_pipeline/pdb/Q8N8S7.pdb,exact_sequence_match,True
Q8NBF2,/data/ranran/my_ptm/croton/data/structure_pipeline/pdb/Q8NBF2.pdb,exact_sequence_match,True
Q8NBJ4,/data/ranran/my_ptm/croton/data/structure_pipeline/pdb/Q8NBJ4.pdb,exact_sequence_match,True
Q8NC51,/data/ranran/my_ptm/croton/data/structure_pipeline/pdb/Q8NC51.pdb,exact_sequence_match,True
Q8NC56,,missing_pdb,False
Q8NCE2,,missing_pdb,False
Q8NCW5,,missing_pdb,False
Q8ND30,,missing_pdb,False
Q8ND71,,missing_pdb,False
Q8NE86,/data/ranran/my_ptm/croton/data/structure_pipeline/pdb/Q8NE86.pdb,exact_sequence_match,True
Q8NEU8,,missing_pdb,False
Q8NEV1,,missing_pdb,False
Q8NF91,,missing_pdb,False
Q8NI22,/data/ranran/my_ptm/croton/data/structure_pipeline/pdb/Q8NI22.pdb,exact_sequence_match,True
Q8NI51,,missing_pdb,False
Q8NL70,,missing_pdb,False
Q8NLG0,,missing_pdb,False
Q8NLG6,,missing_pdb,False
Q8NLJ3,,missing_pdb,False
Q8NLN6,,missing_pdb,False
Q8NLS6,,missing_pdb,False
Q8NM27,,missing_pdb,False
Q8NM82,,missing_pdb,False
Q8NMA8,,missing_pdb,False
Q8NMG5,,missing_pdb,False
Q8NMG8,,missing_pdb,False
Q8NMI2,,missing_pdb,False
Q8NMJ7,,missing_pdb,False
Q8NMK9,,missing_pdb,False
Q8NML1,,missing_pdb,False
Q8NMN0,,missing_pdb,False
Q8NMN4,,missing_pdb,False
Q8NMN5,,missing_pdb,False
Q8NMV1,,missing_pdb,False
Q8NMY7,,missing_pdb,False
Q8NN51,,missing_pdb,False
Q8NN78,,missing_pdb,False
Q8NN99,,missing_pdb,False
Q8NNC9,,missing_pdb,False
Q8NNG5,,missing_pdb,False
Q8NNG7,,missing_pdb,False
Q8NNG9,,missing_pdb,False
Q8NNH1,,missing_pdb,False
Q8NNJ2,,missing_pdb,False
Q8NNN8,,missing_pdb,False
Q8NNQ9,,missing_pdb,False
Q8NNR1,,missing_pdb,False
Q8NNT5,,missing_pdb,False
Q8NNV4,,missing_pdb,False
Q8NNV6,,missing_pdb,False
Q8NNX3,,missing_pdb,False
Q8NP09,,missing_pdb,False
Q8NPA4,,missing_pdb,False
Q8NPI2,,missing_pdb,False
Q8NQ36,,missing_pdb,False
Q8NQ41,,missing_pdb,False
Q8NQ43,,missing_pdb,False
Q8NQ56,,missing_pdb,False
Q8NQ76,,missing_pdb,False
Q8NQ95,,missing_pdb,False
Q8NQC5,,missing_pdb,False
Q8NQK8,,missing_pdb,False
Q8NQP6,,missing_pdb,False
Q8NQQ6,,missing_pdb,False
Q8NR14,,missing_pdb,False
Q8NR18,,missing_pdb,False
Q8NRD5,,missing_pdb,False
Q8NRD6,,missing_pdb,False
Q8NRF1,,missing_pdb,False
Q8NRF5,,missing_pdb,False
Q8NRH9,,missing_pdb,False
Q8NRQ9,,missing_pdb,False
Q8NRR9,,missing_pdb,False
Q8NRS6,,missing_pdb,False
Q8NRU5,,missing_pdb,False
Q8NRX5,,missing_pdb,False
Q8NS12,,missing_pdb,False
Q8NS37,,missing_pdb,False
Q8NS41,,missing_pdb,False
Q8NS59,,missing_pdb,False
Q8NS61,,missing_pdb,False
Q8NSB7,,missing_pdb,False
Q8NSE3,,missing_pdb,False
Q8NSF7,,missing_pdb,False
Q8NSL3,,missing_pdb,False
Q8NST4,,missing_pdb,False
Q8NST5,,missing_pdb,False
Q8NSZ9,,missing_pdb,False
Q8NT02,,missing_pdb,False
Q8NT09,,missing_pdb,False
Q8NTA7,,missing_pdb,False
Q8NTB1,,missing_pdb,False
Q8NTC4,,missing_pdb,False
Q8NTD5,,missing_pdb,False
Q8NTF5,,missing_pdb,False
Q8NTF9,,missing_pdb,False
Q8NTG7,,missing_pdb,False
Q8NTL6,,missing_pdb,False
Q8NTQ6,,missing_pdb,False
Q8NTQ9,,missing_pdb,False
Q8NTS3,,missing_pdb,False
Q8NTS5,,missing_pdb,False
Q8NTW5,,missing_pdb,False
Q8NTZ7,,missing_pdb,False
Q8QZY2,,missing_pdb,False
Q8QZY3,,missing_pdb,False
Q8R086,,missing_pdb,False
Q8R0A5,,missing_pdb,False
Q8R0Y8,,missing_pdb,False
Q8R104,,missing_pdb,False
Q8R123,,missing_pdb,False
Q8R2E9,,missing_pdb,False
Q8R2L5,,missing_pdb,False
Q8R2P8,,missing_pdb,False
Q8R3Q6,,missing_pdb,False
Q8R404,,missing_pdb,False
Q8R5F7,,missing_pdb,False
Q8RU06,,missing_pdb,False
Q8RUJ2,,missing_pdb,False
Q8S0E1,,missing_pdb,False
Q8S5T1,,missing_pdb,False
Q8S6F4,,missing_pdb,False
Q8S7J1,,missing_pdb,False
Q8S7U3,,missing_pdb,False
Q8S9Z3,,missing_pdb,False
Q8TAQ2,/data/ranran/my_ptm/croton/data/structure_pipeline/pdb/Q8TAQ2.pdb,exact_sequence_match,True
Q8TAX9,,missing_pdb,False
Q8TB37,,missing_pdb,False
Q8TBY8,,missing_pdb,False
Q8TCD5,/data/ranran/my_ptm/croton/data/structure_pipeline/pdb/Q8TCD5.pdb,exact_sequence_match,True
Q8TCJ2,/data/ranran/my_ptm/croton/data/structure_pipeline/pdb/Q8TCJ2.pdb,exact_sequence_match,True
Q8TDB6,/data/ranran/my_ptm/croton/data/structure_pipeline/pdb/Q8TDB6.pdb,exact_sequence_match,True
Q8TEA7,,missing_pdb,False
Q8TF65,,missing_pdb,False
Q8VBT1,,missing_pdb,False
Q8VCF0,,missing_pdb,False
Q8VCG1,,missing_pdb,False
Q8VCK7,,missing_pdb,False
Q8VCQ8,,missing_pdb,False
Q8VCR2,,missing_pdb,False
Q8VCR7,,missing_pdb,False
Q8VCZ9,,missing_pdb,False
Q8VD00,,missing_pdb,False
Q8VDG7,,missing_pdb,False
Q8VDJ3,,missing_pdb,False
Q8VDK1,,missing_pdb,False
Q8VE38,,missing_pdb,False
Q8VHX6,,missing_pdb,False
Q8VW88,,missing_pdb,False
Q8W084,,missing_pdb,False
Q8W317,,missing_pdb,False
Q8WU39,,missing_pdb,False
Q8WU90,/data/ranran/my_ptm/croton/data/structure_pipeline/pdb/Q8WU90.pdb,exact_sequence_match,True
Q8WUK0,,missing_pdb,False
Q8WUY3,,missing_pdb,False
Q8WUY8,,missing_pdb,False
Q8WV44,,missing_pdb,False
Q8WV93,,missing_pdb,False
Q8WVY7,/data/ranran/my_ptm/croton/data/structure_pipeline/pdb/Q8WVY7.pdb,exact_sequence_match,True
Q8WWT9,,missing_pdb,False
Q8WWV3,/data/ranran/my_ptm/croton/data/structure_pipeline/pdb/Q8WWV3.pdb,exact_sequence_match,True
Q8WX93,/data/ranran/my_ptm/croton/data/structure_pipeline/pdb/Q8WX93.pdb,exact_sequence_match,True
Q8WXF1,,missing_pdb,False
Q8WXF7,,missing_pdb,False
Q8WXH0,,missing_pdb,False
Q91V12,,missing_pdb,False
Q91V16,,missing_pdb,False
Q91V64,,missing_pdb,False
Q91V76,,missing_pdb,False
Q91VN4,,missing_pdb,False
Q91VS7,,missing_pdb,False
Q91WD5,,missing_pdb,False
Q91WK1,,missing_pdb,False
Q91WT9,,missing_pdb,False
Q91X51,,missing_pdb,False
Q91X72,,missing_pdb,False
Q91X91,,missing_pdb,False
Q91XF0,,missing_pdb,False
Q91XH5,,missing_pdb,False
Q91YP0,,missing_pdb,False
Q91YQ5,,missing_pdb,False
Q91YU6,,missing_pdb,False
Q91YY4,,missing_pdb,False
Q91Z25,,missing_pdb,False
Q91Z53,,missing_pdb,False
Q91ZE0,,missing_pdb,False
Q91ZU6,,missing_pdb,False
Q921J2,,missing_pdb,False
Q921S7,,missing_pdb,False
Q922Q1,,missing_pdb,False
Q922Q8,,missing_pdb,False
Q924L1,,missing_pdb,False
Q92575,/data/ranran/my_ptm/croton/data/structure_pipeline/pdb/Q92575.pdb,exact_sequence_match,True
Q92598,/data/ranran/my_ptm/croton/data/structure_pipeline/pdb/Q92598.pdb,exact_sequence_match,True
Q92614,/data/ranran/my_ptm/croton/data/structure_pipeline/pdb/Q92614.pdb,exact_sequence_match,True
Q92616,/data/ranran/my_ptm/croton/data/structure_pipeline/pdb/Q92616.pdb;/data/ranran/my_ptm/croton/data/structure_pipeline/pdb/AF-Q92616-F1-model_v6.pdb,sequence_mismatch,False
Q92665,/data/ranran/my_ptm/croton/data/structure_pipeline/pdb/Q92665.pdb,exact_sequence_match,True
Q92785,,missing_pdb,False
Q92841,/data/ranran/my_ptm/croton/data/structure_pipeline/pdb/Q92841.pdb,exact_sequence_match,True
Q92878,/data/ranran/my_ptm/croton/data/structure_pipeline/pdb/Q92878.pdb,exact_sequence_match,True
Q92890,/data/ranran/my_ptm/croton/data/structure_pipeline/pdb/Q92890.pdb,exact_sequence_match,True
Q92896,/data/ranran/my_ptm/croton/data/structure_pipeline/pdb/Q92896.pdb,exact_sequence_match,True
Q92900,/data/ranran/my_ptm/croton/data/structure_pipeline/pdb/Q92900.pdb,exact_sequence_match,True
Q92925,,missing_pdb,False
Q92945,/data/ranran/my_ptm/croton/data/structure_pipeline/pdb/Q92945.pdb,exact_sequence_match,True
Q92968,,missing_pdb,False
Q93084,,missing_pdb,False
Q935X4,,missing_pdb,False
Q93IU3,,missing_pdb,False
Q93J28,,missing_pdb,False
Q93J30,,missing_pdb,False
Q93J39,,missing_pdb,False
Q93J59,,missing_pdb,False
Q93JC4,,missing_pdb,False
Q93JC7,,missing_pdb,False
Q93JK4,,missing_pdb,False
Q93K97,,missing_pdb,False
Q93RW0,,missing_pdb,False
Q93S06,,missing_pdb,False
Q943W1,,missing_pdb,False
Q943W5,,missing_pdb,False
Q94J20,,missing_pdb,False
Q94JF2,,missing_pdb,False
Q969G3,/data/ranran/my_ptm/croton/data/structure_pipeline/pdb/Q969G3.pdb,exact_sequence_match,True
Q969H8,/data/ranran/my_ptm/croton/data/structure_pipeline/pdb/Q969H8.pdb,exact_sequence_match,True
Q969I3,,missing_pdb,False
Q969Q4,/data/ranran/my_ptm/croton/data/structure_pipeline/pdb/Q969Q4.pdb,exact_sequence_match,True
Q969Z0,/data/ranran/my_ptm/croton/data/structure_pipeline/pdb/Q969Z0.pdb,exact_sequence_match,True
Q96A26,/data/ranran/my_ptm/croton/data/structure_pipeline/pdb/Q96A26.pdb,exact_sequence_match,True
Q96A33,/data/ranran/my_ptm/croton/data/structure_pipeline/pdb/Q96A33.pdb,exact_sequence_match,True
Q96A49,/data/ranran/my_ptm/croton/data/structure_pipeline/pdb/Q96A49.pdb,exact_sequence_match,True
Q96A73,,missing_pdb,False
Q96AN5,,missing_pdb,False
Q96AY3,/data/ranran/my_ptm/croton/data/structure_pipeline/pdb/Q96AY3.pdb,exact_sequence_match,True
Q96C19,/data/ranran/my_ptm/croton/data/structure_pipeline/pdb/Q96C19.pdb,exact_sequence_match,True
Q96C36,/data/ranran/my_ptm/croton/data/structure_pipeline/pdb/Q96C36.pdb,exact_sequence_match,True
Q96CD0,,missing_pdb,False
Q96CS3,/data/ranran/my_ptm/croton/data/structure_pipeline/pdb/Q96CS3.pdb,exact_sequence_match,True
Q96CV9,/data/ranran/my_ptm/croton/data/structure_pipeline/pdb/Q96CV9.pdb,exact_sequence_match,True
Q96DC8,,missing_pdb,False
Q96E11,/data/ranran/my_ptm/croton/data/structure_pipeline/pdb/Q96E11.pdb,exact_sequence_match,True
Q96E52,,missing_pdb,False
Q96ER9,/data/ranran/my_ptm/croton/data/structure_pipeline/pdb/Q96ER9.pdb,exact_sequence_match,True
Q96EX1,/data/ranran/my_ptm/croton/data/structure_pipeline/pdb/Q96EX1.pdb,exact_sequence_match,True
Q96EY7,/data/ranran/my_ptm/croton/data/structure_pipeline/pdb/Q96EY7.pdb,exact_sequence_match,True
Q96EY8,/data/ranran/my_ptm/croton/data/structure_pipeline/pdb/Q96EY8.pdb,exact_sequence_match,True
Q96G03,/data/ranran/my_ptm/croton/data/structure_pipeline/pdb/Q96G03.pdb,exact_sequence_match,True
Q96GG9,,missing_pdb,False
Q96GQ5,,missing_pdb,False
Q96I59,/data/ranran/my_ptm/croton/data/structure_pipeline/pdb/Q96I59.pdb,exact_sequence_match,True
Q96IY4,,missing_pdb,False
Q96IZ0,/data/ranran/my_ptm/croton/data/structure_pipeline/pdb/Q96IZ0.pdb,exact_sequence_match,True
Q96JA1,,missing_pdb,False
Q96JB5,/data/ranran/my_ptm/croton/data/structure_pipeline/pdb/Q96JB5.pdb,exact_sequence_match,True
Q96JJ7,/data/ranran/my_ptm/croton/data/structure_pipeline/pdb/Q96JJ7.pdb,exact_sequence_match,True
Q96KC8,,missing_pdb,False
Q96KN7,/data/ranran/my_ptm/croton/data/structure_pipeline/pdb/Q96KN7.pdb,exact_sequence_match,True
Q96L14,,missing_pdb,False
Q96LP2,,missing_pdb,False
Q96MM6,,missing_pdb,False
Q96NB2,,missing_pdb,False
Q96NC0,/data/ranran/my_ptm/croton/data/structure_pipeline/pdb/Q96NC0.pdb,exact_sequence_match,True
Q96NR8,,missing_pdb,False
Q96NY7,,missing_pdb,False
Q96PC5,/data/ranran/my_ptm/croton/data/structure_pipeline/pdb/Q96PC5.pdb,exact_sequence_match,True
Q96PK6,/data/ranran/my_ptm/croton/data/structure_pipeline/pdb/Q96PK6.pdb,exact_sequence_match,True
Q96PV4,,missing_pdb,False
Q96Q05,,missing_pdb,False
Q96QE2,,missing_pdb,False
Q96QK1,/data/ranran/my_ptm/croton/data/structure_pipeline/pdb/Q96QK1.pdb,exact_sequence_match,True
Q96RT1,,missing_pdb,False
Q96S19,,missing_pdb,False
Q96SU4,/data/ranran/my_ptm/croton/data/structure_pipeline/pdb/Q96SU4.pdb,exact_sequence_match,True
Q96TA1,/data/ranran/my_ptm/croton/data/structure_pipeline/pdb/Q96TA1.pdb,exact_sequence_match,True
Q99068,,missing_pdb,False
Q99383,,missing_pdb,False
Q99442,/data/ranran/my_ptm/croton/data/structure_pipeline/pdb/Q99442.pdb,exact_sequence_match,True
Q99460,/data/ranran/my_ptm/croton/data/structure_pipeline/pdb/Q99460.pdb,exact_sequence_match,True
Q99584,/data/ranran/my_ptm/croton/data/structure_pipeline/pdb/Q99584.pdb,exact_sequence_match,True
Q99598,/data/ranran/my_ptm/croton/data/structure_pipeline/pdb/Q99598.pdb,exact_sequence_match,True
Q99613,,missing_pdb,False
Q99614,/data/ranran/my_ptm/croton/data/structure_pipeline/pdb/Q99614.pdb,exact_sequence_match,True
Q99653,/data/ranran/my_ptm/croton/data/structure_pipeline/pdb/Q99653.pdb,exact_sequence_match,True
Q99715,,missing_pdb,False
Q99807,,missing_pdb,False
Q99816,,missing_pdb,False
Q99873,,missing_pdb,False
Q99959,,missing_pdb,False
Q99961,/data/ranran/my_ptm/croton/data/structure_pipeline/pdb/Q99961.pdb,exact_sequence_match,True
Q99986,/data/ranran/my_ptm/croton/data/structure_pipeline/pdb/Q99986.pdb,exact_sequence_match,True
Q99996,,missing_pdb,False
Q99J08,,missing_pdb,False
Q99J39,,missing_pdb,False
Q99JT1,,missing_pdb,False
Q99JX4,,missing_pdb,False
Q99K28,,missing_pdb,False
Q99KC8,,missing_pdb,False
Q99KG3,,missing_pdb,False
Q99KJ8,,missing_pdb,False
Q99KP6,,missing_pdb,False
Q99KR3,,missing_pdb,False
Q99LB7,,missing_pdb,False
Q99LP6,,missing_pdb,False
Q99LY9,,missing_pdb,False
Q99MD6,,missing_pdb,False
Q99MZ7,,missing_pdb,False
Q99N87,,missing_pdb,False
Q99N92,,missing_pdb,False
Q99N96,,missing_pdb,False
Q99P30,,missing_pdb,False
Q99PL5,,missing_pdb,False
Q9ADA3,,missing_pdb,False
Q9ADA6,,missing_pdb,False
Q9ADG1,,missing_pdb,False
Q9ADI1,,missing_pdb,False
Q9ADJ5,,missing_pdb,False
Q9AJH1,,missing_pdb,False
Q9AK31,,missing_pdb,False
Q9AK40,,missing_pdb,False
Q9AT30,,missing_pdb,False
Q9AUQ4,,missing_pdb,False
Q9AUV8,,missing_pdb,False
Q9AWZ5,,missing_pdb,False
Q9AWZ8,,missing_pdb,False
Q9BQ69,/data/ranran/my_ptm/croton/data/structure_pipeline/pdb/Q9BQ69.pdb,exact_sequence_match,True
Q9BRA2,,missing_pdb,False
Q9BRF8,,missing_pdb,False
Q9BRJ2,/data/ranran/my_ptm/croton/data/structure_pipeline/pdb/Q9BRJ2.pdb,exact_sequence_match,True
Q9BRJ7,,missing_pdb,False
Q9BSH4,/data/ranran/my_ptm/croton/data/structure_pipeline/pdb/Q9BSH4.pdb,exact_sequence_match,True
Q9BSJ8,/data/ranran/my_ptm/croton/data/structure_pipeline/pdb/Q9BSJ8.pdb,exact_sequence_match,True
Q9BST9,,missing_pdb,False
Q9BT40,,missing_pdb,False
Q9BT78,/data/ranran/my_ptm/croton/data/structure_pipeline/pdb/Q9BT78.pdb,exact_sequence_match,True
Q9BTC0,/data/ranran/my_ptm/croton/data/structure_pipeline/pdb/Q9BTC0.pdb,exact_sequence_match,True
Q9BUJ2,/data/ranran/my_ptm/croton/data/structure_pipeline/pdb/Q9BUJ2.pdb,exact_sequence_match,True
Q9BUL8,/data/ranran/my_ptm/croton/data/structure_pipeline/pdb/Q9BUL8.pdb,exact_sequence_match,True
Q9BUP3,/data/ranran/my_ptm/croton/data/structure_pipeline/pdb/Q9BUP3.pdb,exact_sequence_match,True
Q9BUR5,,missing_pdb,False
Q9BV57,/data/ranran/my_ptm/croton/data/structure_pipeline/pdb/Q9BV57.pdb,exact_sequence_match,True
Q9BVG4,,missing_pdb,False
Q9BVK6,/data/ranran/my_ptm/croton/data/structure_pipeline/pdb/Q9BVK6.pdb,exact_sequence_match,True
Q9BVL4,,missing_pdb,False
Q9BW91,/data/ranran/my_ptm/croton/data/structure_pipeline/pdb/Q9BW91.pdb,exact_sequence_match,True
Q9BX68,,missing_pdb,False
Q9BX97,,missing_pdb,False
Q9BXJ9,/data/ranran/my_ptm/croton/data/structure_pipeline/pdb/Q9BXJ9.pdb,exact_sequence_match,True
Q9BXK5,,missing_pdb,False
Q9BXN1,,missing_pdb,False
Q9BXP5,/data/ranran/my_ptm/croton/data/structure_pipeline/pdb/Q9BXP5.pdb,exact_sequence_match,True
Q9BXW7,/data/ranran/my_ptm/croton/data/structure_pipeline/pdb/Q9BXW7.pdb,exact_sequence_match,True
Q9BY32,/data/ranran/my_ptm/croton/data/structure_pipeline/pdb/Q9BY32.pdb,exact_sequence_match,True
Q9BY77,/data/ranran/my_ptm/croton/data/structure_pipeline/pdb/Q9BY77.pdb,exact_sequence_match,True
Q9BYD2,/data/ranran/my_ptm/croton/data/structure_pipeline/pdb/Q9BYD2.pdb,exact_sequence_match,True
Q9BYN8,,missing_pdb,False
Q9BYP7,,missing_pdb,False
Q9BZF9,/data/ranran/my_ptm/croton/data/structure_pipeline/pdb/Q9BZF9.pdb,exact_sequence_match,True
Q9BZL4,,missing_pdb,False
Q9BZR8,,missing_pdb,False
Q9BZV1,/data/ranran/my_ptm/croton/data/structure_pipeline/pdb/Q9BZV1.pdb,exact_sequence_match,True
Q9CPU0,,missing_pdb,False
Q9CPW5,,missing_pdb,False
Q9CQ06,,missing_pdb,False
Q9CQ33,,missing_pdb,False
Q9CQC7,,missing_pdb,False
Q9CQF4,,missing_pdb,False
Q9CQF9,,missing_pdb,False
Q9CQH3,,missing_pdb,False
Q9CQJ8,,missing_pdb,False
Q9CQL4,,missing_pdb,False
Q9CQN7,,missing_pdb,False
Q9CQP0,,missing_pdb,False
Q9CQR4,,missing_pdb,False
Q9CQS8,,missing_pdb,False
Q9CQX8,,missing_pdb,False
Q9CQZ5,,missing_pdb,False
Q9CQZ6,,missing_pdb,False
Q9CR09,,missing_pdb,False
Q9CR24,,missing_pdb,False
Q9CR57,,missing_pdb,False
Q9CR68,,missing_pdb,False
Q9CRB3,,missing_pdb,False
Q9CRB8,,missing_pdb,False
Q9CW03,,missing_pdb,False
Q9CWB7,,missing_pdb,False
Q9CWK8,,missing_pdb,False
Q9CWS0,,missing_pdb,False
Q9CX33,,missing_pdb,False
Q9CXD6,,missing_pdb,False
Q9CXJ1,,missing_pdb,False
Q9CXJ4,,missing_pdb,False
Q9CYR0,,missing_pdb,False
Q9CZ42,,missing_pdb,False
Q9CZJ1,,missing_pdb,False
Q9CZL5,,missing_pdb,False
Q9D009,,missing_pdb,False
Q9D020,,missing_pdb,False
Q9D023,,missing_pdb,False
Q9D0B5,,missing_pdb,False
Q9D0D3,,missing_pdb,False
Q9D0F3,,missing_pdb,False
Q9D0M3,,missing_pdb,False
Q9D0M5,,missing_pdb,False
Q9D1B9,,missing_pdb,False
Q9D1G2,,missing_pdb,False
Q9D1H8,,missing_pdb,False
Q9D1I5,,missing_pdb,False
Q9D2D7,,missing_pdb,False
Q9D2R6,,missing_pdb,False
Q9D3R9,,missing_pdb,False
Q9D3V1,,missing_pdb,False
Q9D404,,missing_pdb,False
Q9D5A0,,missing_pdb,False
Q9D6K5,,missing_pdb,False
Q9D6Y7,,missing_pdb,False
Q9D826,,missing_pdb,False
Q9D868,,missing_pdb,False
Q9D8I4,,missing_pdb,False
Q9D8S4,,missing_pdb,False
Q9D8T7,,missing_pdb,False
Q9D8U3,,missing_pdb,False
Q9D958,,missing_pdb,False
Q9D9V3,,missing_pdb,False
Q9DAS9,,missing_pdb,False
Q9DB15,,missing_pdb,False
Q9DBB8,,missing_pdb,False
Q9DBG6,,missing_pdb,False
Q9DBH5,,missing_pdb,False
Q9DBK0,,missing_pdb,False
Q9DC70,,missing_pdb,False
Q9DC71,,missing_pdb,False
Q9DCF9,,missing_pdb,False
Q9DCN1,,missing_pdb,False
Q9DCP2,,missing_pdb,False
Q9DCS9,,missing_pdb,False
Q9DCU9,,missing_pdb,False
Q9DCV4,,missing_pdb,False
Q9EP89,,missing_pdb,False
Q9EPB5,,missing_pdb,False
Q9EQI8,,missing_pdb,False
Q9ERE3,,missing_pdb,False
Q9ERQ3,,missing_pdb,False
Q9ERS2,,missing_pdb,False
Q9ES21,,missing_pdb,False
Q9EST5,,missing_pdb,False
Q9EWF0,,missing_pdb,False
Q9EWG4,,missing_pdb,False
Q9EWT5,,missing_pdb,False
Q9EWW2,,missing_pdb,False
Q9EX42,,missing_pdb,False
Q9F2I9,,missing_pdb,False
Q9F2J0,,missing_pdb,False
Q9F2R8,,missing_pdb,False
Q9F2V2,,missing_pdb,False
Q9F314,,missing_pdb,False
Q9F316,,missing_pdb,False
Q9F325,,missing_pdb,False
Q9F3K0,,missing_pdb,False
Q9F3K5,,missing_pdb,False
Q9F3N0,,missing_pdb,False
Q9FBI9,,missing_pdb,False
Q9FBJ2,,missing_pdb,False
Q9FBK1,,missing_pdb,False
Q9FBL3,,missing_pdb,False
Q9FBL9,,missing_pdb,False
Q9FBR4,,missing_pdb,False
Q9FC43,,missing_pdb,False
Q9FCH0,,missing_pdb,False
Q9FCI9,,missing_pdb,False
Q9FP64,,missing_pdb,False
Q9FU80,,missing_pdb,False
Q9GZL7,/data/ranran/my_ptm/croton/data/structure_pipeline/pdb/Q9GZL7.pdb,exact_sequence_match,True
Q9GZM7,,missing_pdb,False
Q9GZP4,/data/ranran/my_ptm/croton/data/structure_pipeline/pdb/Q9GZP4.pdb,exact_sequence_match,True
Q9H061,,missing_pdb,False
Q9H0D6,/data/ranran/my_ptm/croton/data/structure_pipeline/pdb/Q9H0D6.pdb,exact_sequence_match,True
Q9H0R1,,missing_pdb,False
Q9H1E3,,missing_pdb,False
Q9H1K1,/data/ranran/my_ptm/croton/data/structure_pipeline/pdb/Q9H1K1.pdb,exact_sequence_match,True
Q9H2D6,,missing_pdb,False
Q9H2G2,/data/ranran/my_ptm/croton/data/structure_pipeline/pdb/Q9H2G2.pdb,exact_sequence_match,True
Q9H2P0,,missing_pdb,False
Q9H2U2,/data/ranran/my_ptm/croton/data/structure_pipeline/pdb/Q9H2U2.pdb,exact_sequence_match,True
Q9H444,/data/ranran/my_ptm/croton/data/structure_pipeline/pdb/Q9H444.pdb,exact_sequence_match,True
Q9H446,,missing_pdb,False
Q9H479,/data/ranran/my_ptm/croton/data/structure_pipeline/pdb/Q9H479.pdb,exact_sequence_match,True
Q9H4A6,/data/ranran/my_ptm/croton/data/structure_pipeline/pdb/Q9H4A6.pdb,exact_sequence_match,True
Q9H4B0,,missing_pdb,False
Q9H5Q4,/data/ranran/my_ptm/croton/data/structure_pipeline/pdb/Q9H5Q4.pdb,exact_sequence_match,True
Q9H6S3,/data/ranran/my_ptm/croton/data/structure_pipeline/pdb/Q9H6S3.pdb,exact_sequence_match,True
Q9H6V9,,missing_pdb,False
Q9H788,/data/ranran/my_ptm/croton/data/structure_pipeline/pdb/Q9H788.pdb,exact_sequence_match,True
Q9H7C9,,missing_pdb,False
Q9H7D0,/data/ranran/my_ptm/croton/data/structure_pipeline/pdb/Q9H7D0.pdb,exact_sequence_match,True
Q9H993,/data/ranran/my_ptm/croton/data/structure_pipeline/pdb/Q9H993.pdb,exact_sequence_match,True
Q9H9J2,,missing_pdb,False
Q9HBL0,,missing_pdb,False
Q9HBL7,/data/ranran/my_ptm/croton/data/structure_pipeline/pdb/Q9HBL7.pdb,exact_sequence_match,True
Q9HC07,/data/ranran/my_ptm/croton/data/structure_pipeline/pdb/Q9HC07.pdb,exact_sequence_match,True
Q9HC21,/data/ranran/my_ptm/croton/data/structure_pipeline/pdb/Q9HC21.pdb,exact_sequence_match,True
Q9HC35,/data/ranran/my_ptm/croton/data/structure_pipeline/pdb/Q9HC35.pdb,exact_sequence_match,True
Q9HC36,/data/ranran/my_ptm/croton/data/structure_pipeline/pdb/Q9HC36.pdb,exact_sequence_match,True
Q9HC38,/data/ranran/my_ptm/croton/data/structure_pipeline/pdb/Q9HC38.pdb,exact_sequence_match,True
Q9HCE6,,missing_pdb,False
Q9JHG7,,missing_pdb,False
Q9JHI7,,missing_pdb,False
Q9JI90,,missing_pdb,False
Q9JIY7,,missing_pdb,False
Q9JJL8,,missing_pdb,False
Q9JM04,,missing_pdb,False
Q9JMD3,,missing_pdb,False
Q9K3C2,,missing_pdb,False
Q9K3Q7,,missing_pdb,False
Q9K3R0,,missing_pdb,False
Q9K491,,missing_pdb,False
Q9K494,,missing_pdb,False
Q9K4C3,,missing_pdb,False
Q9K4D7,,missing_pdb,False
Q9K4F9,,missing_pdb,False
Q9K4M1,,missing_pdb,False
Q9KXJ9,,missing_pdb,False
Q9KXM1,,missing_pdb,False
Q9KXR8,,missing_pdb,False
Q9KXY3,,missing_pdb,False
Q9KY22,,missing_pdb,False
Q9KYP4,,missing_pdb,False
Q9KYR2,,missing_pdb,False
Q9KZ12,,missing_pdb,False
Q9KZ58,,missing_pdb,False
Q9KZH3,,missing_pdb,False
Q9KZL8,,missing_pdb,False
Q9KZN9,,missing_pdb,False
Q9KZP4,,missing_pdb,False
Q9KZQ4,,missing_pdb,False
Q9L071,,missing_pdb,False
Q9L0B8,,missing_pdb,False
Q9L0D4,,missing_pdb,False
Q9L0D8,,missing_pdb,False
Q9L0F0,,missing_pdb,False
Q9L0M7,,missing_pdb,False
Q9L0N5,,missing_pdb,False
Q9L0N7,,missing_pdb,False
Q9L0N8,,missing_pdb,False
Q9L0N9,,missing_pdb,False
Q9L0Q6,,missing_pdb,False
Q9L0R0,,missing_pdb,False
Q9L0T5,,missing_pdb,False
Q9L0T6,,missing_pdb,False
Q9L0X7,,missing_pdb,False
Q9L160,,missing_pdb,False
Q9L1H8,,missing_pdb,False
Q9L1I0,,missing_pdb,False
Q9L1I4,,missing_pdb,False
Q9L1U7,,missing_pdb,False
Q9L265,,missing_pdb,False
Q9L288,,missing_pdb,False
Q9L292,,missing_pdb,False
Q9L2B1,,missing_pdb,False
Q9L2B5,,missing_pdb,False
Q9L2H0,,missing_pdb,False
Q9L2J0,,missing_pdb,False
Q9L2L8,,missing_pdb,False
Q9L4P4,,missing_pdb,False
Q9LD54,,missing_pdb,False
Q9LWT6,,missing_pdb,False
Q9M4S8,,missing_pdb,False
Q9NPG3,,missing_pdb,False
Q9NQ66,,missing_pdb,False
Q9NQC3,/data/ranran/my_ptm/croton/data/structure_pipeline/pdb/Q9NQC3.pdb,exact_sequence_match,True
Q9NQH7,,missing_pdb,False
Q9NQP4,/data/ranran/my_ptm/croton/data/structure_pipeline/pdb/Q9NQP4.pdb,exact_sequence_match,True
Q9NQV6,,missing_pdb,False
Q9NR09,,missing_pdb,False
Q9NR30,/data/ranran/my_ptm/croton/data/structure_pipeline/pdb/Q9NR30.pdb,exact_sequence_match,True
Q9NRN7,/data/ranran/my_ptm/croton/data/structure_pipeline/pdb/Q9NRN7.pdb,exact_sequence_match,True
Q9NRV9,/data/ranran/my_ptm/croton/data/structure_pipeline/pdb/Q9NRV9.pdb,exact_sequence_match,True
Q9NRY5,,missing_pdb,False
Q9NRZ7,,missing_pdb,False
Q9NSD5,,missing_pdb,False
Q9NTI5,/data/ranran/my_ptm/croton/data/structure_pipeline/pdb/Q9NTI5.pdb,exact_sequence_match,True
Q9NTJ3,/data/ranran/my_ptm/croton/data/structure_pipeline/pdb/Q9NTJ3.pdb,exact_sequence_match,True
Q9NTK5,/data/ranran/my_ptm/croton/data/structure_pipeline/pdb/Q9NTK5.pdb,exact_sequence_match,True
Q9NUJ1,,missing_pdb,False
Q9NUQ6,,missing_pdb,False
Q9NUQ7,,missing_pdb,False
Q9NUV9,,missing_pdb,False
Q9NVH1,/data/ranran/my_ptm/croton/data/structure_pipeline/pdb/Q9NVH1.pdb,exact_sequence_match,True
Q9NW15,,missing_pdb,False
Q9NX14,,missing_pdb,False
Q9NX18,/data/ranran/my_ptm/croton/data/structure_pipeline/pdb/Q9NX18.pdb,exact_sequence_match,True
Q9NX40,/data/ranran/my_ptm/croton/data/structure_pipeline/pdb/Q9NX40.pdb,exact_sequence_match,True
Q9NX46,,missing_pdb,False
Q9NY27,/data/ranran/my_ptm/croton/data/structure_pipeline/pdb/Q9NY27.pdb,exact_sequence_match,True
Q9NYK5,/data/ranran/my_ptm/croton/data/structure_pipeline/pdb/Q9NYK5.pdb,exact_sequence_match,True
Q9NYL9,/data/ranran/my_ptm/croton/data/structure_pipeline/pdb/Q9NYL9.pdb,exact_sequence_match,True
Q9NYU2,/data/ranran/my_ptm/croton/data/structure_pipeline/pdb/Q9NYU2.pdb,exact_sequence_match,True
Q9NZJ7,,missing_pdb,False
Q9NZM1,/data/ranran/my_ptm/croton/data/structure_pipeline/pdb/Q9NZM1.pdb,exact_sequence_match,True
Q9NZM3,/data/ranran/my_ptm/croton/data/structure_pipeline/pdb/Q9NZM3.pdb,exact_sequence_match,True
Q9NZT2,,missing_pdb,False
Q9P0K7,/data/ranran/my_ptm/croton/data/structure_pipeline/pdb/Q9P0K7.pdb,exact_sequence_match,True
Q9P0L0,/data/ranran/my_ptm/croton/data/structure_pipeline/pdb/Q9P0L0.pdb,exact_sequence_match,True
Q9P258,/data/ranran/my_ptm/croton/data/structure_pipeline/pdb/Q9P258.pdb,exact_sequence_match,True
Q9P260,/data/ranran/my_ptm/croton/data/structure_pipeline/pdb/Q9P260.pdb,exact_sequence_match,True
Q9P265,,missing_pdb,False
Q9P2F9,,missing_pdb,False
Q9P2J5,/data/ranran/my_ptm/croton/data/structure_pipeline/pdb/Q9P2J5.pdb,exact_sequence_match,True
Q9P2R7,/data/ranran/my_ptm/croton/data/structure_pipeline/pdb/Q9P2R7.pdb,exact_sequence_match,True
Q9P4R4,,missing_pdb,False
Q9QUH0,,missing_pdb,False
Q9QXB9,,missing_pdb,False
Q9QXD1,,missing_pdb,False
Q9QXE0,,missing_pdb,False
Q9QXF8,,missing_pdb,False
Q9QXS1,,missing_pdb,False
Q9QZ47,,missing_pdb,False
Q9QZ82,,missing_pdb,False
Q9QZ85,,missing_pdb,False
Q9QZA0,,missing_pdb,False
Q9QZA2,,missing_pdb,False
Q9QZE5,,missing_pdb,False
Q9QZF2,,missing_pdb,False
Q9QZM2,,missing_pdb,False
Q9R078,,missing_pdb,False
Q9R0E1,,missing_pdb,False
Q9R112,,missing_pdb,False
Q9R1G6,,missing_pdb,False
Q9R1J0,,missing_pdb,False
Q9R408,,missing_pdb,False
Q9RDB3,,missing_pdb,False
Q9RDC3,,missing_pdb,False
Q9RDK4,,missing_pdb,False
Q9RDL5,,missing_pdb,False
Q9RI31,,missing_pdb,False
Q9RJ17,,missing_pdb,False
Q9RJ19,,missing_pdb,False
Q9RJ20,,missing_pdb,False
Q9RJ29,,missing_pdb,False
Q9RJ53,,missing_pdb,False
Q9RJ61,,missing_pdb,False
Q9RJ62,,missing_pdb,False
Q9RJ68,,missing_pdb,False
Q9RJ81,,missing_pdb,False
Q9RJB9,,missing_pdb,False
Q9RJX2,,missing_pdb,False
Q9RJY7,,missing_pdb,False
Q9RK12,,missing_pdb,False
Q9RKA6,,missing_pdb,False
Q9RKA9,,missing_pdb,False
Q9RKD6,,missing_pdb,False
Q9RKK7,,missing_pdb,False
Q9RKQ1,,missing_pdb,False
Q9RKQ2,,missing_pdb,False
Q9RKQ8,,missing_pdb,False
Q9RKR3,,missing_pdb,False
Q9RKR6,,missing_pdb,False
Q9RKU4,,missing_pdb,False
Q9RL27,,missing_pdb,False
Q9RR74,,missing_pdb,False
Q9RRA1,,missing_pdb,False
Q9RRA9,,missing_pdb,False
Q9RRB6,,missing_pdb,False
Q9RRM4,,missing_pdb,False
Q9RRV8,,missing_pdb,False
Q9RRX1,,missing_pdb,False
Q9RS17,,missing_pdb,False
Q9RS27,,missing_pdb,False
Q9RS52,,missing_pdb,False
Q9RS67,,missing_pdb,False
Q9RS90,,missing_pdb,False
Q9RSA0,,missing_pdb,False
Q9RSA6,,missing_pdb,False
Q9RSD6,,missing_pdb,False
Q9RSJ8,,missing_pdb,False
Q9RSK9,,missing_pdb,False
Q9RSL0,,missing_pdb,False
Q9RSL1,,missing_pdb,False
Q9RSL3,,missing_pdb,False
Q9RSL4,,missing_pdb,False
Q9RSM3,,missing_pdb,False
Q9RSP3,,missing_pdb,False
Q9RSQ4,,missing_pdb,False
Q9RSS9,,missing_pdb,False
Q9RSU0,,missing_pdb,False
Q9RSU1,,missing_pdb,False
Q9RSY6,,missing_pdb,False
Q9RSZ9,,missing_pdb,False
Q9RT11,,missing_pdb,False
Q9RT74,,missing_pdb,False
Q9RTE2,,missing_pdb,False
Q9RTG0,,missing_pdb,False
Q9RTG5,,missing_pdb,False
Q9RTG7,,missing_pdb,False
Q9RTH4,,missing_pdb,False
Q9RTH5,,missing_pdb,False
Q9RTM4,,missing_pdb,False
Q9RTP0,,missing_pdb,False
Q9RTV1,,missing_pdb,False
Q9RTY7,,missing_pdb,False
Q9RU24,,missing_pdb,False
Q9RU27,,missing_pdb,False
Q9RU30,,missing_pdb,False
Q9RU43,,missing_pdb,False
Q9RU54,,missing_pdb,False
Q9RU58,,missing_pdb,False
Q9RU69,,missing_pdb,False
Q9RUB1,,missing_pdb,False
Q9RUB7,,missing_pdb,False
Q9RUD0,,missing_pdb,False
Q9RUD6,,missing_pdb,False
Q9RUD9,,missing_pdb,False
Q9RUE8,,missing_pdb,False
Q9RUF3,,missing_pdb,False
Q9RUN7,,missing_pdb,False
Q9RUR8,,missing_pdb,False
Q9RUW8,,missing_pdb,False
Q9RUW9,,missing_pdb,False
Q9RUZ1,,missing_pdb,False
Q9RV30,,missing_pdb,False
Q9RV31,,missing_pdb,False
Q9RV58,,missing_pdb,False
Q9RV79,,missing_pdb,False
Q9RV83,,missing_pdb,False
Q9RVG7,,missing_pdb,False
Q9RVG8,,missing_pdb,False
Q9RVM6,,missing_pdb,False
Q9RVN6,,missing_pdb,False
Q9RVN8,,missing_pdb,False
Q9RVP5,,missing_pdb,False
Q9RVP6,,missing_pdb,False
Q9RVQ0,,missing_pdb,False
Q9RVQ3,,missing_pdb,False
Q9RVS1,,missing_pdb,False
Q9RVS2,,missing_pdb,False
Q9RVS8,,missing_pdb,False
Q9RVW0,,missing_pdb,False
Q9RVW4,,missing_pdb,False
Q9RVX2,,missing_pdb,False
Q9RVY3,,missing_pdb,False
Q9RW05,,missing_pdb,False
Q9RW23,,missing_pdb,False
Q9RW26,,missing_pdb,False
Q9RWB4,,missing_pdb,False
Q9RWF2,,missing_pdb,False
Q9RWG6,,missing_pdb,False
Q9RWI3,,missing_pdb,False
Q9RWL3,,missing_pdb,False
Q9RWN0,,missing_pdb,False
Q9RWN6,,missing_pdb,False
Q9RWU0,,missing_pdb,False
Q9RWV4,,missing_pdb,False
Q9RX10,,missing_pdb,False
Q9RX68,,missing_pdb,False
Q9RX76,,missing_pdb,False
Q9RX81,,missing_pdb,False
Q9RX88,,missing_pdb,False
Q9RXD5,,missing_pdb,False
Q9RXE1,,missing_pdb,False
Q9RXF0,,missing_pdb,False
Q9RXG4,,missing_pdb,False
Q9RXJ2,,missing_pdb,False
Q9RXJ3,,missing_pdb,False
Q9RXJ7,,missing_pdb,False
Q9RXJ8,,missing_pdb,False
Q9RXK1,,missing_pdb,False
Q9RXK3,,missing_pdb,False
Q9RXK7,,missing_pdb,False
Q9RXL9,,missing_pdb,False
Q9RXP1,,missing_pdb,False
Q9RXP4,,missing_pdb,False
Q9RXQ2,,missing_pdb,False
Q9RXR4,,missing_pdb,False
Q9RXS7,,missing_pdb,False
Q9RXV8,,missing_pdb,False
Q9RXY0,,missing_pdb,False
Q9RXY1,,missing_pdb,False
Q9RXY7,,missing_pdb,False
Q9RY24,,missing_pdb,False
Q9RY38,,missing_pdb,False
Q9RY50,,missing_pdb,False
Q9RY51,,missing_pdb,False
Q9RY80,,missing_pdb,False
Q9RY86,,missing_pdb,False
Q9RYA9,,missing_pdb,False
Q9RYB8,,missing_pdb,False
Q9RYE4,,missing_pdb,False
Q9RYE8,,missing_pdb,False
Q9RYF4,,missing_pdb,False
Q9RYI1,,missing_pdb,False
Q9RYL0,,missing_pdb,False
Q9RYL3,,missing_pdb,False
Q9RYM8,,missing_pdb,False
Q9RYM9,,missing_pdb,False
Q9RYN6,,missing_pdb,False
Q9RYQ0,,missing_pdb,False
Q9RYS7,,missing_pdb,False
Q9RYZ6,,missing_pdb,False
Q9RZ34,,missing_pdb,False
Q9RZA6,,missing_pdb,False
Q9RZB0,,missing_pdb,False
Q9RZB2,,missing_pdb,False
Q9RZB3,,missing_pdb,False
Q9RZC7,,missing_pdb,False
Q9RZE3,,missing_pdb,False
Q9RZQ3,,missing_pdb,False
Q9RZU7,,missing_pdb,False
Q9RZV4,,missing_pdb,False
Q9S1R9,,missing_pdb,False
Q9S232,,missing_pdb,False
Q9S252,,missing_pdb,False
Q9S2J3,,missing_pdb,False
Q9S2J5,,missing_pdb,False
Q9S2K5,,missing_pdb,False
Q9S2P0,,missing_pdb,False
Q9S2S3,,missing_pdb,False
Q9S2U8,,missing_pdb,False
Q9S2V9,,missing_pdb,False
Q9S6U1,,missing_pdb,False
Q9SDJ2,,missing_pdb,False
Q9SLY8,,missing_pdb,False
Q9SMB1,,missing_pdb,False
Q9SNK3,,missing_pdb,False
Q9UBR2,/data/ranran/my_ptm/croton/data/structure_pipeline/pdb/Q9UBR2.pdb,exact_sequence_match,True
Q9UBT2,/data/ranran/my_ptm/croton/data/structure_pipeline/pdb/Q9UBT2.pdb,exact_sequence_match,True
Q9UBV8,,missing_pdb,False
Q9UEE9,/data/ranran/my_ptm/croton/data/structure_pipeline/pdb/Q9UEE9.pdb,exact_sequence_match,True
Q9UGI8,/data/ranran/my_ptm/croton/data/structure_pipeline/pdb/Q9UGI8.pdb,exact_sequence_match,True
Q9UGM6,/data/ranran/my_ptm/croton/data/structure_pipeline/pdb/Q9UGM6.pdb,exact_sequence_match,True
Q9UGP8,/data/ranran/my_ptm/croton/data/structure_pipeline/pdb/Q9UGP8.pdb,exact_sequence_match,True
Q9UHB6,/data/ranran/my_ptm/croton/data/structure_pipeline/pdb/Q9UHB6.pdb,exact_sequence_match,True
Q9UHB9,/data/ranran/my_ptm/croton/data/structure_pipeline/pdb/Q9UHB9.pdb,exact_sequence_match,True
Q9UHD1,/data/ranran/my_ptm/croton/data/structure_pipeline/pdb/Q9UHD1.pdb,exact_sequence_match,True
Q9UHI5,,missing_pdb,False
Q9UHN6,,missing_pdb,False
Q9UI08,,missing_pdb,False
Q9UIC8,,missing_pdb,False
Q9UIJ7,,missing_pdb,False
Q9UJ70,,missing_pdb,False
Q9UJC3,/data/ranran/my_ptm/croton/data/structure_pipeline/pdb/Q9UJC3.pdb,exact_sequence_match,True
Q9UKK9,/data/ranran/my_ptm/croton/data/structure_pipeline/pdb/Q9UKK9.pdb,exact_sequence_match,True
Q9UKV3,/data/ranran/my_ptm/croton/data/structure_pipeline/pdb/Q9UKV3.pdb,exact_sequence_match,True
Q9UKV8,,missing_pdb,False
Q9UKY0,,missing_pdb,False
Q9ULG6,/data/ranran/my_ptm/croton/data/structure_pipeline/pdb/Q9ULG6.pdb,exact_sequence_match,True
Q9ULV0,,missing_pdb,False
Q9ULV4,,missing_pdb,False
Q9ULW0,/data/ranran/my_ptm/croton/data/structure_pipeline/pdb/Q9ULW0.pdb,exact_sequence_match,True
Q9UM54,,missing_pdb,False
Q9UMS6,,missing_pdb,False
Q9UMX0,,missing_pdb,False
Q9UNH7,/data/ranran/my_ptm/croton/data/structure_pipeline/pdb/Q9UNH7.pdb,exact_sequence_match,True
Q9UNZ2,/data/ranran/my_ptm/croton/data/structure_pipeline/pdb/Q9UNZ2.pdb,exact_sequence_match,True
Q9UPQ0,/data/ranran/my_ptm/croton/data/structure_pipeline/pdb/Q9UPQ0.pdb,exact_sequence_match,True
Q9UPQ8,,missing_pdb,False
Q9UPT5,/data/ranran/my_ptm/croton/data/structure_pipeline/pdb/Q9UPT5.pdb,exact_sequence_match,True
Q9UPU7,,missing_pdb,False
Q9UQ16,,missing_pdb,False
Q9WTT6,,missing_pdb,False
Q9WU79,,missing_pdb,False
Q9WUP7,,missing_pdb,False
Q9WVA2,,missing_pdb,False
Q9WVD5,,missing_pdb,False
Q9WX14,,missing_pdb,False
Q9X7P9,,missing_pdb,False
Q9X813,,missing_pdb,False
Q9X832,,missing_pdb,False
Q9X878,,missing_pdb,False
Q9X8I7,,missing_pdb,False
Q9X8R4,,missing_pdb,False
Q9X8R7,,missing_pdb,False
Q9X8S6,,missing_pdb,False
Q9X8T2,,missing_pdb,False
Q9X8T5,,missing_pdb,False
Q9X909,,missing_pdb,False
Q9X912,,missing_pdb,False
Q9X929,,missing_pdb,False
Q9X9W9,,missing_pdb,False
Q9XA05,,missing_pdb,False
Q9XA16,,missing_pdb,False
Q9XA29,,missing_pdb,False
Q9XAA9,,missing_pdb,False
Q9XAD4,,missing_pdb,False
Q9XAG9,,missing_pdb,False
Q9XAH1,,missing_pdb,False
Q9XAI7,,missing_pdb,False
Q9XAJ5,,missing_pdb,False
Q9XAR0,,missing_pdb,False
Q9XAR5,,missing_pdb,False
Q9Y262,/data/ranran/my_ptm/croton/data/structure_pipeline/pdb/Q9Y262.pdb,exact_sequence_match,True
Q9Y282,/data/ranran/my_ptm/croton/data/structure_pipeline/pdb/Q9Y282.pdb,exact_sequence_match,True
Q9Y2A7,/data/ranran/my_ptm/croton/data/structure_pipeline/pdb/Q9Y2A7.pdb,exact_sequence_match,True
Q9Y2B0,/data/ranran/my_ptm/croton/data/structure_pipeline/pdb/Q9Y2B0.pdb,exact_sequence_match,True
Q9Y2H5,,missing_pdb,False
Q9Y2J2,/data/ranran/my_ptm/croton/data/structure_pipeline/pdb/Q9Y2J2.pdb,exact_sequence_match,True
Q9Y2R9,/data/ranran/my_ptm/croton/data/structure_pipeline/pdb/Q9Y2R9.pdb,exact_sequence_match,True
Q9Y2W1,/data/ranran/my_ptm/croton/data/structure_pipeline/pdb/Q9Y2W1.pdb,exact_sequence_match,True
Q9Y2Z0,/data/ranran/my_ptm/croton/data/structure_pipeline/pdb/Q9Y2Z0.pdb,exact_sequence_match,True
Q9Y315,,missing_pdb,False
Q9Y375,/data/ranran/my_ptm/croton/data/structure_pipeline/pdb/Q9Y375.pdb,exact_sequence_match,True
Q9Y394,/data/ranran/my_ptm/croton/data/structure_pipeline/pdb/Q9Y394.pdb,exact_sequence_match,True
Q9Y3A5,/data/ranran/my_ptm/croton/data/structure_pipeline/pdb/Q9Y3A5.pdb,exact_sequence_match,True
Q9Y3D9,/data/ranran/my_ptm/croton/data/structure_pipeline/pdb/Q9Y3D9.pdb,exact_sequence_match,True
Q9Y3L3,,missing_pdb,False
Q9Y485,,missing_pdb,False
Q9Y4G6,/data/ranran/my_ptm/croton/data/structure_pipeline/pdb/Q9Y4G6.pdb,exact_sequence_match,True
Q9Y4P3,/data/ranran/my_ptm/croton/data/structure_pipeline/pdb/Q9Y4P3.pdb,exact_sequence_match,True
Q9Y512,/data/ranran/my_ptm/croton/data/structure_pipeline/pdb/Q9Y512.pdb,exact_sequence_match,True
Q9Y530,,missing_pdb,False
Q9Y5J7,,missing_pdb,False
Q9Y5K6,/data/ranran/my_ptm/croton/data/structure_pipeline/pdb/Q9Y5K6.pdb,exact_sequence_match,True
Q9Y5S2,,missing_pdb,False
Q9Y666,,missing_pdb,False
Q9Y676,/data/ranran/my_ptm/croton/data/structure_pipeline/pdb/Q9Y676.pdb,exact_sequence_match,True
Q9Y696,/data/ranran/my_ptm/croton/data/structure_pipeline/pdb/Q9Y696.pdb,exact_sequence_match,True
Q9Y6C9,/data/ranran/my_ptm/croton/data/structure_pipeline/pdb/Q9Y6C9.pdb,exact_sequence_match,True
Q9Y6D9,/data/ranran/my_ptm/croton/data/structure_pipeline/pdb/Q9Y6D9.pdb,exact_sequence_match,True
Q9Y6F6,,missing_pdb,False
Q9Y6G9,/data/ranran/my_ptm/croton/data/structure_pipeline/pdb/Q9Y6G9.pdb,exact_sequence_match,True
Q9Y6X5,,missing_pdb,False
Q9Y6Y8,/data/ranran/my_ptm/croton/data/structure_pipeline/pdb/Q9Y6Y8.pdb,exact_sequence_match,True
Q9Z0F7,,missing_pdb,False
Q9Z0J0,,missing_pdb,False
Q9Z0S1,,missing_pdb,False
Q9Z1J3,,missing_pdb,False
Q9Z1T1,,missing_pdb,False
Q9Z204,,missing_pdb,False
Q9Z210,,missing_pdb,False
Q9Z2E1,,missing_pdb,False
Q9Z2Q5,,missing_pdb,False
Q9Z3G6,,missing_pdb,False
Q9Z4Y2,,missing_pdb,False
Q9Z527,,missing_pdb,False
Q9Z560,,missing_pdb,False
Q9Z580,,missing_pdb,False
Q9ZBG2,,missing_pdb,False
Q9ZBJ0,,missing_pdb,False
Q9ZBK1,,missing_pdb,False
Q9ZBK3,,missing_pdb,False
Q9ZBS4,,missing_pdb,False
Q9ZBS6,,missing_pdb,False
Q9ZBY5,,missing_pdb,False
Q9ZBY8,,missing_pdb,False
Q9ZC07,,missing_pdb,False
Q9ZNA2,,missing_pdb,False
R4GE02,,missing_pdb,False
U3JB30,,missing_pdb,False
X1WDD8,,missing_pdb,False
X1WGM1,,missing_pdb,False
