protein,pdb_path,reason,valid
A0A087WSX0,,missing_pdb,False
A0A0B4J280,,missing_pdb,False
A0A0J9YX57,,missing_pdb,False
A0A0U1RQV1,,missing_pdb,False
A0AUZ9,,missing_pdb,False
A0FGR8,/data/ranran/my_ptm/croton/data/structure_pipeline/pdb/A0FGR8.pdb,exact_sequence_match,True
A0JNW5,,missing_pdb,False
A0JP26,,missing_pdb,False
A0MZ66,/data/ranran/my_ptm/croton/data/structure_pipeline/pdb/A0MZ66.pdb,exact_sequence_match,True
A1IGU5,,missing_pdb,False
A2A2Z9,,missing_pdb,False
A2A3L6,,missing_pdb,False
A2CJ06,,missing_pdb,False
A2RTY3,,missing_pdb,False
A2RUB1,,missing_pdb,False
A2RUR9,,missing_pdb,False
A2RUU4,,missing_pdb,False
A3KMH1,/data/ranran/my_ptm/croton/data/structure_pipeline/pdb/A3KMH1.pdb,exact_sequence_match,True
A4D2P6,,missing_pdb,False
A4FU49,,missing_pdb,False
A4UGR9,,missing_pdb,False
A5D8W1,,missing_pdb,False
A5PKW4,,missing_pdb,False
A5PLN7,,missing_pdb,False
A6H8Y1,,missing_pdb,False
A6H8Z2,,missing_pdb,False
A6NC86,,missing_pdb,False
A6NC97,,missing_pdb,False
A6NCI4,/data/ranran/my_ptm/croton/data/structure_pipeline/pdb/A6NCI4.pdb,exact_sequence_match,True
A6NDG6,/data/ranran/my_ptm/croton/data/structure_pipeline/pdb/A6NDG6.pdb,exact_sequence_match,True
A6NE02,,missing_pdb,False
A6NFE3,,missing_pdb,False
A6NFQ2,,missing_pdb,False
A6NG13,,missing_pdb,False
A6NGG8,,missing_pdb,False
A6NHS7,,missing_pdb,False
A6NHT5,,missing_pdb,False
A6NHZ5,,missing_pdb,False
A6NJ46,,missing_pdb,False
A6NJ64,,missing_pdb,False
A6NLX3,,missing_pdb,False
A6NMK8,,missing_pdb,False
A6PVC2,,missing_pdb,False
A7E2U8,,missing_pdb,False
A7E2V4,,missing_pdb,False
A7MBM2,,missing_pdb,False
A7MCY6,,missing_pdb,False
A8K7I4,,missing_pdb,False
A8K855,,missing_pdb,False
A8MPS7,,missing_pdb,False
A8MU46,,missing_pdb,False
A8MVM7,,missing_pdb,False
A8MWD9,/data/ranran/my_ptm/croton/data/structure_pipeline/pdb/A8MWD9.pdb,exact_sequence_match,True
A8MXQ7,,missing_pdb,False
A8MY62,,missing_pdb,False
A8MZ26,,missing_pdb,False
A8TX70,,missing_pdb,False
B1AJZ9,,missing_pdb,False
B2RC85,,missing_pdb,False
B2RNN3,,missing_pdb,False
B2RTY4,,missing_pdb,False
B9A064,,missing_pdb,False
H3BNC9,,missing_pdb,False
J4T709,,missing_pdb,False
J4T902,,missing_pdb,False
J4TF41,,missing_pdb,False
J5MGJ8,,missing_pdb,False
J5PXD2,,missing_pdb,False
J5Q4T5,,missing_pdb,False
J5QG44,,missing_pdb,False
J6DIX5,,missing_pdb,False
J6DJN1,,missing_pdb,False
J6DNX5,,missing_pdb,False
J6DPM5,,missing_pdb,False
J6DQV0,,missing_pdb,False
J6DWV6,,missing_pdb,False
J6DXQ9,,missing_pdb,False
N6TUJ6,,missing_pdb,False
N6TVH5,,missing_pdb,False
N6U3Y8,,missing_pdb,False
N6U7K3,,missing_pdb,False
N6UCF6,,missing_pdb,False
N6UEK4,,missing_pdb,False
N6UWD1,,missing_pdb,False
N6V0Z9,,missing_pdb,False
O00141,,missing_pdb,False
O00220,/data/ranran/my_ptm/croton/data/structure_pipeline/pdb/O00220.pdb,exact_sequence_match,True
O00238,,missing_pdb,False
O00257,,missing_pdb,False
O00267,/data/ranran/my_ptm/croton/data/structure_pipeline/pdb/O00267.pdb,exact_sequence_match,True
O00370,,missing_pdb,False
O00391,,missing_pdb,False
O00408,,missing_pdb,False
O00421,,missing_pdb,False
O00444,,missing_pdb,False
O00471,/data/ranran/my_ptm/croton/data/structure_pipeline/pdb/O00471.pdb,exact_sequence_match,True
O00478,,missing_pdb,False
O00487,/data/ranran/my_ptm/croton/data/structure_pipeline/pdb/O00487.pdb,exact_sequence_match,True
O00499,/data/ranran/my_ptm/croton/data/structure_pipeline/pdb/O00499.pdb,exact_sequence_match,True
O00505,,missing_pdb,False
O00506,,missing_pdb,False
O00512,,missing_pdb,False
O00515,,missing_pdb,False
O00522,,missing_pdb,False
O00566,/data/ranran/my_ptm/croton/data/structure_pipeline/pdb/O00566.pdb,exact_sequence_match,True
O00567,/data/ranran/my_ptm/croton/data/structure_pipeline/pdb/O00567.pdb,exact_sequence_match,True
O00592,/data/ranran/my_ptm/croton/data/structure_pipeline/pdb/O00592.pdb,exact_sequence_match,True
O00743,,missing_pdb,False
O00750,,missing_pdb,False
O00754,,missing_pdb,False
O00757,,missing_pdb,False
O00763,/data/ranran/my_ptm/croton/data/structure_pipeline/pdb/O00763.pdb,exact_sequence_match,True
O14494,,missing_pdb,False
O14497,/data/ranran/my_ptm/croton/data/structure_pipeline/pdb/O14497.pdb,exact_sequence_match,True
O14498,,missing_pdb,False
O14511,,missing_pdb,False
O14524,,missing_pdb,False
O14578,,missing_pdb,False
O14639,/data/ranran/my_ptm/croton/data/structure_pipeline/pdb/O14639.pdb,exact_sequence_match,True
O14647,/data/ranran/my_ptm/croton/data/structure_pipeline/pdb/O14647.pdb,exact_sequence_match,True
O14709,,missing_pdb,False
O14733,,missing_pdb,False
O14775,,missing_pdb,False
O14776,/data/ranran/my_ptm/croton/data/structure_pipeline/pdb/O14776.pdb,exact_sequence_match,True
O14782,,missing_pdb,False
O14786,,missing_pdb,False
O14788,,missing_pdb,False
O14791,,missing_pdb,False
O14792,,missing_pdb,False
O14832,,missing_pdb,False
O14862,,missing_pdb,False
O14879,,missing_pdb,False
O14936,/data/ranran/my_ptm/croton/data/structure_pipeline/pdb/O14936.pdb,exact_sequence_match,True
O14974,/data/ranran/my_ptm/croton/data/structure_pipeline/pdb/O14974.pdb,exact_sequence_match,True
O14976,,missing_pdb,False
O14981,/data/ranran/my_ptm/croton/data/structure_pipeline/pdb/O14981.pdb,exact_sequence_match,True
O15013,,missing_pdb,False
O15015,,missing_pdb,False
O15020,/data/ranran/my_ptm/croton/data/structure_pipeline/pdb/O15020.pdb,exact_sequence_match,True
O15021,,missing_pdb,False
O15031,/data/ranran/my_ptm/croton/data/structure_pipeline/pdb/O15031.pdb,exact_sequence_match,True
O15034,,missing_pdb,False
O15042,/data/ranran/my_ptm/croton/data/structure_pipeline/pdb/O15042.pdb,exact_sequence_match,True
O15061,/data/ranran/my_ptm/croton/data/structure_pipeline/pdb/O15061.pdb;/data/ranran/my_ptm/croton/data/structure_pipeline/pdb/AF-O15061-F1-model_v6.pdb,sequence_mismatch,False
O15068,,missing_pdb,False
O15078,/data/ranran/my_ptm/croton/data/structure_pipeline/pdb/O15078.pdb,exact_sequence_match,True
O15090,,missing_pdb,False
O15105,,missing_pdb,False
O15145,/data/ranran/my_ptm/croton/data/structure_pipeline/pdb/O15145.pdb,exact_sequence_match,True
O15160,/data/ranran/my_ptm/croton/data/structure_pipeline/pdb/O15160.pdb,exact_sequence_match,True
O15164,,missing_pdb,False
O15205,,missing_pdb,False
O15211,,missing_pdb,False
O15213,/data/ranran/my_ptm/croton/data/structure_pipeline/pdb/O15213.pdb,exact_sequence_match,True
O15228,,missing_pdb,False
O15229,,missing_pdb,False
O15265,,missing_pdb,False
O15294,/data/ranran/my_ptm/croton/data/structure_pipeline/pdb/O15294.pdb,exact_sequence_match,True
O15327,,missing_pdb,False
O15353,,missing_pdb,False
O15381,,missing_pdb,False
O15403,,missing_pdb,False
O15409,,missing_pdb,False
O15457,,missing_pdb,False
O15484,,missing_pdb,False
O15492,,missing_pdb,False
O15498,/data/ranran/my_ptm/croton/data/structure_pipeline/pdb/O15498.pdb,exact_sequence_match,True
O15544,,missing_pdb,False
O43147,,missing_pdb,False
O43148,/data/ranran/my_ptm/croton/data/structure_pipeline/pdb/O43148.pdb,exact_sequence_match,True
O43151,,missing_pdb,False
O43166,,missing_pdb,False
O43184,,missing_pdb,False
O43255,,missing_pdb,False
O43290,/data/ranran/my_ptm/croton/data/structure_pipeline/pdb/O43290.pdb,exact_sequence_match,True
O43295,,missing_pdb,False
O43299,,missing_pdb,False
O43307,,missing_pdb,False
O43312,,missing_pdb,False
O43325,,missing_pdb,False
O43345,/data/ranran/my_ptm/croton/data/structure_pipeline/pdb/O43345.pdb,exact_sequence_match,True
O43374,,missing_pdb,False
O43390,/data/ranran/my_ptm/croton/data/structure_pipeline/pdb/O43390.pdb,exact_sequence_match,True
O43395,/data/ranran/my_ptm/croton/data/structure_pipeline/pdb/O43395.pdb,exact_sequence_match,True
O43423,,missing_pdb,False
O43432,,missing_pdb,False
O43451,,missing_pdb,False
O43462,,missing_pdb,False
O43491,/data/ranran/my_ptm/croton/data/structure_pipeline/pdb/O43491.pdb,exact_sequence_match,True
O43505,/data/ranran/my_ptm/croton/data/structure_pipeline/pdb/O43505.pdb,exact_sequence_match,True
O43602,,missing_pdb,False
O43639,,missing_pdb,False
O43707,/data/ranran/my_ptm/croton/data/structure_pipeline/pdb/O43707.pdb,exact_sequence_match,True
O43719,/data/ranran/my_ptm/croton/data/structure_pipeline/pdb/O43719.pdb,exact_sequence_match,True
O43731,,missing_pdb,False
O43752,/data/ranran/my_ptm/croton/data/structure_pipeline/pdb/O43752.pdb,exact_sequence_match,True
O43765,/data/ranran/my_ptm/croton/data/structure_pipeline/pdb/O43765.pdb,exact_sequence_match,True
O43781,,missing_pdb,False
O43790,,missing_pdb,False
O43823,/data/ranran/my_ptm/croton/data/structure_pipeline/pdb/O43823.pdb,exact_sequence_match,True
O43829,,missing_pdb,False
O43854,,missing_pdb,False
O43897,,missing_pdb,False
O43900,,missing_pdb,False
O43927,,missing_pdb,False
O60220,,missing_pdb,False
O60238,,missing_pdb,False
O60266,,missing_pdb,False
O60271,/data/ranran/my_ptm/croton/data/structure_pipeline/pdb/O60271.pdb,exact_sequence_match,True
O60279,,missing_pdb,False
O60281,,missing_pdb,False
O60293,/data/ranran/my_ptm/croton/data/structure_pipeline/pdb/O60293.pdb,exact_sequence_match,True
O60303,,missing_pdb,False
O60306,/data/ranran/my_ptm/croton/data/structure_pipeline/pdb/O60306.pdb,exact_sequence_match,True
O60313,/data/ranran/my_ptm/croton/data/structure_pipeline/pdb/O60313.pdb,exact_sequence_match,True
O60331,,missing_pdb,False
O60333,/data/ranran/my_ptm/croton/data/structure_pipeline/pdb/O60333.pdb,exact_sequence_match,True
O60346,,missing_pdb,False
O60361,,missing_pdb,False
O60384,,missing_pdb,False
O60422,,missing_pdb,False
O60437,/data/ranran/my_ptm/croton/data/structure_pipeline/pdb/O60437.pdb,exact_sequence_match,True
O60443,/data/ranran/my_ptm/croton/data/structure_pipeline/pdb/O60443.pdb,exact_sequence_match,True
O60447,,missing_pdb,False
O60502,/data/ranran/my_ptm/croton/data/structure_pipeline/pdb/O60502.pdb,exact_sequence_match,True
O60518,/data/ranran/my_ptm/croton/data/structure_pipeline/pdb/O60518.pdb,exact_sequence_match,True
O60522,,missing_pdb,False
O60603,,missing_pdb,False
O60656,,missing_pdb,False
O60662,,missing_pdb,False
O60673,,missing_pdb,False
O60674,,missing_pdb,False
O60687,,missing_pdb,False
O60704,,missing_pdb,False
O60729,,missing_pdb,False
O60733,,missing_pdb,False
O60759,,missing_pdb,False
O60809,,missing_pdb,False
O60814,,missing_pdb,False
O60832,/data/ranran/my_ptm/croton/data/structure_pipeline/pdb/O60832.pdb,exact_sequence_match,True
O60844,,missing_pdb,False
O60870,/data/ranran/my_ptm/croton/data/structure_pipeline/pdb/O60870.pdb,exact_sequence_match,True
O75064,,missing_pdb,False
O75093,,missing_pdb,False
O75096,,missing_pdb,False
O75112,,missing_pdb,False
O75116,/data/ranran/my_ptm/croton/data/structure_pipeline/pdb/O75116.pdb,exact_sequence_match,True
O75132,,missing_pdb,False
O75140,,missing_pdb,False
O75152,/data/ranran/my_ptm/croton/data/structure_pipeline/pdb/O75152.pdb,exact_sequence_match,True
O75153,/data/ranran/my_ptm/croton/data/structure_pipeline/pdb/O75153.pdb,exact_sequence_match,True
O75159,,missing_pdb,False
O75164,,missing_pdb,False
O75165,/data/ranran/my_ptm/croton/data/structure_pipeline/pdb/O75165.pdb,exact_sequence_match,True
O75170,,missing_pdb,False
O75179,/data/ranran/my_ptm/croton/data/structure_pipeline/pdb/O75179.pdb,exact_sequence_match,True
O75182,,missing_pdb,False
O75326,,missing_pdb,False
O75334,/data/ranran/my_ptm/croton/data/structure_pipeline/pdb/O75334.pdb,exact_sequence_match,True
O75344,,missing_pdb,False
O75351,/data/ranran/my_ptm/croton/data/structure_pipeline/pdb/O75351.pdb,exact_sequence_match,True
O75352,,missing_pdb,False
O75362,,missing_pdb,False
O75363,,missing_pdb,False
O75368,/data/ranran/my_ptm/croton/data/structure_pipeline/pdb/O75368.pdb,exact_sequence_match,True
O75385,,missing_pdb,False
O75417,,missing_pdb,False
O75420,/data/ranran/my_ptm/croton/data/structure_pipeline/pdb/O75420.pdb,exact_sequence_match,True
O75426,,missing_pdb,False
O75449,,missing_pdb,False
O75469,,missing_pdb,False
O75477,/data/ranran/my_ptm/croton/data/structure_pipeline/pdb/O75477.pdb,exact_sequence_match,True
O75553,,missing_pdb,False
O75558,,missing_pdb,False
O75570,,missing_pdb,False
O75575,,missing_pdb,False
O75592,,missing_pdb,False
O75602,,missing_pdb,False
O75626,,missing_pdb,False
O75636,,missing_pdb,False
O75691,,missing_pdb,False
O75695,/data/ranran/my_ptm/croton/data/structure_pipeline/pdb/O75695.pdb,exact_sequence_match,True
O75815,,missing_pdb,False
O75828,,missing_pdb,False
O75882,,missing_pdb,False
O75884,,missing_pdb,False
O75899,,missing_pdb,False
O75909,,missing_pdb,False
O75923,,missing_pdb,False
O75943,,missing_pdb,False
O75962,,missing_pdb,False
O75964,/data/ranran/my_ptm/croton/data/structure_pipeline/pdb/O75964.pdb,exact_sequence_match,True
O75970,,missing_pdb,False
O75976,,missing_pdb,False
O76021,/data/ranran/my_ptm/croton/data/structure_pipeline/pdb/O76021.pdb,exact_sequence_match,True
O76031,,missing_pdb,False
O76038,,missing_pdb,False
O76039,,missing_pdb,False
O76041,,missing_pdb,False
O76064,,missing_pdb,False
O94769,,missing_pdb,False
O94782,,missing_pdb,False
O94788,,missing_pdb,False
O94808,,missing_pdb,False
O94812,,missing_pdb,False
O94822,/data/ranran/my_ptm/croton/data/structure_pipeline/pdb/O94822.pdb,exact_sequence_match,True
O94826,/data/ranran/my_ptm/croton/data/structure_pipeline/pdb/O94826.pdb,exact_sequence_match,True
O94868,,missing_pdb,False
O94874,/data/ranran/my_ptm/croton/data/structure_pipeline/pdb/O94874.pdb,exact_sequence_match,True
O94910,,missing_pdb,False
O94913,,missing_pdb,False
O94915,,missing_pdb,False
O94916,,missing_pdb,False
O94919,,missing_pdb,False
O94972,,missing_pdb,False
O94985,,missing_pdb,False
O95049,/data/ranran/my_ptm/croton/data/structure_pipeline/pdb/O95049.pdb,exact_sequence_match,True
O95155,/data/ranran/my_ptm/croton/data/structure_pipeline/pdb/O95155.pdb,exact_sequence_match,True
O95163,/data/ranran/my_ptm/croton/data/structure_pipeline/pdb/O95163.pdb,exact_sequence_match,True
O95171,,missing_pdb,False
O95197,/data/ranran/my_ptm/croton/data/structure_pipeline/pdb/O95197.pdb,exact_sequence_match,True
O95199,,missing_pdb,False
O95202,/data/ranran/my_ptm/croton/data/structure_pipeline/pdb/O95202.pdb,exact_sequence_match,True
O95238,,missing_pdb,False
O95239,,missing_pdb,False
O95267,/data/ranran/my_ptm/croton/data/structure_pipeline/pdb/O95267.pdb,exact_sequence_match,True
O95299,/data/ranran/my_ptm/croton/data/structure_pipeline/pdb/O95299.pdb,exact_sequence_match,True
O95302,,missing_pdb,False
O95340,,missing_pdb,False
O95347,/data/ranran/my_ptm/croton/data/structure_pipeline/pdb/O95347.pdb,exact_sequence_match,True
O95359,,missing_pdb,False
O95390,,missing_pdb,False
O95425,,missing_pdb,False
O95445,,missing_pdb,False
O95450,,missing_pdb,False
O95455,,missing_pdb,False
O95466,/data/ranran/my_ptm/croton/data/structure_pipeline/pdb/O95466.pdb,exact_sequence_match,True
O95478,/data/ranran/my_ptm/croton/data/structure_pipeline/pdb/O95478.pdb,exact_sequence_match,True
O95502,,missing_pdb,False
O95631,,missing_pdb,False
O95661,,missing_pdb,False
O95714,,missing_pdb,False
O95749,/data/ranran/my_ptm/croton/data/structure_pipeline/pdb/O95749.pdb,exact_sequence_match,True
O95754,,missing_pdb,False
O95785,,missing_pdb,False
O95789,,missing_pdb,False
O95810,,missing_pdb,False
O95835,,missing_pdb,False
O95847,,missing_pdb,False
O96001,,missing_pdb,False
O96005,/data/ranran/my_ptm/croton/data/structure_pipeline/pdb/O96005.pdb,exact_sequence_match,True
O96011,,missing_pdb,False
O96028,,missing_pdb,False
P00325,,missing_pdb,False
P00367,/data/ranran/my_ptm/croton/data/structure_pipeline/pdb/P00367.pdb,exact_sequence_match,True
P00441,/data/ranran/my_ptm/croton/data/structure_pipeline/pdb/P00441.pdb,exact_sequence_match,True
P00450,,missing_pdb,False
P00451,,missing_pdb,False
P00488,,missing_pdb,False
P00491,/data/ranran/my_ptm/croton/data/structure_pipeline/pdb/P00491.pdb,exact_sequence_match,True
P00533,/data/ranran/my_ptm/croton/data/structure_pipeline/pdb/P00533.pdb,exact_sequence_match,True
P00558,/data/ranran/my_ptm/croton/data/structure_pipeline/pdb/P00558.pdb,exact_sequence_match,True
P00698,,missing_pdb,False
P00734,,missing_pdb,False
P00736,,missing_pdb,False
P00738,,missing_pdb,False
P00742,,missing_pdb,False
P00747,,missing_pdb,False
P00748,,missing_pdb,False
P00751,,missing_pdb,False
P00915,,missing_pdb,False
P00966,/data/ranran/my_ptm/croton/data/structure_pipeline/pdb/P00966.pdb,exact_sequence_match,True
P01019,,missing_pdb,False
P01031,,missing_pdb,False
P01034,,missing_pdb,False
P01042,,missing_pdb,False
P01210,,missing_pdb,False
P01344,,missing_pdb,False
P01589,,missing_pdb,False
P01824,,missing_pdb,False
P01832,,missing_pdb,False
P01834,,missing_pdb,False
P01871,,missing_pdb,False
P01876,,missing_pdb,False
P02042,,missing_pdb,False
P02144,,missing_pdb,False
P02647,,missing_pdb,False
P02649,,missing_pdb,False
P02652,,missing_pdb,False
P02654,,missing_pdb,False
P02655,,missing_pdb,False
P02656,,missing_pdb,False
P02671,,missing_pdb,False
P02679,,missing_pdb,False
P02730,,missing_pdb,False
P02741,,missing_pdb,False
P02746,,missing_pdb,False
P02748,,missing_pdb,False
P02749,,missing_pdb,False
P02750,,missing_pdb,False
P02751,,missing_pdb,False
P02753,,missing_pdb,False
P02760,,missing_pdb,False
P02763,,missing_pdb,False
P02765,,missing_pdb,False
P02766,,missing_pdb,False
P02768,,missing_pdb,False
P02774,,missing_pdb,False
P02775,,missing_pdb,False
P02787,,missing_pdb,False
P02790,,missing_pdb,False
P02794,/data/ranran/my_ptm/croton/data/structure_pipeline/pdb/P02794.pdb,exact_sequence_match,True
P03372,,missing_pdb,False
P03952,,missing_pdb,False
P03973,,missing_pdb,False
P04003,,missing_pdb,False
P04004,,missing_pdb,False
P04040,/data/ranran/my_ptm/croton/data/structure_pipeline/pdb/P04040.pdb,exact_sequence_match,True
P04053,,missing_pdb,False
P04062,,missing_pdb,False
P04075,/data/ranran/my_ptm/croton/data/structure_pipeline/pdb/P04075.pdb,exact_sequence_match,True
P04083,,missing_pdb,False
P04085,,missing_pdb,False
P04114,,missing_pdb,False
P04180,,missing_pdb,False
P04181,/data/ranran/my_ptm/croton/data/structure_pipeline/pdb/P04181.pdb,exact_sequence_match,True
P04196,,missing_pdb,False
P04216,,missing_pdb,False
P04217,,missing_pdb,False
P04258,,missing_pdb,False
P04275,,missing_pdb,False
P04278,,missing_pdb,False
P04406,/data/ranran/my_ptm/croton/data/structure_pipeline/pdb/P04406.pdb,exact_sequence_match,True
P04424,,missing_pdb,False
P04632,/data/ranran/my_ptm/croton/data/structure_pipeline/pdb/P04632.pdb,exact_sequence_match,True
P04792,/data/ranran/my_ptm/croton/data/structure_pipeline/pdb/P04792.pdb,exact_sequence_match,True
P04920,/data/ranran/my_ptm/croton/data/structure_pipeline/pdb/P04920.pdb,exact_sequence_match,True
P05019,,missing_pdb,False
P05089,,missing_pdb,False
P05106,,missing_pdb,False
P05109,,missing_pdb,False
P05114,/data/ranran/my_ptm/croton/data/structure_pipeline/pdb/P05114.pdb,exact_sequence_match,True
P05121,,missing_pdb,False
P05155,,missing_pdb,False
P05156,,missing_pdb,False
P05160,,missing_pdb,False
P05165,,missing_pdb,False
P05166,,missing_pdb,False
P05452,,missing_pdb,False
P05546,,missing_pdb,False
P05771,,missing_pdb,False
P05997,,missing_pdb,False
P06400,,missing_pdb,False
P06401,,missing_pdb,False
P06702,,missing_pdb,False
P06727,,missing_pdb,False
P06733,/data/ranran/my_ptm/croton/data/structure_pipeline/pdb/P06733.pdb,exact_sequence_match,True
P06744,/data/ranran/my_ptm/croton/data/structure_pipeline/pdb/P06744.pdb,exact_sequence_match,True
P06753,/data/ranran/my_ptm/croton/data/structure_pipeline/pdb/P06753.pdb,exact_sequence_match,True
P06865,,missing_pdb,False
P07195,/data/ranran/my_ptm/croton/data/structure_pipeline/pdb/P07195.pdb,exact_sequence_match,True
P07196,,missing_pdb,False
P07197,,missing_pdb,False
P07225,,missing_pdb,False
P07306,,missing_pdb,False
P07358,,missing_pdb,False
P07359,,missing_pdb,False
P07360,,missing_pdb,False
P07492,,missing_pdb,False
P07585,,missing_pdb,False
P07737,/data/ranran/my_ptm/croton/data/structure_pipeline/pdb/P07737.pdb,exact_sequence_match,True
P07738,,missing_pdb,False
P07766,,missing_pdb,False
P07911,,missing_pdb,False
P07942,/data/ranran/my_ptm/croton/data/structure_pipeline/pdb/P07942.pdb,exact_sequence_match,True
P07954,/data/ranran/my_ptm/croton/data/structure_pipeline/pdb/P07954.pdb,exact_sequence_match,True
P07996,,missing_pdb,False
P07998,,missing_pdb,False
P08133,/data/ranran/my_ptm/croton/data/structure_pipeline/pdb/P08133.pdb,exact_sequence_match,True
P08172,,missing_pdb,False
P08174,/data/ranran/my_ptm/croton/data/structure_pipeline/pdb/P08174.pdb,exact_sequence_match,True
P08183,/data/ranran/my_ptm/croton/data/structure_pipeline/pdb/P08183.pdb,exact_sequence_match,True
P08294,,missing_pdb,False
P08567,,missing_pdb,False
P08571,,missing_pdb,False
P08572,,missing_pdb,False
P08575,,missing_pdb,False
P08603,,missing_pdb,False
P08637,,missing_pdb,False
P08651,/data/ranran/my_ptm/croton/data/structure_pipeline/pdb/P08651.pdb,exact_sequence_match,True
P08670,,missing_pdb,False
P08697,,missing_pdb,False
P08708,/data/ranran/my_ptm/croton/data/structure_pipeline/pdb/P08708.pdb,exact_sequence_match,True
P08F94,,missing_pdb,False
P09172,,missing_pdb,False
P09326,,missing_pdb,False
P09327,,missing_pdb,False
P09543,/data/ranran/my_ptm/croton/data/structure_pipeline/pdb/P09543.pdb,exact_sequence_match,True
P09601,,missing_pdb,False
P09630,,missing_pdb,False
P09960,/data/ranran/my_ptm/croton/data/structure_pipeline/pdb/P09960.pdb,exact_sequence_match,True
P0C0L4,,missing_pdb,False
P0C671,,missing_pdb,False
P0C7I0,,missing_pdb,False
P0C7I6,,missing_pdb,False
P0C7P3,,missing_pdb,False
P0CG38,,missing_pdb,False
P0CG41,,missing_pdb,False
P0CG47,,missing_pdb,False
P0CJ78,,missing_pdb,False
P0CW24,,missing_pdb,False
P0DJD0,,missing_pdb,False
P0DKB6,,missing_pdb,False
P0DN79,,missing_pdb,False
P0DPB6,/data/ranran/my_ptm/croton/data/structure_pipeline/pdb/P0DPB6.pdb,exact_sequence_match,True
P10523,,missing_pdb,False
P10599,,missing_pdb,False
P10636,,missing_pdb,False
P10644,/data/ranran/my_ptm/croton/data/structure_pipeline/pdb/P10644.pdb,exact_sequence_match,True
P10645,,missing_pdb,False
P10768,/data/ranran/my_ptm/croton/data/structure_pipeline/pdb/P10768.pdb,exact_sequence_match,True
P10909,/data/ranran/my_ptm/croton/data/structure_pipeline/pdb/P10909.pdb,exact_sequence_match,True
P10911,,missing_pdb,False
P11021,,missing_pdb,False
P11047,/data/ranran/my_ptm/croton/data/structure_pipeline/pdb/P11047.pdb,exact_sequence_match,True
P11137,,missing_pdb,False
P11172,/data/ranran/my_ptm/croton/data/structure_pipeline/pdb/P11172.pdb,exact_sequence_match,True
P11182,,missing_pdb,False
P11216,,missing_pdb,False
P11274,,missing_pdb,False
P11310,/data/ranran/my_ptm/croton/data/structure_pipeline/pdb/P11310.pdb,exact_sequence_match,True
P11387,/data/ranran/my_ptm/croton/data/structure_pipeline/pdb/P11387.pdb,exact_sequence_match,True
P11388,,missing_pdb,False
P11413,/data/ranran/my_ptm/croton/data/structure_pipeline/pdb/P11413.pdb,exact_sequence_match,True
P11498,/data/ranran/my_ptm/croton/data/structure_pipeline/pdb/P11498.pdb,exact_sequence_match,True
P11532,,missing_pdb,False
P11597,,missing_pdb,False
P11684,,missing_pdb,False
P11717,/data/ranran/my_ptm/croton/data/structure_pipeline/pdb/P11717.pdb,exact_sequence_match,True
P11926,,missing_pdb,False
P11940,,missing_pdb,False
P12081,/data/ranran/my_ptm/croton/data/structure_pipeline/pdb/P12081.pdb,exact_sequence_match,True
P12107,/data/ranran/my_ptm/croton/data/structure_pipeline/pdb/P12107.pdb,exact_sequence_match,True
P12111,,missing_pdb,False
P12532,,missing_pdb,False
P12955,/data/ranran/my_ptm/croton/data/structure_pipeline/pdb/P12955.pdb,exact_sequence_match,True
P12956,/data/ranran/my_ptm/croton/data/structure_pipeline/pdb/P12956.pdb,exact_sequence_match,True
P13191,,missing_pdb,False
P13473,,missing_pdb,False
P13611,,missing_pdb,False
P13639,/data/ranran/my_ptm/croton/data/structure_pipeline/pdb/P13639.pdb,exact_sequence_match,True
P13646,,missing_pdb,False
P13667,/data/ranran/my_ptm/croton/data/structure_pipeline/pdb/P13667.pdb,exact_sequence_match,True
P13671,,missing_pdb,False
P13716,,missing_pdb,False
P13798,,missing_pdb,False
P13987,/data/ranran/my_ptm/croton/data/structure_pipeline/pdb/P13987.pdb,exact_sequence_match,True
P14151,,missing_pdb,False
P14314,/data/ranran/my_ptm/croton/data/structure_pipeline/pdb/P14314.pdb,exact_sequence_match,True
P14415,,missing_pdb,False
P14550,/data/ranran/my_ptm/croton/data/structure_pipeline/pdb/P14550.pdb,exact_sequence_match,True
P14616,,missing_pdb,False
P14618,,missing_pdb,False
P14625,/data/ranran/my_ptm/croton/data/structure_pipeline/pdb/P14625.pdb,exact_sequence_match,True
P14868,/data/ranran/my_ptm/croton/data/structure_pipeline/pdb/P14868.pdb,exact_sequence_match,True
P15151,,missing_pdb,False
P15153,,missing_pdb,False
P15169,,missing_pdb,False
P15311,/data/ranran/my_ptm/croton/data/structure_pipeline/pdb/P15311.pdb,exact_sequence_match,True
P15538,,missing_pdb,False
P15735,/data/ranran/my_ptm/croton/data/structure_pipeline/pdb/P15735.pdb,exact_sequence_match,True
P15822,,missing_pdb,False
P16035,,missing_pdb,False
P16070,/data/ranran/my_ptm/croton/data/structure_pipeline/pdb/P16070.pdb,exact_sequence_match,True
P16157,,missing_pdb,False
P16234,,missing_pdb,False
P16260,,missing_pdb,False
P16401,/data/ranran/my_ptm/croton/data/structure_pipeline/pdb/P16401.pdb,exact_sequence_match,True
P16435,/data/ranran/my_ptm/croton/data/structure_pipeline/pdb/P16435.pdb,exact_sequence_match,True
P16452,,missing_pdb,False
P16930,,missing_pdb,False
P17022,,missing_pdb,False
P17213,,missing_pdb,False
P17600,,missing_pdb,False
P17612,/data/ranran/my_ptm/croton/data/structure_pipeline/pdb/P17612.pdb,exact_sequence_match,True
P17643,,missing_pdb,False
P17735,,missing_pdb,False
P17900,,missing_pdb,False
P17927,,missing_pdb,False
P17936,,missing_pdb,False
P17947,,missing_pdb,False
P18206,/data/ranran/my_ptm/croton/data/structure_pipeline/pdb/P18206.pdb,exact_sequence_match,True
P18433,,missing_pdb,False
P18510,,missing_pdb,False
P18577,,missing_pdb,False
P18754,/data/ranran/my_ptm/croton/data/structure_pipeline/pdb/P18754.pdb,exact_sequence_match,True
P18850,,missing_pdb,False
P19021,,missing_pdb,False
P19174,/data/ranran/my_ptm/croton/data/structure_pipeline/pdb/P19174.pdb,exact_sequence_match,True
P19256,,missing_pdb,False
P19320,,missing_pdb,False
P19634,,missing_pdb,False
P19823,,missing_pdb,False
P20073,,missing_pdb,False
P20592,,missing_pdb,False
P20594,,missing_pdb,False
P20618,/data/ranran/my_ptm/croton/data/structure_pipeline/pdb/P20618.pdb,exact_sequence_match,True
P20742,,missing_pdb,False
P20807,,missing_pdb,False
P20827,,missing_pdb,False
P20839,,missing_pdb,False
P20851,,missing_pdb,False
P20929,,missing_pdb,False
P20930,,missing_pdb,False
P21359,,missing_pdb,False
P21397,,missing_pdb,False
P21781,,missing_pdb,False
P21802,,missing_pdb,False
P21817,,missing_pdb,False
P21941,,missing_pdb,False
P22003,,missing_pdb,False
P22059,/data/ranran/my_ptm/croton/data/structure_pipeline/pdb/P22059.pdb,exact_sequence_match,True
P22061,,missing_pdb,False
P22105,,missing_pdb,False
P22234,/data/ranran/my_ptm/croton/data/structure_pipeline/pdb/P22234.pdb,exact_sequence_match,True
P22303,,missing_pdb,False
P22314,/data/ranran/my_ptm/croton/data/structure_pipeline/pdb/P22314.pdb,exact_sequence_match,True
P22352,,missing_pdb,False
P22695,/data/ranran/my_ptm/croton/data/structure_pipeline/pdb/P22695.pdb,exact_sequence_match,True
P22792,,missing_pdb,False
P22888,,missing_pdb,False
P22897,,missing_pdb,False
P23025,,missing_pdb,False
P23193,/data/ranran/my_ptm/croton/data/structure_pipeline/pdb/P23193.pdb,exact_sequence_match,True
P23276,,missing_pdb,False
P23284,,missing_pdb,False
P23468,,missing_pdb,False
P23470,,missing_pdb,False
P23526,,missing_pdb,False
P23528,/data/ranran/my_ptm/croton/data/structure_pipeline/pdb/P23528.pdb,exact_sequence_match,True
P23634,,missing_pdb,False
P23942,,missing_pdb,False
P24071,,missing_pdb,False
P24462,,missing_pdb,False
P24752,/data/ranran/my_ptm/croton/data/structure_pipeline/pdb/P24752.pdb,exact_sequence_match,True
P25021,,missing_pdb,False
P25103,,missing_pdb,False
P25311,,missing_pdb,False
P25325,/data/ranran/my_ptm/croton/data/structure_pipeline/pdb/P25325.pdb,exact_sequence_match,True
P25445,,missing_pdb,False
P25705,/data/ranran/my_ptm/croton/data/structure_pipeline/pdb/P25705.pdb,exact_sequence_match,True
P25774,,missing_pdb,False
P25786,/data/ranran/my_ptm/croton/data/structure_pipeline/pdb/P25786.pdb,exact_sequence_match,True
P25789,/data/ranran/my_ptm/croton/data/structure_pipeline/pdb/P25789.pdb,exact_sequence_match,True
P25874,,missing_pdb,False
P26006,/data/ranran/my_ptm/croton/data/structure_pipeline/pdb/P26006.pdb,exact_sequence_match,True
P26232,/data/ranran/my_ptm/croton/data/structure_pipeline/pdb/P26232.pdb,exact_sequence_match,True
P26374,/data/ranran/my_ptm/croton/data/structure_pipeline/pdb/P26374.pdb,exact_sequence_match,True
P26447,/data/ranran/my_ptm/croton/data/structure_pipeline/pdb/P26447.pdb,exact_sequence_match,True
P26572,,missing_pdb,False
P26599,/data/ranran/my_ptm/croton/data/structure_pipeline/pdb/P26599.pdb;/data/ranran/my_ptm/croton/data/structure_pipeline/pdb/AF-P26599-F1-model_v6.pdb,sequence_mismatch,False
P26639,,missing_pdb,False
P27105,/data/ranran/my_ptm/croton/data/structure_pipeline/pdb/P27105.pdb,exact_sequence_match,True
P27169,,missing_pdb,False
P27449,,missing_pdb,False
P27658,,missing_pdb,False
P27797,/data/ranran/my_ptm/croton/data/structure_pipeline/pdb/P27797.pdb,exact_sequence_match,True
P27824,/data/ranran/my_ptm/croton/data/structure_pipeline/pdb/P27824.pdb,exact_sequence_match,True
P27918,,missing_pdb,False
P28289,,missing_pdb,False
P28330,,missing_pdb,False
P28331,/data/ranran/my_ptm/croton/data/structure_pipeline/pdb/P28331.pdb,exact_sequence_match,True
P28482,,missing_pdb,False
P28566,,missing_pdb,False
P28845,,missing_pdb,False
P29083,/data/ranran/my_ptm/croton/data/structure_pipeline/pdb/P29083.pdb,exact_sequence_match,True
P29122,,missing_pdb,False
P29144,/data/ranran/my_ptm/croton/data/structure_pipeline/pdb/P29144.pdb,exact_sequence_match,True
P29401,/data/ranran/my_ptm/croton/data/structure_pipeline/pdb/P29401.pdb,exact_sequence_match,True
P29475,,missing_pdb,False
P29622,,missing_pdb,False
P29803,,missing_pdb,False
P29992,/data/ranran/my_ptm/croton/data/structure_pipeline/pdb/P29992.pdb,exact_sequence_match,True
P30040,/data/ranran/my_ptm/croton/data/structure_pipeline/pdb/P30040.pdb,exact_sequence_match,True
P30101,,missing_pdb,False
P30153,,missing_pdb,False
P30304,,missing_pdb,False
P30519,/data/ranran/my_ptm/croton/data/structure_pipeline/pdb/P30519.pdb,exact_sequence_match,True
P30556,,missing_pdb,False
P31040,/data/ranran/my_ptm/croton/data/structure_pipeline/pdb/P31040.pdb,exact_sequence_match,True
P31146,,missing_pdb,False
P31512,,missing_pdb,False
P31629,,missing_pdb,False
P31641,,missing_pdb,False
P31930,,missing_pdb,False
P32019,,missing_pdb,False
P32322,,missing_pdb,False
P32780,/data/ranran/my_ptm/croton/data/structure_pipeline/pdb/P32780.pdb,exact_sequence_match,True
P33241,,missing_pdb,False
P33527,/data/ranran/my_ptm/croton/data/structure_pipeline/pdb/P33527.pdb,exact_sequence_match,True
P33908,,missing_pdb,False
P33981,,missing_pdb,False
P34897,/data/ranran/my_ptm/croton/data/structure_pipeline/pdb/P34897.pdb,exact_sequence_match,True
P34949,/data/ranran/my_ptm/croton/data/structure_pipeline/pdb/P34949.pdb,exact_sequence_match,True
P35247,,missing_pdb,False
P35251,/data/ranran/my_ptm/croton/data/structure_pipeline/pdb/P35251.pdb,exact_sequence_match,True
P35318,,missing_pdb,False
P35523,,missing_pdb,False
P35527,/data/ranran/my_ptm/croton/data/structure_pipeline/pdb/P35527.pdb,exact_sequence_match,True
P35542,,missing_pdb,False
P35555,,missing_pdb,False
P35568,,missing_pdb,False
P35573,/data/ranran/my_ptm/croton/data/structure_pipeline/pdb/P35573.pdb,exact_sequence_match,True
P35590,,missing_pdb,False
P35611,,missing_pdb,False
P35613,/data/ranran/my_ptm/croton/data/structure_pipeline/pdb/P35613.pdb,exact_sequence_match,True
P35626,,missing_pdb,False
P35658,/data/ranran/my_ptm/croton/data/structure_pipeline/pdb/P35658.pdb,exact_sequence_match,True
P35716,,missing_pdb,False
P35754,,missing_pdb,False
P35858,,missing_pdb,False
P36406,,missing_pdb,False
P36551,,missing_pdb,False
P36888,,missing_pdb,False
P36955,,missing_pdb,False
P36957,/data/ranran/my_ptm/croton/data/structure_pipeline/pdb/P36957.pdb,exact_sequence_match,True
P37288,,missing_pdb,False
P37837,/data/ranran/my_ptm/croton/data/structure_pipeline/pdb/P37837.pdb,exact_sequence_match,True
P37840,,missing_pdb,False
P38606,/data/ranran/my_ptm/croton/data/structure_pipeline/pdb/P38606.pdb,exact_sequence_match,True
P38919,/data/ranran/my_ptm/croton/data/structure_pipeline/pdb/P38919.pdb,exact_sequence_match,True
P38935,,missing_pdb,False
P39023,,missing_pdb,False
P39748,/data/ranran/my_ptm/croton/data/structure_pipeline/pdb/P39748.pdb,exact_sequence_match,True
P40189,,missing_pdb,False
P40197,,missing_pdb,False
P40222,/data/ranran/my_ptm/croton/data/structure_pipeline/pdb/P40222.pdb,exact_sequence_match,True
P40306,,missing_pdb,False
P40692,,missing_pdb,False
P40855,,missing_pdb,False
P40879,,missing_pdb,False
P40925,/data/ranran/my_ptm/croton/data/structure_pipeline/pdb/P40925.pdb,exact_sequence_match,True
P41091,/data/ranran/my_ptm/croton/data/structure_pipeline/pdb/P41091.pdb,exact_sequence_match,True
P41208,/data/ranran/my_ptm/croton/data/structure_pipeline/pdb/P41208.pdb,exact_sequence_match,True
P41236,/data/ranran/my_ptm/croton/data/structure_pipeline/pdb/P41236.pdb,exact_sequence_match,True
P41250,/data/ranran/my_ptm/croton/data/structure_pipeline/pdb/P41250.pdb,exact_sequence_match,True
P41252,/data/ranran/my_ptm/croton/data/structure_pipeline/pdb/P41252.pdb,exact_sequence_match,True
P41440,,missing_pdb,False
P42224,,missing_pdb,False
P42285,/data/ranran/my_ptm/croton/data/structure_pipeline/pdb/P42285.pdb,exact_sequence_match,True
P42356,/data/ranran/my_ptm/croton/data/structure_pipeline/pdb/P42356.pdb,exact_sequence_match,True
P42681,,missing_pdb,False
P42684,/data/ranran/my_ptm/croton/data/structure_pipeline/pdb/P42684.pdb,exact_sequence_match,True
P42695,,missing_pdb,False
P42772,,missing_pdb,False
P43121,/data/ranran/my_ptm/croton/data/structure_pipeline/pdb/P43121.pdb,exact_sequence_match,True
P43246,/data/ranran/my_ptm/croton/data/structure_pipeline/pdb/P43246.pdb,exact_sequence_match,True
P43251,,missing_pdb,False
P43353,,missing_pdb,False
P43361,,missing_pdb,False
P43686,,missing_pdb,False
P45379,,missing_pdb,False
P45983,,missing_pdb,False
P46013,,missing_pdb,False
P46019,,missing_pdb,False
P46100,/data/ranran/my_ptm/croton/data/structure_pipeline/pdb/P46100.pdb;/data/ranran/my_ptm/croton/data/structure_pipeline/pdb/AF-P46100-F1-model_v6.pdb,sequence_mismatch,False
P46379,/data/ranran/my_ptm/croton/data/structure_pipeline/pdb/P46379.pdb,exact_sequence_match,True
P46459,/data/ranran/my_ptm/croton/data/structure_pipeline/pdb/P46459.pdb,exact_sequence_match,True
P46597,,missing_pdb,False
P46776,/data/ranran/my_ptm/croton/data/structure_pipeline/pdb/P46776.pdb,exact_sequence_match,True
P46940,/data/ranran/my_ptm/croton/data/structure_pipeline/pdb/P46940.pdb,exact_sequence_match,True
P46976,,missing_pdb,False
P47756,/data/ranran/my_ptm/croton/data/structure_pipeline/pdb/P47756.pdb;/data/ranran/my_ptm/croton/data/structure_pipeline/pdb/AF-P47756-F1-model_v6.pdb,sequence_mismatch,False
P48169,,missing_pdb,False
P48443,,missing_pdb,False
P48553,/data/ranran/my_ptm/croton/data/structure_pipeline/pdb/P48553.pdb,exact_sequence_match,True
P48556,/data/ranran/my_ptm/croton/data/structure_pipeline/pdb/P48556.pdb,exact_sequence_match,True
P48637,/data/ranran/my_ptm/croton/data/structure_pipeline/pdb/P48637.pdb,exact_sequence_match,True
P48643,/data/ranran/my_ptm/croton/data/structure_pipeline/pdb/P48643.pdb,exact_sequence_match,True
P48723,/data/ranran/my_ptm/croton/data/structure_pipeline/pdb/P48723.pdb,exact_sequence_match,True
P48729,/data/ranran/my_ptm/croton/data/structure_pipeline/pdb/P48729.pdb,exact_sequence_match,True
P48736,,missing_pdb,False
P49281,,missing_pdb,False
P49419,/data/ranran/my_ptm/croton/data/structure_pipeline/pdb/P49419.pdb,exact_sequence_match,True
P49441,,missing_pdb,False
P49454,,missing_pdb,False
P49588,,missing_pdb,False
P49589,/data/ranran/my_ptm/croton/data/structure_pipeline/pdb/P49589.pdb,exact_sequence_match,True
P49643,/data/ranran/my_ptm/croton/data/structure_pipeline/pdb/P49643.pdb,exact_sequence_match,True
P49675,,missing_pdb,False
P49703,,missing_pdb,False
P49720,/data/ranran/my_ptm/croton/data/structure_pipeline/pdb/P49720.pdb,exact_sequence_match,True
P49721,/data/ranran/my_ptm/croton/data/structure_pipeline/pdb/P49721.pdb,exact_sequence_match,True
P49753,/data/ranran/my_ptm/croton/data/structure_pipeline/pdb/P49753.pdb,exact_sequence_match,True
P49755,/data/ranran/my_ptm/croton/data/structure_pipeline/pdb/P49755.pdb,exact_sequence_match,True
P49756,/data/ranran/my_ptm/croton/data/structure_pipeline/pdb/P49756.pdb,exact_sequence_match,True
P49770,/data/ranran/my_ptm/croton/data/structure_pipeline/pdb/P49770.pdb,exact_sequence_match,True
P49790,/data/ranran/my_ptm/croton/data/structure_pipeline/pdb/P49790.pdb,exact_sequence_match,True
P49796,,missing_pdb,False
P49815,,missing_pdb,False
P49841,,missing_pdb,False
P49848,,missing_pdb,False
P49863,,missing_pdb,False
P49916,/data/ranran/my_ptm/croton/data/structure_pipeline/pdb/P49916.pdb,exact_sequence_match,True
P50213,,missing_pdb,False
P50219,,missing_pdb,False
P50222,,missing_pdb,False
P50281,,missing_pdb,False
P50395,,missing_pdb,False
P50416,/data/ranran/my_ptm/croton/data/structure_pipeline/pdb/P50416.pdb,exact_sequence_match,True
P50440,,missing_pdb,False
P50461,,missing_pdb,False
P50542,/data/ranran/my_ptm/croton/data/structure_pipeline/pdb/P50542.pdb,exact_sequence_match,True
P50552,/data/ranran/my_ptm/croton/data/structure_pipeline/pdb/P50552.pdb,exact_sequence_match,True
P50553,,missing_pdb,False
P50579,/data/ranran/my_ptm/croton/data/structure_pipeline/pdb/P50579.pdb,exact_sequence_match,True
P50990,/data/ranran/my_ptm/croton/data/structure_pipeline/pdb/P50990.pdb,exact_sequence_match,True
P51003,/data/ranran/my_ptm/croton/data/structure_pipeline/pdb/P51003.pdb,exact_sequence_match,True
P51157,,missing_pdb,False
P51398,/data/ranran/my_ptm/croton/data/structure_pipeline/pdb/P51398.pdb,exact_sequence_match,True
P51522,,missing_pdb,False
P51532,/data/ranran/my_ptm/croton/data/structure_pipeline/pdb/P51532.pdb,exact_sequence_match,True
P51587,,missing_pdb,False
P51654,,missing_pdb,False
P51659,/data/ranran/my_ptm/croton/data/structure_pipeline/pdb/P51659.pdb,exact_sequence_match,True
P51665,/data/ranran/my_ptm/croton/data/structure_pipeline/pdb/P51665.pdb,exact_sequence_match,True
P51687,,missing_pdb,False
P51689,,missing_pdb,False
P51693,,missing_pdb,False
P51797,,missing_pdb,False
P51813,,missing_pdb,False
P51816,,missing_pdb,False
P51858,,missing_pdb,False
P51957,,missing_pdb,False
P52179,,missing_pdb,False
P52209,/data/ranran/my_ptm/croton/data/structure_pipeline/pdb/P52209.pdb,exact_sequence_match,True
P52306,,missing_pdb,False
P52565,/data/ranran/my_ptm/croton/data/structure_pipeline/pdb/P52565.pdb,exact_sequence_match,True
P52701,/data/ranran/my_ptm/croton/data/structure_pipeline/pdb/P52701.pdb,exact_sequence_match,True
P52744,,missing_pdb,False
P52789,,missing_pdb,False
P52799,,missing_pdb,False
P52824,,missing_pdb,False
P52948,/data/ranran/my_ptm/croton/data/structure_pipeline/pdb/P52948.pdb,exact_sequence_match,True
P53350,,missing_pdb,False
P53367,/data/ranran/my_ptm/croton/data/structure_pipeline/pdb/P53367.pdb,exact_sequence_match,True
P53396,/data/ranran/my_ptm/croton/data/structure_pipeline/pdb/P53396.pdb,exact_sequence_match,True
P53618,/data/ranran/my_ptm/croton/data/structure_pipeline/pdb/P53618.pdb,exact_sequence_match,True
P53634,,missing_pdb,False
P53990,/data/ranran/my_ptm/croton/data/structure_pipeline/pdb/P53990.pdb,exact_sequence_match,True
P54071,,missing_pdb,False
P54108,,missing_pdb,False
P54132,,missing_pdb,False
P54274,,missing_pdb,False
P54277,,missing_pdb,False
P54707,,missing_pdb,False
P54725,,missing_pdb,False
P54750,,missing_pdb,False
P54802,,missing_pdb,False
P55061,,missing_pdb,False
P55072,/data/ranran/my_ptm/croton/data/structure_pipeline/pdb/P55072.pdb,exact_sequence_match,True
P55081,/data/ranran/my_ptm/croton/data/structure_pipeline/pdb/P55081.pdb,exact_sequence_match,True
P55103,,missing_pdb,False
P55160,,missing_pdb,False
P55196,,missing_pdb,False
P55211,,missing_pdb,False
P55317,,missing_pdb,False
P55773,,missing_pdb,False
P55795,,missing_pdb,False
P55884,/data/ranran/my_ptm/croton/data/structure_pipeline/pdb/P55884.pdb,exact_sequence_match,True
P56192,/data/ranran/my_ptm/croton/data/structure_pipeline/pdb/P56192.pdb,exact_sequence_match,True
P56381,,missing_pdb,False
P57076,/data/ranran/my_ptm/croton/data/structure_pipeline/pdb/P57076.pdb,exact_sequence_match,True
P58107,,missing_pdb,False
P58215,,missing_pdb,False
P58418,,missing_pdb,False
P59910,,missing_pdb,False
P60174,,missing_pdb,False
P61011,/data/ranran/my_ptm/croton/data/structure_pipeline/pdb/P61011.pdb,exact_sequence_match,True
P61160,,missing_pdb,False
P61201,/data/ranran/my_ptm/croton/data/structure_pipeline/pdb/P61201.pdb,exact_sequence_match,True
P61224,,missing_pdb,False
P61296,,missing_pdb,False
P61366,,missing_pdb,False
P61565,,missing_pdb,False
P61576,,missing_pdb,False
P61601,,missing_pdb,False
P61758,/data/ranran/my_ptm/croton/data/structure_pipeline/pdb/P61758.pdb,exact_sequence_match,True
P61769,/data/ranran/my_ptm/croton/data/structure_pipeline/pdb/P61769.pdb,exact_sequence_match,True
P61952,,missing_pdb,False
P62258,/data/ranran/my_ptm/croton/data/structure_pipeline/pdb/P62258.pdb,exact_sequence_match,True
P62328,,missing_pdb,False
P62491,,missing_pdb,False
P62633,/data/ranran/my_ptm/croton/data/structure_pipeline/pdb/P62633.pdb,exact_sequence_match,True
P62684,,missing_pdb,False
P62826,/data/ranran/my_ptm/croton/data/structure_pipeline/pdb/P62826.pdb,exact_sequence_match,True
P62917,/data/ranran/my_ptm/croton/data/structure_pipeline/pdb/P62917.pdb,exact_sequence_match,True
P62937,,missing_pdb,False
P62942,,missing_pdb,False
P63010,,missing_pdb,False
P63128,,missing_pdb,False
P67812,/data/ranran/my_ptm/croton/data/structure_pipeline/pdb/P67812.pdb,exact_sequence_match,True
P68036,,missing_pdb,False
P68104,,missing_pdb,False
P68400,/data/ranran/my_ptm/croton/data/structure_pipeline/pdb/P68400.pdb,exact_sequence_match,True
P69849,,missing_pdb,False
P78312,,missing_pdb,False
P78344,/data/ranran/my_ptm/croton/data/structure_pipeline/pdb/P78344.pdb,exact_sequence_match,True
P78364,,missing_pdb,False
P78417,/data/ranran/my_ptm/croton/data/structure_pipeline/pdb/P78417.pdb,exact_sequence_match,True
P78527,,missing_pdb,False
P78559,,missing_pdb,False
P80108,,missing_pdb,False
P80404,,missing_pdb,False
P81133,,missing_pdb,False
P81877,,missing_pdb,False
P82094,/data/ranran/my_ptm/croton/data/structure_pipeline/pdb/P82094.pdb,exact_sequence_match,True
P82979,/data/ranran/my_ptm/croton/data/structure_pipeline/pdb/P82979.pdb,exact_sequence_match,True
P82987,,missing_pdb,False
P83105,,missing_pdb,False
P83916,,missing_pdb,False
P98161,,missing_pdb,False
P98170,/data/ranran/my_ptm/croton/data/structure_pipeline/pdb/P98170.pdb,exact_sequence_match,True
P98175,/data/ranran/my_ptm/croton/data/structure_pipeline/pdb/P98175.pdb,exact_sequence_match,True
Q00005,,missing_pdb,False
Q00013,,missing_pdb,False
Q00059,/data/ranran/my_ptm/croton/data/structure_pipeline/pdb/Q00059.pdb,exact_sequence_match,True
Q00341,/data/ranran/my_ptm/croton/data/structure_pipeline/pdb/Q00341.pdb;/data/ranran/my_ptm/croton/data/structure_pipeline/pdb/AF-Q00341-F1-model_v6.pdb,sequence_mismatch,False
Q00587,,missing_pdb,False
Q00610,/data/ranran/my_ptm/croton/data/structure_pipeline/pdb/Q00610.pdb,exact_sequence_match,True
Q00653,/data/ranran/my_ptm/croton/data/structure_pipeline/pdb/Q00653.pdb,exact_sequence_match,True
Q00796,/data/ranran/my_ptm/croton/data/structure_pipeline/pdb/Q00796.pdb,exact_sequence_match,True
Q00872,,missing_pdb,False
Q00973,,missing_pdb,False
Q01167,,missing_pdb,False
Q01201,,missing_pdb,False
Q01433,,missing_pdb,False
Q01459,,missing_pdb,False
Q01518,,missing_pdb,False
Q01546,,missing_pdb,False
Q01813,/data/ranran/my_ptm/croton/data/structure_pipeline/pdb/Q01813.pdb,exact_sequence_match,True
Q01954,,missing_pdb,False
Q02221,,missing_pdb,False
Q02388,,missing_pdb,False
Q02543,/data/ranran/my_ptm/croton/data/structure_pipeline/pdb/Q02543.pdb,exact_sequence_match,True
Q02790,/data/ranran/my_ptm/croton/data/structure_pipeline/pdb/Q02790.pdb,exact_sequence_match,True
Q02818,/data/ranran/my_ptm/croton/data/structure_pipeline/pdb/Q02818.pdb,exact_sequence_match,True
Q03001,,missing_pdb,False
Q03164,,missing_pdb,False
Q03468,/data/ranran/my_ptm/croton/data/structure_pipeline/pdb/Q03468.pdb,exact_sequence_match,True
Q03701,/data/ranran/my_ptm/croton/data/structure_pipeline/pdb/Q03701.pdb,exact_sequence_match,True
Q04656,,missing_pdb,False
Q04727,/data/ranran/my_ptm/croton/data/structure_pipeline/pdb/Q04727.pdb,exact_sequence_match,True
Q04741,,missing_pdb,False
Q05193,,missing_pdb,False
Q05707,,missing_pdb,False
Q05823,,missing_pdb,False
Q05BQ5,,missing_pdb,False
Q05BV3,,missing_pdb,False
Q05C16,,missing_pdb,False
Q05D32,,missing_pdb,False
Q05DH4,,missing_pdb,False
Q06190,,missing_pdb,False
Q06203,/data/ranran/my_ptm/croton/data/structure_pipeline/pdb/Q06203.pdb,exact_sequence_match,True
Q06278,,missing_pdb,False
Q06323,,missing_pdb,False
Q06546,/data/ranran/my_ptm/croton/data/structure_pipeline/pdb/Q06546.pdb,exact_sequence_match,True
Q06547,/data/ranran/my_ptm/croton/data/structure_pipeline/pdb/Q06547.pdb,exact_sequence_match,True
Q06830,,missing_pdb,False
Q07002,,missing_pdb,False
Q07283,,missing_pdb,False
Q07817,,missing_pdb,False
Q07866,,missing_pdb,False
Q07954,,missing_pdb,False
Q08211,/data/ranran/my_ptm/croton/data/structure_pipeline/pdb/Q08211.pdb,exact_sequence_match,True
Q08257,/data/ranran/my_ptm/croton/data/structure_pipeline/pdb/Q08257.pdb,exact_sequence_match,True
Q08378,/data/ranran/my_ptm/croton/data/structure_pipeline/pdb/Q08378.pdb,exact_sequence_match,True
Q08380,,missing_pdb,False
Q08426,,missing_pdb,False
Q08495,,missing_pdb,False
Q08554,,missing_pdb,False
Q08722,,missing_pdb,False
Q08AD1,,missing_pdb,False
Q08AG5,,missing_pdb,False
Q08AH1,,missing_pdb,False
Q08J23,/data/ranran/my_ptm/croton/data/structure_pipeline/pdb/Q08J23.pdb,exact_sequence_match,True
Q09666,,missing_pdb,False
Q0VDF9,/data/ranran/my_ptm/croton/data/structure_pipeline/pdb/Q0VDF9.pdb,exact_sequence_match,True
Q0ZLH3,,missing_pdb,False
Q10469,,missing_pdb,False
Q10570,/data/ranran/my_ptm/croton/data/structure_pipeline/pdb/Q10570.pdb,exact_sequence_match,True
Q10571,,missing_pdb,False
Q10587,,missing_pdb,False
Q10713,/data/ranran/my_ptm/croton/data/structure_pipeline/pdb/Q10713.pdb,exact_sequence_match,True
Q11201,,missing_pdb,False
Q12768,/data/ranran/my_ptm/croton/data/structure_pipeline/pdb/Q12768.pdb,exact_sequence_match,True
Q12792,/data/ranran/my_ptm/croton/data/structure_pipeline/pdb/Q12792.pdb,exact_sequence_match,True
Q12802,,missing_pdb,False
Q12830,,missing_pdb,False
Q12840,/data/ranran/my_ptm/croton/data/structure_pipeline/pdb/Q12840.pdb,exact_sequence_match,True
Q12849,/data/ranran/my_ptm/croton/data/structure_pipeline/pdb/Q12849.pdb,exact_sequence_match,True
Q12874,/data/ranran/my_ptm/croton/data/structure_pipeline/pdb/Q12874.pdb,exact_sequence_match,True
Q12905,/data/ranran/my_ptm/croton/data/structure_pipeline/pdb/Q12905.pdb,exact_sequence_match,True
Q12906,/data/ranran/my_ptm/croton/data/structure_pipeline/pdb/Q12906.pdb,exact_sequence_match,True
Q12907,/data/ranran/my_ptm/croton/data/structure_pipeline/pdb/Q12907.pdb,exact_sequence_match,True
Q12912,,missing_pdb,False
Q12913,,missing_pdb,False
Q12955,,missing_pdb,False
Q12959,/data/ranran/my_ptm/croton/data/structure_pipeline/pdb/Q12959.pdb,exact_sequence_match,True
Q12979,/data/ranran/my_ptm/croton/data/structure_pipeline/pdb/Q12979.pdb,exact_sequence_match,True
Q13011,/data/ranran/my_ptm/croton/data/structure_pipeline/pdb/Q13011.pdb,exact_sequence_match,True
Q13023,,missing_pdb,False
Q13029,,missing_pdb,False
Q13033,/data/ranran/my_ptm/croton/data/structure_pipeline/pdb/Q13033.pdb,exact_sequence_match,True
Q13061,,missing_pdb,False
Q13075,,missing_pdb,False
Q13087,,missing_pdb,False
Q13094,,missing_pdb,False
Q13111,,missing_pdb,False
Q13131,/data/ranran/my_ptm/croton/data/structure_pipeline/pdb/Q13131.pdb,exact_sequence_match,True
Q13153,,missing_pdb,False
Q13162,/data/ranran/my_ptm/croton/data/structure_pipeline/pdb/Q13162.pdb,exact_sequence_match,True
Q13163,,missing_pdb,False
Q13201,,missing_pdb,False
Q13206,/data/ranran/my_ptm/croton/data/structure_pipeline/pdb/Q13206.pdb,exact_sequence_match,True
Q13228,/data/ranran/my_ptm/croton/data/structure_pipeline/pdb/Q13228.pdb,exact_sequence_match,True
Q13291,,missing_pdb,False
Q13315,,missing_pdb,False
Q13330,,missing_pdb,False
Q13394,,missing_pdb,False
Q13395,/data/ranran/my_ptm/croton/data/structure_pipeline/pdb/Q13395.pdb,exact_sequence_match,True
Q13402,,missing_pdb,False
Q13426,,missing_pdb,False
Q13427,,missing_pdb,False
Q13428,/data/ranran/my_ptm/croton/data/structure_pipeline/pdb/Q13428.pdb,exact_sequence_match,True
Q13439,/data/ranran/my_ptm/croton/data/structure_pipeline/pdb/Q13439.pdb,exact_sequence_match,True
Q13492,/data/ranran/my_ptm/croton/data/structure_pipeline/pdb/Q13492.pdb,exact_sequence_match,True
Q13506,,missing_pdb,False
Q13508,,missing_pdb,False
Q13509,,missing_pdb,False
Q13516,,missing_pdb,False
Q13523,/data/ranran/my_ptm/croton/data/structure_pipeline/pdb/Q13523.pdb,exact_sequence_match,True
Q13535,/data/ranran/my_ptm/croton/data/structure_pipeline/pdb/Q13535.pdb,exact_sequence_match,True
Q13561,/data/ranran/my_ptm/croton/data/structure_pipeline/pdb/Q13561.pdb,exact_sequence_match,True
Q13568,,missing_pdb,False
Q13569,/data/ranran/my_ptm/croton/data/structure_pipeline/pdb/Q13569.pdb,exact_sequence_match,True
Q13615,,missing_pdb,False
Q13617,/data/ranran/my_ptm/croton/data/structure_pipeline/pdb/Q13617.pdb,exact_sequence_match,True
Q13619,,missing_pdb,False
Q13753,,missing_pdb,False
Q13797,,missing_pdb,False
Q13813,/data/ranran/my_ptm/croton/data/structure_pipeline/pdb/Q13813.pdb,exact_sequence_match,True
Q13823,/data/ranran/my_ptm/croton/data/structure_pipeline/pdb/Q13823.pdb,exact_sequence_match,True
Q13867,/data/ranran/my_ptm/croton/data/structure_pipeline/pdb/Q13867.pdb,exact_sequence_match,True
Q14004,/data/ranran/my_ptm/croton/data/structure_pipeline/pdb/Q14004.pdb,exact_sequence_match,True
Q14012,,missing_pdb,False
Q14093,,missing_pdb,False
Q14118,/data/ranran/my_ptm/croton/data/structure_pipeline/pdb/Q14118.pdb,exact_sequence_match,True
Q14123,,missing_pdb,False
Q14126,/data/ranran/my_ptm/croton/data/structure_pipeline/pdb/Q14126.pdb,exact_sequence_match,True
Q14137,,missing_pdb,False
Q14151,/data/ranran/my_ptm/croton/data/structure_pipeline/pdb/Q14151.pdb,exact_sequence_match,True
Q14156,,missing_pdb,False
Q14157,,missing_pdb,False
Q14204,,missing_pdb,False
Q14207,,missing_pdb,False
Q14241,,missing_pdb,False
Q14247,/data/ranran/my_ptm/croton/data/structure_pipeline/pdb/Q14247.pdb,exact_sequence_match,True
Q14254,/data/ranran/my_ptm/croton/data/structure_pipeline/pdb/Q14254.pdb,exact_sequence_match,True
Q14315,,missing_pdb,False
Q14432,,missing_pdb,False
Q14515,,missing_pdb,False
Q14524,,missing_pdb,False
Q14527,/data/ranran/my_ptm/croton/data/structure_pipeline/pdb/Q14527.pdb,exact_sequence_match,True
Q14549,,missing_pdb,False
Q14558,,missing_pdb,False
Q14562,/data/ranran/my_ptm/croton/data/structure_pipeline/pdb/Q14562.pdb,exact_sequence_match,True
Q14566,/data/ranran/my_ptm/croton/data/structure_pipeline/pdb/Q14566.pdb,exact_sequence_match,True
Q14643,,missing_pdb,False
Q14651,,missing_pdb,False
Q14667,,missing_pdb,False
Q14669,,missing_pdb,False
Q14683,/data/ranran/my_ptm/croton/data/structure_pipeline/pdb/Q14683.pdb,exact_sequence_match,True
Q14689,,missing_pdb,False
Q14690,/data/ranran/my_ptm/croton/data/structure_pipeline/pdb/Q14690.pdb,exact_sequence_match,True
Q14692,/data/ranran/my_ptm/croton/data/structure_pipeline/pdb/Q14692.pdb,exact_sequence_match,True
Q14697,/data/ranran/my_ptm/croton/data/structure_pipeline/pdb/Q14697.pdb,exact_sequence_match,True
Q14699,,missing_pdb,False
Q14739,/data/ranran/my_ptm/croton/data/structure_pipeline/pdb/Q14739.pdb,exact_sequence_match,True
Q14764,/data/ranran/my_ptm/croton/data/structure_pipeline/pdb/Q14764.pdb,exact_sequence_match,True
Q14773,,missing_pdb,False
Q14789,,missing_pdb,False
Q14831,,missing_pdb,False
Q14839,,missing_pdb,False
Q14865,,missing_pdb,False
Q14966,/data/ranran/my_ptm/croton/data/structure_pipeline/pdb/Q14966.pdb,exact_sequence_match,True
Q14974,/data/ranran/my_ptm/croton/data/structure_pipeline/pdb/Q14974.pdb,exact_sequence_match,True
Q14980,/data/ranran/my_ptm/croton/data/structure_pipeline/pdb/Q14980.pdb,exact_sequence_match,True
Q14993,,missing_pdb,False
Q14995,,missing_pdb,False
Q14997,,missing_pdb,False
Q149M9,,missing_pdb,False
Q149N8,,missing_pdb,False
Q14C86,/data/ranran/my_ptm/croton/data/structure_pipeline/pdb/Q14C86.pdb,exact_sequence_match,True
Q14CX5,,missing_pdb,False
Q14D04,,missing_pdb,False
Q15005,/data/ranran/my_ptm/croton/data/structure_pipeline/pdb/Q15005.pdb,exact_sequence_match,True
Q15007,/data/ranran/my_ptm/croton/data/structure_pipeline/pdb/Q15007.pdb,exact_sequence_match,True
Q15020,/data/ranran/my_ptm/croton/data/structure_pipeline/pdb/Q15020.pdb,exact_sequence_match,True
Q15024,,missing_pdb,False
Q15025,,missing_pdb,False
Q15040,,missing_pdb,False
Q15043,,missing_pdb,False
Q15058,/data/ranran/my_ptm/croton/data/structure_pipeline/pdb/Q15058.pdb,exact_sequence_match,True
Q15061,/data/ranran/my_ptm/croton/data/structure_pipeline/pdb/Q15061.pdb,exact_sequence_match,True
Q15063,,missing_pdb,False
Q15075,/data/ranran/my_ptm/croton/data/structure_pipeline/pdb/Q15075.pdb,exact_sequence_match,True
Q15084,/data/ranran/my_ptm/croton/data/structure_pipeline/pdb/Q15084.pdb,exact_sequence_match,True
Q15116,,missing_pdb,False
Q15149,,missing_pdb,False
Q15173,,missing_pdb,False
Q15256,,missing_pdb,False
Q15262,,missing_pdb,False
Q15269,/data/ranran/my_ptm/croton/data/structure_pipeline/pdb/Q15269.pdb,exact_sequence_match,True
Q15276,/data/ranran/my_ptm/croton/data/structure_pipeline/pdb/Q15276.pdb,exact_sequence_match,True
Q15311,/data/ranran/my_ptm/croton/data/structure_pipeline/pdb/Q15311.pdb,exact_sequence_match,True
Q15363,/data/ranran/my_ptm/croton/data/structure_pipeline/pdb/Q15363.pdb,exact_sequence_match,True
Q15365,,missing_pdb,False
Q15392,/data/ranran/my_ptm/croton/data/structure_pipeline/pdb/Q15392.pdb,exact_sequence_match,True
Q15404,/data/ranran/my_ptm/croton/data/structure_pipeline/pdb/Q15404.pdb,exact_sequence_match,True
Q15417,/data/ranran/my_ptm/croton/data/structure_pipeline/pdb/Q15417.pdb,exact_sequence_match,True
Q15431,,missing_pdb,False
Q15436,,missing_pdb,False
Q15464,,missing_pdb,False
Q15493,,missing_pdb,False
Q15528,/data/ranran/my_ptm/croton/data/structure_pipeline/pdb/Q15528.pdb,exact_sequence_match,True
Q15542,,missing_pdb,False
Q15545,/data/ranran/my_ptm/croton/data/structure_pipeline/pdb/Q15545.pdb,exact_sequence_match,True
Q15555,/data/ranran/my_ptm/croton/data/structure_pipeline/pdb/Q15555.pdb,exact_sequence_match,True
Q15582,,missing_pdb,False
Q15643,/data/ranran/my_ptm/croton/data/structure_pipeline/pdb/Q15643.pdb,exact_sequence_match,True
Q15648,,missing_pdb,False
Q15744,,missing_pdb,False
Q15746,,missing_pdb,False
Q15751,,missing_pdb,False
Q15772,,missing_pdb,False
Q15777,,missing_pdb,False
Q15825,,missing_pdb,False
Q15833,,missing_pdb,False
Q15849,,missing_pdb,False
Q15878,,missing_pdb,False
Q15916,,missing_pdb,False
Q16236,,missing_pdb,False
Q16281,,missing_pdb,False
Q16478,,missing_pdb,False
Q16513,/data/ranran/my_ptm/croton/data/structure_pipeline/pdb/Q16513.pdb,exact_sequence_match,True
Q16586,,missing_pdb,False
Q16610,,missing_pdb,False
Q16635,,missing_pdb,False
Q16650,,missing_pdb,False
Q16665,,missing_pdb,False
Q16666,/data/ranran/my_ptm/croton/data/structure_pipeline/pdb/Q16666.pdb,exact_sequence_match,True
Q16706,,missing_pdb,False
Q16760,,missing_pdb,False
Q16787,,missing_pdb,False
Q16798,/data/ranran/my_ptm/croton/data/structure_pipeline/pdb/Q16798.pdb,exact_sequence_match,True
Q16825,,missing_pdb,False
Q16851,/data/ranran/my_ptm/croton/data/structure_pipeline/pdb/Q16851.pdb,exact_sequence_match,True
Q16890,,missing_pdb,False
Q17R98,,missing_pdb,False
Q17RD7,,missing_pdb,False
Q1ED39,/data/ranran/my_ptm/croton/data/structure_pipeline/pdb/Q1ED39.pdb,exact_sequence_match,True
Q1MX18,,missing_pdb,False
Q29980,,missing_pdb,False
Q29RF7,,missing_pdb,False
Q2KHM9,,missing_pdb,False
Q2KHR2,,missing_pdb,False
Q2KHT3,,missing_pdb,False
Q2LD37,,missing_pdb,False
Q2M1K9,,missing_pdb,False
Q2M3M2,,missing_pdb,False
Q2NKJ3,,missing_pdb,False
Q2NKX8,/data/ranran/my_ptm/croton/data/structure_pipeline/pdb/Q2NKX8.pdb,exact_sequence_match,True
Q2PPJ7,,missing_pdb,False
Q2TAC6,,missing_pdb,False
Q2TAK8,,missing_pdb,False
Q2TAL6,,missing_pdb,False
Q2UY09,,missing_pdb,False
Q2YD98,,missing_pdb,False
Q32M84,,missing_pdb,False
Q32MH5,,missing_pdb,False
Q32MK0,,missing_pdb,False
Q32MQ0,,missing_pdb,False
Q32MZ4,/data/ranran/my_ptm/croton/data/structure_pipeline/pdb/Q32MZ4.pdb,exact_sequence_match,True
Q32P28,/data/ranran/my_ptm/croton/data/structure_pipeline/pdb/Q32P28.pdb,exact_sequence_match,True
Q38SD2,,missing_pdb,False
Q3B7T1,,missing_pdb,False
Q3B820,,missing_pdb,False
Q3KR37,,missing_pdb,False
Q3MIT2,,missing_pdb,False
Q3MJ13,,missing_pdb,False
Q3MJ40,,missing_pdb,False
Q3SXY8,,missing_pdb,False
Q3SY89,,missing_pdb,False
Q3SYG4,,missing_pdb,False
Q3T8J9,,missing_pdb,False
Q3T906,,missing_pdb,False
Q3V5L5,,missing_pdb,False
Q3YEC7,,missing_pdb,False
Q460N5,,missing_pdb,False
Q496Y0,,missing_pdb,False
Q49AM3,,missing_pdb,False
Q4FZB7,,missing_pdb,False
Q4G0J3,/data/ranran/my_ptm/croton/data/structure_pipeline/pdb/Q4G0J3.pdb,exact_sequence_match,True
Q4G0P3,,missing_pdb,False
Q4G0X9,,missing_pdb,False
Q4G0Z9,,missing_pdb,False
Q4JDL3,,missing_pdb,False
Q4L180,,missing_pdb,False
Q4LE39,,missing_pdb,False
Q4U2R8,,missing_pdb,False
Q4VCS5,,missing_pdb,False
Q502W6,,missing_pdb,False
Q52LC2,,missing_pdb,False
Q52LW3,,missing_pdb,False
Q53FD0,,missing_pdb,False
Q53G44,,missing_pdb,False
Q53GQ0,/data/ranran/my_ptm/croton/data/structure_pipeline/pdb/Q53GQ0.pdb,exact_sequence_match,True
Q53GS7,/data/ranran/my_ptm/croton/data/structure_pipeline/pdb/Q53GS7.pdb,exact_sequence_match,True
Q53HI1,,missing_pdb,False
Q53LP3,,missing_pdb,False
Q53S48,,missing_pdb,False
Q569H4,,missing_pdb,False
Q58EX2,,missing_pdb,False
Q58FF6,/data/ranran/my_ptm/croton/data/structure_pipeline/pdb/Q58FF6.pdb,exact_sequence_match,True
Q58G82,,missing_pdb,False
Q5EBL2,,missing_pdb,False
Q5FWF4,,missing_pdb,False
Q5FWF5,,missing_pdb,False
Q5GAN6,,missing_pdb,False
Q5GFL6,,missing_pdb,False
Q5H9T9,,missing_pdb,False
Q5HY64,,missing_pdb,False
Q5HYC2,,missing_pdb,False
Q5JPF3,,missing_pdb,False
Q5JRA6,/data/ranran/my_ptm/croton/data/structure_pipeline/pdb/Q5JRA6.pdb,exact_sequence_match,True
Q5JRX3,/data/ranran/my_ptm/croton/data/structure_pipeline/pdb/Q5JRX3.pdb,exact_sequence_match,True
Q5JSZ5,,missing_pdb,False
Q5JTW2,,missing_pdb,False
Q5JUW0,,missing_pdb,False
Q5JV73,,missing_pdb,False
Q5JWF2,/data/ranran/my_ptm/croton/data/structure_pipeline/pdb/Q5JWF2.pdb,exact_sequence_match,True
Q5JX69,,missing_pdb,False
Q5JY77,,missing_pdb,False
Q5K4L6,,missing_pdb,False
Q5KU26,,missing_pdb,False
Q5QJ74,,missing_pdb,False
Q5R372,,missing_pdb,False
Q5S007,,missing_pdb,False
Q5SR53,,missing_pdb,False
Q5SRD0,,missing_pdb,False
Q5SRE5,/data/ranran/my_ptm/croton/data/structure_pipeline/pdb/Q5SRE5.pdb,exact_sequence_match,True
Q5SRN2,,missing_pdb,False
Q5SSJ5,/data/ranran/my_ptm/croton/data/structure_pipeline/pdb/Q5SSJ5.pdb,exact_sequence_match,True
Q5ST30,,missing_pdb,False
Q5SXH7,,missing_pdb,False
Q5SYB0,,missing_pdb,False
Q5SZJ8,,missing_pdb,False
Q5SZK8,,missing_pdb,False
Q5SZL2,,missing_pdb,False
Q5T0U0,,missing_pdb,False
Q5T160,,missing_pdb,False
Q5T1C6,/data/ranran/my_ptm/croton/data/structure_pipeline/pdb/Q5T1C6.pdb,exact_sequence_match,True
Q5T1J6,,missing_pdb,False
Q5T1M5,/data/ranran/my_ptm/croton/data/structure_pipeline/pdb/Q5T1M5.pdb,exact_sequence_match,True
Q5T1Q4,,missing_pdb,False
Q5T1V6,,missing_pdb,False
Q5T3I0,/data/ranran/my_ptm/croton/data/structure_pipeline/pdb/Q5T3I0.pdb,exact_sequence_match,True
Q5T3J3,/data/ranran/my_ptm/croton/data/structure_pipeline/pdb/Q5T3J3.pdb,exact_sequence_match,True
Q5T4B2,,missing_pdb,False
Q5T4S7,,missing_pdb,False
Q5T5U3,,missing_pdb,False
Q5T6C5,,missing_pdb,False
Q5T7N2,,missing_pdb,False
Q5T7W7,,missing_pdb,False
Q5T9S5,/data/ranran/my_ptm/croton/data/structure_pipeline/pdb/Q5T9S5.pdb,exact_sequence_match,True
Q5T9Z0,,missing_pdb,False
Q5TA45,,missing_pdb,False
Q5TA77,,missing_pdb,False
Q5TAX3,,missing_pdb,False
Q5TB80,,missing_pdb,False
Q5TCS8,,missing_pdb,False
Q5TD94,,missing_pdb,False
Q5TEA6,,missing_pdb,False
Q5TEJ8,,missing_pdb,False
Q5TGI4,,missing_pdb,False
Q5TH69,,missing_pdb,False
Q5THJ4,,missing_pdb,False
Q5THK1,,missing_pdb,False
Q5TZA2,/data/ranran/my_ptm/croton/data/structure_pipeline/pdb/Q5TZA2.pdb;/data/ranran/my_ptm/croton/data/structure_pipeline/pdb/AF-Q5TZA2-F1-model_v6.pdb,sequence_mismatch,False
Q5U5R9,,missing_pdb,False
Q5UIP0,/data/ranran/my_ptm/croton/data/structure_pipeline/pdb/Q5UIP0.pdb,exact_sequence_match,True
Q5VST9,,missing_pdb,False
Q5VT06,,missing_pdb,False
Q5VT25,/data/ranran/my_ptm/croton/data/structure_pipeline/pdb/Q5VT25.pdb,exact_sequence_match,True
Q5VT52,/data/ranran/my_ptm/croton/data/structure_pipeline/pdb/Q5VT52.pdb,exact_sequence_match,True
Q5VT97,,missing_pdb,False
Q5VTH9,,missing_pdb,False
Q5VTJ3,,missing_pdb,False
Q5VTL8,/data/ranran/my_ptm/croton/data/structure_pipeline/pdb/Q5VTL8.pdb,exact_sequence_match,True
Q5VTM2,,missing_pdb,False
Q5VTR2,,missing_pdb,False
Q5VU43,/data/ranran/my_ptm/croton/data/structure_pipeline/pdb/Q5VU43.pdb,exact_sequence_match,True
Q5VU57,,missing_pdb,False
Q5VU65,,missing_pdb,False
Q5VU69,,missing_pdb,False
Q5VU97,,missing_pdb,False
Q5VUJ6,,missing_pdb,False
Q5VV42,/data/ranran/my_ptm/croton/data/structure_pipeline/pdb/Q5VV42.pdb,exact_sequence_match,True
Q5VV67,,missing_pdb,False
Q5VVJ2,,missing_pdb,False
Q5VVM6,,missing_pdb,False
Q5VVW2,,missing_pdb,False
Q5VW32,/data/ranran/my_ptm/croton/data/structure_pipeline/pdb/Q5VW32.pdb,exact_sequence_match,True
Q5VW36,/data/ranran/my_ptm/croton/data/structure_pipeline/pdb/Q5VW36.pdb;/data/ranran/my_ptm/croton/data/structure_pipeline/pdb/AF-Q5VW36-F1-model_v6.pdb,sequence_mismatch,False
Q5VW38,/data/ranran/my_ptm/croton/data/structure_pipeline/pdb/Q5VW38.pdb,exact_sequence_match,True
Q5VWN6,,missing_pdb,False
Q5VYS8,/data/ranran/my_ptm/croton/data/structure_pipeline/pdb/Q5VYS8.pdb,exact_sequence_match,True
Q5VZ89,,missing_pdb,False
Q5VZM2,/data/ranran/my_ptm/croton/data/structure_pipeline/pdb/Q5VZM2.pdb,exact_sequence_match,True
Q5W041,,missing_pdb,False
Q5W0A0,,missing_pdb,False
Q5W0B1,/data/ranran/my_ptm/croton/data/structure_pipeline/pdb/Q5W0B1.pdb,exact_sequence_match,True
Q5XKP0,/data/ranran/my_ptm/croton/data/structure_pipeline/pdb/Q5XKP0.pdb,exact_sequence_match,True
Q5XKR4,,missing_pdb,False
Q5XLA6,,missing_pdb,False
Q5XPI4,,missing_pdb,False
Q5XXA6,,missing_pdb,False
Q63HK5,,missing_pdb,False
Q63HM2,,missing_pdb,False
Q63HN8,,missing_pdb,False
Q641Q2,/data/ranran/my_ptm/croton/data/structure_pipeline/pdb/Q641Q2.pdb,exact_sequence_match,True
Q64LD2,,missing_pdb,False
Q658Y4,,missing_pdb,False
Q66K14,/data/ranran/my_ptm/croton/data/structure_pipeline/pdb/Q66K14.pdb,exact_sequence_match,True
Q674X7,,missing_pdb,False
Q687X5,,missing_pdb,False
Q68CP9,/data/ranran/my_ptm/croton/data/structure_pipeline/pdb/Q68CP9.pdb,exact_sequence_match,True
Q68CQ1,,missing_pdb,False
Q68D10,,missing_pdb,False
Q68DA7,,missing_pdb,False
Q68DC2,,missing_pdb,False
Q68DN1,,missing_pdb,False
Q68DU8,,missing_pdb,False
Q6A163,,missing_pdb,False
Q6AHZ1,/data/ranran/my_ptm/croton/data/structure_pipeline/pdb/Q6AHZ1.pdb,exact_sequence_match,True
Q6AWC2,,missing_pdb,False
Q6DKI1,,missing_pdb,False
Q6E0U4,,missing_pdb,False
Q6EMB2,,missing_pdb,False
Q6EMK4,,missing_pdb,False
Q6GMV2,/data/ranran/my_ptm/croton/data/structure_pipeline/pdb/Q6GMV2.pdb,exact_sequence_match,True
Q6GPH4,,missing_pdb,False
Q6H9L7,,missing_pdb,False
Q6IAN0,,missing_pdb,False
Q6IB77,,missing_pdb,False
Q6IE81,,missing_pdb,False
Q6IEE8,,missing_pdb,False
Q6IEG0,,missing_pdb,False
Q6IMI6,,missing_pdb,False
Q6IQ16,,missing_pdb,False
Q6IQ26,,missing_pdb,False
Q6IQ55,,missing_pdb,False
Q6JQN1,,missing_pdb,False
Q6KC79,,missing_pdb,False
Q6KCM7,,missing_pdb,False
Q6KF10,,missing_pdb,False
Q6MZW2,,missing_pdb,False
Q6N022,,missing_pdb,False
Q6NSJ0,,missing_pdb,False
Q6NSJ2,,missing_pdb,False
Q6NT55,,missing_pdb,False
Q6NUM9,/data/ranran/my_ptm/croton/data/structure_pipeline/pdb/Q6NUM9.pdb,exact_sequence_match,True
Q6NW34,,missing_pdb,False
Q6NXP0,,missing_pdb,False
Q6NXT6,,missing_pdb,False
Q6NYC8,,missing_pdb,False
Q6NZY4,,missing_pdb,False
Q6P0N0,,missing_pdb,False
Q6P1K1,,missing_pdb,False
Q6P1K8,,missing_pdb,False
Q6P1N9,/data/ranran/my_ptm/croton/data/structure_pipeline/pdb/Q6P1N9.pdb,exact_sequence_match,True
Q6P1R3,,missing_pdb,False
Q6P1R4,,missing_pdb,False
Q6P3X8,,missing_pdb,False
Q6P4E1,/data/ranran/my_ptm/croton/data/structure_pipeline/pdb/Q6P4E1.pdb,exact_sequence_match,True
Q6P4Q7,,missing_pdb,False
Q6P6B7,,missing_pdb,False
Q6P6C2,/data/ranran/my_ptm/croton/data/structure_pipeline/pdb/Q6P6C2.pdb,exact_sequence_match,True
Q6P9B6,,missing_pdb,False
Q6P9F0,,missing_pdb,False
Q6PCB6,,missing_pdb,False
Q6PI98,,missing_pdb,False
Q6PIJ6,,missing_pdb,False
Q6PIU2,/data/ranran/my_ptm/croton/data/structure_pipeline/pdb/Q6PIU2.pdb,exact_sequence_match,True
Q6PJG2,,missing_pdb,False
Q6PJI9,,missing_pdb,False
Q6PJP8,,missing_pdb,False
Q6PKC3,,missing_pdb,False
Q6PKG0,/data/ranran/my_ptm/croton/data/structure_pipeline/pdb/Q6PKG0.pdb,exact_sequence_match,True
Q6PL18,/data/ranran/my_ptm/croton/data/structure_pipeline/pdb/Q6PL18.pdb,exact_sequence_match,True
Q6PP77,,missing_pdb,False
Q6PRD1,,missing_pdb,False
Q6Q4G3,,missing_pdb,False
Q6QNY1,/data/ranran/my_ptm/croton/data/structure_pipeline/pdb/Q6QNY1.pdb,exact_sequence_match,True
Q6RVD6,,missing_pdb,False
Q6TGC4,,missing_pdb,False
Q6UB35,/data/ranran/my_ptm/croton/data/structure_pipeline/pdb/Q6UB35.pdb,exact_sequence_match,True
Q6URK8,,missing_pdb,False
Q6UVM3,,missing_pdb,False
Q6UW63,,missing_pdb,False
Q6UWE0,/data/ranran/my_ptm/croton/data/structure_pipeline/pdb/Q6UWE0.pdb,exact_sequence_match,True
Q6UWM7,,missing_pdb,False
Q6UWP2,,missing_pdb,False
Q6UWP7,,missing_pdb,False
Q6UX06,,missing_pdb,False
Q6UX71,,missing_pdb,False
Q6UXB8,,missing_pdb,False
Q6UXZ4,,missing_pdb,False
Q6V0I7,,missing_pdb,False
Q6V1P9,,missing_pdb,False
Q6VAB6,,missing_pdb,False
Q6VMQ6,/data/ranran/my_ptm/croton/data/structure_pipeline/pdb/Q6VMQ6.pdb,exact_sequence_match,True
Q6VVX0,,missing_pdb,False
Q6W4X9,,missing_pdb,False
Q6WCQ1,/data/ranran/my_ptm/croton/data/structure_pipeline/pdb/Q6WCQ1.pdb,exact_sequence_match,True
Q6WRI0,,missing_pdb,False
Q6XYQ8,,missing_pdb,False
Q6YN16,/data/ranran/my_ptm/croton/data/structure_pipeline/pdb/Q6YN16.pdb,exact_sequence_match,True
Q6ZMT4,,missing_pdb,False
Q6ZMV5,,missing_pdb,False
Q6ZMV9,,missing_pdb,False
Q6ZN16,,missing_pdb,False
Q6ZN84,,missing_pdb,False
Q6ZNB6,,missing_pdb,False
Q6ZNE5,,missing_pdb,False
Q6ZP01,,missing_pdb,False
Q6ZP82,,missing_pdb,False
Q6ZQQ2,,missing_pdb,False
Q6ZQQ6,,missing_pdb,False
Q6ZQX7,,missing_pdb,False
Q6ZR08,,missing_pdb,False
Q6ZRF8,,missing_pdb,False
Q6ZRK6,,missing_pdb,False
Q6ZRR7,,missing_pdb,False
Q6ZRV2,,missing_pdb,False
Q6ZS17,,missing_pdb,False
Q6ZT98,,missing_pdb,False
Q6ZTQ4,,missing_pdb,False
Q6ZTR5,,missing_pdb,False
Q6ZTZ1,,missing_pdb,False
Q6ZU15,,missing_pdb,False
Q6ZUS5,,missing_pdb,False
Q6ZUS6,,missing_pdb,False
Q6ZV73,,missing_pdb,False
Q709C8,,missing_pdb,False
Q70CQ1,,missing_pdb,False
Q70CQ2,,missing_pdb,False
Q70CQ3,,missing_pdb,False
Q70CQ4,,missing_pdb,False
Q70EL1,,missing_pdb,False
Q70YC5,,missing_pdb,False
Q71F78,,missing_pdb,False
Q71RC2,/data/ranran/my_ptm/croton/data/structure_pipeline/pdb/Q71RC2.pdb,exact_sequence_match,True
Q75QN2,,missing_pdb,False
Q76NI1,,missing_pdb,False
Q7L014,/data/ranran/my_ptm/croton/data/structure_pipeline/pdb/Q7L014.pdb,exact_sequence_match,True
Q7L0Y3,/data/ranran/my_ptm/croton/data/structure_pipeline/pdb/Q7L0Y3.pdb,exact_sequence_match,True
Q7L1I2,,missing_pdb,False
Q7L273,,missing_pdb,False
Q7L2E3,/data/ranran/my_ptm/croton/data/structure_pipeline/pdb/Q7L2E3.pdb,exact_sequence_match,True
Q7L3B6,/data/ranran/my_ptm/croton/data/structure_pipeline/pdb/Q7L3B6.pdb,exact_sequence_match,True
Q7L4E1,,missing_pdb,False
Q7L592,/data/ranran/my_ptm/croton/data/structure_pipeline/pdb/Q7L592.pdb,exact_sequence_match,True
Q7L5Y6,,missing_pdb,False
Q7L622,,missing_pdb,False
Q7L7X3,/data/ranran/my_ptm/croton/data/structure_pipeline/pdb/Q7L7X3.pdb,exact_sequence_match,True
Q7LBR1,/data/ranran/my_ptm/croton/data/structure_pipeline/pdb/Q7LBR1.pdb,exact_sequence_match,True
Q7RTP6,,missing_pdb,False
Q7RTT9,,missing_pdb,False
Q7RTY7,,missing_pdb,False
Q7Z2D5,,missing_pdb,False
Q7Z2W7,,missing_pdb,False
Q7Z2X4,,missing_pdb,False
Q7Z2Y8,,missing_pdb,False
Q7Z2Z1,,missing_pdb,False
Q7Z309,,missing_pdb,False
Q7Z3T8,,missing_pdb,False
Q7Z406,/data/ranran/my_ptm/croton/data/structure_pipeline/pdb/Q7Z406.pdb,exact_sequence_match,True
Q7Z410,,missing_pdb,False
Q7Z417,/data/ranran/my_ptm/croton/data/structure_pipeline/pdb/Q7Z417.pdb,exact_sequence_match,True
Q7Z494,,missing_pdb,False
Q7Z4L5,,missing_pdb,False
Q7Z4S6,/data/ranran/my_ptm/croton/data/structure_pipeline/pdb/Q7Z4S6.pdb,exact_sequence_match,True
Q7Z569,/data/ranran/my_ptm/croton/data/structure_pipeline/pdb/Q7Z569.pdb,exact_sequence_match,True
Q7Z589,,missing_pdb,False
Q7Z5L2,,missing_pdb,False
Q7Z5L3,,missing_pdb,False
Q7Z5M5,,missing_pdb,False
Q7Z5M8,,missing_pdb,False
Q7Z601,,missing_pdb,False
Q7Z695,,missing_pdb,False
Q7Z6G8,,missing_pdb,False
Q7Z6J0,,missing_pdb,False
Q7Z6J4,,missing_pdb,False
Q7Z6R9,,missing_pdb,False
Q7Z6Z7,,missing_pdb,False
Q7Z7G0,,missing_pdb,False
Q7Z7G8,,missing_pdb,False
Q7Z7L7,,missing_pdb,False
Q7Z7M9,,missing_pdb,False
Q86SQ7,,missing_pdb,False
Q86T82,,missing_pdb,False
Q86T90,,missing_pdb,False
Q86TB3,,missing_pdb,False
Q86TL0,,missing_pdb,False
Q86TM3,,missing_pdb,False
Q86TZ1,,missing_pdb,False
Q86U86,,missing_pdb,False
Q86UK0,,missing_pdb,False
Q86UK5,,missing_pdb,False
Q86UP0,,missing_pdb,False
Q86UP2,/data/ranran/my_ptm/croton/data/structure_pipeline/pdb/Q86UP2.pdb,exact_sequence_match,True
Q86UQ4,,missing_pdb,False
Q86UR5,,missing_pdb,False
Q86UV5,,missing_pdb,False
Q86UW8,,missing_pdb,False
Q86V15,,missing_pdb,False
Q86V25,,missing_pdb,False
Q86VB7,,missing_pdb,False
Q86VD1,,missing_pdb,False
Q86VE0,,missing_pdb,False
Q86VF7,,missing_pdb,False
Q86VP3,,missing_pdb,False
Q86VP6,,missing_pdb,False
Q86VQ3,,missing_pdb,False
Q86VR7,,missing_pdb,False
Q86VY4,,missing_pdb,False
Q86VY9,,missing_pdb,False
Q86W26,,missing_pdb,False
Q86W28,,missing_pdb,False
Q86WI1,,missing_pdb,False
Q86WI3,,missing_pdb,False
Q86WR0,/data/ranran/my_ptm/croton/data/structure_pipeline/pdb/Q86WR0.pdb,exact_sequence_match,True
Q86WT1,,missing_pdb,False
Q86X10,/data/ranran/my_ptm/croton/data/structure_pipeline/pdb/Q86X10.pdb,exact_sequence_match,True
Q86X27,/data/ranran/my_ptm/croton/data/structure_pipeline/pdb/Q86X27.pdb,exact_sequence_match,True
Q86X45,,missing_pdb,False
Q86XD8,,missing_pdb,False
Q86XE0,,missing_pdb,False
Q86XM0,,missing_pdb,False
Q86XR8,,missing_pdb,False
Q86XX4,,missing_pdb,False
Q86Y38,,missing_pdb,False
Q86YA3,,missing_pdb,False
Q86YC2,,missing_pdb,False
Q86YP4,/data/ranran/my_ptm/croton/data/structure_pipeline/pdb/Q86YP4.pdb,exact_sequence_match,True
Q86YS3,,missing_pdb,False
Q86YT6,,missing_pdb,False
Q86YW0,,missing_pdb,False
Q8HWS3,,missing_pdb,False
Q8IU60,,missing_pdb,False
Q8IUC4,/data/ranran/my_ptm/croton/data/structure_pipeline/pdb/Q8IUC4.pdb,exact_sequence_match,True
Q8IUD2,/data/ranran/my_ptm/croton/data/structure_pipeline/pdb/Q8IUD2.pdb,exact_sequence_match,True
Q8IUE0,,missing_pdb,False
Q8IUG5,,missing_pdb,False
Q8IUR6,,missing_pdb,False
Q8IUY3,,missing_pdb,False
Q8IVG5,,missing_pdb,False
Q8IVJ1,,missing_pdb,False
Q8IVL1,,missing_pdb,False
Q8IVU1,,missing_pdb,False
Q8IVU9,,missing_pdb,False
Q8IVW4,,missing_pdb,False
Q8IW35,/data/ranran/my_ptm/croton/data/structure_pipeline/pdb/Q8IW35.pdb,exact_sequence_match,True
Q8IW41,,missing_pdb,False
Q8IWA4,,missing_pdb,False
Q8IWA6,,missing_pdb,False
Q8IWB6,,missing_pdb,False
Q8IWC1,/data/ranran/my_ptm/croton/data/structure_pipeline/pdb/Q8IWC1.pdb,exact_sequence_match,True
Q8IWD4,,missing_pdb,False
Q8IWI9,,missing_pdb,False
Q8IWJ2,/data/ranran/my_ptm/croton/data/structure_pipeline/pdb/Q8IWJ2.pdb,exact_sequence_match,True
Q8IWL3,/data/ranran/my_ptm/croton/data/structure_pipeline/pdb/Q8IWL3.pdb,exact_sequence_match,True
Q8IWU9,,missing_pdb,False
Q8IWV1,,missing_pdb,False
Q8IWZ5,,missing_pdb,False
Q8IX12,/data/ranran/my_ptm/croton/data/structure_pipeline/pdb/Q8IX12.pdb,exact_sequence_match,True
Q8IX19,,missing_pdb,False
Q8IX30,,missing_pdb,False
Q8IX90,,missing_pdb,False
Q8IXF0,,missing_pdb,False
Q8IXH8,,missing_pdb,False
Q8IXL6,,missing_pdb,False
Q8IXQ4,,missing_pdb,False
Q8IXQ5,,missing_pdb,False
Q8IXS0,,missing_pdb,False
Q8IXT1,,missing_pdb,False
Q8IY17,,missing_pdb,False
Q8IY18,/data/ranran/my_ptm/croton/data/structure_pipeline/pdb/Q8IY18.pdb,exact_sequence_match,True
Q8IY21,,missing_pdb,False
Q8IY22,,missing_pdb,False
Q8IY33,,missing_pdb,False
Q8IY42,,missing_pdb,False
Q8IY47,,missing_pdb,False
Q8IY57,,missing_pdb,False
Q8IY92,,missing_pdb,False
Q8IY95,,missing_pdb,False
Q8IYB1,,missing_pdb,False
Q8IYB8,/data/ranran/my_ptm/croton/data/structure_pipeline/pdb/Q8IYB8.pdb,exact_sequence_match,True
Q8IYD8,,missing_pdb,False
Q8IYD9,,missing_pdb,False
Q8IYE1,,missing_pdb,False
Q8IYH5,/data/ranran/my_ptm/croton/data/structure_pipeline/pdb/Q8IYH5.pdb,exact_sequence_match,True
Q8IYL3,,missing_pdb,False
Q8IYQ7,,missing_pdb,False
Q8IYT1,,missing_pdb,False
Q8IYT3,,missing_pdb,False
Q8IYV9,,missing_pdb,False
Q8IYW2,,missing_pdb,False
Q8IYW5,,missing_pdb,False
Q8IYX8,,missing_pdb,False
Q8IZ21,/data/ranran/my_ptm/croton/data/structure_pipeline/pdb/Q8IZ21.pdb,exact_sequence_match,True
Q8IZ69,,missing_pdb,False
Q8IZF6,,missing_pdb,False
Q8IZH2,/data/ranran/my_ptm/croton/data/structure_pipeline/pdb/Q8IZH2.pdb,exact_sequence_match,True
Q8IZI9,,missing_pdb,False
Q8IZJ3,,missing_pdb,False
Q8IZQ1,,missing_pdb,False
Q8J025,,missing_pdb,False
Q8N0V3,,missing_pdb,False
Q8N0Z2,,missing_pdb,False
Q8N111,,missing_pdb,False
Q8N119,,missing_pdb,False
Q8N129,,missing_pdb,False
Q8N139,,missing_pdb,False
Q8N140,,missing_pdb,False
Q8N157,,missing_pdb,False
Q8N158,,missing_pdb,False
Q8N1I0,,missing_pdb,False
Q8N283,/data/ranran/my_ptm/croton/data/structure_pipeline/pdb/Q8N283.pdb;/data/ranran/my_ptm/croton/data/structure_pipeline/pdb/AF-Q8N283-F1-model_v6.pdb,sequence_mismatch,False
Q8N2C7,,missing_pdb,False
Q8N2F6,/data/ranran/my_ptm/croton/data/structure_pipeline/pdb/Q8N2F6.pdb,exact_sequence_match,True
Q8N2I9,,missing_pdb,False
Q8N2K1,,missing_pdb,False
Q8N2N9,,missing_pdb,False
Q8N302,,missing_pdb,False
Q8N323,,missing_pdb,False
Q8N335,,missing_pdb,False
Q8N394,,missing_pdb,False
Q8N3A8,,missing_pdb,False
Q8N3C0,/data/ranran/my_ptm/croton/data/structure_pipeline/pdb/Q8N3C0.pdb,exact_sequence_match,True
Q8N3C7,,missing_pdb,False
Q8N3E9,,missing_pdb,False
Q8N3G9,,missing_pdb,False
Q8N3K9,,missing_pdb,False
Q8N3S3,,missing_pdb,False
Q8N402,,missing_pdb,False
Q8N412,,missing_pdb,False
Q8N414,,missing_pdb,False
Q8N441,,missing_pdb,False
Q8N4C6,,missing_pdb,False
Q8N4L1,,missing_pdb,False
Q8N4P6,,missing_pdb,False
Q8N4S0,,missing_pdb,False
Q8N4W9,,missing_pdb,False
Q8N543,/data/ranran/my_ptm/croton/data/structure_pipeline/pdb/Q8N543.pdb,exact_sequence_match,True
Q8N565,,missing_pdb,False
Q8N584,,missing_pdb,False
Q8N5C6,,missing_pdb,False
Q8N5G2,,missing_pdb,False
Q8N5I4,,missing_pdb,False
Q8N5Q1,,missing_pdb,False
Q8N5S1,,missing_pdb,False
Q8N5Z0,,missing_pdb,False
Q8N608,,missing_pdb,False
Q8N6C5,,missing_pdb,False
Q8N6L0,,missing_pdb,False
Q8N6P7,,missing_pdb,False
Q8N6S4,,missing_pdb,False
Q8N7B9,,missing_pdb,False
Q8N7P1,,missing_pdb,False
Q8N7Z5,,missing_pdb,False
Q8N884,/data/ranran/my_ptm/croton/data/structure_pipeline/pdb/Q8N884.pdb,exact_sequence_match,True
Q8N8J0,,missing_pdb,False
Q8N8N7,,missing_pdb,False
Q8N8S7,/data/ranran/my_ptm/croton/data/structure_pipeline/pdb/Q8N8S7.pdb,exact_sequence_match,True
Q8N8X9,,missing_pdb,False
Q8N8Z6,,missing_pdb,False
Q8N954,,missing_pdb,False
Q8N960,,missing_pdb,False
Q8N999,/data/ranran/my_ptm/croton/data/structure_pipeline/pdb/Q8N999.pdb,exact_sequence_match,True
Q8N9B5,,missing_pdb,False
Q8N9B8,,missing_pdb,False
Q8N9F7,,missing_pdb,False
Q8N9L7,,missing_pdb,False
Q8N9M1,,missing_pdb,False
Q8N9V6,,missing_pdb,False
Q8N9V7,,missing_pdb,False
Q8NA19,,missing_pdb,False
Q8NA29,,missing_pdb,False
Q8NA66,,missing_pdb,False
Q8NA70,,missing_pdb,False
Q8NA72,/data/ranran/my_ptm/croton/data/structure_pipeline/pdb/Q8NA72.pdb,exact_sequence_match,True
Q8NA82,,missing_pdb,False
Q8NAT2,,missing_pdb,False
Q8NB49,,missing_pdb,False
Q8NB78,,missing_pdb,False
Q8NBM4,,missing_pdb,False
Q8NBN3,/data/ranran/my_ptm/croton/data/structure_pipeline/pdb/Q8NBN3.pdb,exact_sequence_match,True
Q8NBP7,,missing_pdb,False
Q8NBT2,,missing_pdb,False
Q8NC51,/data/ranran/my_ptm/croton/data/structure_pipeline/pdb/Q8NC51.pdb,exact_sequence_match,True
Q8NCL4,,missing_pdb,False
Q8NCM8,,missing_pdb,False
Q8NCV1,,missing_pdb,False
Q8NCY6,,missing_pdb,False
Q8ND56,/data/ranran/my_ptm/croton/data/structure_pipeline/pdb/Q8ND56.pdb,exact_sequence_match,True
Q8ND82,,missing_pdb,False
Q8NDA2,,missing_pdb,False
Q8NDH2,,missing_pdb,False
Q8NDI1,/data/ranran/my_ptm/croton/data/structure_pipeline/pdb/Q8NDI1.pdb,exact_sequence_match,True
Q8NDT2,/data/ranran/my_ptm/croton/data/structure_pipeline/pdb/Q8NDT2.pdb,exact_sequence_match,True
Q8NDV7,,missing_pdb,False
Q8NDY3,,missing_pdb,False
Q8NE09,,missing_pdb,False
Q8NE22,,missing_pdb,False
Q8NE79,,missing_pdb,False
Q8NEB9,,missing_pdb,False
Q8NEC7,,missing_pdb,False
Q8NEL9,,missing_pdb,False
Q8NEM0,/data/ranran/my_ptm/croton/data/structure_pipeline/pdb/Q8NEM0.pdb,exact_sequence_match,True
Q8NEN9,/data/ranran/my_ptm/croton/data/structure_pipeline/pdb/Q8NEN9.pdb,exact_sequence_match,True
Q8NEV4,,missing_pdb,False
Q8NEY1,,missing_pdb,False
Q8NEZ3,,missing_pdb,False
Q8NF50,,missing_pdb,False
Q8NF91,,missing_pdb,False
Q8NFA0,,missing_pdb,False
Q8NFH5,,missing_pdb,False
Q8NFP9,,missing_pdb,False
Q8NFU5,,missing_pdb,False
Q8NFU7,,missing_pdb,False
Q8NG08,,missing_pdb,False
Q8NGG2,,missing_pdb,False
Q8NHM5,,missing_pdb,False
Q8NHS9,,missing_pdb,False
Q8NI27,/data/ranran/my_ptm/croton/data/structure_pipeline/pdb/Q8NI27.pdb,exact_sequence_match,True
Q8TAL5,,missing_pdb,False
Q8TB36,/data/ranran/my_ptm/croton/data/structure_pipeline/pdb/Q8TB36.pdb,exact_sequence_match,True
Q8TB45,,missing_pdb,False
Q8TBB5,,missing_pdb,False
Q8TBC4,,missing_pdb,False
Q8TBF8,,missing_pdb,False
Q8TBG4,,missing_pdb,False
Q8TBJ5,,missing_pdb,False
Q8TBX8,/data/ranran/my_ptm/croton/data/structure_pipeline/pdb/Q8TBX8.pdb,exact_sequence_match,True
Q8TBY8,,missing_pdb,False
Q8TBZ0,,missing_pdb,False
Q8TBZ2,,missing_pdb,False
Q8TBZ9,,missing_pdb,False
Q8TC59,,missing_pdb,False
Q8TCP9,,missing_pdb,False
Q8TCS8,/data/ranran/my_ptm/croton/data/structure_pipeline/pdb/Q8TCS8.pdb,exact_sequence_match,True
Q8TCT8,,missing_pdb,False
Q8TCU6,,missing_pdb,False
Q8TCY9,/data/ranran/my_ptm/croton/data/structure_pipeline/pdb/Q8TCY9.pdb,exact_sequence_match,True
Q8TD16,,missing_pdb,False
Q8TD31,,missing_pdb,False
Q8TD84,,missing_pdb,False
Q8TDF6,,missing_pdb,False
Q8TDJ6,,missing_pdb,False
Q8TDR0,,missing_pdb,False
Q8TDV2,,missing_pdb,False
Q8TDV5,,missing_pdb,False
Q8TDW0,,missing_pdb,False
Q8TDY2,,missing_pdb,False
Q8TDZ2,,missing_pdb,False
Q8TE60,,missing_pdb,False
Q8TE68,,missing_pdb,False
Q8TE73,,missing_pdb,False
Q8TED9,,missing_pdb,False
Q8TEK3,,missing_pdb,False
Q8TEX9,,missing_pdb,False
Q8TEY7,/data/ranran/my_ptm/croton/data/structure_pipeline/pdb/Q8TEY7.pdb,exact_sequence_match,True
Q8TF39,,missing_pdb,False
Q8TF40,,missing_pdb,False
Q8TF76,,missing_pdb,False
Q8WTP9,,missing_pdb,False
Q8WTT2,/data/ranran/my_ptm/croton/data/structure_pipeline/pdb/Q8WTT2.pdb,exact_sequence_match,True
Q8WU17,,missing_pdb,False
Q8WU43,,missing_pdb,False
Q8WU90,/data/ranran/my_ptm/croton/data/structure_pipeline/pdb/Q8WU90.pdb,exact_sequence_match,True
Q8WUD1,,missing_pdb,False
Q8WUJ0,,missing_pdb,False
Q8WUM0,/data/ranran/my_ptm/croton/data/structure_pipeline/pdb/Q8WUM0.pdb,exact_sequence_match,True
Q8WUQ7,,missing_pdb,False
Q8WUY3,,missing_pdb,False
Q8WV16,,missing_pdb,False
Q8WV37,,missing_pdb,False
Q8WV44,,missing_pdb,False
Q8WV60,,missing_pdb,False
Q8WV99,,missing_pdb,False
Q8WVF1,,missing_pdb,False
Q8WVM8,,missing_pdb,False
Q8WVQ1,,missing_pdb,False
Q8WVY7,/data/ranran/my_ptm/croton/data/structure_pipeline/pdb/Q8WVY7.pdb,exact_sequence_match,True
Q8WW12,,missing_pdb,False
Q8WW38,,missing_pdb,False
Q8WWH5,,missing_pdb,False
Q8WWL2,,missing_pdb,False
Q8WWL7,,missing_pdb,False
Q8WWQ0,,missing_pdb,False
Q8WWQ2,,missing_pdb,False
Q8WWU7,,missing_pdb,False
Q8WWW8,,missing_pdb,False
Q8WX92,/data/ranran/my_ptm/croton/data/structure_pipeline/pdb/Q8WX92.pdb,exact_sequence_match,True
Q8WX94,,missing_pdb,False
Q8WXD2,,missing_pdb,False
Q8WXD9,,missing_pdb,False
Q8WXH0,,missing_pdb,False
Q8WXI7,,missing_pdb,False
Q8WXK3,,missing_pdb,False
Q8WXU2,,missing_pdb,False
Q8WY36,,missing_pdb,False
Q8WY54,,missing_pdb,False
Q8WYA0,,missing_pdb,False
Q8WYL5,,missing_pdb,False
Q8WYQ4,,missing_pdb,False
Q8WYQ5,,missing_pdb,False
Q8WZ33,,missing_pdb,False
Q8WZ42,,missing_pdb,False
Q8WZ64,,missing_pdb,False
Q8WZ69,,missing_pdb,False
Q8WZA1,,missing_pdb,False
Q92499,/data/ranran/my_ptm/croton/data/structure_pipeline/pdb/Q92499.pdb,exact_sequence_match,True
Q92508,,missing_pdb,False
Q92520,,missing_pdb,False
Q92529,,missing_pdb,False
Q92540,,missing_pdb,False
Q92545,,missing_pdb,False
Q92563,,missing_pdb,False
Q92574,/data/ranran/my_ptm/croton/data/structure_pipeline/pdb/Q92574.pdb,exact_sequence_match,True
Q92614,/data/ranran/my_ptm/croton/data/structure_pipeline/pdb/Q92614.pdb,exact_sequence_match,True
Q92616,/data/ranran/my_ptm/croton/data/structure_pipeline/pdb/Q92616.pdb;/data/ranran/my_ptm/croton/data/structure_pipeline/pdb/AF-Q92616-F1-model_v6.pdb,sequence_mismatch,False
Q92624,,missing_pdb,False
Q92673,,missing_pdb,False
Q92769,/data/ranran/my_ptm/croton/data/structure_pipeline/pdb/Q92769.pdb,exact_sequence_match,True
Q92786,,missing_pdb,False
Q92794,,missing_pdb,False
Q92820,/data/ranran/my_ptm/croton/data/structure_pipeline/pdb/Q92820.pdb,exact_sequence_match,True
Q92823,,missing_pdb,False
Q92831,,missing_pdb,False
Q92835,,missing_pdb,False
Q92837,,missing_pdb,False
Q92839,,missing_pdb,False
Q92851,,missing_pdb,False
Q92859,,missing_pdb,False
Q92879,,missing_pdb,False
Q92882,,missing_pdb,False
Q92889,/data/ranran/my_ptm/croton/data/structure_pipeline/pdb/Q92889.pdb,exact_sequence_match,True
Q92890,/data/ranran/my_ptm/croton/data/structure_pipeline/pdb/Q92890.pdb,exact_sequence_match,True
Q92896,/data/ranran/my_ptm/croton/data/structure_pipeline/pdb/Q92896.pdb,exact_sequence_match,True
Q92922,,missing_pdb,False
Q92925,,missing_pdb,False
Q92954,,missing_pdb,False
Q92959,,missing_pdb,False
Q92995,,missing_pdb,False
Q93008,,missing_pdb,False
Q93034,/data/ranran/my_ptm/croton/data/structure_pipeline/pdb/Q93034.pdb,exact_sequence_match,True
Q93070,,missing_pdb,False
Q93084,,missing_pdb,False
Q93086,,missing_pdb,False
Q969F9,,missing_pdb,False
Q969H8,/data/ranran/my_ptm/croton/data/structure_pipeline/pdb/Q969H8.pdb,exact_sequence_match,True
Q969N2,,missing_pdb,False
Q969Q1,,missing_pdb,False
Q969Q6,,missing_pdb,False
Q969V6,,missing_pdb,False
Q969X5,/data/ranran/my_ptm/croton/data/structure_pipeline/pdb/Q969X5.pdb,exact_sequence_match,True
Q969Z0,/data/ranran/my_ptm/croton/data/structure_pipeline/pdb/Q969Z0.pdb,exact_sequence_match,True
Q96A65,,missing_pdb,False
Q96AP4,,missing_pdb,False
Q96AQ2,,missing_pdb,False
Q96AX1,,missing_pdb,False
Q96B23,,missing_pdb,False
Q96B97,/data/ranran/my_ptm/croton/data/structure_pipeline/pdb/Q96B97.pdb,exact_sequence_match,True
Q96BA8,,missing_pdb,False
Q96BD8,/data/ranran/my_ptm/croton/data/structure_pipeline/pdb/Q96BD8.pdb,exact_sequence_match,True
Q96BM0,,missing_pdb,False
Q96BP3,/data/ranran/my_ptm/croton/data/structure_pipeline/pdb/Q96BP3.pdb,exact_sequence_match,True
Q96BR9,,missing_pdb,False
Q96BT1,,missing_pdb,False
Q96BV0,,missing_pdb,False
Q96BY6,,missing_pdb,False
Q96C45,,missing_pdb,False
Q96CP2,,missing_pdb,False
Q96CW1,/data/ranran/my_ptm/croton/data/structure_pipeline/pdb/Q96CW1.pdb,exact_sequence_match,True
Q96DA0,,missing_pdb,False
Q96DI7,/data/ranran/my_ptm/croton/data/structure_pipeline/pdb/Q96DI7.pdb,exact_sequence_match,True
Q96DY7,,missing_pdb,False
Q96DZ5,,missing_pdb,False
Q96EA4,/data/ranran/my_ptm/croton/data/structure_pipeline/pdb/Q96EA4.pdb,exact_sequence_match,True
Q96EN8,,missing_pdb,False
Q96EV2,,missing_pdb,False
Q96F15,,missing_pdb,False
Q96F24,/data/ranran/my_ptm/croton/data/structure_pipeline/pdb/Q96F24.pdb,exact_sequence_match,True
Q96FC9,,missing_pdb,False
Q96FJ0,,missing_pdb,False
Q96FV9,/data/ranran/my_ptm/croton/data/structure_pipeline/pdb/Q96FV9.pdb,exact_sequence_match,True
Q96GC6,,missing_pdb,False
Q96GC9,,missing_pdb,False
Q96GE4,,missing_pdb,False
Q96GM8,,missing_pdb,False
Q96GR2,,missing_pdb,False
Q96GY0,,missing_pdb,False
Q96H22,,missing_pdb,False
Q96HE7,,missing_pdb,False
Q96HP4,,missing_pdb,False
Q96HW7,,missing_pdb,False
Q96I25,/data/ranran/my_ptm/croton/data/structure_pipeline/pdb/Q96I25.pdb,exact_sequence_match,True
Q96IY4,,missing_pdb,False
Q96JB2,/data/ranran/my_ptm/croton/data/structure_pipeline/pdb/Q96JB2.pdb,exact_sequence_match,True
Q96JE9,,missing_pdb,False
Q96JG9,,missing_pdb,False
Q96JI7,,missing_pdb,False
Q96JJ6,,missing_pdb,False
Q96JM2,,missing_pdb,False
Q96JM7,,missing_pdb,False
Q96JP5,,missing_pdb,False
Q96K30,,missing_pdb,False
Q96K31,,missing_pdb,False
Q96K37,,missing_pdb,False
Q96K76,/data/ranran/my_ptm/croton/data/structure_pipeline/pdb/Q96K76.pdb,exact_sequence_match,True
Q96K80,,missing_pdb,False
Q96KM6,/data/ranran/my_ptm/croton/data/structure_pipeline/pdb/Q96KM6.pdb,exact_sequence_match,True
Q96KN2,,missing_pdb,False
Q96KR7,,missing_pdb,False
Q96KX2,,missing_pdb,False
Q96L21,,missing_pdb,False
Q96L91,,missing_pdb,False
Q96L93,,missing_pdb,False
Q96L96,,missing_pdb,False
Q96LA5,,missing_pdb,False
Q96LW4,,missing_pdb,False
Q96M34,,missing_pdb,False
Q96M89,,missing_pdb,False
Q96MC4,,missing_pdb,False
Q96ME1,/data/ranran/my_ptm/croton/data/structure_pipeline/pdb/Q96ME1.pdb;/data/ranran/my_ptm/croton/data/structure_pipeline/pdb/AF-Q96ME1-F1-model_v6.pdb,sequence_mismatch,False
Q96MH7,,missing_pdb,False
Q96MX6,,missing_pdb,False
Q96MY7,,missing_pdb,False
Q96N16,,missing_pdb,False
Q96N23,,missing_pdb,False
Q96N96,,missing_pdb,False
Q96NG3,,missing_pdb,False
Q96NN9,,missing_pdb,False
Q96NR3,,missing_pdb,False
Q96P31,,missing_pdb,False
Q96P44,,missing_pdb,False
Q96P48,/data/ranran/my_ptm/croton/data/structure_pipeline/pdb/Q96P48.pdb,exact_sequence_match,True
Q96P50,,missing_pdb,False
Q96P66,,missing_pdb,False
Q96PB1,,missing_pdb,False
Q96PC5,/data/ranran/my_ptm/croton/data/structure_pipeline/pdb/Q96PC5.pdb,exact_sequence_match,True
Q96PD5,,missing_pdb,False
Q96PE2,,missing_pdb,False
Q96PM9,,missing_pdb,False
Q96PN6,,missing_pdb,False
Q96PP9,,missing_pdb,False
Q96PQ7,,missing_pdb,False
Q96PX1,,missing_pdb,False
Q96PX9,,missing_pdb,False
Q96PZ7,,missing_pdb,False
Q96Q04,,missing_pdb,False
Q96Q06,,missing_pdb,False
Q96Q89,,missing_pdb,False
Q96QA5,,missing_pdb,False
Q96QB1,,missing_pdb,False
Q96QD5,/data/ranran/my_ptm/croton/data/structure_pipeline/pdb/Q96QD5.pdb,exact_sequence_match,True
Q96QE3,,missing_pdb,False
Q96QF0,,missing_pdb,False
Q96QP1,,missing_pdb,False
Q96QS6,,missing_pdb,False
Q96QU8,/data/ranran/my_ptm/croton/data/structure_pipeline/pdb/Q96QU8.pdb,exact_sequence_match,True
Q96QZ0,,missing_pdb,False
Q96R06,/data/ranran/my_ptm/croton/data/structure_pipeline/pdb/Q96R06.pdb,exact_sequence_match,True
Q96RI0,,missing_pdb,False
Q96RI1,,missing_pdb,False
Q96RL6,,missing_pdb,False
Q96RR4,,missing_pdb,False
Q96RU2,/data/ranran/my_ptm/croton/data/structure_pipeline/pdb/Q96RU2.pdb,exact_sequence_match,True
Q96RV3,,missing_pdb,False
Q96S59,,missing_pdb,False
Q96S86,,missing_pdb,False
Q96S94,,missing_pdb,False
Q96SB3,,missing_pdb,False
Q96SL4,,missing_pdb,False
Q96ST8,,missing_pdb,False
Q96T21,,missing_pdb,False
Q96T68,,missing_pdb,False
Q96TC7,/data/ranran/my_ptm/croton/data/structure_pipeline/pdb/Q96TC7.pdb,exact_sequence_match,True
Q99102,,missing_pdb,False
Q99259,,missing_pdb,False
Q99442,/data/ranran/my_ptm/croton/data/structure_pipeline/pdb/Q99442.pdb,exact_sequence_match,True
Q99457,,missing_pdb,False
Q99459,/data/ranran/my_ptm/croton/data/structure_pipeline/pdb/Q99459.pdb,exact_sequence_match,True
Q99466,,missing_pdb,False
Q99497,/data/ranran/my_ptm/croton/data/structure_pipeline/pdb/Q99497.pdb,exact_sequence_match,True
Q99549,,missing_pdb,False
Q99551,,missing_pdb,False
Q99593,,missing_pdb,False
Q99608,,missing_pdb,False
Q99615,/data/ranran/my_ptm/croton/data/structure_pipeline/pdb/Q99615.pdb,exact_sequence_match,True
Q99698,,missing_pdb,False
Q99715,,missing_pdb,False
Q99728,,missing_pdb,False
Q99741,,missing_pdb,False
Q99742,,missing_pdb,False
Q99758,,missing_pdb,False
Q99767,,missing_pdb,False
Q99784,/data/ranran/my_ptm/croton/data/structure_pipeline/pdb/Q99784.pdb,exact_sequence_match,True
Q99832,/data/ranran/my_ptm/croton/data/structure_pipeline/pdb/Q99832.pdb,exact_sequence_match,True
Q99959,,missing_pdb,False
Q99961,/data/ranran/my_ptm/croton/data/structure_pipeline/pdb/Q99961.pdb,exact_sequence_match,True
Q99973,,missing_pdb,False
Q99996,,missing_pdb,False
Q99999,,missing_pdb,False
Q9BPW5,,missing_pdb,False
Q9BPZ3,,missing_pdb,False
Q9BQ04,,missing_pdb,False
Q9BQ51,,missing_pdb,False
Q9BQ61,/data/ranran/my_ptm/croton/data/structure_pipeline/pdb/Q9BQ61.pdb,exact_sequence_match,True
Q9BQE4,,missing_pdb,False
Q9BQK8,,missing_pdb,False
Q9BQL6,,missing_pdb,False
Q9BQW3,,missing_pdb,False
Q9BRJ2,/data/ranran/my_ptm/croton/data/structure_pipeline/pdb/Q9BRJ2.pdb,exact_sequence_match,True
Q9BRX5,/data/ranran/my_ptm/croton/data/structure_pipeline/pdb/Q9BRX5.pdb,exact_sequence_match,True
Q9BS26,/data/ranran/my_ptm/croton/data/structure_pipeline/pdb/Q9BS26.pdb,exact_sequence_match,True
Q9BSG1,,missing_pdb,False
Q9BSJ2,/data/ranran/my_ptm/croton/data/structure_pipeline/pdb/Q9BSJ2.pdb,exact_sequence_match,True
Q9BSK4,,missing_pdb,False
Q9BTC0,/data/ranran/my_ptm/croton/data/structure_pipeline/pdb/Q9BTC0.pdb,exact_sequence_match,True
Q9BTT4,/data/ranran/my_ptm/croton/data/structure_pipeline/pdb/Q9BTT4.pdb,exact_sequence_match,True
Q9BTW9,/data/ranran/my_ptm/croton/data/structure_pipeline/pdb/Q9BTW9.pdb,exact_sequence_match,True
Q9BU19,,missing_pdb,False
Q9BU64,,missing_pdb,False
Q9BU76,,missing_pdb,False
Q9BUY7,,missing_pdb,False
Q9BV36,,missing_pdb,False
Q9BV73,,missing_pdb,False
Q9BV86,,missing_pdb,False
Q9BVI0,,missing_pdb,False
Q9BVJ6,/data/ranran/my_ptm/croton/data/structure_pipeline/pdb/Q9BVJ6.pdb,exact_sequence_match,True
Q9BVS5,,missing_pdb,False
Q9BVV6,,missing_pdb,False
Q9BW19,,missing_pdb,False
Q9BW27,/data/ranran/my_ptm/croton/data/structure_pipeline/pdb/Q9BW27.pdb,exact_sequence_match,True
Q9BW83,/data/ranran/my_ptm/croton/data/structure_pipeline/pdb/Q9BW83.pdb,exact_sequence_match,True
Q9BWP8,,missing_pdb,False
Q9BWV3,,missing_pdb,False
Q9BWW9,,missing_pdb,False
Q9BX26,,missing_pdb,False
Q9BX84,,missing_pdb,False
Q9BXF3,,missing_pdb,False
Q9BXF9,,missing_pdb,False
Q9BXI2,,missing_pdb,False
Q9BXI6,,missing_pdb,False
Q9BXM0,,missing_pdb,False
Q9BXW9,/data/ranran/my_ptm/croton/data/structure_pipeline/pdb/Q9BXW9.pdb,exact_sequence_match,True
Q9BY11,,missing_pdb,False
Q9BY32,/data/ranran/my_ptm/croton/data/structure_pipeline/pdb/Q9BY32.pdb,exact_sequence_match,True
Q9BY76,,missing_pdb,False
Q9BY89,/data/ranran/my_ptm/croton/data/structure_pipeline/pdb/Q9BY89.pdb,exact_sequence_match,True
Q9BYC5,,missing_pdb,False
Q9BYE7,,missing_pdb,False
Q9BYG5,,missing_pdb,False
Q9BYT8,/data/ranran/my_ptm/croton/data/structure_pipeline/pdb/Q9BYT8.pdb,exact_sequence_match,True
Q9BYV6,,missing_pdb,False
Q9BYV9,,missing_pdb,False
Q9BYW2,/data/ranran/my_ptm/croton/data/structure_pipeline/pdb/Q9BYW2.pdb,exact_sequence_match,True
Q9BZC7,,missing_pdb,False
Q9BZF1,/data/ranran/my_ptm/croton/data/structure_pipeline/pdb/Q9BZF1.pdb,exact_sequence_match,True
Q9BZF9,/data/ranran/my_ptm/croton/data/structure_pipeline/pdb/Q9BZF9.pdb,exact_sequence_match,True
Q9BZI1,,missing_pdb,False
Q9BZJ6,,missing_pdb,False
Q9BZK7,,missing_pdb,False
Q9BZL6,,missing_pdb,False
Q9BZM4,,missing_pdb,False
Q9BZQ2,,missing_pdb,False
Q9BZR9,,missing_pdb,False
Q9BZV3,,missing_pdb,False
Q9BZZ2,,missing_pdb,False
Q9C035,,missing_pdb,False
Q9C075,,missing_pdb,False
Q9C099,,missing_pdb,False
Q9C0A1,,missing_pdb,False
Q9C0D2,,missing_pdb,False
Q9C0D4,,missing_pdb,False
Q9C0D7,,missing_pdb,False
Q9C0F0,,missing_pdb,False
Q9C0F1,,missing_pdb,False
Q9C0G0,,missing_pdb,False
Q9C0G6,,missing_pdb,False
Q9C0I3,,missing_pdb,False
Q9C0K3,,missing_pdb,False
Q9GZN1,,missing_pdb,False
Q9GZQ3,/data/ranran/my_ptm/croton/data/structure_pipeline/pdb/Q9GZQ3.pdb,exact_sequence_match,True
Q9GZR1,,missing_pdb,False
Q9GZR2,/data/ranran/my_ptm/croton/data/structure_pipeline/pdb/Q9GZR2.pdb,exact_sequence_match,True
Q9GZR7,/data/ranran/my_ptm/croton/data/structure_pipeline/pdb/Q9GZR7.pdb,exact_sequence_match,True
Q9GZS1,/data/ranran/my_ptm/croton/data/structure_pipeline/pdb/Q9GZS1.pdb,exact_sequence_match,True
Q9GZT6,,missing_pdb,False
Q9GZV1,,missing_pdb,False
Q9GZY8,/data/ranran/my_ptm/croton/data/structure_pipeline/pdb/Q9GZY8.pdb,exact_sequence_match,True
Q9GZZ1,/data/ranran/my_ptm/croton/data/structure_pipeline/pdb/Q9GZZ1.pdb,exact_sequence_match,True
Q9H0A0,/data/ranran/my_ptm/croton/data/structure_pipeline/pdb/Q9H0A0.pdb,exact_sequence_match,True
Q9H0A3,,missing_pdb,False
Q9H0C3,,missing_pdb,False
Q9H0D6,/data/ranran/my_ptm/croton/data/structure_pipeline/pdb/Q9H0D6.pdb,exact_sequence_match,True
Q9H0E3,/data/ranran/my_ptm/croton/data/structure_pipeline/pdb/Q9H0E3.pdb,exact_sequence_match,True
Q9H0F7,,missing_pdb,False
Q9H0G5,,missing_pdb,False
Q9H0J9,,missing_pdb,False
Q9H0K1,,missing_pdb,False
Q9H0K6,,missing_pdb,False
Q9H0V1,,missing_pdb,False
Q9H173,,missing_pdb,False
Q9H1D9,,missing_pdb,False
Q9H1J7,,missing_pdb,False
Q9H201,/data/ranran/my_ptm/croton/data/structure_pipeline/pdb/Q9H201.pdb,exact_sequence_match,True
Q9H228,,missing_pdb,False
Q9H2C2,,missing_pdb,False
Q9H2E6,,missing_pdb,False
Q9H2G9,,missing_pdb,False
Q9H2M9,/data/ranran/my_ptm/croton/data/structure_pipeline/pdb/Q9H2M9.pdb,exact_sequence_match,True
Q9H2P0,,missing_pdb,False
Q9H2S9,,missing_pdb,False
Q9H2X8,,missing_pdb,False
Q9H2Z4,,missing_pdb,False
Q9H347,,missing_pdb,False
Q9H3H5,/data/ranran/my_ptm/croton/data/structure_pipeline/pdb/Q9H3H5.pdb,exact_sequence_match,True
Q9H3N1,,missing_pdb,False
Q9H3Q1,/data/ranran/my_ptm/croton/data/structure_pipeline/pdb/Q9H3Q1.pdb,exact_sequence_match,True
Q9H3T3,,missing_pdb,False
Q9H422,,missing_pdb,False
Q9H479,/data/ranran/my_ptm/croton/data/structure_pipeline/pdb/Q9H479.pdb,exact_sequence_match,True
Q9H488,,missing_pdb,False
Q9H489,,missing_pdb,False
Q9H4A6,/data/ranran/my_ptm/croton/data/structure_pipeline/pdb/Q9H4A6.pdb,exact_sequence_match,True
Q9H4B8,,missing_pdb,False
Q9H4G4,,missing_pdb,False
Q9H4H8,,missing_pdb,False
Q9H4I0,,missing_pdb,False
Q9H4I3,,missing_pdb,False
Q9H4M3,,missing_pdb,False
Q9H501,/data/ranran/my_ptm/croton/data/structure_pipeline/pdb/Q9H501.pdb,exact_sequence_match,True
Q9H579,,missing_pdb,False
Q9H5J4,,missing_pdb,False
Q9H6B4,,missing_pdb,False
Q9H6Q3,,missing_pdb,False
Q9H6R0,,missing_pdb,False
Q9H6R3,,missing_pdb,False
Q9H6T0,/data/ranran/my_ptm/croton/data/structure_pipeline/pdb/Q9H6T0.pdb,exact_sequence_match,True
Q9H6U6,,missing_pdb,False
Q9H6Z4,/data/ranran/my_ptm/croton/data/structure_pipeline/pdb/Q9H6Z4.pdb,exact_sequence_match,True
Q9H741,,missing_pdb,False
Q9H7E2,/data/ranran/my_ptm/croton/data/structure_pipeline/pdb/Q9H7E2.pdb,exact_sequence_match,True
Q9H7F0,,missing_pdb,False
Q9H7U1,,missing_pdb,False
Q9H814,/data/ranran/my_ptm/croton/data/structure_pipeline/pdb/Q9H814.pdb,exact_sequence_match,True
Q9H857,,missing_pdb,False
Q9H8X2,,missing_pdb,False
Q9H8Y8,/data/ranran/my_ptm/croton/data/structure_pipeline/pdb/Q9H8Y8.pdb,exact_sequence_match,True
Q9H902,,missing_pdb,False
Q9H939,,missing_pdb,False
Q9H9A5,,missing_pdb,False
Q9H9B4,/data/ranran/my_ptm/croton/data/structure_pipeline/pdb/Q9H9B4.pdb,exact_sequence_match,True
Q9H9C1,/data/ranran/my_ptm/croton/data/structure_pipeline/pdb/Q9H9C1.pdb,exact_sequence_match,True
Q9H9E3,/data/ranran/my_ptm/croton/data/structure_pipeline/pdb/Q9H9E3.pdb,exact_sequence_match,True
Q9H9G7,,missing_pdb,False
Q9H9Q2,,missing_pdb,False
Q9HAC7,,missing_pdb,False
Q9HAT8,,missing_pdb,False
Q9HAW4,,missing_pdb,False
Q9HAZ2,,missing_pdb,False
Q9HB71,/data/ranran/my_ptm/croton/data/structure_pipeline/pdb/Q9HB71.pdb,exact_sequence_match,True
Q9HBH7,,missing_pdb,False
Q9HBI1,,missing_pdb,False
Q9HC36,/data/ranran/my_ptm/croton/data/structure_pipeline/pdb/Q9HC36.pdb,exact_sequence_match,True
Q9HC38,/data/ranran/my_ptm/croton/data/structure_pipeline/pdb/Q9HC38.pdb,exact_sequence_match,True
Q9HC77,,missing_pdb,False
Q9HC84,,missing_pdb,False
Q9HCD6,,missing_pdb,False
Q9HCE3,,missing_pdb,False
Q9HCG7,,missing_pdb,False
Q9HCG8,,missing_pdb,False
Q9HCH3,,missing_pdb,False
Q9HCI7,,missing_pdb,False
Q9HCJ1,,missing_pdb,False
Q9HCJ5,,missing_pdb,False
Q9HCL0,,missing_pdb,False
Q9HCM3,,missing_pdb,False
Q9HCS5,,missing_pdb,False
Q9HD15,,missing_pdb,False
Q9HD90,,missing_pdb,False
Q9NNW7,,missing_pdb,False
Q9NNZ6,,missing_pdb,False
Q9NP08,,missing_pdb,False
Q9NP59,,missing_pdb,False
Q9NP62,,missing_pdb,False
Q9NP64,,missing_pdb,False
Q9NP73,,missing_pdb,False
Q9NP97,,missing_pdb,False
Q9NP99,,missing_pdb,False
Q9NPB3,,missing_pdb,False
Q9NPC3,,missing_pdb,False
Q9NPF8,/data/ranran/my_ptm/croton/data/structure_pipeline/pdb/Q9NPF8.pdb,exact_sequence_match,True
Q9NPH3,,missing_pdb,False
Q9NPR2,,missing_pdb,False
Q9NQ29,,missing_pdb,False
Q9NQ32,,missing_pdb,False
Q9NQ35,,missing_pdb,False
Q9NQ38,,missing_pdb,False
Q9NQ50,,missing_pdb,False
Q9NQ55,/data/ranran/my_ptm/croton/data/structure_pipeline/pdb/Q9NQ55.pdb,exact_sequence_match,True
Q9NQ66,,missing_pdb,False
Q9NQ79,,missing_pdb,False
Q9NQA5,,missing_pdb,False
Q9NQB0,,missing_pdb,False
Q9NQC3,/data/ranran/my_ptm/croton/data/structure_pipeline/pdb/Q9NQC3.pdb,exact_sequence_match,True
Q9NQC7,,missing_pdb,False
Q9NQH7,,missing_pdb,False
Q9NQS1,,missing_pdb,False
Q9NQT8,,missing_pdb,False
Q9NQV6,,missing_pdb,False
Q9NQW7,/data/ranran/my_ptm/croton/data/structure_pipeline/pdb/Q9NQW7.pdb,exact_sequence_match,True
Q9NQX0,,missing_pdb,False
Q9NQX3,/data/ranran/my_ptm/croton/data/structure_pipeline/pdb/Q9NQX3.pdb,exact_sequence_match,True
Q9NR09,,missing_pdb,False
Q9NR20,,missing_pdb,False
Q9NR48,,missing_pdb,False
Q9NR50,/data/ranran/my_ptm/croton/data/structure_pipeline/pdb/Q9NR50.pdb,exact_sequence_match,True
Q9NR77,,missing_pdb,False
Q9NR82,,missing_pdb,False
Q9NR83,,missing_pdb,False
Q9NRB3,,missing_pdb,False
Q9NRH2,/data/ranran/my_ptm/croton/data/structure_pipeline/pdb/Q9NRH2.pdb,exact_sequence_match,True
Q9NRL2,/data/ranran/my_ptm/croton/data/structure_pipeline/pdb/Q9NRL2.pdb,exact_sequence_match,True
Q9NRM0,,missing_pdb,False
Q9NRM6,,missing_pdb,False
Q9NRR4,,missing_pdb,False
Q9NRR6,,missing_pdb,False
Q9NRY4,,missing_pdb,False
Q9NS87,/data/ranran/my_ptm/croton/data/structure_pipeline/pdb/Q9NS87.pdb,exact_sequence_match,True
Q9NSD4,,missing_pdb,False
Q9NSD9,/data/ranran/my_ptm/croton/data/structure_pipeline/pdb/Q9NSD9.pdb,exact_sequence_match,True
Q9NSE4,/data/ranran/my_ptm/croton/data/structure_pipeline/pdb/Q9NSE4.pdb,exact_sequence_match,True
Q9NSI6,,missing_pdb,False
Q9NSY1,,missing_pdb,False
Q9NU02,,missing_pdb,False
Q9NU22,,missing_pdb,False
Q9NUD7,,missing_pdb,False
Q9NUJ1,,missing_pdb,False
Q9NUL3,/data/ranran/my_ptm/croton/data/structure_pipeline/pdb/Q9NUL3.pdb,exact_sequence_match,True
Q9NUP7,,missing_pdb,False
Q9NUQ6,,missing_pdb,False
Q9NV70,/data/ranran/my_ptm/croton/data/structure_pipeline/pdb/Q9NV70.pdb,exact_sequence_match,True
Q9NV88,,missing_pdb,False
Q9NVA1,,missing_pdb,False
Q9NVC6,/data/ranran/my_ptm/croton/data/structure_pipeline/pdb/Q9NVC6.pdb,exact_sequence_match,True
Q9NVE5,,missing_pdb,False
Q9NVF7,,missing_pdb,False
Q9NVH1,/data/ranran/my_ptm/croton/data/structure_pipeline/pdb/Q9NVH1.pdb,exact_sequence_match,True
Q9NVH2,/data/ranran/my_ptm/croton/data/structure_pipeline/pdb/Q9NVH2.pdb,exact_sequence_match,True
Q9NVM9,/data/ranran/my_ptm/croton/data/structure_pipeline/pdb/Q9NVM9.pdb,exact_sequence_match,True
Q9NVN8,/data/ranran/my_ptm/croton/data/structure_pipeline/pdb/Q9NVN8.pdb,exact_sequence_match,True
Q9NVR2,,missing_pdb,False
Q9NVR5,,missing_pdb,False
Q9NVR7,,missing_pdb,False
Q9NVX7,,missing_pdb,False
Q9NW08,/data/ranran/my_ptm/croton/data/structure_pipeline/pdb/Q9NW08.pdb,exact_sequence_match,True
Q9NW13,/data/ranran/my_ptm/croton/data/structure_pipeline/pdb/Q9NW13.pdb,exact_sequence_match,True
Q9NW75,,missing_pdb,False
Q9NWS8,/data/ranran/my_ptm/croton/data/structure_pipeline/pdb/Q9NWS8.pdb,exact_sequence_match,True
Q9NWU5,,missing_pdb,False
Q9NWV4,/data/ranran/my_ptm/croton/data/structure_pipeline/pdb/Q9NWV4.pdb,exact_sequence_match,True
Q9NWX5,,missing_pdb,False
Q9NWZ8,,missing_pdb,False
Q9NX57,,missing_pdb,False
Q9NX58,/data/ranran/my_ptm/croton/data/structure_pipeline/pdb/Q9NX58.pdb;/data/ranran/my_ptm/croton/data/structure_pipeline/pdb/AF-Q9NX58-F1-model_v6.pdb,sequence_mismatch,False
Q9NX77,,missing_pdb,False
Q9NXB9,,missing_pdb,False
Q9NXG0,,missing_pdb,False
Q9NXL9,,missing_pdb,False
Q9NXR1,/data/ranran/my_ptm/croton/data/structure_pipeline/pdb/Q9NXR1.pdb,exact_sequence_match,True
Q9NXZ1,,missing_pdb,False
Q9NY15,,missing_pdb,False
Q9NY47,,missing_pdb,False
Q9NY61,/data/ranran/my_ptm/croton/data/structure_pipeline/pdb/Q9NY61.pdb,exact_sequence_match,True
Q9NY74,/data/ranran/my_ptm/croton/data/structure_pipeline/pdb/Q9NY74.pdb,exact_sequence_match,True
Q9NY97,,missing_pdb,False
Q9NYB9,/data/ranran/my_ptm/croton/data/structure_pipeline/pdb/Q9NYB9.pdb,exact_sequence_match,True
Q9NYH9,/data/ranran/my_ptm/croton/data/structure_pipeline/pdb/Q9NYH9.pdb,exact_sequence_match,True
Q9NYI0,,missing_pdb,False
Q9NYL5,,missing_pdb,False
Q9NYQ7,,missing_pdb,False
Q9NYU2,/data/ranran/my_ptm/croton/data/structure_pipeline/pdb/Q9NYU2.pdb,exact_sequence_match,True
Q9NYY8,,missing_pdb,False
Q9NZ32,/data/ranran/my_ptm/croton/data/structure_pipeline/pdb/Q9NZ32.pdb,exact_sequence_match,True
Q9NZ52,/data/ranran/my_ptm/croton/data/structure_pipeline/pdb/Q9NZ52.pdb,exact_sequence_match,True
Q9NZC9,,missing_pdb,False
Q9NZI2,,missing_pdb,False
Q9NZJ4,,missing_pdb,False
Q9NZL3,,missing_pdb,False
Q9NZM5,/data/ranran/my_ptm/croton/data/structure_pipeline/pdb/Q9NZM5.pdb,exact_sequence_match,True
Q9NZP8,,missing_pdb,False
Q9P055,,missing_pdb,False
Q9P0I2,/data/ranran/my_ptm/croton/data/structure_pipeline/pdb/Q9P0I2.pdb,exact_sequence_match,True
Q9P0J6,,missing_pdb,False
Q9P0K7,/data/ranran/my_ptm/croton/data/structure_pipeline/pdb/Q9P0K7.pdb,exact_sequence_match,True
Q9P0W8,,missing_pdb,False
Q9P1A6,,missing_pdb,False
Q9P1W3,,missing_pdb,False
Q9P1W9,,missing_pdb,False
Q9P202,,missing_pdb,False
Q9P203,,missing_pdb,False
Q9P218,,missing_pdb,False
Q9P219,/data/ranran/my_ptm/croton/data/structure_pipeline/pdb/Q9P219.pdb,exact_sequence_match,True
Q9P241,,missing_pdb,False
Q9P244,,missing_pdb,False
Q9P258,/data/ranran/my_ptm/croton/data/structure_pipeline/pdb/Q9P258.pdb,exact_sequence_match,True
Q9P260,/data/ranran/my_ptm/croton/data/structure_pipeline/pdb/Q9P260.pdb,exact_sequence_match,True
Q9P266,,missing_pdb,False
Q9P275,,missing_pdb,False
Q9P299,,missing_pdb,False
Q9P2B7,,missing_pdb,False
Q9P2D1,,missing_pdb,False
Q9P2D3,,missing_pdb,False
Q9P2D6,,missing_pdb,False
Q9P2D8,,missing_pdb,False
Q9P2E2,,missing_pdb,False
Q9P2E9,/data/ranran/my_ptm/croton/data/structure_pipeline/pdb/Q9P2E9.pdb,exact_sequence_match,True
Q9P2F5,,missing_pdb,False
Q9P2H5,,missing_pdb,False
Q9P2K2,,missing_pdb,False
Q9P2K3,/data/ranran/my_ptm/croton/data/structure_pipeline/pdb/Q9P2K3.pdb,exact_sequence_match,True
Q9P2K5,,missing_pdb,False
Q9P2K9,,missing_pdb,False
Q9P2L0,,missing_pdb,False
Q9P2N4,,missing_pdb,False
Q9P2P1,,missing_pdb,False
Q9P2P6,,missing_pdb,False
Q9P2Y5,,missing_pdb,False
Q9UBC5,,missing_pdb,False
Q9UBJ2,,missing_pdb,False
Q9UBK2,,missing_pdb,False
Q9UBP9,/data/ranran/my_ptm/croton/data/structure_pipeline/pdb/Q9UBP9.pdb,exact_sequence_match,True
Q9UBR2,/data/ranran/my_ptm/croton/data/structure_pipeline/pdb/Q9UBR2.pdb,exact_sequence_match,True
Q9UBT6,,missing_pdb,False
Q9UBX1,,missing_pdb,False
Q9UDR5,,missing_pdb,False
Q9UDX4,,missing_pdb,False
Q9UF33,,missing_pdb,False
Q9UFD9,,missing_pdb,False
Q9UG01,,missing_pdb,False
Q9UG56,,missing_pdb,False
Q9UGL1,,missing_pdb,False
Q9UGM5,,missing_pdb,False
Q9UGN5,/data/ranran/my_ptm/croton/data/structure_pipeline/pdb/Q9UGN5.pdb,exact_sequence_match,True
Q9UGU5,,missing_pdb,False
Q9UH90,,missing_pdb,False
Q9UH99,,missing_pdb,False
Q9UHB6,/data/ranran/my_ptm/croton/data/structure_pipeline/pdb/Q9UHB6.pdb,exact_sequence_match,True
Q9UHD8,/data/ranran/my_ptm/croton/data/structure_pipeline/pdb/Q9UHD8.pdb,exact_sequence_match,True
Q9UHF7,,missing_pdb,False
Q9UHH9,,missing_pdb,False
Q9UHN6,,missing_pdb,False
Q9UHQ9,/data/ranran/my_ptm/croton/data/structure_pipeline/pdb/Q9UHQ9.pdb,exact_sequence_match,True
Q9UHR5,,missing_pdb,False
Q9UHV7,,missing_pdb,False
Q9UHW9,/data/ranran/my_ptm/croton/data/structure_pipeline/pdb/Q9UHW9.pdb,exact_sequence_match,True
Q9UI12,/data/ranran/my_ptm/croton/data/structure_pipeline/pdb/Q9UI12.pdb,exact_sequence_match,True
Q9UI26,,missing_pdb,False
Q9UI32,,missing_pdb,False
Q9UIA9,/data/ranran/my_ptm/croton/data/structure_pipeline/pdb/Q9UIA9.pdb,exact_sequence_match,True
Q9UID6,,missing_pdb,False
Q9UIF8,,missing_pdb,False
Q9UIF9,,missing_pdb,False
Q9UIG0,/data/ranran/my_ptm/croton/data/structure_pipeline/pdb/Q9UIG0.pdb,exact_sequence_match,True
Q9UII4,,missing_pdb,False
Q9UII5,,missing_pdb,False
Q9UIJ7,,missing_pdb,False
Q9UIV1,,missing_pdb,False
Q9UIV8,,missing_pdb,False
Q9UIX4,,missing_pdb,False
Q9UJ41,,missing_pdb,False
Q9UJ71,,missing_pdb,False
Q9UJC3,/data/ranran/my_ptm/croton/data/structure_pipeline/pdb/Q9UJC3.pdb,exact_sequence_match,True
Q9UJV3,,missing_pdb,False
Q9UJV9,/data/ranran/my_ptm/croton/data/structure_pipeline/pdb/Q9UJV9.pdb,exact_sequence_match,True
Q9UJX3,,missing_pdb,False
Q9UK17,,missing_pdb,False
Q9UK32,/data/ranran/my_ptm/croton/data/structure_pipeline/pdb/Q9UK32.pdb,exact_sequence_match,True
Q9UK55,,missing_pdb,False
Q9UK61,/data/ranran/my_ptm/croton/data/structure_pipeline/pdb/Q9UK61.pdb,exact_sequence_match,True
Q9UKA2,,missing_pdb,False
Q9UKD2,/data/ranran/my_ptm/croton/data/structure_pipeline/pdb/Q9UKD2.pdb,exact_sequence_match,True
Q9UKE5,,missing_pdb,False
Q9UKG9,,missing_pdb,False
Q9UKK3,/data/ranran/my_ptm/croton/data/structure_pipeline/pdb/Q9UKK3.pdb,exact_sequence_match,True
Q9UKN7,,missing_pdb,False
Q9UKT4,,missing_pdb,False
Q9UKU0,,missing_pdb,False
Q9UKX5,,missing_pdb,False
Q9UKY1,,missing_pdb,False
Q9UL40,,missing_pdb,False
Q9UL45,,missing_pdb,False
Q9UL51,,missing_pdb,False
Q9UL54,,missing_pdb,False
Q9ULC3,/data/ranran/my_ptm/croton/data/structure_pipeline/pdb/Q9ULC3.pdb,exact_sequence_match,True
Q9ULC4,/data/ranran/my_ptm/croton/data/structure_pipeline/pdb/Q9ULC4.pdb,exact_sequence_match,True
Q9ULD0,,missing_pdb,False
Q9ULD2,/data/ranran/my_ptm/croton/data/structure_pipeline/pdb/Q9ULD2.pdb,exact_sequence_match,True
Q9ULD4,,missing_pdb,False
Q9ULD5,,missing_pdb,False
Q9ULD9,/data/ranran/my_ptm/croton/data/structure_pipeline/pdb/Q9ULD9.pdb,exact_sequence_match,True
Q9ULE6,,missing_pdb,False
Q9ULH1,,missing_pdb,False
Q9ULI1,,missing_pdb,False
Q9ULI3,,missing_pdb,False
Q9ULI4,,missing_pdb,False
Q9ULJ1,,missing_pdb,False
Q9ULJ3,,missing_pdb,False
Q9ULK0,,missing_pdb,False
Q9ULK4,,missing_pdb,False
Q9ULL5,,missing_pdb,False
Q9ULL8,,missing_pdb,False
Q9ULM0,,missing_pdb,False
Q9ULQ0,,missing_pdb,False
Q9ULR0,/data/ranran/my_ptm/croton/data/structure_pipeline/pdb/Q9ULR0.pdb,exact_sequence_match,True
Q9ULU4,,missing_pdb,False
Q9ULW0,/data/ranran/my_ptm/croton/data/structure_pipeline/pdb/Q9ULW0.pdb,exact_sequence_match,True
Q9ULX3,/data/ranran/my_ptm/croton/data/structure_pipeline/pdb/Q9ULX3.pdb,exact_sequence_match,True
Q9UM01,,missing_pdb,False
Q9UM44,,missing_pdb,False
Q9UMD9,,missing_pdb,False
Q9UMN6,,missing_pdb,False
Q9UMQ3,,missing_pdb,False
Q9UMR7,,missing_pdb,False
Q9UMS6,,missing_pdb,False
Q9UMZ2,/data/ranran/my_ptm/croton/data/structure_pipeline/pdb/Q9UMZ2.pdb,exact_sequence_match,True
Q9UNA1,,missing_pdb,False
Q9UNQ0,,missing_pdb,False
Q9UNU6,,missing_pdb,False
Q9UNW1,,missing_pdb,False
Q9UNY4,/data/ranran/my_ptm/croton/data/structure_pipeline/pdb/Q9UNY4.pdb,exact_sequence_match,True
Q9UNZ5,/data/ranran/my_ptm/croton/data/structure_pipeline/pdb/Q9UNZ5.pdb,exact_sequence_match,True
Q9UP83,,missing_pdb,False
Q9UPA5,,missing_pdb,False
Q9UPN4,/data/ranran/my_ptm/croton/data/structure_pipeline/pdb/Q9UPN4.pdb,exact_sequence_match,True
Q9UPP5,,missing_pdb,False
Q9UPR0,/data/ranran/my_ptm/croton/data/structure_pipeline/pdb/Q9UPR0.pdb,exact_sequence_match,True
Q9UPR5,,missing_pdb,False
Q9UPT5,/data/ranran/my_ptm/croton/data/structure_pipeline/pdb/Q9UPT5.pdb,exact_sequence_match,True
Q9UPT8,,missing_pdb,False
Q9UPU3,,missing_pdb,False
Q9UPV0,,missing_pdb,False
Q9UPV9,,missing_pdb,False
Q9UPW8,,missing_pdb,False
Q9UPX6,,missing_pdb,False
Q9UQ52,,missing_pdb,False
Q9UQ53,,missing_pdb,False
Q9UQE7,/data/ranran/my_ptm/croton/data/structure_pipeline/pdb/Q9UQE7.pdb,exact_sequence_match,True
Q9UQF0,,missing_pdb,False
Q9UQL6,,missing_pdb,False
Q9XRX5,,missing_pdb,False
Q9Y217,/data/ranran/my_ptm/croton/data/structure_pipeline/pdb/Q9Y217.pdb,exact_sequence_match,True
Q9Y219,,missing_pdb,False
Q9Y234,,missing_pdb,False
Q9Y250,,missing_pdb,False
Q9Y265,,missing_pdb,False
Q9Y271,,missing_pdb,False
Q9Y274,,missing_pdb,False
Q9Y279,,missing_pdb,False
Q9Y283,,missing_pdb,False
Q9Y285,/data/ranran/my_ptm/croton/data/structure_pipeline/pdb/Q9Y285.pdb,exact_sequence_match,True
Q9Y2C4,/data/ranran/my_ptm/croton/data/structure_pipeline/pdb/Q9Y2C4.pdb,exact_sequence_match,True
Q9Y2E6,,missing_pdb,False
Q9Y2H2,/data/ranran/my_ptm/croton/data/structure_pipeline/pdb/Q9Y2H2.pdb,exact_sequence_match,True
Q9Y2H6,/data/ranran/my_ptm/croton/data/structure_pipeline/pdb/Q9Y2H6.pdb,exact_sequence_match,True
Q9Y2H9,,missing_pdb,False
Q9Y2I1,,missing_pdb,False
Q9Y2I7,,missing_pdb,False
Q9Y2K1,,missing_pdb,False
Q9Y2K5,,missing_pdb,False
Q9Y2K9,/data/ranran/my_ptm/croton/data/structure_pipeline/pdb/Q9Y2K9.pdb,exact_sequence_match,True
Q9Y2Q3,,missing_pdb,False
Q9Y2S7,/data/ranran/my_ptm/croton/data/structure_pipeline/pdb/Q9Y2S7.pdb,exact_sequence_match,True
Q9Y2W1,/data/ranran/my_ptm/croton/data/structure_pipeline/pdb/Q9Y2W1.pdb,exact_sequence_match,True
Q9Y2W2,/data/ranran/my_ptm/croton/data/structure_pipeline/pdb/Q9Y2W2.pdb,exact_sequence_match,True
Q9Y2X0,/data/ranran/my_ptm/croton/data/structure_pipeline/pdb/Q9Y2X0.pdb,exact_sequence_match,True
Q9Y2X9,,missing_pdb,False
Q9Y3A3,/data/ranran/my_ptm/croton/data/structure_pipeline/pdb/Q9Y3A3.pdb,exact_sequence_match,True
Q9Y3A5,/data/ranran/my_ptm/croton/data/structure_pipeline/pdb/Q9Y3A5.pdb,exact_sequence_match,True
Q9Y3A6,,missing_pdb,False
Q9Y3D6,/data/ranran/my_ptm/croton/data/structure_pipeline/pdb/Q9Y3D6.pdb,exact_sequence_match,True
Q9Y3P9,/data/ranran/my_ptm/croton/data/structure_pipeline/pdb/Q9Y3P9.pdb,exact_sequence_match,True
Q9Y3R5,,missing_pdb,False
Q9Y421,,missing_pdb,False
Q9Y450,/data/ranran/my_ptm/croton/data/structure_pipeline/pdb/Q9Y450.pdb,exact_sequence_match,True
Q9Y463,,missing_pdb,False
Q9Y487,,missing_pdb,False
Q9Y493,,missing_pdb,False
Q9Y4A0,,missing_pdb,False
Q9Y4A5,,missing_pdb,False
Q9Y4B4,,missing_pdb,False
Q9Y4B5,/data/ranran/my_ptm/croton/data/structure_pipeline/pdb/Q9Y4B5.pdb,exact_sequence_match,True
Q9Y4B6,,missing_pdb,False
Q9Y4C1,,missing_pdb,False
Q9Y4C8,/data/ranran/my_ptm/croton/data/structure_pipeline/pdb/Q9Y4C8.pdb,exact_sequence_match,True
Q9Y4D1,,missing_pdb,False
Q9Y4D8,,missing_pdb,False
Q9Y4E5,,missing_pdb,False
Q9Y4F3,,missing_pdb,False
Q9Y4F5,,missing_pdb,False
Q9Y4G6,/data/ranran/my_ptm/croton/data/structure_pipeline/pdb/Q9Y4G6.pdb,exact_sequence_match,True
Q9Y4G8,,missing_pdb,False
Q9Y4I1,/data/ranran/my_ptm/croton/data/structure_pipeline/pdb/Q9Y4I1.pdb,exact_sequence_match,True
Q9Y4I5,,missing_pdb,False
Q9Y4K3,,missing_pdb,False
Q9Y4K4,,missing_pdb,False
Q9Y4L1,/data/ranran/my_ptm/croton/data/structure_pipeline/pdb/Q9Y4L1.pdb,exact_sequence_match,True
Q9Y4P9,,missing_pdb,False
Q9Y530,,missing_pdb,False
Q9Y587,,missing_pdb,False
Q9Y5A7,/data/ranran/my_ptm/croton/data/structure_pipeline/pdb/Q9Y5A7.pdb,exact_sequence_match,True
Q9Y5B6,/data/ranran/my_ptm/croton/data/structure_pipeline/pdb/Q9Y5B6.pdb,exact_sequence_match,True
Q9Y5I3,,missing_pdb,False
Q9Y5N1,,missing_pdb,False
Q9Y5R6,,missing_pdb,False
Q9Y5X9,,missing_pdb,False
Q9Y5Y7,,missing_pdb,False
Q9Y603,,missing_pdb,False
Q9Y606,/data/ranran/my_ptm/croton/data/structure_pipeline/pdb/Q9Y606.pdb,exact_sequence_match,True
Q9Y608,/data/ranran/my_ptm/croton/data/structure_pipeline/pdb/Q9Y608.pdb,exact_sequence_match,True
Q9Y616,,missing_pdb,False
Q9Y618,,missing_pdb,False
Q9Y624,,missing_pdb,False
Q9Y6A2,,missing_pdb,False
Q9Y6A4,,missing_pdb,False
Q9Y6G9,/data/ranran/my_ptm/croton/data/structure_pipeline/pdb/Q9Y6G9.pdb,exact_sequence_match,True
Q9Y6M1,/data/ranran/my_ptm/croton/data/structure_pipeline/pdb/Q9Y6M1.pdb,exact_sequence_match,True
Q9Y6N7,,missing_pdb,False
Q9Y6P5,,missing_pdb,False
Q9Y6R0,/data/ranran/my_ptm/croton/data/structure_pipeline/pdb/Q9Y6R0.pdb,exact_sequence_match,True
Q9Y6R7,,missing_pdb,False
Q9Y6T7,,missing_pdb,False
Q9Y6V0,,missing_pdb,False
Q9Y6X4,,missing_pdb,False
Q9Y6Y8,/data/ranran/my_ptm/croton/data/structure_pipeline/pdb/Q9Y6Y8.pdb,exact_sequence_match,True
