protein,has_esm2,esm2_file,has_prott5,prott5_file,has_structure,structure_file,structure_last_dim,structure_dim_ok
A0FGR8,True,A0FGR8.pt,True,A0FGR8.pt,True,A0FGR8.pt,112,True
A0MZ66,True,A0MZ66.pt,True,A0MZ66.pt,True,A0MZ66.pt,112,True
A1L0T0,True,A1L0T0.pt,True,A1L0T0.pt,True,A1L0T0.pt,112,True
A2A3N6,True,A2A3N6.pt,True,A2A3N6.pt,True,A2A3N6.pt,112,True
A2AJT9,True,A2AJT9.pt,True,A2AJT9.pt,True,A2AJT9.pt,112,True
A2RRP1,True,A2RRP1.pt,True,A2RRP1.pt,True,A2RRP1.pt,112,True
A2RTX5,True,A2RTX5.pt,True,A2RTX5.pt,True,A2RTX5.pt,112,True
A3KMH1,True,A3KMH1.pt,True,A3KMH1.pt,True,A3KMH1.pt,112,True
A3KN83,True,A3KN83.pt,True,A3KN83.pt,True,A3KN83.pt,112,True
A4D1E9,True,A4D1E9.pt,True,A4D1E9.pt,True,A4D1E9.pt,112,True
A5D8V6,True,A5D8V6.pt,True,A5D8V6.pt,True,A5D8V6.pt,112,True
A5PLN9,True,A5PLN9.pt,True,A5PLN9.pt,True,A5PLN9.pt,112,True
A5YKK6,True,A5YKK6.pt,True,A5YKK6.pt,True,A5YKK6.pt,112,True
A6NCE7,True,A6NCE7.pt,True,A6NCE7.pt,True,A6NCE7.pt,112,True
A6NCI4,True,A6NCI4.pt,True,A6NCI4.pt,True,A6NCI4.pt,112,True
A6ND36,True,A6ND36.pt,True,A6ND36.pt,True,A6ND36.pt,112,True
A6NDG6,True,A6NDG6.pt,True,A6NDG6.pt,True,A6NDG6.pt,112,True
A6NDU8,True,A6NDU8.pt,True,A6NDU8.pt,True,A6NDU8.pt,112,True
A6NHX0,True,A6NHX0.pt,True,A6NHX0.pt,True,A6NHX0.pt,112,True
A6NKD9,True,A6NKD9.pt,True,A6NKD9.pt,True,A6NKD9.pt,112,True
A6NKH3,True,A6NKH3.pt,True,A6NKH3.pt,True,A6NKH3.pt,112,True
A6NM62,True,A6NM62.pt,True,A6NM62.pt,True,A6NM62.pt,112,True
A8MWD9,True,A8MWD9.pt,True,A8MWD9.pt,True,A8MWD9.pt,112,True
A9UHW6,True,A9UHW6.pt,True,A9UHW6.pt,True,A9UHW6.pt,112,True
B5ME19,True,B5ME19.pt,True,B5ME19.pt,True,B5ME19.pt,112,True
B7ZAQ6,True,B7ZAQ6.pt,True,B7ZAQ6.pt,True,B7ZAQ6.pt,112,True
E9PAV3,True,E9PAV3.pt,True,E9PAV3.pt,True,E9PAV3.pt,112,True
O00116,True,O00116.pt,True,O00116.pt,True,O00116.pt,112,True
O00151,True,O00151.pt,True,O00151.pt,True,O00151.pt,112,True
O00161,True,O00161.pt,True,O00161.pt,True,O00161.pt,112,True
O00193,True,O00193.pt,True,O00193.pt,True,O00193.pt,112,True
O00203,True,O00203.pt,True,O00203.pt,True,O00203.pt,112,True
O00217,True,O00217.pt,True,O00217.pt,True,O00217.pt,112,True
O00220,True,O00220.pt,True,O00220.pt,True,O00220.pt,112,True
O00231,True,O00231.pt,True,O00231.pt,True,O00231.pt,112,True
O00232,True,O00232.pt,True,O00232.pt,True,O00232.pt,112,True
O00233,True,O00233.pt,True,O00233.pt,True,O00233.pt,112,True
O00244,True,O00244.pt,True,O00244.pt,True,O00244.pt,112,True
O00267,True,O00267.pt,True,O00267.pt,True,O00267.pt,112,True
O00303,True,O00303.pt,True,O00303.pt,True,O00303.pt,112,True
O00330,True,O00330.pt,True,O00330.pt,True,O00330.pt,112,True
O00399,True,O00399.pt,True,O00399.pt,True,O00399.pt,112,True
O00401,True,O00401.pt,True,O00401.pt,True,O00401.pt,112,True
O00411,True,O00411.pt,True,O00411.pt,True,O00411.pt,112,True
O00422,True,O00422.pt,True,O00422.pt,True,O00422.pt,112,True
O00442,True,O00442.pt,True,O00442.pt,True,O00442.pt,112,True
O00443,True,O00443.pt,True,O00443.pt,True,O00443.pt,112,True
O00459,True,O00459.pt,True,O00459.pt,True,O00459.pt,112,True
O00461,True,O00461.pt,True,O00461.pt,True,O00461.pt,112,True
O00471,True,O00471.pt,True,O00471.pt,True,O00471.pt,112,True
O00483,True,O00483.pt,True,O00483.pt,True,O00483.pt,112,True
O00487,True,O00487.pt,True,O00487.pt,True,O00487.pt,112,True
O00499,True,O00499.pt,True,O00499.pt,True,O00499.pt,112,True
O00507,True,O00507.pt,True,O00507.pt,True,O00507.pt,112,True
O00541,True,O00541.pt,True,O00541.pt,True,O00541.pt,112,True
O00560,True,O00560.pt,True,O00560.pt,True,O00560.pt,112,True
O00566,True,O00566.pt,True,O00566.pt,True,O00566.pt,112,True
O00567,True,O00567.pt,True,O00567.pt,True,O00567.pt,112,True
O00571,True,O00571.pt,True,O00571.pt,True,O00571.pt,112,True
O00592,True,O00592.pt,True,O00592.pt,True,O00592.pt,112,True
O00625,True,O00625.pt,True,O00625.pt,True,O00625.pt,112,True
O00762,True,O00762.pt,True,O00762.pt,True,O00762.pt,112,True
O00763,True,O00763.pt,True,O00763.pt,True,O00763.pt,112,True
O00764,True,O00764.pt,True,O00764.pt,True,O00764.pt,112,True
O00767,True,O00767.pt,True,O00767.pt,True,O00767.pt,112,True
O14497,True,O14497.pt,True,O14497.pt,True,O14497.pt,112,True
O14530,True,O14530.pt,True,O14530.pt,True,O14530.pt,112,True
O14545,True,O14545.pt,True,O14545.pt,True,O14545.pt,112,True
O14548,True,O14548.pt,True,O14548.pt,True,O14548.pt,112,True
O14561,True,O14561.pt,True,O14561.pt,True,O14561.pt,112,True
O14562,True,O14562.pt,True,O14562.pt,True,O14562.pt,112,True
O14579,True,O14579.pt,True,O14579.pt,True,O14579.pt,112,True
O14602,True,O14602.pt,True,O14602.pt,True,O14602.pt,112,True
O14617,True,O14617.pt,True,O14617.pt,True,O14617.pt,112,True
O14639,True,O14639.pt,True,O14639.pt,True,O14639.pt,112,True
O14647,True,O14647.pt,True,O14647.pt,True,O14647.pt,112,True
O14656,True,O14656.pt,True,O14656.pt,True,O14656.pt,112,True
O14727,True,O14727.pt,True,O14727.pt,True,O14727.pt,112,True
O14730,True,O14730.pt,True,O14730.pt,True,O14730.pt,112,True
O14737,True,O14737.pt,True,O14737.pt,True,O14737.pt,112,True
O14744,True,O14744.pt,True,O14744.pt,True,O14744.pt,112,True
O14745,True,O14745.pt,True,O14745.pt,True,O14745.pt,112,True
O14757,True,O14757.pt,True,O14757.pt,True,O14757.pt,112,True
O14776,True,O14776.pt,True,O14776.pt,True,O14776.pt,112,True
O14777,True,O14777.pt,True,O14777.pt,True,O14777.pt,112,True
O14802,True,O14802.pt,True,O14802.pt,True,O14802.pt,112,True
O14874,True,O14874.pt,True,O14874.pt,True,O14874.pt,112,True
O14880,True,O14880.pt,True,O14880.pt,True,O14880.pt,112,True
O14904,True,O14904.pt,True,O14904.pt,True,O14904.pt,112,True
O14907,True,O14907.pt,True,O14907.pt,True,O14907.pt,112,True
O14908,True,O14908.pt,True,O14908.pt,True,O14908.pt,112,True
O14925,True,O14925.pt,True,O14925.pt,True,O14925.pt,112,True
O14936,True,O14936.pt,True,O14936.pt,True,O14936.pt,112,True
O14950,True,O14950.pt,True,O14950.pt,True,O14950.pt,112,True
O14964,True,O14964.pt,True,O14964.pt,True,O14964.pt,112,True
O14974,True,O14974.pt,True,O14974.pt,True,O14974.pt,112,True
O14975,True,O14975.pt,True,O14975.pt,True,O14975.pt,112,True
O14979,True,O14979.pt,True,O14979.pt,True,O14979.pt,112,True
O14980,True,O14980.pt,True,O14980.pt,True,O14980.pt,112,True
O14981,True,O14981.pt,True,O14981.pt,True,O14981.pt,112,True
O15020,True,O15020.pt,True,O15020.pt,True,O15020.pt,112,True
O15031,True,O15031.pt,True,O15031.pt,True,O15031.pt,112,True
O15042,True,O15042.pt,True,O15042.pt,True,O15042.pt,112,True
O15066,True,O15066.pt,True,O15066.pt,True,O15066.pt,112,True
O15067,True,O15067.pt,True,O15067.pt,True,O15067.pt,112,True
O15078,True,O15078.pt,True,O15078.pt,True,O15078.pt,112,True
O15084,True,O15084.pt,True,O15084.pt,True,O15084.pt,112,True
O15091,True,O15091.pt,True,O15091.pt,True,O15091.pt,112,True
O15116,True,O15116.pt,True,O15116.pt,True,O15116.pt,112,True
O15121,True,O15121.pt,True,O15121.pt,True,O15121.pt,112,True
O15143,True,O15143.pt,True,O15143.pt,True,O15143.pt,112,True
O15144,True,O15144.pt,True,O15144.pt,True,O15144.pt,112,True
O15145,True,O15145.pt,True,O15145.pt,True,O15145.pt,112,True
O15160,True,O15160.pt,True,O15160.pt,True,O15160.pt,112,True
O15162,True,O15162.pt,True,O15162.pt,True,O15162.pt,112,True
O15173,True,O15173.pt,True,O15173.pt,True,O15173.pt,112,True
O15212,True,O15212.pt,True,O15212.pt,True,O15212.pt,112,True
O15213,True,O15213.pt,True,O15213.pt,True,O15213.pt,112,True
O15226,True,O15226.pt,True,O15226.pt,True,O15226.pt,112,True
O15260,True,O15260.pt,True,O15260.pt,True,O15260.pt,112,True
O15269,True,O15269.pt,True,O15269.pt,True,O15269.pt,112,True
O15270,True,O15270.pt,True,O15270.pt,True,O15270.pt,112,True
O15294,True,O15294.pt,True,O15294.pt,True,O15294.pt,112,True
O15305,True,O15305.pt,True,O15305.pt,True,O15305.pt,112,True
O15355,True,O15355.pt,True,O15355.pt,True,O15355.pt,112,True
O15357,True,O15357.pt,True,O15357.pt,True,O15357.pt,112,True
O15371,True,O15371.pt,True,O15371.pt,True,O15371.pt,112,True
O15372,True,O15372.pt,True,O15372.pt,True,O15372.pt,112,True
O15400,True,O15400.pt,True,O15400.pt,True,O15400.pt,112,True
O15479,True,O15479.pt,True,O15479.pt,True,O15479.pt,112,True
O15498,True,O15498.pt,True,O15498.pt,True,O15498.pt,112,True
O15541,True,O15541.pt,True,O15541.pt,True,O15541.pt,112,True
O15554,True,O15554.pt,True,O15554.pt,True,O15554.pt,112,True
O43148,True,O43148.pt,True,O43148.pt,True,O43148.pt,112,True
O43156,True,O43156.pt,True,O43156.pt,True,O43156.pt,112,True
O43172,True,O43172.pt,True,O43172.pt,True,O43172.pt,112,True
O43175,True,O43175.pt,True,O43175.pt,True,O43175.pt,112,True
O43181,True,O43181.pt,True,O43181.pt,True,O43181.pt,112,True
O43242,True,O43242.pt,True,O43242.pt,True,O43242.pt,112,True
O43252,True,O43252.pt,True,O43252.pt,True,O43252.pt,112,True
O43264,True,O43264.pt,True,O43264.pt,True,O43264.pt,112,True
O43290,True,O43290.pt,True,O43290.pt,True,O43290.pt,112,True
O43292,True,O43292.pt,True,O43292.pt,True,O43292.pt,112,True
O43310,True,O43310.pt,True,O43310.pt,True,O43310.pt,112,True
O43314,True,O43314.pt,True,O43314.pt,True,O43314.pt,112,True
O43318,True,O43318.pt,True,O43318.pt,True,O43318.pt,112,True
O43324,True,O43324.pt,True,O43324.pt,True,O43324.pt,112,True
O43345,True,O43345.pt,True,O43345.pt,True,O43345.pt,112,True
O43347,True,O43347.pt,True,O43347.pt,True,O43347.pt,112,True
O43353,True,O43353.pt,True,O43353.pt,True,O43353.pt,112,True
O43390,True,O43390.pt,True,O43390.pt,True,O43390.pt,112,True
O43395,True,O43395.pt,True,O43395.pt,True,O43395.pt,112,True
O43396,True,O43396.pt,True,O43396.pt,True,O43396.pt,112,True
O43399,True,O43399.pt,True,O43399.pt,True,O43399.pt,112,True
O43427,True,O43427.pt,True,O43427.pt,True,O43427.pt,112,True
O43491,True,O43491.pt,True,O43491.pt,True,O43491.pt,112,True
O43505,True,O43505.pt,True,O43505.pt,True,O43505.pt,112,True
O43513,True,O43513.pt,True,O43513.pt,True,O43513.pt,112,True
O43583,True,O43583.pt,True,O43583.pt,True,O43583.pt,112,True
O43592,True,O43592.pt,True,O43592.pt,True,O43592.pt,112,True
O43598,True,O43598.pt,True,O43598.pt,True,O43598.pt,112,True
O43615,True,O43615.pt,True,O43615.pt,True,O43615.pt,112,True
O43660,True,O43660.pt,True,O43660.pt,True,O43660.pt,112,True
O43663,True,O43663.pt,True,O43663.pt,True,O43663.pt,112,True
O43670,True,O43670.pt,True,O43670.pt,True,O43670.pt,112,True
O43674,True,O43674.pt,True,O43674.pt,True,O43674.pt,112,True
O43677,True,O43677.pt,True,O43677.pt,True,O43677.pt,112,True
O43681,True,O43681.pt,True,O43681.pt,True,O43681.pt,112,True
O43707,True,O43707.pt,True,O43707.pt,True,O43707.pt,112,True
O43716,True,O43716.pt,True,O43716.pt,True,O43716.pt,112,True
O43719,True,O43719.pt,True,O43719.pt,True,O43719.pt,112,True
O43739,True,O43739.pt,True,O43739.pt,True,O43739.pt,112,True
O43747,True,O43747.pt,True,O43747.pt,True,O43747.pt,112,True
O43752,True,O43752.pt,True,O43752.pt,True,O43752.pt,112,True
O43765,True,O43765.pt,True,O43765.pt,True,O43765.pt,112,True
O43768,True,O43768.pt,True,O43768.pt,True,O43768.pt,112,True
O43776,True,O43776.pt,True,O43776.pt,True,O43776.pt,112,True
O43795,True,O43795.pt,True,O43795.pt,True,O43795.pt,112,True
O43805,True,O43805.pt,True,O43805.pt,True,O43805.pt,112,True
O43809,True,O43809.pt,True,O43809.pt,True,O43809.pt,112,True
O43818,True,O43818.pt,True,O43818.pt,True,O43818.pt,112,True
O43823,True,O43823.pt,True,O43823.pt,True,O43823.pt,112,True
O43837,True,O43837.pt,True,O43837.pt,True,O43837.pt,112,True
O43861,True,O43861.pt,True,O43861.pt,True,O43861.pt,112,True
O43896,True,O43896.pt,True,O43896.pt,True,O43896.pt,112,True
O43913,True,O43913.pt,True,O43913.pt,True,O43913.pt,112,True
O60216,True,O60216.pt,True,O60216.pt,True,O60216.pt,112,True
O60239,True,O60239.pt,True,O60239.pt,True,O60239.pt,112,True
O60244,True,O60244.pt,True,O60244.pt,True,O60244.pt,112,True
O60264,True,O60264.pt,True,O60264.pt,True,O60264.pt,112,True
O60271,True,O60271.pt,True,O60271.pt,True,O60271.pt,112,True
O60287,True,O60287.pt,True,O60287.pt,True,O60287.pt,112,True
O60293,True,O60293.pt,True,O60293.pt,True,O60293.pt,112,True
O60306,True,O60306.pt,True,O60306.pt,True,O60306.pt,112,True
O60313,True,O60313.pt,True,O60313.pt,True,O60313.pt,112,True
O60333,True,O60333.pt,True,O60333.pt,True,O60333.pt,112,True
O60341,True,O60341.pt,True,O60341.pt,True,O60341.pt,112,True
O60343,True,O60343.pt,True,O60343.pt,True,O60343.pt,112,True
O60437,True,O60437.pt,True,O60437.pt,True,O60437.pt,112,True
O60443,True,O60443.pt,True,O60443.pt,True,O60443.pt,112,True
O60493,True,O60493.pt,True,O60493.pt,True,O60493.pt,112,True
O60502,True,O60502.pt,True,O60502.pt,True,O60502.pt,112,True
O60503,True,O60503.pt,True,O60503.pt,True,O60503.pt,112,True
O60518,True,O60518.pt,True,O60518.pt,True,O60518.pt,112,True
O60524,True,O60524.pt,True,O60524.pt,True,O60524.pt,112,True
O60547,True,O60547.pt,True,O60547.pt,True,O60547.pt,112,True
O60563,True,O60563.pt,True,O60563.pt,True,O60563.pt,112,True
O60566,True,O60566.pt,True,O60566.pt,True,O60566.pt,112,True
O60568,True,O60568.pt,True,O60568.pt,True,O60568.pt,112,True
O60610,True,O60610.pt,True,O60610.pt,True,O60610.pt,112,True
O60678,True,O60678.pt,True,O60678.pt,True,O60678.pt,112,True
O60701,True,O60701.pt,True,O60701.pt,True,O60701.pt,112,True
O60716,True,O60716.pt,True,O60716.pt,True,O60716.pt,112,True
O60739,True,O60739.pt,True,O60739.pt,True,O60739.pt,112,True
O60762,True,O60762.pt,True,O60762.pt,True,O60762.pt,112,True
O60763,True,O60763.pt,True,O60763.pt,True,O60763.pt,112,True
O60826,True,O60826.pt,True,O60826.pt,True,O60826.pt,112,True
O60828,True,O60828.pt,True,O60828.pt,True,O60828.pt,112,True
O60832,True,O60832.pt,True,O60832.pt,True,O60832.pt,112,True
O60841,True,O60841.pt,True,O60841.pt,True,O60841.pt,112,True
O60869,True,O60869.pt,True,O60869.pt,True,O60869.pt,112,True
O60870,True,O60870.pt,True,O60870.pt,True,O60870.pt,112,True
O60884,True,O60884.pt,True,O60884.pt,True,O60884.pt,112,True
O60885,True,O60885.pt,True,O60885.pt,True,O60885.pt,112,True
O60888,True,O60888.pt,True,O60888.pt,True,O60888.pt,112,True
O60921,True,O60921.pt,True,O60921.pt,True,O60921.pt,112,True
O60925,True,O60925.pt,True,O60925.pt,True,O60925.pt,112,True
O60934,True,O60934.pt,True,O60934.pt,True,O60934.pt,112,True
O75027,True,O75027.pt,True,O75027.pt,True,O75027.pt,112,True
O75063,True,O75063.pt,True,O75063.pt,True,O75063.pt,112,True
O75083,True,O75083.pt,True,O75083.pt,True,O75083.pt,112,True
O75094,True,O75094.pt,True,O75094.pt,True,O75094.pt,112,True
O75116,True,O75116.pt,True,O75116.pt,True,O75116.pt,112,True
O75127,True,O75127.pt,True,O75127.pt,True,O75127.pt,112,True
O75131,True,O75131.pt,True,O75131.pt,True,O75131.pt,112,True
O75143,True,O75143.pt,True,O75143.pt,True,O75143.pt,112,True
O75145,True,O75145.pt,True,O75145.pt,True,O75145.pt,112,True
O75146,True,O75146.pt,True,O75146.pt,True,O75146.pt,112,True
O75150,True,O75150.pt,True,O75150.pt,True,O75150.pt,112,True
O75152,True,O75152.pt,True,O75152.pt,True,O75152.pt,112,True
O75153,True,O75153.pt,True,O75153.pt,True,O75153.pt,112,True
O75155,True,O75155.pt,True,O75155.pt,True,O75155.pt,112,True
O75157,True,O75157.pt,True,O75157.pt,True,O75157.pt,112,True
O75165,True,O75165.pt,True,O75165.pt,True,O75165.pt,112,True
O75175,True,O75175.pt,True,O75175.pt,True,O75175.pt,112,True
O75179,True,O75179.pt,True,O75179.pt,True,O75179.pt,112,True
O75190,True,O75190.pt,True,O75190.pt,True,O75190.pt,112,True
O75191,True,O75191.pt,True,O75191.pt,True,O75191.pt,112,True
O75208,True,O75208.pt,True,O75208.pt,True,O75208.pt,112,True
O75223,True,O75223.pt,True,O75223.pt,True,O75223.pt,112,True
O75306,True,O75306.pt,True,O75306.pt,True,O75306.pt,112,True
O75312,True,O75312.pt,True,O75312.pt,True,O75312.pt,112,True
O75323,True,O75323.pt,True,O75323.pt,True,O75323.pt,112,True
O75330,True,O75330.pt,True,O75330.pt,True,O75330.pt,112,True
O75334,True,O75334.pt,True,O75334.pt,True,O75334.pt,112,True
O75347,True,O75347.pt,True,O75347.pt,True,O75347.pt,112,True
O75348,True,O75348.pt,True,O75348.pt,True,O75348.pt,112,True
O75351,True,O75351.pt,True,O75351.pt,True,O75351.pt,112,True
O75368,True,O75368.pt,True,O75368.pt,True,O75368.pt,112,True
O75380,True,O75380.pt,True,O75380.pt,True,O75380.pt,112,True
O75390,True,O75390.pt,True,O75390.pt,True,O75390.pt,112,True
O75391,True,O75391.pt,True,O75391.pt,True,O75391.pt,112,True
O75400,True,O75400.pt,True,O75400.pt,True,O75400.pt,112,True
O75410,True,O75410.pt,True,O75410.pt,True,O75410.pt,112,True
O75419,True,O75419.pt,True,O75419.pt,True,O75419.pt,112,True
O75420,True,O75420.pt,True,O75420.pt,True,O75420.pt,112,True
O75436,True,O75436.pt,True,O75436.pt,True,O75436.pt,112,True
O75439,True,O75439.pt,True,O75439.pt,True,O75439.pt,112,True
O75446,True,O75446.pt,True,O75446.pt,True,O75446.pt,112,True
O75448,True,O75448.pt,True,O75448.pt,True,O75448.pt,112,True
O75459,True,O75459.pt,True,O75459.pt,True,O75459.pt,112,True
O75475,True,O75475.pt,True,O75475.pt,True,O75475.pt,112,True
O75477,True,O75477.pt,True,O75477.pt,True,O75477.pt,112,True
O75486,True,O75486.pt,True,O75486.pt,True,O75486.pt,112,True
O75496,True,O75496.pt,True,O75496.pt,True,O75496.pt,112,True
O75521,True,O75521.pt,True,O75521.pt,True,O75521.pt,112,True
O75526,True,O75526.pt,True,O75526.pt,True,O75526.pt,112,True
O75531,True,O75531.pt,True,O75531.pt,True,O75531.pt,112,True
O75533,True,O75533.pt,True,O75533.pt,True,O75533.pt,112,True
O75534,True,O75534.pt,True,O75534.pt,True,O75534.pt,112,True
O75554,True,O75554.pt,True,O75554.pt,True,O75554.pt,112,True
O75643,True,O75643.pt,True,O75643.pt,True,O75643.pt,112,True
O75663,True,O75663.pt,True,O75663.pt,True,O75663.pt,112,True
O75665,True,O75665.pt,True,O75665.pt,True,O75665.pt,112,True
O75674,True,O75674.pt,True,O75674.pt,True,O75674.pt,112,True
O75683,True,O75683.pt,True,O75683.pt,True,O75683.pt,112,True
O75694,True,O75694.pt,True,O75694.pt,True,O75694.pt,112,True
O75695,True,O75695.pt,True,O75695.pt,True,O75695.pt,112,True
O75717,True,O75717.pt,True,O75717.pt,True,O75717.pt,112,True
O75718,True,O75718.pt,True,O75718.pt,True,O75718.pt,112,True
O75746,True,O75746.pt,True,O75746.pt,True,O75746.pt,112,True
O75787,True,O75787.pt,True,O75787.pt,True,O75787.pt,112,True
O75792,True,O75792.pt,True,O75792.pt,True,O75792.pt,112,True
O75794,True,O75794.pt,True,O75794.pt,True,O75794.pt,112,True
O75818,True,O75818.pt,True,O75818.pt,True,O75818.pt,112,True
O75821,True,O75821.pt,True,O75821.pt,True,O75821.pt,112,True
O75822,True,O75822.pt,True,O75822.pt,True,O75822.pt,112,True
O75832,True,O75832.pt,True,O75832.pt,True,O75832.pt,112,True
O75844,True,O75844.pt,True,O75844.pt,True,O75844.pt,112,True
O75934,True,O75934.pt,True,O75934.pt,True,O75934.pt,112,True
O75937,True,O75937.pt,True,O75937.pt,True,O75937.pt,112,True
O75940,True,O75940.pt,True,O75940.pt,True,O75940.pt,112,True
O75947,True,O75947.pt,True,O75947.pt,True,O75947.pt,112,True
O75964,True,O75964.pt,True,O75964.pt,True,O75964.pt,112,True
O76003,True,O76003.pt,True,O76003.pt,True,O76003.pt,112,True
O76021,True,O76021.pt,True,O76021.pt,True,O76021.pt,112,True
O76094,True,O76094.pt,True,O76094.pt,True,O76094.pt,112,True
O94760,True,O94760.pt,True,O94760.pt,True,O94760.pt,112,True
O94776,True,O94776.pt,True,O94776.pt,True,O94776.pt,112,True
O94804,True,O94804.pt,True,O94804.pt,True,O94804.pt,112,True
O94822,True,O94822.pt,True,O94822.pt,True,O94822.pt,112,True
O94826,True,O94826.pt,True,O94826.pt,True,O94826.pt,112,True
O94874,True,O94874.pt,True,O94874.pt,True,O94874.pt,112,True
O94888,True,O94888.pt,True,O94888.pt,True,O94888.pt,112,True
O94906,True,O94906.pt,True,O94906.pt,True,O94906.pt,112,True
O94925,True,O94925.pt,True,O94925.pt,True,O94925.pt,112,True
O94966,True,O94966.pt,True,O94966.pt,True,O94966.pt,112,True
O94979,True,O94979.pt,True,O94979.pt,True,O94979.pt,112,True
O94992,True,O94992.pt,True,O94992.pt,True,O94992.pt,112,True
O95049,True,O95049.pt,True,O95049.pt,True,O95049.pt,112,True
O95070,True,O95070.pt,True,O95070.pt,True,O95070.pt,112,True
O95081,True,O95081.pt,True,O95081.pt,True,O95081.pt,112,True
O95104,True,O95104.pt,True,O95104.pt,True,O95104.pt,112,True
O95140,True,O95140.pt,True,O95140.pt,True,O95140.pt,112,True
O95155,True,O95155.pt,True,O95155.pt,True,O95155.pt,112,True
O95163,True,O95163.pt,True,O95163.pt,True,O95163.pt,112,True
O95166,True,O95166.pt,True,O95166.pt,True,O95166.pt,112,True
O95182,True,O95182.pt,True,O95182.pt,True,O95182.pt,112,True
O95197,True,O95197.pt,True,O95197.pt,True,O95197.pt,112,True
O95202,True,O95202.pt,True,O95202.pt,True,O95202.pt,112,True
O95218,True,O95218.pt,True,O95218.pt,True,O95218.pt,112,True
O95232,True,O95232.pt,True,O95232.pt,True,O95232.pt,112,True
O95235,True,O95235.pt,True,O95235.pt,True,O95235.pt,112,True
O95251,True,O95251.pt,True,O95251.pt,True,O95251.pt,112,True
O95267,True,O95267.pt,True,O95267.pt,True,O95267.pt,112,True
O95295,True,O95295.pt,True,O95295.pt,True,O95295.pt,112,True
O95299,True,O95299.pt,True,O95299.pt,True,O95299.pt,112,True
O95319,True,O95319.pt,True,O95319.pt,True,O95319.pt,112,True
O95347,True,O95347.pt,True,O95347.pt,True,O95347.pt,112,True
O95361,True,O95361.pt,True,O95361.pt,True,O95361.pt,112,True
O95363,True,O95363.pt,True,O95363.pt,True,O95363.pt,112,True
O95373,True,O95373.pt,True,O95373.pt,True,O95373.pt,112,True
O95376,True,O95376.pt,True,O95376.pt,True,O95376.pt,112,True
O95379,True,O95379.pt,True,O95379.pt,True,O95379.pt,112,True
O95394,True,O95394.pt,True,O95394.pt,True,O95394.pt,112,True
O95433,True,O95433.pt,True,O95433.pt,True,O95433.pt,112,True
O95453,True,O95453.pt,True,O95453.pt,True,O95453.pt,112,True
O95456,True,O95456.pt,True,O95456.pt,True,O95456.pt,112,True
O95466,True,O95466.pt,True,O95466.pt,True,O95466.pt,112,True
O95470,True,O95470.pt,True,O95470.pt,True,O95470.pt,112,True
O95478,True,O95478.pt,True,O95478.pt,True,O95478.pt,112,True
O95487,True,O95487.pt,True,O95487.pt,True,O95487.pt,112,True
O95573,True,O95573.pt,True,O95573.pt,True,O95573.pt,112,True
O95602,True,O95602.pt,True,O95602.pt,True,O95602.pt,112,True
O95619,True,O95619.pt,True,O95619.pt,True,O95619.pt,112,True
O95630,True,O95630.pt,True,O95630.pt,True,O95630.pt,112,True
O95674,True,O95674.pt,True,O95674.pt,True,O95674.pt,112,True
O95684,True,O95684.pt,True,O95684.pt,True,O95684.pt,112,True
O95707,True,O95707.pt,True,O95707.pt,True,O95707.pt,112,True
O95721,True,O95721.pt,True,O95721.pt,True,O95721.pt,112,True
O95749,True,O95749.pt,True,O95749.pt,True,O95749.pt,112,True
O95782,True,O95782.pt,True,O95782.pt,True,O95782.pt,112,True
O95801,True,O95801.pt,True,O95801.pt,True,O95801.pt,112,True
O95816,True,O95816.pt,True,O95816.pt,True,O95816.pt,112,True
O95819,True,O95819.pt,True,O95819.pt,True,O95819.pt,112,True
O95831,True,O95831.pt,True,O95831.pt,True,O95831.pt,112,True
O95861,True,O95861.pt,True,O95861.pt,True,O95861.pt,112,True
O95900,True,O95900.pt,True,O95900.pt,True,O95900.pt,112,True
O95922,True,O95922.pt,True,O95922.pt,True,O95922.pt,112,True
O95985,True,O95985.pt,True,O95985.pt,True,O95985.pt,112,True
O96005,True,O96005.pt,True,O96005.pt,True,O96005.pt,112,True
P00367,True,P00367.pt,True,P00367.pt,True,P00367.pt,112,True
P00374,True,P00374.pt,True,P00374.pt,True,P00374.pt,112,True
P00390,True,P00390.pt,True,P00390.pt,True,P00390.pt,112,True
P00414,True,P00414.pt,True,P00414.pt,True,P00414.pt,112,True
P00441,True,P00441.pt,True,P00441.pt,True,P00441.pt,112,True
P00491,True,P00491.pt,True,P00491.pt,True,P00491.pt,112,True
P00505,True,P00505.pt,True,P00505.pt,True,P00505.pt,112,True
P00533,True,P00533.pt,True,P00533.pt,True,P00533.pt,112,True
P00558,True,P00558.pt,True,P00558.pt,True,P00558.pt,112,True
P00966,True,P00966.pt,True,P00966.pt,True,P00966.pt,112,True
P02545,True,P02545.pt,True,P02545.pt,True,P02545.pt,112,True
P02786,True,P02786.pt,True,P02786.pt,True,P02786.pt,112,True
P02794,True,P02794.pt,True,P02794.pt,True,P02794.pt,112,True
P04040,True,P04040.pt,True,P04040.pt,True,P04040.pt,112,True
P04075,True,P04075.pt,True,P04075.pt,True,P04075.pt,112,True
P04080,True,P04080.pt,True,P04080.pt,True,P04080.pt,112,True
P04179,True,P04179.pt,True,P04179.pt,True,P04179.pt,112,True
P04181,True,P04181.pt,True,P04181.pt,True,P04181.pt,112,True
P04183,True,P04183.pt,True,P04183.pt,True,P04183.pt,112,True
P04406,True,P04406.pt,True,P04406.pt,True,P04406.pt,112,True
P04632,True,P04632.pt,True,P04632.pt,True,P04632.pt,112,True
P04792,True,P04792.pt,True,P04792.pt,True,P04792.pt,112,True
P04818,True,P04818.pt,True,P04818.pt,True,P04818.pt,112,True
P04843,True,P04843.pt,True,P04843.pt,True,P04843.pt,112,True
P04844,True,P04844.pt,True,P04844.pt,True,P04844.pt,112,True
P04920,True,P04920.pt,True,P04920.pt,True,P04920.pt,112,True
P05026,True,P05026.pt,True,P05026.pt,True,P05026.pt,112,True
P05114,True,P05114.pt,True,P05114.pt,True,P05114.pt,112,True
P05141,True,P05141.pt,True,P05141.pt,True,P05141.pt,112,True
P05187,True,P05187.pt,True,P05187.pt,True,P05187.pt,112,True
P05198,True,P05198.pt,True,P05198.pt,True,P05198.pt,112,True
P05387,True,P05387.pt,True,P05387.pt,True,P05387.pt,112,True
P05388,True,P05388.pt,True,P05388.pt,True,P05388.pt,112,True
P05455,True,P05455.pt,True,P05455.pt,True,P05455.pt,112,True
P05556,True,P05556.pt,True,P05556.pt,True,P05556.pt,112,True
P05783,True,P05783.pt,True,P05783.pt,True,P05783.pt,112,True
P06213,True,P06213.pt,True,P06213.pt,True,P06213.pt,112,True
P06280,True,P06280.pt,True,P06280.pt,True,P06280.pt,112,True
P06454,True,P06454.pt,True,P06454.pt,True,P06454.pt,112,True
P06576,True,P06576.pt,True,P06576.pt,True,P06576.pt,112,True
P06733,True,P06733.pt,True,P06733.pt,True,P06733.pt,112,True
P06737,True,P06737.pt,True,P06737.pt,True,P06737.pt,112,True
P06744,True,P06744.pt,True,P06744.pt,True,P06744.pt,112,True
P06748,True,P06748.pt,True,P06748.pt,True,P06748.pt,112,True
P06753,True,P06753.pt,True,P06753.pt,True,P06753.pt,112,True
P07099,True,P07099.pt,True,P07099.pt,True,P07099.pt,112,True
P07195,True,P07195.pt,True,P07195.pt,True,P07195.pt,112,True
P07237,True,P07237.pt,True,P07237.pt,True,P07237.pt,112,True
P07305,True,P07305.pt,True,P07305.pt,True,P07305.pt,112,True
P07311,True,P07311.pt,True,P07311.pt,True,P07311.pt,112,True
P07339,True,P07339.pt,True,P07339.pt,True,P07339.pt,112,True
P07384,True,P07384.pt,True,P07384.pt,True,P07384.pt,112,True
P07737,True,P07737.pt,True,P07737.pt,True,P07737.pt,112,True
P07741,True,P07741.pt,True,P07741.pt,True,P07741.pt,112,True
P07814,True,P07814.pt,True,P07814.pt,True,P07814.pt,112,True
P07858,True,P07858.pt,True,P07858.pt,True,P07858.pt,112,True
P07910,True,P07910.pt,True,P07910.pt,True,P07910.pt,112,True
P07942,True,P07942.pt,True,P07942.pt,True,P07942.pt,112,True
P07954,True,P07954.pt,True,P07954.pt,True,P07954.pt,112,True
P08047,True,P08047.pt,True,P08047.pt,True,P08047.pt,112,True
P08133,True,P08133.pt,True,P08133.pt,True,P08133.pt,112,True
P08174,True,P08174.pt,True,P08174.pt,True,P08174.pt,112,True
P08183,True,P08183.pt,True,P08183.pt,True,P08183.pt,112,True
P08240,True,P08240.pt,True,P08240.pt,True,P08240.pt,112,True
P08243,True,P08243.pt,True,P08243.pt,True,P08243.pt,112,True
P08397,True,P08397.pt,True,P08397.pt,True,P08397.pt,112,True
P08559,True,P08559.pt,True,P08559.pt,True,P08559.pt,112,True
P08621,True,P08621.pt,True,P08621.pt,True,P08621.pt,112,True
P08651,True,P08651.pt,True,P08651.pt,True,P08651.pt,112,True
P08708,True,P08708.pt,True,P08708.pt,True,P08708.pt,112,True
P08865,True,P08865.pt,True,P08865.pt,True,P08865.pt,112,True
P09001,True,P09001.pt,True,P09001.pt,True,P09001.pt,112,True
P09012,True,P09012.pt,True,P09012.pt,True,P09012.pt,112,True
P09038,True,P09038.pt,True,P09038.pt,True,P09038.pt,112,True
P09132,True,P09132.pt,True,P09132.pt,True,P09132.pt,112,True
P09211,True,P09211.pt,True,P09211.pt,True,P09211.pt,112,True
P09234,True,P09234.pt,True,P09234.pt,True,P09234.pt,112,True
P09382,True,P09382.pt,True,P09382.pt,True,P09382.pt,112,True
P09496,True,P09496.pt,True,P09496.pt,True,P09496.pt,112,True
P09543,True,P09543.pt,True,P09543.pt,True,P09543.pt,112,True
P09622,True,P09622.pt,True,P09622.pt,True,P09622.pt,112,True
P09661,True,P09661.pt,True,P09661.pt,True,P09661.pt,112,True
P09874,True,P09874.pt,True,P09874.pt,True,P09874.pt,112,True
P09884,True,P09884.pt,True,P09884.pt,True,P09884.pt,112,True
P09960,True,P09960.pt,True,P09960.pt,True,P09960.pt,112,True
P0C7P0,True,P0C7P0.pt,True,P0C7P0.pt,True,P0C7P0.pt,112,True
P0C7P4,True,P0C7P4.pt,True,P0C7P4.pt,True,P0C7P4.pt,112,True
P0CG48,True,P0CG48.pt,True,P0CG48.pt,True,P0CG48.pt,112,True
P0DJ07,True,P0DJ07.pt,True,P0DJ07.pt,True,P0DJ07.pt,112,True
P0DMU7,True,P0DMU7.pt,True,P0DMU7.pt,True,P0DMU7.pt,112,True
P0DPB6,True,P0DPB6.pt,True,P0DPB6.pt,True,P0DPB6.pt,112,True
P10155,True,P10155.pt,True,P10155.pt,True,P10155.pt,112,True
P10321,True,P10321.pt,True,P10321.pt,True,P10321.pt,112,True
P10515,True,P10515.pt,True,P10515.pt,True,P10515.pt,112,True
P10606,True,P10606.pt,True,P10606.pt,True,P10606.pt,112,True
P10620,True,P10620.pt,True,P10620.pt,True,P10620.pt,112,True
P10644,True,P10644.pt,True,P10644.pt,True,P10644.pt,112,True
P10768,True,P10768.pt,True,P10768.pt,True,P10768.pt,112,True
P10809,True,P10809.pt,True,P10809.pt,True,P10809.pt,112,True
P10909,True,P10909.pt,True,P10909.pt,True,P10909.pt,112,True
P11047,True,P11047.pt,True,P11047.pt,True,P11047.pt,112,True
P11117,True,P11117.pt,True,P11117.pt,True,P11117.pt,112,True
P11166,True,P11166.pt,True,P11166.pt,True,P11166.pt,112,True
P11172,True,P11172.pt,True,P11172.pt,True,P11172.pt,112,True
P11177,True,P11177.pt,True,P11177.pt,True,P11177.pt,112,True
P11233,True,P11233.pt,True,P11233.pt,True,P11233.pt,112,True
P11310,True,P11310.pt,True,P11310.pt,True,P11310.pt,112,True
P11387,True,P11387.pt,True,P11387.pt,True,P11387.pt,112,True
P11413,True,P11413.pt,True,P11413.pt,True,P11413.pt,112,True
P11498,True,P11498.pt,True,P11498.pt,True,P11498.pt,112,True
P11717,True,P11717.pt,True,P11717.pt,True,P11717.pt,112,True
P11766,True,P11766.pt,True,P11766.pt,True,P11766.pt,112,True
P11831,True,P11831.pt,True,P11831.pt,True,P11831.pt,112,True
P11908,True,P11908.pt,True,P11908.pt,True,P11908.pt,112,True
P12004,True,P12004.pt,True,P12004.pt,True,P12004.pt,112,True
P12081,True,P12081.pt,True,P12081.pt,True,P12081.pt,112,True
P12107,True,P12107.pt,True,P12107.pt,True,P12107.pt,112,True
P12268,True,P12268.pt,True,P12268.pt,True,P12268.pt,112,True
P12270,True,P12270.pt,True,P12270.pt,True,P12270.pt,112,True
P12694,True,P12694.pt,True,P12694.pt,True,P12694.pt,112,True
P12955,True,P12955.pt,True,P12955.pt,True,P12955.pt,112,True
P12956,True,P12956.pt,True,P12956.pt,True,P12956.pt,112,True
P13010,True,P13010.pt,True,P13010.pt,True,P13010.pt,112,True
P13051,True,P13051.pt,True,P13051.pt,True,P13051.pt,112,True
P13073,True,P13073.pt,True,P13073.pt,True,P13073.pt,112,True
P13284,True,P13284.pt,True,P13284.pt,True,P13284.pt,112,True
P13489,True,P13489.pt,True,P13489.pt,True,P13489.pt,112,True
P13639,True,P13639.pt,True,P13639.pt,True,P13639.pt,112,True
P13667,True,P13667.pt,True,P13667.pt,True,P13667.pt,112,True
P13674,True,P13674.pt,True,P13674.pt,True,P13674.pt,112,True
P13693,True,P13693.pt,True,P13693.pt,True,P13693.pt,112,True
P13797,True,P13797.pt,True,P13797.pt,True,P13797.pt,112,True
P13804,True,P13804.pt,True,P13804.pt,True,P13804.pt,112,True
P13807,True,P13807.pt,True,P13807.pt,True,P13807.pt,112,True
P13984,True,P13984.pt,True,P13984.pt,True,P13984.pt,112,True
P13987,True,P13987.pt,True,P13987.pt,True,P13987.pt,112,True
P13995,True,P13995.pt,True,P13995.pt,True,P13995.pt,112,True
P14174,True,P14174.pt,True,P14174.pt,True,P14174.pt,112,True
P14209,True,P14209.pt,True,P14209.pt,True,P14209.pt,112,True
P14314,True,P14314.pt,True,P14314.pt,True,P14314.pt,112,True
P14317,True,P14317.pt,True,P14317.pt,True,P14317.pt,112,True
P14324,True,P14324.pt,True,P14324.pt,True,P14324.pt,112,True
P14550,True,P14550.pt,True,P14550.pt,True,P14550.pt,112,True
P14625,True,P14625.pt,True,P14625.pt,True,P14625.pt,112,True
P14635,True,P14635.pt,True,P14635.pt,True,P14635.pt,112,True
P14678,True,P14678.pt,True,P14678.pt,True,P14678.pt,112,True
P14735,True,P14735.pt,True,P14735.pt,True,P14735.pt,112,True
P14854,True,P14854.pt,True,P14854.pt,True,P14854.pt,112,True
P14866,True,P14866.pt,True,P14866.pt,True,P14866.pt,112,True
P14868,True,P14868.pt,True,P14868.pt,True,P14868.pt,112,True
P15056,True,P15056.pt,True,P15056.pt,True,P15056.pt,112,True
P15311,True,P15311.pt,True,P15311.pt,True,P15311.pt,112,True
P15328,True,P15328.pt,True,P15328.pt,True,P15328.pt,112,True
P15374,True,P15374.pt,True,P15374.pt,True,P15374.pt,112,True
P15408,True,P15408.pt,True,P15408.pt,True,P15408.pt,112,True
P15529,True,P15529.pt,True,P15529.pt,True,P15529.pt,112,True
P15531,True,P15531.pt,True,P15531.pt,True,P15531.pt,112,True
P15559,True,P15559.pt,True,P15559.pt,True,P15559.pt,112,True
P15735,True,P15735.pt,True,P15735.pt,True,P15735.pt,112,True
P15880,True,P15880.pt,True,P15880.pt,True,P15880.pt,112,True
P15927,True,P15927.pt,True,P15927.pt,True,P15927.pt,112,True
P16070,True,P16070.pt,True,P16070.pt,True,P16070.pt,112,True
P16152,True,P16152.pt,True,P16152.pt,True,P16152.pt,112,True
P16278,True,P16278.pt,True,P16278.pt,True,P16278.pt,112,True
P16401,True,P16401.pt,True,P16401.pt,True,P16401.pt,112,True
P16435,True,P16435.pt,True,P16435.pt,True,P16435.pt,112,True
P16591,True,P16591.pt,True,P16591.pt,True,P16591.pt,112,True
P16615,True,P16615.pt,True,P16615.pt,True,P16615.pt,112,True
P16989,True,P16989.pt,True,P16989.pt,True,P16989.pt,112,True
P17096,True,P17096.pt,True,P17096.pt,True,P17096.pt,112,True
P17252,True,P17252.pt,True,P17252.pt,True,P17252.pt,112,True
P17480,True,P17480.pt,True,P17480.pt,True,P17480.pt,112,True
P17568,True,P17568.pt,True,P17568.pt,True,P17568.pt,112,True
P17612,True,P17612.pt,True,P17612.pt,True,P17612.pt,112,True
P17676,True,P17676.pt,True,P17676.pt,True,P17676.pt,112,True
P17812,True,P17812.pt,True,P17812.pt,True,P17812.pt,112,True
P17987,True,P17987.pt,True,P17987.pt,True,P17987.pt,112,True
P18031,True,P18031.pt,True,P18031.pt,True,P18031.pt,112,True
P18074,True,P18074.pt,True,P18074.pt,True,P18074.pt,112,True
P18077,True,P18077.pt,True,P18077.pt,True,P18077.pt,112,True
P18124,True,P18124.pt,True,P18124.pt,True,P18124.pt,112,True
P18206,True,P18206.pt,True,P18206.pt,True,P18206.pt,112,True
P18583,True,P18583.pt,True,P18583.pt,True,P18583.pt,112,True
P18621,True,P18621.pt,True,P18621.pt,True,P18621.pt,112,True
P18669,True,P18669.pt,True,P18669.pt,True,P18669.pt,112,True
P18754,True,P18754.pt,True,P18754.pt,True,P18754.pt,112,True
P18858,True,P18858.pt,True,P18858.pt,True,P18858.pt,112,True
P19174,True,P19174.pt,True,P19174.pt,True,P19174.pt,112,True
P19338,True,P19338.pt,True,P19338.pt,True,P19338.pt,112,True
P19367,True,P19367.pt,True,P19367.pt,True,P19367.pt,112,True
P19404,True,P19404.pt,True,P19404.pt,True,P19404.pt,112,True
P19440,True,P19440.pt,True,P19440.pt,True,P19440.pt,112,True
P19525,True,P19525.pt,True,P19525.pt,True,P19525.pt,112,True
P19532,True,P19532.pt,True,P19532.pt,True,P19532.pt,112,True
P20042,True,P20042.pt,True,P20042.pt,True,P20042.pt,112,True
P20226,True,P20226.pt,True,P20226.pt,True,P20226.pt,112,True
P20290,True,P20290.pt,True,P20290.pt,True,P20290.pt,112,True
P20585,True,P20585.pt,True,P20585.pt,True,P20585.pt,112,True
P20618,True,P20618.pt,True,P20618.pt,True,P20618.pt,112,True
P20645,True,P20645.pt,True,P20645.pt,True,P20645.pt,112,True
P20674,True,P20674.pt,True,P20674.pt,True,P20674.pt,112,True
P20810,True,P20810.pt,True,P20810.pt,True,P20810.pt,112,True
P21127,True,P21127.pt,True,P21127.pt,True,P21127.pt,112,True
P21266,True,P21266.pt,True,P21266.pt,True,P21266.pt,112,True
P21281,True,P21281.pt,True,P21281.pt,True,P21281.pt,112,True
P21283,True,P21283.pt,True,P21283.pt,True,P21283.pt,112,True
P21291,True,P21291.pt,True,P21291.pt,True,P21291.pt,112,True
P21912,True,P21912.pt,True,P21912.pt,True,P21912.pt,112,True
P21926,True,P21926.pt,True,P21926.pt,True,P21926.pt,112,True
P21953,True,P21953.pt,True,P21953.pt,True,P21953.pt,112,True
P21964,True,P21964.pt,True,P21964.pt,True,P21964.pt,112,True
P22033,True,P22033.pt,True,P22033.pt,True,P22033.pt,112,True
P22059,True,P22059.pt,True,P22059.pt,True,P22059.pt,112,True
P22087,True,P22087.pt,True,P22087.pt,True,P22087.pt,112,True
P22090,True,P22090.pt,True,P22090.pt,True,P22090.pt,112,True
P22102,True,P22102.pt,True,P22102.pt,True,P22102.pt,112,True
P22234,True,P22234.pt,True,P22234.pt,True,P22234.pt,112,True
P22307,True,P22307.pt,True,P22307.pt,True,P22307.pt,112,True
P22314,True,P22314.pt,True,P22314.pt,True,P22314.pt,112,True
P22413,True,P22413.pt,True,P22413.pt,True,P22413.pt,112,True
P22695,True,P22695.pt,True,P22695.pt,True,P22695.pt,112,True
P22830,True,P22830.pt,True,P22830.pt,True,P22830.pt,112,True
P23142,True,P23142.pt,True,P23142.pt,True,P23142.pt,112,True
P23193,True,P23193.pt,True,P23193.pt,True,P23193.pt,112,True
P23229,True,P23229.pt,True,P23229.pt,True,P23229.pt,112,True
P23246,True,P23246.pt,True,P23246.pt,True,P23246.pt,112,True
P23381,True,P23381.pt,True,P23381.pt,True,P23381.pt,112,True
P23396,True,P23396.pt,True,P23396.pt,True,P23396.pt,112,True
P23497,True,P23497.pt,True,P23497.pt,True,P23497.pt,112,True
P23511,True,P23511.pt,True,P23511.pt,True,P23511.pt,112,True
P23528,True,P23528.pt,True,P23528.pt,True,P23528.pt,112,True
P23588,True,P23588.pt,True,P23588.pt,True,P23588.pt,112,True
P23763,True,P23763.pt,True,P23763.pt,True,P23763.pt,112,True
P23786,True,P23786.pt,True,P23786.pt,True,P23786.pt,112,True
P23919,True,P23919.pt,True,P23919.pt,True,P23919.pt,112,True
P23921,True,P23921.pt,True,P23921.pt,True,P23921.pt,112,True
P24001,True,P24001.pt,True,P24001.pt,True,P24001.pt,112,True
P24539,True,P24539.pt,True,P24539.pt,True,P24539.pt,112,True
P24666,True,P24666.pt,True,P24666.pt,True,P24666.pt,112,True
P24752,True,P24752.pt,True,P24752.pt,True,P24752.pt,112,True
P24928,True,P24928.pt,True,P24928.pt,True,P24928.pt,112,True
P25098,True,P25098.pt,True,P25098.pt,True,P25098.pt,112,True
P25205,True,P25205.pt,True,P25205.pt,True,P25205.pt,112,True
P25325,True,P25325.pt,True,P25325.pt,True,P25325.pt,112,True
P25398,True,P25398.pt,True,P25398.pt,True,P25398.pt,112,True
P25440,True,P25440.pt,True,P25440.pt,True,P25440.pt,112,True
P25490,True,P25490.pt,True,P25490.pt,True,P25490.pt,112,True
P25705,True,P25705.pt,True,P25705.pt,True,P25705.pt,112,True
P25786,True,P25786.pt,True,P25786.pt,True,P25786.pt,112,True
P25788,True,P25788.pt,True,P25788.pt,True,P25788.pt,112,True
P25789,True,P25789.pt,True,P25789.pt,True,P25789.pt,112,True
P26006,True,P26006.pt,True,P26006.pt,True,P26006.pt,112,True
P26196,True,P26196.pt,True,P26196.pt,True,P26196.pt,112,True
P26232,True,P26232.pt,True,P26232.pt,True,P26232.pt,112,True
P26358,True,P26358.pt,True,P26358.pt,True,P26358.pt,112,True
P26368,True,P26368.pt,True,P26368.pt,True,P26368.pt,112,True
P26373,True,P26373.pt,True,P26373.pt,True,P26373.pt,112,True
P26374,True,P26374.pt,True,P26374.pt,True,P26374.pt,112,True
P26447,True,P26447.pt,True,P26447.pt,True,P26447.pt,112,True
P26640,True,P26640.pt,True,P26640.pt,True,P26640.pt,112,True
P26641,True,P26641.pt,True,P26641.pt,True,P26641.pt,112,True
P27105,True,P27105.pt,True,P27105.pt,True,P27105.pt,112,True
P27144,True,P27144.pt,True,P27144.pt,True,P27144.pt,112,True
P27361,True,P27361.pt,True,P27361.pt,True,P27361.pt,112,True
P27694,True,P27694.pt,True,P27694.pt,True,P27694.pt,112,True
P27695,True,P27695.pt,True,P27695.pt,True,P27695.pt,112,True
P27707,True,P27707.pt,True,P27707.pt,True,P27707.pt,112,True
P27708,True,P27708.pt,True,P27708.pt,True,P27708.pt,112,True
P27797,True,P27797.pt,True,P27797.pt,True,P27797.pt,112,True
P27816,True,P27816.pt,True,P27816.pt,True,P27816.pt,112,True
P27824,True,P27824.pt,True,P27824.pt,True,P27824.pt,112,True
P28062,True,P28062.pt,True,P28062.pt,True,P28062.pt,112,True
P28070,True,P28070.pt,True,P28070.pt,True,P28070.pt,112,True
P28072,True,P28072.pt,True,P28072.pt,True,P28072.pt,112,True
P28288,True,P28288.pt,True,P28288.pt,True,P28288.pt,112,True
P28331,True,P28331.pt,True,P28331.pt,True,P28331.pt,112,True
P28340,True,P28340.pt,True,P28340.pt,True,P28340.pt,112,True
P28702,True,P28702.pt,True,P28702.pt,True,P28702.pt,112,True
P28715,True,P28715.pt,True,P28715.pt,True,P28715.pt,112,True
P28838,True,P28838.pt,True,P28838.pt,True,P28838.pt,112,True
P29083,True,P29083.pt,True,P29083.pt,True,P29083.pt,112,True
P29084,True,P29084.pt,True,P29084.pt,True,P29084.pt,112,True
P29144,True,P29144.pt,True,P29144.pt,True,P29144.pt,112,True
P29401,True,P29401.pt,True,P29401.pt,True,P29401.pt,112,True
P29692,True,P29692.pt,True,P29692.pt,True,P29692.pt,112,True
P29966,True,P29966.pt,True,P29966.pt,True,P29966.pt,112,True
P29992,True,P29992.pt,True,P29992.pt,True,P29992.pt,112,True
P30040,True,P30040.pt,True,P30040.pt,True,P30040.pt,112,True
P30041,True,P30041.pt,True,P30041.pt,True,P30041.pt,112,True
P30044,True,P30044.pt,True,P30044.pt,True,P30044.pt,112,True
P30047,True,P30047.pt,True,P30047.pt,True,P30047.pt,112,True
P30049,True,P30049.pt,True,P30049.pt,True,P30049.pt,112,True
P30050,True,P30050.pt,True,P30050.pt,True,P30050.pt,112,True
P30084,True,P30084.pt,True,P30084.pt,True,P30084.pt,112,True
P30085,True,P30085.pt,True,P30085.pt,True,P30085.pt,112,True
P30086,True,P30086.pt,True,P30086.pt,True,P30086.pt,112,True
P30414,True,P30414.pt,True,P30414.pt,True,P30414.pt,112,True
P30419,True,P30419.pt,True,P30419.pt,True,P30419.pt,112,True
P30519,True,P30519.pt,True,P30519.pt,True,P30519.pt,112,True
P30520,True,P30520.pt,True,P30520.pt,True,P30520.pt,112,True
P30533,True,P30533.pt,True,P30533.pt,True,P30533.pt,112,True
P30566,True,P30566.pt,True,P30566.pt,True,P30566.pt,112,True
P30613,True,P30613.pt,True,P30613.pt,True,P30613.pt,112,True
P30622,True,P30622.pt,True,P30622.pt,True,P30622.pt,112,True
P30740,True,P30740.pt,True,P30740.pt,True,P30740.pt,112,True
P30876,True,P30876.pt,True,P30876.pt,True,P30876.pt,112,True
P31040,True,P31040.pt,True,P31040.pt,True,P31040.pt,112,True
P31150,True,P31150.pt,True,P31150.pt,True,P31150.pt,112,True
P31153,True,P31153.pt,True,P31153.pt,True,P31153.pt,112,True
P31323,True,P31323.pt,True,P31323.pt,True,P31323.pt,112,True
P31350,True,P31350.pt,True,P31350.pt,True,P31350.pt,112,True
P31751,True,P31751.pt,True,P31751.pt,True,P31751.pt,112,True
P31937,True,P31937.pt,True,P31937.pt,True,P31937.pt,112,True
P31939,True,P31939.pt,True,P31939.pt,True,P31939.pt,112,True
P31943,True,P31943.pt,True,P31943.pt,True,P31943.pt,112,True
P31948,True,P31948.pt,True,P31948.pt,True,P31948.pt,112,True
P31949,True,P31949.pt,True,P31949.pt,True,P31949.pt,112,True
P32121,True,P32121.pt,True,P32121.pt,True,P32121.pt,112,True
P32320,True,P32320.pt,True,P32320.pt,True,P32320.pt,112,True
P32780,True,P32780.pt,True,P32780.pt,True,P32780.pt,112,True
P32929,True,P32929.pt,True,P32929.pt,True,P32929.pt,112,True
P32969,True,P32969.pt,True,P32969.pt,True,P32969.pt,112,True
P33316,True,P33316.pt,True,P33316.pt,True,P33316.pt,112,True
P33527,True,P33527.pt,True,P33527.pt,True,P33527.pt,112,True
P33552,True,P33552.pt,True,P33552.pt,True,P33552.pt,112,True
P33897,True,P33897.pt,True,P33897.pt,True,P33897.pt,112,True
P33991,True,P33991.pt,True,P33991.pt,True,P33991.pt,112,True
P33992,True,P33992.pt,True,P33992.pt,True,P33992.pt,112,True
P33993,True,P33993.pt,True,P33993.pt,True,P33993.pt,112,True
P34897,True,P34897.pt,True,P34897.pt,True,P34897.pt,112,True
P34913,True,P34913.pt,True,P34913.pt,True,P34913.pt,112,True
P34949,True,P34949.pt,True,P34949.pt,True,P34949.pt,112,True
P35222,True,P35222.pt,True,P35222.pt,True,P35222.pt,112,True
P35244,True,P35244.pt,True,P35244.pt,True,P35244.pt,112,True
P35249,True,P35249.pt,True,P35249.pt,True,P35249.pt,112,True
P35250,True,P35250.pt,True,P35250.pt,True,P35250.pt,112,True
P35251,True,P35251.pt,True,P35251.pt,True,P35251.pt,112,True
P35268,True,P35268.pt,True,P35268.pt,True,P35268.pt,112,True
P35269,True,P35269.pt,True,P35269.pt,True,P35269.pt,112,True
P35270,True,P35270.pt,True,P35270.pt,True,P35270.pt,112,True
P35527,True,P35527.pt,True,P35527.pt,True,P35527.pt,112,True
P35573,True,P35573.pt,True,P35573.pt,True,P35573.pt,112,True
P35606,True,P35606.pt,True,P35606.pt,True,P35606.pt,112,True
P35610,True,P35610.pt,True,P35610.pt,True,P35610.pt,112,True
P35613,True,P35613.pt,True,P35613.pt,True,P35613.pt,112,True
P35658,True,P35658.pt,True,P35658.pt,True,P35658.pt,112,True
P35659,True,P35659.pt,True,P35659.pt,True,P35659.pt,112,True
P35813,True,P35813.pt,True,P35813.pt,True,P35813.pt,112,True
P35914,True,P35914.pt,True,P35914.pt,True,P35914.pt,112,True
P36405,True,P36405.pt,True,P36405.pt,True,P36405.pt,112,True
P36507,True,P36507.pt,True,P36507.pt,True,P36507.pt,112,True
P36542,True,P36542.pt,True,P36542.pt,True,P36542.pt,112,True
P36543,True,P36543.pt,True,P36543.pt,True,P36543.pt,112,True
P36578,True,P36578.pt,True,P36578.pt,True,P36578.pt,112,True
P36776,True,P36776.pt,True,P36776.pt,True,P36776.pt,112,True
P36871,True,P36871.pt,True,P36871.pt,True,P36871.pt,112,True
P36897,True,P36897.pt,True,P36897.pt,True,P36897.pt,112,True
P36954,True,P36954.pt,True,P36954.pt,True,P36954.pt,112,True
P36957,True,P36957.pt,True,P36957.pt,True,P36957.pt,112,True
P37108,True,P37108.pt,True,P37108.pt,True,P37108.pt,112,True
P37198,True,P37198.pt,True,P37198.pt,True,P37198.pt,112,True
P37235,True,P37235.pt,True,P37235.pt,True,P37235.pt,112,True
P37268,True,P37268.pt,True,P37268.pt,True,P37268.pt,112,True
P37837,True,P37837.pt,True,P37837.pt,True,P37837.pt,112,True
P38117,True,P38117.pt,True,P38117.pt,True,P38117.pt,112,True
P38435,True,P38435.pt,True,P38435.pt,True,P38435.pt,112,True
P38606,True,P38606.pt,True,P38606.pt,True,P38606.pt,112,True
P38646,True,P38646.pt,True,P38646.pt,True,P38646.pt,112,True
P38919,True,P38919.pt,True,P38919.pt,True,P38919.pt,112,True
P39019,True,P39019.pt,True,P39019.pt,True,P39019.pt,112,True
P39748,True,P39748.pt,True,P39748.pt,True,P39748.pt,112,True
P39880,True,P39880.pt,True,P39880.pt,True,P39880.pt,112,True
P40123,True,P40123.pt,True,P40123.pt,True,P40123.pt,112,True
P40222,True,P40222.pt,True,P40222.pt,True,P40222.pt,112,True
P40227,True,P40227.pt,True,P40227.pt,True,P40227.pt,112,True
P40429,True,P40429.pt,True,P40429.pt,True,P40429.pt,112,True
P40763,True,P40763.pt,True,P40763.pt,True,P40763.pt,112,True
P40818,True,P40818.pt,True,P40818.pt,True,P40818.pt,112,True
P40925,True,P40925.pt,True,P40925.pt,True,P40925.pt,112,True
P40926,True,P40926.pt,True,P40926.pt,True,P40926.pt,112,True
P40938,True,P40938.pt,True,P40938.pt,True,P40938.pt,112,True
P40939,True,P40939.pt,True,P40939.pt,True,P40939.pt,112,True
P41091,True,P41091.pt,True,P41091.pt,True,P41091.pt,112,True
P41208,True,P41208.pt,True,P41208.pt,True,P41208.pt,112,True
P41227,True,P41227.pt,True,P41227.pt,True,P41227.pt,112,True
P41236,True,P41236.pt,True,P41236.pt,True,P41236.pt,112,True
P41247,True,P41247.pt,True,P41247.pt,True,P41247.pt,112,True
P41250,True,P41250.pt,True,P41250.pt,True,P41250.pt,112,True
P41252,True,P41252.pt,True,P41252.pt,True,P41252.pt,112,True
P41743,True,P41743.pt,True,P41743.pt,True,P41743.pt,112,True
P42126,True,P42126.pt,True,P42126.pt,True,P42126.pt,112,True
P42166,True,P42166.pt,True,P42166.pt,True,P42166.pt,112,True
P42285,True,P42285.pt,True,P42285.pt,True,P42285.pt,112,True
P42345,True,P42345.pt,True,P42345.pt,True,P42345.pt,112,True
P42356,True,P42356.pt,True,P42356.pt,True,P42356.pt,112,True
P42566,True,P42566.pt,True,P42566.pt,True,P42566.pt,112,True
P42677,True,P42677.pt,True,P42677.pt,True,P42677.pt,112,True
P42684,True,P42684.pt,True,P42684.pt,True,P42684.pt,112,True
P42704,True,P42704.pt,True,P42704.pt,True,P42704.pt,112,True
P42766,True,P42766.pt,True,P42766.pt,True,P42766.pt,112,True
P42773,True,P42773.pt,True,P42773.pt,True,P42773.pt,112,True
P42898,True,P42898.pt,True,P42898.pt,True,P42898.pt,112,True
P43034,True,P43034.pt,True,P43034.pt,True,P43034.pt,112,True
P43121,True,P43121.pt,True,P43121.pt,True,P43121.pt,112,True
P43155,True,P43155.pt,True,P43155.pt,True,P43155.pt,112,True
P43243,True,P43243.pt,True,P43243.pt,True,P43243.pt,112,True
P43246,True,P43246.pt,True,P43246.pt,True,P43246.pt,112,True
P43304,True,P43304.pt,True,P43304.pt,True,P43304.pt,112,True
P43490,True,P43490.pt,True,P43490.pt,True,P43490.pt,112,True
P43897,True,P43897.pt,True,P43897.pt,True,P43897.pt,112,True
P45378,True,P45378.pt,True,P45378.pt,True,P45378.pt,112,True
P45880,True,P45880.pt,True,P45880.pt,True,P45880.pt,112,True
P45973,True,P45973.pt,True,P45973.pt,True,P45973.pt,112,True
P45974,True,P45974.pt,True,P45974.pt,True,P45974.pt,112,True
P46060,True,P46060.pt,True,P46060.pt,True,P46060.pt,112,True
P46063,True,P46063.pt,True,P46063.pt,True,P46063.pt,112,True
P46087,True,P46087.pt,True,P46087.pt,True,P46087.pt,112,True
P46108,True,P46108.pt,True,P46108.pt,True,P46108.pt,112,True
P46199,True,P46199.pt,True,P46199.pt,True,P46199.pt,112,True
P46379,True,P46379.pt,True,P46379.pt,True,P46379.pt,112,True
P46459,True,P46459.pt,True,P46459.pt,True,P46459.pt,112,True
P46736,True,P46736.pt,True,P46736.pt,True,P46736.pt,112,True
P46776,True,P46776.pt,True,P46776.pt,True,P46776.pt,112,True
P46777,True,P46777.pt,True,P46777.pt,True,P46777.pt,112,True
P46778,True,P46778.pt,True,P46778.pt,True,P46778.pt,112,True
P46779,True,P46779.pt,True,P46779.pt,True,P46779.pt,112,True
P46781,True,P46781.pt,True,P46781.pt,True,P46781.pt,112,True
P46782,True,P46782.pt,True,P46782.pt,True,P46782.pt,112,True
P46926,True,P46926.pt,True,P46926.pt,True,P46926.pt,112,True
P46934,True,P46934.pt,True,P46934.pt,True,P46934.pt,112,True
P46937,True,P46937.pt,True,P46937.pt,True,P46937.pt,112,True
P46940,True,P46940.pt,True,P46940.pt,True,P46940.pt,112,True
P47712,True,P47712.pt,True,P47712.pt,True,P47712.pt,112,True
P47755,True,P47755.pt,True,P47755.pt,True,P47755.pt,112,True
P47897,True,P47897.pt,True,P47897.pt,True,P47897.pt,112,True
P47914,True,P47914.pt,True,P47914.pt,True,P47914.pt,112,True
P48047,True,P48047.pt,True,P48047.pt,True,P48047.pt,112,True
P48147,True,P48147.pt,True,P48147.pt,True,P48147.pt,112,True
P48200,True,P48200.pt,True,P48200.pt,True,P48200.pt,112,True
P48444,True,P48444.pt,True,P48444.pt,True,P48444.pt,112,True
P48449,True,P48449.pt,True,P48449.pt,True,P48449.pt,112,True
P48507,True,P48507.pt,True,P48507.pt,True,P48507.pt,112,True
P48509,True,P48509.pt,True,P48509.pt,True,P48509.pt,112,True
P48553,True,P48553.pt,True,P48553.pt,True,P48553.pt,112,True
P48556,True,P48556.pt,True,P48556.pt,True,P48556.pt,112,True
P48634,True,P48634.pt,True,P48634.pt,True,P48634.pt,112,True
P48637,True,P48637.pt,True,P48637.pt,True,P48637.pt,112,True
P48643,True,P48643.pt,True,P48643.pt,True,P48643.pt,112,True
P48651,True,P48651.pt,True,P48651.pt,True,P48651.pt,112,True
P48723,True,P48723.pt,True,P48723.pt,True,P48723.pt,112,True
P48729,True,P48729.pt,True,P48729.pt,True,P48729.pt,112,True
P48735,True,P48735.pt,True,P48735.pt,True,P48735.pt,112,True
P48739,True,P48739.pt,True,P48739.pt,True,P48739.pt,112,True
P48960,True,P48960.pt,True,P48960.pt,True,P48960.pt,112,True
P49023,True,P49023.pt,True,P49023.pt,True,P49023.pt,112,True
P49207,True,P49207.pt,True,P49207.pt,True,P49207.pt,112,True
P49247,True,P49247.pt,True,P49247.pt,True,P49247.pt,112,True
P49257,True,P49257.pt,True,P49257.pt,True,P49257.pt,112,True
P49321,True,P49321.pt,True,P49321.pt,True,P49321.pt,112,True
P49327,True,P49327.pt,True,P49327.pt,True,P49327.pt,112,True
P49418,True,P49418.pt,True,P49418.pt,True,P49418.pt,112,True
P49419,True,P49419.pt,True,P49419.pt,True,P49419.pt,112,True
P49458,True,P49458.pt,True,P49458.pt,True,P49458.pt,112,True
P49585,True,P49585.pt,True,P49585.pt,True,P49585.pt,112,True
P49589,True,P49589.pt,True,P49589.pt,True,P49589.pt,112,True
P49591,True,P49591.pt,True,P49591.pt,True,P49591.pt,112,True
P49641,True,P49641.pt,True,P49641.pt,True,P49641.pt,112,True
P49642,True,P49642.pt,True,P49642.pt,True,P49642.pt,112,True
P49643,True,P49643.pt,True,P49643.pt,True,P49643.pt,112,True
P49662,True,P49662.pt,True,P49662.pt,True,P49662.pt,112,True
P49711,True,P49711.pt,True,P49711.pt,True,P49711.pt,112,True
P49720,True,P49720.pt,True,P49720.pt,True,P49720.pt,112,True
P49721,True,P49721.pt,True,P49721.pt,True,P49721.pt,112,True
P49736,True,P49736.pt,True,P49736.pt,True,P49736.pt,112,True
P49748,True,P49748.pt,True,P49748.pt,True,P49748.pt,112,True
P49750,True,P49750.pt,True,P49750.pt,True,P49750.pt,112,True
P49753,True,P49753.pt,True,P49753.pt,True,P49753.pt,112,True
P49754,True,P49754.pt,True,P49754.pt,True,P49754.pt,112,True
P49755,True,P49755.pt,True,P49755.pt,True,P49755.pt,112,True
P49756,True,P49756.pt,True,P49756.pt,True,P49756.pt,112,True
P49770,True,P49770.pt,True,P49770.pt,True,P49770.pt,112,True
P49773,True,P49773.pt,True,P49773.pt,True,P49773.pt,112,True
P49790,True,P49790.pt,True,P49790.pt,True,P49790.pt,112,True
P49821,True,P49821.pt,True,P49821.pt,True,P49821.pt,112,True
P49902,True,P49902.pt,True,P49902.pt,True,P49902.pt,112,True
P49903,True,P49903.pt,True,P49903.pt,True,P49903.pt,112,True
P49914,True,P49914.pt,True,P49914.pt,True,P49914.pt,112,True
P49915,True,P49915.pt,True,P49915.pt,True,P49915.pt,112,True
P49916,True,P49916.pt,True,P49916.pt,True,P49916.pt,112,True
P49959,True,P49959.pt,True,P49959.pt,True,P49959.pt,112,True
P50135,True,P50135.pt,True,P50135.pt,True,P50135.pt,112,True
P50402,True,P50402.pt,True,P50402.pt,True,P50402.pt,112,True
P50416,True,P50416.pt,True,P50416.pt,True,P50416.pt,112,True
P50443,True,P50443.pt,True,P50443.pt,True,P50443.pt,112,True
P50454,True,P50454.pt,True,P50454.pt,True,P50454.pt,112,True
P50502,True,P50502.pt,True,P50502.pt,True,P50502.pt,112,True
P50542,True,P50542.pt,True,P50542.pt,True,P50542.pt,112,True
P50548,True,P50548.pt,True,P50548.pt,True,P50548.pt,112,True
P50552,True,P50552.pt,True,P50552.pt,True,P50552.pt,112,True
P50579,True,P50579.pt,True,P50579.pt,True,P50579.pt,112,True
P50747,True,P50747.pt,True,P50747.pt,True,P50747.pt,112,True
P50748,True,P50748.pt,True,P50748.pt,True,P50748.pt,112,True
P50914,True,P50914.pt,True,P50914.pt,True,P50914.pt,112,True
P50990,True,P50990.pt,True,P50990.pt,True,P50990.pt,112,True
P50995,True,P50995.pt,True,P50995.pt,True,P50995.pt,112,True
P51003,True,P51003.pt,True,P51003.pt,True,P51003.pt,112,True
P51116,True,P51116.pt,True,P51116.pt,True,P51116.pt,112,True
P51149,True,P51149.pt,True,P51149.pt,True,P51149.pt,112,True
P51398,True,P51398.pt,True,P51398.pt,True,P51398.pt,112,True
P51452,True,P51452.pt,True,P51452.pt,True,P51452.pt,112,True
P51532,True,P51532.pt,True,P51532.pt,True,P51532.pt,112,True
P51570,True,P51570.pt,True,P51570.pt,True,P51570.pt,112,True
P51572,True,P51572.pt,True,P51572.pt,True,P51572.pt,112,True
P51580,True,P51580.pt,True,P51580.pt,True,P51580.pt,112,True
P51610,True,P51610.pt,True,P51610.pt,True,P51610.pt,112,True
P51648,True,P51648.pt,True,P51648.pt,True,P51648.pt,112,True
P51649,True,P51649.pt,True,P51649.pt,True,P51649.pt,112,True
P51659,True,P51659.pt,True,P51659.pt,True,P51659.pt,112,True
P51665,True,P51665.pt,True,P51665.pt,True,P51665.pt,112,True
P51784,True,P51784.pt,True,P51784.pt,True,P51784.pt,112,True
P51809,True,P51809.pt,True,P51809.pt,True,P51809.pt,112,True
P51970,True,P51970.pt,True,P51970.pt,True,P51970.pt,112,True
P51991,True,P51991.pt,True,P51991.pt,True,P51991.pt,112,True
P52209,True,P52209.pt,True,P52209.pt,True,P52209.pt,112,True
P52272,True,P52272.pt,True,P52272.pt,True,P52272.pt,112,True
P52294,True,P52294.pt,True,P52294.pt,True,P52294.pt,112,True
P52298,True,P52298.pt,True,P52298.pt,True,P52298.pt,112,True
P52435,True,P52435.pt,True,P52435.pt,True,P52435.pt,112,True
P52565,True,P52565.pt,True,P52565.pt,True,P52565.pt,112,True
P52594,True,P52594.pt,True,P52594.pt,True,P52594.pt,112,True
P52701,True,P52701.pt,True,P52701.pt,True,P52701.pt,112,True
P52732,True,P52732.pt,True,P52732.pt,True,P52732.pt,112,True
P52735,True,P52735.pt,True,P52735.pt,True,P52735.pt,112,True
P52788,True,P52788.pt,True,P52788.pt,True,P52788.pt,112,True
P52815,True,P52815.pt,True,P52815.pt,True,P52815.pt,112,True
P52948,True,P52948.pt,True,P52948.pt,True,P52948.pt,112,True
P53004,True,P53004.pt,True,P53004.pt,True,P53004.pt,112,True
P53007,True,P53007.pt,True,P53007.pt,True,P53007.pt,112,True
P53041,True,P53041.pt,True,P53041.pt,True,P53041.pt,112,True
P53367,True,P53367.pt,True,P53367.pt,True,P53367.pt,112,True
P53384,True,P53384.pt,True,P53384.pt,True,P53384.pt,112,True
P53396,True,P53396.pt,True,P53396.pt,True,P53396.pt,112,True
P53597,True,P53597.pt,True,P53597.pt,True,P53597.pt,112,True
P53602,True,P53602.pt,True,P53602.pt,True,P53602.pt,112,True
P53609,True,P53609.pt,True,P53609.pt,True,P53609.pt,112,True
P53611,True,P53611.pt,True,P53611.pt,True,P53611.pt,112,True
P53618,True,P53618.pt,True,P53618.pt,True,P53618.pt,112,True
P53621,True,P53621.pt,True,P53621.pt,True,P53621.pt,112,True
P53701,True,P53701.pt,True,P53701.pt,True,P53701.pt,112,True
P53801,True,P53801.pt,True,P53801.pt,True,P53801.pt,112,True
P53804,True,P53804.pt,True,P53804.pt,True,P53804.pt,112,True
P53816,True,P53816.pt,True,P53816.pt,True,P53816.pt,112,True
P53985,True,P53985.pt,True,P53985.pt,True,P53985.pt,112,True
P53990,True,P53990.pt,True,P53990.pt,True,P53990.pt,112,True
P53992,True,P53992.pt,True,P53992.pt,True,P53992.pt,112,True
P53999,True,P53999.pt,True,P53999.pt,True,P53999.pt,112,True
P54136,True,P54136.pt,True,P54136.pt,True,P54136.pt,112,True
P54252,True,P54252.pt,True,P54252.pt,True,P54252.pt,112,True
P54577,True,P54577.pt,True,P54577.pt,True,P54577.pt,112,True
P54578,True,P54578.pt,True,P54578.pt,True,P54578.pt,112,True
P54709,True,P54709.pt,True,P54709.pt,True,P54709.pt,112,True
P54727,True,P54727.pt,True,P54727.pt,True,P54727.pt,112,True
P54819,True,P54819.pt,True,P54819.pt,True,P54819.pt,112,True
P54851,True,P54851.pt,True,P54851.pt,True,P54851.pt,112,True
P54886,True,P54886.pt,True,P54886.pt,True,P54886.pt,112,True
P54920,True,P54920.pt,True,P54920.pt,True,P54920.pt,112,True
P55008,True,P55008.pt,True,P55008.pt,True,P55008.pt,112,True
P55010,True,P55010.pt,True,P55010.pt,True,P55010.pt,112,True
P55011,True,P55011.pt,True,P55011.pt,True,P55011.pt,112,True
P55060,True,P55060.pt,True,P55060.pt,True,P55060.pt,112,True
P55072,True,P55072.pt,True,P55072.pt,True,P55072.pt,112,True
P55081,True,P55081.pt,True,P55081.pt,True,P55081.pt,112,True
P55084,True,P55084.pt,True,P55084.pt,True,P55084.pt,112,True
P55145,True,P55145.pt,True,P55145.pt,True,P55145.pt,112,True
P55209,True,P55209.pt,True,P55209.pt,True,P55209.pt,112,True
P55210,True,P55210.pt,True,P55210.pt,True,P55210.pt,112,True
P55263,True,P55263.pt,True,P55263.pt,True,P55263.pt,112,True
P55265,True,P55265.pt,True,P55265.pt,True,P55265.pt,112,True
P55327,True,P55327.pt,True,P55327.pt,True,P55327.pt,112,True
P55735,True,P55735.pt,True,P55735.pt,True,P55735.pt,112,True
P55769,True,P55769.pt,True,P55769.pt,True,P55769.pt,112,True
P55786,True,P55786.pt,True,P55786.pt,True,P55786.pt,112,True
P55809,True,P55809.pt,True,P55809.pt,True,P55809.pt,112,True
P55854,True,P55854.pt,True,P55854.pt,True,P55854.pt,112,True
P55884,True,P55884.pt,True,P55884.pt,True,P55884.pt,112,True
P56192,True,P56192.pt,True,P56192.pt,True,P56192.pt,112,True
P56199,True,P56199.pt,True,P56199.pt,True,P56199.pt,112,True
P56270,True,P56270.pt,True,P56270.pt,True,P56270.pt,112,True
P56378,True,P56378.pt,True,P56378.pt,True,P56378.pt,112,True
P56385,True,P56385.pt,True,P56385.pt,True,P56385.pt,112,True
P56545,True,P56545.pt,True,P56545.pt,True,P56545.pt,112,True
P56715,True,P56715.pt,True,P56715.pt,True,P56715.pt,112,True
P56937,True,P56937.pt,True,P56937.pt,True,P56937.pt,112,True
P56945,True,P56945.pt,True,P56945.pt,True,P56945.pt,112,True
P57076,True,P57076.pt,True,P57076.pt,True,P57076.pt,112,True
P57081,True,P57081.pt,True,P57081.pt,True,P57081.pt,112,True
P57678,True,P57678.pt,True,P57678.pt,True,P57678.pt,112,True
P57723,True,P57723.pt,True,P57723.pt,True,P57723.pt,112,True
P57740,True,P57740.pt,True,P57740.pt,True,P57740.pt,112,True
P58546,True,P58546.pt,True,P58546.pt,True,P58546.pt,112,True
P58557,True,P58557.pt,True,P58557.pt,True,P58557.pt,112,True
P59998,True,P59998.pt,True,P59998.pt,True,P59998.pt,112,True
P60002,True,P60002.pt,True,P60002.pt,True,P60002.pt,112,True
P60059,True,P60059.pt,True,P60059.pt,True,P60059.pt,112,True
P60228,True,P60228.pt,True,P60228.pt,True,P60228.pt,112,True
P60484,True,P60484.pt,True,P60484.pt,True,P60484.pt,112,True
P60866,True,P60866.pt,True,P60866.pt,True,P60866.pt,112,True
P60896,True,P60896.pt,True,P60896.pt,True,P60896.pt,112,True
P60983,True,P60983.pt,True,P60983.pt,True,P60983.pt,112,True
P61009,True,P61009.pt,True,P61009.pt,True,P61009.pt,112,True
P61011,True,P61011.pt,True,P61011.pt,True,P61011.pt,112,True
P61081,True,P61081.pt,True,P61081.pt,True,P61081.pt,112,True
P61086,True,P61086.pt,True,P61086.pt,True,P61086.pt,112,True
P61158,True,P61158.pt,True,P61158.pt,True,P61158.pt,112,True
P61201,True,P61201.pt,True,P61201.pt,True,P61201.pt,112,True
P61221,True,P61221.pt,True,P61221.pt,True,P61221.pt,112,True
P61247,True,P61247.pt,True,P61247.pt,True,P61247.pt,112,True
P61254,True,P61254.pt,True,P61254.pt,True,P61254.pt,112,True
P61289,True,P61289.pt,True,P61289.pt,True,P61289.pt,112,True
P61313,True,P61313.pt,True,P61313.pt,True,P61313.pt,112,True
P61353,True,P61353.pt,True,P61353.pt,True,P61353.pt,112,True
P61421,True,P61421.pt,True,P61421.pt,True,P61421.pt,112,True
P61457,True,P61457.pt,True,P61457.pt,True,P61457.pt,112,True
P61604,True,P61604.pt,True,P61604.pt,True,P61604.pt,112,True
P61619,True,P61619.pt,True,P61619.pt,True,P61619.pt,112,True
P61758,True,P61758.pt,True,P61758.pt,True,P61758.pt,112,True
P61764,True,P61764.pt,True,P61764.pt,True,P61764.pt,112,True
P61769,True,P61769.pt,True,P61769.pt,True,P61769.pt,112,True
P61916,True,P61916.pt,True,P61916.pt,True,P61916.pt,112,True
P61923,True,P61923.pt,True,P61923.pt,True,P61923.pt,112,True
P61927,True,P61927.pt,True,P61927.pt,True,P61927.pt,112,True
P61964,True,P61964.pt,True,P61964.pt,True,P61964.pt,112,True
P61966,True,P61966.pt,True,P61966.pt,True,P61966.pt,112,True
P61978,True,P61978.pt,True,P61978.pt,True,P61978.pt,112,True
P62072,True,P62072.pt,True,P62072.pt,True,P62072.pt,112,True
P62081,True,P62081.pt,True,P62081.pt,True,P62081.pt,112,True
P62136,True,P62136.pt,True,P62136.pt,True,P62136.pt,112,True
P62191,True,P62191.pt,True,P62191.pt,True,P62191.pt,112,True
P62241,True,P62241.pt,True,P62241.pt,True,P62241.pt,112,True
P62244,True,P62244.pt,True,P62244.pt,True,P62244.pt,112,True
P62249,True,P62249.pt,True,P62249.pt,True,P62249.pt,112,True
P62256,True,P62256.pt,True,P62256.pt,True,P62256.pt,112,True
P62258,True,P62258.pt,True,P62258.pt,True,P62258.pt,112,True
P62263,True,P62263.pt,True,P62263.pt,True,P62263.pt,112,True
P62266,True,P62266.pt,True,P62266.pt,True,P62266.pt,112,True
P62269,True,P62269.pt,True,P62269.pt,True,P62269.pt,112,True
P62273,True,P62273.pt,True,P62273.pt,True,P62273.pt,112,True
P62277,True,P62277.pt,True,P62277.pt,True,P62277.pt,112,True
P62280,True,P62280.pt,True,P62280.pt,True,P62280.pt,112,True
P62304,True,P62304.pt,True,P62304.pt,True,P62304.pt,112,True
P62306,True,P62306.pt,True,P62306.pt,True,P62306.pt,112,True
P62316,True,P62316.pt,True,P62316.pt,True,P62316.pt,112,True
P62318,True,P62318.pt,True,P62318.pt,True,P62318.pt,112,True
P62424,True,P62424.pt,True,P62424.pt,True,P62424.pt,112,True
P62495,True,P62495.pt,True,P62495.pt,True,P62495.pt,112,True
P62633,True,P62633.pt,True,P62633.pt,True,P62633.pt,112,True
P62750,True,P62750.pt,True,P62750.pt,True,P62750.pt,112,True
P62753,True,P62753.pt,True,P62753.pt,True,P62753.pt,112,True
P62805,True,P62805.pt,True,P62805.pt,True,P62805.pt,112,True
P62826,True,P62826.pt,True,P62826.pt,True,P62826.pt,112,True
P62829,True,P62829.pt,True,P62829.pt,True,P62829.pt,112,True
P62841,True,P62841.pt,True,P62841.pt,True,P62841.pt,112,True
P62847,True,P62847.pt,True,P62847.pt,True,P62847.pt,112,True
P62851,True,P62851.pt,True,P62851.pt,True,P62851.pt,112,True
P62854,True,P62854.pt,True,P62854.pt,True,P62854.pt,112,True
P62857,True,P62857.pt,True,P62857.pt,True,P62857.pt,112,True
P62873,True,P62873.pt,True,P62873.pt,True,P62873.pt,112,True
P62877,True,P62877.pt,True,P62877.pt,True,P62877.pt,112,True
P62888,True,P62888.pt,True,P62888.pt,True,P62888.pt,112,True
P62891,True,P62891.pt,True,P62891.pt,True,P62891.pt,112,True
P62899,True,P62899.pt,True,P62899.pt,True,P62899.pt,112,True
P62906,True,P62906.pt,True,P62906.pt,True,P62906.pt,112,True
P62910,True,P62910.pt,True,P62910.pt,True,P62910.pt,112,True
P62913,True,P62913.pt,True,P62913.pt,True,P62913.pt,112,True
P62917,True,P62917.pt,True,P62917.pt,True,P62917.pt,112,True
P62993,True,P62993.pt,True,P62993.pt,True,P62993.pt,112,True
P63167,True,P63167.pt,True,P63167.pt,True,P63167.pt,112,True
P63173,True,P63173.pt,True,P63173.pt,True,P63173.pt,112,True
P63208,True,P63208.pt,True,P63208.pt,True,P63208.pt,112,True
P63220,True,P63220.pt,True,P63220.pt,True,P63220.pt,112,True
P63241,True,P63241.pt,True,P63241.pt,True,P63241.pt,112,True
P63244,True,P63244.pt,True,P63244.pt,True,P63244.pt,112,True
P63272,True,P63272.pt,True,P63272.pt,True,P63272.pt,112,True
P63279,True,P63279.pt,True,P63279.pt,True,P63279.pt,112,True
P67812,True,P67812.pt,True,P67812.pt,True,P67812.pt,112,True
P68400,True,P68400.pt,True,P68400.pt,True,P68400.pt,112,True
P68431,True,P68431.pt,True,P68431.pt,True,P68431.pt,112,True
P78310,True,P78310.pt,True,P78310.pt,True,P78310.pt,112,True
P78316,True,P78316.pt,True,P78316.pt,True,P78316.pt,112,True
P78318,True,P78318.pt,True,P78318.pt,True,P78318.pt,112,True
P78330,True,P78330.pt,True,P78330.pt,True,P78330.pt,112,True
P78344,True,P78344.pt,True,P78344.pt,True,P78344.pt,112,True
P78345,True,P78345.pt,True,P78345.pt,True,P78345.pt,112,True
P78347,True,P78347.pt,True,P78347.pt,True,P78347.pt,112,True
P78406,True,P78406.pt,True,P78406.pt,True,P78406.pt,112,True
P78417,True,P78417.pt,True,P78417.pt,True,P78417.pt,112,True
P80723,True,P80723.pt,True,P80723.pt,True,P80723.pt,112,True
P81274,True,P81274.pt,True,P81274.pt,True,P81274.pt,112,True
P82094,True,P82094.pt,True,P82094.pt,True,P82094.pt,112,True
P82650,True,P82650.pt,True,P82650.pt,True,P82650.pt,112,True
P82663,True,P82663.pt,True,P82663.pt,True,P82663.pt,112,True
P82673,True,P82673.pt,True,P82673.pt,True,P82673.pt,112,True
P82675,True,P82675.pt,True,P82675.pt,True,P82675.pt,112,True
P82914,True,P82914.pt,True,P82914.pt,True,P82914.pt,112,True
P82933,True,P82933.pt,True,P82933.pt,True,P82933.pt,112,True
P82970,True,P82970.pt,True,P82970.pt,True,P82970.pt,112,True
P82979,True,P82979.pt,True,P82979.pt,True,P82979.pt,112,True
P83111,True,P83111.pt,True,P83111.pt,True,P83111.pt,112,True
P83436,True,P83436.pt,True,P83436.pt,True,P83436.pt,112,True
P83731,True,P83731.pt,True,P83731.pt,True,P83731.pt,112,True
P83881,True,P83881.pt,True,P83881.pt,True,P83881.pt,112,True
P84090,True,P84090.pt,True,P84090.pt,True,P84090.pt,112,True
P84098,True,P84098.pt,True,P84098.pt,True,P84098.pt,112,True
P98082,True,P98082.pt,True,P98082.pt,True,P98082.pt,112,True
P98170,True,P98170.pt,True,P98170.pt,True,P98170.pt,112,True
P98173,True,P98173.pt,True,P98173.pt,True,P98173.pt,112,True
P98175,True,P98175.pt,True,P98175.pt,True,P98175.pt,112,True
P99999,True,P99999.pt,True,P99999.pt,True,P99999.pt,112,True
Q00059,True,Q00059.pt,True,Q00059.pt,True,Q00059.pt,112,True
Q00325,True,Q00325.pt,True,Q00325.pt,True,Q00325.pt,112,True
Q00403,True,Q00403.pt,True,Q00403.pt,True,Q00403.pt,112,True
Q00537,True,Q00537.pt,True,Q00537.pt,True,Q00537.pt,112,True
Q00577,True,Q00577.pt,True,Q00577.pt,True,Q00577.pt,112,True
Q00610,True,Q00610.pt,True,Q00610.pt,True,Q00610.pt,112,True
Q00653,True,Q00653.pt,True,Q00653.pt,True,Q00653.pt,112,True
Q00688,True,Q00688.pt,True,Q00688.pt,True,Q00688.pt,112,True
Q00765,True,Q00765.pt,True,Q00765.pt,True,Q00765.pt,112,True
Q00796,True,Q00796.pt,True,Q00796.pt,True,Q00796.pt,112,True
Q01081,True,Q01081.pt,True,Q01081.pt,True,Q01081.pt,112,True
Q01105,True,Q01105.pt,True,Q01105.pt,True,Q01105.pt,112,True
Q01469,True,Q01469.pt,True,Q01469.pt,True,Q01469.pt,112,True
Q01581,True,Q01581.pt,True,Q01581.pt,True,Q01581.pt,112,True
Q01650,True,Q01650.pt,True,Q01650.pt,True,Q01650.pt,112,True
Q01780,True,Q01780.pt,True,Q01780.pt,True,Q01780.pt,112,True
Q01804,True,Q01804.pt,True,Q01804.pt,True,Q01804.pt,112,True
Q01813,True,Q01813.pt,True,Q01813.pt,True,Q01813.pt,112,True
Q01831,True,Q01831.pt,True,Q01831.pt,True,Q01831.pt,112,True
Q01844,True,Q01844.pt,True,Q01844.pt,True,Q01844.pt,112,True
Q01970,True,Q01970.pt,True,Q01970.pt,True,Q01970.pt,112,True
Q02040,True,Q02040.pt,True,Q02040.pt,True,Q02040.pt,112,True
Q02127,True,Q02127.pt,True,Q02127.pt,True,Q02127.pt,112,True
Q02218,True,Q02218.pt,True,Q02218.pt,True,Q02218.pt,112,True
Q02241,True,Q02241.pt,True,Q02241.pt,True,Q02241.pt,112,True
Q02252,True,Q02252.pt,True,Q02252.pt,True,Q02252.pt,112,True
Q02543,True,Q02543.pt,True,Q02543.pt,True,Q02543.pt,112,True
Q02790,True,Q02790.pt,True,Q02790.pt,True,Q02790.pt,112,True
Q02818,True,Q02818.pt,True,Q02818.pt,True,Q02818.pt,112,True
Q02878,True,Q02878.pt,True,Q02878.pt,True,Q02878.pt,112,True
Q02880,True,Q02880.pt,True,Q02880.pt,True,Q02880.pt,112,True
Q03135,True,Q03135.pt,True,Q03135.pt,True,Q03135.pt,112,True
Q03154,True,Q03154.pt,True,Q03154.pt,True,Q03154.pt,112,True
Q03426,True,Q03426.pt,True,Q03426.pt,True,Q03426.pt,112,True
Q03468,True,Q03468.pt,True,Q03468.pt,True,Q03468.pt,112,True
Q03701,True,Q03701.pt,True,Q03701.pt,True,Q03701.pt,112,True
Q04446,True,Q04446.pt,True,Q04446.pt,True,Q04446.pt,112,True
Q04637,True,Q04637.pt,True,Q04637.pt,True,Q04637.pt,112,True
Q04721,True,Q04721.pt,True,Q04721.pt,True,Q04721.pt,112,True
Q04727,True,Q04727.pt,True,Q04727.pt,True,Q04727.pt,112,True
Q04760,True,Q04760.pt,True,Q04760.pt,True,Q04760.pt,112,True
Q04837,True,Q04837.pt,True,Q04837.pt,True,Q04837.pt,112,True
Q04864,True,Q04864.pt,True,Q04864.pt,True,Q04864.pt,112,True
Q05086,True,Q05086.pt,True,Q05086.pt,True,Q05086.pt,112,True
Q05209,True,Q05209.pt,True,Q05209.pt,True,Q05209.pt,112,True
Q05397,True,Q05397.pt,True,Q05397.pt,True,Q05397.pt,112,True
Q05519,True,Q05519.pt,True,Q05519.pt,True,Q05519.pt,112,True
Q05639,True,Q05639.pt,True,Q05639.pt,True,Q05639.pt,112,True
Q05682,True,Q05682.pt,True,Q05682.pt,True,Q05682.pt,112,True
Q06124,True,Q06124.pt,True,Q06124.pt,True,Q06124.pt,112,True
Q06136,True,Q06136.pt,True,Q06136.pt,True,Q06136.pt,112,True
Q06203,True,Q06203.pt,True,Q06203.pt,True,Q06203.pt,112,True
Q06210,True,Q06210.pt,True,Q06210.pt,True,Q06210.pt,112,True
Q06265,True,Q06265.pt,True,Q06265.pt,True,Q06265.pt,112,True
Q06481,True,Q06481.pt,True,Q06481.pt,True,Q06481.pt,112,True
Q06546,True,Q06546.pt,True,Q06546.pt,True,Q06546.pt,112,True
Q06547,True,Q06547.pt,True,Q06547.pt,True,Q06547.pt,112,True
Q06587,True,Q06587.pt,True,Q06587.pt,True,Q06587.pt,112,True
Q07020,True,Q07020.pt,True,Q07020.pt,True,Q07020.pt,112,True
Q07021,True,Q07021.pt,True,Q07021.pt,True,Q07021.pt,112,True
Q07065,True,Q07065.pt,True,Q07065.pt,True,Q07065.pt,112,True
Q07157,True,Q07157.pt,True,Q07157.pt,True,Q07157.pt,112,True
Q07666,True,Q07666.pt,True,Q07666.pt,True,Q07666.pt,112,True
Q07864,True,Q07864.pt,True,Q07864.pt,True,Q07864.pt,112,True
Q07960,True,Q07960.pt,True,Q07960.pt,True,Q07960.pt,112,True
Q08170,True,Q08170.pt,True,Q08170.pt,True,Q08170.pt,112,True
Q08211,True,Q08211.pt,True,Q08211.pt,True,Q08211.pt,112,True
Q08257,True,Q08257.pt,True,Q08257.pt,True,Q08257.pt,112,True
Q08378,True,Q08378.pt,True,Q08378.pt,True,Q08378.pt,112,True
Q08379,True,Q08379.pt,True,Q08379.pt,True,Q08379.pt,112,True
Q08623,True,Q08623.pt,True,Q08623.pt,True,Q08623.pt,112,True
Q08752,True,Q08752.pt,True,Q08752.pt,True,Q08752.pt,112,True
Q08945,True,Q08945.pt,True,Q08945.pt,True,Q08945.pt,112,True
Q08AM6,True,Q08AM6.pt,True,Q08AM6.pt,True,Q08AM6.pt,112,True
Q08J23,True,Q08J23.pt,True,Q08J23.pt,True,Q08J23.pt,112,True
Q09028,True,Q09028.pt,True,Q09028.pt,True,Q09028.pt,112,True
Q09161,True,Q09161.pt,True,Q09161.pt,True,Q09161.pt,112,True
Q0IIM8,True,Q0IIM8.pt,True,Q0IIM8.pt,True,Q0IIM8.pt,112,True
Q0JRZ9,True,Q0JRZ9.pt,True,Q0JRZ9.pt,True,Q0JRZ9.pt,112,True
Q0PNE2,True,Q0PNE2.pt,True,Q0PNE2.pt,True,Q0PNE2.pt,112,True
Q0VDF9,True,Q0VDF9.pt,True,Q0VDF9.pt,True,Q0VDF9.pt,112,True
Q0VDG4,True,Q0VDG4.pt,True,Q0VDG4.pt,True,Q0VDG4.pt,112,True
Q10471,True,Q10471.pt,True,Q10471.pt,True,Q10471.pt,112,True
Q10570,True,Q10570.pt,True,Q10570.pt,True,Q10570.pt,112,True
Q10713,True,Q10713.pt,True,Q10713.pt,True,Q10713.pt,112,True
Q12768,True,Q12768.pt,True,Q12768.pt,True,Q12768.pt,112,True
Q12769,True,Q12769.pt,True,Q12769.pt,True,Q12769.pt,112,True
Q12788,True,Q12788.pt,True,Q12788.pt,True,Q12788.pt,112,True
Q12789,True,Q12789.pt,True,Q12789.pt,True,Q12789.pt,112,True
Q12792,True,Q12792.pt,True,Q12792.pt,True,Q12792.pt,112,True
Q12797,True,Q12797.pt,True,Q12797.pt,True,Q12797.pt,112,True
Q12816,True,Q12816.pt,True,Q12816.pt,True,Q12816.pt,112,True
Q12834,True,Q12834.pt,True,Q12834.pt,True,Q12834.pt,112,True
Q12840,True,Q12840.pt,True,Q12840.pt,True,Q12840.pt,112,True
Q12849,True,Q12849.pt,True,Q12849.pt,True,Q12849.pt,112,True
Q12873,True,Q12873.pt,True,Q12873.pt,True,Q12873.pt,112,True
Q12874,True,Q12874.pt,True,Q12874.pt,True,Q12874.pt,112,True
Q12888,True,Q12888.pt,True,Q12888.pt,True,Q12888.pt,112,True
Q12904,True,Q12904.pt,True,Q12904.pt,True,Q12904.pt,112,True
Q12905,True,Q12905.pt,True,Q12905.pt,True,Q12905.pt,112,True
Q12906,True,Q12906.pt,True,Q12906.pt,True,Q12906.pt,112,True
Q12907,True,Q12907.pt,True,Q12907.pt,True,Q12907.pt,112,True
Q12929,True,Q12929.pt,True,Q12929.pt,True,Q12929.pt,112,True
Q12933,True,Q12933.pt,True,Q12933.pt,True,Q12933.pt,112,True
Q12959,True,Q12959.pt,True,Q12959.pt,True,Q12959.pt,112,True
Q12965,True,Q12965.pt,True,Q12965.pt,True,Q12965.pt,112,True
Q12972,True,Q12972.pt,True,Q12972.pt,True,Q12972.pt,112,True
Q12979,True,Q12979.pt,True,Q12979.pt,True,Q12979.pt,112,True
Q12996,True,Q12996.pt,True,Q12996.pt,True,Q12996.pt,112,True
Q13011,True,Q13011.pt,True,Q13011.pt,True,Q13011.pt,112,True
Q13017,True,Q13017.pt,True,Q13017.pt,True,Q13017.pt,112,True
Q13033,True,Q13033.pt,True,Q13033.pt,True,Q13033.pt,112,True
Q13042,True,Q13042.pt,True,Q13042.pt,True,Q13042.pt,112,True
Q13045,True,Q13045.pt,True,Q13045.pt,True,Q13045.pt,112,True
Q13049,True,Q13049.pt,True,Q13049.pt,True,Q13049.pt,112,True
Q13057,True,Q13057.pt,True,Q13057.pt,True,Q13057.pt,112,True
Q13084,True,Q13084.pt,True,Q13084.pt,True,Q13084.pt,112,True
Q13098,True,Q13098.pt,True,Q13098.pt,True,Q13098.pt,112,True
Q13123,True,Q13123.pt,True,Q13123.pt,True,Q13123.pt,112,True
Q13126,True,Q13126.pt,True,Q13126.pt,True,Q13126.pt,112,True
Q13131,True,Q13131.pt,True,Q13131.pt,True,Q13131.pt,112,True
Q13137,True,Q13137.pt,True,Q13137.pt,True,Q13137.pt,112,True
Q13144,True,Q13144.pt,True,Q13144.pt,True,Q13144.pt,112,True
Q13148,True,Q13148.pt,True,Q13148.pt,True,Q13148.pt,112,True
Q13155,True,Q13155.pt,True,Q13155.pt,True,Q13155.pt,112,True
Q13158,True,Q13158.pt,True,Q13158.pt,True,Q13158.pt,112,True
Q13162,True,Q13162.pt,True,Q13162.pt,True,Q13162.pt,112,True
Q13177,True,Q13177.pt,True,Q13177.pt,True,Q13177.pt,112,True
Q13188,True,Q13188.pt,True,Q13188.pt,True,Q13188.pt,112,True
Q13191,True,Q13191.pt,True,Q13191.pt,True,Q13191.pt,112,True
Q13200,True,Q13200.pt,True,Q13200.pt,True,Q13200.pt,112,True
Q13206,True,Q13206.pt,True,Q13206.pt,True,Q13206.pt,112,True
Q13217,True,Q13217.pt,True,Q13217.pt,True,Q13217.pt,112,True
Q13227,True,Q13227.pt,True,Q13227.pt,True,Q13227.pt,112,True
Q13228,True,Q13228.pt,True,Q13228.pt,True,Q13228.pt,112,True
Q13242,True,Q13242.pt,True,Q13242.pt,True,Q13242.pt,112,True
Q13263,True,Q13263.pt,True,Q13263.pt,True,Q13263.pt,112,True
Q13287,True,Q13287.pt,True,Q13287.pt,True,Q13287.pt,112,True
Q13310,True,Q13310.pt,True,Q13310.pt,True,Q13310.pt,112,True
Q13325,True,Q13325.pt,True,Q13325.pt,True,Q13325.pt,112,True
Q13347,True,Q13347.pt,True,Q13347.pt,True,Q13347.pt,112,True
Q13356,True,Q13356.pt,True,Q13356.pt,True,Q13356.pt,112,True
Q13371,True,Q13371.pt,True,Q13371.pt,True,Q13371.pt,112,True
Q13395,True,Q13395.pt,True,Q13395.pt,True,Q13395.pt,112,True
Q13405,True,Q13405.pt,True,Q13405.pt,True,Q13405.pt,112,True
Q13409,True,Q13409.pt,True,Q13409.pt,True,Q13409.pt,112,True
Q13416,True,Q13416.pt,True,Q13416.pt,True,Q13416.pt,112,True
Q13418,True,Q13418.pt,True,Q13418.pt,True,Q13418.pt,112,True
Q13423,True,Q13423.pt,True,Q13423.pt,True,Q13423.pt,112,True
Q13428,True,Q13428.pt,True,Q13428.pt,True,Q13428.pt,112,True
Q13435,True,Q13435.pt,True,Q13435.pt,True,Q13435.pt,112,True
Q13439,True,Q13439.pt,True,Q13439.pt,True,Q13439.pt,112,True
Q13442,True,Q13442.pt,True,Q13442.pt,True,Q13442.pt,112,True
Q13459,True,Q13459.pt,True,Q13459.pt,True,Q13459.pt,112,True
Q13472,True,Q13472.pt,True,Q13472.pt,True,Q13472.pt,112,True
Q13485,True,Q13485.pt,True,Q13485.pt,True,Q13485.pt,112,True
Q13490,True,Q13490.pt,True,Q13490.pt,True,Q13490.pt,112,True
Q13492,True,Q13492.pt,True,Q13492.pt,True,Q13492.pt,112,True
Q13501,True,Q13501.pt,True,Q13501.pt,True,Q13501.pt,112,True
Q13523,True,Q13523.pt,True,Q13523.pt,True,Q13523.pt,112,True
Q13526,True,Q13526.pt,True,Q13526.pt,True,Q13526.pt,112,True
Q13535,True,Q13535.pt,True,Q13535.pt,True,Q13535.pt,112,True
Q13554,True,Q13554.pt,True,Q13554.pt,True,Q13554.pt,112,True
Q13561,True,Q13561.pt,True,Q13561.pt,True,Q13561.pt,112,True
Q13569,True,Q13569.pt,True,Q13569.pt,True,Q13569.pt,112,True
Q13573,True,Q13573.pt,True,Q13573.pt,True,Q13573.pt,112,True
Q13586,True,Q13586.pt,True,Q13586.pt,True,Q13586.pt,112,True
Q13595,True,Q13595.pt,True,Q13595.pt,True,Q13595.pt,112,True
Q13596,True,Q13596.pt,True,Q13596.pt,True,Q13596.pt,112,True
Q13601,True,Q13601.pt,True,Q13601.pt,True,Q13601.pt,112,True
Q13610,True,Q13610.pt,True,Q13610.pt,True,Q13610.pt,112,True
Q13616,True,Q13616.pt,True,Q13616.pt,True,Q13616.pt,112,True
Q13617,True,Q13617.pt,True,Q13617.pt,True,Q13617.pt,112,True
Q13618,True,Q13618.pt,True,Q13618.pt,True,Q13618.pt,112,True
Q13620,True,Q13620.pt,True,Q13620.pt,True,Q13620.pt,112,True
Q13630,True,Q13630.pt,True,Q13630.pt,True,Q13630.pt,112,True
Q13637,True,Q13637.pt,True,Q13637.pt,True,Q13637.pt,112,True
Q13642,True,Q13642.pt,True,Q13642.pt,True,Q13642.pt,112,True
Q13724,True,Q13724.pt,True,Q13724.pt,True,Q13724.pt,112,True
Q13740,True,Q13740.pt,True,Q13740.pt,True,Q13740.pt,112,True
Q13813,True,Q13813.pt,True,Q13813.pt,True,Q13813.pt,112,True
Q13823,True,Q13823.pt,True,Q13823.pt,True,Q13823.pt,112,True
Q13867,True,Q13867.pt,True,Q13867.pt,True,Q13867.pt,112,True
Q13895,True,Q13895.pt,True,Q13895.pt,True,Q13895.pt,112,True
Q13901,True,Q13901.pt,True,Q13901.pt,True,Q13901.pt,112,True
Q13907,True,Q13907.pt,True,Q13907.pt,True,Q13907.pt,112,True
Q13952,True,Q13952.pt,True,Q13952.pt,True,Q13952.pt,112,True
Q14004,True,Q14004.pt,True,Q14004.pt,True,Q14004.pt,112,True
Q14008,True,Q14008.pt,True,Q14008.pt,True,Q14008.pt,112,True
Q14019,True,Q14019.pt,True,Q14019.pt,True,Q14019.pt,112,True
Q14061,True,Q14061.pt,True,Q14061.pt,True,Q14061.pt,112,True
Q14108,True,Q14108.pt,True,Q14108.pt,True,Q14108.pt,112,True
Q14116,True,Q14116.pt,True,Q14116.pt,True,Q14116.pt,112,True
Q14118,True,Q14118.pt,True,Q14118.pt,True,Q14118.pt,112,True
Q14119,True,Q14119.pt,True,Q14119.pt,True,Q14119.pt,112,True
Q14126,True,Q14126.pt,True,Q14126.pt,True,Q14126.pt,112,True
Q14134,True,Q14134.pt,True,Q14134.pt,True,Q14134.pt,112,True
Q14139,True,Q14139.pt,True,Q14139.pt,True,Q14139.pt,112,True
Q14146,True,Q14146.pt,True,Q14146.pt,True,Q14146.pt,112,True
Q14151,True,Q14151.pt,True,Q14151.pt,True,Q14151.pt,112,True
Q14152,True,Q14152.pt,True,Q14152.pt,True,Q14152.pt,112,True
Q14155,True,Q14155.pt,True,Q14155.pt,True,Q14155.pt,112,True
Q14181,True,Q14181.pt,True,Q14181.pt,True,Q14181.pt,112,True
Q14197,True,Q14197.pt,True,Q14197.pt,True,Q14197.pt,112,True
Q14203,True,Q14203.pt,True,Q14203.pt,True,Q14203.pt,112,True
Q14232,True,Q14232.pt,True,Q14232.pt,True,Q14232.pt,112,True
Q14244,True,Q14244.pt,True,Q14244.pt,True,Q14244.pt,112,True
Q14247,True,Q14247.pt,True,Q14247.pt,True,Q14247.pt,112,True
Q14254,True,Q14254.pt,True,Q14254.pt,True,Q14254.pt,112,True
Q14258,True,Q14258.pt,True,Q14258.pt,True,Q14258.pt,112,True
Q14318,True,Q14318.pt,True,Q14318.pt,True,Q14318.pt,112,True
Q14320,True,Q14320.pt,True,Q14320.pt,True,Q14320.pt,112,True
Q14376,True,Q14376.pt,True,Q14376.pt,True,Q14376.pt,112,True
Q14444,True,Q14444.pt,True,Q14444.pt,True,Q14444.pt,112,True
Q14498,True,Q14498.pt,True,Q14498.pt,True,Q14498.pt,112,True
Q14527,True,Q14527.pt,True,Q14527.pt,True,Q14527.pt,112,True
Q14534,True,Q14534.pt,True,Q14534.pt,True,Q14534.pt,112,True
Q14554,True,Q14554.pt,True,Q14554.pt,True,Q14554.pt,112,True
Q14562,True,Q14562.pt,True,Q14562.pt,True,Q14562.pt,112,True
Q14566,True,Q14566.pt,True,Q14566.pt,True,Q14566.pt,112,True
Q14642,True,Q14642.pt,True,Q14642.pt,True,Q14642.pt,112,True
Q14657,True,Q14657.pt,True,Q14657.pt,True,Q14657.pt,112,True
Q14671,True,Q14671.pt,True,Q14671.pt,True,Q14671.pt,112,True
Q14677,True,Q14677.pt,True,Q14677.pt,True,Q14677.pt,112,True
Q14683,True,Q14683.pt,True,Q14683.pt,True,Q14683.pt,112,True
Q14684,True,Q14684.pt,True,Q14684.pt,True,Q14684.pt,112,True
Q14690,True,Q14690.pt,True,Q14690.pt,True,Q14690.pt,112,True
Q14692,True,Q14692.pt,True,Q14692.pt,True,Q14692.pt,112,True
Q14694,True,Q14694.pt,True,Q14694.pt,True,Q14694.pt,112,True
Q14697,True,Q14697.pt,True,Q14697.pt,True,Q14697.pt,112,True
Q14714,True,Q14714.pt,True,Q14714.pt,True,Q14714.pt,112,True
Q14738,True,Q14738.pt,True,Q14738.pt,True,Q14738.pt,112,True
Q14739,True,Q14739.pt,True,Q14739.pt,True,Q14739.pt,112,True
Q14764,True,Q14764.pt,True,Q14764.pt,True,Q14764.pt,112,True
Q14807,True,Q14807.pt,True,Q14807.pt,True,Q14807.pt,112,True
Q14847,True,Q14847.pt,True,Q14847.pt,True,Q14847.pt,112,True
Q14914,True,Q14914.pt,True,Q14914.pt,True,Q14914.pt,112,True
Q14966,True,Q14966.pt,True,Q14966.pt,True,Q14966.pt,112,True
Q14974,True,Q14974.pt,True,Q14974.pt,True,Q14974.pt,112,True
Q14978,True,Q14978.pt,True,Q14978.pt,True,Q14978.pt,112,True
Q14980,True,Q14980.pt,True,Q14980.pt,True,Q14980.pt,112,True
Q14BN4,True,Q14BN4.pt,True,Q14BN4.pt,True,Q14BN4.pt,112,True
Q14C86,True,Q14C86.pt,True,Q14C86.pt,True,Q14C86.pt,112,True
Q14CX7,True,Q14CX7.pt,True,Q14CX7.pt,True,Q14CX7.pt,112,True
Q15003,True,Q15003.pt,True,Q15003.pt,True,Q15003.pt,112,True
Q15004,True,Q15004.pt,True,Q15004.pt,True,Q15004.pt,112,True
Q15005,True,Q15005.pt,True,Q15005.pt,True,Q15005.pt,112,True
Q15007,True,Q15007.pt,True,Q15007.pt,True,Q15007.pt,112,True
Q15008,True,Q15008.pt,True,Q15008.pt,True,Q15008.pt,112,True
Q15018,True,Q15018.pt,True,Q15018.pt,True,Q15018.pt,112,True
Q15020,True,Q15020.pt,True,Q15020.pt,True,Q15020.pt,112,True
Q15021,True,Q15021.pt,True,Q15021.pt,True,Q15021.pt,112,True
Q15029,True,Q15029.pt,True,Q15029.pt,True,Q15029.pt,112,True
Q15031,True,Q15031.pt,True,Q15031.pt,True,Q15031.pt,112,True
Q15036,True,Q15036.pt,True,Q15036.pt,True,Q15036.pt,112,True
Q15041,True,Q15041.pt,True,Q15041.pt,True,Q15041.pt,112,True
Q15042,True,Q15042.pt,True,Q15042.pt,True,Q15042.pt,112,True
Q15046,True,Q15046.pt,True,Q15046.pt,True,Q15046.pt,112,True
Q15050,True,Q15050.pt,True,Q15050.pt,True,Q15050.pt,112,True
Q15054,True,Q15054.pt,True,Q15054.pt,True,Q15054.pt,112,True
Q15056,True,Q15056.pt,True,Q15056.pt,True,Q15056.pt,112,True
Q15057,True,Q15057.pt,True,Q15057.pt,True,Q15057.pt,112,True
Q15058,True,Q15058.pt,True,Q15058.pt,True,Q15058.pt,112,True
Q15061,True,Q15061.pt,True,Q15061.pt,True,Q15061.pt,112,True
Q15067,True,Q15067.pt,True,Q15067.pt,True,Q15067.pt,112,True
Q15075,True,Q15075.pt,True,Q15075.pt,True,Q15075.pt,112,True
Q15084,True,Q15084.pt,True,Q15084.pt,True,Q15084.pt,112,True
Q15121,True,Q15121.pt,True,Q15121.pt,True,Q15121.pt,112,True
Q15125,True,Q15125.pt,True,Q15125.pt,True,Q15125.pt,112,True
Q15126,True,Q15126.pt,True,Q15126.pt,True,Q15126.pt,112,True
Q15165,True,Q15165.pt,True,Q15165.pt,True,Q15165.pt,112,True
Q15185,True,Q15185.pt,True,Q15185.pt,True,Q15185.pt,112,True
Q15208,True,Q15208.pt,True,Q15208.pt,True,Q15208.pt,112,True
Q15257,True,Q15257.pt,True,Q15257.pt,True,Q15257.pt,112,True
Q15269,True,Q15269.pt,True,Q15269.pt,True,Q15269.pt,112,True
Q15274,True,Q15274.pt,True,Q15274.pt,True,Q15274.pt,112,True
Q15276,True,Q15276.pt,True,Q15276.pt,True,Q15276.pt,112,True
Q15287,True,Q15287.pt,True,Q15287.pt,True,Q15287.pt,112,True
Q15293,True,Q15293.pt,True,Q15293.pt,True,Q15293.pt,112,True
Q15311,True,Q15311.pt,True,Q15311.pt,True,Q15311.pt,112,True
Q15345,True,Q15345.pt,True,Q15345.pt,True,Q15345.pt,112,True
Q15361,True,Q15361.pt,True,Q15361.pt,True,Q15361.pt,112,True
Q15363,True,Q15363.pt,True,Q15363.pt,True,Q15363.pt,112,True
Q15369,True,Q15369.pt,True,Q15369.pt,True,Q15369.pt,112,True
Q15370,True,Q15370.pt,True,Q15370.pt,True,Q15370.pt,112,True
Q15382,True,Q15382.pt,True,Q15382.pt,True,Q15382.pt,112,True
Q15388,True,Q15388.pt,True,Q15388.pt,True,Q15388.pt,112,True
Q15392,True,Q15392.pt,True,Q15392.pt,True,Q15392.pt,112,True
Q15393,True,Q15393.pt,True,Q15393.pt,True,Q15393.pt,112,True
Q15397,True,Q15397.pt,True,Q15397.pt,True,Q15397.pt,112,True
Q15404,True,Q15404.pt,True,Q15404.pt,True,Q15404.pt,112,True
Q15417,True,Q15417.pt,True,Q15417.pt,True,Q15417.pt,112,True
Q15427,True,Q15427.pt,True,Q15427.pt,True,Q15427.pt,112,True
Q15428,True,Q15428.pt,True,Q15428.pt,True,Q15428.pt,112,True
Q15435,True,Q15435.pt,True,Q15435.pt,True,Q15435.pt,112,True
Q15437,True,Q15437.pt,True,Q15437.pt,True,Q15437.pt,112,True
Q15459,True,Q15459.pt,True,Q15459.pt,True,Q15459.pt,112,True
Q15528,True,Q15528.pt,True,Q15528.pt,True,Q15528.pt,112,True
Q15545,True,Q15545.pt,True,Q15545.pt,True,Q15545.pt,112,True
Q15555,True,Q15555.pt,True,Q15555.pt,True,Q15555.pt,112,True
Q15629,True,Q15629.pt,True,Q15629.pt,True,Q15629.pt,112,True
Q15631,True,Q15631.pt,True,Q15631.pt,True,Q15631.pt,112,True
Q15637,True,Q15637.pt,True,Q15637.pt,True,Q15637.pt,112,True
Q15643,True,Q15643.pt,True,Q15643.pt,True,Q15643.pt,112,True
Q15649,True,Q15649.pt,True,Q15649.pt,True,Q15649.pt,112,True
Q15650,True,Q15650.pt,True,Q15650.pt,True,Q15650.pt,112,True
Q15652,True,Q15652.pt,True,Q15652.pt,True,Q15652.pt,112,True
Q15653,True,Q15653.pt,True,Q15653.pt,True,Q15653.pt,112,True
Q15714,True,Q15714.pt,True,Q15714.pt,True,Q15714.pt,112,True
Q15738,True,Q15738.pt,True,Q15738.pt,True,Q15738.pt,112,True
Q15758,True,Q15758.pt,True,Q15758.pt,True,Q15758.pt,112,True
Q15785,True,Q15785.pt,True,Q15785.pt,True,Q15785.pt,112,True
Q15800,True,Q15800.pt,True,Q15800.pt,True,Q15800.pt,112,True
Q15813,True,Q15813.pt,True,Q15813.pt,True,Q15813.pt,112,True
Q15818,True,Q15818.pt,True,Q15818.pt,True,Q15818.pt,112,True
Q16134,True,Q16134.pt,True,Q16134.pt,True,Q16134.pt,112,True
Q16186,True,Q16186.pt,True,Q16186.pt,True,Q16186.pt,112,True
Q16204,True,Q16204.pt,True,Q16204.pt,True,Q16204.pt,112,True
Q16222,True,Q16222.pt,True,Q16222.pt,True,Q16222.pt,112,True
Q16352,True,Q16352.pt,True,Q16352.pt,True,Q16352.pt,112,True
Q16401,True,Q16401.pt,True,Q16401.pt,True,Q16401.pt,112,True
Q16513,True,Q16513.pt,True,Q16513.pt,True,Q16513.pt,112,True
Q16514,True,Q16514.pt,True,Q16514.pt,True,Q16514.pt,112,True
Q16531,True,Q16531.pt,True,Q16531.pt,True,Q16531.pt,112,True
Q16543,True,Q16543.pt,True,Q16543.pt,True,Q16543.pt,112,True
Q16555,True,Q16555.pt,True,Q16555.pt,True,Q16555.pt,112,True
Q16630,True,Q16630.pt,True,Q16630.pt,True,Q16630.pt,112,True
Q16637,True,Q16637.pt,True,Q16637.pt,True,Q16637.pt,112,True
Q16643,True,Q16643.pt,True,Q16643.pt,True,Q16643.pt,112,True
Q16658,True,Q16658.pt,True,Q16658.pt,True,Q16658.pt,112,True
Q16666,True,Q16666.pt,True,Q16666.pt,True,Q16666.pt,112,True
Q16718,True,Q16718.pt,True,Q16718.pt,True,Q16718.pt,112,True
Q16795,True,Q16795.pt,True,Q16795.pt,True,Q16795.pt,112,True
Q16798,True,Q16798.pt,True,Q16798.pt,True,Q16798.pt,112,True
Q16822,True,Q16822.pt,True,Q16822.pt,True,Q16822.pt,112,True
Q16836,True,Q16836.pt,True,Q16836.pt,True,Q16836.pt,112,True
Q16851,True,Q16851.pt,True,Q16851.pt,True,Q16851.pt,112,True
Q16891,True,Q16891.pt,True,Q16891.pt,True,Q16891.pt,112,True
Q17R31,True,Q17R31.pt,True,Q17R31.pt,True,Q17R31.pt,112,True
Q1ED39,True,Q1ED39.pt,True,Q1ED39.pt,True,Q1ED39.pt,112,True
Q27J81,True,Q27J81.pt,True,Q27J81.pt,True,Q27J81.pt,112,True
Q2KHR3,True,Q2KHR3.pt,True,Q2KHR3.pt,True,Q2KHR3.pt,112,True
Q2M389,True,Q2M389.pt,True,Q2M389.pt,True,Q2M389.pt,112,True
Q2NKX8,True,Q2NKX8.pt,True,Q2NKX8.pt,True,Q2NKX8.pt,112,True
Q2NL82,True,Q2NL82.pt,True,Q2NL82.pt,True,Q2NL82.pt,112,True
Q2TAL8,True,Q2TAL8.pt,True,Q2TAL8.pt,True,Q2TAL8.pt,112,True
Q2TAY7,True,Q2TAY7.pt,True,Q2TAY7.pt,True,Q2TAY7.pt,112,True
Q2TBE0,True,Q2TBE0.pt,True,Q2TBE0.pt,True,Q2TBE0.pt,112,True
Q2VIQ3,True,Q2VIQ3.pt,True,Q2VIQ3.pt,True,Q2VIQ3.pt,112,True
Q2VPK5,True,Q2VPK5.pt,True,Q2VPK5.pt,True,Q2VPK5.pt,112,True
Q32MZ4,True,Q32MZ4.pt,True,Q32MZ4.pt,True,Q32MZ4.pt,112,True
Q32P28,True,Q32P28.pt,True,Q32P28.pt,True,Q32P28.pt,112,True
Q3KRA6,True,Q3KRA6.pt,True,Q3KRA6.pt,True,Q3KRA6.pt,112,True
Q3LXA3,True,Q3LXA3.pt,True,Q3LXA3.pt,True,Q3LXA3.pt,112,True
Q3MHD2,True,Q3MHD2.pt,True,Q3MHD2.pt,True,Q3MHD2.pt,112,True
Q3SXM5,True,Q3SXM5.pt,True,Q3SXM5.pt,True,Q3SXM5.pt,112,True
Q3ZCQ8,True,Q3ZCQ8.pt,True,Q3ZCQ8.pt,True,Q3ZCQ8.pt,112,True
Q49A26,True,Q49A26.pt,True,Q49A26.pt,True,Q49A26.pt,112,True
Q4G0J3,True,Q4G0J3.pt,True,Q4G0J3.pt,True,Q4G0J3.pt,112,True
Q4G148,True,Q4G148.pt,True,Q4G148.pt,True,Q4G148.pt,112,True
Q4J6C6,True,Q4J6C6.pt,True,Q4J6C6.pt,True,Q4J6C6.pt,112,True
Q4KMQ2,True,Q4KMQ2.pt,True,Q4KMQ2.pt,True,Q4KMQ2.pt,112,True
Q4U2R6,True,Q4U2R6.pt,True,Q4U2R6.pt,True,Q4U2R6.pt,112,True
Q4V328,True,Q4V328.pt,True,Q4V328.pt,True,Q4V328.pt,112,True
Q4VC31,True,Q4VC31.pt,True,Q4VC31.pt,True,Q4VC31.pt,112,True
Q4ZIN3,True,Q4ZIN3.pt,True,Q4ZIN3.pt,True,Q4ZIN3.pt,112,True
Q52LJ0,True,Q52LJ0.pt,True,Q52LJ0.pt,True,Q52LJ0.pt,112,True
Q53EL6,True,Q53EL6.pt,True,Q53EL6.pt,True,Q53EL6.pt,112,True
Q53EZ4,True,Q53EZ4.pt,True,Q53EZ4.pt,True,Q53EZ4.pt,112,True
Q53F19,True,Q53F19.pt,True,Q53F19.pt,True,Q53F19.pt,112,True
Q53FV1,True,Q53FV1.pt,True,Q53FV1.pt,True,Q53FV1.pt,112,True
Q53GQ0,True,Q53GQ0.pt,True,Q53GQ0.pt,True,Q53GQ0.pt,112,True
Q53GS7,True,Q53GS7.pt,True,Q53GS7.pt,True,Q53GS7.pt,112,True
Q53GS9,True,Q53GS9.pt,True,Q53GS9.pt,True,Q53GS9.pt,112,True
Q53H12,True,Q53H12.pt,True,Q53H12.pt,True,Q53H12.pt,112,True
Q53H82,True,Q53H82.pt,True,Q53H82.pt,True,Q53H82.pt,112,True
Q53S33,True,Q53S33.pt,True,Q53S33.pt,True,Q53S33.pt,112,True
Q567U6,True,Q567U6.pt,True,Q567U6.pt,True,Q567U6.pt,112,True
Q56P03,True,Q56P03.pt,True,Q56P03.pt,True,Q56P03.pt,112,True
Q56UN5,True,Q56UN5.pt,True,Q56UN5.pt,True,Q56UN5.pt,112,True
Q56VL3,True,Q56VL3.pt,True,Q56VL3.pt,True,Q56VL3.pt,112,True
Q58FF6,True,Q58FF6.pt,True,Q58FF6.pt,True,Q58FF6.pt,112,True
Q58FF7,True,Q58FF7.pt,True,Q58FF7.pt,True,Q58FF7.pt,112,True
Q58FF8,True,Q58FF8.pt,True,Q58FF8.pt,True,Q58FF8.pt,112,True
Q58FG1,True,Q58FG1.pt,True,Q58FG1.pt,True,Q58FG1.pt,112,True
Q5BJD5,True,Q5BJD5.pt,True,Q5BJD5.pt,True,Q5BJD5.pt,112,True
Q5BJF2,True,Q5BJF2.pt,True,Q5BJF2.pt,True,Q5BJF2.pt,112,True
Q5BJF6,True,Q5BJF6.pt,True,Q5BJF6.pt,True,Q5BJF6.pt,112,True
Q5BKT4,True,Q5BKT4.pt,True,Q5BKT4.pt,True,Q5BKT4.pt,112,True
Q5BKZ1,True,Q5BKZ1.pt,True,Q5BKZ1.pt,True,Q5BKZ1.pt,112,True
Q5F1R6,True,Q5F1R6.pt,True,Q5F1R6.pt,True,Q5F1R6.pt,112,True
Q5GLZ8,True,Q5GLZ8.pt,True,Q5GLZ8.pt,True,Q5GLZ8.pt,112,True
Q5H9R7,True,Q5H9R7.pt,True,Q5H9R7.pt,True,Q5H9R7.pt,112,True
Q5HYI8,True,Q5HYI8.pt,True,Q5HYI8.pt,True,Q5HYI8.pt,112,True
Q5JPE7,True,Q5JPE7.pt,True,Q5JPE7.pt,True,Q5JPE7.pt,112,True
Q5JPH6,True,Q5JPH6.pt,True,Q5JPH6.pt,True,Q5JPH6.pt,112,True
Q5JRA6,True,Q5JRA6.pt,True,Q5JRA6.pt,True,Q5JRA6.pt,112,True
Q5JRX3,True,Q5JRX3.pt,True,Q5JRX3.pt,True,Q5JRX3.pt,112,True
Q5JSH3,True,Q5JSH3.pt,True,Q5JSH3.pt,True,Q5JSH3.pt,112,True
Q5JTH9,True,Q5JTH9.pt,True,Q5JTH9.pt,True,Q5JTH9.pt,112,True
Q5JTV8,True,Q5JTV8.pt,True,Q5JTV8.pt,True,Q5JTV8.pt,112,True
Q5JU85,True,Q5JU85.pt,True,Q5JU85.pt,True,Q5JU85.pt,112,True
Q5JUR7,True,Q5JUR7.pt,True,Q5JUR7.pt,True,Q5JUR7.pt,112,True
Q5JVF3,True,Q5JVF3.pt,True,Q5JVF3.pt,True,Q5JVF3.pt,112,True
Q5JWF2,True,Q5JWF2.pt,True,Q5JWF2.pt,True,Q5JWF2.pt,112,True
Q5MIZ7,True,Q5MIZ7.pt,True,Q5MIZ7.pt,True,Q5MIZ7.pt,112,True
Q5MNZ6,True,Q5MNZ6.pt,True,Q5MNZ6.pt,True,Q5MNZ6.pt,112,True
Q5NE16,True,Q5NE16.pt,True,Q5NE16.pt,True,Q5NE16.pt,112,True
Q5PSV4,True,Q5PSV4.pt,True,Q5PSV4.pt,True,Q5PSV4.pt,112,True
Q5QJE6,True,Q5QJE6.pt,True,Q5QJE6.pt,True,Q5QJE6.pt,112,True
Q5R3I4,True,Q5R3I4.pt,True,Q5R3I4.pt,True,Q5R3I4.pt,112,True
Q5SRE5,True,Q5SRE5.pt,True,Q5SRE5.pt,True,Q5SRE5.pt,112,True
Q5SSJ5,True,Q5SSJ5.pt,True,Q5SSJ5.pt,True,Q5SSJ5.pt,112,True
Q5SW79,True,Q5SW79.pt,True,Q5SW79.pt,True,Q5SW79.pt,112,True
Q5SY16,True,Q5SY16.pt,True,Q5SY16.pt,True,Q5SY16.pt,112,True
Q5T1C6,True,Q5T1C6.pt,True,Q5T1C6.pt,True,Q5T1C6.pt,112,True
Q5T1M5,True,Q5T1M5.pt,True,Q5T1M5.pt,True,Q5T1M5.pt,112,True
Q5T200,True,Q5T200.pt,True,Q5T200.pt,True,Q5T200.pt,112,True
Q5T280,True,Q5T280.pt,True,Q5T280.pt,True,Q5T280.pt,112,True
Q5T2W1,True,Q5T2W1.pt,True,Q5T2W1.pt,True,Q5T2W1.pt,112,True
Q5T3I0,True,Q5T3I0.pt,True,Q5T3I0.pt,True,Q5T3I0.pt,112,True
Q5T3J3,True,Q5T3J3.pt,True,Q5T3J3.pt,True,Q5T3J3.pt,112,True
Q5T447,True,Q5T447.pt,True,Q5T447.pt,True,Q5T447.pt,112,True
Q5T5Y3,True,Q5T5Y3.pt,True,Q5T5Y3.pt,True,Q5T5Y3.pt,112,True
Q5T653,True,Q5T653.pt,True,Q5T653.pt,True,Q5T653.pt,112,True
Q5T655,True,Q5T655.pt,True,Q5T655.pt,True,Q5T655.pt,112,True
Q5T6F2,True,Q5T6F2.pt,True,Q5T6F2.pt,True,Q5T6F2.pt,112,True
Q5T6V5,True,Q5T6V5.pt,True,Q5T6V5.pt,True,Q5T6V5.pt,112,True
Q5T8P6,True,Q5T8P6.pt,True,Q5T8P6.pt,True,Q5T8P6.pt,112,True
Q5T9A4,True,Q5T9A4.pt,True,Q5T9A4.pt,True,Q5T9A4.pt,112,True
Q5T9S5,True,Q5T9S5.pt,True,Q5T9S5.pt,True,Q5T9S5.pt,112,True
Q5TA50,True,Q5TA50.pt,True,Q5TA50.pt,True,Q5TA50.pt,112,True
Q5TBB1,True,Q5TBB1.pt,True,Q5TBB1.pt,True,Q5TBB1.pt,112,True
Q5TC12,True,Q5TC12.pt,True,Q5TC12.pt,True,Q5TC12.pt,112,True
Q5TFE4,True,Q5TFE4.pt,True,Q5TFE4.pt,True,Q5TFE4.pt,112,True
Q5TKA1,True,Q5TKA1.pt,True,Q5TKA1.pt,True,Q5TKA1.pt,112,True
Q5U3C3,True,Q5U3C3.pt,True,Q5U3C3.pt,True,Q5U3C3.pt,112,True
Q5UIP0,True,Q5UIP0.pt,True,Q5UIP0.pt,True,Q5UIP0.pt,112,True
Q5VIR6,True,Q5VIR6.pt,True,Q5VIR6.pt,True,Q5VIR6.pt,112,True
Q5VSL9,True,Q5VSL9.pt,True,Q5VSL9.pt,True,Q5VSL9.pt,112,True
Q5VT25,True,Q5VT25.pt,True,Q5VT25.pt,True,Q5VT25.pt,112,True
Q5VT52,True,Q5VT52.pt,True,Q5VT52.pt,True,Q5VT52.pt,112,True
Q5VTB9,True,Q5VTB9.pt,True,Q5VTB9.pt,True,Q5VTB9.pt,112,True
Q5VTL8,True,Q5VTL8.pt,True,Q5VTL8.pt,True,Q5VTL8.pt,112,True
Q5VU43,True,Q5VU43.pt,True,Q5VU43.pt,True,Q5VU43.pt,112,True
Q5VUA4,True,Q5VUA4.pt,True,Q5VUA4.pt,True,Q5VUA4.pt,112,True
Q5VV42,True,Q5VV42.pt,True,Q5VV42.pt,True,Q5VV42.pt,112,True
Q5VW32,True,Q5VW32.pt,True,Q5VW32.pt,True,Q5VW32.pt,112,True
Q5VW38,True,Q5VW38.pt,True,Q5VW38.pt,True,Q5VW38.pt,112,True
Q5VWI1,True,Q5VWI1.pt,True,Q5VWI1.pt,True,Q5VWI1.pt,112,True
Q5VWJ9,True,Q5VWJ9.pt,True,Q5VWJ9.pt,True,Q5VWJ9.pt,112,True
Q5VYK3,True,Q5VYK3.pt,True,Q5VYK3.pt,True,Q5VYK3.pt,112,True
Q5VYS8,True,Q5VYS8.pt,True,Q5VYS8.pt,True,Q5VYS8.pt,112,True
Q5VZL5,True,Q5VZL5.pt,True,Q5VZL5.pt,True,Q5VZL5.pt,112,True
Q5VZM2,True,Q5VZM2.pt,True,Q5VZM2.pt,True,Q5VZM2.pt,112,True
Q5W0B1,True,Q5W0B1.pt,True,Q5W0B1.pt,True,Q5W0B1.pt,112,True
Q5W0V3,True,Q5W0V3.pt,True,Q5W0V3.pt,True,Q5W0V3.pt,112,True
Q5XKP0,True,Q5XKP0.pt,True,Q5XKP0.pt,True,Q5XKP0.pt,112,True
Q641Q2,True,Q641Q2.pt,True,Q641Q2.pt,True,Q641Q2.pt,112,True
Q66K14,True,Q66K14.pt,True,Q66K14.pt,True,Q66K14.pt,112,True
Q66LE6,True,Q66LE6.pt,True,Q66LE6.pt,True,Q66LE6.pt,112,True
Q676U5,True,Q676U5.pt,True,Q676U5.pt,True,Q676U5.pt,112,True
Q68CP9,True,Q68CP9.pt,True,Q68CP9.pt,True,Q68CP9.pt,112,True
Q68CZ6,True,Q68CZ6.pt,True,Q68CZ6.pt,True,Q68CZ6.pt,112,True
Q68E01,True,Q68E01.pt,True,Q68E01.pt,True,Q68E01.pt,112,True
Q68EM7,True,Q68EM7.pt,True,Q68EM7.pt,True,Q68EM7.pt,112,True
Q69YN4,True,Q69YN4.pt,True,Q69YN4.pt,True,Q69YN4.pt,112,True
Q6AHZ1,True,Q6AHZ1.pt,True,Q6AHZ1.pt,True,Q6AHZ1.pt,112,True
Q6DN03,True,Q6DN03.pt,True,Q6DN03.pt,True,Q6DN03.pt,112,True
Q6FI81,True,Q6FI81.pt,True,Q6FI81.pt,True,Q6FI81.pt,112,True
Q6GMV2,True,Q6GMV2.pt,True,Q6GMV2.pt,True,Q6GMV2.pt,112,True
Q6I9Y2,True,Q6I9Y2.pt,True,Q6I9Y2.pt,True,Q6I9Y2.pt,112,True
Q6IA86,True,Q6IA86.pt,True,Q6IA86.pt,True,Q6IA86.pt,112,True
Q6IQ23,True,Q6IQ23.pt,True,Q6IQ23.pt,True,Q6IQ23.pt,112,True
Q6MZM0,True,Q6MZM0.pt,True,Q6MZM0.pt,True,Q6MZM0.pt,112,True
Q6NUK1,True,Q6NUK1.pt,True,Q6NUK1.pt,True,Q6NUK1.pt,112,True
Q6NUM9,True,Q6NUM9.pt,True,Q6NUM9.pt,True,Q6NUM9.pt,112,True
Q6NUQ1,True,Q6NUQ1.pt,True,Q6NUQ1.pt,True,Q6NUQ1.pt,112,True
Q6NUQ4,True,Q6NUQ4.pt,True,Q6NUQ4.pt,True,Q6NUQ4.pt,112,True
Q6NVY1,True,Q6NVY1.pt,True,Q6NVY1.pt,True,Q6NVY1.pt,112,True
Q6NXE6,True,Q6NXE6.pt,True,Q6NXE6.pt,True,Q6NXE6.pt,112,True
Q6NXR4,True,Q6NXR4.pt,True,Q6NXR4.pt,True,Q6NXR4.pt,112,True
Q6NYC1,True,Q6NYC1.pt,True,Q6NYC1.pt,True,Q6NYC1.pt,112,True
Q6NZI2,True,Q6NZI2.pt,True,Q6NZI2.pt,True,Q6NZI2.pt,112,True
Q6P1J9,True,Q6P1J9.pt,True,Q6P1J9.pt,True,Q6P1J9.pt,112,True
Q6P1M0,True,Q6P1M0.pt,True,Q6P1M0.pt,True,Q6P1M0.pt,112,True
Q6P1N0,True,Q6P1N0.pt,True,Q6P1N0.pt,True,Q6P1N0.pt,112,True
Q6P1N9,True,Q6P1N9.pt,True,Q6P1N9.pt,True,Q6P1N9.pt,112,True
Q6P1Q9,True,Q6P1Q9.pt,True,Q6P1Q9.pt,True,Q6P1Q9.pt,112,True
Q6P2C8,True,Q6P2C8.pt,True,Q6P2C8.pt,True,Q6P2C8.pt,112,True
Q6P2E9,True,Q6P2E9.pt,True,Q6P2E9.pt,True,Q6P2E9.pt,112,True
Q6P2H3,True,Q6P2H3.pt,True,Q6P2H3.pt,True,Q6P2H3.pt,112,True
Q6P2Q9,True,Q6P2Q9.pt,True,Q6P2Q9.pt,True,Q6P2Q9.pt,112,True
Q6P3W7,True,Q6P3W7.pt,True,Q6P3W7.pt,True,Q6P3W7.pt,112,True
Q6P3X3,True,Q6P3X3.pt,True,Q6P3X3.pt,True,Q6P3X3.pt,112,True
Q6P4E1,True,Q6P4E1.pt,True,Q6P4E1.pt,True,Q6P4E1.pt,112,True
Q6P6C2,True,Q6P6C2.pt,True,Q6P6C2.pt,True,Q6P6C2.pt,112,True
Q6P996,True,Q6P996.pt,True,Q6P996.pt,True,Q6P996.pt,112,True
Q6PCB5,True,Q6PCB5.pt,True,Q6PCB5.pt,True,Q6PCB5.pt,112,True
Q6PD62,True,Q6PD62.pt,True,Q6PD62.pt,True,Q6PD62.pt,112,True
Q6PD74,True,Q6PD74.pt,True,Q6PD74.pt,True,Q6PD74.pt,112,True
Q6PGP7,True,Q6PGP7.pt,True,Q6PGP7.pt,True,Q6PGP7.pt,112,True
Q6PI48,True,Q6PI48.pt,True,Q6PI48.pt,True,Q6PI48.pt,112,True
Q6PID6,True,Q6PID6.pt,True,Q6PID6.pt,True,Q6PID6.pt,112,True
Q6PII3,True,Q6PII3.pt,True,Q6PII3.pt,True,Q6PII3.pt,112,True
Q6PIU2,True,Q6PIU2.pt,True,Q6PIU2.pt,True,Q6PIU2.pt,112,True
Q6PJ69,True,Q6PJ69.pt,True,Q6PJ69.pt,True,Q6PJ69.pt,112,True
Q6PJT7,True,Q6PJT7.pt,True,Q6PJT7.pt,True,Q6PJT7.pt,112,True
Q6PKG0,True,Q6PKG0.pt,True,Q6PKG0.pt,True,Q6PKG0.pt,112,True
Q6PL18,True,Q6PL18.pt,True,Q6PL18.pt,True,Q6PL18.pt,112,True
Q6Q0C0,True,Q6Q0C0.pt,True,Q6Q0C0.pt,True,Q6Q0C0.pt,112,True
Q6QNY1,True,Q6QNY1.pt,True,Q6QNY1.pt,True,Q6QNY1.pt,112,True
Q6R327,True,Q6R327.pt,True,Q6R327.pt,True,Q6R327.pt,112,True
Q6SJ93,True,Q6SJ93.pt,True,Q6SJ93.pt,True,Q6SJ93.pt,112,True
Q6UB35,True,Q6UB35.pt,True,Q6UB35.pt,True,Q6UB35.pt,112,True
Q6UN15,True,Q6UN15.pt,True,Q6UN15.pt,True,Q6UN15.pt,112,True
Q6UVJ0,True,Q6UVJ0.pt,True,Q6UVJ0.pt,True,Q6UVJ0.pt,112,True
Q6UWE0,True,Q6UWE0.pt,True,Q6UWE0.pt,True,Q6UWE0.pt,112,True
Q6UX04,True,Q6UX04.pt,True,Q6UX04.pt,True,Q6UX04.pt,112,True
Q6UXN9,True,Q6UXN9.pt,True,Q6UXN9.pt,True,Q6UXN9.pt,112,True
Q6VMQ6,True,Q6VMQ6.pt,True,Q6VMQ6.pt,True,Q6VMQ6.pt,112,True
Q6VY07,True,Q6VY07.pt,True,Q6VY07.pt,True,Q6VY07.pt,112,True
Q6WCQ1,True,Q6WCQ1.pt,True,Q6WCQ1.pt,True,Q6WCQ1.pt,112,True
Q6WKZ4,True,Q6WKZ4.pt,True,Q6WKZ4.pt,True,Q6WKZ4.pt,112,True
Q6Y1H2,True,Q6Y1H2.pt,True,Q6Y1H2.pt,True,Q6Y1H2.pt,112,True
Q6Y7W6,True,Q6Y7W6.pt,True,Q6Y7W6.pt,True,Q6Y7W6.pt,112,True
Q6YN16,True,Q6YN16.pt,True,Q6YN16.pt,True,Q6YN16.pt,112,True
Q6YP21,True,Q6YP21.pt,True,Q6YP21.pt,True,Q6YP21.pt,112,True
Q6ZRP7,True,Q6ZRP7.pt,True,Q6ZRP7.pt,True,Q6ZRP7.pt,112,True
Q6ZT77,True,Q6ZT77.pt,True,Q6ZT77.pt,True,Q6ZT77.pt,112,True
Q6ZWJ1,True,Q6ZWJ1.pt,True,Q6ZWJ1.pt,True,Q6ZWJ1.pt,112,True
Q6ZXV5,True,Q6ZXV5.pt,True,Q6ZXV5.pt,True,Q6ZXV5.pt,112,True
Q70E73,True,Q70E73.pt,True,Q70E73.pt,True,Q70E73.pt,112,True
Q70HW3,True,Q70HW3.pt,True,Q70HW3.pt,True,Q70HW3.pt,112,True
Q70J99,True,Q70J99.pt,True,Q70J99.pt,True,Q70J99.pt,112,True
Q70UQ0,True,Q70UQ0.pt,True,Q70UQ0.pt,True,Q70UQ0.pt,112,True
Q70Z53,True,Q70Z53.pt,True,Q70Z53.pt,True,Q70Z53.pt,112,True
Q712K3,True,Q712K3.pt,True,Q712K3.pt,True,Q712K3.pt,112,True
Q71H61,True,Q71H61.pt,True,Q71H61.pt,True,Q71H61.pt,112,True
Q71RC2,True,Q71RC2.pt,True,Q71RC2.pt,True,Q71RC2.pt,112,True
Q7KZ85,True,Q7KZ85.pt,True,Q7KZ85.pt,True,Q7KZ85.pt,112,True
Q7KZF4,True,Q7KZF4.pt,True,Q7KZF4.pt,True,Q7KZF4.pt,112,True
Q7KZI7,True,Q7KZI7.pt,True,Q7KZI7.pt,True,Q7KZI7.pt,112,True
Q7KZN9,True,Q7KZN9.pt,True,Q7KZN9.pt,True,Q7KZN9.pt,112,True
Q7L014,True,Q7L014.pt,True,Q7L014.pt,True,Q7L014.pt,112,True
Q7L0Y3,True,Q7L0Y3.pt,True,Q7L0Y3.pt,True,Q7L0Y3.pt,112,True
Q7L1Q6,True,Q7L1Q6.pt,True,Q7L1Q6.pt,True,Q7L1Q6.pt,112,True
Q7L2E3,True,Q7L2E3.pt,True,Q7L2E3.pt,True,Q7L2E3.pt,112,True
Q7L2H7,True,Q7L2H7.pt,True,Q7L2H7.pt,True,Q7L2H7.pt,112,True
Q7L3B6,True,Q7L3B6.pt,True,Q7L3B6.pt,True,Q7L3B6.pt,112,True
Q7L4I2,True,Q7L4I2.pt,True,Q7L4I2.pt,True,Q7L4I2.pt,112,True
Q7L592,True,Q7L592.pt,True,Q7L592.pt,True,Q7L592.pt,112,True
Q7L5D6,True,Q7L5D6.pt,True,Q7L5D6.pt,True,Q7L5D6.pt,112,True
Q7L5N1,True,Q7L5N1.pt,True,Q7L5N1.pt,True,Q7L5N1.pt,112,True
Q7L5Y9,True,Q7L5Y9.pt,True,Q7L5Y9.pt,True,Q7L5Y9.pt,112,True
Q7L7X3,True,Q7L7X3.pt,True,Q7L7X3.pt,True,Q7L7X3.pt,112,True
Q7LBC6,True,Q7LBC6.pt,True,Q7LBC6.pt,True,Q7LBC6.pt,112,True
Q7LBR1,True,Q7LBR1.pt,True,Q7LBR1.pt,True,Q7LBR1.pt,112,True
Q7RTV0,True,Q7RTV0.pt,True,Q7RTV0.pt,True,Q7RTV0.pt,112,True
Q7Z2K6,True,Q7Z2K6.pt,True,Q7Z2K6.pt,True,Q7Z2K6.pt,112,True
Q7Z2T5,True,Q7Z2T5.pt,True,Q7Z2T5.pt,True,Q7Z2T5.pt,112,True
Q7Z2W4,True,Q7Z2W4.pt,True,Q7Z2W4.pt,True,Q7Z2W4.pt,112,True
Q7Z2W9,True,Q7Z2W9.pt,True,Q7Z2W9.pt,True,Q7Z2W9.pt,112,True
Q7Z2Z2,True,Q7Z2Z2.pt,True,Q7Z2Z2.pt,True,Q7Z2Z2.pt,112,True
Q7Z3B4,True,Q7Z3B4.pt,True,Q7Z3B4.pt,True,Q7Z3B4.pt,112,True
Q7Z3E2,True,Q7Z3E2.pt,True,Q7Z3E2.pt,True,Q7Z3E2.pt,112,True
Q7Z3K3,True,Q7Z3K3.pt,True,Q7Z3K3.pt,True,Q7Z3K3.pt,112,True
Q7Z3U7,True,Q7Z3U7.pt,True,Q7Z3U7.pt,True,Q7Z3U7.pt,112,True
Q7Z406,True,Q7Z406.pt,True,Q7Z406.pt,True,Q7Z406.pt,112,True
Q7Z417,True,Q7Z417.pt,True,Q7Z417.pt,True,Q7Z417.pt,112,True
Q7Z460,True,Q7Z460.pt,True,Q7Z460.pt,True,Q7Z460.pt,112,True
Q7Z478,True,Q7Z478.pt,True,Q7Z478.pt,True,Q7Z478.pt,112,True
Q7Z4G4,True,Q7Z4G4.pt,True,Q7Z4G4.pt,True,Q7Z4G4.pt,112,True
Q7Z4H7,True,Q7Z4H7.pt,True,Q7Z4H7.pt,True,Q7Z4H7.pt,112,True
Q7Z4H8,True,Q7Z4H8.pt,True,Q7Z4H8.pt,True,Q7Z4H8.pt,112,True
Q7Z4I7,True,Q7Z4I7.pt,True,Q7Z4I7.pt,True,Q7Z4I7.pt,112,True
Q7Z4Q2,True,Q7Z4Q2.pt,True,Q7Z4Q2.pt,True,Q7Z4Q2.pt,112,True
Q7Z4S6,True,Q7Z4S6.pt,True,Q7Z4S6.pt,True,Q7Z4S6.pt,112,True
Q7Z4V5,True,Q7Z4V5.pt,True,Q7Z4V5.pt,True,Q7Z4V5.pt,112,True
Q7Z569,True,Q7Z569.pt,True,Q7Z569.pt,True,Q7Z569.pt,112,True
Q7Z5K2,True,Q7Z5K2.pt,True,Q7Z5K2.pt,True,Q7Z5K2.pt,112,True
Q7Z6B0,True,Q7Z6B0.pt,True,Q7Z6B0.pt,True,Q7Z6B0.pt,112,True
Q7Z6B7,True,Q7Z6B7.pt,True,Q7Z6B7.pt,True,Q7Z6B7.pt,112,True
Q7Z6E9,True,Q7Z6E9.pt,True,Q7Z6E9.pt,True,Q7Z6E9.pt,112,True
Q7Z6M1,True,Q7Z6M1.pt,True,Q7Z6M1.pt,True,Q7Z6M1.pt,112,True
Q7Z739,True,Q7Z739.pt,True,Q7Z739.pt,True,Q7Z739.pt,112,True
Q7Z7A1,True,Q7Z7A1.pt,True,Q7Z7A1.pt,True,Q7Z7A1.pt,112,True
Q7Z7E8,True,Q7Z7E8.pt,True,Q7Z7E8.pt,True,Q7Z7E8.pt,112,True
Q7Z7K0,True,Q7Z7K0.pt,True,Q7Z7K0.pt,True,Q7Z7K0.pt,112,True
Q7Z7K6,True,Q7Z7K6.pt,True,Q7Z7K6.pt,True,Q7Z7K6.pt,112,True
Q86SF2,True,Q86SF2.pt,True,Q86SF2.pt,True,Q86SF2.pt,112,True
Q86TB9,True,Q86TB9.pt,True,Q86TB9.pt,True,Q86TB9.pt,112,True
Q86TI2,True,Q86TI2.pt,True,Q86TI2.pt,True,Q86TI2.pt,112,True
Q86TU7,True,Q86TU7.pt,True,Q86TU7.pt,True,Q86TU7.pt,112,True
Q86U42,True,Q86U42.pt,True,Q86U42.pt,True,Q86U42.pt,112,True
Q86U44,True,Q86U44.pt,True,Q86U44.pt,True,Q86U44.pt,112,True
Q86UD0,True,Q86UD0.pt,True,Q86UD0.pt,True,Q86UD0.pt,112,True
Q86UE4,True,Q86UE4.pt,True,Q86UE4.pt,True,Q86UE4.pt,112,True
Q86UE8,True,Q86UE8.pt,True,Q86UE8.pt,True,Q86UE8.pt,112,True
Q86UK7,True,Q86UK7.pt,True,Q86UK7.pt,True,Q86UK7.pt,112,True
Q86UP2,True,Q86UP2.pt,True,Q86UP2.pt,True,Q86UP2.pt,112,True
Q86UT8,True,Q86UT8.pt,True,Q86UT8.pt,True,Q86UT8.pt,112,True
Q86V21,True,Q86V21.pt,True,Q86V21.pt,True,Q86V21.pt,112,True
Q86V48,True,Q86V48.pt,True,Q86V48.pt,True,Q86V48.pt,112,True
Q86V81,True,Q86V81.pt,True,Q86V81.pt,True,Q86V81.pt,112,True
Q86VM9,True,Q86VM9.pt,True,Q86VM9.pt,True,Q86VM9.pt,112,True
Q86VN1,True,Q86VN1.pt,True,Q86VN1.pt,True,Q86VN1.pt,112,True
Q86VP1,True,Q86VP1.pt,True,Q86VP1.pt,True,Q86VP1.pt,112,True
Q86VU5,True,Q86VU5.pt,True,Q86VU5.pt,True,Q86VU5.pt,112,True
Q86W50,True,Q86W50.pt,True,Q86W50.pt,True,Q86W50.pt,112,True
Q86W92,True,Q86W92.pt,True,Q86W92.pt,True,Q86W92.pt,112,True
Q86WA8,True,Q86WA8.pt,True,Q86WA8.pt,True,Q86WA8.pt,112,True
Q86WB0,True,Q86WB0.pt,True,Q86WB0.pt,True,Q86WB0.pt,112,True
Q86WJ1,True,Q86WJ1.pt,True,Q86WJ1.pt,True,Q86WJ1.pt,112,True
Q86WR0,True,Q86WR0.pt,True,Q86WR0.pt,True,Q86WR0.pt,112,True
Q86X10,True,Q86X10.pt,True,Q86X10.pt,True,Q86X10.pt,112,True
Q86X27,True,Q86X27.pt,True,Q86X27.pt,True,Q86X27.pt,112,True
Q86X55,True,Q86X55.pt,True,Q86X55.pt,True,Q86X55.pt,112,True
Q86XA9,True,Q86XA9.pt,True,Q86XA9.pt,True,Q86XA9.pt,112,True
Q86XI2,True,Q86XI2.pt,True,Q86XI2.pt,True,Q86XI2.pt,112,True
Q86XP3,True,Q86XP3.pt,True,Q86XP3.pt,True,Q86XP3.pt,112,True
Q86Y37,True,Q86Y37.pt,True,Q86Y37.pt,True,Q86Y37.pt,112,True
Q86Y56,True,Q86Y56.pt,True,Q86Y56.pt,True,Q86Y56.pt,112,True
Q86YP4,True,Q86YP4.pt,True,Q86YP4.pt,True,Q86YP4.pt,112,True
Q8IU85,True,Q8IU85.pt,True,Q8IU85.pt,True,Q8IU85.pt,112,True
Q8IUC4,True,Q8IUC4.pt,True,Q8IUC4.pt,True,Q8IUC4.pt,112,True
Q8IUD2,True,Q8IUD2.pt,True,Q8IUD2.pt,True,Q8IUD2.pt,112,True
Q8IUD6,True,Q8IUD6.pt,True,Q8IUD6.pt,True,Q8IUD6.pt,112,True
Q8IUF8,True,Q8IUF8.pt,True,Q8IUF8.pt,True,Q8IUF8.pt,112,True
Q8IV38,True,Q8IV38.pt,True,Q8IV38.pt,True,Q8IV38.pt,112,True
Q8IV48,True,Q8IV48.pt,True,Q8IV48.pt,True,Q8IV48.pt,112,True
Q8IVF6,True,Q8IVF6.pt,True,Q8IVF6.pt,True,Q8IVF6.pt,112,True
Q8IVI9,True,Q8IVI9.pt,True,Q8IVI9.pt,True,Q8IVI9.pt,112,True
Q8IVM0,True,Q8IVM0.pt,True,Q8IVM0.pt,True,Q8IVM0.pt,112,True
Q8IVT2,True,Q8IVT2.pt,True,Q8IVT2.pt,True,Q8IVT2.pt,112,True
Q8IW35,True,Q8IW35.pt,True,Q8IW35.pt,True,Q8IW35.pt,112,True
Q8IWA0,True,Q8IWA0.pt,True,Q8IWA0.pt,True,Q8IWA0.pt,112,True
Q8IWB7,True,Q8IWB7.pt,True,Q8IWB7.pt,True,Q8IWB7.pt,112,True
Q8IWB9,True,Q8IWB9.pt,True,Q8IWB9.pt,True,Q8IWB9.pt,112,True
Q8IWC1,True,Q8IWC1.pt,True,Q8IWC1.pt,True,Q8IWC1.pt,112,True
Q8IWE2,True,Q8IWE2.pt,True,Q8IWE2.pt,True,Q8IWE2.pt,112,True
Q8IWJ2,True,Q8IWJ2.pt,True,Q8IWJ2.pt,True,Q8IWJ2.pt,112,True
Q8IWL3,True,Q8IWL3.pt,True,Q8IWL3.pt,True,Q8IWL3.pt,112,True
Q8IWS0,True,Q8IWS0.pt,True,Q8IWS0.pt,True,Q8IWS0.pt,112,True
Q8IWX8,True,Q8IWX8.pt,True,Q8IWX8.pt,True,Q8IWX8.pt,112,True
Q8IX01,True,Q8IX01.pt,True,Q8IX01.pt,True,Q8IX01.pt,112,True
Q8IX03,True,Q8IX03.pt,True,Q8IX03.pt,True,Q8IX03.pt,112,True
Q8IX12,True,Q8IX12.pt,True,Q8IX12.pt,True,Q8IX12.pt,112,True
Q8IXB1,True,Q8IXB1.pt,True,Q8IXB1.pt,True,Q8IXB1.pt,112,True
Q8IXH7,True,Q8IXH7.pt,True,Q8IXH7.pt,True,Q8IXH7.pt,112,True
Q8IXI1,True,Q8IXI1.pt,True,Q8IXI1.pt,True,Q8IXI1.pt,112,True
Q8IXJ6,True,Q8IXJ6.pt,True,Q8IXJ6.pt,True,Q8IXJ6.pt,112,True
Q8IXM3,True,Q8IXM3.pt,True,Q8IXM3.pt,True,Q8IXM3.pt,112,True
Q8IXT5,True,Q8IXT5.pt,True,Q8IXT5.pt,True,Q8IXT5.pt,112,True
Q8IY18,True,Q8IY18.pt,True,Q8IY18.pt,True,Q8IY18.pt,112,True
Q8IY37,True,Q8IY37.pt,True,Q8IY37.pt,True,Q8IY37.pt,112,True
Q8IY63,True,Q8IY63.pt,True,Q8IY63.pt,True,Q8IY63.pt,112,True
Q8IY81,True,Q8IY81.pt,True,Q8IY81.pt,True,Q8IY81.pt,112,True
Q8IYB3,True,Q8IYB3.pt,True,Q8IYB3.pt,True,Q8IYB3.pt,112,True
Q8IYB8,True,Q8IYB8.pt,True,Q8IYB8.pt,True,Q8IYB8.pt,112,True
Q8IYD1,True,Q8IYD1.pt,True,Q8IYD1.pt,True,Q8IYD1.pt,112,True
Q8IYE0,True,Q8IYE0.pt,True,Q8IYE0.pt,True,Q8IYE0.pt,112,True
Q8IYH5,True,Q8IYH5.pt,True,Q8IYH5.pt,True,Q8IYH5.pt,112,True
Q8IYI6,True,Q8IYI6.pt,True,Q8IYI6.pt,True,Q8IYI6.pt,112,True
Q8IYU8,True,Q8IYU8.pt,True,Q8IYU8.pt,True,Q8IYU8.pt,112,True
Q8IZ21,True,Q8IZ21.pt,True,Q8IZ21.pt,True,Q8IZ21.pt,112,True
Q8IZH2,True,Q8IZH2.pt,True,Q8IZH2.pt,True,Q8IZH2.pt,112,True
Q8IZL8,True,Q8IZL8.pt,True,Q8IZL8.pt,True,Q8IZL8.pt,112,True
Q8N0X7,True,Q8N0X7.pt,True,Q8N0X7.pt,True,Q8N0X7.pt,112,True
Q8N163,True,Q8N163.pt,True,Q8N163.pt,True,Q8N163.pt,112,True
Q8N183,True,Q8N183.pt,True,Q8N183.pt,True,Q8N183.pt,112,True
Q8N1F7,True,Q8N1F7.pt,True,Q8N1F7.pt,True,Q8N1F7.pt,112,True
Q8N1G2,True,Q8N1G2.pt,True,Q8N1G2.pt,True,Q8N1G2.pt,112,True
Q8N1G4,True,Q8N1G4.pt,True,Q8N1G4.pt,True,Q8N1G4.pt,112,True
Q8N1W1,True,Q8N1W1.pt,True,Q8N1W1.pt,True,Q8N1W1.pt,112,True
Q8N201,True,Q8N201.pt,True,Q8N201.pt,True,Q8N201.pt,112,True
Q8N2F6,True,Q8N2F6.pt,True,Q8N2F6.pt,True,Q8N2F6.pt,112,True
Q8N3C0,True,Q8N3C0.pt,True,Q8N3C0.pt,True,Q8N3C0.pt,112,True
Q8N3D4,True,Q8N3D4.pt,True,Q8N3D4.pt,True,Q8N3D4.pt,112,True
Q8N3X1,True,Q8N3X1.pt,True,Q8N3X1.pt,True,Q8N3X1.pt,112,True
Q8N4H5,True,Q8N4H5.pt,True,Q8N4H5.pt,True,Q8N4H5.pt,112,True
Q8N4P3,True,Q8N4P3.pt,True,Q8N4P3.pt,True,Q8N4P3.pt,112,True
Q8N4V1,True,Q8N4V1.pt,True,Q8N4V1.pt,True,Q8N4V1.pt,112,True
Q8N543,True,Q8N543.pt,True,Q8N543.pt,True,Q8N543.pt,112,True
Q8N5I9,True,Q8N5I9.pt,True,Q8N5I9.pt,True,Q8N5I9.pt,112,True
Q8N5K1,True,Q8N5K1.pt,True,Q8N5K1.pt,True,Q8N5K1.pt,112,True
Q8N5M4,True,Q8N5M4.pt,True,Q8N5M4.pt,True,Q8N5M4.pt,112,True
Q8N5N7,True,Q8N5N7.pt,True,Q8N5N7.pt,True,Q8N5N7.pt,112,True
Q8N684,True,Q8N684.pt,True,Q8N684.pt,True,Q8N684.pt,112,True
Q8N6G6,True,Q8N6G6.pt,True,Q8N6G6.pt,True,Q8N6G6.pt,112,True
Q8N6M0,True,Q8N6M0.pt,True,Q8N6M0.pt,True,Q8N6M0.pt,112,True
Q8N6M3,True,Q8N6M3.pt,True,Q8N6M3.pt,True,Q8N6M3.pt,112,True
Q8N6R0,True,Q8N6R0.pt,True,Q8N6R0.pt,True,Q8N6R0.pt,112,True
Q8N6T3,True,Q8N6T3.pt,True,Q8N6T3.pt,True,Q8N6T3.pt,112,True
Q8N6T7,True,Q8N6T7.pt,True,Q8N6T7.pt,True,Q8N6T7.pt,112,True
Q8N6V9,True,Q8N6V9.pt,True,Q8N6V9.pt,True,Q8N6V9.pt,112,True
Q8N7H5,True,Q8N7H5.pt,True,Q8N7H5.pt,True,Q8N7H5.pt,112,True
Q8N806,True,Q8N806.pt,True,Q8N806.pt,True,Q8N806.pt,112,True
Q8N884,True,Q8N884.pt,True,Q8N884.pt,True,Q8N884.pt,112,True
Q8N8S7,True,Q8N8S7.pt,True,Q8N8S7.pt,True,Q8N8S7.pt,112,True
Q8N983,True,Q8N983.pt,True,Q8N983.pt,True,Q8N983.pt,112,True
Q8N999,True,Q8N999.pt,True,Q8N999.pt,True,Q8N999.pt,112,True
Q8NA47,True,Q8NA47.pt,True,Q8NA47.pt,True,Q8NA47.pt,112,True
Q8NA72,True,Q8NA72.pt,True,Q8NA72.pt,True,Q8NA72.pt,112,True
Q8NAV1,True,Q8NAV1.pt,True,Q8NAV1.pt,True,Q8NAV1.pt,112,True
Q8NB16,True,Q8NB16.pt,True,Q8NB16.pt,True,Q8NB16.pt,112,True
Q8NBF2,True,Q8NBF2.pt,True,Q8NBF2.pt,True,Q8NBF2.pt,112,True
Q8NBI5,True,Q8NBI5.pt,True,Q8NBI5.pt,True,Q8NBI5.pt,112,True
Q8NBJ4,True,Q8NBJ4.pt,True,Q8NBJ4.pt,True,Q8NBJ4.pt,112,True
Q8NBJ5,True,Q8NBJ5.pt,True,Q8NBJ5.pt,True,Q8NBJ5.pt,112,True
Q8NBN3,True,Q8NBN3.pt,True,Q8NBN3.pt,True,Q8NBN3.pt,112,True
Q8NBS9,True,Q8NBS9.pt,True,Q8NBS9.pt,True,Q8NBS9.pt,112,True
Q8NBU5,True,Q8NBU5.pt,True,Q8NBU5.pt,True,Q8NBU5.pt,112,True
Q8NC51,True,Q8NC51.pt,True,Q8NC51.pt,True,Q8NC51.pt,112,True
Q8NC60,True,Q8NC60.pt,True,Q8NC60.pt,True,Q8NC60.pt,112,True
Q8NCG7,True,Q8NCG7.pt,True,Q8NCG7.pt,True,Q8NCG7.pt,112,True
Q8ND24,True,Q8ND24.pt,True,Q8ND24.pt,True,Q8ND24.pt,112,True
Q8ND56,True,Q8ND56.pt,True,Q8ND56.pt,True,Q8ND56.pt,112,True
Q8ND76,True,Q8ND76.pt,True,Q8ND76.pt,True,Q8ND76.pt,112,True
Q8NDD1,True,Q8NDD1.pt,True,Q8NDD1.pt,True,Q8NDD1.pt,112,True
Q8NDF8,True,Q8NDF8.pt,True,Q8NDF8.pt,True,Q8NDF8.pt,112,True
Q8NDI1,True,Q8NDI1.pt,True,Q8NDI1.pt,True,Q8NDI1.pt,112,True
Q8NDT2,True,Q8NDT2.pt,True,Q8NDT2.pt,True,Q8NDT2.pt,112,True
Q8NE71,True,Q8NE71.pt,True,Q8NE71.pt,True,Q8NE71.pt,112,True
Q8NE86,True,Q8NE86.pt,True,Q8NE86.pt,True,Q8NE86.pt,112,True
Q8NEJ9,True,Q8NEJ9.pt,True,Q8NEJ9.pt,True,Q8NEJ9.pt,112,True
Q8NEM0,True,Q8NEM0.pt,True,Q8NEM0.pt,True,Q8NEM0.pt,112,True
Q8NEM2,True,Q8NEM2.pt,True,Q8NEM2.pt,True,Q8NEM2.pt,112,True
Q8NEN9,True,Q8NEN9.pt,True,Q8NEN9.pt,True,Q8NEN9.pt,112,True
Q8NEY8,True,Q8NEY8.pt,True,Q8NEY8.pt,True,Q8NEY8.pt,112,True
Q8NEZ5,True,Q8NEZ5.pt,True,Q8NEZ5.pt,True,Q8NEZ5.pt,112,True
Q8NF37,True,Q8NF37.pt,True,Q8NF37.pt,True,Q8NF37.pt,112,True
Q8NFH3,True,Q8NFH3.pt,True,Q8NFH3.pt,True,Q8NFH3.pt,112,True
Q8NFH4,True,Q8NFH4.pt,True,Q8NFH4.pt,True,Q8NFH4.pt,112,True
Q8NFJ5,True,Q8NFJ5.pt,True,Q8NFJ5.pt,True,Q8NFJ5.pt,112,True
Q8NFQ8,True,Q8NFQ8.pt,True,Q8NFQ8.pt,True,Q8NFQ8.pt,112,True
Q8NFW8,True,Q8NFW8.pt,True,Q8NFW8.pt,True,Q8NFW8.pt,112,True
Q8NFX7,True,Q8NFX7.pt,True,Q8NFX7.pt,True,Q8NFX7.pt,112,True
Q8NG31,True,Q8NG31.pt,True,Q8NG31.pt,True,Q8NG31.pt,112,True
Q8NHH9,True,Q8NHH9.pt,True,Q8NHH9.pt,True,Q8NHH9.pt,112,True
Q8NHP6,True,Q8NHP6.pt,True,Q8NHP6.pt,True,Q8NHP6.pt,112,True
Q8NHQ9,True,Q8NHQ9.pt,True,Q8NHQ9.pt,True,Q8NHQ9.pt,112,True
Q8NHU6,True,Q8NHU6.pt,True,Q8NHU6.pt,True,Q8NHU6.pt,112,True
Q8NHV4,True,Q8NHV4.pt,True,Q8NHV4.pt,True,Q8NHV4.pt,112,True
Q8NI22,True,Q8NI22.pt,True,Q8NI22.pt,True,Q8NI22.pt,112,True
Q8NI27,True,Q8NI27.pt,True,Q8NI27.pt,True,Q8NI27.pt,112,True
Q8NI35,True,Q8NI35.pt,True,Q8NI35.pt,True,Q8NI35.pt,112,True
Q8TAA9,True,Q8TAA9.pt,True,Q8TAA9.pt,True,Q8TAA9.pt,112,True
Q8TAD4,True,Q8TAD4.pt,True,Q8TAD4.pt,True,Q8TAD4.pt,112,True
Q8TAE8,True,Q8TAE8.pt,True,Q8TAE8.pt,True,Q8TAE8.pt,112,True
Q8TAQ2,True,Q8TAQ2.pt,True,Q8TAQ2.pt,True,Q8TAQ2.pt,112,True
Q8TAT6,True,Q8TAT6.pt,True,Q8TAT6.pt,True,Q8TAT6.pt,112,True
Q8TB36,True,Q8TB36.pt,True,Q8TB36.pt,True,Q8TB36.pt,112,True
Q8TBA6,True,Q8TBA6.pt,True,Q8TBA6.pt,True,Q8TBA6.pt,112,True
Q8TBF4,True,Q8TBF4.pt,True,Q8TBF4.pt,True,Q8TBF4.pt,112,True
Q8TBN0,True,Q8TBN0.pt,True,Q8TBN0.pt,True,Q8TBN0.pt,112,True
Q8TBX8,True,Q8TBX8.pt,True,Q8TBX8.pt,True,Q8TBX8.pt,112,True
Q8TC07,True,Q8TC07.pt,True,Q8TC07.pt,True,Q8TC07.pt,112,True
Q8TCD5,True,Q8TCD5.pt,True,Q8TCD5.pt,True,Q8TCD5.pt,112,True
Q8TCG1,True,Q8TCG1.pt,True,Q8TCG1.pt,True,Q8TCG1.pt,112,True
Q8TCJ2,True,Q8TCJ2.pt,True,Q8TCJ2.pt,True,Q8TCJ2.pt,112,True
Q8TCS8,True,Q8TCS8.pt,True,Q8TCS8.pt,True,Q8TCS8.pt,112,True
Q8TCT9,True,Q8TCT9.pt,True,Q8TCT9.pt,True,Q8TCT9.pt,112,True
Q8TCY9,True,Q8TCY9.pt,True,Q8TCY9.pt,True,Q8TCY9.pt,112,True
Q8TDB6,True,Q8TDB6.pt,True,Q8TDB6.pt,True,Q8TDB6.pt,112,True
Q8TDD1,True,Q8TDD1.pt,True,Q8TDD1.pt,True,Q8TDD1.pt,112,True
Q8TDM6,True,Q8TDM6.pt,True,Q8TDM6.pt,True,Q8TDM6.pt,112,True
Q8TDN6,True,Q8TDN6.pt,True,Q8TDN6.pt,True,Q8TDN6.pt,112,True
Q8TEA1,True,Q8TEA1.pt,True,Q8TEA1.pt,True,Q8TEA1.pt,112,True
Q8TED0,True,Q8TED0.pt,True,Q8TED0.pt,True,Q8TED0.pt,112,True
Q8TED1,True,Q8TED1.pt,True,Q8TED1.pt,True,Q8TED1.pt,112,True
Q8TEQ6,True,Q8TEQ6.pt,True,Q8TEQ6.pt,True,Q8TEQ6.pt,112,True
Q8TEW8,True,Q8TEW8.pt,True,Q8TEW8.pt,True,Q8TEW8.pt,112,True
Q8TEY7,True,Q8TEY7.pt,True,Q8TEY7.pt,True,Q8TEY7.pt,112,True
Q8TF05,True,Q8TF05.pt,True,Q8TF05.pt,True,Q8TF05.pt,112,True
Q8TF42,True,Q8TF42.pt,True,Q8TF42.pt,True,Q8TF42.pt,112,True
Q8TF46,True,Q8TF46.pt,True,Q8TF46.pt,True,Q8TF46.pt,112,True
Q8WTT2,True,Q8WTT2.pt,True,Q8WTT2.pt,True,Q8WTT2.pt,112,True
Q8WU10,True,Q8WU10.pt,True,Q8WU10.pt,True,Q8WU10.pt,112,True
Q8WU90,True,Q8WU90.pt,True,Q8WU90.pt,True,Q8WU90.pt,112,True
Q8WUA2,True,Q8WUA2.pt,True,Q8WUA2.pt,True,Q8WUA2.pt,112,True
Q8WUD4,True,Q8WUD4.pt,True,Q8WUD4.pt,True,Q8WUD4.pt,112,True
Q8WUF5,True,Q8WUF5.pt,True,Q8WUF5.pt,True,Q8WUF5.pt,112,True
Q8WUM0,True,Q8WUM0.pt,True,Q8WUM0.pt,True,Q8WUM0.pt,112,True
Q8WUM4,True,Q8WUM4.pt,True,Q8WUM4.pt,True,Q8WUM4.pt,112,True
Q8WUX2,True,Q8WUX2.pt,True,Q8WUX2.pt,True,Q8WUX2.pt,112,True
Q8WV22,True,Q8WV22.pt,True,Q8WV22.pt,True,Q8WV22.pt,112,True
Q8WVJ2,True,Q8WVJ2.pt,True,Q8WVJ2.pt,True,Q8WVJ2.pt,112,True
Q8WVK2,True,Q8WVK2.pt,True,Q8WVK2.pt,True,Q8WVK2.pt,112,True
Q8WVM0,True,Q8WVM0.pt,True,Q8WVM0.pt,True,Q8WVM0.pt,112,True
Q8WVM7,True,Q8WVM7.pt,True,Q8WVM7.pt,True,Q8WVM7.pt,112,True
Q8WVX9,True,Q8WVX9.pt,True,Q8WVX9.pt,True,Q8WVX9.pt,112,True
Q8WVY7,True,Q8WVY7.pt,True,Q8WVY7.pt,True,Q8WVY7.pt,112,True
Q8WWC4,True,Q8WWC4.pt,True,Q8WWC4.pt,True,Q8WWC4.pt,112,True
Q8WWI1,True,Q8WWI1.pt,True,Q8WWI1.pt,True,Q8WWI1.pt,112,True
Q8WWM7,True,Q8WWM7.pt,True,Q8WWM7.pt,True,Q8WWM7.pt,112,True
Q8WWV3,True,Q8WWV3.pt,True,Q8WWV3.pt,True,Q8WWV3.pt,112,True
Q8WWY3,True,Q8WWY3.pt,True,Q8WWY3.pt,True,Q8WWY3.pt,112,True
Q8WX92,True,Q8WX92.pt,True,Q8WX92.pt,True,Q8WX92.pt,112,True
Q8WX93,True,Q8WX93.pt,True,Q8WX93.pt,True,Q8WX93.pt,112,True
Q8WXD5,True,Q8WXD5.pt,True,Q8WXD5.pt,True,Q8WXD5.pt,112,True
Q8WXE1,True,Q8WXE1.pt,True,Q8WXE1.pt,True,Q8WXE1.pt,112,True
Q8WXI9,True,Q8WXI9.pt,True,Q8WXI9.pt,True,Q8WXI9.pt,112,True
Q8WXW3,True,Q8WXW3.pt,True,Q8WXW3.pt,True,Q8WXW3.pt,112,True
Q8WXX5,True,Q8WXX5.pt,True,Q8WXX5.pt,True,Q8WXX5.pt,112,True
Q8WY22,True,Q8WY22.pt,True,Q8WY22.pt,True,Q8WY22.pt,112,True
Q8WYA6,True,Q8WYA6.pt,True,Q8WYA6.pt,True,Q8WYA6.pt,112,True
Q8WYP5,True,Q8WYP5.pt,True,Q8WYP5.pt,True,Q8WYP5.pt,112,True
Q8WZ82,True,Q8WZ82.pt,True,Q8WZ82.pt,True,Q8WZ82.pt,112,True
Q8WZA0,True,Q8WZA0.pt,True,Q8WZA0.pt,True,Q8WZA0.pt,112,True
Q92481,True,Q92481.pt,True,Q92481.pt,True,Q92481.pt,112,True
Q92499,True,Q92499.pt,True,Q92499.pt,True,Q92499.pt,112,True
Q92504,True,Q92504.pt,True,Q92504.pt,True,Q92504.pt,112,True
Q92522,True,Q92522.pt,True,Q92522.pt,True,Q92522.pt,112,True
Q92530,True,Q92530.pt,True,Q92530.pt,True,Q92530.pt,112,True
Q92535,True,Q92535.pt,True,Q92535.pt,True,Q92535.pt,112,True
Q92541,True,Q92541.pt,True,Q92541.pt,True,Q92541.pt,112,True
Q92542,True,Q92542.pt,True,Q92542.pt,True,Q92542.pt,112,True
Q92547,True,Q92547.pt,True,Q92547.pt,True,Q92547.pt,112,True
Q92552,True,Q92552.pt,True,Q92552.pt,True,Q92552.pt,112,True
Q92574,True,Q92574.pt,True,Q92574.pt,True,Q92574.pt,112,True
Q92575,True,Q92575.pt,True,Q92575.pt,True,Q92575.pt,112,True
Q92576,True,Q92576.pt,True,Q92576.pt,True,Q92576.pt,112,True
Q92598,True,Q92598.pt,True,Q92598.pt,True,Q92598.pt,112,True
Q92604,True,Q92604.pt,True,Q92604.pt,True,Q92604.pt,112,True
Q92614,True,Q92614.pt,True,Q92614.pt,True,Q92614.pt,112,True
Q92620,True,Q92620.pt,True,Q92620.pt,True,Q92620.pt,112,True
Q92621,True,Q92621.pt,True,Q92621.pt,True,Q92621.pt,112,True
Q92643,True,Q92643.pt,True,Q92643.pt,True,Q92643.pt,112,True
Q92665,True,Q92665.pt,True,Q92665.pt,True,Q92665.pt,112,True
Q92667,True,Q92667.pt,True,Q92667.pt,True,Q92667.pt,112,True
Q92688,True,Q92688.pt,True,Q92688.pt,True,Q92688.pt,112,True
Q92733,True,Q92733.pt,True,Q92733.pt,True,Q92733.pt,112,True
Q92734,True,Q92734.pt,True,Q92734.pt,True,Q92734.pt,112,True
Q92769,True,Q92769.pt,True,Q92769.pt,True,Q92769.pt,112,True
Q92783,True,Q92783.pt,True,Q92783.pt,True,Q92783.pt,112,True
Q92793,True,Q92793.pt,True,Q92793.pt,True,Q92793.pt,112,True
Q92797,True,Q92797.pt,True,Q92797.pt,True,Q92797.pt,112,True
Q92804,True,Q92804.pt,True,Q92804.pt,True,Q92804.pt,112,True
Q92805,True,Q92805.pt,True,Q92805.pt,True,Q92805.pt,112,True
Q92817,True,Q92817.pt,True,Q92817.pt,True,Q92817.pt,112,True
Q92820,True,Q92820.pt,True,Q92820.pt,True,Q92820.pt,112,True
Q92841,True,Q92841.pt,True,Q92841.pt,True,Q92841.pt,112,True
Q92845,True,Q92845.pt,True,Q92845.pt,True,Q92845.pt,112,True
Q92878,True,Q92878.pt,True,Q92878.pt,True,Q92878.pt,112,True
Q92888,True,Q92888.pt,True,Q92888.pt,True,Q92888.pt,112,True
Q92889,True,Q92889.pt,True,Q92889.pt,True,Q92889.pt,112,True
Q92890,True,Q92890.pt,True,Q92890.pt,True,Q92890.pt,112,True
Q92896,True,Q92896.pt,True,Q92896.pt,True,Q92896.pt,112,True
Q92900,True,Q92900.pt,True,Q92900.pt,True,Q92900.pt,112,True
Q92901,True,Q92901.pt,True,Q92901.pt,True,Q92901.pt,112,True
Q92905,True,Q92905.pt,True,Q92905.pt,True,Q92905.pt,112,True
Q92917,True,Q92917.pt,True,Q92917.pt,True,Q92917.pt,112,True
Q92945,True,Q92945.pt,True,Q92945.pt,True,Q92945.pt,112,True
Q92973,True,Q92973.pt,True,Q92973.pt,True,Q92973.pt,112,True
Q92974,True,Q92974.pt,True,Q92974.pt,True,Q92974.pt,112,True
Q93009,True,Q93009.pt,True,Q93009.pt,True,Q93009.pt,112,True
Q93034,True,Q93034.pt,True,Q93034.pt,True,Q93034.pt,112,True
Q93045,True,Q93045.pt,True,Q93045.pt,True,Q93045.pt,112,True
Q93050,True,Q93050.pt,True,Q93050.pt,True,Q93050.pt,112,True
Q93052,True,Q93052.pt,True,Q93052.pt,True,Q93052.pt,112,True
Q969F1,True,Q969F1.pt,True,Q969F1.pt,True,Q969F1.pt,112,True
Q969G3,True,Q969G3.pt,True,Q969G3.pt,True,Q969G3.pt,112,True
Q969G6,True,Q969G6.pt,True,Q969G6.pt,True,Q969G6.pt,112,True
Q969H8,True,Q969H8.pt,True,Q969H8.pt,True,Q969H8.pt,112,True
Q969Q4,True,Q969Q4.pt,True,Q969Q4.pt,True,Q969Q4.pt,112,True
Q969S3,True,Q969S3.pt,True,Q969S3.pt,True,Q969S3.pt,112,True
Q969U7,True,Q969U7.pt,True,Q969U7.pt,True,Q969U7.pt,112,True
Q969V3,True,Q969V3.pt,True,Q969V3.pt,True,Q969V3.pt,112,True
Q969X5,True,Q969X5.pt,True,Q969X5.pt,True,Q969X5.pt,112,True
Q969X6,True,Q969X6.pt,True,Q969X6.pt,True,Q969X6.pt,112,True
Q969Z0,True,Q969Z0.pt,True,Q969Z0.pt,True,Q969Z0.pt,112,True
Q96A26,True,Q96A26.pt,True,Q96A26.pt,True,Q96A26.pt,112,True
Q96A33,True,Q96A33.pt,True,Q96A33.pt,True,Q96A33.pt,112,True
Q96A35,True,Q96A35.pt,True,Q96A35.pt,True,Q96A35.pt,112,True
Q96A49,True,Q96A49.pt,True,Q96A49.pt,True,Q96A49.pt,112,True
Q96A72,True,Q96A72.pt,True,Q96A72.pt,True,Q96A72.pt,112,True
Q96AC1,True,Q96AC1.pt,True,Q96AC1.pt,True,Q96AC1.pt,112,True
Q96AG4,True,Q96AG4.pt,True,Q96AG4.pt,True,Q96AG4.pt,112,True
Q96AQ8,True,Q96AQ8.pt,True,Q96AQ8.pt,True,Q96AQ8.pt,112,True
Q96AT1,True,Q96AT1.pt,True,Q96AT1.pt,True,Q96AT1.pt,112,True
Q96AY3,True,Q96AY3.pt,True,Q96AY3.pt,True,Q96AY3.pt,112,True
Q96AY4,True,Q96AY4.pt,True,Q96AY4.pt,True,Q96AY4.pt,112,True
Q96B26,True,Q96B26.pt,True,Q96B26.pt,True,Q96B26.pt,112,True
Q96B97,True,Q96B97.pt,True,Q96B97.pt,True,Q96B97.pt,112,True
Q96BD8,True,Q96BD8.pt,True,Q96BD8.pt,True,Q96BD8.pt,112,True
Q96BJ3,True,Q96BJ3.pt,True,Q96BJ3.pt,True,Q96BJ3.pt,112,True
Q96BN2,True,Q96BN2.pt,True,Q96BN2.pt,True,Q96BN2.pt,112,True
Q96BN8,True,Q96BN8.pt,True,Q96BN8.pt,True,Q96BN8.pt,112,True
Q96BP3,True,Q96BP3.pt,True,Q96BP3.pt,True,Q96BP3.pt,112,True
Q96BR5,True,Q96BR5.pt,True,Q96BR5.pt,True,Q96BR5.pt,112,True
Q96C01,True,Q96C01.pt,True,Q96C01.pt,True,Q96C01.pt,112,True
Q96C19,True,Q96C19.pt,True,Q96C19.pt,True,Q96C19.pt,112,True
Q96C36,True,Q96C36.pt,True,Q96C36.pt,True,Q96C36.pt,112,True
Q96C57,True,Q96C57.pt,True,Q96C57.pt,True,Q96C57.pt,112,True
Q96C86,True,Q96C86.pt,True,Q96C86.pt,True,Q96C86.pt,112,True
Q96CS3,True,Q96CS3.pt,True,Q96CS3.pt,True,Q96CS3.pt,112,True
Q96CT7,True,Q96CT7.pt,True,Q96CT7.pt,True,Q96CT7.pt,112,True
Q96CV9,True,Q96CV9.pt,True,Q96CV9.pt,True,Q96CV9.pt,112,True
Q96CW1,True,Q96CW1.pt,True,Q96CW1.pt,True,Q96CW1.pt,112,True
Q96D46,True,Q96D46.pt,True,Q96D46.pt,True,Q96D46.pt,112,True
Q96D71,True,Q96D71.pt,True,Q96D71.pt,True,Q96D71.pt,112,True
Q96DB5,True,Q96DB5.pt,True,Q96DB5.pt,True,Q96DB5.pt,112,True
Q96DG6,True,Q96DG6.pt,True,Q96DG6.pt,True,Q96DG6.pt,112,True
Q96DI7,True,Q96DI7.pt,True,Q96DI7.pt,True,Q96DI7.pt,112,True
Q96DV4,True,Q96DV4.pt,True,Q96DV4.pt,True,Q96DV4.pt,112,True
Q96DZ1,True,Q96DZ1.pt,True,Q96DZ1.pt,True,Q96DZ1.pt,112,True
Q96E11,True,Q96E11.pt,True,Q96E11.pt,True,Q96E11.pt,112,True
Q96E29,True,Q96E29.pt,True,Q96E29.pt,True,Q96E29.pt,112,True
Q96EA4,True,Q96EA4.pt,True,Q96EA4.pt,True,Q96EA4.pt,112,True
Q96EB6,True,Q96EB6.pt,True,Q96EB6.pt,True,Q96EB6.pt,112,True
Q96EC8,True,Q96EC8.pt,True,Q96EC8.pt,True,Q96EC8.pt,112,True
Q96EE3,True,Q96EE3.pt,True,Q96EE3.pt,True,Q96EE3.pt,112,True
Q96EK5,True,Q96EK5.pt,True,Q96EK5.pt,True,Q96EK5.pt,112,True
Q96EK6,True,Q96EK6.pt,True,Q96EK6.pt,True,Q96EK6.pt,112,True
Q96EL3,True,Q96EL3.pt,True,Q96EL3.pt,True,Q96EL3.pt,112,True
Q96EP5,True,Q96EP5.pt,True,Q96EP5.pt,True,Q96EP5.pt,112,True
Q96ER9,True,Q96ER9.pt,True,Q96ER9.pt,True,Q96ER9.pt,112,True
Q96ES7,True,Q96ES7.pt,True,Q96ES7.pt,True,Q96ES7.pt,112,True
Q96EX1,True,Q96EX1.pt,True,Q96EX1.pt,True,Q96EX1.pt,112,True
Q96EY1,True,Q96EY1.pt,True,Q96EY1.pt,True,Q96EY1.pt,112,True
Q96EY4,True,Q96EY4.pt,True,Q96EY4.pt,True,Q96EY4.pt,112,True
Q96EY7,True,Q96EY7.pt,True,Q96EY7.pt,True,Q96EY7.pt,112,True
Q96EY8,True,Q96EY8.pt,True,Q96EY8.pt,True,Q96EY8.pt,112,True
Q96F07,True,Q96F07.pt,True,Q96F07.pt,True,Q96F07.pt,112,True
Q96F24,True,Q96F24.pt,True,Q96F24.pt,True,Q96F24.pt,112,True
Q96F86,True,Q96F86.pt,True,Q96F86.pt,True,Q96F86.pt,112,True
Q96FQ6,True,Q96FQ6.pt,True,Q96FQ6.pt,True,Q96FQ6.pt,112,True
Q96FV9,True,Q96FV9.pt,True,Q96FV9.pt,True,Q96FV9.pt,112,True
Q96FW1,True,Q96FW1.pt,True,Q96FW1.pt,True,Q96FW1.pt,112,True
Q96FZ2,True,Q96FZ2.pt,True,Q96FZ2.pt,True,Q96FZ2.pt,112,True
Q96G01,True,Q96G01.pt,True,Q96G01.pt,True,Q96G01.pt,112,True
Q96G03,True,Q96G03.pt,True,Q96G03.pt,True,Q96G03.pt,112,True
Q96G23,True,Q96G23.pt,True,Q96G23.pt,True,Q96G23.pt,112,True
Q96G25,True,Q96G25.pt,True,Q96G25.pt,True,Q96G25.pt,112,True
Q96G46,True,Q96G46.pt,True,Q96G46.pt,True,Q96G46.pt,112,True
Q96G74,True,Q96G74.pt,True,Q96G74.pt,True,Q96G74.pt,112,True
Q96GA3,True,Q96GA3.pt,True,Q96GA3.pt,True,Q96GA3.pt,112,True
Q96GC5,True,Q96GC5.pt,True,Q96GC5.pt,True,Q96GC5.pt,112,True
Q96GM5,True,Q96GM5.pt,True,Q96GM5.pt,True,Q96GM5.pt,112,True
Q96HA1,True,Q96HA1.pt,True,Q96HA1.pt,True,Q96HA1.pt,112,True
Q96HC4,True,Q96HC4.pt,True,Q96HC4.pt,True,Q96HC4.pt,112,True
Q96HH6,True,Q96HH6.pt,True,Q96HH6.pt,True,Q96HH6.pt,112,True
Q96HS1,True,Q96HS1.pt,True,Q96HS1.pt,True,Q96HS1.pt,112,True
Q96HY6,True,Q96HY6.pt,True,Q96HY6.pt,True,Q96HY6.pt,112,True
Q96HY7,True,Q96HY7.pt,True,Q96HY7.pt,True,Q96HY7.pt,112,True
Q96I25,True,Q96I25.pt,True,Q96I25.pt,True,Q96I25.pt,112,True
Q96I59,True,Q96I59.pt,True,Q96I59.pt,True,Q96I59.pt,112,True
Q96II8,True,Q96II8.pt,True,Q96II8.pt,True,Q96II8.pt,112,True
Q96IJ6,True,Q96IJ6.pt,True,Q96IJ6.pt,True,Q96IJ6.pt,112,True
Q96IX5,True,Q96IX5.pt,True,Q96IX5.pt,True,Q96IX5.pt,112,True
Q96IZ0,True,Q96IZ0.pt,True,Q96IZ0.pt,True,Q96IZ0.pt,112,True
Q96J01,True,Q96J01.pt,True,Q96J01.pt,True,Q96J01.pt,112,True
Q96J02,True,Q96J02.pt,True,Q96J02.pt,True,Q96J02.pt,112,True
Q96JB2,True,Q96JB2.pt,True,Q96JB2.pt,True,Q96JB2.pt,112,True
Q96JB5,True,Q96JB5.pt,True,Q96JB5.pt,True,Q96JB5.pt,112,True
Q96JG6,True,Q96JG6.pt,True,Q96JG6.pt,True,Q96JG6.pt,112,True
Q96JJ7,True,Q96JJ7.pt,True,Q96JJ7.pt,True,Q96JJ7.pt,112,True
Q96K76,True,Q96K76.pt,True,Q96K76.pt,True,Q96K76.pt,112,True
Q96KB5,True,Q96KB5.pt,True,Q96KB5.pt,True,Q96KB5.pt,112,True
Q96KG9,True,Q96KG9.pt,True,Q96KG9.pt,True,Q96KG9.pt,112,True
Q96KM6,True,Q96KM6.pt,True,Q96KM6.pt,True,Q96KM6.pt,112,True
Q96KN7,True,Q96KN7.pt,True,Q96KN7.pt,True,Q96KN7.pt,112,True
Q96KP1,True,Q96KP1.pt,True,Q96KP1.pt,True,Q96KP1.pt,112,True
Q96KP4,True,Q96KP4.pt,True,Q96KP4.pt,True,Q96KP4.pt,112,True
Q96KR1,True,Q96KR1.pt,True,Q96KR1.pt,True,Q96KR1.pt,112,True
Q96L92,True,Q96L92.pt,True,Q96L92.pt,True,Q96L92.pt,112,True
Q96LA8,True,Q96LA8.pt,True,Q96LA8.pt,True,Q96LA8.pt,112,True
Q96M27,True,Q96M27.pt,True,Q96M27.pt,True,Q96M27.pt,112,True
Q96M83,True,Q96M83.pt,True,Q96M83.pt,True,Q96M83.pt,112,True
Q96M96,True,Q96M96.pt,True,Q96M96.pt,True,Q96M96.pt,112,True
Q96ME7,True,Q96ME7.pt,True,Q96ME7.pt,True,Q96ME7.pt,112,True
Q96MU7,True,Q96MU7.pt,True,Q96MU7.pt,True,Q96MU7.pt,112,True
Q96MW1,True,Q96MW1.pt,True,Q96MW1.pt,True,Q96MW1.pt,112,True
Q96NB3,True,Q96NB3.pt,True,Q96NB3.pt,True,Q96NB3.pt,112,True
Q96NC0,True,Q96NC0.pt,True,Q96NC0.pt,True,Q96NC0.pt,112,True
Q96ND0,True,Q96ND0.pt,True,Q96ND0.pt,True,Q96ND0.pt,112,True
Q96P11,True,Q96P11.pt,True,Q96P11.pt,True,Q96P11.pt,112,True
Q96P48,True,Q96P48.pt,True,Q96P48.pt,True,Q96P48.pt,112,True
Q96P70,True,Q96P70.pt,True,Q96P70.pt,True,Q96P70.pt,112,True
Q96PC5,True,Q96PC5.pt,True,Q96PC5.pt,True,Q96PC5.pt,112,True
Q96PK6,True,Q96PK6.pt,True,Q96PK6.pt,True,Q96PK6.pt,112,True
Q96PU4,True,Q96PU4.pt,True,Q96PU4.pt,True,Q96PU4.pt,112,True
Q96PU8,True,Q96PU8.pt,True,Q96PU8.pt,True,Q96PU8.pt,112,True
Q96PZ0,True,Q96PZ0.pt,True,Q96PZ0.pt,True,Q96PZ0.pt,112,True
Q96Q11,True,Q96Q11.pt,True,Q96Q11.pt,True,Q96Q11.pt,112,True
Q96Q83,True,Q96Q83.pt,True,Q96Q83.pt,True,Q96Q83.pt,112,True
Q96QC0,True,Q96QC0.pt,True,Q96QC0.pt,True,Q96QC0.pt,112,True
Q96QD5,True,Q96QD5.pt,True,Q96QD5.pt,True,Q96QD5.pt,112,True
Q96QD8,True,Q96QD8.pt,True,Q96QD8.pt,True,Q96QD8.pt,112,True
Q96QE5,True,Q96QE5.pt,True,Q96QE5.pt,True,Q96QE5.pt,112,True
Q96QK1,True,Q96QK1.pt,True,Q96QK1.pt,True,Q96QK1.pt,112,True
Q96QU8,True,Q96QU8.pt,True,Q96QU8.pt,True,Q96QU8.pt,112,True
Q96R06,True,Q96R06.pt,True,Q96R06.pt,True,Q96R06.pt,112,True
Q96RP9,True,Q96RP9.pt,True,Q96RP9.pt,True,Q96RP9.pt,112,True
Q96RQ1,True,Q96RQ1.pt,True,Q96RQ1.pt,True,Q96RQ1.pt,112,True
Q96RT7,True,Q96RT7.pt,True,Q96RT7.pt,True,Q96RT7.pt,112,True
Q96RU2,True,Q96RU2.pt,True,Q96RU2.pt,True,Q96RU2.pt,112,True
Q96RU3,True,Q96RU3.pt,True,Q96RU3.pt,True,Q96RU3.pt,112,True
Q96RY7,True,Q96RY7.pt,True,Q96RY7.pt,True,Q96RY7.pt,112,True
Q96S52,True,Q96S52.pt,True,Q96S52.pt,True,Q96S52.pt,112,True
Q96S55,True,Q96S55.pt,True,Q96S55.pt,True,Q96S55.pt,112,True
Q96S66,True,Q96S66.pt,True,Q96S66.pt,True,Q96S66.pt,112,True
Q96SB4,True,Q96SB4.pt,True,Q96SB4.pt,True,Q96SB4.pt,112,True
Q96SK2,True,Q96SK2.pt,True,Q96SK2.pt,True,Q96SK2.pt,112,True
Q96SN8,True,Q96SN8.pt,True,Q96SN8.pt,True,Q96SN8.pt,112,True
Q96ST2,True,Q96ST2.pt,True,Q96ST2.pt,True,Q96ST2.pt,112,True
Q96ST3,True,Q96ST3.pt,True,Q96ST3.pt,True,Q96ST3.pt,112,True
Q96SU4,True,Q96SU4.pt,True,Q96SU4.pt,True,Q96SU4.pt,112,True
Q96SZ6,True,Q96SZ6.pt,True,Q96SZ6.pt,True,Q96SZ6.pt,112,True
Q96T17,True,Q96T17.pt,True,Q96T17.pt,True,Q96T17.pt,112,True
Q96T23,True,Q96T23.pt,True,Q96T23.pt,True,Q96T23.pt,112,True
Q96T37,True,Q96T37.pt,True,Q96T37.pt,True,Q96T37.pt,112,True
Q96T51,True,Q96T51.pt,True,Q96T51.pt,True,Q96T51.pt,112,True
Q96T76,True,Q96T76.pt,True,Q96T76.pt,True,Q96T76.pt,112,True
Q96TA1,True,Q96TA1.pt,True,Q96TA1.pt,True,Q96TA1.pt,112,True
Q96TA2,True,Q96TA2.pt,True,Q96TA2.pt,True,Q96TA2.pt,112,True
Q96TC7,True,Q96TC7.pt,True,Q96TC7.pt,True,Q96TC7.pt,112,True
Q99417,True,Q99417.pt,True,Q99417.pt,True,Q99417.pt,112,True
Q99426,True,Q99426.pt,True,Q99426.pt,True,Q99426.pt,112,True
Q99436,True,Q99436.pt,True,Q99436.pt,True,Q99436.pt,112,True
Q99442,True,Q99442.pt,True,Q99442.pt,True,Q99442.pt,112,True
Q99459,True,Q99459.pt,True,Q99459.pt,True,Q99459.pt,112,True
Q99460,True,Q99460.pt,True,Q99460.pt,True,Q99460.pt,112,True
Q99471,True,Q99471.pt,True,Q99471.pt,True,Q99471.pt,112,True
Q99497,True,Q99497.pt,True,Q99497.pt,True,Q99497.pt,112,True
Q99536,True,Q99536.pt,True,Q99536.pt,True,Q99536.pt,112,True
Q99541,True,Q99541.pt,True,Q99541.pt,True,Q99541.pt,112,True
Q99543,True,Q99543.pt,True,Q99543.pt,True,Q99543.pt,112,True
Q99567,True,Q99567.pt,True,Q99567.pt,True,Q99567.pt,112,True
Q99575,True,Q99575.pt,True,Q99575.pt,True,Q99575.pt,112,True
Q99584,True,Q99584.pt,True,Q99584.pt,True,Q99584.pt,112,True
Q99590,True,Q99590.pt,True,Q99590.pt,True,Q99590.pt,112,True
Q99598,True,Q99598.pt,True,Q99598.pt,True,Q99598.pt,112,True
Q99614,True,Q99614.pt,True,Q99614.pt,True,Q99614.pt,112,True
Q99615,True,Q99615.pt,True,Q99615.pt,True,Q99615.pt,112,True
Q99623,True,Q99623.pt,True,Q99623.pt,True,Q99623.pt,112,True
Q99633,True,Q99633.pt,True,Q99633.pt,True,Q99633.pt,112,True
Q99653,True,Q99653.pt,True,Q99653.pt,True,Q99653.pt,112,True
Q99685,True,Q99685.pt,True,Q99685.pt,True,Q99685.pt,112,True
Q99700,True,Q99700.pt,True,Q99700.pt,True,Q99700.pt,112,True
Q99707,True,Q99707.pt,True,Q99707.pt,True,Q99707.pt,112,True
Q99714,True,Q99714.pt,True,Q99714.pt,True,Q99714.pt,112,True
Q99747,True,Q99747.pt,True,Q99747.pt,True,Q99747.pt,112,True
Q99757,True,Q99757.pt,True,Q99757.pt,True,Q99757.pt,112,True
Q99784,True,Q99784.pt,True,Q99784.pt,True,Q99784.pt,112,True
Q99798,True,Q99798.pt,True,Q99798.pt,True,Q99798.pt,112,True
Q99805,True,Q99805.pt,True,Q99805.pt,True,Q99805.pt,112,True
Q99808,True,Q99808.pt,True,Q99808.pt,True,Q99808.pt,112,True
Q99832,True,Q99832.pt,True,Q99832.pt,True,Q99832.pt,112,True
Q99848,True,Q99848.pt,True,Q99848.pt,True,Q99848.pt,112,True
Q99961,True,Q99961.pt,True,Q99961.pt,True,Q99961.pt,112,True
Q99986,True,Q99986.pt,True,Q99986.pt,True,Q99986.pt,112,True
Q9BPX3,True,Q9BPX3.pt,True,Q9BPX3.pt,True,Q9BPX3.pt,112,True
Q9BPX5,True,Q9BPX5.pt,True,Q9BPX5.pt,True,Q9BPX5.pt,112,True
Q9BPX6,True,Q9BPX6.pt,True,Q9BPX6.pt,True,Q9BPX6.pt,112,True
Q9BQ15,True,Q9BQ15.pt,True,Q9BQ15.pt,True,Q9BQ15.pt,112,True
Q9BQ52,True,Q9BQ52.pt,True,Q9BQ52.pt,True,Q9BQ52.pt,112,True
Q9BQ61,True,Q9BQ61.pt,True,Q9BQ61.pt,True,Q9BQ61.pt,112,True
Q9BQ69,True,Q9BQ69.pt,True,Q9BQ69.pt,True,Q9BQ69.pt,112,True
Q9BQ75,True,Q9BQ75.pt,True,Q9BQ75.pt,True,Q9BQ75.pt,112,True
Q9BQG0,True,Q9BQG0.pt,True,Q9BQG0.pt,True,Q9BQG0.pt,112,True
Q9BQG2,True,Q9BQG2.pt,True,Q9BQG2.pt,True,Q9BQG2.pt,112,True
Q9BQP7,True,Q9BQP7.pt,True,Q9BQP7.pt,True,Q9BQP7.pt,112,True
Q9BR61,True,Q9BR61.pt,True,Q9BR61.pt,True,Q9BR61.pt,112,True
Q9BR76,True,Q9BR76.pt,True,Q9BR76.pt,True,Q9BR76.pt,112,True
Q9BRJ2,True,Q9BRJ2.pt,True,Q9BRJ2.pt,True,Q9BRJ2.pt,112,True
Q9BRK5,True,Q9BRK5.pt,True,Q9BRK5.pt,True,Q9BRK5.pt,112,True
Q9BRL6,True,Q9BRL6.pt,True,Q9BRL6.pt,True,Q9BRL6.pt,112,True
Q9BRP8,True,Q9BRP8.pt,True,Q9BRP8.pt,True,Q9BRP8.pt,112,True
Q9BRQ8,True,Q9BRQ8.pt,True,Q9BRQ8.pt,True,Q9BRQ8.pt,112,True
Q9BRS2,True,Q9BRS2.pt,True,Q9BRS2.pt,True,Q9BRS2.pt,112,True
Q9BRT6,True,Q9BRT6.pt,True,Q9BRT6.pt,True,Q9BRT6.pt,112,True
Q9BRU9,True,Q9BRU9.pt,True,Q9BRU9.pt,True,Q9BRU9.pt,112,True
Q9BRX2,True,Q9BRX2.pt,True,Q9BRX2.pt,True,Q9BRX2.pt,112,True
Q9BRX5,True,Q9BRX5.pt,True,Q9BRX5.pt,True,Q9BRX5.pt,112,True
Q9BRX8,True,Q9BRX8.pt,True,Q9BRX8.pt,True,Q9BRX8.pt,112,True
Q9BS16,True,Q9BS16.pt,True,Q9BS16.pt,True,Q9BS16.pt,112,True
Q9BS26,True,Q9BS26.pt,True,Q9BS26.pt,True,Q9BS26.pt,112,True
Q9BSC4,True,Q9BSC4.pt,True,Q9BSC4.pt,True,Q9BSC4.pt,112,True
Q9BSH4,True,Q9BSH4.pt,True,Q9BSH4.pt,True,Q9BSH4.pt,112,True
Q9BSJ2,True,Q9BSJ2.pt,True,Q9BSJ2.pt,True,Q9BSJ2.pt,112,True
Q9BSJ8,True,Q9BSJ8.pt,True,Q9BSJ8.pt,True,Q9BSJ8.pt,112,True
Q9BSM1,True,Q9BSM1.pt,True,Q9BSM1.pt,True,Q9BSM1.pt,112,True
Q9BSR8,True,Q9BSR8.pt,True,Q9BSR8.pt,True,Q9BSR8.pt,112,True
Q9BT73,True,Q9BT73.pt,True,Q9BT73.pt,True,Q9BT73.pt,112,True
Q9BT78,True,Q9BT78.pt,True,Q9BT78.pt,True,Q9BT78.pt,112,True
Q9BTC0,True,Q9BTC0.pt,True,Q9BTC0.pt,True,Q9BTC0.pt,112,True
Q9BTE3,True,Q9BTE3.pt,True,Q9BTE3.pt,True,Q9BTE3.pt,112,True
Q9BTT4,True,Q9BTT4.pt,True,Q9BTT4.pt,True,Q9BTT4.pt,112,True
Q9BTU6,True,Q9BTU6.pt,True,Q9BTU6.pt,True,Q9BTU6.pt,112,True
Q9BTV4,True,Q9BTV4.pt,True,Q9BTV4.pt,True,Q9BTV4.pt,112,True
Q9BTW9,True,Q9BTW9.pt,True,Q9BTW9.pt,True,Q9BTW9.pt,112,True
Q9BUJ2,True,Q9BUJ2.pt,True,Q9BUJ2.pt,True,Q9BUJ2.pt,112,True
Q9BUK6,True,Q9BUK6.pt,True,Q9BUK6.pt,True,Q9BUK6.pt,112,True
Q9BUL8,True,Q9BUL8.pt,True,Q9BUL8.pt,True,Q9BUL8.pt,112,True
Q9BUP3,True,Q9BUP3.pt,True,Q9BUP3.pt,True,Q9BUP3.pt,112,True
Q9BUQ8,True,Q9BUQ8.pt,True,Q9BUQ8.pt,True,Q9BUQ8.pt,112,True
Q9BV38,True,Q9BV38.pt,True,Q9BV38.pt,True,Q9BV38.pt,112,True
Q9BV57,True,Q9BV57.pt,True,Q9BV57.pt,True,Q9BV57.pt,112,True
Q9BV81,True,Q9BV81.pt,True,Q9BV81.pt,True,Q9BV81.pt,112,True
Q9BVC6,True,Q9BVC6.pt,True,Q9BVC6.pt,True,Q9BVC6.pt,112,True
Q9BVI4,True,Q9BVI4.pt,True,Q9BVI4.pt,True,Q9BVI4.pt,112,True
Q9BVJ6,True,Q9BVJ6.pt,True,Q9BVJ6.pt,True,Q9BVJ6.pt,112,True
Q9BVK2,True,Q9BVK2.pt,True,Q9BVK2.pt,True,Q9BVK2.pt,112,True
Q9BVK6,True,Q9BVK6.pt,True,Q9BVK6.pt,True,Q9BVK6.pt,112,True
Q9BVL2,True,Q9BVL2.pt,True,Q9BVL2.pt,True,Q9BVL2.pt,112,True
Q9BVP2,True,Q9BVP2.pt,True,Q9BVP2.pt,True,Q9BVP2.pt,112,True
Q9BW27,True,Q9BW27.pt,True,Q9BW27.pt,True,Q9BW27.pt,112,True
Q9BW71,True,Q9BW71.pt,True,Q9BW71.pt,True,Q9BW71.pt,112,True
Q9BW72,True,Q9BW72.pt,True,Q9BW72.pt,True,Q9BW72.pt,112,True
Q9BW83,True,Q9BW83.pt,True,Q9BW83.pt,True,Q9BW83.pt,112,True
Q9BW85,True,Q9BW85.pt,True,Q9BW85.pt,True,Q9BW85.pt,112,True
Q9BW91,True,Q9BW91.pt,True,Q9BW91.pt,True,Q9BW91.pt,112,True
Q9BWF3,True,Q9BWF3.pt,True,Q9BWF3.pt,True,Q9BWF3.pt,112,True
Q9BWS9,True,Q9BWS9.pt,True,Q9BWS9.pt,True,Q9BWS9.pt,112,True
Q9BWW8,True,Q9BWW8.pt,True,Q9BWW8.pt,True,Q9BWW8.pt,112,True
Q9BXB4,True,Q9BXB4.pt,True,Q9BXB4.pt,True,Q9BXB4.pt,112,True
Q9BXJ9,True,Q9BXJ9.pt,True,Q9BXJ9.pt,True,Q9BXJ9.pt,112,True
Q9BXP5,True,Q9BXP5.pt,True,Q9BXP5.pt,True,Q9BXP5.pt,112,True
Q9BXS5,True,Q9BXS5.pt,True,Q9BXS5.pt,True,Q9BXS5.pt,112,True
Q9BXS6,True,Q9BXS6.pt,True,Q9BXS6.pt,True,Q9BXS6.pt,112,True
Q9BXW6,True,Q9BXW6.pt,True,Q9BXW6.pt,True,Q9BXW6.pt,112,True
Q9BXW7,True,Q9BXW7.pt,True,Q9BXW7.pt,True,Q9BXW7.pt,112,True
Q9BXW9,True,Q9BXW9.pt,True,Q9BXW9.pt,True,Q9BXW9.pt,112,True
Q9BXY0,True,Q9BXY0.pt,True,Q9BXY0.pt,True,Q9BXY0.pt,112,True
Q9BY08,True,Q9BY08.pt,True,Q9BY08.pt,True,Q9BY08.pt,112,True
Q9BY32,True,Q9BY32.pt,True,Q9BY32.pt,True,Q9BY32.pt,112,True
Q9BY42,True,Q9BY42.pt,True,Q9BY42.pt,True,Q9BY42.pt,112,True
Q9BY44,True,Q9BY44.pt,True,Q9BY44.pt,True,Q9BY44.pt,112,True
Q9BY77,True,Q9BY77.pt,True,Q9BY77.pt,True,Q9BY77.pt,112,True
Q9BY89,True,Q9BY89.pt,True,Q9BY89.pt,True,Q9BY89.pt,112,True
Q9BYD2,True,Q9BYD2.pt,True,Q9BYD2.pt,True,Q9BYD2.pt,112,True
Q9BYD6,True,Q9BYD6.pt,True,Q9BYD6.pt,True,Q9BYD6.pt,112,True
Q9BYG3,True,Q9BYG3.pt,True,Q9BYG3.pt,True,Q9BYG3.pt,112,True
Q9BYT8,True,Q9BYT8.pt,True,Q9BYT8.pt,True,Q9BYT8.pt,112,True
Q9BYW2,True,Q9BYW2.pt,True,Q9BYW2.pt,True,Q9BYW2.pt,112,True
Q9BYX2,True,Q9BYX2.pt,True,Q9BYX2.pt,True,Q9BYX2.pt,112,True
Q9BZD4,True,Q9BZD4.pt,True,Q9BZD4.pt,True,Q9BZD4.pt,112,True
Q9BZE1,True,Q9BZE1.pt,True,Q9BZE1.pt,True,Q9BZE1.pt,112,True
Q9BZE4,True,Q9BZE4.pt,True,Q9BZE4.pt,True,Q9BZE4.pt,112,True
Q9BZF1,True,Q9BZF1.pt,True,Q9BZF1.pt,True,Q9BZF1.pt,112,True
Q9BZF9,True,Q9BZF9.pt,True,Q9BZF9.pt,True,Q9BZF9.pt,112,True
Q9BZG1,True,Q9BZG1.pt,True,Q9BZG1.pt,True,Q9BZG1.pt,112,True
Q9BZH6,True,Q9BZH6.pt,True,Q9BZH6.pt,True,Q9BZH6.pt,112,True
Q9BZI7,True,Q9BZI7.pt,True,Q9BZI7.pt,True,Q9BZI7.pt,112,True
Q9BZJ0,True,Q9BZJ0.pt,True,Q9BZJ0.pt,True,Q9BZJ0.pt,112,True
Q9BZV1,True,Q9BZV1.pt,True,Q9BZV1.pt,True,Q9BZV1.pt,112,True
Q9BZX2,True,Q9BZX2.pt,True,Q9BZX2.pt,True,Q9BZX2.pt,112,True
Q9BZZ5,True,Q9BZZ5.pt,True,Q9BZZ5.pt,True,Q9BZZ5.pt,112,True
Q9C005,True,Q9C005.pt,True,Q9C005.pt,True,Q9C005.pt,112,True
Q9C0B5,True,Q9C0B5.pt,True,Q9C0B5.pt,True,Q9C0B5.pt,112,True
Q9C0C2,True,Q9C0C2.pt,True,Q9C0C2.pt,True,Q9C0C2.pt,112,True
Q9C0C9,True,Q9C0C9.pt,True,Q9C0C9.pt,True,Q9C0C9.pt,112,True
Q9C0D5,True,Q9C0D5.pt,True,Q9C0D5.pt,True,Q9C0D5.pt,112,True
Q9C0E2,True,Q9C0E2.pt,True,Q9C0E2.pt,True,Q9C0E2.pt,112,True
Q9GZL7,True,Q9GZL7.pt,True,Q9GZL7.pt,True,Q9GZL7.pt,112,True
Q9GZP4,True,Q9GZP4.pt,True,Q9GZP4.pt,True,Q9GZP4.pt,112,True
Q9GZQ3,True,Q9GZQ3.pt,True,Q9GZQ3.pt,True,Q9GZQ3.pt,112,True
Q9GZR2,True,Q9GZR2.pt,True,Q9GZR2.pt,True,Q9GZR2.pt,112,True
Q9GZR7,True,Q9GZR7.pt,True,Q9GZR7.pt,True,Q9GZR7.pt,112,True
Q9GZS1,True,Q9GZS1.pt,True,Q9GZS1.pt,True,Q9GZS1.pt,112,True
Q9GZS3,True,Q9GZS3.pt,True,Q9GZS3.pt,True,Q9GZS3.pt,112,True
Q9GZT3,True,Q9GZT3.pt,True,Q9GZT3.pt,True,Q9GZT3.pt,112,True
Q9GZT9,True,Q9GZT9.pt,True,Q9GZT9.pt,True,Q9GZT9.pt,112,True
Q9GZU8,True,Q9GZU8.pt,True,Q9GZU8.pt,True,Q9GZU8.pt,112,True
Q9GZY8,True,Q9GZY8.pt,True,Q9GZY8.pt,True,Q9GZY8.pt,112,True
Q9GZZ1,True,Q9GZZ1.pt,True,Q9GZZ1.pt,True,Q9GZZ1.pt,112,True
Q9GZZ9,True,Q9GZZ9.pt,True,Q9GZZ9.pt,True,Q9GZZ9.pt,112,True
Q9H000,True,Q9H000.pt,True,Q9H000.pt,True,Q9H000.pt,112,True
Q9H074,True,Q9H074.pt,True,Q9H074.pt,True,Q9H074.pt,112,True
Q9H078,True,Q9H078.pt,True,Q9H078.pt,True,Q9H078.pt,112,True
Q9H081,True,Q9H081.pt,True,Q9H081.pt,True,Q9H081.pt,112,True
Q9H089,True,Q9H089.pt,True,Q9H089.pt,True,Q9H089.pt,112,True
Q9H0A0,True,Q9H0A0.pt,True,Q9H0A0.pt,True,Q9H0A0.pt,112,True
Q9H0A8,True,Q9H0A8.pt,True,Q9H0A8.pt,True,Q9H0A8.pt,112,True
Q9H0B6,True,Q9H0B6.pt,True,Q9H0B6.pt,True,Q9H0B6.pt,112,True
Q9H0C8,True,Q9H0C8.pt,True,Q9H0C8.pt,True,Q9H0C8.pt,112,True
Q9H0D6,True,Q9H0D6.pt,True,Q9H0D6.pt,True,Q9H0D6.pt,112,True
Q9H0E3,True,Q9H0E3.pt,True,Q9H0E3.pt,True,Q9H0E3.pt,112,True
Q9H0F6,True,Q9H0F6.pt,True,Q9H0F6.pt,True,Q9H0F6.pt,112,True
Q9H0H5,True,Q9H0H5.pt,True,Q9H0H5.pt,True,Q9H0H5.pt,112,True
Q9H0W9,True,Q9H0W9.pt,True,Q9H0W9.pt,True,Q9H0W9.pt,112,True
Q9H1A4,True,Q9H1A4.pt,True,Q9H1A4.pt,True,Q9H1A4.pt,112,True
Q9H1I8,True,Q9H1I8.pt,True,Q9H1I8.pt,True,Q9H1I8.pt,112,True
Q9H1K0,True,Q9H1K0.pt,True,Q9H1K0.pt,True,Q9H1K0.pt,112,True
Q9H1K1,True,Q9H1K1.pt,True,Q9H1K1.pt,True,Q9H1K1.pt,112,True
Q9H1Y0,True,Q9H1Y0.pt,True,Q9H1Y0.pt,True,Q9H1Y0.pt,112,True
Q9H201,True,Q9H201.pt,True,Q9H201.pt,True,Q9H201.pt,112,True
Q9H254,True,Q9H254.pt,True,Q9H254.pt,True,Q9H254.pt,112,True
Q9H267,True,Q9H267.pt,True,Q9H267.pt,True,Q9H267.pt,112,True
Q9H269,True,Q9H269.pt,True,Q9H269.pt,True,Q9H269.pt,112,True
Q9H270,True,Q9H270.pt,True,Q9H270.pt,True,Q9H270.pt,112,True
Q9H2D1,True,Q9H2D1.pt,True,Q9H2D1.pt,True,Q9H2D1.pt,112,True
Q9H2F9,True,Q9H2F9.pt,True,Q9H2F9.pt,True,Q9H2F9.pt,112,True
Q9H2G2,True,Q9H2G2.pt,True,Q9H2G2.pt,True,Q9H2G2.pt,112,True
Q9H2J4,True,Q9H2J4.pt,True,Q9H2J4.pt,True,Q9H2J4.pt,112,True
Q9H2L5,True,Q9H2L5.pt,True,Q9H2L5.pt,True,Q9H2L5.pt,112,True
Q9H2M9,True,Q9H2M9.pt,True,Q9H2M9.pt,True,Q9H2M9.pt,112,True
Q9H2U1,True,Q9H2U1.pt,True,Q9H2U1.pt,True,Q9H2U1.pt,112,True
Q9H2U2,True,Q9H2U2.pt,True,Q9H2U2.pt,True,Q9H2U2.pt,112,True
Q9H307,True,Q9H307.pt,True,Q9H307.pt,True,Q9H307.pt,112,True
Q9H3H5,True,Q9H3H5.pt,True,Q9H3H5.pt,True,Q9H3H5.pt,112,True
Q9H3K2,True,Q9H3K2.pt,True,Q9H3K2.pt,True,Q9H3K2.pt,112,True
Q9H3P2,True,Q9H3P2.pt,True,Q9H3P2.pt,True,Q9H3P2.pt,112,True
Q9H3P7,True,Q9H3P7.pt,True,Q9H3P7.pt,True,Q9H3P7.pt,112,True
Q9H3Q1,True,Q9H3Q1.pt,True,Q9H3Q1.pt,True,Q9H3Q1.pt,112,True
Q9H3R2,True,Q9H3R2.pt,True,Q9H3R2.pt,True,Q9H3R2.pt,112,True
Q9H3S7,True,Q9H3S7.pt,True,Q9H3S7.pt,True,Q9H3S7.pt,112,True
Q9H3U1,True,Q9H3U1.pt,True,Q9H3U1.pt,True,Q9H3U1.pt,112,True
Q9H3U5,True,Q9H3U5.pt,True,Q9H3U5.pt,True,Q9H3U5.pt,112,True
Q9H3Z4,True,Q9H3Z4.pt,True,Q9H3Z4.pt,True,Q9H3Z4.pt,112,True
Q9H444,True,Q9H444.pt,True,Q9H444.pt,True,Q9H444.pt,112,True
Q9H467,True,Q9H467.pt,True,Q9H467.pt,True,Q9H467.pt,112,True
Q9H479,True,Q9H479.pt,True,Q9H479.pt,True,Q9H479.pt,112,True
Q9H4A3,True,Q9H4A3.pt,True,Q9H4A3.pt,True,Q9H4A3.pt,112,True
Q9H4A4,True,Q9H4A4.pt,True,Q9H4A4.pt,True,Q9H4A4.pt,112,True
Q9H4A6,True,Q9H4A6.pt,True,Q9H4A6.pt,True,Q9H4A6.pt,112,True
Q9H4L7,True,Q9H4L7.pt,True,Q9H4L7.pt,True,Q9H4L7.pt,112,True
Q9H501,True,Q9H501.pt,True,Q9H501.pt,True,Q9H501.pt,112,True
Q9H553,True,Q9H553.pt,True,Q9H553.pt,True,Q9H553.pt,112,True
Q9H583,True,Q9H583.pt,True,Q9H583.pt,True,Q9H583.pt,112,True
Q9H5Q4,True,Q9H5Q4.pt,True,Q9H5Q4.pt,True,Q9H5Q4.pt,112,True
Q9H633,True,Q9H633.pt,True,Q9H633.pt,True,Q9H633.pt,112,True
Q9H6E5,True,Q9H6E5.pt,True,Q9H6E5.pt,True,Q9H6E5.pt,112,True
Q9H6F5,True,Q9H6F5.pt,True,Q9H6F5.pt,True,Q9H6F5.pt,112,True
Q9H6H4,True,Q9H6H4.pt,True,Q9H6H4.pt,True,Q9H6H4.pt,112,True
Q9H6R4,True,Q9H6R4.pt,True,Q9H6R4.pt,True,Q9H6R4.pt,112,True
Q9H6S0,True,Q9H6S0.pt,True,Q9H6S0.pt,True,Q9H6S0.pt,112,True
Q9H6S3,True,Q9H6S3.pt,True,Q9H6S3.pt,True,Q9H6S3.pt,112,True
Q9H6T0,True,Q9H6T0.pt,True,Q9H6T0.pt,True,Q9H6T0.pt,112,True
Q9H6T3,True,Q9H6T3.pt,True,Q9H6T3.pt,True,Q9H6T3.pt,112,True
Q9H6U8,True,Q9H6U8.pt,True,Q9H6U8.pt,True,Q9H6U8.pt,112,True
Q9H6W3,True,Q9H6W3.pt,True,Q9H6W3.pt,True,Q9H6W3.pt,112,True
Q9H6Z4,True,Q9H6Z4.pt,True,Q9H6Z4.pt,True,Q9H6Z4.pt,112,True
Q9H788,True,Q9H788.pt,True,Q9H788.pt,True,Q9H788.pt,112,True
Q9H7B2,True,Q9H7B2.pt,True,Q9H7B2.pt,True,Q9H7B2.pt,112,True
Q9H7D0,True,Q9H7D0.pt,True,Q9H7D0.pt,True,Q9H7D0.pt,112,True
Q9H7E2,True,Q9H7E2.pt,True,Q9H7E2.pt,True,Q9H7E2.pt,112,True
Q9H7Z7,True,Q9H7Z7.pt,True,Q9H7Z7.pt,True,Q9H7Z7.pt,112,True
Q9H814,True,Q9H814.pt,True,Q9H814.pt,True,Q9H814.pt,112,True
Q9H832,True,Q9H832.pt,True,Q9H832.pt,True,Q9H832.pt,112,True
Q9H875,True,Q9H875.pt,True,Q9H875.pt,True,Q9H875.pt,112,True
Q9H8H0,True,Q9H8H0.pt,True,Q9H8H0.pt,True,Q9H8H0.pt,112,True
Q9H8H2,True,Q9H8H2.pt,True,Q9H8H2.pt,True,Q9H8H2.pt,112,True
Q9H8M5,True,Q9H8M5.pt,True,Q9H8M5.pt,True,Q9H8M5.pt,112,True
Q9H8Y8,True,Q9H8Y8.pt,True,Q9H8Y8.pt,True,Q9H8Y8.pt,112,True
Q9H900,True,Q9H900.pt,True,Q9H900.pt,True,Q9H900.pt,112,True
Q9H910,True,Q9H910.pt,True,Q9H910.pt,True,Q9H910.pt,112,True
Q9H936,True,Q9H936.pt,True,Q9H936.pt,True,Q9H936.pt,112,True
Q9H967,True,Q9H967.pt,True,Q9H967.pt,True,Q9H967.pt,112,True
Q9H993,True,Q9H993.pt,True,Q9H993.pt,True,Q9H993.pt,112,True
Q9H9A6,True,Q9H9A6.pt,True,Q9H9A6.pt,True,Q9H9A6.pt,112,True
Q9H9B4,True,Q9H9B4.pt,True,Q9H9B4.pt,True,Q9H9B4.pt,112,True
Q9H9C1,True,Q9H9C1.pt,True,Q9H9C1.pt,True,Q9H9C1.pt,112,True
Q9H9E3,True,Q9H9E3.pt,True,Q9H9E3.pt,True,Q9H9E3.pt,112,True
Q9H9L3,True,Q9H9L3.pt,True,Q9H9L3.pt,True,Q9H9L3.pt,112,True
Q9H9P8,True,Q9H9P8.pt,True,Q9H9P8.pt,True,Q9H9P8.pt,112,True
Q9H9T3,True,Q9H9T3.pt,True,Q9H9T3.pt,True,Q9H9T3.pt,112,True
Q9HA77,True,Q9HA77.pt,True,Q9HA77.pt,True,Q9HA77.pt,112,True
Q9HAU5,True,Q9HAU5.pt,True,Q9HAU5.pt,True,Q9HAU5.pt,112,True
Q9HAV4,True,Q9HAV4.pt,True,Q9HAV4.pt,True,Q9HAV4.pt,112,True
Q9HAV7,True,Q9HAV7.pt,True,Q9HAV7.pt,True,Q9HAV7.pt,112,True
Q9HB40,True,Q9HB40.pt,True,Q9HB40.pt,True,Q9HB40.pt,112,True
Q9HB71,True,Q9HB71.pt,True,Q9HB71.pt,True,Q9HB71.pt,112,True
Q9HBH0,True,Q9HBH0.pt,True,Q9HBH0.pt,True,Q9HBH0.pt,112,True
Q9HBL7,True,Q9HBL7.pt,True,Q9HBL7.pt,True,Q9HBL7.pt,112,True
Q9HBL8,True,Q9HBL8.pt,True,Q9HBL8.pt,True,Q9HBL8.pt,112,True
Q9HBM1,True,Q9HBM1.pt,True,Q9HBM1.pt,True,Q9HBM1.pt,112,True
Q9HC07,True,Q9HC07.pt,True,Q9HC07.pt,True,Q9HC07.pt,112,True
Q9HC21,True,Q9HC21.pt,True,Q9HC21.pt,True,Q9HC21.pt,112,True
Q9HC35,True,Q9HC35.pt,True,Q9HC35.pt,True,Q9HC35.pt,112,True
Q9HC36,True,Q9HC36.pt,True,Q9HC36.pt,True,Q9HC36.pt,112,True
Q9HC38,True,Q9HC38.pt,True,Q9HC38.pt,True,Q9HC38.pt,112,True
Q9HC98,True,Q9HC98.pt,True,Q9HC98.pt,True,Q9HC98.pt,112,True
Q9HCC0,True,Q9HCC0.pt,True,Q9HCC0.pt,True,Q9HCC0.pt,112,True
Q9HCD5,True,Q9HCD5.pt,True,Q9HCD5.pt,True,Q9HCD5.pt,112,True
Q9HCE1,True,Q9HCE1.pt,True,Q9HCE1.pt,True,Q9HCE1.pt,112,True
Q9HCL2,True,Q9HCL2.pt,True,Q9HCL2.pt,True,Q9HCL2.pt,112,True
Q9HCS7,True,Q9HCS7.pt,True,Q9HCS7.pt,True,Q9HCS7.pt,112,True
Q9HCU5,True,Q9HCU5.pt,True,Q9HCU5.pt,True,Q9HCU5.pt,112,True
Q9HD26,True,Q9HD26.pt,True,Q9HD26.pt,True,Q9HD26.pt,112,True
Q9HD33,True,Q9HD33.pt,True,Q9HD33.pt,True,Q9HD33.pt,112,True
Q9HD34,True,Q9HD34.pt,True,Q9HD34.pt,True,Q9HD34.pt,112,True
Q9HD67,True,Q9HD67.pt,True,Q9HD67.pt,True,Q9HD67.pt,112,True
Q9HDC9,True,Q9HDC9.pt,True,Q9HDC9.pt,True,Q9HDC9.pt,112,True
Q9NP58,True,Q9NP58.pt,True,Q9NP58.pt,True,Q9NP58.pt,112,True
Q9NP66,True,Q9NP66.pt,True,Q9NP66.pt,True,Q9NP66.pt,112,True
Q9NP79,True,Q9NP79.pt,True,Q9NP79.pt,True,Q9NP79.pt,112,True
Q9NP80,True,Q9NP80.pt,True,Q9NP80.pt,True,Q9NP80.pt,112,True
Q9NPA3,True,Q9NPA3.pt,True,Q9NPA3.pt,True,Q9NPA3.pt,112,True
Q9NPA8,True,Q9NPA8.pt,True,Q9NPA8.pt,True,Q9NPA8.pt,112,True
Q9NPE3,True,Q9NPE3.pt,True,Q9NPE3.pt,True,Q9NPE3.pt,112,True
Q9NPF5,True,Q9NPF5.pt,True,Q9NPF5.pt,True,Q9NPF5.pt,112,True
Q9NPF8,True,Q9NPF8.pt,True,Q9NPF8.pt,True,Q9NPF8.pt,112,True
Q9NPJ6,True,Q9NPJ6.pt,True,Q9NPJ6.pt,True,Q9NPJ6.pt,112,True
Q9NPL8,True,Q9NPL8.pt,True,Q9NPL8.pt,True,Q9NPL8.pt,112,True
Q9NPQ8,True,Q9NPQ8.pt,True,Q9NPQ8.pt,True,Q9NPQ8.pt,112,True
Q9NQ55,True,Q9NQ55.pt,True,Q9NQ55.pt,True,Q9NQ55.pt,112,True
Q9NQ88,True,Q9NQ88.pt,True,Q9NQ88.pt,True,Q9NQ88.pt,112,True
Q9NQC3,True,Q9NQC3.pt,True,Q9NQC3.pt,True,Q9NQC3.pt,112,True
Q9NQG5,True,Q9NQG5.pt,True,Q9NQG5.pt,True,Q9NQG5.pt,112,True
Q9NQP4,True,Q9NQP4.pt,True,Q9NQP4.pt,True,Q9NQP4.pt,112,True
Q9NQS7,True,Q9NQS7.pt,True,Q9NQS7.pt,True,Q9NQS7.pt,112,True
Q9NQT4,True,Q9NQT4.pt,True,Q9NQT4.pt,True,Q9NQT4.pt,112,True
Q9NQV7,True,Q9NQV7.pt,True,Q9NQV7.pt,True,Q9NQV7.pt,112,True
Q9NQW6,True,Q9NQW6.pt,True,Q9NQW6.pt,True,Q9NQW6.pt,112,True
Q9NQW7,True,Q9NQW7.pt,True,Q9NQW7.pt,True,Q9NQW7.pt,112,True
Q9NQX3,True,Q9NQX3.pt,True,Q9NQX3.pt,True,Q9NQX3.pt,112,True
Q9NQZ2,True,Q9NQZ2.pt,True,Q9NQZ2.pt,True,Q9NQZ2.pt,112,True
Q9NR12,True,Q9NR12.pt,True,Q9NR12.pt,True,Q9NR12.pt,112,True
Q9NR28,True,Q9NR28.pt,True,Q9NR28.pt,True,Q9NR28.pt,112,True
Q9NR30,True,Q9NR30.pt,True,Q9NR30.pt,True,Q9NR30.pt,112,True
Q9NR31,True,Q9NR31.pt,True,Q9NR31.pt,True,Q9NR31.pt,112,True
Q9NR33,True,Q9NR33.pt,True,Q9NR33.pt,True,Q9NR33.pt,112,True
Q9NR45,True,Q9NR45.pt,True,Q9NR45.pt,True,Q9NR45.pt,112,True
Q9NR46,True,Q9NR46.pt,True,Q9NR46.pt,True,Q9NR46.pt,112,True
Q9NR50,True,Q9NR50.pt,True,Q9NR50.pt,True,Q9NR50.pt,112,True
Q9NR56,True,Q9NR56.pt,True,Q9NR56.pt,True,Q9NR56.pt,112,True
Q9NRF9,True,Q9NRF9.pt,True,Q9NRF9.pt,True,Q9NRF9.pt,112,True
Q9NRG0,True,Q9NRG0.pt,True,Q9NRG0.pt,True,Q9NRG0.pt,112,True
Q9NRG1,True,Q9NRG1.pt,True,Q9NRG1.pt,True,Q9NRG1.pt,112,True
Q9NRG4,True,Q9NRG4.pt,True,Q9NRG4.pt,True,Q9NRG4.pt,112,True
Q9NRH2,True,Q9NRH2.pt,True,Q9NRH2.pt,True,Q9NRH2.pt,112,True
Q9NRK6,True,Q9NRK6.pt,True,Q9NRK6.pt,True,Q9NRK6.pt,112,True
Q9NRL2,True,Q9NRL2.pt,True,Q9NRL2.pt,True,Q9NRL2.pt,112,True
Q9NRN7,True,Q9NRN7.pt,True,Q9NRN7.pt,True,Q9NRN7.pt,112,True
Q9NRN9,True,Q9NRN9.pt,True,Q9NRN9.pt,True,Q9NRN9.pt,112,True
Q9NRS6,True,Q9NRS6.pt,True,Q9NRS6.pt,True,Q9NRS6.pt,112,True
Q9NRV9,True,Q9NRV9.pt,True,Q9NRV9.pt,True,Q9NRV9.pt,112,True
Q9NRW7,True,Q9NRW7.pt,True,Q9NRW7.pt,True,Q9NRW7.pt,112,True
Q9NRX2,True,Q9NRX2.pt,True,Q9NRX2.pt,True,Q9NRX2.pt,112,True
Q9NRX4,True,Q9NRX4.pt,True,Q9NRX4.pt,True,Q9NRX4.pt,112,True
Q9NRY2,True,Q9NRY2.pt,True,Q9NRY2.pt,True,Q9NRY2.pt,112,True
Q9NRZ9,True,Q9NRZ9.pt,True,Q9NRZ9.pt,True,Q9NRZ9.pt,112,True
Q9NS87,True,Q9NS87.pt,True,Q9NS87.pt,True,Q9NS87.pt,112,True
Q9NS91,True,Q9NS91.pt,True,Q9NS91.pt,True,Q9NS91.pt,112,True
Q9NS93,True,Q9NS93.pt,True,Q9NS93.pt,True,Q9NS93.pt,112,True
Q9NSD9,True,Q9NSD9.pt,True,Q9NSD9.pt,True,Q9NSD9.pt,112,True
Q9NSE4,True,Q9NSE4.pt,True,Q9NSE4.pt,True,Q9NSE4.pt,112,True
Q9NSI2,True,Q9NSI2.pt,True,Q9NSI2.pt,True,Q9NSI2.pt,112,True
Q9NSV4,True,Q9NSV4.pt,True,Q9NSV4.pt,True,Q9NSV4.pt,112,True
Q9NT62,True,Q9NT62.pt,True,Q9NT62.pt,True,Q9NT62.pt,112,True
Q9NTI5,True,Q9NTI5.pt,True,Q9NTI5.pt,True,Q9NTI5.pt,112,True
Q9NTJ3,True,Q9NTJ3.pt,True,Q9NTJ3.pt,True,Q9NTJ3.pt,112,True
Q9NTJ5,True,Q9NTJ5.pt,True,Q9NTJ5.pt,True,Q9NTJ5.pt,112,True
Q9NTK5,True,Q9NTK5.pt,True,Q9NTK5.pt,True,Q9NTK5.pt,112,True
Q9NTM9,True,Q9NTM9.pt,True,Q9NTM9.pt,True,Q9NTM9.pt,112,True
Q9NTZ6,True,Q9NTZ6.pt,True,Q9NTZ6.pt,True,Q9NTZ6.pt,112,True
Q9NUL3,True,Q9NUL3.pt,True,Q9NUL3.pt,True,Q9NUL3.pt,112,True
Q9NUM4,True,Q9NUM4.pt,True,Q9NUM4.pt,True,Q9NUM4.pt,112,True
Q9NUP9,True,Q9NUP9.pt,True,Q9NUP9.pt,True,Q9NUP9.pt,112,True
Q9NUQ2,True,Q9NUQ2.pt,True,Q9NUQ2.pt,True,Q9NUQ2.pt,112,True
Q9NUQ8,True,Q9NUQ8.pt,True,Q9NUQ8.pt,True,Q9NUQ8.pt,112,True
Q9NUQ9,True,Q9NUQ9.pt,True,Q9NUQ9.pt,True,Q9NUQ9.pt,112,True
Q9NV06,True,Q9NV06.pt,True,Q9NV06.pt,True,Q9NV06.pt,112,True
Q9NV70,True,Q9NV70.pt,True,Q9NV70.pt,True,Q9NV70.pt,112,True
Q9NVC6,True,Q9NVC6.pt,True,Q9NVC6.pt,True,Q9NVC6.pt,112,True
Q9NVD7,True,Q9NVD7.pt,True,Q9NVD7.pt,True,Q9NVD7.pt,112,True
Q9NVE7,True,Q9NVE7.pt,True,Q9NVE7.pt,True,Q9NVE7.pt,112,True
Q9NVG8,True,Q9NVG8.pt,True,Q9NVG8.pt,True,Q9NVG8.pt,112,True
Q9NVH1,True,Q9NVH1.pt,True,Q9NVH1.pt,True,Q9NVH1.pt,112,True
Q9NVH2,True,Q9NVH2.pt,True,Q9NVH2.pt,True,Q9NVH2.pt,112,True
Q9NVI1,True,Q9NVI1.pt,True,Q9NVI1.pt,True,Q9NVI1.pt,112,True
Q9NVM4,True,Q9NVM4.pt,True,Q9NVM4.pt,True,Q9NVM4.pt,112,True
Q9NVM6,True,Q9NVM6.pt,True,Q9NVM6.pt,True,Q9NVM6.pt,112,True
Q9NVM9,True,Q9NVM9.pt,True,Q9NVM9.pt,True,Q9NVM9.pt,112,True
Q9NVN8,True,Q9NVN8.pt,True,Q9NVN8.pt,True,Q9NVN8.pt,112,True
Q9NVP1,True,Q9NVP1.pt,True,Q9NVP1.pt,True,Q9NVP1.pt,112,True
Q9NVQ4,True,Q9NVQ4.pt,True,Q9NVQ4.pt,True,Q9NVQ4.pt,112,True
Q9NVS2,True,Q9NVS2.pt,True,Q9NVS2.pt,True,Q9NVS2.pt,112,True
Q9NVT9,True,Q9NVT9.pt,True,Q9NVT9.pt,True,Q9NVT9.pt,112,True
Q9NVU0,True,Q9NVU0.pt,True,Q9NVU0.pt,True,Q9NVU0.pt,112,True
Q9NVU7,True,Q9NVU7.pt,True,Q9NVU7.pt,True,Q9NVU7.pt,112,True
Q9NVV4,True,Q9NVV4.pt,True,Q9NVV4.pt,True,Q9NVV4.pt,112,True
Q9NVX2,True,Q9NVX2.pt,True,Q9NVX2.pt,True,Q9NVX2.pt,112,True
Q9NW08,True,Q9NW08.pt,True,Q9NW08.pt,True,Q9NW08.pt,112,True
Q9NW13,True,Q9NW13.pt,True,Q9NW13.pt,True,Q9NW13.pt,112,True
Q9NW64,True,Q9NW64.pt,True,Q9NW64.pt,True,Q9NW64.pt,112,True
Q9NW68,True,Q9NW68.pt,True,Q9NW68.pt,True,Q9NW68.pt,112,True
Q9NW81,True,Q9NW81.pt,True,Q9NW81.pt,True,Q9NW81.pt,112,True
Q9NW82,True,Q9NW82.pt,True,Q9NW82.pt,True,Q9NW82.pt,112,True
Q9NWB6,True,Q9NWB6.pt,True,Q9NWB6.pt,True,Q9NWB6.pt,112,True
Q9NWH9,True,Q9NWH9.pt,True,Q9NWH9.pt,True,Q9NWH9.pt,112,True
Q9NWS8,True,Q9NWS8.pt,True,Q9NWS8.pt,True,Q9NWS8.pt,112,True
Q9NWT1,True,Q9NWT1.pt,True,Q9NWT1.pt,True,Q9NWT1.pt,112,True
Q9NWV4,True,Q9NWV4.pt,True,Q9NWV4.pt,True,Q9NWV4.pt,112,True
Q9NX01,True,Q9NX01.pt,True,Q9NX01.pt,True,Q9NX01.pt,112,True
Q9NX18,True,Q9NX18.pt,True,Q9NX18.pt,True,Q9NX18.pt,112,True
Q9NX40,True,Q9NX40.pt,True,Q9NX40.pt,True,Q9NX40.pt,112,True
Q9NX62,True,Q9NX62.pt,True,Q9NX62.pt,True,Q9NX62.pt,112,True
Q9NXC5,True,Q9NXC5.pt,True,Q9NXC5.pt,True,Q9NXC5.pt,112,True
Q9NXE4,True,Q9NXE4.pt,True,Q9NXE4.pt,True,Q9NXE4.pt,112,True
Q9NXF1,True,Q9NXF1.pt,True,Q9NXF1.pt,True,Q9NXF1.pt,112,True
Q9NXG2,True,Q9NXG2.pt,True,Q9NXG2.pt,True,Q9NXG2.pt,112,True
Q9NXH9,True,Q9NXH9.pt,True,Q9NXH9.pt,True,Q9NXH9.pt,112,True
Q9NXR1,True,Q9NXR1.pt,True,Q9NXR1.pt,True,Q9NXR1.pt,112,True
Q9NY12,True,Q9NY12.pt,True,Q9NY12.pt,True,Q9NY12.pt,112,True
Q9NY27,True,Q9NY27.pt,True,Q9NY27.pt,True,Q9NY27.pt,112,True
Q9NY33,True,Q9NY33.pt,True,Q9NY33.pt,True,Q9NY33.pt,112,True
Q9NY61,True,Q9NY61.pt,True,Q9NY61.pt,True,Q9NY61.pt,112,True
Q9NY74,True,Q9NY74.pt,True,Q9NY74.pt,True,Q9NY74.pt,112,True
Q9NY93,True,Q9NY93.pt,True,Q9NY93.pt,True,Q9NY93.pt,112,True
Q9NYB9,True,Q9NYB9.pt,True,Q9NYB9.pt,True,Q9NYB9.pt,112,True
Q9NYH9,True,Q9NYH9.pt,True,Q9NYH9.pt,True,Q9NYH9.pt,112,True
Q9NYK5,True,Q9NYK5.pt,True,Q9NYK5.pt,True,Q9NYK5.pt,112,True
Q9NYL9,True,Q9NYL9.pt,True,Q9NYL9.pt,True,Q9NYL9.pt,112,True
Q9NYP7,True,Q9NYP7.pt,True,Q9NYP7.pt,True,Q9NYP7.pt,112,True
Q9NYU2,True,Q9NYU2.pt,True,Q9NYU2.pt,True,Q9NYU2.pt,112,True
Q9NZ01,True,Q9NZ01.pt,True,Q9NZ01.pt,True,Q9NZ01.pt,112,True
Q9NZ09,True,Q9NZ09.pt,True,Q9NZ09.pt,True,Q9NZ09.pt,112,True
Q9NZ32,True,Q9NZ32.pt,True,Q9NZ32.pt,True,Q9NZ32.pt,112,True
Q9NZ43,True,Q9NZ43.pt,True,Q9NZ43.pt,True,Q9NZ43.pt,112,True
Q9NZ52,True,Q9NZ52.pt,True,Q9NZ52.pt,True,Q9NZ52.pt,112,True
Q9NZ63,True,Q9NZ63.pt,True,Q9NZ63.pt,True,Q9NZ63.pt,112,True
Q9NZD2,True,Q9NZD2.pt,True,Q9NZD2.pt,True,Q9NZD2.pt,112,True
Q9NZD8,True,Q9NZD8.pt,True,Q9NZD8.pt,True,Q9NZD8.pt,112,True
Q9NZE8,True,Q9NZE8.pt,True,Q9NZE8.pt,True,Q9NZE8.pt,112,True
Q9NZL9,True,Q9NZL9.pt,True,Q9NZL9.pt,True,Q9NZL9.pt,112,True
Q9NZM1,True,Q9NZM1.pt,True,Q9NZM1.pt,True,Q9NZM1.pt,112,True
Q9NZM3,True,Q9NZM3.pt,True,Q9NZM3.pt,True,Q9NZM3.pt,112,True
Q9NZM5,True,Q9NZM5.pt,True,Q9NZM5.pt,True,Q9NZM5.pt,112,True
Q9NZN4,True,Q9NZN4.pt,True,Q9NZN4.pt,True,Q9NZN4.pt,112,True
Q9NZN5,True,Q9NZN5.pt,True,Q9NZN5.pt,True,Q9NZN5.pt,112,True
Q9NZN8,True,Q9NZN8.pt,True,Q9NZN8.pt,True,Q9NZN8.pt,112,True
Q9NZZ3,True,Q9NZZ3.pt,True,Q9NZZ3.pt,True,Q9NZZ3.pt,112,True
Q9P000,True,Q9P000.pt,True,Q9P000.pt,True,Q9P000.pt,112,True
Q9P013,True,Q9P013.pt,True,Q9P013.pt,True,Q9P013.pt,112,True
Q9P016,True,Q9P016.pt,True,Q9P016.pt,True,Q9P016.pt,112,True
Q9P021,True,Q9P021.pt,True,Q9P021.pt,True,Q9P021.pt,112,True
Q9P0I2,True,Q9P0I2.pt,True,Q9P0I2.pt,True,Q9P0I2.pt,112,True
Q9P0J0,True,Q9P0J0.pt,True,Q9P0J0.pt,True,Q9P0J0.pt,112,True
Q9P0J7,True,Q9P0J7.pt,True,Q9P0J7.pt,True,Q9P0J7.pt,112,True
Q9P0K7,True,Q9P0K7.pt,True,Q9P0K7.pt,True,Q9P0K7.pt,112,True
Q9P0L0,True,Q9P0L0.pt,True,Q9P0L0.pt,True,Q9P0L0.pt,112,True
Q9P0M9,True,Q9P0M9.pt,True,Q9P0M9.pt,True,Q9P0M9.pt,112,True
Q9P0P8,True,Q9P0P8.pt,True,Q9P0P8.pt,True,Q9P0P8.pt,112,True
Q9P0S2,True,Q9P0S2.pt,True,Q9P0S2.pt,True,Q9P0S2.pt,112,True
Q9P0U3,True,Q9P0U3.pt,True,Q9P0U3.pt,True,Q9P0U3.pt,112,True
Q9P0V3,True,Q9P0V3.pt,True,Q9P0V3.pt,True,Q9P0V3.pt,112,True
Q9P0V9,True,Q9P0V9.pt,True,Q9P0V9.pt,True,Q9P0V9.pt,112,True
Q9P1Y5,True,Q9P1Y5.pt,True,Q9P1Y5.pt,True,Q9P1Y5.pt,112,True
Q9P1Z2,True,Q9P1Z2.pt,True,Q9P1Z2.pt,True,Q9P1Z2.pt,112,True
Q9P219,True,Q9P219.pt,True,Q9P219.pt,True,Q9P219.pt,112,True
Q9P253,True,Q9P253.pt,True,Q9P253.pt,True,Q9P253.pt,112,True
Q9P258,True,Q9P258.pt,True,Q9P258.pt,True,Q9P258.pt,112,True
Q9P260,True,Q9P260.pt,True,Q9P260.pt,True,Q9P260.pt,112,True
Q9P287,True,Q9P287.pt,True,Q9P287.pt,True,Q9P287.pt,112,True
Q9P2B4,True,Q9P2B4.pt,True,Q9P2B4.pt,True,Q9P2B4.pt,112,True
Q9P2E3,True,Q9P2E3.pt,True,Q9P2E3.pt,True,Q9P2E3.pt,112,True
Q9P2E9,True,Q9P2E9.pt,True,Q9P2E9.pt,True,Q9P2E9.pt,112,True
Q9P2I0,True,Q9P2I0.pt,True,Q9P2I0.pt,True,Q9P2I0.pt,112,True
Q9P2J5,True,Q9P2J5.pt,True,Q9P2J5.pt,True,Q9P2J5.pt,112,True
Q9P2K3,True,Q9P2K3.pt,True,Q9P2K3.pt,True,Q9P2K3.pt,112,True
Q9P2N5,True,Q9P2N5.pt,True,Q9P2N5.pt,True,Q9P2N5.pt,112,True
Q9P2R3,True,Q9P2R3.pt,True,Q9P2R3.pt,True,Q9P2R3.pt,112,True
Q9P2R7,True,Q9P2R7.pt,True,Q9P2R7.pt,True,Q9P2R7.pt,112,True
Q9P2S5,True,Q9P2S5.pt,True,Q9P2S5.pt,True,Q9P2S5.pt,112,True
Q9P2W9,True,Q9P2W9.pt,True,Q9P2W9.pt,True,Q9P2W9.pt,112,True
Q9UBB4,True,Q9UBB4.pt,True,Q9UBB4.pt,True,Q9UBB4.pt,112,True
Q9UBB5,True,Q9UBB5.pt,True,Q9UBB5.pt,True,Q9UBB5.pt,112,True
Q9UBB9,True,Q9UBB9.pt,True,Q9UBB9.pt,True,Q9UBB9.pt,112,True
Q9UBD5,True,Q9UBD5.pt,True,Q9UBD5.pt,True,Q9UBD5.pt,112,True
Q9UBE0,True,Q9UBE0.pt,True,Q9UBE0.pt,True,Q9UBE0.pt,112,True
Q9UBF8,True,Q9UBF8.pt,True,Q9UBF8.pt,True,Q9UBF8.pt,112,True
Q9UBH6,True,Q9UBH6.pt,True,Q9UBH6.pt,True,Q9UBH6.pt,112,True
Q9UBI1,True,Q9UBI1.pt,True,Q9UBI1.pt,True,Q9UBI1.pt,112,True
Q9UBI6,True,Q9UBI6.pt,True,Q9UBI6.pt,True,Q9UBI6.pt,112,True
Q9UBL3,True,Q9UBL3.pt,True,Q9UBL3.pt,True,Q9UBL3.pt,112,True
Q9UBM7,True,Q9UBM7.pt,True,Q9UBM7.pt,True,Q9UBM7.pt,112,True
Q9UBP0,True,Q9UBP0.pt,True,Q9UBP0.pt,True,Q9UBP0.pt,112,True
Q9UBP9,True,Q9UBP9.pt,True,Q9UBP9.pt,True,Q9UBP9.pt,112,True
Q9UBR2,True,Q9UBR2.pt,True,Q9UBR2.pt,True,Q9UBR2.pt,112,True
Q9UBS3,True,Q9UBS3.pt,True,Q9UBS3.pt,True,Q9UBS3.pt,112,True
Q9UBS4,True,Q9UBS4.pt,True,Q9UBS4.pt,True,Q9UBS4.pt,112,True
Q9UBS8,True,Q9UBS8.pt,True,Q9UBS8.pt,True,Q9UBS8.pt,112,True
Q9UBT2,True,Q9UBT2.pt,True,Q9UBT2.pt,True,Q9UBT2.pt,112,True
Q9UBT7,True,Q9UBT7.pt,True,Q9UBT7.pt,True,Q9UBT7.pt,112,True
Q9UBU8,True,Q9UBU8.pt,True,Q9UBU8.pt,True,Q9UBU8.pt,112,True
Q9UBU9,True,Q9UBU9.pt,True,Q9UBU9.pt,True,Q9UBU9.pt,112,True
Q9UBV2,True,Q9UBV2.pt,True,Q9UBV2.pt,True,Q9UBV2.pt,112,True
Q9UBW5,True,Q9UBW5.pt,True,Q9UBW5.pt,True,Q9UBW5.pt,112,True
Q9UBW8,True,Q9UBW8.pt,True,Q9UBW8.pt,True,Q9UBW8.pt,112,True
Q9UBX8,True,Q9UBX8.pt,True,Q9UBX8.pt,True,Q9UBX8.pt,112,True
Q9UDY2,True,Q9UDY2.pt,True,Q9UDY2.pt,True,Q9UDY2.pt,112,True
Q9UDY8,True,Q9UDY8.pt,True,Q9UDY8.pt,True,Q9UDY8.pt,112,True
Q9UEE9,True,Q9UEE9.pt,True,Q9UEE9.pt,True,Q9UEE9.pt,112,True
Q9UER7,True,Q9UER7.pt,True,Q9UER7.pt,True,Q9UER7.pt,112,True
Q9UEW8,True,Q9UEW8.pt,True,Q9UEW8.pt,True,Q9UEW8.pt,112,True
Q9UG63,True,Q9UG63.pt,True,Q9UG63.pt,True,Q9UG63.pt,112,True
Q9UGC7,True,Q9UGC7.pt,True,Q9UGC7.pt,True,Q9UGC7.pt,112,True
Q9UGI8,True,Q9UGI8.pt,True,Q9UGI8.pt,True,Q9UGI8.pt,112,True
Q9UGJ1,True,Q9UGJ1.pt,True,Q9UGJ1.pt,True,Q9UGJ1.pt,112,True
Q9UGM6,True,Q9UGM6.pt,True,Q9UGM6.pt,True,Q9UGM6.pt,112,True
Q9UGN5,True,Q9UGN5.pt,True,Q9UGN5.pt,True,Q9UGN5.pt,112,True
Q9UGP4,True,Q9UGP4.pt,True,Q9UGP4.pt,True,Q9UGP4.pt,112,True
Q9UGP8,True,Q9UGP8.pt,True,Q9UGP8.pt,True,Q9UGP8.pt,112,True
Q9UGR2,True,Q9UGR2.pt,True,Q9UGR2.pt,True,Q9UGR2.pt,112,True
Q9UH65,True,Q9UH65.pt,True,Q9UH65.pt,True,Q9UH65.pt,112,True
Q9UHA3,True,Q9UHA3.pt,True,Q9UHA3.pt,True,Q9UHA3.pt,112,True
Q9UHB6,True,Q9UHB6.pt,True,Q9UHB6.pt,True,Q9UHB6.pt,112,True
Q9UHB9,True,Q9UHB9.pt,True,Q9UHB9.pt,True,Q9UHB9.pt,112,True
Q9UHD1,True,Q9UHD1.pt,True,Q9UHD1.pt,True,Q9UHD1.pt,112,True
Q9UHD2,True,Q9UHD2.pt,True,Q9UHD2.pt,True,Q9UHD2.pt,112,True
Q9UHD8,True,Q9UHD8.pt,True,Q9UHD8.pt,True,Q9UHD8.pt,112,True
Q9UHD9,True,Q9UHD9.pt,True,Q9UHD9.pt,True,Q9UHD9.pt,112,True
Q9UHG3,True,Q9UHG3.pt,True,Q9UHG3.pt,True,Q9UHG3.pt,112,True
Q9UHI6,True,Q9UHI6.pt,True,Q9UHI6.pt,True,Q9UHI6.pt,112,True
Q9UHN1,True,Q9UHN1.pt,True,Q9UHN1.pt,True,Q9UHN1.pt,112,True
Q9UHQ9,True,Q9UHQ9.pt,True,Q9UHQ9.pt,True,Q9UHQ9.pt,112,True
Q9UHV9,True,Q9UHV9.pt,True,Q9UHV9.pt,True,Q9UHV9.pt,112,True
Q9UHW9,True,Q9UHW9.pt,True,Q9UHW9.pt,True,Q9UHW9.pt,112,True
Q9UHY7,True,Q9UHY7.pt,True,Q9UHY7.pt,True,Q9UHY7.pt,112,True
Q9UI09,True,Q9UI09.pt,True,Q9UI09.pt,True,Q9UI09.pt,112,True
Q9UI10,True,Q9UI10.pt,True,Q9UI10.pt,True,Q9UI10.pt,112,True
Q9UI12,True,Q9UI12.pt,True,Q9UI12.pt,True,Q9UI12.pt,112,True
Q9UIA9,True,Q9UIA9.pt,True,Q9UIA9.pt,True,Q9UIA9.pt,112,True
Q9UIG0,True,Q9UIG0.pt,True,Q9UIG0.pt,True,Q9UIG0.pt,112,True
Q9UII2,True,Q9UII2.pt,True,Q9UII2.pt,True,Q9UII2.pt,112,True
Q9UIQ6,True,Q9UIQ6.pt,True,Q9UIQ6.pt,True,Q9UIQ6.pt,112,True
Q9UJ83,True,Q9UJ83.pt,True,Q9UJ83.pt,True,Q9UJ83.pt,112,True
Q9UJA5,True,Q9UJA5.pt,True,Q9UJA5.pt,True,Q9UJA5.pt,112,True
Q9UJC3,True,Q9UJC3.pt,True,Q9UJC3.pt,True,Q9UJC3.pt,112,True
Q9UJU6,True,Q9UJU6.pt,True,Q9UJU6.pt,True,Q9UJU6.pt,112,True
Q9UJV9,True,Q9UJV9.pt,True,Q9UJV9.pt,True,Q9UJV9.pt,112,True
Q9UJX2,True,Q9UJX2.pt,True,Q9UJX2.pt,True,Q9UJX2.pt,112,True
Q9UJZ1,True,Q9UJZ1.pt,True,Q9UJZ1.pt,True,Q9UJZ1.pt,112,True
Q9UK32,True,Q9UK32.pt,True,Q9UK32.pt,True,Q9UK32.pt,112,True
Q9UK41,True,Q9UK41.pt,True,Q9UK41.pt,True,Q9UK41.pt,112,True
Q9UK45,True,Q9UK45.pt,True,Q9UK45.pt,True,Q9UK45.pt,112,True
Q9UK59,True,Q9UK59.pt,True,Q9UK59.pt,True,Q9UK59.pt,112,True
Q9UK61,True,Q9UK61.pt,True,Q9UK61.pt,True,Q9UK61.pt,112,True
Q9UKA4,True,Q9UKA4.pt,True,Q9UKA4.pt,True,Q9UKA4.pt,112,True
Q9UKD2,True,Q9UKD2.pt,True,Q9UKD2.pt,True,Q9UKD2.pt,112,True
Q9UKK3,True,Q9UKK3.pt,True,Q9UKK3.pt,True,Q9UKK3.pt,112,True
Q9UKK9,True,Q9UKK9.pt,True,Q9UKK9.pt,True,Q9UKK9.pt,112,True
Q9UKN8,True,Q9UKN8.pt,True,Q9UKN8.pt,True,Q9UKN8.pt,112,True
Q9UKV3,True,Q9UKV3.pt,True,Q9UKV3.pt,True,Q9UKV3.pt,112,True
Q9UKX7,True,Q9UKX7.pt,True,Q9UKX7.pt,True,Q9UKX7.pt,112,True
Q9UKY7,True,Q9UKY7.pt,True,Q9UKY7.pt,True,Q9UKY7.pt,112,True
Q9UKZ1,True,Q9UKZ1.pt,True,Q9UKZ1.pt,True,Q9UKZ1.pt,112,True
Q9UL03,True,Q9UL03.pt,True,Q9UL03.pt,True,Q9UL03.pt,112,True
Q9UL25,True,Q9UL25.pt,True,Q9UL25.pt,True,Q9UL25.pt,112,True
Q9UL63,True,Q9UL63.pt,True,Q9UL63.pt,True,Q9UL63.pt,112,True
Q9ULC3,True,Q9ULC3.pt,True,Q9ULC3.pt,True,Q9ULC3.pt,112,True
Q9ULC4,True,Q9ULC4.pt,True,Q9ULC4.pt,True,Q9ULC4.pt,112,True
Q9ULD2,True,Q9ULD2.pt,True,Q9ULD2.pt,True,Q9ULD2.pt,112,True
Q9ULD9,True,Q9ULD9.pt,True,Q9ULD9.pt,True,Q9ULD9.pt,112,True
Q9ULG6,True,Q9ULG6.pt,True,Q9ULG6.pt,True,Q9ULG6.pt,112,True
Q9ULH0,True,Q9ULH0.pt,True,Q9ULH0.pt,True,Q9ULH0.pt,112,True
Q9ULI2,True,Q9ULI2.pt,True,Q9ULI2.pt,True,Q9ULI2.pt,112,True
Q9ULJ8,True,Q9ULJ8.pt,True,Q9ULJ8.pt,True,Q9ULJ8.pt,112,True
Q9ULR0,True,Q9ULR0.pt,True,Q9ULR0.pt,True,Q9ULR0.pt,112,True
Q9ULW0,True,Q9ULW0.pt,True,Q9ULW0.pt,True,Q9ULW0.pt,112,True
Q9ULX3,True,Q9ULX3.pt,True,Q9ULX3.pt,True,Q9ULX3.pt,112,True
Q9ULX6,True,Q9ULX6.pt,True,Q9ULX6.pt,True,Q9ULX6.pt,112,True
Q9UMS4,True,Q9UMS4.pt,True,Q9UMS4.pt,True,Q9UMS4.pt,112,True
Q9UMX5,True,Q9UMX5.pt,True,Q9UMX5.pt,True,Q9UMX5.pt,112,True
Q9UMY1,True,Q9UMY1.pt,True,Q9UMY1.pt,True,Q9UMY1.pt,112,True
Q9UMZ2,True,Q9UMZ2.pt,True,Q9UMZ2.pt,True,Q9UMZ2.pt,112,True
Q9UN86,True,Q9UN86.pt,True,Q9UN86.pt,True,Q9UN86.pt,112,True
Q9UNE7,True,Q9UNE7.pt,True,Q9UNE7.pt,True,Q9UNE7.pt,112,True
Q9UNF0,True,Q9UNF0.pt,True,Q9UNF0.pt,True,Q9UNF0.pt,112,True
Q9UNH7,True,Q9UNH7.pt,True,Q9UNH7.pt,True,Q9UNH7.pt,112,True
Q9UNI6,True,Q9UNI6.pt,True,Q9UNI6.pt,True,Q9UNI6.pt,112,True
Q9UNK0,True,Q9UNK0.pt,True,Q9UNK0.pt,True,Q9UNK0.pt,112,True
Q9UNL2,True,Q9UNL2.pt,True,Q9UNL2.pt,True,Q9UNL2.pt,112,True
Q9UNM6,True,Q9UNM6.pt,True,Q9UNM6.pt,True,Q9UNM6.pt,112,True
Q9UNN5,True,Q9UNN5.pt,True,Q9UNN5.pt,True,Q9UNN5.pt,112,True
Q9UNQ2,True,Q9UNQ2.pt,True,Q9UNQ2.pt,True,Q9UNQ2.pt,112,True
Q9UNS2,True,Q9UNS2.pt,True,Q9UNS2.pt,True,Q9UNS2.pt,112,True
Q9UNX4,True,Q9UNX4.pt,True,Q9UNX4.pt,True,Q9UNX4.pt,112,True
Q9UNY4,True,Q9UNY4.pt,True,Q9UNY4.pt,True,Q9UNY4.pt,112,True
Q9UNZ2,True,Q9UNZ2.pt,True,Q9UNZ2.pt,True,Q9UNZ2.pt,112,True
Q9UNZ5,True,Q9UNZ5.pt,True,Q9UNZ5.pt,True,Q9UNZ5.pt,112,True
Q9UPN4,True,Q9UPN4.pt,True,Q9UPN4.pt,True,Q9UPN4.pt,112,True
Q9UPN6,True,Q9UPN6.pt,True,Q9UPN6.pt,True,Q9UPN6.pt,112,True
Q9UPN9,True,Q9UPN9.pt,True,Q9UPN9.pt,True,Q9UPN9.pt,112,True
Q9UPQ0,True,Q9UPQ0.pt,True,Q9UPQ0.pt,True,Q9UPQ0.pt,112,True
Q9UPR0,True,Q9UPR0.pt,True,Q9UPR0.pt,True,Q9UPR0.pt,112,True
Q9UPT5,True,Q9UPT5.pt,True,Q9UPT5.pt,True,Q9UPT5.pt,112,True
Q9UPT9,True,Q9UPT9.pt,True,Q9UPT9.pt,True,Q9UPT9.pt,112,True
Q9UPU5,True,Q9UPU5.pt,True,Q9UPU5.pt,True,Q9UPU5.pt,112,True
Q9UQ80,True,Q9UQ80.pt,True,Q9UQ80.pt,True,Q9UQ80.pt,112,True
Q9UQB8,True,Q9UQB8.pt,True,Q9UQB8.pt,True,Q9UQB8.pt,112,True
Q9UQE7,True,Q9UQE7.pt,True,Q9UQE7.pt,True,Q9UQE7.pt,112,True
Q9UQN3,True,Q9UQN3.pt,True,Q9UQN3.pt,True,Q9UQN3.pt,112,True
Q9Y217,True,Q9Y217.pt,True,Q9Y217.pt,True,Q9Y217.pt,112,True
Q9Y221,True,Q9Y221.pt,True,Q9Y221.pt,True,Q9Y221.pt,112,True
Q9Y223,True,Q9Y223.pt,True,Q9Y223.pt,True,Q9Y223.pt,112,True
Q9Y224,True,Q9Y224.pt,True,Q9Y224.pt,True,Q9Y224.pt,112,True
Q9Y230,True,Q9Y230.pt,True,Q9Y230.pt,True,Q9Y230.pt,112,True
Q9Y237,True,Q9Y237.pt,True,Q9Y237.pt,True,Q9Y237.pt,112,True
Q9Y248,True,Q9Y248.pt,True,Q9Y248.pt,True,Q9Y248.pt,112,True
Q9Y255,True,Q9Y255.pt,True,Q9Y255.pt,True,Q9Y255.pt,112,True
Q9Y262,True,Q9Y262.pt,True,Q9Y262.pt,True,Q9Y262.pt,112,True
Q9Y263,True,Q9Y263.pt,True,Q9Y263.pt,True,Q9Y263.pt,112,True
Q9Y266,True,Q9Y266.pt,True,Q9Y266.pt,True,Q9Y266.pt,112,True
Q9Y282,True,Q9Y282.pt,True,Q9Y282.pt,True,Q9Y282.pt,112,True
Q9Y285,True,Q9Y285.pt,True,Q9Y285.pt,True,Q9Y285.pt,112,True
Q9Y295,True,Q9Y295.pt,True,Q9Y295.pt,True,Q9Y295.pt,112,True
Q9Y2A7,True,Q9Y2A7.pt,True,Q9Y2A7.pt,True,Q9Y2A7.pt,112,True
Q9Y2B0,True,Q9Y2B0.pt,True,Q9Y2B0.pt,True,Q9Y2B0.pt,112,True
Q9Y2B1,True,Q9Y2B1.pt,True,Q9Y2B1.pt,True,Q9Y2B1.pt,112,True
Q9Y2C4,True,Q9Y2C4.pt,True,Q9Y2C4.pt,True,Q9Y2C4.pt,112,True
Q9Y2D4,True,Q9Y2D4.pt,True,Q9Y2D4.pt,True,Q9Y2D4.pt,112,True
Q9Y2H2,True,Q9Y2H2.pt,True,Q9Y2H2.pt,True,Q9Y2H2.pt,112,True
Q9Y2H6,True,Q9Y2H6.pt,True,Q9Y2H6.pt,True,Q9Y2H6.pt,112,True
Q9Y2J2,True,Q9Y2J2.pt,True,Q9Y2J2.pt,True,Q9Y2J2.pt,112,True
Q9Y2K9,True,Q9Y2K9.pt,True,Q9Y2K9.pt,True,Q9Y2K9.pt,112,True
Q9Y2L1,True,Q9Y2L1.pt,True,Q9Y2L1.pt,True,Q9Y2L1.pt,112,True
Q9Y2Q9,True,Q9Y2Q9.pt,True,Q9Y2Q9.pt,True,Q9Y2Q9.pt,112,True
Q9Y2R9,True,Q9Y2R9.pt,True,Q9Y2R9.pt,True,Q9Y2R9.pt,112,True
Q9Y2S7,True,Q9Y2S7.pt,True,Q9Y2S7.pt,True,Q9Y2S7.pt,112,True
Q9Y2T2,True,Q9Y2T2.pt,True,Q9Y2T2.pt,True,Q9Y2T2.pt,112,True
Q9Y2T3,True,Q9Y2T3.pt,True,Q9Y2T3.pt,True,Q9Y2T3.pt,112,True
Q9Y2V2,True,Q9Y2V2.pt,True,Q9Y2V2.pt,True,Q9Y2V2.pt,112,True
Q9Y2W1,True,Q9Y2W1.pt,True,Q9Y2W1.pt,True,Q9Y2W1.pt,112,True
Q9Y2W2,True,Q9Y2W2.pt,True,Q9Y2W2.pt,True,Q9Y2W2.pt,112,True
Q9Y2W6,True,Q9Y2W6.pt,True,Q9Y2W6.pt,True,Q9Y2W6.pt,112,True
Q9Y2X0,True,Q9Y2X0.pt,True,Q9Y2X0.pt,True,Q9Y2X0.pt,112,True
Q9Y2X7,True,Q9Y2X7.pt,True,Q9Y2X7.pt,True,Q9Y2X7.pt,112,True
Q9Y2Z0,True,Q9Y2Z0.pt,True,Q9Y2Z0.pt,True,Q9Y2Z0.pt,112,True
Q9Y305,True,Q9Y305.pt,True,Q9Y305.pt,True,Q9Y305.pt,112,True
Q9Y312,True,Q9Y312.pt,True,Q9Y312.pt,True,Q9Y312.pt,112,True
Q9Y314,True,Q9Y314.pt,True,Q9Y314.pt,True,Q9Y314.pt,112,True
Q9Y316,True,Q9Y316.pt,True,Q9Y316.pt,True,Q9Y316.pt,112,True
Q9Y324,True,Q9Y324.pt,True,Q9Y324.pt,True,Q9Y324.pt,112,True
Q9Y333,True,Q9Y333.pt,True,Q9Y333.pt,True,Q9Y333.pt,112,True
Q9Y375,True,Q9Y375.pt,True,Q9Y375.pt,True,Q9Y375.pt,112,True
Q9Y376,True,Q9Y376.pt,True,Q9Y376.pt,True,Q9Y376.pt,112,True
Q9Y383,True,Q9Y383.pt,True,Q9Y383.pt,True,Q9Y383.pt,112,True
Q9Y394,True,Q9Y394.pt,True,Q9Y394.pt,True,Q9Y394.pt,112,True
Q9Y399,True,Q9Y399.pt,True,Q9Y399.pt,True,Q9Y399.pt,112,True
Q9Y3A2,True,Q9Y3A2.pt,True,Q9Y3A2.pt,True,Q9Y3A2.pt,112,True
Q9Y3A3,True,Q9Y3A3.pt,True,Q9Y3A3.pt,True,Q9Y3A3.pt,112,True
Q9Y3A4,True,Q9Y3A4.pt,True,Q9Y3A4.pt,True,Q9Y3A4.pt,112,True
Q9Y3A5,True,Q9Y3A5.pt,True,Q9Y3A5.pt,True,Q9Y3A5.pt,112,True
Q9Y3B2,True,Q9Y3B2.pt,True,Q9Y3B2.pt,True,Q9Y3B2.pt,112,True
Q9Y3B3,True,Q9Y3B3.pt,True,Q9Y3B3.pt,True,Q9Y3B3.pt,112,True
Q9Y3B4,True,Q9Y3B4.pt,True,Q9Y3B4.pt,True,Q9Y3B4.pt,112,True
Q9Y3B7,True,Q9Y3B7.pt,True,Q9Y3B7.pt,True,Q9Y3B7.pt,112,True
Q9Y3B8,True,Q9Y3B8.pt,True,Q9Y3B8.pt,True,Q9Y3B8.pt,112,True
Q9Y3B9,True,Q9Y3B9.pt,True,Q9Y3B9.pt,True,Q9Y3B9.pt,112,True
Q9Y3C0,True,Q9Y3C0.pt,True,Q9Y3C0.pt,True,Q9Y3C0.pt,112,True
Q9Y3C1,True,Q9Y3C1.pt,True,Q9Y3C1.pt,True,Q9Y3C1.pt,112,True
Q9Y3C8,True,Q9Y3C8.pt,True,Q9Y3C8.pt,True,Q9Y3C8.pt,112,True
Q9Y3D0,True,Q9Y3D0.pt,True,Q9Y3D0.pt,True,Q9Y3D0.pt,112,True
Q9Y3D3,True,Q9Y3D3.pt,True,Q9Y3D3.pt,True,Q9Y3D3.pt,112,True
Q9Y3D6,True,Q9Y3D6.pt,True,Q9Y3D6.pt,True,Q9Y3D6.pt,112,True
Q9Y3D7,True,Q9Y3D7.pt,True,Q9Y3D7.pt,True,Q9Y3D7.pt,112,True
Q9Y3D8,True,Q9Y3D8.pt,True,Q9Y3D8.pt,True,Q9Y3D8.pt,112,True
Q9Y3D9,True,Q9Y3D9.pt,True,Q9Y3D9.pt,True,Q9Y3D9.pt,112,True
Q9Y3F4,True,Q9Y3F4.pt,True,Q9Y3F4.pt,True,Q9Y3F4.pt,112,True
Q9Y3I0,True,Q9Y3I0.pt,True,Q9Y3I0.pt,True,Q9Y3I0.pt,112,True
Q9Y3P9,True,Q9Y3P9.pt,True,Q9Y3P9.pt,True,Q9Y3P9.pt,112,True
Q9Y3T9,True,Q9Y3T9.pt,True,Q9Y3T9.pt,True,Q9Y3T9.pt,112,True
Q9Y3U8,True,Q9Y3U8.pt,True,Q9Y3U8.pt,True,Q9Y3U8.pt,112,True
Q9Y3Y2,True,Q9Y3Y2.pt,True,Q9Y3Y2.pt,True,Q9Y3Y2.pt,112,True
Q9Y3Z3,True,Q9Y3Z3.pt,True,Q9Y3Z3.pt,True,Q9Y3Z3.pt,112,True
Q9Y446,True,Q9Y446.pt,True,Q9Y446.pt,True,Q9Y446.pt,112,True
Q9Y448,True,Q9Y448.pt,True,Q9Y448.pt,True,Q9Y448.pt,112,True
Q9Y450,True,Q9Y450.pt,True,Q9Y450.pt,True,Q9Y450.pt,112,True
Q9Y466,True,Q9Y466.pt,True,Q9Y466.pt,True,Q9Y466.pt,112,True
Q9Y4B5,True,Q9Y4B5.pt,True,Q9Y4B5.pt,True,Q9Y4B5.pt,112,True
Q9Y4C2,True,Q9Y4C2.pt,True,Q9Y4C2.pt,True,Q9Y4C2.pt,112,True
Q9Y4C8,True,Q9Y4C8.pt,True,Q9Y4C8.pt,True,Q9Y4C8.pt,112,True
Q9Y4E8,True,Q9Y4E8.pt,True,Q9Y4E8.pt,True,Q9Y4E8.pt,112,True
Q9Y4F1,True,Q9Y4F1.pt,True,Q9Y4F1.pt,True,Q9Y4F1.pt,112,True
Q9Y4G6,True,Q9Y4G6.pt,True,Q9Y4G6.pt,True,Q9Y4G6.pt,112,True
Q9Y4I1,True,Q9Y4I1.pt,True,Q9Y4I1.pt,True,Q9Y4I1.pt,112,True
Q9Y4L1,True,Q9Y4L1.pt,True,Q9Y4L1.pt,True,Q9Y4L1.pt,112,True
Q9Y4P3,True,Q9Y4P3.pt,True,Q9Y4P3.pt,True,Q9Y4P3.pt,112,True
Q9Y4P8,True,Q9Y4P8.pt,True,Q9Y4P8.pt,True,Q9Y4P8.pt,112,True
Q9Y4W2,True,Q9Y4W2.pt,True,Q9Y4W2.pt,True,Q9Y4W2.pt,112,True
Q9Y4W6,True,Q9Y4W6.pt,True,Q9Y4W6.pt,True,Q9Y4W6.pt,112,True
Q9Y4X5,True,Q9Y4X5.pt,True,Q9Y4X5.pt,True,Q9Y4X5.pt,112,True
Q9Y4Y9,True,Q9Y4Y9.pt,True,Q9Y4Y9.pt,True,Q9Y4Y9.pt,112,True
Q9Y4Z0,True,Q9Y4Z0.pt,True,Q9Y4Z0.pt,True,Q9Y4Z0.pt,112,True
Q9Y508,True,Q9Y508.pt,True,Q9Y508.pt,True,Q9Y508.pt,112,True
Q9Y512,True,Q9Y512.pt,True,Q9Y512.pt,True,Q9Y512.pt,112,True
Q9Y570,True,Q9Y570.pt,True,Q9Y570.pt,True,Q9Y570.pt,112,True
Q9Y597,True,Q9Y597.pt,True,Q9Y597.pt,True,Q9Y597.pt,112,True
Q9Y5A7,True,Q9Y5A7.pt,True,Q9Y5A7.pt,True,Q9Y5A7.pt,112,True
Q9Y5B6,True,Q9Y5B6.pt,True,Q9Y5B6.pt,True,Q9Y5B6.pt,112,True
Q9Y5B9,True,Q9Y5B9.pt,True,Q9Y5B9.pt,True,Q9Y5B9.pt,112,True
Q9Y5J1,True,Q9Y5J1.pt,True,Q9Y5J1.pt,True,Q9Y5J1.pt,112,True
Q9Y5K6,True,Q9Y5K6.pt,True,Q9Y5K6.pt,True,Q9Y5K6.pt,112,True
Q9Y5L0,True,Q9Y5L0.pt,True,Q9Y5L0.pt,True,Q9Y5L0.pt,112,True
Q9Y5M8,True,Q9Y5M8.pt,True,Q9Y5M8.pt,True,Q9Y5M8.pt,112,True
Q9Y5N6,True,Q9Y5N6.pt,True,Q9Y5N6.pt,True,Q9Y5N6.pt,112,True
Q9Y5P4,True,Q9Y5P4.pt,True,Q9Y5P4.pt,True,Q9Y5P4.pt,112,True
Q9Y5Q8,True,Q9Y5Q8.pt,True,Q9Y5Q8.pt,True,Q9Y5Q8.pt,112,True
Q9Y5Q9,True,Q9Y5Q9.pt,True,Q9Y5Q9.pt,True,Q9Y5Q9.pt,112,True
Q9Y5T5,True,Q9Y5T5.pt,True,Q9Y5T5.pt,True,Q9Y5T5.pt,112,True
Q9Y5V0,True,Q9Y5V0.pt,True,Q9Y5V0.pt,True,Q9Y5V0.pt,112,True
Q9Y5W8,True,Q9Y5W8.pt,True,Q9Y5W8.pt,True,Q9Y5W8.pt,112,True
Q9Y606,True,Q9Y606.pt,True,Q9Y606.pt,True,Q9Y606.pt,112,True
Q9Y608,True,Q9Y608.pt,True,Q9Y608.pt,True,Q9Y608.pt,112,True
Q9Y617,True,Q9Y617.pt,True,Q9Y617.pt,True,Q9Y617.pt,112,True
Q9Y673,True,Q9Y673.pt,True,Q9Y673.pt,True,Q9Y673.pt,112,True
Q9Y676,True,Q9Y676.pt,True,Q9Y676.pt,True,Q9Y676.pt,112,True
Q9Y678,True,Q9Y678.pt,True,Q9Y678.pt,True,Q9Y678.pt,112,True
Q9Y696,True,Q9Y696.pt,True,Q9Y696.pt,True,Q9Y696.pt,112,True
Q9Y6A5,True,Q9Y6A5.pt,True,Q9Y6A5.pt,True,Q9Y6A5.pt,112,True
Q9Y6C9,True,Q9Y6C9.pt,True,Q9Y6C9.pt,True,Q9Y6C9.pt,112,True
Q9Y6D6,True,Q9Y6D6.pt,True,Q9Y6D6.pt,True,Q9Y6D6.pt,112,True
Q9Y6D9,True,Q9Y6D9.pt,True,Q9Y6D9.pt,True,Q9Y6D9.pt,112,True
Q9Y6E0,True,Q9Y6E0.pt,True,Q9Y6E0.pt,True,Q9Y6E0.pt,112,True
Q9Y6G3,True,Q9Y6G3.pt,True,Q9Y6G3.pt,True,Q9Y6G3.pt,112,True
Q9Y6G9,True,Q9Y6G9.pt,True,Q9Y6G9.pt,True,Q9Y6G9.pt,112,True
Q9Y6K5,True,Q9Y6K5.pt,True,Q9Y6K5.pt,True,Q9Y6K5.pt,112,True
Q9Y6K9,True,Q9Y6K9.pt,True,Q9Y6K9.pt,True,Q9Y6K9.pt,112,True
Q9Y6M1,True,Q9Y6M1.pt,True,Q9Y6M1.pt,True,Q9Y6M1.pt,112,True
Q9Y6M7,True,Q9Y6M7.pt,True,Q9Y6M7.pt,True,Q9Y6M7.pt,112,True
Q9Y6M9,True,Q9Y6M9.pt,True,Q9Y6M9.pt,True,Q9Y6M9.pt,112,True
Q9Y6R0,True,Q9Y6R0.pt,True,Q9Y6R0.pt,True,Q9Y6R0.pt,112,True
Q9Y6V7,True,Q9Y6V7.pt,True,Q9Y6V7.pt,True,Q9Y6V7.pt,112,True
Q9Y6X1,True,Q9Y6X1.pt,True,Q9Y6X1.pt,True,Q9Y6X1.pt,112,True
Q9Y6X9,True,Q9Y6X9.pt,True,Q9Y6X9.pt,True,Q9Y6X9.pt,112,True
Q9Y6Y0,True,Q9Y6Y0.pt,True,Q9Y6Y0.pt,True,Q9Y6Y0.pt,112,True
Q9Y6Y8,True,Q9Y6Y8.pt,True,Q9Y6Y8.pt,True,Q9Y6Y8.pt,112,True
