protein,pdb_path,reason,valid
A0A024QZX5,,missing_pdb,False
A0A024R0Y4,,missing_pdb,False
A0A024R1V6,,missing_pdb,False
A0A024R3B9,,missing_pdb,False
A0A024R4E5,,missing_pdb,False
A0A024R4M0,,missing_pdb,False
A0A024R4N9,,missing_pdb,False
A0A024R4Q5,,missing_pdb,False
A0A024R7W5,,missing_pdb,False
A0A024RCL3,,missing_pdb,False
A0A075B6F9,,missing_pdb,False
A0A075B6H3,,missing_pdb,False
A0A075B6Q3,,missing_pdb,False
A0A075B6T1,,missing_pdb,False
A0A075B6T4,,missing_pdb,False
A0A075B6X2,,missing_pdb,False
A0A075B716,,missing_pdb,False
A0A075B762,,missing_pdb,False
A0A075B769,,missing_pdb,False
A0A075B784,,missing_pdb,False
A0A075B7B1,,missing_pdb,False
A0A087WSV2,,missing_pdb,False
A0A087WSX5,,missing_pdb,False
A0A087WT20,,missing_pdb,False
A0A087WT30,,missing_pdb,False
A0A087WT90,,missing_pdb,False
A0A087WTF0,,missing_pdb,False
A0A087WTJ8,,missing_pdb,False
A0A087WTJ9,,missing_pdb,False
A0A087WTP3,,missing_pdb,False
A0A087WU78,,missing_pdb,False
A0A087WUB9,,missing_pdb,False
A0A087WUD7,,missing_pdb,False
A0A087WUP6,,missing_pdb,False
A0A087WUT6,,missing_pdb,False
A0A087WUV0,,missing_pdb,False
A0A087WUZ3,,missing_pdb,False
A0A087WV69,,missing_pdb,False
A0A087WVD9,,missing_pdb,False
A0A087WVF4,,missing_pdb,False
A0A087WVF7,,missing_pdb,False
A0A087WVK1,,missing_pdb,False
A0A087WVP1,,missing_pdb,False
A0A087WVP2,,missing_pdb,False
A0A087WVS2,,missing_pdb,False
A0A087WVW7,,missing_pdb,False
A0A087WW66,,missing_pdb,False
A0A087WW78,,missing_pdb,False
A0A087WW90,,missing_pdb,False
A0A087WW91,,missing_pdb,False
A0A087WW97,,missing_pdb,False
A0A087WWE7,,missing_pdb,False
A0A087WWZ6,,missing_pdb,False
A0A087WX34,,missing_pdb,False
A0A087WX60,,missing_pdb,False
A0A087WX95,,missing_pdb,False
A0A087WXF6,,missing_pdb,False
A0A087WXK8,,missing_pdb,False
A0A087WXL3,,missing_pdb,False
A0A087WXM8,,missing_pdb,False
A0A087WXU9,,missing_pdb,False
A0A087WXZ7,,missing_pdb,False
A0A087WYF6,,missing_pdb,False
A0A087WYM2,,missing_pdb,False
A0A087WYS1,,missing_pdb,False
A0A087WYW7,,missing_pdb,False
A0A087WYY3,,missing_pdb,False
A0A087WZ13,,missing_pdb,False
A0A087WZ85,,missing_pdb,False
A0A087WZE6,,missing_pdb,False
A0A087WZE9,,missing_pdb,False
A0A087WZG9,,missing_pdb,False
A0A087WZT9,,missing_pdb,False
A0A087WZZ3,,missing_pdb,False
A0A087X020,,missing_pdb,False
A0A087X054,,missing_pdb,False
A0A087X070,,missing_pdb,False
A0A087X096,,missing_pdb,False
A0A087X0E3,,missing_pdb,False
A0A087X0N3,,missing_pdb,False
A0A087X0Q9,,missing_pdb,False
A0A087X0R6,,missing_pdb,False
A0A087X0S7,,missing_pdb,False
A0A087X0X8,,missing_pdb,False
A0A087X135,,missing_pdb,False
A0A087X169,,missing_pdb,False
A0A087X1B7,,missing_pdb,False
A0A087X1J2,,missing_pdb,False
A0A087X1M6,,missing_pdb,False
A0A087X1N7,,missing_pdb,False
A0A087X1P5,,missing_pdb,False
A0A087X1R4,,missing_pdb,False
A0A087X1Z0,,missing_pdb,False
A0A087X298,,missing_pdb,False
A0A087X2B2,,missing_pdb,False
A0A096LNL9,,missing_pdb,False
A0A096LNM2,,missing_pdb,False
A0A096LNR9,,missing_pdb,False
A0A096LNX6,,missing_pdb,False
A0A096LP39,,missing_pdb,False
A0A0A0MQR2,,missing_pdb,False
A0A0A0MQT0,,missing_pdb,False
A0A0A0MQT7,,missing_pdb,False
A0A0A0MR21,,missing_pdb,False
A0A0A0MR87,,missing_pdb,False
A0A0A0MRB1,,missing_pdb,False
A0A0A0MRI2,,missing_pdb,False
A0A0A0MRM8,,missing_pdb,False
A0A0A0MRM9,,missing_pdb,False
A0A0A0MRN1,,missing_pdb,False
A0A0A0MRP6,,missing_pdb,False
A0A0A0MRX4,,missing_pdb,False
A0A0A0MRY8,,missing_pdb,False
A0A0A0MS48,,missing_pdb,False
A0A0A0MS51,,missing_pdb,False
A0A0A0MSA3,,missing_pdb,False
A0A0A0MSA9,,missing_pdb,False
A0A0A0MSB8,,missing_pdb,False
A0A0A0MSK5,,missing_pdb,False
A0A0A0MSV2,,missing_pdb,False
A0A0A0MSW4,,missing_pdb,False
A0A0A0MSY6,,missing_pdb,False
A0A0A0MSZ9,,missing_pdb,False
A0A0A0MT16,,missing_pdb,False
A0A0A0MT33,,missing_pdb,False
A0A0A0MTE0,,missing_pdb,False
A0A0A0MTH3,,missing_pdb,False
A0A0A0MTL5,,missing_pdb,False
A0A0A0MTM4,,missing_pdb,False
A0A0A0MTS7,,missing_pdb,False
A0A0A6YY92,,missing_pdb,False
A0A0A6YYA0,,missing_pdb,False
A0A0A6YYF7,,missing_pdb,False
A0A0A6YYI3,,missing_pdb,False
A0A0A6YYJ0,,missing_pdb,False
A0A0A6YYL4,,missing_pdb,False
A0A0B4J1R4,,missing_pdb,False
A0A0B4J1S8,,missing_pdb,False
A0A0B4J1V9,,missing_pdb,False
A0A0B4J1W3,,missing_pdb,False
A0A0B4J1Y0,,missing_pdb,False
A0A0B4J1Y7,,missing_pdb,False
A0A0B4J1Z1,,missing_pdb,False
A0A0B4J1Z8,,missing_pdb,False
A0A0B4J254,,missing_pdb,False
A0A0B4J2E5,,missing_pdb,False
A0A0C4DFL7,,missing_pdb,False
A0A0C4DFM1,,missing_pdb,False
A0A0C4DFP4,,missing_pdb,False
A0A0C4DFQ2,,missing_pdb,False
A0A0C4DFU3,,missing_pdb,False
A0A0C4DFW2,,missing_pdb,False
A0A0C4DFW7,,missing_pdb,False
A0A0C4DFX9,,missing_pdb,False
A0A0C4DG89,,missing_pdb,False
A0A0C4DGB0,,missing_pdb,False
A0A0C4DGB5,,missing_pdb,False
A0A0C4DGQ9,,missing_pdb,False
A0A0C4DGS1,,missing_pdb,False
A0A0C4DGU1,,missing_pdb,False
A0A0C4DGV9,,missing_pdb,False
A0A0C4DGW6,,missing_pdb,False
A0A0C4DGY0,,missing_pdb,False
A0A0C4DGZ1,,missing_pdb,False
A0A0C4DGZ6,,missing_pdb,False
A0A0C4DH65,,missing_pdb,False
A0A0D9SEJ8,,missing_pdb,False
A0A0D9SET0,,missing_pdb,False
A0A0D9SF54,,missing_pdb,False
A0A0D9SF94,,missing_pdb,False
A0A0D9SFC3,,missing_pdb,False
A0A0D9SFK7,,missing_pdb,False
A0A0D9SG77,,missing_pdb,False
A0A0D9SG79,,missing_pdb,False
A0A0G2JH30,,missing_pdb,False
A0A0G2JH38,,missing_pdb,False
A0A0G2JH67,,missing_pdb,False
A0A0G2JHC2,,missing_pdb,False
A0A0G2JK37,,missing_pdb,False
A0A0G2JM70,,missing_pdb,False
A0A0G2JN29,,missing_pdb,False
A0A0G2JNR6,,missing_pdb,False
A0A0G2JNT7,,missing_pdb,False
A0A0G2JNU3,,missing_pdb,False
A0A0G2JNZ5,,missing_pdb,False
A0A0G2JPR0,,missing_pdb,False
A0A0G2JPT5,,missing_pdb,False
A0A0G2JQ37,,missing_pdb,False
A0A0G2JQE3,,missing_pdb,False
A0A0G2JQF2,,missing_pdb,False
A0A0G2JQN5,,missing_pdb,False
A0A0G2JS52,,missing_pdb,False
A0A0J9YX34,,missing_pdb,False
A0A0J9YY76,,missing_pdb,False
A0A0R4J2F0,,missing_pdb,False
A0A0U1RQR1,,missing_pdb,False
A0A0U1RQS5,,missing_pdb,False
A0A0U1RQV4,,missing_pdb,False
A0A0U1RRH6,,missing_pdb,False
A0A0U1RRL8,,missing_pdb,False
A0A0X1KG68,,missing_pdb,False
A0A0X1KG69,,missing_pdb,False
A0A140T9L0,,missing_pdb,False
A0A140T9R1,,missing_pdb,False
A0A140TA01,,missing_pdb,False
A0A140TA34,,missing_pdb,False
A0A140TA73,,missing_pdb,False
A0A1B0GUL3,,missing_pdb,False
A0A5E8,,missing_pdb,False
A0AUZ9,,missing_pdb,False
A0AV96,,missing_pdb,False
A0AVF1-3,,missing_pdb,False
A0AVG3,,missing_pdb,False
A0FGR9,,missing_pdb,False
A0MZ66-2,,missing_pdb,False
A0PJZ0,,missing_pdb,False
A1BQX2,,missing_pdb,False
A1L020,,missing_pdb,False
A1XBS5-2,,missing_pdb,False
A2A2V4,,missing_pdb,False
A2A393,,missing_pdb,False
A2A3D9,,missing_pdb,False
A2A3N6,/data/ranran/my_ptm/croton/data/structure_pipeline/pdb/A2A3N6.pdb,exact_sequence_match,True
A2AEA2,,missing_pdb,False
A2AEX7,,missing_pdb,False
A2AJT9,/data/ranran/my_ptm/croton/data/structure_pipeline/pdb/A2AJT9.pdb,exact_sequence_match,True
A2RRP1,/data/ranran/my_ptm/croton/data/structure_pipeline/pdb/A2RRP1.pdb,exact_sequence_match,True
A2RTX5,/data/ranran/my_ptm/croton/data/structure_pipeline/pdb/A2RTX5.pdb,exact_sequence_match,True
A2RU30,,missing_pdb,False
A2RU54,,missing_pdb,False
A2VCS9,,missing_pdb,False
A3KMH1-3,,missing_pdb,False
A3KN83,/data/ranran/my_ptm/croton/data/structure_pipeline/pdb/A3KN83.pdb,exact_sequence_match,True
A4D161-2,,missing_pdb,False
A4D1E9,/data/ranran/my_ptm/croton/data/structure_pipeline/pdb/A4D1E9.pdb,exact_sequence_match,True
A4D1U4,,missing_pdb,False
A4FU01-2,,missing_pdb,False
A4UGR9,,missing_pdb,False
A4UGR9-4,,missing_pdb,False
A5A3E0,,missing_pdb,False
A5D8W1,,missing_pdb,False
A5JUZ3,,missing_pdb,False
A5PKW4-2,,missing_pdb,False
A5PLN9,/data/ranran/my_ptm/croton/data/structure_pipeline/pdb/A5PLN9.pdb,exact_sequence_match,True
A5YKK6,/data/ranran/my_ptm/croton/data/structure_pipeline/pdb/A5YKK6.pdb,exact_sequence_match,True
A6H8Z2,,missing_pdb,False
A6NC78,,missing_pdb,False
A6NCI8,,missing_pdb,False
A6ND36,/data/ranran/my_ptm/croton/data/structure_pipeline/pdb/A6ND36.pdb,exact_sequence_match,True
A6NDF3,,missing_pdb,False
A6NDG6,/data/ranran/my_ptm/croton/data/structure_pipeline/pdb/A6NDG6.pdb,exact_sequence_match,True
A6NE01,,missing_pdb,False
A6NEC2,,missing_pdb,False
A6NED2,,missing_pdb,False
A6NEL3,,missing_pdb,False
A6NF36,,missing_pdb,False
A6NFF2,,missing_pdb,False
A6NFI3,,missing_pdb,False
A6NFX8,,missing_pdb,False
A6NGG8,,missing_pdb,False
A6NGH7,,missing_pdb,False
A6NGQ3,,missing_pdb,False
A6NGY7,,missing_pdb,False
A6NHB5,,missing_pdb,False
A6NHQ2,,missing_pdb,False
A6NHR9,,missing_pdb,False
A6NHT5,,missing_pdb,False
A6NIH7,,missing_pdb,False
A6NJ78,,missing_pdb,False
A6NJ78-4,,missing_pdb,False
A6NKD9,/data/ranran/my_ptm/croton/data/structure_pipeline/pdb/A6NKD9.pdb,exact_sequence_match,True
A6NKF1,,missing_pdb,False
A6NKG5,,missing_pdb,False
A6NLC5,,missing_pdb,False
A6NM11,,missing_pdb,False
A6NM62,/data/ranran/my_ptm/croton/data/structure_pipeline/pdb/A6NM62.pdb,exact_sequence_match,True
A6NMQ1,,missing_pdb,False
A6NMQ3,,missing_pdb,False
A6NMU3,,missing_pdb,False
A6NMZ7,,missing_pdb,False
A6NNH2,,missing_pdb,False
A6PVK7,,missing_pdb,False
A6PVP4,,missing_pdb,False
A6PVS8,,missing_pdb,False
A6PWC8,,missing_pdb,False
A6ZKI3,,missing_pdb,False
A7E2S9,,missing_pdb,False
A7MCY6,,missing_pdb,False
A7XYQ1,,missing_pdb,False
A8K0R7-5,,missing_pdb,False
A8K7Q2,,missing_pdb,False
A8K855-2,,missing_pdb,False
A8K878,,missing_pdb,False
A8K8V0,,missing_pdb,False
A8K979,,missing_pdb,False
A8KAH6,,missing_pdb,False
A8MPS7-3,,missing_pdb,False
A8MQB3,,missing_pdb,False
A8MST6,,missing_pdb,False
A8MU27,,missing_pdb,False
A8MV65,,missing_pdb,False
A8MW92,,missing_pdb,False
A8MXB7,,missing_pdb,False
A8MXP9,,missing_pdb,False
A8MXV4,,missing_pdb,False
A8MYR7,,missing_pdb,False
A8MYV2,,missing_pdb,False
A8MZA4,,missing_pdb,False
A9UHW6,/data/ranran/my_ptm/croton/data/structure_pipeline/pdb/A9UHW6.pdb,exact_sequence_match,True
A9YTQ3-2,,missing_pdb,False
A9Z1X7,,missing_pdb,False
B0QXZ8,,missing_pdb,False
B0QY21,,missing_pdb,False
B0QY29,,missing_pdb,False
B0QY89,,missing_pdb,False
B0QY95,,missing_pdb,False
B0QYN7,,missing_pdb,False
B0QYQ2,,missing_pdb,False
B0YIW6,,missing_pdb,False
B1AHH2,,missing_pdb,False
B1AK44,,missing_pdb,False
B1AKB9,,missing_pdb,False
B1AKR6,,missing_pdb,False
B1AKT2,,missing_pdb,False
B1ALC2,,missing_pdb,False
B1ALH6,,missing_pdb,False
B1ALK7,,missing_pdb,False
B1AMB2,,missing_pdb,False
B1ANN8,,missing_pdb,False
B1ANS9,,missing_pdb,False
B1APM4,,missing_pdb,False
B1APP6,,missing_pdb,False
B1AQN8,,missing_pdb,False
B2RBV5,,missing_pdb,False
B2RD01,,missing_pdb,False
B2RNG4,,missing_pdb,False
B2RTY4,,missing_pdb,False
B2RXF5,,missing_pdb,False
B3KPJ4,,missing_pdb,False
B3KS98,,missing_pdb,False
B3KTU7,,missing_pdb,False
B3TIK8,,missing_pdb,False
B4DE93,,missing_pdb,False
B4DED4,,missing_pdb,False
B4DFW2,,missing_pdb,False
B4DHS6,,missing_pdb,False
B4DI03,,missing_pdb,False
B4DIH5,,missing_pdb,False
B4DKY1,,missing_pdb,False
B4DL54,,missing_pdb,False
B4DLN1,,missing_pdb,False
B4DPY1,,missing_pdb,False
B4DRX9,,missing_pdb,False
B4DSF6,,missing_pdb,False
B4DTY2,,missing_pdb,False
B4DUC8,,missing_pdb,False
B4DZ31,,missing_pdb,False
B4DZ74,,missing_pdb,False
B4DZ84,,missing_pdb,False
B4E0Y9,,missing_pdb,False
B4E1E4,,missing_pdb,False
B4E1Q4,,missing_pdb,False
B4E3S0,,missing_pdb,False
B4E3T4,,missing_pdb,False
B5LMG6,,missing_pdb,False
B5MBX0,,missing_pdb,False
B5MC51,,missing_pdb,False
B5MCU6,,missing_pdb,False
B5MDF5,,missing_pdb,False
B5MDW0,,missing_pdb,False
B7WNT5,,missing_pdb,False
B7Z1I9,,missing_pdb,False
B7Z2K3,,missing_pdb,False
B7Z3H4,,missing_pdb,False
B7Z4W5,,missing_pdb,False
B7Z6K7,,missing_pdb,False
B7Z7V6,,missing_pdb,False
B7Z836,,missing_pdb,False
B7Z879,,missing_pdb,False
B7Z9I1,,missing_pdb,False
B7Z9U0,,missing_pdb,False
B7ZAQ6-3,,missing_pdb,False
B7ZAX5,,missing_pdb,False
B7ZC38,,missing_pdb,False
B7ZLI8,,missing_pdb,False
B8QGS9,,missing_pdb,False
B8YG18,,missing_pdb,False
B8ZZ43,,missing_pdb,False
B8ZZN6,,missing_pdb,False
B8ZZV3,,missing_pdb,False
B8ZZW5,,missing_pdb,False
B8ZZX6,,missing_pdb,False
B8ZZY2,,missing_pdb,False
B9EGE7,,missing_pdb,False
C9IYB5,,missing_pdb,False
C9IZX9,,missing_pdb,False
C9J011,,missing_pdb,False
C9J031,,missing_pdb,False
C9J092,,missing_pdb,False
C9J0A2,,missing_pdb,False
C9J0A7,,missing_pdb,False
C9J256,,missing_pdb,False
C9J2G0,,missing_pdb,False
C9J2P0,,missing_pdb,False
C9J2U0,,missing_pdb,False
C9J2Z7,,missing_pdb,False
C9J3R8,,missing_pdb,False
C9J4D3,,missing_pdb,False
C9J4H0,,missing_pdb,False
C9J4J4,,missing_pdb,False
C9J4X2,,missing_pdb,False
C9J712,,missing_pdb,False
C9J8V9,,missing_pdb,False
C9J8Y3,,missing_pdb,False
C9J9F8,,missing_pdb,False
C9JA90,,missing_pdb,False
C9JAF7,,missing_pdb,False
C9JAJ9,,missing_pdb,False
C9JAW5,,missing_pdb,False
C9JCJ0,,missing_pdb,False
C9JDI8,,missing_pdb,False
C9JE82,,missing_pdb,False
C9JEJ2,,missing_pdb,False
C9JEQ8,,missing_pdb,False
C9JFE4,,missing_pdb,False
C9JFR5,,missing_pdb,False
C9JG41,,missing_pdb,False
C9JG63,,missing_pdb,False
C9JGC1,,missing_pdb,False
C9JGM7,,missing_pdb,False
C9JHZ6,,missing_pdb,False
C9JIF9,,missing_pdb,False
C9JIW6,,missing_pdb,False
C9JIZ6,,missing_pdb,False
C9JJ19,,missing_pdb,False
C9JJV1,,missing_pdb,False
C9JJV4,,missing_pdb,False
C9JK69,,missing_pdb,False
C9JK83,,missing_pdb,False
C9JKR3,,missing_pdb,False
C9JLR9,,missing_pdb,False
C9JMQ2,,missing_pdb,False
C9JNK6,,missing_pdb,False
C9JNW8,,missing_pdb,False
C9JQV0,,missing_pdb,False
C9JQZ3,,missing_pdb,False
C9JRP1,,missing_pdb,False
C9JRZ6,,missing_pdb,False
C9JSJ3,,missing_pdb,False
C9JSU1,,missing_pdb,False
C9JU48,,missing_pdb,False
C9JUJ0,,missing_pdb,False
C9JUX3,,missing_pdb,False
C9JV47,,missing_pdb,False
C9JWY0,,missing_pdb,False
C9JXX4,,missing_pdb,False
C9JYJ6,,missing_pdb,False
C9JYQ9,,missing_pdb,False
C9K0I0,,missing_pdb,False
C9K0R9,,missing_pdb,False
D2IYK5,,missing_pdb,False
D3DQV9,,missing_pdb,False
D3DQZ6,,missing_pdb,False
D3DRX8,,missing_pdb,False
D3YTG3,,missing_pdb,False
D4PHA4,,missing_pdb,False
D6R921,,missing_pdb,False
D6R927,,missing_pdb,False
D6R9A6,,missing_pdb,False
D6R9L0,,missing_pdb,False
D6R9N1,,missing_pdb,False
D6R9P3,,missing_pdb,False
D6R9R5,,missing_pdb,False
D6RA70,,missing_pdb,False
D6RA71,,missing_pdb,False
D6RA82,,missing_pdb,False
D6RAE5,,missing_pdb,False
D6RAJ6,,missing_pdb,False
D6RAL7,,missing_pdb,False
D6RAR3,,missing_pdb,False
D6RAS1,,missing_pdb,False
D6RAW2,,missing_pdb,False
D6RBC8,,missing_pdb,False
D6RBR8,,missing_pdb,False
D6RBW1,,missing_pdb,False
D6RC15,,missing_pdb,False
D6RC59,,missing_pdb,False
D6RCE7,,missing_pdb,False
D6RCP8,,missing_pdb,False
D6RCQ4,,missing_pdb,False
D6RCT8,,missing_pdb,False
D6RD28,,missing_pdb,False
D6RD63,,missing_pdb,False
D6RD64,,missing_pdb,False
D6RDM7,,missing_pdb,False
D6RDX7,,missing_pdb,False
D6REA1,,missing_pdb,False
D6REB8,,missing_pdb,False
D6REW1,,missing_pdb,False
D6RF03,,missing_pdb,False
D6RF48,,missing_pdb,False
D6RF73,,missing_pdb,False
D6RF85,,missing_pdb,False
D6RG09,,missing_pdb,False
D6RG15,,missing_pdb,False
D6RGG3,,missing_pdb,False
D6RHC4,,missing_pdb,False
D6RHD3,,missing_pdb,False
D6RHD5,,missing_pdb,False
D6RHI0,,missing_pdb,False
D6RHU3,,missing_pdb,False
D6RIE3,,missing_pdb,False
D6RIF6,,missing_pdb,False
D6RIS3,,missing_pdb,False
D6RIT2,,missing_pdb,False
D6RJ01,,missing_pdb,False
D6RJA0,,missing_pdb,False
D6RJG9,,missing_pdb,False
D6W5Y5,,missing_pdb,False
E1JHK3,,missing_pdb,False
E2QRF9,,missing_pdb,False
E5RFH3,,missing_pdb,False
E5RFH9,,missing_pdb,False
E5RFJ1,,missing_pdb,False
E5RFN5,,missing_pdb,False
E5RFV7,,missing_pdb,False
E5RG02,,missing_pdb,False
E5RG12,,missing_pdb,False
E5RG13,,missing_pdb,False
E5RG17,,missing_pdb,False
E5RG67,,missing_pdb,False
E5RGY1,,missing_pdb,False
E5RH50,,missing_pdb,False
E5RHF6,,missing_pdb,False
E5RHG8,,missing_pdb,False
E5RHL8,,missing_pdb,False
E5RHW0,,missing_pdb,False
E5RI56,,missing_pdb,False
E5RIS2,,missing_pdb,False
E5RIS3,,missing_pdb,False
E5RIT4,,missing_pdb,False
E5RIX8,,missing_pdb,False
E5RIY4,,missing_pdb,False
E5RJ49,,missing_pdb,False
E5RJ98,,missing_pdb,False
E5RJG9,,missing_pdb,False
E5RJI7,,missing_pdb,False
E5RJR1,,missing_pdb,False
E5RJR5,,missing_pdb,False
E7EMM4,,missing_pdb,False
E7EMN2,,missing_pdb,False
E7EMN6,,missing_pdb,False
E7EP22,,missing_pdb,False
E7EP87,,missing_pdb,False
E7EPJ1,,missing_pdb,False
E7EQ45,,missing_pdb,False
E7EQ72,,missing_pdb,False
E7EQS8,,missing_pdb,False
E7EQZ4,,missing_pdb,False
E7ER26,,missing_pdb,False
E7ER68,,missing_pdb,False
E7ERS3,,missing_pdb,False
E7ERS5,,missing_pdb,False
E7ESA3,,missing_pdb,False
E7ESC7,,missing_pdb,False
E7ESJ3,,missing_pdb,False
E7ET34,,missing_pdb,False
E7EUR8,,missing_pdb,False
E7EUS2,,missing_pdb,False
E7EUS7,,missing_pdb,False
E7EV43,,missing_pdb,False
E7EVA0,,missing_pdb,False
E7EVQ6,,missing_pdb,False
E7EWD3,,missing_pdb,False
E7EWF4,,missing_pdb,False
E7EWH9,,missing_pdb,False
E7EWN3,,missing_pdb,False
E7EWV3,,missing_pdb,False
E7EX17,,missing_pdb,False
E7EX44,,missing_pdb,False
E7EXA6,,missing_pdb,False
E9PAM4,,missing_pdb,False
E9PAR2,,missing_pdb,False
E9PAV3,/data/ranran/my_ptm/croton/data/structure_pipeline/pdb/E9PAV3.pdb,exact_sequence_match,True
E9PB61,,missing_pdb,False
E9PC49,,missing_pdb,False
E9PD25,,missing_pdb,False
E9PD37,,missing_pdb,False
E9PD55,,missing_pdb,False
E9PDC2,,missing_pdb,False
E9PDH4,,missing_pdb,False
E9PDK2,,missing_pdb,False
E9PEK8,,missing_pdb,False
E9PF18,,missing_pdb,False
E9PFK9,,missing_pdb,False
E9PFU5,,missing_pdb,False
E9PG39,,missing_pdb,False
E9PGA7,,missing_pdb,False
E9PGB3,,missing_pdb,False
E9PGC8,,missing_pdb,False
E9PGM4,,missing_pdb,False
E9PGW7,,missing_pdb,False
E9PHI4,,missing_pdb,False
E9PI76,,missing_pdb,False
E9PI87,,missing_pdb,False
E9PIB2,,missing_pdb,False
E9PIP8,,missing_pdb,False
E9PJ35,,missing_pdb,False
E9PJC3,,missing_pdb,False
E9PJK8,,missing_pdb,False
E9PJW1,,missing_pdb,False
E9PK07,,missing_pdb,False
E9PK25,,missing_pdb,False
E9PK89,,missing_pdb,False
E9PKB1,,missing_pdb,False
E9PKS4,,missing_pdb,False
E9PLN1,,missing_pdb,False
E9PLU0,,missing_pdb,False
E9PLY4,,missing_pdb,False
E9PM57,,missing_pdb,False
E9PMA0,,missing_pdb,False
E9PMB9,,missing_pdb,False
E9PMI6,,missing_pdb,False
E9PMP7,,missing_pdb,False
E9PMU6,,missing_pdb,False
E9PMY3,,missing_pdb,False
E9PMZ8,,missing_pdb,False
E9PN76,,missing_pdb,False
E9PN81,,missing_pdb,False
E9PN89,,missing_pdb,False
E9PNJ4,,missing_pdb,False
E9PNW8,,missing_pdb,False
E9PP67,,missing_pdb,False
E9PP91,,missing_pdb,False
E9PPG5,,missing_pdb,False
E9PPH4,,missing_pdb,False
E9PPH6,,missing_pdb,False
E9PPM8,,missing_pdb,False
E9PPP7,,missing_pdb,False
E9PQ01,,missing_pdb,False
E9PQ82,,missing_pdb,False
E9PQ98,,missing_pdb,False
E9PQA6,,missing_pdb,False
E9PQB6,,missing_pdb,False
E9PQE6,,missing_pdb,False
E9PQP6,,missing_pdb,False
E9PQR7,,missing_pdb,False
E9PR23,,missing_pdb,False
E9PRD4,,missing_pdb,False
E9PRH0,,missing_pdb,False
E9PRK2,,missing_pdb,False
E9PRS5,,missing_pdb,False
E9PRU1,,missing_pdb,False
E9PRY8,,missing_pdb,False
E9PS42,,missing_pdb,False
F2Z2J7,,missing_pdb,False
F2Z2K0,,missing_pdb,False
F2Z2K5,,missing_pdb,False
F2Z2W7,,missing_pdb,False
F2Z2Y1,,missing_pdb,False
F2Z2Y3,,missing_pdb,False
F2Z2Z2,,missing_pdb,False
F2Z3A9,,missing_pdb,False
F2Z3E0,,missing_pdb,False
F4K402,,missing_pdb,False
F5GWP8,,missing_pdb,False
F5GX28,,missing_pdb,False
F5GXA0,,missing_pdb,False
F5GXF0,,missing_pdb,False
F5GXT2,,missing_pdb,False
F5GXW5,,missing_pdb,False
F5GY05,,missing_pdb,False
F5GY90,,missing_pdb,False
F5GYE8,,missing_pdb,False
F5GYP1,,missing_pdb,False
F5GYQ1,,missing_pdb,False
F5GYT8,,missing_pdb,False
F5GYV5,,missing_pdb,False
F5GZ78,,missing_pdb,False
F5GZH9,,missing_pdb,False
F5GZP6,,missing_pdb,False
F5H001,,missing_pdb,False
F5H024,,missing_pdb,False
F5H0R1,,missing_pdb,False
F5H0U2,,missing_pdb,False
F5H134,,missing_pdb,False
F5H148,,missing_pdb,False
F5H1M8,,missing_pdb,False
F5H1N0,,missing_pdb,False
F5H211,,missing_pdb,False
F5H228,,missing_pdb,False
F5H2D0,,missing_pdb,False
F5H3R5,,missing_pdb,False
F5H423,,missing_pdb,False
F5H442,,missing_pdb,False
F5H5D3,,missing_pdb,False
F5H5R8,,missing_pdb,False
F5H5U2,,missing_pdb,False
F5H631,,missing_pdb,False
F5H6J2,,missing_pdb,False
F5H6T0,,missing_pdb,False
F5H7Q8,,missing_pdb,False
F5H7V1,,missing_pdb,False
F5H7V9,,missing_pdb,False
F5H825,,missing_pdb,False
F5H872,,missing_pdb,False
F5H8F7,,missing_pdb,False
F6R0L0,,missing_pdb,False
F6SYF8,,missing_pdb,False
F6T1Q0,,missing_pdb,False
F6TDL0,,missing_pdb,False
F6U211,,missing_pdb,False
F6U3F6,,missing_pdb,False
F6UYG0,,missing_pdb,False
F6VDH7,,missing_pdb,False
F6XEV2,,missing_pdb,False
F8VP02,,missing_pdb,False
F8VQE1,,missing_pdb,False
F8VR50,,missing_pdb,False
F8VS98,,missing_pdb,False
F8VTS6,,missing_pdb,False
F8VU56,,missing_pdb,False
F8VVA7,,missing_pdb,False
F8VVB6,,missing_pdb,False
F8VVI9,,missing_pdb,False
F8VWW7,,missing_pdb,False
F8VWZ8,,missing_pdb,False
F8VX93,,missing_pdb,False
F8VXB0,,missing_pdb,False
F8VXC8,,missing_pdb,False
F8VXF0,,missing_pdb,False
F8VXJ7,,missing_pdb,False
F8VXU5,,missing_pdb,False
F8VYK4,,missing_pdb,False
F8VYL0,,missing_pdb,False
F8VZ29,,missing_pdb,False
F8VZ70,,missing_pdb,False
F8VZQ9,,missing_pdb,False
F8W0J4,,missing_pdb,False
F8W0M9,,missing_pdb,False
F8W1G2,,missing_pdb,False
F8W1U7,,missing_pdb,False
F8W1Z2,,missing_pdb,False
F8W1Z9,,missing_pdb,False
F8W6N5,,missing_pdb,False
F8W717,,missing_pdb,False
F8W726,,missing_pdb,False
F8W727,,missing_pdb,False
F8W7C6,,missing_pdb,False
F8W7L6,,missing_pdb,False
F8W7T1,,missing_pdb,False
F8W883,,missing_pdb,False
F8W8J5,,missing_pdb,False
F8W8Z9,,missing_pdb,False
F8W930,,missing_pdb,False
F8W9A4,,missing_pdb,False
F8WAU0,,missing_pdb,False
F8WC33,,missing_pdb,False
F8WC54,,missing_pdb,False
F8WC68,,missing_pdb,False
F8WCB5,,missing_pdb,False
F8WDM8,,missing_pdb,False
F8WEB7,,missing_pdb,False
F8WEJ3,,missing_pdb,False
F8WEQ7,,missing_pdb,False
F8WEW3,,missing_pdb,False
F8WF67,,missing_pdb,False
G3V0E5,,missing_pdb,False
G3V0F5,,missing_pdb,False
G3V0I5,,missing_pdb,False
G3V106,,missing_pdb,False
G3V170,,missing_pdb,False
G3V198,,missing_pdb,False
G3V1D3,,missing_pdb,False
G3V1E0,,missing_pdb,False
G3V1P5,,missing_pdb,False
G3V1Y1,,missing_pdb,False
G3V1Y7,,missing_pdb,False
G3V217,,missing_pdb,False
G3V292,,missing_pdb,False
G3V2A2,,missing_pdb,False
G3V2G2,,missing_pdb,False
G3V2G3,,missing_pdb,False
G3V2H7,,missing_pdb,False
G3V2J9,,missing_pdb,False
G3V2N2,,missing_pdb,False
G3V325,,missing_pdb,False
G3V3Y1,,missing_pdb,False
G3V435,,missing_pdb,False
G3V445,,missing_pdb,False
G3V461,,missing_pdb,False
G3V483,,missing_pdb,False
G3V493,,missing_pdb,False
G3V4A5,,missing_pdb,False
G3V4E1,,missing_pdb,False
G3V4K3,,missing_pdb,False
G3V4P9,,missing_pdb,False
G3V4W4,,missing_pdb,False
G3V4X3,,missing_pdb,False
G3V4Y7,,missing_pdb,False
G3V511,,missing_pdb,False
G3V533,,missing_pdb,False
G3V583,,missing_pdb,False
G3V5B3,,missing_pdb,False
G3V5D1,,missing_pdb,False
G3V5E0,,missing_pdb,False
G3V5S9,,missing_pdb,False
G3V5V3,,missing_pdb,False
G3XA98,,missing_pdb,False
G3XAE9,,missing_pdb,False
G3XAI2,,missing_pdb,False
G3XAM2,,missing_pdb,False
G5E968,,missing_pdb,False
G5E977,,missing_pdb,False
G5E9C7,,missing_pdb,False
G5E9D4,,missing_pdb,False
G5E9H5,,missing_pdb,False
G5E9P3,,missing_pdb,False
G5E9W1,,missing_pdb,False
G5E9W7,,missing_pdb,False
G5EA30,,missing_pdb,False
G5EA36,,missing_pdb,False
G5EA50,,missing_pdb,False
G5EA54,,missing_pdb,False
G8JLB6,,missing_pdb,False
G8JLP4,,missing_pdb,False
H0UI80,,missing_pdb,False
H0Y2P5,,missing_pdb,False
H0Y2S2,,missing_pdb,False
H0Y2T8,,missing_pdb,False
H0Y2V6,,missing_pdb,False
H0Y2X5,,missing_pdb,False
H0Y307,,missing_pdb,False
H0Y351,,missing_pdb,False
H0Y3Q9,,missing_pdb,False
H0Y3S5,,missing_pdb,False
H0Y3S8,,missing_pdb,False
H0Y3Y7,,missing_pdb,False
H0Y459,,missing_pdb,False
H0Y4C5,,missing_pdb,False
H0Y517,,missing_pdb,False
H0Y5F6,,missing_pdb,False
H0Y612,,missing_pdb,False
H0Y630,,missing_pdb,False
H0Y689,,missing_pdb,False
H0Y6A0,,missing_pdb,False
H0Y6I0,,missing_pdb,False
H0Y6K7,,missing_pdb,False
H0Y7B8,,missing_pdb,False
H0Y7H7,,missing_pdb,False
H0Y8A2,,missing_pdb,False
H0Y8E4,,missing_pdb,False
H0Y911,,missing_pdb,False
H0Y919,,missing_pdb,False
H0Y929,,missing_pdb,False
H0Y9G6,,missing_pdb,False
H0Y9I8,,missing_pdb,False
H0Y9M2,,missing_pdb,False
H0Y9N4,,missing_pdb,False
H0Y9T5,,missing_pdb,False
H0Y9W0,,missing_pdb,False
H0Y9X1,,missing_pdb,False
H0Y9Y3,,missing_pdb,False
H0Y9Z4,,missing_pdb,False
H0YA83,,missing_pdb,False
H0YA91,,missing_pdb,False
H0YAB3,,missing_pdb,False
H0YAJ1,,missing_pdb,False
H0YAN5,,missing_pdb,False
H0YAN8,,missing_pdb,False
H0YB03,,missing_pdb,False
H0YB18,,missing_pdb,False
H0YB27,,missing_pdb,False
H0YBA3,,missing_pdb,False
H0YBE7,,missing_pdb,False
H0YBF4,,missing_pdb,False
H0YBF7,,missing_pdb,False
H0YBG6,,missing_pdb,False
H0YBX7,,missing_pdb,False
H0YC03,,missing_pdb,False
H0YC04,,missing_pdb,False
H0YC72,,missing_pdb,False
H0YCD2,,missing_pdb,False
H0YCE2,,missing_pdb,False
H0YCE4,,missing_pdb,False
H0YCY8,,missing_pdb,False
H0YD40,,missing_pdb,False
H0YD68,,missing_pdb,False
H0YDI6,,missing_pdb,False
H0YDP6,,missing_pdb,False
H0YDQ8,,missing_pdb,False
H0YDR1,,missing_pdb,False
H0YDX6,,missing_pdb,False
H0YE29,,missing_pdb,False
H0YE53,,missing_pdb,False
H0YEM9,,missing_pdb,False
H0YER7,,missing_pdb,False
H0YEZ5,,missing_pdb,False
H0YF25,,missing_pdb,False
H0YF26,,missing_pdb,False
H0YFE3,,missing_pdb,False
H0YFI1,,missing_pdb,False
H0YG99,,missing_pdb,False
H0YGF3,,missing_pdb,False
H0YHD0,,missing_pdb,False
H0YHP5,,missing_pdb,False
H0YHX3,,missing_pdb,False
H0YI16,,missing_pdb,False
H0YIM9,,missing_pdb,False
H0YJ07,,missing_pdb,False
H0YJ41,,missing_pdb,False
H0YJT2,,missing_pdb,False
H0YJV2,,missing_pdb,False
H0YK31,,missing_pdb,False
H0YK49,,missing_pdb,False
H0YK98,,missing_pdb,False
H0YKN5,,missing_pdb,False
H0YL54,,missing_pdb,False
H0YL70,,missing_pdb,False
H0YLC4,,missing_pdb,False
H0YLI7,,missing_pdb,False
H0YLT7,,missing_pdb,False
H0YLZ7,,missing_pdb,False
H0YM91,,missing_pdb,False
H0YM98,,missing_pdb,False
H0YMB3,,missing_pdb,False
H0YMC0,,missing_pdb,False
H0YMT3,,missing_pdb,False
H0YMV8,,missing_pdb,False
H0YND2,,missing_pdb,False
H0YND9,,missing_pdb,False
H0YNN4,,missing_pdb,False
H0YNQ8,,missing_pdb,False
H2L0N8,,missing_pdb,False
H3BLU7,,missing_pdb,False
H3BM14,,missing_pdb,False
H3BM42,,missing_pdb,False
H3BM87,,missing_pdb,False
H3BMM1,,missing_pdb,False
H3BMN5,,missing_pdb,False
H3BMP2,,missing_pdb,False
H3BMQ0,,missing_pdb,False
H3BMU7,,missing_pdb,False
H3BN64,,missing_pdb,False
H3BNG1,,missing_pdb,False
H3BNW0,,missing_pdb,False
H3BNY8,,missing_pdb,False
H3BNZ3,,missing_pdb,False
H3BP35,,missing_pdb,False
H3BPE7,,missing_pdb,False
H3BPL3,,missing_pdb,False
H3BPW1,,missing_pdb,False
H3BQL3,,missing_pdb,False
H3BQQ1,,missing_pdb,False
H3BQQ2,,missing_pdb,False
H3BQX6,,missing_pdb,False
H3BQZ8,,missing_pdb,False
H3BR88,,missing_pdb,False
H3BRG5,,missing_pdb,False
H3BRL0,,missing_pdb,False
H3BRT4,,missing_pdb,False
H3BRY2,,missing_pdb,False
H3BS99,,missing_pdb,False
H3BSJ6,,missing_pdb,False
H3BSZ2,,missing_pdb,False
H3BT58,,missing_pdb,False
H3BTI4,,missing_pdb,False
H3BTI9,,missing_pdb,False
H3BTL1,,missing_pdb,False
H3BU53,,missing_pdb,False
H3BV23,,missing_pdb,False
H3BV56,,missing_pdb,False
H3BV80,,missing_pdb,False
H3BVE0,,missing_pdb,False
H3BVG8,,missing_pdb,False
H7BXJ4,,missing_pdb,False
H7BXJ6,,missing_pdb,False
H7BY16,,missing_pdb,False
H7BYD9,,missing_pdb,False
H7BYP9,,missing_pdb,False
H7BYZ9,,missing_pdb,False
H7BZ10,,missing_pdb,False
H7BZ14,,missing_pdb,False
H7BZ62,,missing_pdb,False
H7BZH6,,missing_pdb,False
H7BZL3,,missing_pdb,False
H7BZR8,,missing_pdb,False
H7C0B2,,missing_pdb,False
H7C0G7,,missing_pdb,False
H7C0P0,,missing_pdb,False
H7C0R3,,missing_pdb,False
H7C1G8,,missing_pdb,False
H7C1J2,,missing_pdb,False
H7C1Y1,,missing_pdb,False
H7C1Y3,,missing_pdb,False
H7C272,,missing_pdb,False
H7C276,,missing_pdb,False
H7C2F7,,missing_pdb,False
H7C2Q8,,missing_pdb,False
H7C2Y0,,missing_pdb,False
H7C316,,missing_pdb,False
H7C331,,missing_pdb,False
H7C382,,missing_pdb,False
H7C3J3,,missing_pdb,False
H7C3P4,,missing_pdb,False
H7C408,,missing_pdb,False
H7C410,,missing_pdb,False
H7C414,,missing_pdb,False
H7C459,,missing_pdb,False
H7C468,,missing_pdb,False
H7C480,,missing_pdb,False
H7C4L7,,missing_pdb,False
H7C4P2,,missing_pdb,False
H7C4P9,,missing_pdb,False
H7C4R5,,missing_pdb,False
H7C4S1,,missing_pdb,False
H7C4V3,,missing_pdb,False
H7C508,,missing_pdb,False
H7C5C1,,missing_pdb,False
H7C5L8,,missing_pdb,False
H7C5P3,,missing_pdb,False
H7C5W5,,missing_pdb,False
H8YS97,,missing_pdb,False
H9KVB4,,missing_pdb,False
H9KVD4,,missing_pdb,False
I1E4Y6,,missing_pdb,False
I3L0B8,,missing_pdb,False
I3L0E3,,missing_pdb,False
I3L0N0,,missing_pdb,False
I3L0U5,,missing_pdb,False
I3L107,,missing_pdb,False
I3L139,,missing_pdb,False
I3L141,,missing_pdb,False
I3L184,,missing_pdb,False
I3L193,,missing_pdb,False
I3L1Q2,,missing_pdb,False
I3L1R7,,missing_pdb,False
I3L2B0,,missing_pdb,False
I3L2J0,,missing_pdb,False
I3L2R6,,missing_pdb,False
I3L2T0,,missing_pdb,False
I3L3D4,,missing_pdb,False
I3L3J4,,missing_pdb,False
I3L3V5,,missing_pdb,False
I3L3W6,,missing_pdb,False
I3L419,,missing_pdb,False
I3L466,,missing_pdb,False
I3L493,,missing_pdb,False
I3L4C2,,missing_pdb,False
I3L4I4,,missing_pdb,False
I3L4L8,,missing_pdb,False
I3L4Q4,,missing_pdb,False
I3L4X7,,missing_pdb,False
I3L504,,missing_pdb,False
I3NI25,,missing_pdb,False
I3NI32,,missing_pdb,False
I6L8A6,,missing_pdb,False
J3KMZ9,,missing_pdb,False
J3KN16,,missing_pdb,False
J3KN59,,missing_pdb,False
J3KN95,,missing_pdb,False
J3KNF4,,missing_pdb,False
J3KNF5,,missing_pdb,False
J3KNI5,,missing_pdb,False
J3KNN9,,missing_pdb,False
J3KNV4,,missing_pdb,False
J3KNZ3,,missing_pdb,False
J3KNZ9,,missing_pdb,False
J3KP15,,missing_pdb,False
J3KP16,,missing_pdb,False
J3KP21,,missing_pdb,False
J3KP74,,missing_pdb,False
J3KPJ3,,missing_pdb,False
J3KPT0,,missing_pdb,False
J3KPZ4,,missing_pdb,False
J3KQ32,,missing_pdb,False
J3KQ48,,missing_pdb,False
J3KQ70,,missing_pdb,False
J3KQ82,,missing_pdb,False
J3KQJ9,,missing_pdb,False
J3KQL8,,missing_pdb,False
J3KR35,,missing_pdb,False
J3KR69,,missing_pdb,False
J3KR72,,missing_pdb,False
J3KRI4,,missing_pdb,False
J3KRK0,,missing_pdb,False
J3KRN5,,missing_pdb,False
J3KRR7,,missing_pdb,False
J3KRZ9,,missing_pdb,False
J3KSH6,,missing_pdb,False
J3KSJ4,,missing_pdb,False
J3KSJ7,,missing_pdb,False
J3KSP7,,missing_pdb,False
J3KSS7,,missing_pdb,False
J3KT55,,missing_pdb,False
J3KTQ7,,missing_pdb,False
J3KTQ8,,missing_pdb,False
J3QKT0,,missing_pdb,False
J3QKV2,,missing_pdb,False
J3QL14,,missing_pdb,False
J3QL79,,missing_pdb,False
J3QL92,,missing_pdb,False
J3QLD1,,missing_pdb,False
J3QLD7,,missing_pdb,False
J3QLE5,,missing_pdb,False
J3QLF4,,missing_pdb,False
J3QLG5,,missing_pdb,False
J3QLI9,,missing_pdb,False
J3QLM8,,missing_pdb,False
J3QLN5,,missing_pdb,False
J3QLQ8,,missing_pdb,False
J3QQ67,,missing_pdb,False
J3QQI2,,missing_pdb,False
J3QQJ0,,missing_pdb,False
J3QQJ2,,missing_pdb,False
J3QR07,,missing_pdb,False
J3QRH2,,missing_pdb,False
J3QRS9,,missing_pdb,False
J3QS41,,missing_pdb,False
J3QSS9,,missing_pdb,False
J3QSX6,,missing_pdb,False
J3QT35,,missing_pdb,False
J3QT38,,missing_pdb,False
J3QT51,,missing_pdb,False
J3QTB2,,missing_pdb,False
J9JIC5,,missing_pdb,False
J9JIC7,,missing_pdb,False
K7EIG9,,missing_pdb,False
K7EIS6,,missing_pdb,False
K7EIW9,,missing_pdb,False
K7EIZ3,,missing_pdb,False
K7EKG9,,missing_pdb,False
K7EKM3,,missing_pdb,False
K7EKM5,,missing_pdb,False
K7EKT6,,missing_pdb,False
K7EKW2,,missing_pdb,False
K7EL42,,missing_pdb,False
K7EL65,,missing_pdb,False
K7ELC2,,missing_pdb,False
K7ELC4,,missing_pdb,False
K7ELE9,,missing_pdb,False
K7ELJ7,,missing_pdb,False
K7ELL7,,missing_pdb,False
K7ELV2,,missing_pdb,False
K7ELZ9,,missing_pdb,False
K7EM24,,missing_pdb,False
K7EM28,,missing_pdb,False
K7EM86,,missing_pdb,False
K7EME0,,missing_pdb,False
K7EMH3,,missing_pdb,False
K7EMZ9,,missing_pdb,False
K7EN33,,missing_pdb,False
K7EN45,,missing_pdb,False
K7EN65,,missing_pdb,False
K7EN94,,missing_pdb,False
K7EP07,,missing_pdb,False
K7EP60,,missing_pdb,False
K7EP90,,missing_pdb,False
K7EPJ3,,missing_pdb,False
K7EPQ8,,missing_pdb,False
K7EQ71,,missing_pdb,False
K7EQA1,,missing_pdb,False
K7EQB9,,missing_pdb,False
K7EQC1,,missing_pdb,False
K7EQG1,,missing_pdb,False
K7EQN8,,missing_pdb,False
K7ER25,,missing_pdb,False
K7ERB6,,missing_pdb,False
K7ERG2,,missing_pdb,False
K7ERG9,,missing_pdb,False
K7ERV3,,missing_pdb,False
K7ES61,,missing_pdb,False
K7ESB7,,missing_pdb,False
K7ESP4,,missing_pdb,False
M0QXA7,,missing_pdb,False
M0QXB4,,missing_pdb,False
M0QYI8,,missing_pdb,False
M0QYN0,,missing_pdb,False
M0QYS1,,missing_pdb,False
M0QZ39,,missing_pdb,False
M0QZ83,,missing_pdb,False
M0QZH3,,missing_pdb,False
M0QZQ8,,missing_pdb,False
M0R043,,missing_pdb,False
M0R0K9,,missing_pdb,False
M0R0N3,,missing_pdb,False
M0R0R2,,missing_pdb,False
M0R0W6,,missing_pdb,False
M0R1L7,,missing_pdb,False
M0R2A0,,missing_pdb,False
M0R2B3,,missing_pdb,False
M0R2B7,,missing_pdb,False
M0R2M8,,missing_pdb,False
M0R2P6,,missing_pdb,False
M0R2Z9,,missing_pdb,False
M0R352,,missing_pdb,False
M0R3E7,,missing_pdb,False
O00116,/data/ranran/my_ptm/croton/data/structure_pipeline/pdb/O00116.pdb,exact_sequence_match,True
O00141,,missing_pdb,False
O00154,,missing_pdb,False
O00165-5,,missing_pdb,False
O00167,,missing_pdb,False
O00168,,missing_pdb,False
O00170,/data/ranran/my_ptm/croton/data/structure_pipeline/pdb/O00170.pdb;/data/ranran/my_ptm/croton/data/structure_pipeline/pdb/AF-O00170-F1-model_v6.pdb,sequence_mismatch,False
O00178,,missing_pdb,False
O00180,,missing_pdb,False
O00186,,missing_pdb,False
O00193,/data/ranran/my_ptm/croton/data/structure_pipeline/pdb/O00193.pdb,exact_sequence_match,True
O00213,,missing_pdb,False
O00231,/data/ranran/my_ptm/croton/data/structure_pipeline/pdb/O00231.pdb,exact_sequence_match,True
O00232,/data/ranran/my_ptm/croton/data/structure_pipeline/pdb/O00232.pdb,exact_sequence_match,True
O00233,/data/ranran/my_ptm/croton/data/structure_pipeline/pdb/O00233.pdb,exact_sequence_match,True
O00255,,missing_pdb,False
O00257,,missing_pdb,False
O00258,,missing_pdb,False
O00267,/data/ranran/my_ptm/croton/data/structure_pipeline/pdb/O00267.pdb,exact_sequence_match,True
O00268,,missing_pdb,False
O00273,,missing_pdb,False
O00287,,missing_pdb,False
O00303,/data/ranran/my_ptm/croton/data/structure_pipeline/pdb/O00303.pdb,exact_sequence_match,True
O00308,,missing_pdb,False
O00311,,missing_pdb,False
O00321,,missing_pdb,False
O00327-4,,missing_pdb,False
O00339-3,,missing_pdb,False
O00358,,missing_pdb,False
O00370,,missing_pdb,False
O00391,,missing_pdb,False
O00399,/data/ranran/my_ptm/croton/data/structure_pipeline/pdb/O00399.pdb,exact_sequence_match,True
O00408-2,,missing_pdb,False
O00418,,missing_pdb,False
O00421-2,,missing_pdb,False
O00422,/data/ranran/my_ptm/croton/data/structure_pipeline/pdb/O00422.pdb,exact_sequence_match,True
O00429-7,,missing_pdb,False
O00442,/data/ranran/my_ptm/croton/data/structure_pipeline/pdb/O00442.pdb,exact_sequence_match,True
O00443,/data/ranran/my_ptm/croton/data/structure_pipeline/pdb/O00443.pdb,exact_sequence_match,True
O00444-3,,missing_pdb,False
O00459,/data/ranran/my_ptm/croton/data/structure_pipeline/pdb/O00459.pdb,exact_sequence_match,True
O00461,/data/ranran/my_ptm/croton/data/structure_pipeline/pdb/O00461.pdb,exact_sequence_match,True
O00468-6,,missing_pdb,False
O00472,,missing_pdb,False
O00478-2,,missing_pdb,False
O00487,/data/ranran/my_ptm/croton/data/structure_pipeline/pdb/O00487.pdb,exact_sequence_match,True
O00499-9,,missing_pdb,False
O00522,,missing_pdb,False
O00541,/data/ranran/my_ptm/croton/data/structure_pipeline/pdb/O00541.pdb,exact_sequence_match,True
O00560,/data/ranran/my_ptm/croton/data/structure_pipeline/pdb/O00560.pdb,exact_sequence_match,True
O00566,/data/ranran/my_ptm/croton/data/structure_pipeline/pdb/O00566.pdb,exact_sequence_match,True
O00567,/data/ranran/my_ptm/croton/data/structure_pipeline/pdb/O00567.pdb,exact_sequence_match,True
O00571,/data/ranran/my_ptm/croton/data/structure_pipeline/pdb/O00571.pdb,exact_sequence_match,True
O00625,/data/ranran/my_ptm/croton/data/structure_pipeline/pdb/O00625.pdb,exact_sequence_match,True
O00743-2,,missing_pdb,False
O00762,/data/ranran/my_ptm/croton/data/structure_pipeline/pdb/O00762.pdb,exact_sequence_match,True
O00764,/data/ranran/my_ptm/croton/data/structure_pipeline/pdb/O00764.pdb,exact_sequence_match,True
O00767,/data/ranran/my_ptm/croton/data/structure_pipeline/pdb/O00767.pdb,exact_sequence_match,True
O08553,,missing_pdb,False
O08785,,missing_pdb,False
O13351,,missing_pdb,False
O14246,,missing_pdb,False
O14497,/data/ranran/my_ptm/croton/data/structure_pipeline/pdb/O14497.pdb,exact_sequence_match,True
O14513,,missing_pdb,False
O14514,,missing_pdb,False
O14519,,missing_pdb,False
O14525-2,,missing_pdb,False
O14530,/data/ranran/my_ptm/croton/data/structure_pipeline/pdb/O14530.pdb,exact_sequence_match,True
O14543,,missing_pdb,False
O14545,/data/ranran/my_ptm/croton/data/structure_pipeline/pdb/O14545.pdb,exact_sequence_match,True
O14578,,missing_pdb,False
O14593,,missing_pdb,False
O14602,/data/ranran/my_ptm/croton/data/structure_pipeline/pdb/O14602.pdb,exact_sequence_match,True
O14613,,missing_pdb,False
O14639,/data/ranran/my_ptm/croton/data/structure_pipeline/pdb/O14639.pdb,exact_sequence_match,True
O14641,,missing_pdb,False
O14647,/data/ranran/my_ptm/croton/data/structure_pipeline/pdb/O14647.pdb,exact_sequence_match,True
O14654,,missing_pdb,False
O14656,/data/ranran/my_ptm/croton/data/structure_pipeline/pdb/O14656.pdb,exact_sequence_match,True
O14672,,missing_pdb,False
O14686,,missing_pdb,False
O14715,,missing_pdb,False
O14717,,missing_pdb,False
O14727,/data/ranran/my_ptm/croton/data/structure_pipeline/pdb/O14727.pdb,exact_sequence_match,True
O14733,,missing_pdb,False
O14744,/data/ranran/my_ptm/croton/data/structure_pipeline/pdb/O14744.pdb,exact_sequence_match,True
O14757,/data/ranran/my_ptm/croton/data/structure_pipeline/pdb/O14757.pdb,exact_sequence_match,True
O14770,,missing_pdb,False
O14772,,missing_pdb,False
O14773,,missing_pdb,False
O14775,,missing_pdb,False
O14775-3,,missing_pdb,False
O14776,/data/ranran/my_ptm/croton/data/structure_pipeline/pdb/O14776.pdb,exact_sequence_match,True
O14777,/data/ranran/my_ptm/croton/data/structure_pipeline/pdb/O14777.pdb,exact_sequence_match,True
O14813,,missing_pdb,False
O14828,,missing_pdb,False
O14893,,missing_pdb,False
O14901,,missing_pdb,False
O14907,/data/ranran/my_ptm/croton/data/structure_pipeline/pdb/O14907.pdb,exact_sequence_match,True
O14908,/data/ranran/my_ptm/croton/data/structure_pipeline/pdb/O14908.pdb,exact_sequence_match,True
O14920,,missing_pdb,False
O14924,,missing_pdb,False
O14924-5,,missing_pdb,False
O14929,/data/ranran/my_ptm/croton/data/structure_pipeline/pdb/O14929.pdb;/data/ranran/my_ptm/croton/data/structure_pipeline/pdb/AF-O14929-F1-model_v6.pdb,sequence_mismatch,False
O14933,,missing_pdb,False
O14948,,missing_pdb,False
O14950,/data/ranran/my_ptm/croton/data/structure_pipeline/pdb/O14950.pdb,exact_sequence_match,True
O14964,/data/ranran/my_ptm/croton/data/structure_pipeline/pdb/O14964.pdb,exact_sequence_match,True
O14965,/data/ranran/my_ptm/croton/data/structure_pipeline/pdb/O14965.pdb;/data/ranran/my_ptm/croton/data/structure_pipeline/pdb/AF-O14965-F1-model_v6.pdb,sequence_mismatch,False
O14972,,missing_pdb,False
O14976,,missing_pdb,False
O14979,/data/ranran/my_ptm/croton/data/structure_pipeline/pdb/O14979.pdb,exact_sequence_match,True
O14980,/data/ranran/my_ptm/croton/data/structure_pipeline/pdb/O14980.pdb,exact_sequence_match,True
O15013,,missing_pdb,False
O15015,,missing_pdb,False
O15021,,missing_pdb,False
O15027,,missing_pdb,False
O15031,/data/ranran/my_ptm/croton/data/structure_pipeline/pdb/O15031.pdb,exact_sequence_match,True
O15042,/data/ranran/my_ptm/croton/data/structure_pipeline/pdb/O15042.pdb,exact_sequence_match,True
O15047,,missing_pdb,False
O15054,,missing_pdb,False
O15056-3,,missing_pdb,False
O15060,,missing_pdb,False
O15062,,missing_pdb,False
O15066,/data/ranran/my_ptm/croton/data/structure_pipeline/pdb/O15066.pdb,exact_sequence_match,True
O15067,/data/ranran/my_ptm/croton/data/structure_pipeline/pdb/O15067.pdb,exact_sequence_match,True
O15072,,missing_pdb,False
O15090,,missing_pdb,False
O15116,/data/ranran/my_ptm/croton/data/structure_pipeline/pdb/O15116.pdb,exact_sequence_match,True
O15119,,missing_pdb,False
O15143,/data/ranran/my_ptm/croton/data/structure_pipeline/pdb/O15143.pdb,exact_sequence_match,True
O15144,/data/ranran/my_ptm/croton/data/structure_pipeline/pdb/O15144.pdb,exact_sequence_match,True
O15145,/data/ranran/my_ptm/croton/data/structure_pipeline/pdb/O15145.pdb,exact_sequence_match,True
O15160,/data/ranran/my_ptm/croton/data/structure_pipeline/pdb/O15160.pdb,exact_sequence_match,True
O15165-5,,missing_pdb,False
O15209,,missing_pdb,False
O15211-2,,missing_pdb,False
O15212,/data/ranran/my_ptm/croton/data/structure_pipeline/pdb/O15212.pdb,exact_sequence_match,True
O15213,/data/ranran/my_ptm/croton/data/structure_pipeline/pdb/O15213.pdb,exact_sequence_match,True
O15217,,missing_pdb,False
O15226-2,,missing_pdb,False
O15230,,missing_pdb,False
O15232,,missing_pdb,False
O15235,,missing_pdb,False
O15260,/data/ranran/my_ptm/croton/data/structure_pipeline/pdb/O15260.pdb,exact_sequence_match,True
O15265-2,,missing_pdb,False
O15266,,missing_pdb,False
O15269-2,,missing_pdb,False
O15294,/data/ranran/my_ptm/croton/data/structure_pipeline/pdb/O15294.pdb,exact_sequence_match,True
O15297,,missing_pdb,False
O15315,,missing_pdb,False
O15318,,missing_pdb,False
O15355,/data/ranran/my_ptm/croton/data/structure_pipeline/pdb/O15355.pdb,exact_sequence_match,True
O15357,/data/ranran/my_ptm/croton/data/structure_pipeline/pdb/O15357.pdb,exact_sequence_match,True
O15360,,missing_pdb,False
O15370,,missing_pdb,False
O15371,/data/ranran/my_ptm/croton/data/structure_pipeline/pdb/O15371.pdb,exact_sequence_match,True
O15381,,missing_pdb,False
O15382-2,,missing_pdb,False
O15392,,missing_pdb,False
O15446-2,,missing_pdb,False
O15457,,missing_pdb,False
O15484,,missing_pdb,False
O15498-2,,missing_pdb,False
O15511-2,,missing_pdb,False
O15514,,missing_pdb,False
O15519-12,,missing_pdb,False
O15537,,missing_pdb,False
O15541,/data/ranran/my_ptm/croton/data/structure_pipeline/pdb/O15541.pdb,exact_sequence_match,True
O15550,,missing_pdb,False
O35625,,missing_pdb,False
O42349,,missing_pdb,False
O42934,,missing_pdb,False
O43143,,missing_pdb,False
O43147-5,,missing_pdb,False
O43148-2,,missing_pdb,False
O43149,,missing_pdb,False
O43151,,missing_pdb,False
O43156,/data/ranran/my_ptm/croton/data/structure_pipeline/pdb/O43156.pdb,exact_sequence_match,True
O43159,,missing_pdb,False
O43164-2,,missing_pdb,False
O43166,,missing_pdb,False
O43167-2,,missing_pdb,False
O43172,/data/ranran/my_ptm/croton/data/structure_pipeline/pdb/O43172.pdb,exact_sequence_match,True
O43175,/data/ranran/my_ptm/croton/data/structure_pipeline/pdb/O43175.pdb,exact_sequence_match,True
O43181,/data/ranran/my_ptm/croton/data/structure_pipeline/pdb/O43181.pdb,exact_sequence_match,True
O43184,,missing_pdb,False
O43187,,missing_pdb,False
O43242,/data/ranran/my_ptm/croton/data/structure_pipeline/pdb/O43242.pdb,exact_sequence_match,True
O43251-8,,missing_pdb,False
O43252,/data/ranran/my_ptm/croton/data/structure_pipeline/pdb/O43252.pdb,exact_sequence_match,True
O43257,,missing_pdb,False
O43264,/data/ranran/my_ptm/croton/data/structure_pipeline/pdb/O43264.pdb,exact_sequence_match,True
O43290,/data/ranran/my_ptm/croton/data/structure_pipeline/pdb/O43290.pdb,exact_sequence_match,True
O43293,,missing_pdb,False
O43300,,missing_pdb,False
O43303,,missing_pdb,False
O43309,/data/ranran/my_ptm/croton/data/structure_pipeline/pdb/O43309.pdb;/data/ranran/my_ptm/croton/data/structure_pipeline/pdb/AF-O43309-F1-model_v6.pdb,sequence_mismatch,False
O43313,,missing_pdb,False
O43345,/data/ranran/my_ptm/croton/data/structure_pipeline/pdb/O43345.pdb,exact_sequence_match,True
O43347,/data/ranran/my_ptm/croton/data/structure_pipeline/pdb/O43347.pdb,exact_sequence_match,True
O43390,/data/ranran/my_ptm/croton/data/structure_pipeline/pdb/O43390.pdb,exact_sequence_match,True
O43392,,missing_pdb,False
O43395,/data/ranran/my_ptm/croton/data/structure_pipeline/pdb/O43395.pdb,exact_sequence_match,True
O43396,/data/ranran/my_ptm/croton/data/structure_pipeline/pdb/O43396.pdb,exact_sequence_match,True
O43402,,missing_pdb,False
O43414,,missing_pdb,False
O43422,,missing_pdb,False
O43422-2,,missing_pdb,False
O43427,/data/ranran/my_ptm/croton/data/structure_pipeline/pdb/O43427.pdb,exact_sequence_match,True
O43435-3,,missing_pdb,False
O43439,,missing_pdb,False
O43447,,missing_pdb,False
O43463,,missing_pdb,False
O43474,,missing_pdb,False
O43482,,missing_pdb,False
O43502,,missing_pdb,False
O43502-2,,missing_pdb,False
O43504,,missing_pdb,False
O43505,/data/ranran/my_ptm/croton/data/structure_pipeline/pdb/O43505.pdb,exact_sequence_match,True
O43513,/data/ranran/my_ptm/croton/data/structure_pipeline/pdb/O43513.pdb,exact_sequence_match,True
O43520,,missing_pdb,False
O43583,/data/ranran/my_ptm/croton/data/structure_pipeline/pdb/O43583.pdb,exact_sequence_match,True
O43593,,missing_pdb,False
O43617,,missing_pdb,False
O43623,,missing_pdb,False
O43660,/data/ranran/my_ptm/croton/data/structure_pipeline/pdb/O43660.pdb,exact_sequence_match,True
O43663,/data/ranran/my_ptm/croton/data/structure_pipeline/pdb/O43663.pdb,exact_sequence_match,True
O43674,/data/ranran/my_ptm/croton/data/structure_pipeline/pdb/O43674.pdb,exact_sequence_match,True
O43680,,missing_pdb,False
O43683-2,,missing_pdb,False
O43707,/data/ranran/my_ptm/croton/data/structure_pipeline/pdb/O43707.pdb,exact_sequence_match,True
O43709,,missing_pdb,False
O43719,/data/ranran/my_ptm/croton/data/structure_pipeline/pdb/O43719.pdb,exact_sequence_match,True
O43734-5,,missing_pdb,False
O43741,,missing_pdb,False
O43752,/data/ranran/my_ptm/croton/data/structure_pipeline/pdb/O43752.pdb,exact_sequence_match,True
O43761,,missing_pdb,False
O43776,/data/ranran/my_ptm/croton/data/structure_pipeline/pdb/O43776.pdb,exact_sequence_match,True
O43791,,missing_pdb,False
O43795,/data/ranran/my_ptm/croton/data/structure_pipeline/pdb/O43795.pdb,exact_sequence_match,True
O43805,/data/ranran/my_ptm/croton/data/structure_pipeline/pdb/O43805.pdb,exact_sequence_match,True
O43809,/data/ranran/my_ptm/croton/data/structure_pipeline/pdb/O43809.pdb,exact_sequence_match,True
O43818,/data/ranran/my_ptm/croton/data/structure_pipeline/pdb/O43818.pdb,exact_sequence_match,True
O43822-2,,missing_pdb,False
O43823,/data/ranran/my_ptm/croton/data/structure_pipeline/pdb/O43823.pdb,exact_sequence_match,True
O43829,,missing_pdb,False
O43854-2,,missing_pdb,False
O43865,,missing_pdb,False
O43889,,missing_pdb,False
O43900,,missing_pdb,False
O43913,/data/ranran/my_ptm/croton/data/structure_pipeline/pdb/O43913.pdb,exact_sequence_match,True
O43920,,missing_pdb,False
O43927,,missing_pdb,False
O43929,,missing_pdb,False
O43933,,missing_pdb,False
O56136,,missing_pdb,False
O60016,,missing_pdb,False
O60216,/data/ranran/my_ptm/croton/data/structure_pipeline/pdb/O60216.pdb,exact_sequence_match,True
O60244,/data/ranran/my_ptm/croton/data/structure_pipeline/pdb/O60244.pdb,exact_sequence_match,True
O60281,,missing_pdb,False
O60285,,missing_pdb,False
O60287,/data/ranran/my_ptm/croton/data/structure_pipeline/pdb/O60287.pdb,exact_sequence_match,True
O60291,,missing_pdb,False
O60293,/data/ranran/my_ptm/croton/data/structure_pipeline/pdb/O60293.pdb,exact_sequence_match,True
O60294,,missing_pdb,False
O60296,,missing_pdb,False
O60303,,missing_pdb,False
O60306,/data/ranran/my_ptm/croton/data/structure_pipeline/pdb/O60306.pdb,exact_sequence_match,True
O60313,/data/ranran/my_ptm/croton/data/structure_pipeline/pdb/O60313.pdb,exact_sequence_match,True
O60315,,missing_pdb,False
O60318,,missing_pdb,False
O60333-3,,missing_pdb,False
O60336-4,,missing_pdb,False
O60341-2,,missing_pdb,False
O60347,,missing_pdb,False
O60381,,missing_pdb,False
O60422,,missing_pdb,False
O60431,,missing_pdb,False
O60449,,missing_pdb,False
O60479,,missing_pdb,False
O60502,/data/ranran/my_ptm/croton/data/structure_pipeline/pdb/O60502.pdb,exact_sequence_match,True
O60508,,missing_pdb,False
O60518,/data/ranran/my_ptm/croton/data/structure_pipeline/pdb/O60518.pdb,exact_sequence_match,True
O60547,/data/ranran/my_ptm/croton/data/structure_pipeline/pdb/O60547.pdb,exact_sequence_match,True
O60548,,missing_pdb,False
O60566,/data/ranran/my_ptm/croton/data/structure_pipeline/pdb/O60566.pdb,exact_sequence_match,True
O60568,/data/ranran/my_ptm/croton/data/structure_pipeline/pdb/O60568.pdb,exact_sequence_match,True
O60583,,missing_pdb,False
O60641,,missing_pdb,False
O60645,,missing_pdb,False
O60663,,missing_pdb,False
O60664,,missing_pdb,False
O60671-2,,missing_pdb,False
O60673,,missing_pdb,False
O60701-3,,missing_pdb,False
O60716,/data/ranran/my_ptm/croton/data/structure_pipeline/pdb/O60716.pdb,exact_sequence_match,True
O60732,,missing_pdb,False
O60739,/data/ranran/my_ptm/croton/data/structure_pipeline/pdb/O60739.pdb,exact_sequence_match,True
O60774,,missing_pdb,False
O60783,,missing_pdb,False
O60784,,missing_pdb,False
O60828,/data/ranran/my_ptm/croton/data/structure_pipeline/pdb/O60828.pdb,exact_sequence_match,True
O60832,/data/ranran/my_ptm/croton/data/structure_pipeline/pdb/O60832.pdb,exact_sequence_match,True
O60840-4,,missing_pdb,False
O60870,/data/ranran/my_ptm/croton/data/structure_pipeline/pdb/O60870.pdb,exact_sequence_match,True
O60884,/data/ranran/my_ptm/croton/data/structure_pipeline/pdb/O60884.pdb,exact_sequence_match,True
O60885,/data/ranran/my_ptm/croton/data/structure_pipeline/pdb/O60885.pdb,exact_sequence_match,True
O60890,,missing_pdb,False
O60907,,missing_pdb,False
O60911,,missing_pdb,False
O60921,/data/ranran/my_ptm/croton/data/structure_pipeline/pdb/O60921.pdb,exact_sequence_match,True
O60927,,missing_pdb,False
O60930,,missing_pdb,False
O60934,/data/ranran/my_ptm/croton/data/structure_pipeline/pdb/O60934.pdb,exact_sequence_match,True
O60942,,missing_pdb,False
O62609,,missing_pdb,False
O70343,,missing_pdb,False
O75030-9,,missing_pdb,False
O75044,,missing_pdb,False
O75061,,missing_pdb,False
O75083,/data/ranran/my_ptm/croton/data/structure_pipeline/pdb/O75083.pdb,exact_sequence_match,True
O75094,/data/ranran/my_ptm/croton/data/structure_pipeline/pdb/O75094.pdb,exact_sequence_match,True
O75112-7,,missing_pdb,False
O75113,,missing_pdb,False
O75123,,missing_pdb,False
O75128-3,,missing_pdb,False
O75132,,missing_pdb,False
O75145,/data/ranran/my_ptm/croton/data/structure_pipeline/pdb/O75145.pdb,exact_sequence_match,True
O75147,,missing_pdb,False
O75150,/data/ranran/my_ptm/croton/data/structure_pipeline/pdb/O75150.pdb,exact_sequence_match,True
O75151,,missing_pdb,False
O75152,/data/ranran/my_ptm/croton/data/structure_pipeline/pdb/O75152.pdb,exact_sequence_match,True
O75155,/data/ranran/my_ptm/croton/data/structure_pipeline/pdb/O75155.pdb,exact_sequence_match,True
O75159,,missing_pdb,False
O75161,,missing_pdb,False
O75179,/data/ranran/my_ptm/croton/data/structure_pipeline/pdb/O75179.pdb,exact_sequence_match,True
O75190,/data/ranran/my_ptm/croton/data/structure_pipeline/pdb/O75190.pdb,exact_sequence_match,True
O75190-2,,missing_pdb,False
O75191,/data/ranran/my_ptm/croton/data/structure_pipeline/pdb/O75191.pdb,exact_sequence_match,True
O75191-2,,missing_pdb,False
O75204,,missing_pdb,False
O75223,/data/ranran/my_ptm/croton/data/structure_pipeline/pdb/O75223.pdb,exact_sequence_match,True
O75312,/data/ranran/my_ptm/croton/data/structure_pipeline/pdb/O75312.pdb,exact_sequence_match,True
O75319,,missing_pdb,False
O75326,,missing_pdb,False
O75330-3,,missing_pdb,False
O75340-2,,missing_pdb,False
O75348,/data/ranran/my_ptm/croton/data/structure_pipeline/pdb/O75348.pdb,exact_sequence_match,True
O75362,,missing_pdb,False
O75367,,missing_pdb,False
O75368,/data/ranran/my_ptm/croton/data/structure_pipeline/pdb/O75368.pdb,exact_sequence_match,True
O75385,,missing_pdb,False
O75396,,missing_pdb,False
O75398,,missing_pdb,False
O75400,/data/ranran/my_ptm/croton/data/structure_pipeline/pdb/O75400.pdb,exact_sequence_match,True
O75419,/data/ranran/my_ptm/croton/data/structure_pipeline/pdb/O75419.pdb,exact_sequence_match,True
O75431,,missing_pdb,False
O75444-1,,missing_pdb,False
O75445,,missing_pdb,False
O75446,/data/ranran/my_ptm/croton/data/structure_pipeline/pdb/O75446.pdb,exact_sequence_match,True
O75448,/data/ranran/my_ptm/croton/data/structure_pipeline/pdb/O75448.pdb,exact_sequence_match,True
O75449,,missing_pdb,False
O75461,,missing_pdb,False
O75462,,missing_pdb,False
O75475,/data/ranran/my_ptm/croton/data/structure_pipeline/pdb/O75475.pdb,exact_sequence_match,True
O75475-2,,missing_pdb,False
O75486,/data/ranran/my_ptm/croton/data/structure_pipeline/pdb/O75486.pdb,exact_sequence_match,True
O75489,,missing_pdb,False
O75494-2,,missing_pdb,False
O75506,,missing_pdb,False
O75525,,missing_pdb,False
O75528,,missing_pdb,False
O75529,,missing_pdb,False
O75529-2,,missing_pdb,False
O75530-2,,missing_pdb,False
O75531,/data/ranran/my_ptm/croton/data/structure_pipeline/pdb/O75531.pdb,exact_sequence_match,True
O75533,/data/ranran/my_ptm/croton/data/structure_pipeline/pdb/O75533.pdb,exact_sequence_match,True
O75534-4,,missing_pdb,False
O75553,,missing_pdb,False
O75554,/data/ranran/my_ptm/croton/data/structure_pipeline/pdb/O75554.pdb,exact_sequence_match,True
O75563,,missing_pdb,False
O75564,,missing_pdb,False
O75569-3,,missing_pdb,False
O75575,,missing_pdb,False
O75582,,missing_pdb,False
O75592-2,,missing_pdb,False
O75607,,missing_pdb,False
O75626,,missing_pdb,False
O75663,/data/ranran/my_ptm/croton/data/structure_pipeline/pdb/O75663.pdb,exact_sequence_match,True
O75665,/data/ranran/my_ptm/croton/data/structure_pipeline/pdb/O75665.pdb,exact_sequence_match,True
O75683,/data/ranran/my_ptm/croton/data/structure_pipeline/pdb/O75683.pdb,exact_sequence_match,True
O75691,,missing_pdb,False
O75694,/data/ranran/my_ptm/croton/data/structure_pipeline/pdb/O75694.pdb,exact_sequence_match,True
O75695,/data/ranran/my_ptm/croton/data/structure_pipeline/pdb/O75695.pdb,exact_sequence_match,True
O75715,,missing_pdb,False
O75717,/data/ranran/my_ptm/croton/data/structure_pipeline/pdb/O75717.pdb,exact_sequence_match,True
O75752,,missing_pdb,False
O75762,,missing_pdb,False
O75764-2,,missing_pdb,False
O75792,/data/ranran/my_ptm/croton/data/structure_pipeline/pdb/O75792.pdb,exact_sequence_match,True
O75794,/data/ranran/my_ptm/croton/data/structure_pipeline/pdb/O75794.pdb,exact_sequence_match,True
O75808,,missing_pdb,False
O75815,,missing_pdb,False
O75817,,missing_pdb,False
O75820,,missing_pdb,False
O75821,/data/ranran/my_ptm/croton/data/structure_pipeline/pdb/O75821.pdb,exact_sequence_match,True
O75822,/data/ranran/my_ptm/croton/data/structure_pipeline/pdb/O75822.pdb,exact_sequence_match,True
O75822-2,,missing_pdb,False
O75829,,missing_pdb,False
O75832,/data/ranran/my_ptm/croton/data/structure_pipeline/pdb/O75832.pdb,exact_sequence_match,True
O75844,/data/ranran/my_ptm/croton/data/structure_pipeline/pdb/O75844.pdb,exact_sequence_match,True
O75845,,missing_pdb,False
O75864,,missing_pdb,False
O75865,,missing_pdb,False
O75874,,missing_pdb,False
O75881,,missing_pdb,False
O75882-3,,missing_pdb,False
O75884,,missing_pdb,False
O75897,,missing_pdb,False
O75909,,missing_pdb,False
O75923,,missing_pdb,False
O75925-2,,missing_pdb,False
O75934,/data/ranran/my_ptm/croton/data/structure_pipeline/pdb/O75934.pdb,exact_sequence_match,True
O75935,,missing_pdb,False
O75937,/data/ranran/my_ptm/croton/data/structure_pipeline/pdb/O75937.pdb,exact_sequence_match,True
O76003,/data/ranran/my_ptm/croton/data/structure_pipeline/pdb/O76003.pdb,exact_sequence_match,True
O76014,,missing_pdb,False
O76021,/data/ranran/my_ptm/croton/data/structure_pipeline/pdb/O76021.pdb,exact_sequence_match,True
O76036,,missing_pdb,False
O76061,,missing_pdb,False
O76064,,missing_pdb,False
O76071,,missing_pdb,False
O76075,,missing_pdb,False
O76094,/data/ranran/my_ptm/croton/data/structure_pipeline/pdb/O76094.pdb,exact_sequence_match,True
O77932,,missing_pdb,False
O80982,,missing_pdb,False
O88703,,missing_pdb,False
O88942,,missing_pdb,False
O94761,,missing_pdb,False
O94762,,missing_pdb,False
O94766,,missing_pdb,False
O94782,,missing_pdb,False
O94788,,missing_pdb,False
O94806-2,,missing_pdb,False
O94808,,missing_pdb,False
O94826,/data/ranran/my_ptm/croton/data/structure_pipeline/pdb/O94826.pdb,exact_sequence_match,True
O94829,,missing_pdb,False
O94830-2,,missing_pdb,False
O94850,,missing_pdb,False
O94851-5,,missing_pdb,False
O94864,,missing_pdb,False
O94868,,missing_pdb,False
O94874-2,,missing_pdb,False
O94875-11,,missing_pdb,False
O94876,,missing_pdb,False
O94888,/data/ranran/my_ptm/croton/data/structure_pipeline/pdb/O94888.pdb,exact_sequence_match,True
O94900,,missing_pdb,False
O94901-3,,missing_pdb,False
O94903,,missing_pdb,False
O94905,,missing_pdb,False
O94906,/data/ranran/my_ptm/croton/data/structure_pipeline/pdb/O94906.pdb,exact_sequence_match,True
O94913,,missing_pdb,False
O94916-4,,missing_pdb,False
O94919,,missing_pdb,False
O94941,,missing_pdb,False
O94955,,missing_pdb,False
O94972,,missing_pdb,False
O94979,/data/ranran/my_ptm/croton/data/structure_pipeline/pdb/O94979.pdb,exact_sequence_match,True
O95049,/data/ranran/my_ptm/croton/data/structure_pipeline/pdb/O95049.pdb,exact_sequence_match,True
O95071,,missing_pdb,False
O95073,,missing_pdb,False
O95139-2,,missing_pdb,False
O95140,/data/ranran/my_ptm/croton/data/structure_pipeline/pdb/O95140.pdb,exact_sequence_match,True
O95149,,missing_pdb,False
O95155-3,,missing_pdb,False
O95155-4,,missing_pdb,False
O95163,/data/ranran/my_ptm/croton/data/structure_pipeline/pdb/O95163.pdb,exact_sequence_match,True
O95168,,missing_pdb,False
O95201,,missing_pdb,False
O95205,,missing_pdb,False
O95218,/data/ranran/my_ptm/croton/data/structure_pipeline/pdb/O95218.pdb,exact_sequence_match,True
O95219-2,,missing_pdb,False
O95229,,missing_pdb,False
O95235,/data/ranran/my_ptm/croton/data/structure_pipeline/pdb/O95235.pdb,exact_sequence_match,True
O95243,,missing_pdb,False
O95251,/data/ranran/my_ptm/croton/data/structure_pipeline/pdb/O95251.pdb,exact_sequence_match,True
O95260-2,,missing_pdb,False
O95263-4,,missing_pdb,False
O95271,,missing_pdb,False
O95295,/data/ranran/my_ptm/croton/data/structure_pipeline/pdb/O95295.pdb,exact_sequence_match,True
O95297,,missing_pdb,False
O95298,,missing_pdb,False
O95302-2,,missing_pdb,False
O95347,/data/ranran/my_ptm/croton/data/structure_pipeline/pdb/O95347.pdb,exact_sequence_match,True
O95352-3,,missing_pdb,False
O95365,,missing_pdb,False
O95376,/data/ranran/my_ptm/croton/data/structure_pipeline/pdb/O95376.pdb,exact_sequence_match,True
O95391,,missing_pdb,False
O95396,,missing_pdb,False
O95400,,missing_pdb,False
O95402,,missing_pdb,False
O95409,,missing_pdb,False
O95427,,missing_pdb,False
O95433,/data/ranran/my_ptm/croton/data/structure_pipeline/pdb/O95433.pdb,exact_sequence_match,True
O95453,/data/ranran/my_ptm/croton/data/structure_pipeline/pdb/O95453.pdb,exact_sequence_match,True
O95455,,missing_pdb,False
O95456,/data/ranran/my_ptm/croton/data/structure_pipeline/pdb/O95456.pdb,exact_sequence_match,True
O95470,/data/ranran/my_ptm/croton/data/structure_pipeline/pdb/O95470.pdb,exact_sequence_match,True
O95478,/data/ranran/my_ptm/croton/data/structure_pipeline/pdb/O95478.pdb,exact_sequence_match,True
O95486-2,,missing_pdb,False
O95490,,missing_pdb,False
O95503,,missing_pdb,False
O95544,,missing_pdb,False
O95544-2,,missing_pdb,False
O95551,,missing_pdb,False
O95573,/data/ranran/my_ptm/croton/data/structure_pipeline/pdb/O95573.pdb,exact_sequence_match,True
O95602,/data/ranran/my_ptm/croton/data/structure_pipeline/pdb/O95602.pdb,exact_sequence_match,True
O95619,/data/ranran/my_ptm/croton/data/structure_pipeline/pdb/O95619.pdb,exact_sequence_match,True
O95625,,missing_pdb,False
O95626,,missing_pdb,False
O95631,,missing_pdb,False
O95639-2,,missing_pdb,False
O95661,,missing_pdb,False
O95704-2,,missing_pdb,False
O95707,/data/ranran/my_ptm/croton/data/structure_pipeline/pdb/O95707.pdb,exact_sequence_match,True
O95714,,missing_pdb,False
O95749,/data/ranran/my_ptm/croton/data/structure_pipeline/pdb/O95749.pdb,exact_sequence_match,True
O95758-4,,missing_pdb,False
O95785,,missing_pdb,False
O95789,,missing_pdb,False
O95793-2,,missing_pdb,False
O95801,/data/ranran/my_ptm/croton/data/structure_pipeline/pdb/O95801.pdb,exact_sequence_match,True
O95816,/data/ranran/my_ptm/croton/data/structure_pipeline/pdb/O95816.pdb,exact_sequence_match,True
O95817,,missing_pdb,False
O95825,,missing_pdb,False
O95835,,missing_pdb,False
O95861,/data/ranran/my_ptm/croton/data/structure_pipeline/pdb/O95861.pdb,exact_sequence_match,True
O95864,,missing_pdb,False
O95872,,missing_pdb,False
O95905,,missing_pdb,False
O95922,/data/ranran/my_ptm/croton/data/structure_pipeline/pdb/O95922.pdb,exact_sequence_match,True
O95926,,missing_pdb,False
O95935,,missing_pdb,False
O95936,,missing_pdb,False
O95936-3,,missing_pdb,False
O95965,,missing_pdb,False
O95969,,missing_pdb,False
O95977,,missing_pdb,False
O95980,,missing_pdb,False
O95983,,missing_pdb,False
O95985,/data/ranran/my_ptm/croton/data/structure_pipeline/pdb/O95985.pdb,exact_sequence_match,True
O95995,,missing_pdb,False
O95997,,missing_pdb,False
O95999,,missing_pdb,False
O96000,,missing_pdb,False
O96004,,missing_pdb,False
O96005-3,,missing_pdb,False
O96006,,missing_pdb,False
O96007,,missing_pdb,False
O96017,,missing_pdb,False
O96019,,missing_pdb,False
P00367,/data/ranran/my_ptm/croton/data/structure_pipeline/pdb/P00367.pdb,exact_sequence_match,True
P00374,/data/ranran/my_ptm/croton/data/structure_pipeline/pdb/P00374.pdb,exact_sequence_match,True
P00374-2,,missing_pdb,False
P00390,/data/ranran/my_ptm/croton/data/structure_pipeline/pdb/P00390.pdb,exact_sequence_match,True
P00441,/data/ranran/my_ptm/croton/data/structure_pipeline/pdb/P00441.pdb,exact_sequence_match,True
P00491,/data/ranran/my_ptm/croton/data/structure_pipeline/pdb/P00491.pdb,exact_sequence_match,True
P00492,,missing_pdb,False
P00505,/data/ranran/my_ptm/croton/data/structure_pipeline/pdb/P00505.pdb,exact_sequence_match,True
P00533,/data/ranran/my_ptm/croton/data/structure_pipeline/pdb/P00533.pdb,exact_sequence_match,True
P00558,/data/ranran/my_ptm/croton/data/structure_pipeline/pdb/P00558.pdb,exact_sequence_match,True
P00739,,missing_pdb,False
P00748,,missing_pdb,False
P00750,,missing_pdb,False
P00813,,missing_pdb,False
P00966,/data/ranran/my_ptm/croton/data/structure_pipeline/pdb/P00966.pdb,exact_sequence_match,True
P01033,,missing_pdb,False
P01040,,missing_pdb,False
P01100,,missing_pdb,False
P01106,,missing_pdb,False
P01133-3,,missing_pdb,False
P01568,,missing_pdb,False
P02751,,missing_pdb,False
P02751-16,,missing_pdb,False
P02763,,missing_pdb,False
P02794,/data/ranran/my_ptm/croton/data/structure_pipeline/pdb/P02794.pdb,exact_sequence_match,True
P03069,,missing_pdb,False
P03107,,missing_pdb,False
P03116,,missing_pdb,False
P03120,,missing_pdb,False
P03169,,missing_pdb,False
P03206,,missing_pdb,False
P03209,,missing_pdb,False
P03243,,missing_pdb,False
P03332,,missing_pdb,False
P03366,,missing_pdb,False
P03372,,missing_pdb,False
P03409,,missing_pdb,False
P03485,,missing_pdb,False
P03495,,missing_pdb,False
P03567,,missing_pdb,False
P04035,,missing_pdb,False
P04040,/data/ranran/my_ptm/croton/data/structure_pipeline/pdb/P04040.pdb,exact_sequence_match,True
P04049,,missing_pdb,False
P04066,,missing_pdb,False
P04075,/data/ranran/my_ptm/croton/data/structure_pipeline/pdb/P04075.pdb,exact_sequence_match,True
P04181,/data/ranran/my_ptm/croton/data/structure_pipeline/pdb/P04181.pdb,exact_sequence_match,True
P04264,,missing_pdb,False
P04275,,missing_pdb,False
P04406,/data/ranran/my_ptm/croton/data/structure_pipeline/pdb/P04406.pdb,exact_sequence_match,True
P04424,,missing_pdb,False
P04591,,missing_pdb,False
P04637,,missing_pdb,False
P04786,,missing_pdb,False
P04792,/data/ranran/my_ptm/croton/data/structure_pipeline/pdb/P04792.pdb,exact_sequence_match,True
P04808,,missing_pdb,False
P04818,/data/ranran/my_ptm/croton/data/structure_pipeline/pdb/P04818.pdb,exact_sequence_match,True
P04843,/data/ranran/my_ptm/croton/data/structure_pipeline/pdb/P04843.pdb,exact_sequence_match,True
P04844,/data/ranran/my_ptm/croton/data/structure_pipeline/pdb/P04844.pdb,exact_sequence_match,True
P05067,,missing_pdb,False
P05114,/data/ranran/my_ptm/croton/data/structure_pipeline/pdb/P05114.pdb,exact_sequence_match,True
P05129,,missing_pdb,False
P05141,/data/ranran/my_ptm/croton/data/structure_pipeline/pdb/P05141.pdb,exact_sequence_match,True
P05161,,missing_pdb,False
P05164,,missing_pdb,False
P05186-2,,missing_pdb,False
P05187,/data/ranran/my_ptm/croton/data/structure_pipeline/pdb/P05187.pdb,exact_sequence_match,True
P05198,/data/ranran/my_ptm/croton/data/structure_pipeline/pdb/P05198.pdb,exact_sequence_match,True
P05362,,missing_pdb,False
P05386,,missing_pdb,False
P05387,/data/ranran/my_ptm/croton/data/structure_pipeline/pdb/P05387.pdb,exact_sequence_match,True
P05388,/data/ranran/my_ptm/croton/data/structure_pipeline/pdb/P05388.pdb,exact_sequence_match,True
P05423,,missing_pdb,False
P05455,/data/ranran/my_ptm/croton/data/structure_pipeline/pdb/P05455.pdb,exact_sequence_match,True
P05787-2,,missing_pdb,False
P06132,,missing_pdb,False
P06312,,missing_pdb,False
P06400,,missing_pdb,False
P06401,,missing_pdb,False
P06454,/data/ranran/my_ptm/croton/data/structure_pipeline/pdb/P06454.pdb,exact_sequence_match,True
P06536,,missing_pdb,False
P06576,/data/ranran/my_ptm/croton/data/structure_pipeline/pdb/P06576.pdb,exact_sequence_match,True
P06681,,missing_pdb,False
P06733,/data/ranran/my_ptm/croton/data/structure_pipeline/pdb/P06733.pdb,exact_sequence_match,True
P06737,/data/ranran/my_ptm/croton/data/structure_pipeline/pdb/P06737.pdb,exact_sequence_match,True
P06744-2,,missing_pdb,False
P06746,,missing_pdb,False
P06748,/data/ranran/my_ptm/croton/data/structure_pipeline/pdb/P06748.pdb,exact_sequence_match,True
P06753,/data/ranran/my_ptm/croton/data/structure_pipeline/pdb/P06753.pdb,exact_sequence_match,True
P06778,,missing_pdb,False
P06782,,missing_pdb,False
P07101,,missing_pdb,False
P07196,,missing_pdb,False
P07197,,missing_pdb,False
P07199,,missing_pdb,False
P07305-2,,missing_pdb,False
P07339,/data/ranran/my_ptm/croton/data/structure_pipeline/pdb/P07339.pdb,exact_sequence_match,True
P07355-2,,missing_pdb,False
P07384,/data/ranran/my_ptm/croton/data/structure_pipeline/pdb/P07384.pdb,exact_sequence_match,True
P07476,,missing_pdb,False
P07550,,missing_pdb,False
P07737,/data/ranran/my_ptm/croton/data/structure_pipeline/pdb/P07737.pdb,exact_sequence_match,True
P07741,/data/ranran/my_ptm/croton/data/structure_pipeline/pdb/P07741.pdb,exact_sequence_match,True
P07814,/data/ranran/my_ptm/croton/data/structure_pipeline/pdb/P07814.pdb,exact_sequence_match,True
P07858,/data/ranran/my_ptm/croton/data/structure_pipeline/pdb/P07858.pdb,exact_sequence_match,True
P07900-2,,missing_pdb,False
P07902,,missing_pdb,False
P07910,/data/ranran/my_ptm/croton/data/structure_pipeline/pdb/P07910.pdb,exact_sequence_match,True
P07947,,missing_pdb,False
P07954,/data/ranran/my_ptm/croton/data/structure_pipeline/pdb/P07954.pdb,exact_sequence_match,True
P07992-3,,missing_pdb,False
P08047,/data/ranran/my_ptm/croton/data/structure_pipeline/pdb/P08047.pdb,exact_sequence_match,True
P08069,,missing_pdb,False
P08133,/data/ranran/my_ptm/croton/data/structure_pipeline/pdb/P08133.pdb,exact_sequence_match,True
P08174-2,,missing_pdb,False
P08183,/data/ranran/my_ptm/croton/data/structure_pipeline/pdb/P08183.pdb,exact_sequence_match,True
P08195,,missing_pdb,False
P08235-3,,missing_pdb,False
P08236-3,,missing_pdb,False
P08237,,missing_pdb,False
P08243,/data/ranran/my_ptm/croton/data/structure_pipeline/pdb/P08243.pdb,exact_sequence_match,True
P08397,/data/ranran/my_ptm/croton/data/structure_pipeline/pdb/P08397.pdb,exact_sequence_match,True
P08473,,missing_pdb,False
P08476,,missing_pdb,False
P08559,/data/ranran/my_ptm/croton/data/structure_pipeline/pdb/P08559.pdb,exact_sequence_match,True
P08574,,missing_pdb,False
P08579,,missing_pdb,False
P08582,,missing_pdb,False
P08603,,missing_pdb,False
P08621,/data/ranran/my_ptm/croton/data/structure_pipeline/pdb/P08621.pdb,exact_sequence_match,True
P08708,/data/ranran/my_ptm/croton/data/structure_pipeline/pdb/P08708.pdb,exact_sequence_match,True
P08779,,missing_pdb,False
P08865,/data/ranran/my_ptm/croton/data/structure_pipeline/pdb/P08865.pdb,exact_sequence_match,True
P08910,,missing_pdb,False
P09012,/data/ranran/my_ptm/croton/data/structure_pipeline/pdb/P09012.pdb,exact_sequence_match,True
P09038,/data/ranran/my_ptm/croton/data/structure_pipeline/pdb/P09038.pdb,exact_sequence_match,True
P09132,/data/ranran/my_ptm/croton/data/structure_pipeline/pdb/P09132.pdb,exact_sequence_match,True
P09211,/data/ranran/my_ptm/croton/data/structure_pipeline/pdb/P09211.pdb,exact_sequence_match,True
P09237,,missing_pdb,False
P09382,/data/ranran/my_ptm/croton/data/structure_pipeline/pdb/P09382.pdb,exact_sequence_match,True
P09429,,missing_pdb,False
P09430,,missing_pdb,False
P09486,,missing_pdb,False
P09601,,missing_pdb,False
P09622,/data/ranran/my_ptm/croton/data/structure_pipeline/pdb/P09622.pdb,exact_sequence_match,True
P09661,/data/ranran/my_ptm/croton/data/structure_pipeline/pdb/P09661.pdb,exact_sequence_match,True
P09874,/data/ranran/my_ptm/croton/data/structure_pipeline/pdb/P09874.pdb,exact_sequence_match,True
P09914-2,,missing_pdb,False
P09917-5,,missing_pdb,False
P09936,,missing_pdb,False
P09960,/data/ranran/my_ptm/croton/data/structure_pipeline/pdb/P09960.pdb,exact_sequence_match,True
P0C091,,missing_pdb,False
P0C671,,missing_pdb,False
P0C672,,missing_pdb,False
P0CB38,,missing_pdb,False
P0CB47,,missing_pdb,False
P0CG23,,missing_pdb,False
P0CG24,,missing_pdb,False
P0CG31,,missing_pdb,False
P0CG32,,missing_pdb,False
P0CG47,,missing_pdb,False
P0CG48,/data/ranran/my_ptm/croton/data/structure_pipeline/pdb/P0CG48.pdb,exact_sequence_match,True
P0CJ78,,missing_pdb,False
P0CW24,,missing_pdb,False
P0DJG4,,missing_pdb,False
P0DJJ0,,missing_pdb,False
P0DKL9,,missing_pdb,False
P0DMB2,,missing_pdb,False
P0DME0,,missing_pdb,False
P0DN76,,missing_pdb,False
P0DN79,,missing_pdb,False
P0DP91,,missing_pdb,False
P0DPB6,/data/ranran/my_ptm/croton/data/structure_pipeline/pdb/P0DPB6.pdb,exact_sequence_match,True
P10070,,missing_pdb,False
P10070-2,,missing_pdb,False
P10074,,missing_pdb,False
P10075,,missing_pdb,False
P10109,,missing_pdb,False
P10155-3,,missing_pdb,False
P10242-7,,missing_pdb,False
P10276,,missing_pdb,False
P10599,,missing_pdb,False
P10636,,missing_pdb,False
P10646,,missing_pdb,False
P10721,,missing_pdb,False
P10746,,missing_pdb,False
P10768,/data/ranran/my_ptm/croton/data/structure_pipeline/pdb/P10768.pdb,exact_sequence_match,True
P10809,/data/ranran/my_ptm/croton/data/structure_pipeline/pdb/P10809.pdb,exact_sequence_match,True
P10827,,missing_pdb,False
P10909,/data/ranran/my_ptm/croton/data/structure_pipeline/pdb/P10909.pdb,exact_sequence_match,True
P10914,,missing_pdb,False
P11047,/data/ranran/my_ptm/croton/data/structure_pipeline/pdb/P11047.pdb,exact_sequence_match,True
P11137-3,,missing_pdb,False
P11161-2,,missing_pdb,False
P11166,/data/ranran/my_ptm/croton/data/structure_pipeline/pdb/P11166.pdb,exact_sequence_match,True
P11172,/data/ranran/my_ptm/croton/data/structure_pipeline/pdb/P11172.pdb,exact_sequence_match,True
P11177,/data/ranran/my_ptm/croton/data/structure_pipeline/pdb/P11177.pdb,exact_sequence_match,True
P11208,,missing_pdb,False
P11234,,missing_pdb,False
P11309-2,,missing_pdb,False
P11413,/data/ranran/my_ptm/croton/data/structure_pipeline/pdb/P11413.pdb,exact_sequence_match,True
P11473,,missing_pdb,False
P11498,/data/ranran/my_ptm/croton/data/structure_pipeline/pdb/P11498.pdb,exact_sequence_match,True
P11586,,missing_pdb,False
P11627,,missing_pdb,False
P11717,/data/ranran/my_ptm/croton/data/structure_pipeline/pdb/P11717.pdb,exact_sequence_match,True
P11766,/data/ranran/my_ptm/croton/data/structure_pipeline/pdb/P11766.pdb,exact_sequence_match,True
P11831,/data/ranran/my_ptm/croton/data/structure_pipeline/pdb/P11831.pdb,exact_sequence_match,True
P11926,,missing_pdb,False
P11978,,missing_pdb,False
P12074,,missing_pdb,False
P12081,/data/ranran/my_ptm/croton/data/structure_pipeline/pdb/P12081.pdb,exact_sequence_match,True
P12110,,missing_pdb,False
P12268,/data/ranran/my_ptm/croton/data/structure_pipeline/pdb/P12268.pdb,exact_sequence_match,True
P12270,/data/ranran/my_ptm/croton/data/structure_pipeline/pdb/P12270.pdb,exact_sequence_match,True
P12277,,missing_pdb,False
P12644,,missing_pdb,False
P12694,/data/ranran/my_ptm/croton/data/structure_pipeline/pdb/P12694.pdb,exact_sequence_match,True
P12755,,missing_pdb,False
P12954,,missing_pdb,False
P12955,/data/ranran/my_ptm/croton/data/structure_pipeline/pdb/P12955.pdb,exact_sequence_match,True
P12956,/data/ranran/my_ptm/croton/data/structure_pipeline/pdb/P12956.pdb,exact_sequence_match,True
P13010,/data/ranran/my_ptm/croton/data/structure_pipeline/pdb/P13010.pdb,exact_sequence_match,True
P13051,/data/ranran/my_ptm/croton/data/structure_pipeline/pdb/P13051.pdb,exact_sequence_match,True
P13056,,missing_pdb,False
P13073,/data/ranran/my_ptm/croton/data/structure_pipeline/pdb/P13073.pdb,exact_sequence_match,True
P13196,,missing_pdb,False
P13297,,missing_pdb,False
P13489,/data/ranran/my_ptm/croton/data/structure_pipeline/pdb/P13489.pdb,exact_sequence_match,True
P13497-6,,missing_pdb,False
P13569,,missing_pdb,False
P13574,,missing_pdb,False
P13612,,missing_pdb,False
P13682,,missing_pdb,False
P13797,/data/ranran/my_ptm/croton/data/structure_pipeline/pdb/P13797.pdb,exact_sequence_match,True
P13805,,missing_pdb,False
P13807-2,,missing_pdb,False
P13861-2,,missing_pdb,False
P13984,/data/ranran/my_ptm/croton/data/structure_pipeline/pdb/P13984.pdb,exact_sequence_match,True
P13994,,missing_pdb,False
P13995,/data/ranran/my_ptm/croton/data/structure_pipeline/pdb/P13995.pdb,exact_sequence_match,True
P13995-2,,missing_pdb,False
P14138,,missing_pdb,False
P14174,/data/ranran/my_ptm/croton/data/structure_pipeline/pdb/P14174.pdb,exact_sequence_match,True
P14316,,missing_pdb,False
P14324,/data/ranran/my_ptm/croton/data/structure_pipeline/pdb/P14324.pdb,exact_sequence_match,True
P14373,,missing_pdb,False
P14543-2,,missing_pdb,False
P14550,/data/ranran/my_ptm/croton/data/structure_pipeline/pdb/P14550.pdb,exact_sequence_match,True
P14555,,missing_pdb,False
P14618,,missing_pdb,False
P14635,/data/ranran/my_ptm/croton/data/structure_pipeline/pdb/P14635.pdb,exact_sequence_match,True
P14854,/data/ranran/my_ptm/croton/data/structure_pipeline/pdb/P14854.pdb,exact_sequence_match,True
P14859,,missing_pdb,False
P14866,/data/ranran/my_ptm/croton/data/structure_pipeline/pdb/P14866.pdb,exact_sequence_match,True
P14868,/data/ranran/my_ptm/croton/data/structure_pipeline/pdb/P14868.pdb,exact_sequence_match,True
P15036,,missing_pdb,False
P15104,,missing_pdb,False
P15291-2,,missing_pdb,False
P15387,,missing_pdb,False
P15531,/data/ranran/my_ptm/croton/data/structure_pipeline/pdb/P15531.pdb,exact_sequence_match,True
P15559,/data/ranran/my_ptm/croton/data/structure_pipeline/pdb/P15559.pdb,exact_sequence_match,True
P15822,,missing_pdb,False
P15880,/data/ranran/my_ptm/croton/data/structure_pipeline/pdb/P15880.pdb,exact_sequence_match,True
P15882,,missing_pdb,False
P15924,,missing_pdb,False
P15927,/data/ranran/my_ptm/croton/data/structure_pipeline/pdb/P15927.pdb,exact_sequence_match,True
P16070,/data/ranran/my_ptm/croton/data/structure_pipeline/pdb/P16070.pdb,exact_sequence_match,True
P16104,,missing_pdb,False
P16144,,missing_pdb,False
P16144-5,,missing_pdb,False
P16152,/data/ranran/my_ptm/croton/data/structure_pipeline/pdb/P16152.pdb,exact_sequence_match,True
P16220,/data/ranran/my_ptm/croton/data/structure_pipeline/pdb/P16220.pdb;/data/ranran/my_ptm/croton/data/structure_pipeline/pdb/AF-P16220-F1-model_v6.pdb,sequence_mismatch,False
P16401,/data/ranran/my_ptm/croton/data/structure_pipeline/pdb/P16401.pdb,exact_sequence_match,True
P16471-2,,missing_pdb,False
P16591,/data/ranran/my_ptm/croton/data/structure_pipeline/pdb/P16591.pdb,exact_sequence_match,True
P16591-2,,missing_pdb,False
P16615,/data/ranran/my_ptm/croton/data/structure_pipeline/pdb/P16615.pdb,exact_sequence_match,True
P16649,,missing_pdb,False
P16870,,missing_pdb,False
P17010-3,,missing_pdb,False
P17020,,missing_pdb,False
P17026,,missing_pdb,False
P17040,,missing_pdb,False
P17041,,missing_pdb,False
P17096,/data/ranran/my_ptm/croton/data/structure_pipeline/pdb/P17096.pdb,exact_sequence_match,True
P17096-3,,missing_pdb,False
P17181-2,,missing_pdb,False
P17275,,missing_pdb,False
P17302,,missing_pdb,False
P17480,/data/ranran/my_ptm/croton/data/structure_pipeline/pdb/P17480.pdb,exact_sequence_match,True
P17481,,missing_pdb,False
P17544-4,,missing_pdb,False
P17568,/data/ranran/my_ptm/croton/data/structure_pipeline/pdb/P17568.pdb,exact_sequence_match,True
P17706-4,,missing_pdb,False
P17707,,missing_pdb,False
P17812,/data/ranran/my_ptm/croton/data/structure_pipeline/pdb/P17812.pdb,exact_sequence_match,True
P17861-2,,missing_pdb,False
P17987,/data/ranran/my_ptm/croton/data/structure_pipeline/pdb/P17987.pdb,exact_sequence_match,True
P18031,/data/ranran/my_ptm/croton/data/structure_pipeline/pdb/P18031.pdb,exact_sequence_match,True
P18074,/data/ranran/my_ptm/croton/data/structure_pipeline/pdb/P18074.pdb,exact_sequence_match,True
P18077,/data/ranran/my_ptm/croton/data/structure_pipeline/pdb/P18077.pdb,exact_sequence_match,True
P18084,,missing_pdb,False
P18146,,missing_pdb,False
P18356,,missing_pdb,False
P18412,,missing_pdb,False
P18433,,missing_pdb,False
P18583,/data/ranran/my_ptm/croton/data/structure_pipeline/pdb/P18583.pdb,exact_sequence_match,True
P18615,,missing_pdb,False
P18621,/data/ranran/my_ptm/croton/data/structure_pipeline/pdb/P18621.pdb,exact_sequence_match,True
P18669,/data/ranran/my_ptm/croton/data/structure_pipeline/pdb/P18669.pdb,exact_sequence_match,True
P18754-2,,missing_pdb,False
P18846,,missing_pdb,False
P18847,,missing_pdb,False
P18848,,missing_pdb,False
P18858,/data/ranran/my_ptm/croton/data/structure_pipeline/pdb/P18858.pdb,exact_sequence_match,True
P18887,/data/ranran/my_ptm/croton/data/structure_pipeline/pdb/P18887.pdb;/data/ranran/my_ptm/croton/data/structure_pipeline/pdb/AF-P18887-F1-model_v6.pdb,sequence_mismatch,False
P19099,,missing_pdb,False
P19338,/data/ranran/my_ptm/croton/data/structure_pipeline/pdb/P19338.pdb,exact_sequence_match,True
P19387,,missing_pdb,False
P19388,,missing_pdb,False
P19447,,missing_pdb,False
P19525,/data/ranran/my_ptm/croton/data/structure_pipeline/pdb/P19525.pdb,exact_sequence_match,True
P19532,/data/ranran/my_ptm/croton/data/structure_pipeline/pdb/P19532.pdb,exact_sequence_match,True
P19623,,missing_pdb,False
P19838,,missing_pdb,False
P19878-3,,missing_pdb,False
P19883-2,,missing_pdb,False
P19893,,missing_pdb,False
P20042,/data/ranran/my_ptm/croton/data/structure_pipeline/pdb/P20042.pdb,exact_sequence_match,True
P20193,,missing_pdb,False
P20226,/data/ranran/my_ptm/croton/data/structure_pipeline/pdb/P20226.pdb,exact_sequence_match,True
P20248,,missing_pdb,False
P20265,,missing_pdb,False
P20273,,missing_pdb,False
P20273-5,,missing_pdb,False
P20290-2,,missing_pdb,False
P20393,,missing_pdb,False
P20585,/data/ranran/my_ptm/croton/data/structure_pipeline/pdb/P20585.pdb,exact_sequence_match,True
P20591,,missing_pdb,False
P20618,/data/ranran/my_ptm/croton/data/structure_pipeline/pdb/P20618.pdb,exact_sequence_match,True
P20701-3,,missing_pdb,False
P20742-2,,missing_pdb,False
P20749,,missing_pdb,False
P20827,,missing_pdb,False
P20851-2,,missing_pdb,False
P20929,,missing_pdb,False
P20941,,missing_pdb,False
P20962,,missing_pdb,False
P21063,,missing_pdb,False
P21127,/data/ranran/my_ptm/croton/data/structure_pipeline/pdb/P21127.pdb,exact_sequence_match,True
P21217,,missing_pdb,False
P21266,/data/ranran/my_ptm/croton/data/structure_pipeline/pdb/P21266.pdb,exact_sequence_match,True
P21283,/data/ranran/my_ptm/croton/data/structure_pipeline/pdb/P21283.pdb,exact_sequence_match,True
P21291,/data/ranran/my_ptm/croton/data/structure_pipeline/pdb/P21291.pdb,exact_sequence_match,True
P21333,,missing_pdb,False
P21359,,missing_pdb,False
P21538,,missing_pdb,False
P21583,,missing_pdb,False
P21605,,missing_pdb,False
P21675,,missing_pdb,False
P21854,,missing_pdb,False
P21932,,missing_pdb,False
P21964-2,,missing_pdb,False
P21980,,missing_pdb,False
P22061,,missing_pdb,False
P22102,/data/ranran/my_ptm/croton/data/structure_pipeline/pdb/P22102.pdb,exact_sequence_match,True
P22234,/data/ranran/my_ptm/croton/data/structure_pipeline/pdb/P22234.pdb,exact_sequence_match,True
P22314,/data/ranran/my_ptm/croton/data/structure_pipeline/pdb/P22314.pdb,exact_sequence_match,True
P22336,,missing_pdb,False
P22415,,missing_pdb,False
P22460,,missing_pdb,False
P22670,,missing_pdb,False
P22695,/data/ranran/my_ptm/croton/data/structure_pipeline/pdb/P22695.pdb,exact_sequence_match,True
P23025,,missing_pdb,False
P23142,/data/ranran/my_ptm/croton/data/structure_pipeline/pdb/P23142.pdb,exact_sequence_match,True
P23246,/data/ranran/my_ptm/croton/data/structure_pipeline/pdb/P23246.pdb,exact_sequence_match,True
P23284,,missing_pdb,False
P23378,,missing_pdb,False
P23381,/data/ranran/my_ptm/croton/data/structure_pipeline/pdb/P23381.pdb,exact_sequence_match,True
P23458,,missing_pdb,False
P23468-3,,missing_pdb,False
P23497-4,,missing_pdb,False
P23510-2,,missing_pdb,False
P23511-2,,missing_pdb,False
P23560,,missing_pdb,False
P23743,,missing_pdb,False
P23763,/data/ranran/my_ptm/croton/data/structure_pipeline/pdb/P23763.pdb,exact_sequence_match,True
P23769,,missing_pdb,False
P23921,/data/ranran/my_ptm/croton/data/structure_pipeline/pdb/P23921.pdb,exact_sequence_match,True
P23945,,missing_pdb,False
P24001,/data/ranran/my_ptm/croton/data/structure_pipeline/pdb/P24001.pdb,exact_sequence_match,True
P24278,,missing_pdb,False
P24385,,missing_pdb,False
P24468,,missing_pdb,False
P24522,,missing_pdb,False
P24534,,missing_pdb,False
P24539,/data/ranran/my_ptm/croton/data/structure_pipeline/pdb/P24539.pdb,exact_sequence_match,True
P24593,,missing_pdb,False
P24666,/data/ranran/my_ptm/croton/data/structure_pipeline/pdb/P24666.pdb,exact_sequence_match,True
P24752,/data/ranran/my_ptm/croton/data/structure_pipeline/pdb/P24752.pdb,exact_sequence_match,True
P24928,/data/ranran/my_ptm/croton/data/structure_pipeline/pdb/P24928.pdb,exact_sequence_match,True
P25054,,missing_pdb,False
P25101-5,,missing_pdb,False
P25205,/data/ranran/my_ptm/croton/data/structure_pipeline/pdb/P25205.pdb,exact_sequence_match,True
P25208,,missing_pdb,False
P25325-2,,missing_pdb,False
P25398,/data/ranran/my_ptm/croton/data/structure_pipeline/pdb/P25398.pdb,exact_sequence_match,True
P25440,/data/ranran/my_ptm/croton/data/structure_pipeline/pdb/P25440.pdb,exact_sequence_match,True
P25490,/data/ranran/my_ptm/croton/data/structure_pipeline/pdb/P25490.pdb,exact_sequence_match,True
P25705,/data/ranran/my_ptm/croton/data/structure_pipeline/pdb/P25705.pdb,exact_sequence_match,True
P25786,/data/ranran/my_ptm/croton/data/structure_pipeline/pdb/P25786.pdb,exact_sequence_match,True
P25788,/data/ranran/my_ptm/croton/data/structure_pipeline/pdb/P25788.pdb,exact_sequence_match,True
P25789,/data/ranran/my_ptm/croton/data/structure_pipeline/pdb/P25789.pdb,exact_sequence_match,True
P25963,,missing_pdb,False
P26196,/data/ranran/my_ptm/croton/data/structure_pipeline/pdb/P26196.pdb,exact_sequence_match,True
P26358,/data/ranran/my_ptm/croton/data/structure_pipeline/pdb/P26358.pdb,exact_sequence_match,True
P26367,,missing_pdb,False
P26368,/data/ranran/my_ptm/croton/data/structure_pipeline/pdb/P26368.pdb,exact_sequence_match,True
P26373,/data/ranran/my_ptm/croton/data/structure_pipeline/pdb/P26373.pdb,exact_sequence_match,True
P26374,/data/ranran/my_ptm/croton/data/structure_pipeline/pdb/P26374.pdb,exact_sequence_match,True
P26447,/data/ranran/my_ptm/croton/data/structure_pipeline/pdb/P26447.pdb,exact_sequence_match,True
P26641,/data/ranran/my_ptm/croton/data/structure_pipeline/pdb/P26641.pdb,exact_sequence_match,True
P26754,,missing_pdb,False
P26755,,missing_pdb,False
P26885,,missing_pdb,False
P27105,/data/ranran/my_ptm/croton/data/structure_pipeline/pdb/P27105.pdb,exact_sequence_match,True
P27169,,missing_pdb,False
P27361,/data/ranran/my_ptm/croton/data/structure_pipeline/pdb/P27361.pdb,exact_sequence_match,True
P27635,/data/ranran/my_ptm/croton/data/structure_pipeline/pdb/P27635.pdb;/data/ranran/my_ptm/croton/data/structure_pipeline/pdb/AF-P27635-F1-model_v6.pdb,sequence_mismatch,False
P27695,/data/ranran/my_ptm/croton/data/structure_pipeline/pdb/P27695.pdb,exact_sequence_match,True
P27707,/data/ranran/my_ptm/croton/data/structure_pipeline/pdb/P27707.pdb,exact_sequence_match,True
P27708,/data/ranran/my_ptm/croton/data/structure_pipeline/pdb/P27708.pdb,exact_sequence_match,True
P27797,/data/ranran/my_ptm/croton/data/structure_pipeline/pdb/P27797.pdb,exact_sequence_match,True
P27815,,missing_pdb,False
P27816,/data/ranran/my_ptm/croton/data/structure_pipeline/pdb/P27816.pdb,exact_sequence_match,True
P27824,/data/ranran/my_ptm/croton/data/structure_pipeline/pdb/P27824.pdb,exact_sequence_match,True
P27986-5,,missing_pdb,False
P28062,/data/ranran/my_ptm/croton/data/structure_pipeline/pdb/P28062.pdb,exact_sequence_match,True
P28070,/data/ranran/my_ptm/croton/data/structure_pipeline/pdb/P28070.pdb,exact_sequence_match,True
P28072,/data/ranran/my_ptm/croton/data/structure_pipeline/pdb/P28072.pdb,exact_sequence_match,True
P28288-2,,missing_pdb,False
P28289,,missing_pdb,False
P28290,,missing_pdb,False
P28300,,missing_pdb,False
P28324,,missing_pdb,False
P28331-4,,missing_pdb,False
P28356,,missing_pdb,False
P28476,,missing_pdb,False
P28702-3,,missing_pdb,False
P28715,/data/ranran/my_ptm/croton/data/structure_pipeline/pdb/P28715.pdb,exact_sequence_match,True
P28749,,missing_pdb,False
P28799,,missing_pdb,False
P28838-2,,missing_pdb,False
P29033,,missing_pdb,False
P29074,,missing_pdb,False
P29083,/data/ranran/my_ptm/croton/data/structure_pipeline/pdb/P29083.pdb,exact_sequence_match,True
P29084,/data/ranran/my_ptm/croton/data/structure_pipeline/pdb/P29084.pdb,exact_sequence_match,True
P29122,,missing_pdb,False
P29353-2,,missing_pdb,False
P29372-5,,missing_pdb,False
P29373,,missing_pdb,False
P29375,,missing_pdb,False
P29401-2,,missing_pdb,False
P29460,,missing_pdb,False
P29590,,missing_pdb,False
P29590-5,,missing_pdb,False
P30041,/data/ranran/my_ptm/croton/data/structure_pipeline/pdb/P30041.pdb,exact_sequence_match,True
P30044-2,,missing_pdb,False
P30044-3,,missing_pdb,False
P30049,/data/ranran/my_ptm/croton/data/structure_pipeline/pdb/P30049.pdb,exact_sequence_match,True
P30050,/data/ranran/my_ptm/croton/data/structure_pipeline/pdb/P30050.pdb,exact_sequence_match,True
P30084,/data/ranran/my_ptm/croton/data/structure_pipeline/pdb/P30084.pdb,exact_sequence_match,True
P30085,/data/ranran/my_ptm/croton/data/structure_pipeline/pdb/P30085.pdb,exact_sequence_match,True
P30101,,missing_pdb,False
P30154-2,,missing_pdb,False
P30291,,missing_pdb,False
P30305-4,,missing_pdb,False
P30307,,missing_pdb,False
P30414,/data/ranran/my_ptm/croton/data/structure_pipeline/pdb/P30414.pdb,exact_sequence_match,True
P30533,/data/ranran/my_ptm/croton/data/structure_pipeline/pdb/P30533.pdb,exact_sequence_match,True
P30556,,missing_pdb,False
P30559,,missing_pdb,False
P30622,/data/ranran/my_ptm/croton/data/structure_pipeline/pdb/P30622.pdb,exact_sequence_match,True
P30793,,missing_pdb,False
P30876,/data/ranran/my_ptm/croton/data/structure_pipeline/pdb/P30876.pdb,exact_sequence_match,True
P31040-2,,missing_pdb,False
P31150,/data/ranran/my_ptm/croton/data/structure_pipeline/pdb/P31150.pdb,exact_sequence_match,True
P31153,/data/ranran/my_ptm/croton/data/structure_pipeline/pdb/P31153.pdb,exact_sequence_match,True
P31260,,missing_pdb,False
P31269,,missing_pdb,False
P31271,,missing_pdb,False
P31277,,missing_pdb,False
P31327,,missing_pdb,False
P31350,/data/ranran/my_ptm/croton/data/structure_pipeline/pdb/P31350.pdb,exact_sequence_match,True
P31378,,missing_pdb,False
P31629,,missing_pdb,False
P31749,,missing_pdb,False
P31939,/data/ranran/my_ptm/croton/data/structure_pipeline/pdb/P31939.pdb,exact_sequence_match,True
P31942,,missing_pdb,False
P31948-2,,missing_pdb,False
P31949,/data/ranran/my_ptm/croton/data/structure_pipeline/pdb/P31949.pdb,exact_sequence_match,True
P32019,,missing_pdb,False
P32019-3,,missing_pdb,False
P32121,/data/ranran/my_ptm/croton/data/structure_pipeline/pdb/P32121.pdb,exact_sequence_match,True
P32182,,missing_pdb,False
P32242,,missing_pdb,False
P32314,,missing_pdb,False
P32321,,missing_pdb,False
P32333,,missing_pdb,False
P32457,,missing_pdb,False
P32458,,missing_pdb,False
P32504,,missing_pdb,False
P32519,,missing_pdb,False
P32526,,missing_pdb,False
P32780,/data/ranran/my_ptm/croton/data/structure_pipeline/pdb/P32780.pdb,exact_sequence_match,True
P32780-2,,missing_pdb,False
P32797,,missing_pdb,False
P32929,/data/ranran/my_ptm/croton/data/structure_pipeline/pdb/P32929.pdb,exact_sequence_match,True
P32944,,missing_pdb,False
P32969,/data/ranran/my_ptm/croton/data/structure_pipeline/pdb/P32969.pdb,exact_sequence_match,True
P33176,,missing_pdb,False
P33240,,missing_pdb,False
P33244,,missing_pdb,False
P33316,/data/ranran/my_ptm/croton/data/structure_pipeline/pdb/P33316.pdb,exact_sequence_match,True
P33402,,missing_pdb,False
P33552,/data/ranran/my_ptm/croton/data/structure_pipeline/pdb/P33552.pdb,exact_sequence_match,True
P33981,,missing_pdb,False
P33991,/data/ranran/my_ptm/croton/data/structure_pipeline/pdb/P33991.pdb,exact_sequence_match,True
P33992,/data/ranran/my_ptm/croton/data/structure_pipeline/pdb/P33992.pdb,exact_sequence_match,True
P34896,,missing_pdb,False
P34925,,missing_pdb,False
P34947,,missing_pdb,False
P34949,/data/ranran/my_ptm/croton/data/structure_pipeline/pdb/P34949.pdb,exact_sequence_match,True
P35187,,missing_pdb,False
P35221,,missing_pdb,False
P35222,/data/ranran/my_ptm/croton/data/structure_pipeline/pdb/P35222.pdb,exact_sequence_match,True
P35241-5,,missing_pdb,False
P35244,/data/ranran/my_ptm/croton/data/structure_pipeline/pdb/P35244.pdb,exact_sequence_match,True
P35249,/data/ranran/my_ptm/croton/data/structure_pipeline/pdb/P35249.pdb,exact_sequence_match,True
P35251,/data/ranran/my_ptm/croton/data/structure_pipeline/pdb/P35251.pdb,exact_sequence_match,True
P35269,/data/ranran/my_ptm/croton/data/structure_pipeline/pdb/P35269.pdb,exact_sequence_match,True
P35270,/data/ranran/my_ptm/croton/data/structure_pipeline/pdb/P35270.pdb,exact_sequence_match,True
P35354,,missing_pdb,False
P35400,,missing_pdb,False
P35523,,missing_pdb,False
P35527,/data/ranran/my_ptm/croton/data/structure_pipeline/pdb/P35527.pdb,exact_sequence_match,True
P35556,,missing_pdb,False
P35557,,missing_pdb,False
P35568,,missing_pdb,False
P35573-2,,missing_pdb,False
P35611,,missing_pdb,False
P35613,/data/ranran/my_ptm/croton/data/structure_pipeline/pdb/P35613.pdb,exact_sequence_match,True
P35613-2,,missing_pdb,False
P35638,,missing_pdb,False
P35658,/data/ranran/my_ptm/croton/data/structure_pipeline/pdb/P35658.pdb,exact_sequence_match,True
P35659,/data/ranran/my_ptm/croton/data/structure_pipeline/pdb/P35659.pdb,exact_sequence_match,True
P35663,,missing_pdb,False
P35712,,missing_pdb,False
P35719,,missing_pdb,False
P35813,/data/ranran/my_ptm/croton/data/structure_pipeline/pdb/P35813.pdb,exact_sequence_match,True
P35869,,missing_pdb,False
P35916,,missing_pdb,False
P35998,,missing_pdb,False
P36049,,missing_pdb,False
P36406-3,,missing_pdb,False
P36507,/data/ranran/my_ptm/croton/data/structure_pipeline/pdb/P36507.pdb,exact_sequence_match,True
P36542,/data/ranran/my_ptm/croton/data/structure_pipeline/pdb/P36542.pdb,exact_sequence_match,True
P36543,/data/ranran/my_ptm/croton/data/structure_pipeline/pdb/P36543.pdb,exact_sequence_match,True
P36578,/data/ranran/my_ptm/croton/data/structure_pipeline/pdb/P36578.pdb,exact_sequence_match,True
P36639-4,,missing_pdb,False
P36871,/data/ranran/my_ptm/croton/data/structure_pipeline/pdb/P36871.pdb,exact_sequence_match,True
P36915,,missing_pdb,False
P36956,,missing_pdb,False
P36957,/data/ranran/my_ptm/croton/data/structure_pipeline/pdb/P36957.pdb,exact_sequence_match,True
P37108,/data/ranran/my_ptm/croton/data/structure_pipeline/pdb/P37108.pdb,exact_sequence_match,True
P37231,,missing_pdb,False
P37268,/data/ranran/my_ptm/croton/data/structure_pipeline/pdb/P37268.pdb,exact_sequence_match,True
P37802-2,,missing_pdb,False
P37837,/data/ranran/my_ptm/croton/data/structure_pipeline/pdb/P37837.pdb,exact_sequence_match,True
P37840,,missing_pdb,False
P38117,/data/ranran/my_ptm/croton/data/structure_pipeline/pdb/P38117.pdb,exact_sequence_match,True
P38398,,missing_pdb,False
P38432,,missing_pdb,False
P38438,,missing_pdb,False
P38606,/data/ranran/my_ptm/croton/data/structure_pipeline/pdb/P38606.pdb,exact_sequence_match,True
P38646,/data/ranran/my_ptm/croton/data/structure_pipeline/pdb/P38646.pdb,exact_sequence_match,True
P38904,,missing_pdb,False
P38935,,missing_pdb,False
P38936,,missing_pdb,False
P39019,/data/ranran/my_ptm/croton/data/structure_pipeline/pdb/P39019.pdb,exact_sequence_match,True
P39748,/data/ranran/my_ptm/croton/data/structure_pipeline/pdb/P39748.pdb,exact_sequence_match,True
P39770,,missing_pdb,False
P39880,/data/ranran/my_ptm/croton/data/structure_pipeline/pdb/P39880.pdb,exact_sequence_match,True
P40075,,missing_pdb,False
P40121,,missing_pdb,False
P40189,,missing_pdb,False
P40227,/data/ranran/my_ptm/croton/data/structure_pipeline/pdb/P40227.pdb,exact_sequence_match,True
P40261,,missing_pdb,False
P40337,,missing_pdb,False
P40337-3,,missing_pdb,False
P40381,,missing_pdb,False
P40424,,missing_pdb,False
P40460,,missing_pdb,False
P40692,,missing_pdb,False
P40763,/data/ranran/my_ptm/croton/data/structure_pipeline/pdb/P40763.pdb,exact_sequence_match,True
P40818-2,,missing_pdb,False
P40925,/data/ranran/my_ptm/croton/data/structure_pipeline/pdb/P40925.pdb,exact_sequence_match,True
P40926,/data/ranran/my_ptm/croton/data/structure_pipeline/pdb/P40926.pdb,exact_sequence_match,True
P40938,/data/ranran/my_ptm/croton/data/structure_pipeline/pdb/P40938.pdb,exact_sequence_match,True
P40939,/data/ranran/my_ptm/croton/data/structure_pipeline/pdb/P40939.pdb,exact_sequence_match,True
P41002,,missing_pdb,False
P41091,/data/ranran/my_ptm/croton/data/structure_pipeline/pdb/P41091.pdb,exact_sequence_match,True
P41134,,missing_pdb,False
P41161,,missing_pdb,False
P41182,,missing_pdb,False
P41208,/data/ranran/my_ptm/croton/data/structure_pipeline/pdb/P41208.pdb,exact_sequence_match,True
P41212,,missing_pdb,False
P41214,,missing_pdb,False
P41223,,missing_pdb,False
P41227,/data/ranran/my_ptm/croton/data/structure_pipeline/pdb/P41227.pdb,exact_sequence_match,True
P41250,/data/ranran/my_ptm/croton/data/structure_pipeline/pdb/P41250.pdb,exact_sequence_match,True
P41252,/data/ranran/my_ptm/croton/data/structure_pipeline/pdb/P41252.pdb,exact_sequence_match,True
P41277,,missing_pdb,False
P41743,/data/ranran/my_ptm/croton/data/structure_pipeline/pdb/P41743.pdb,exact_sequence_match,True
P42166,/data/ranran/my_ptm/croton/data/structure_pipeline/pdb/P42166.pdb,exact_sequence_match,True
P42167,,missing_pdb,False
P42226,,missing_pdb,False
P42285,/data/ranran/my_ptm/croton/data/structure_pipeline/pdb/P42285.pdb,exact_sequence_match,True
P42345,/data/ranran/my_ptm/croton/data/structure_pipeline/pdb/P42345.pdb,exact_sequence_match,True
P42356,/data/ranran/my_ptm/croton/data/structure_pipeline/pdb/P42356.pdb,exact_sequence_match,True
P42357,,missing_pdb,False
P42568,,missing_pdb,False
P42574,,missing_pdb,False
P42575,,missing_pdb,False
P42679,,missing_pdb,False
P42680,,missing_pdb,False
P42684-8,,missing_pdb,False
P42695,,missing_pdb,False
P42696,,missing_pdb,False
P42704,/data/ranran/my_ptm/croton/data/structure_pipeline/pdb/P42704.pdb,exact_sequence_match,True
P42766,/data/ranran/my_ptm/croton/data/structure_pipeline/pdb/P42766.pdb,exact_sequence_match,True
P42768,,missing_pdb,False
P42858,,missing_pdb,False
P42898-2,,missing_pdb,False
P43004,,missing_pdb,False
P43034,/data/ranran/my_ptm/croton/data/structure_pipeline/pdb/P43034.pdb,exact_sequence_match,True
P43246,/data/ranran/my_ptm/croton/data/structure_pipeline/pdb/P43246.pdb,exact_sequence_match,True
P43304-2,,missing_pdb,False
P43307,,missing_pdb,False
P43351,,missing_pdb,False
P43364,,missing_pdb,False
P43487,,missing_pdb,False
P43490,/data/ranran/my_ptm/croton/data/structure_pipeline/pdb/P43490.pdb,exact_sequence_match,True
P43694,,missing_pdb,False
P43897,/data/ranran/my_ptm/croton/data/structure_pipeline/pdb/P43897.pdb,exact_sequence_match,True
P45448,,missing_pdb,False
P45880-1,,missing_pdb,False
P45973,/data/ranran/my_ptm/croton/data/structure_pipeline/pdb/P45973.pdb,exact_sequence_match,True
P45983,,missing_pdb,False
P45985,,missing_pdb,False
P46013,,missing_pdb,False
P46020,,missing_pdb,False
P46061,,missing_pdb,False
P46063,/data/ranran/my_ptm/croton/data/structure_pipeline/pdb/P46063.pdb,exact_sequence_match,True
P46087-4,,missing_pdb,False
P46100,/data/ranran/my_ptm/croton/data/structure_pipeline/pdb/P46100.pdb;/data/ranran/my_ptm/croton/data/structure_pipeline/pdb/AF-P46100-F1-model_v6.pdb,sequence_mismatch,False
P46109,,missing_pdb,False
P46459,/data/ranran/my_ptm/croton/data/structure_pipeline/pdb/P46459.pdb,exact_sequence_match,True
P46736,/data/ranran/my_ptm/croton/data/structure_pipeline/pdb/P46736.pdb,exact_sequence_match,True
P46776,/data/ranran/my_ptm/croton/data/structure_pipeline/pdb/P46776.pdb,exact_sequence_match,True
P46777,/data/ranran/my_ptm/croton/data/structure_pipeline/pdb/P46777.pdb,exact_sequence_match,True
P46778,/data/ranran/my_ptm/croton/data/structure_pipeline/pdb/P46778.pdb,exact_sequence_match,True
P46779,/data/ranran/my_ptm/croton/data/structure_pipeline/pdb/P46779.pdb,exact_sequence_match,True
P46926-2,,missing_pdb,False
P46934-4,,missing_pdb,False
P46937,/data/ranran/my_ptm/croton/data/structure_pipeline/pdb/P46937.pdb,exact_sequence_match,True
P46939-2,,missing_pdb,False
P46940,/data/ranran/my_ptm/croton/data/structure_pipeline/pdb/P46940.pdb,exact_sequence_match,True
P47712,/data/ranran/my_ptm/croton/data/structure_pipeline/pdb/P47712.pdb,exact_sequence_match,True
P47897,/data/ranran/my_ptm/croton/data/structure_pipeline/pdb/P47897.pdb,exact_sequence_match,True
P47914,/data/ranran/my_ptm/croton/data/structure_pipeline/pdb/P47914.pdb,exact_sequence_match,True
P47985,,missing_pdb,False
P48147,/data/ranran/my_ptm/croton/data/structure_pipeline/pdb/P48147.pdb,exact_sequence_match,True
P48167-2,,missing_pdb,False
P48200,/data/ranran/my_ptm/croton/data/structure_pipeline/pdb/P48200.pdb,exact_sequence_match,True
P48307-2,,missing_pdb,False
P48378,,missing_pdb,False
P48382-2,,missing_pdb,False
P48432,,missing_pdb,False
P48436,,missing_pdb,False
P48437,,missing_pdb,False
P48449-3,,missing_pdb,False
P48507,/data/ranran/my_ptm/croton/data/structure_pipeline/pdb/P48507.pdb,exact_sequence_match,True
P48552,,missing_pdb,False
P48556,/data/ranran/my_ptm/croton/data/structure_pipeline/pdb/P48556.pdb,exact_sequence_match,True
P48637,/data/ranran/my_ptm/croton/data/structure_pipeline/pdb/P48637.pdb,exact_sequence_match,True
P48678,,missing_pdb,False
P48681,,missing_pdb,False
P48723,/data/ranran/my_ptm/croton/data/structure_pipeline/pdb/P48723.pdb,exact_sequence_match,True
P48729,/data/ranran/my_ptm/croton/data/structure_pipeline/pdb/P48729.pdb,exact_sequence_match,True
P48742,,missing_pdb,False
P48745,,missing_pdb,False
P48960-2,,missing_pdb,False
P49005,,missing_pdb,False
P49137,,missing_pdb,False
P49189-2,,missing_pdb,False
P49207,/data/ranran/my_ptm/croton/data/structure_pipeline/pdb/P49207.pdb,exact_sequence_match,True
P49257,/data/ranran/my_ptm/croton/data/structure_pipeline/pdb/P49257.pdb,exact_sequence_match,True
P49321,/data/ranran/my_ptm/croton/data/structure_pipeline/pdb/P49321.pdb,exact_sequence_match,True
P49327,/data/ranran/my_ptm/croton/data/structure_pipeline/pdb/P49327.pdb,exact_sequence_match,True
P49366,,missing_pdb,False
P49406,,missing_pdb,False
P49418-2,,missing_pdb,False
P49419,/data/ranran/my_ptm/croton/data/structure_pipeline/pdb/P49419.pdb,exact_sequence_match,True
P49458,/data/ranran/my_ptm/croton/data/structure_pipeline/pdb/P49458.pdb,exact_sequence_match,True
P49588,,missing_pdb,False
P49641,/data/ranran/my_ptm/croton/data/structure_pipeline/pdb/P49641.pdb,exact_sequence_match,True
P49642,/data/ranran/my_ptm/croton/data/structure_pipeline/pdb/P49642.pdb,exact_sequence_match,True
P49643,/data/ranran/my_ptm/croton/data/structure_pipeline/pdb/P49643.pdb,exact_sequence_match,True
P49662,/data/ranran/my_ptm/croton/data/structure_pipeline/pdb/P49662.pdb,exact_sequence_match,True
P49720,/data/ranran/my_ptm/croton/data/structure_pipeline/pdb/P49720.pdb,exact_sequence_match,True
P49721,/data/ranran/my_ptm/croton/data/structure_pipeline/pdb/P49721.pdb,exact_sequence_match,True
P49736,/data/ranran/my_ptm/croton/data/structure_pipeline/pdb/P49736.pdb,exact_sequence_match,True
P49748,/data/ranran/my_ptm/croton/data/structure_pipeline/pdb/P49748.pdb,exact_sequence_match,True
P49750,/data/ranran/my_ptm/croton/data/structure_pipeline/pdb/P49750.pdb,exact_sequence_match,True
P49753,/data/ranran/my_ptm/croton/data/structure_pipeline/pdb/P49753.pdb,exact_sequence_match,True
P49754-2,,missing_pdb,False
P49755,/data/ranran/my_ptm/croton/data/structure_pipeline/pdb/P49755.pdb,exact_sequence_match,True
P49756,/data/ranran/my_ptm/croton/data/structure_pipeline/pdb/P49756.pdb,exact_sequence_match,True
P49758,,missing_pdb,False
P49759-3,,missing_pdb,False
P49761,,missing_pdb,False
P49770,/data/ranran/my_ptm/croton/data/structure_pipeline/pdb/P49770.pdb,exact_sequence_match,True
P49773,/data/ranran/my_ptm/croton/data/structure_pipeline/pdb/P49773.pdb,exact_sequence_match,True
P49790,/data/ranran/my_ptm/croton/data/structure_pipeline/pdb/P49790.pdb,exact_sequence_match,True
P49792,,missing_pdb,False
P49796-5,,missing_pdb,False
P49840,,missing_pdb,False
P49902,/data/ranran/my_ptm/croton/data/structure_pipeline/pdb/P49902.pdb,exact_sequence_match,True
P49914,/data/ranran/my_ptm/croton/data/structure_pipeline/pdb/P49914.pdb,exact_sequence_match,True
P49915,/data/ranran/my_ptm/croton/data/structure_pipeline/pdb/P49915.pdb,exact_sequence_match,True
P49916,/data/ranran/my_ptm/croton/data/structure_pipeline/pdb/P49916.pdb,exact_sequence_match,True
P49959,/data/ranran/my_ptm/croton/data/structure_pipeline/pdb/P49959.pdb,exact_sequence_match,True
P50213,,missing_pdb,False
P50219,,missing_pdb,False
P50416-2,,missing_pdb,False
P50452-3,,missing_pdb,False
P50454,/data/ranran/my_ptm/croton/data/structure_pipeline/pdb/P50454.pdb,exact_sequence_match,True
P50479,,missing_pdb,False
P50502,/data/ranran/my_ptm/croton/data/structure_pipeline/pdb/P50502.pdb,exact_sequence_match,True
P50548,/data/ranran/my_ptm/croton/data/structure_pipeline/pdb/P50548.pdb,exact_sequence_match,True
P50552,/data/ranran/my_ptm/croton/data/structure_pipeline/pdb/P50552.pdb,exact_sequence_match,True
P50583,,missing_pdb,False
P50607,,missing_pdb,False
P50748,/data/ranran/my_ptm/croton/data/structure_pipeline/pdb/P50748.pdb,exact_sequence_match,True
P50749,,missing_pdb,False
P50750-2,,missing_pdb,False
P50876,,missing_pdb,False
P50914,/data/ranran/my_ptm/croton/data/structure_pipeline/pdb/P50914.pdb,exact_sequence_match,True
P50990,/data/ranran/my_ptm/croton/data/structure_pipeline/pdb/P50990.pdb,exact_sequence_match,True
P50995,/data/ranran/my_ptm/croton/data/structure_pipeline/pdb/P50995.pdb,exact_sequence_match,True
P51003,/data/ranran/my_ptm/croton/data/structure_pipeline/pdb/P51003.pdb,exact_sequence_match,True
P51114,,missing_pdb,False
P51504,,missing_pdb,False
P51512,,missing_pdb,False
P51513,,missing_pdb,False
P51522,,missing_pdb,False
P51530,,missing_pdb,False
P51571,,missing_pdb,False
P51587,,missing_pdb,False
P51608,,missing_pdb,False
P51610,/data/ranran/my_ptm/croton/data/structure_pipeline/pdb/P51610.pdb,exact_sequence_match,True
P51648,/data/ranran/my_ptm/croton/data/structure_pipeline/pdb/P51648.pdb,exact_sequence_match,True
P51665,/data/ranran/my_ptm/croton/data/structure_pipeline/pdb/P51665.pdb,exact_sequence_match,True
P51671,,missing_pdb,False
P51784,/data/ranran/my_ptm/croton/data/structure_pipeline/pdb/P51784.pdb,exact_sequence_match,True
P51798,,missing_pdb,False
P51826,,missing_pdb,False
P51843-2,,missing_pdb,False
P51946,,missing_pdb,False
P51948,,missing_pdb,False
P51955,,missing_pdb,False
P51959,,missing_pdb,False
P51959-2,,missing_pdb,False
P51970,/data/ranran/my_ptm/croton/data/structure_pipeline/pdb/P51970.pdb,exact_sequence_match,True
P51991,/data/ranran/my_ptm/croton/data/structure_pipeline/pdb/P51991.pdb,exact_sequence_match,True
P52209,/data/ranran/my_ptm/croton/data/structure_pipeline/pdb/P52209.pdb,exact_sequence_match,True
P52272,/data/ranran/my_ptm/croton/data/structure_pipeline/pdb/P52272.pdb,exact_sequence_match,True
P52294,/data/ranran/my_ptm/croton/data/structure_pipeline/pdb/P52294.pdb,exact_sequence_match,True
P52298,/data/ranran/my_ptm/croton/data/structure_pipeline/pdb/P52298.pdb,exact_sequence_match,True
P52434,,missing_pdb,False
P52435,/data/ranran/my_ptm/croton/data/structure_pipeline/pdb/P52435.pdb,exact_sequence_match,True
P52565,/data/ranran/my_ptm/croton/data/structure_pipeline/pdb/P52565.pdb,exact_sequence_match,True
P52569-3,,missing_pdb,False
P52630,,missing_pdb,False
P52657,,missing_pdb,False
P52701,/data/ranran/my_ptm/croton/data/structure_pipeline/pdb/P52701.pdb,exact_sequence_match,True
P52732,/data/ranran/my_ptm/croton/data/structure_pipeline/pdb/P52732.pdb,exact_sequence_match,True
P52735-3,,missing_pdb,False
P52739,,missing_pdb,False
P52743,,missing_pdb,False
P52746,,missing_pdb,False
P52747,,missing_pdb,False
P52788,/data/ranran/my_ptm/croton/data/structure_pipeline/pdb/P52788.pdb,exact_sequence_match,True
P52789,,missing_pdb,False
P52799,,missing_pdb,False
P52926,,missing_pdb,False
P52948,/data/ranran/my_ptm/croton/data/structure_pipeline/pdb/P52948.pdb,exact_sequence_match,True
P52951,,missing_pdb,False
P52952,,missing_pdb,False
P53004,/data/ranran/my_ptm/croton/data/structure_pipeline/pdb/P53004.pdb,exact_sequence_match,True
P53007,/data/ranran/my_ptm/croton/data/structure_pipeline/pdb/P53007.pdb,exact_sequence_match,True
P53067,,missing_pdb,False
P53367,/data/ranran/my_ptm/croton/data/structure_pipeline/pdb/P53367.pdb,exact_sequence_match,True
P53384-2,,missing_pdb,False
P53396,/data/ranran/my_ptm/croton/data/structure_pipeline/pdb/P53396.pdb,exact_sequence_match,True
P53566,,missing_pdb,False
P53567,,missing_pdb,False
P53582,,missing_pdb,False
P53597,/data/ranran/my_ptm/croton/data/structure_pipeline/pdb/P53597.pdb,exact_sequence_match,True
P53602,/data/ranran/my_ptm/croton/data/structure_pipeline/pdb/P53602.pdb,exact_sequence_match,True
P53609,/data/ranran/my_ptm/croton/data/structure_pipeline/pdb/P53609.pdb,exact_sequence_match,True
P53611,/data/ranran/my_ptm/croton/data/structure_pipeline/pdb/P53611.pdb,exact_sequence_match,True
P53618,/data/ranran/my_ptm/croton/data/structure_pipeline/pdb/P53618.pdb,exact_sequence_match,True
P53621,/data/ranran/my_ptm/croton/data/structure_pipeline/pdb/P53621.pdb,exact_sequence_match,True
P53673,,missing_pdb,False
P53677,,missing_pdb,False
P53701,/data/ranran/my_ptm/croton/data/structure_pipeline/pdb/P53701.pdb,exact_sequence_match,True
P53762,,missing_pdb,False
P53801,/data/ranran/my_ptm/croton/data/structure_pipeline/pdb/P53801.pdb,exact_sequence_match,True
P53804,/data/ranran/my_ptm/croton/data/structure_pipeline/pdb/P53804.pdb,exact_sequence_match,True
P53814,,missing_pdb,False
P53816,/data/ranran/my_ptm/croton/data/structure_pipeline/pdb/P53816.pdb,exact_sequence_match,True
P53985,/data/ranran/my_ptm/croton/data/structure_pipeline/pdb/P53985.pdb,exact_sequence_match,True
P53990-5,,missing_pdb,False
P53992,/data/ranran/my_ptm/croton/data/structure_pipeline/pdb/P53992.pdb,exact_sequence_match,True
P53999,/data/ranran/my_ptm/croton/data/structure_pipeline/pdb/P53999.pdb,exact_sequence_match,True
P54105,,missing_pdb,False
P54132,,missing_pdb,False
P54136,/data/ranran/my_ptm/croton/data/structure_pipeline/pdb/P54136.pdb,exact_sequence_match,True
P54198,,missing_pdb,False
P54253,,missing_pdb,False
P54259,,missing_pdb,False
P54274,,missing_pdb,False
P54277,,missing_pdb,False
P54278,,missing_pdb,False
P54577,/data/ranran/my_ptm/croton/data/structure_pipeline/pdb/P54577.pdb,exact_sequence_match,True
P54578,/data/ranran/my_ptm/croton/data/structure_pipeline/pdb/P54578.pdb,exact_sequence_match,True
P54619,,missing_pdb,False
P54687,,missing_pdb,False
P54709,/data/ranran/my_ptm/croton/data/structure_pipeline/pdb/P54709.pdb,exact_sequence_match,True
P54725-2,,missing_pdb,False
P54750-3,,missing_pdb,False
P54845,,missing_pdb,False
P54855,,missing_pdb,False
P54886,/data/ranran/my_ptm/croton/data/structure_pipeline/pdb/P54886.pdb,exact_sequence_match,True
P55010,/data/ranran/my_ptm/croton/data/structure_pipeline/pdb/P55010.pdb,exact_sequence_match,True
P55011,/data/ranran/my_ptm/croton/data/structure_pipeline/pdb/P55011.pdb,exact_sequence_match,True
P55060,/data/ranran/my_ptm/croton/data/structure_pipeline/pdb/P55060.pdb,exact_sequence_match,True
P55072,/data/ranran/my_ptm/croton/data/structure_pipeline/pdb/P55072.pdb,exact_sequence_match,True
P55081,/data/ranran/my_ptm/croton/data/structure_pipeline/pdb/P55081.pdb,exact_sequence_match,True
P55198,,missing_pdb,False
P55201,,missing_pdb,False
P55209,/data/ranran/my_ptm/croton/data/structure_pipeline/pdb/P55209.pdb,exact_sequence_match,True
P55210,/data/ranran/my_ptm/croton/data/structure_pipeline/pdb/P55210.pdb,exact_sequence_match,True
P55263,/data/ranran/my_ptm/croton/data/structure_pipeline/pdb/P55263.pdb,exact_sequence_match,True
P55265-4,,missing_pdb,False
P55265-5,,missing_pdb,False
P55316,,missing_pdb,False
P55347,,missing_pdb,False
P55769,/data/ranran/my_ptm/croton/data/structure_pipeline/pdb/P55769.pdb,exact_sequence_match,True
P55786,/data/ranran/my_ptm/croton/data/structure_pipeline/pdb/P55786.pdb,exact_sequence_match,True
P55789,,missing_pdb,False
P55852,,missing_pdb,False
P55854,/data/ranran/my_ptm/croton/data/structure_pipeline/pdb/P55854.pdb,exact_sequence_match,True
P55884-2,,missing_pdb,False
P56182,,missing_pdb,False
P56192-2,,missing_pdb,False
P56270-2,,missing_pdb,False
P56282,,missing_pdb,False
P56545,/data/ranran/my_ptm/croton/data/structure_pipeline/pdb/P56545.pdb,exact_sequence_match,True
P56559,,missing_pdb,False
P56581,,missing_pdb,False
P56817,,missing_pdb,False
P56945-4,,missing_pdb,False
P57052,,missing_pdb,False
P57058,,missing_pdb,False
P57071,,missing_pdb,False
P57076,/data/ranran/my_ptm/croton/data/structure_pipeline/pdb/P57076.pdb,exact_sequence_match,True
P57078-2,,missing_pdb,False
P57081,/data/ranran/my_ptm/croton/data/structure_pipeline/pdb/P57081.pdb,exact_sequence_match,True
P57086,,missing_pdb,False
P57678,/data/ranran/my_ptm/croton/data/structure_pipeline/pdb/P57678.pdb,exact_sequence_match,True
P57721,,missing_pdb,False
P57723,/data/ranran/my_ptm/croton/data/structure_pipeline/pdb/P57723.pdb,exact_sequence_match,True
P57739,,missing_pdb,False
P57740,/data/ranran/my_ptm/croton/data/structure_pipeline/pdb/P57740.pdb,exact_sequence_match,True
P57771-2,,missing_pdb,False
P57772,,missing_pdb,False
P58004,,missing_pdb,False
P58107,,missing_pdb,False
P58340-3,,missing_pdb,False
P58463,,missing_pdb,False
P58546,/data/ranran/my_ptm/croton/data/structure_pipeline/pdb/P58546.pdb,exact_sequence_match,True
P59045,,missing_pdb,False
P59510,,missing_pdb,False
P59827,,missing_pdb,False
P59923,,missing_pdb,False
P60174,,missing_pdb,False
P60228,/data/ranran/my_ptm/croton/data/structure_pipeline/pdb/P60228.pdb,exact_sequence_match,True
P60484,/data/ranran/my_ptm/croton/data/structure_pipeline/pdb/P60484.pdb,exact_sequence_match,True
P60604,,missing_pdb,False
P60660,,missing_pdb,False
P60763,,missing_pdb,False
P60866-2,,missing_pdb,False
P60896,/data/ranran/my_ptm/croton/data/structure_pipeline/pdb/P60896.pdb,exact_sequence_match,True
P60983,/data/ranran/my_ptm/croton/data/structure_pipeline/pdb/P60983.pdb,exact_sequence_match,True
P61009,/data/ranran/my_ptm/croton/data/structure_pipeline/pdb/P61009.pdb,exact_sequence_match,True
P61086,/data/ranran/my_ptm/croton/data/structure_pipeline/pdb/P61086.pdb,exact_sequence_match,True
P61158,/data/ranran/my_ptm/croton/data/structure_pipeline/pdb/P61158.pdb,exact_sequence_match,True
P61221,/data/ranran/my_ptm/croton/data/structure_pipeline/pdb/P61221.pdb,exact_sequence_match,True
P61247,/data/ranran/my_ptm/croton/data/structure_pipeline/pdb/P61247.pdb,exact_sequence_match,True
P61254,/data/ranran/my_ptm/croton/data/structure_pipeline/pdb/P61254.pdb,exact_sequence_match,True
P61289,/data/ranran/my_ptm/croton/data/structure_pipeline/pdb/P61289.pdb,exact_sequence_match,True
P61313,/data/ranran/my_ptm/croton/data/structure_pipeline/pdb/P61313.pdb,exact_sequence_match,True
P61326,,missing_pdb,False
P61353,/data/ranran/my_ptm/croton/data/structure_pipeline/pdb/P61353.pdb,exact_sequence_match,True
P61457,/data/ranran/my_ptm/croton/data/structure_pipeline/pdb/P61457.pdb,exact_sequence_match,True
P61513,,missing_pdb,False
P61599,,missing_pdb,False
P61604,/data/ranran/my_ptm/croton/data/structure_pipeline/pdb/P61604.pdb,exact_sequence_match,True
P61758,/data/ranran/my_ptm/croton/data/structure_pipeline/pdb/P61758.pdb,exact_sequence_match,True
P61769,/data/ranran/my_ptm/croton/data/structure_pipeline/pdb/P61769.pdb,exact_sequence_match,True
P61812,,missing_pdb,False
P61927,/data/ranran/my_ptm/croton/data/structure_pipeline/pdb/P61927.pdb,exact_sequence_match,True
P61960,,missing_pdb,False
P61962,,missing_pdb,False
P61966,/data/ranran/my_ptm/croton/data/structure_pipeline/pdb/P61966.pdb,exact_sequence_match,True
P61970,,missing_pdb,False
P61978-2,,missing_pdb,False
P62072,/data/ranran/my_ptm/croton/data/structure_pipeline/pdb/P62072.pdb,exact_sequence_match,True
P62079,,missing_pdb,False
P62081,/data/ranran/my_ptm/croton/data/structure_pipeline/pdb/P62081.pdb,exact_sequence_match,True
P62136,/data/ranran/my_ptm/croton/data/structure_pipeline/pdb/P62136.pdb,exact_sequence_match,True
P62166,,missing_pdb,False
P62191,/data/ranran/my_ptm/croton/data/structure_pipeline/pdb/P62191.pdb,exact_sequence_match,True
P62241,/data/ranran/my_ptm/croton/data/structure_pipeline/pdb/P62241.pdb,exact_sequence_match,True
P62244,/data/ranran/my_ptm/croton/data/structure_pipeline/pdb/P62244.pdb,exact_sequence_match,True
P62249,/data/ranran/my_ptm/croton/data/structure_pipeline/pdb/P62249.pdb,exact_sequence_match,True
P62256-2,,missing_pdb,False
P62258,/data/ranran/my_ptm/croton/data/structure_pipeline/pdb/P62258.pdb,exact_sequence_match,True
P62263,/data/ranran/my_ptm/croton/data/structure_pipeline/pdb/P62263.pdb,exact_sequence_match,True
P62266,/data/ranran/my_ptm/croton/data/structure_pipeline/pdb/P62266.pdb,exact_sequence_match,True
P62269,/data/ranran/my_ptm/croton/data/structure_pipeline/pdb/P62269.pdb,exact_sequence_match,True
P62277,/data/ranran/my_ptm/croton/data/structure_pipeline/pdb/P62277.pdb,exact_sequence_match,True
P62280,/data/ranran/my_ptm/croton/data/structure_pipeline/pdb/P62280.pdb,exact_sequence_match,True
P62304,/data/ranran/my_ptm/croton/data/structure_pipeline/pdb/P62304.pdb,exact_sequence_match,True
P62306,/data/ranran/my_ptm/croton/data/structure_pipeline/pdb/P62306.pdb,exact_sequence_match,True
P62308,,missing_pdb,False
P62312,,missing_pdb,False
P62316,/data/ranran/my_ptm/croton/data/structure_pipeline/pdb/P62316.pdb,exact_sequence_match,True
P62318,/data/ranran/my_ptm/croton/data/structure_pipeline/pdb/P62318.pdb,exact_sequence_match,True
P62328,,missing_pdb,False
P62424,/data/ranran/my_ptm/croton/data/structure_pipeline/pdb/P62424.pdb,exact_sequence_match,True
P62487,,missing_pdb,False
P62495,/data/ranran/my_ptm/croton/data/structure_pipeline/pdb/P62495.pdb,exact_sequence_match,True
P62508,,missing_pdb,False
P62699,,missing_pdb,False
P62701,,missing_pdb,False
P62750,/data/ranran/my_ptm/croton/data/structure_pipeline/pdb/P62750.pdb,exact_sequence_match,True
P62753,/data/ranran/my_ptm/croton/data/structure_pipeline/pdb/P62753.pdb,exact_sequence_match,True
P62805,/data/ranran/my_ptm/croton/data/structure_pipeline/pdb/P62805.pdb,exact_sequence_match,True
P62829,/data/ranran/my_ptm/croton/data/structure_pipeline/pdb/P62829.pdb,exact_sequence_match,True
P62847,/data/ranran/my_ptm/croton/data/structure_pipeline/pdb/P62847.pdb,exact_sequence_match,True
P62851,/data/ranran/my_ptm/croton/data/structure_pipeline/pdb/P62851.pdb,exact_sequence_match,True
P62854,/data/ranran/my_ptm/croton/data/structure_pipeline/pdb/P62854.pdb,exact_sequence_match,True
P62877,/data/ranran/my_ptm/croton/data/structure_pipeline/pdb/P62877.pdb,exact_sequence_match,True
P62888,/data/ranran/my_ptm/croton/data/structure_pipeline/pdb/P62888.pdb,exact_sequence_match,True
P62899,/data/ranran/my_ptm/croton/data/structure_pipeline/pdb/P62899.pdb,exact_sequence_match,True
P62906,/data/ranran/my_ptm/croton/data/structure_pipeline/pdb/P62906.pdb,exact_sequence_match,True
P62913,/data/ranran/my_ptm/croton/data/structure_pipeline/pdb/P62913.pdb,exact_sequence_match,True
P62917,/data/ranran/my_ptm/croton/data/structure_pipeline/pdb/P62917.pdb,exact_sequence_match,True
P62979,,missing_pdb,False
P62995,,missing_pdb,False
P62995-3,,missing_pdb,False
P63015-3,,missing_pdb,False
P63092,,missing_pdb,False
P63167,/data/ranran/my_ptm/croton/data/structure_pipeline/pdb/P63167.pdb,exact_sequence_match,True
P63173,/data/ranran/my_ptm/croton/data/structure_pipeline/pdb/P63173.pdb,exact_sequence_match,True
P63211,,missing_pdb,False
P63220,/data/ranran/my_ptm/croton/data/structure_pipeline/pdb/P63220.pdb,exact_sequence_match,True
P63244,/data/ranran/my_ptm/croton/data/structure_pipeline/pdb/P63244.pdb,exact_sequence_match,True
P63272,/data/ranran/my_ptm/croton/data/structure_pipeline/pdb/P63272.pdb,exact_sequence_match,True
P67809,,missing_pdb,False
P67812-2,,missing_pdb,False
P68400,/data/ranran/my_ptm/croton/data/structure_pipeline/pdb/P68400.pdb,exact_sequence_match,True
P68431,/data/ranran/my_ptm/croton/data/structure_pipeline/pdb/P68431.pdb,exact_sequence_match,True
P68543,,missing_pdb,False
P68543-2,,missing_pdb,False
P69905,,missing_pdb,False
P78310-4,,missing_pdb,False
P78314,,missing_pdb,False
P78316,/data/ranran/my_ptm/croton/data/structure_pipeline/pdb/P78316.pdb,exact_sequence_match,True
P78318,/data/ranran/my_ptm/croton/data/structure_pipeline/pdb/P78318.pdb,exact_sequence_match,True
P78330,/data/ranran/my_ptm/croton/data/structure_pipeline/pdb/P78330.pdb,exact_sequence_match,True
P78332,,missing_pdb,False
P78345,/data/ranran/my_ptm/croton/data/structure_pipeline/pdb/P78345.pdb,exact_sequence_match,True
P78346-2,,missing_pdb,False
P78347,/data/ranran/my_ptm/croton/data/structure_pipeline/pdb/P78347.pdb,exact_sequence_match,True
P78356-2,,missing_pdb,False
P78362,,missing_pdb,False
P78364,,missing_pdb,False
P78367,,missing_pdb,False
P78395,,missing_pdb,False
P78406,/data/ranran/my_ptm/croton/data/structure_pipeline/pdb/P78406.pdb,exact_sequence_match,True
P78415,,missing_pdb,False
P78417,/data/ranran/my_ptm/croton/data/structure_pipeline/pdb/P78417.pdb,exact_sequence_match,True
P78527,,missing_pdb,False
P78536,,missing_pdb,False
P78545-2,,missing_pdb,False
P78549,,missing_pdb,False
P78563,,missing_pdb,False
P80723,/data/ranran/my_ptm/croton/data/structure_pipeline/pdb/P80723.pdb,exact_sequence_match,True
P81133,,missing_pdb,False
P81274,/data/ranran/my_ptm/croton/data/structure_pipeline/pdb/P81274.pdb,exact_sequence_match,True
P81408-4,,missing_pdb,False
P82663,/data/ranran/my_ptm/croton/data/structure_pipeline/pdb/P82663.pdb,exact_sequence_match,True
P82673,/data/ranran/my_ptm/croton/data/structure_pipeline/pdb/P82673.pdb,exact_sequence_match,True
P82675,/data/ranran/my_ptm/croton/data/structure_pipeline/pdb/P82675.pdb,exact_sequence_match,True
P82914,/data/ranran/my_ptm/croton/data/structure_pipeline/pdb/P82914.pdb,exact_sequence_match,True
P82921,,missing_pdb,False
P82932,,missing_pdb,False
P82933,/data/ranran/my_ptm/croton/data/structure_pipeline/pdb/P82933.pdb,exact_sequence_match,True
P82970,/data/ranran/my_ptm/croton/data/structure_pipeline/pdb/P82970.pdb,exact_sequence_match,True
P83110-2,,missing_pdb,False
P83111-2,,missing_pdb,False
P83369,,missing_pdb,False
P83731,/data/ranran/my_ptm/croton/data/structure_pipeline/pdb/P83731.pdb,exact_sequence_match,True
P83881,/data/ranran/my_ptm/croton/data/structure_pipeline/pdb/P83881.pdb,exact_sequence_match,True
P84090,/data/ranran/my_ptm/croton/data/structure_pipeline/pdb/P84090.pdb,exact_sequence_match,True
P84098,/data/ranran/my_ptm/croton/data/structure_pipeline/pdb/P84098.pdb,exact_sequence_match,True
P84103,,missing_pdb,False
P85037,,missing_pdb,False
P85299,,missing_pdb,False
P86791,,missing_pdb,False
P98082,/data/ranran/my_ptm/croton/data/structure_pipeline/pdb/P98082.pdb,exact_sequence_match,True
P98175,/data/ranran/my_ptm/croton/data/structure_pipeline/pdb/P98175.pdb,exact_sequence_match,True
P98182-3,,missing_pdb,False
P99999,/data/ranran/my_ptm/croton/data/structure_pipeline/pdb/P99999.pdb,exact_sequence_match,True
Q00288,,missing_pdb,False
Q00403,/data/ranran/my_ptm/croton/data/structure_pipeline/pdb/Q00403.pdb,exact_sequence_match,True
Q00532,,missing_pdb,False
Q00532-2,,missing_pdb,False
Q00610,/data/ranran/my_ptm/croton/data/structure_pipeline/pdb/Q00610.pdb,exact_sequence_match,True
Q00688,/data/ranran/my_ptm/croton/data/structure_pipeline/pdb/Q00688.pdb,exact_sequence_match,True
Q00796,/data/ranran/my_ptm/croton/data/structure_pipeline/pdb/Q00796.pdb,exact_sequence_match,True
Q00888,,missing_pdb,False
Q00987,,missing_pdb,False
Q01201,,missing_pdb,False
Q01433,,missing_pdb,False
Q01518,,missing_pdb,False
Q01538,,missing_pdb,False
Q01581,/data/ranran/my_ptm/croton/data/structure_pipeline/pdb/Q01581.pdb,exact_sequence_match,True
Q01658,,missing_pdb,False
Q01664,,missing_pdb,False
Q01780,/data/ranran/my_ptm/croton/data/structure_pipeline/pdb/Q01780.pdb,exact_sequence_match,True
Q01826,,missing_pdb,False
Q01831,/data/ranran/my_ptm/croton/data/structure_pipeline/pdb/Q01831.pdb,exact_sequence_match,True
Q01850,,missing_pdb,False
Q01860,,missing_pdb,False
Q01955-5,,missing_pdb,False
Q01970,/data/ranran/my_ptm/croton/data/structure_pipeline/pdb/Q01970.pdb,exact_sequence_match,True
Q01974,,missing_pdb,False
Q02040,/data/ranran/my_ptm/croton/data/structure_pipeline/pdb/Q02040.pdb,exact_sequence_match,True
Q02086-2,,missing_pdb,False
Q02153,,missing_pdb,False
Q02156,,missing_pdb,False
Q02224,,missing_pdb,False
Q02241,/data/ranran/my_ptm/croton/data/structure_pipeline/pdb/Q02241.pdb,exact_sequence_match,True
Q02241-3,,missing_pdb,False
Q02363,,missing_pdb,False
Q02447-3,,missing_pdb,False
Q02543,/data/ranran/my_ptm/croton/data/structure_pipeline/pdb/Q02543.pdb,exact_sequence_match,True
Q02591,,missing_pdb,False
Q02790,/data/ranran/my_ptm/croton/data/structure_pipeline/pdb/Q02790.pdb,exact_sequence_match,True
Q02878,/data/ranran/my_ptm/croton/data/structure_pipeline/pdb/Q02878.pdb,exact_sequence_match,True
Q02880,/data/ranran/my_ptm/croton/data/structure_pipeline/pdb/Q02880.pdb,exact_sequence_match,True
Q02930,,missing_pdb,False
Q02952,,missing_pdb,False
Q03001,,missing_pdb,False
Q03014,,missing_pdb,False
Q03135,/data/ranran/my_ptm/croton/data/structure_pipeline/pdb/Q03135.pdb,exact_sequence_match,True
Q03154,/data/ranran/my_ptm/croton/data/structure_pipeline/pdb/Q03154.pdb,exact_sequence_match,True
Q03164,,missing_pdb,False
Q03169,,missing_pdb,False
Q03181-2,,missing_pdb,False
Q03188,,missing_pdb,False
Q03330,,missing_pdb,False
Q03393,,missing_pdb,False
Q03405,,missing_pdb,False
Q03426,/data/ranran/my_ptm/croton/data/structure_pipeline/pdb/Q03426.pdb,exact_sequence_match,True
Q03468,/data/ranran/my_ptm/croton/data/structure_pipeline/pdb/Q03468.pdb,exact_sequence_match,True
Q03701,/data/ranran/my_ptm/croton/data/structure_pipeline/pdb/Q03701.pdb,exact_sequence_match,True
Q03933,,missing_pdb,False
Q03989,,missing_pdb,False
Q04110,,missing_pdb,False
Q04206,,missing_pdb,False
Q04322,,missing_pdb,False
Q04323-2,,missing_pdb,False
Q04637-9,,missing_pdb,False
Q04721,/data/ranran/my_ptm/croton/data/structure_pipeline/pdb/Q04721.pdb,exact_sequence_match,True
Q04743,,missing_pdb,False
Q04760,/data/ranran/my_ptm/croton/data/structure_pipeline/pdb/Q04760.pdb,exact_sequence_match,True
Q04771,,missing_pdb,False
Q04864,/data/ranran/my_ptm/croton/data/structure_pipeline/pdb/Q04864.pdb,exact_sequence_match,True
Q05024,,missing_pdb,False
Q05193,,missing_pdb,False
Q05209,/data/ranran/my_ptm/croton/data/structure_pipeline/pdb/Q05209.pdb,exact_sequence_match,True
Q05513-2,,missing_pdb,False
Q05516,,missing_pdb,False
Q05519,/data/ranran/my_ptm/croton/data/structure_pipeline/pdb/Q05519.pdb,exact_sequence_match,True
Q05639,/data/ranran/my_ptm/croton/data/structure_pipeline/pdb/Q05639.pdb,exact_sequence_match,True
Q05682,/data/ranran/my_ptm/croton/data/structure_pipeline/pdb/Q05682.pdb,exact_sequence_match,True
Q05932-3,,missing_pdb,False
Q05D32,,missing_pdb,False
Q05GC8,,missing_pdb,False
Q06124,/data/ranran/my_ptm/croton/data/structure_pipeline/pdb/Q06124.pdb,exact_sequence_match,True
Q06136,/data/ranran/my_ptm/croton/data/structure_pipeline/pdb/Q06136.pdb,exact_sequence_match,True
Q06203,/data/ranran/my_ptm/croton/data/structure_pipeline/pdb/Q06203.pdb,exact_sequence_match,True
Q06265,/data/ranran/my_ptm/croton/data/structure_pipeline/pdb/Q06265.pdb,exact_sequence_match,True
Q06278,,missing_pdb,False
Q06546,/data/ranran/my_ptm/croton/data/structure_pipeline/pdb/Q06546.pdb,exact_sequence_match,True
Q06587,/data/ranran/my_ptm/croton/data/structure_pipeline/pdb/Q06587.pdb,exact_sequence_match,True
Q06609-2,,missing_pdb,False
Q06624,,missing_pdb,False
Q06945,,missing_pdb,False
Q07001,,missing_pdb,False
Q07002,,missing_pdb,False
Q07021,/data/ranran/my_ptm/croton/data/structure_pipeline/pdb/Q07021.pdb,exact_sequence_match,True
Q07283,,missing_pdb,False
Q07352,,missing_pdb,False
Q07657,,missing_pdb,False
Q07666,/data/ranran/my_ptm/croton/data/structure_pipeline/pdb/Q07666.pdb,exact_sequence_match,True
Q07864,/data/ranran/my_ptm/croton/data/structure_pipeline/pdb/Q07864.pdb,exact_sequence_match,True
Q07954,,missing_pdb,False
Q07979,,missing_pdb,False
Q08050-3,,missing_pdb,False
Q08117,,missing_pdb,False
Q08117-2,,missing_pdb,False
Q08211,/data/ranran/my_ptm/croton/data/structure_pipeline/pdb/Q08211.pdb,exact_sequence_match,True
Q08289-9,,missing_pdb,False
Q08357,,missing_pdb,False
Q08379,/data/ranran/my_ptm/croton/data/structure_pipeline/pdb/Q08379.pdb,exact_sequence_match,True
Q08380,,missing_pdb,False
Q08623,/data/ranran/my_ptm/croton/data/structure_pipeline/pdb/Q08623.pdb,exact_sequence_match,True
Q08629,,missing_pdb,False
Q08752,/data/ranran/my_ptm/croton/data/structure_pipeline/pdb/Q08752.pdb,exact_sequence_match,True
Q08945,/data/ranran/my_ptm/croton/data/structure_pipeline/pdb/Q08945.pdb,exact_sequence_match,True
Q08AD1-2,,missing_pdb,False
Q08AE8,,missing_pdb,False
Q08AF3,,missing_pdb,False
Q08AG5,,missing_pdb,False
Q08AG7,,missing_pdb,False
Q08J23,/data/ranran/my_ptm/croton/data/structure_pipeline/pdb/Q08J23.pdb,exact_sequence_match,True
Q09013,,missing_pdb,False
Q09028,/data/ranran/my_ptm/croton/data/structure_pipeline/pdb/Q09028.pdb,exact_sequence_match,True
Q09161,/data/ranran/my_ptm/croton/data/structure_pipeline/pdb/Q09161.pdb,exact_sequence_match,True
Q09328,,missing_pdb,False
Q09666,,missing_pdb,False
Q09FC8,,missing_pdb,False
Q0JRZ9,/data/ranran/my_ptm/croton/data/structure_pipeline/pdb/Q0JRZ9.pdb,exact_sequence_match,True
Q0P651,,missing_pdb,False
Q0PNE2,/data/ranran/my_ptm/croton/data/structure_pipeline/pdb/Q0PNE2.pdb,exact_sequence_match,True
Q0PRL4,,missing_pdb,False
Q0VDD8,,missing_pdb,False
Q0VDD8-2,,missing_pdb,False
Q0VDD8-4,,missing_pdb,False
Q0VDF9,/data/ranran/my_ptm/croton/data/structure_pipeline/pdb/Q0VDF9.pdb,exact_sequence_match,True
Q0VF96,,missing_pdb,False
Q0VFZ6,,missing_pdb,False
Q0VG06,,missing_pdb,False
Q10429,,missing_pdb,False
Q10471,/data/ranran/my_ptm/croton/data/structure_pipeline/pdb/Q10471.pdb,exact_sequence_match,True
Q10570,/data/ranran/my_ptm/croton/data/structure_pipeline/pdb/Q10570.pdb,exact_sequence_match,True
Q10586,,missing_pdb,False
Q10587,,missing_pdb,False
Q10589,,missing_pdb,False
Q10713,/data/ranran/my_ptm/croton/data/structure_pipeline/pdb/Q10713.pdb,exact_sequence_match,True
Q12158,,missing_pdb,False
Q12216,,missing_pdb,False
Q12223,,missing_pdb,False
Q12766,,missing_pdb,False
Q12768,/data/ranran/my_ptm/croton/data/structure_pipeline/pdb/Q12768.pdb,exact_sequence_match,True
Q12788,/data/ranran/my_ptm/croton/data/structure_pipeline/pdb/Q12788.pdb,exact_sequence_match,True
Q12789,/data/ranran/my_ptm/croton/data/structure_pipeline/pdb/Q12789.pdb,exact_sequence_match,True
Q12792,/data/ranran/my_ptm/croton/data/structure_pipeline/pdb/Q12792.pdb,exact_sequence_match,True
Q12792-4,,missing_pdb,False
Q12796,,missing_pdb,False
Q12824,,missing_pdb,False
Q12830,,missing_pdb,False
Q12834,/data/ranran/my_ptm/croton/data/structure_pipeline/pdb/Q12834.pdb,exact_sequence_match,True
Q12849,/data/ranran/my_ptm/croton/data/structure_pipeline/pdb/Q12849.pdb,exact_sequence_match,True
Q12860-2,,missing_pdb,False
Q12872,,missing_pdb,False
Q12873-3,,missing_pdb,False
Q12874,/data/ranran/my_ptm/croton/data/structure_pipeline/pdb/Q12874.pdb,exact_sequence_match,True
Q12882,,missing_pdb,False
Q12884,,missing_pdb,False
Q12888-2,,missing_pdb,False
Q12894,,missing_pdb,False
Q12904,/data/ranran/my_ptm/croton/data/structure_pipeline/pdb/Q12904.pdb,exact_sequence_match,True
Q12905,/data/ranran/my_ptm/croton/data/structure_pipeline/pdb/Q12905.pdb,exact_sequence_match,True
Q12906-7,,missing_pdb,False
Q12912,,missing_pdb,False
Q12947,,missing_pdb,False
Q12948,,missing_pdb,False
Q12952,,missing_pdb,False
Q12955,,missing_pdb,False
Q12962,,missing_pdb,False
Q12968,,missing_pdb,False
Q12972,/data/ranran/my_ptm/croton/data/structure_pipeline/pdb/Q12972.pdb,exact_sequence_match,True
Q12980,,missing_pdb,False
Q12982,,missing_pdb,False
Q12986-3,,missing_pdb,False
Q12996,/data/ranran/my_ptm/croton/data/structure_pipeline/pdb/Q12996.pdb,exact_sequence_match,True
Q13011,/data/ranran/my_ptm/croton/data/structure_pipeline/pdb/Q13011.pdb,exact_sequence_match,True
Q13015,,missing_pdb,False
Q13029,,missing_pdb,False
Q13042-3,,missing_pdb,False
Q13045,/data/ranran/my_ptm/croton/data/structure_pipeline/pdb/Q13045.pdb,exact_sequence_match,True
Q13049,/data/ranran/my_ptm/croton/data/structure_pipeline/pdb/Q13049.pdb,exact_sequence_match,True
Q13057,/data/ranran/my_ptm/croton/data/structure_pipeline/pdb/Q13057.pdb,exact_sequence_match,True
Q13061,,missing_pdb,False
Q13075,,missing_pdb,False
Q13085,,missing_pdb,False
Q13093,,missing_pdb,False
Q13099-3,,missing_pdb,False
Q13105,,missing_pdb,False
Q13111,,missing_pdb,False
Q13112,,missing_pdb,False
Q13114,,missing_pdb,False
Q13115,,missing_pdb,False
Q13123,/data/ranran/my_ptm/croton/data/structure_pipeline/pdb/Q13123.pdb,exact_sequence_match,True
Q13127,,missing_pdb,False
Q13129,,missing_pdb,False
Q13145,,missing_pdb,False
Q13148,/data/ranran/my_ptm/croton/data/structure_pipeline/pdb/Q13148.pdb,exact_sequence_match,True
Q13153,,missing_pdb,False
Q13158,/data/ranran/my_ptm/croton/data/structure_pipeline/pdb/Q13158.pdb,exact_sequence_match,True
Q13162,/data/ranran/my_ptm/croton/data/structure_pipeline/pdb/Q13162.pdb,exact_sequence_match,True
Q13163-4,,missing_pdb,False
Q13164,,missing_pdb,False
Q13164-4,,missing_pdb,False
Q13191,/data/ranran/my_ptm/croton/data/structure_pipeline/pdb/Q13191.pdb,exact_sequence_match,True
Q13200,/data/ranran/my_ptm/croton/data/structure_pipeline/pdb/Q13200.pdb,exact_sequence_match,True
Q13206,/data/ranran/my_ptm/croton/data/structure_pipeline/pdb/Q13206.pdb,exact_sequence_match,True
Q13217,/data/ranran/my_ptm/croton/data/structure_pipeline/pdb/Q13217.pdb,exact_sequence_match,True
Q13219,,missing_pdb,False
Q13224,,missing_pdb,False
Q13227,/data/ranran/my_ptm/croton/data/structure_pipeline/pdb/Q13227.pdb,exact_sequence_match,True
Q13228,/data/ranran/my_ptm/croton/data/structure_pipeline/pdb/Q13228.pdb,exact_sequence_match,True
Q13233,,missing_pdb,False
Q13237,,missing_pdb,False
Q13243,,missing_pdb,False
Q13247,,missing_pdb,False
Q13257,,missing_pdb,False
Q13263,/data/ranran/my_ptm/croton/data/structure_pipeline/pdb/Q13263.pdb,exact_sequence_match,True
Q13268,,missing_pdb,False
Q13287,/data/ranran/my_ptm/croton/data/structure_pipeline/pdb/Q13287.pdb,exact_sequence_match,True
Q13308-5,,missing_pdb,False
Q13310,/data/ranran/my_ptm/croton/data/structure_pipeline/pdb/Q13310.pdb,exact_sequence_match,True
Q13315,,missing_pdb,False
Q13316,,missing_pdb,False
Q13322,,missing_pdb,False
Q13330,,missing_pdb,False
Q13347,/data/ranran/my_ptm/croton/data/structure_pipeline/pdb/Q13347.pdb,exact_sequence_match,True
Q13351,,missing_pdb,False
Q13352,,missing_pdb,False
Q13356,/data/ranran/my_ptm/croton/data/structure_pipeline/pdb/Q13356.pdb,exact_sequence_match,True
Q13362-2,,missing_pdb,False
Q13393-4,,missing_pdb,False
Q13395,/data/ranran/my_ptm/croton/data/structure_pipeline/pdb/Q13395.pdb,exact_sequence_match,True
Q13409,/data/ranran/my_ptm/croton/data/structure_pipeline/pdb/Q13409.pdb,exact_sequence_match,True
Q13415,,missing_pdb,False
Q13416,/data/ranran/my_ptm/croton/data/structure_pipeline/pdb/Q13416.pdb,exact_sequence_match,True
Q13424,,missing_pdb,False
Q13426,,missing_pdb,False
Q13427,,missing_pdb,False
Q13428,/data/ranran/my_ptm/croton/data/structure_pipeline/pdb/Q13428.pdb,exact_sequence_match,True
Q13432,,missing_pdb,False
Q13435,/data/ranran/my_ptm/croton/data/structure_pipeline/pdb/Q13435.pdb,exact_sequence_match,True
Q13438,,missing_pdb,False
Q13442,/data/ranran/my_ptm/croton/data/structure_pipeline/pdb/Q13442.pdb,exact_sequence_match,True
Q13444-10,,missing_pdb,False
Q13474,,missing_pdb,False
Q13485,/data/ranran/my_ptm/croton/data/structure_pipeline/pdb/Q13485.pdb,exact_sequence_match,True
Q13492,/data/ranran/my_ptm/croton/data/structure_pipeline/pdb/Q13492.pdb,exact_sequence_match,True
Q13495,,missing_pdb,False
Q13496-2,,missing_pdb,False
Q13501,/data/ranran/my_ptm/croton/data/structure_pipeline/pdb/Q13501.pdb,exact_sequence_match,True
Q13505,,missing_pdb,False
Q13506,,missing_pdb,False
Q13508,,missing_pdb,False
Q13516,,missing_pdb,False
Q13523,/data/ranran/my_ptm/croton/data/structure_pipeline/pdb/Q13523.pdb,exact_sequence_match,True
Q13526,/data/ranran/my_ptm/croton/data/structure_pipeline/pdb/Q13526.pdb,exact_sequence_match,True
Q13535,/data/ranran/my_ptm/croton/data/structure_pipeline/pdb/Q13535.pdb,exact_sequence_match,True
Q13546,,missing_pdb,False
Q13557-4,,missing_pdb,False
Q13561,/data/ranran/my_ptm/croton/data/structure_pipeline/pdb/Q13561.pdb,exact_sequence_match,True
Q13564-4,,missing_pdb,False
Q13572,,missing_pdb,False
Q13573,/data/ranran/my_ptm/croton/data/structure_pipeline/pdb/Q13573.pdb,exact_sequence_match,True
Q13574,,missing_pdb,False
Q13586,/data/ranran/my_ptm/croton/data/structure_pipeline/pdb/Q13586.pdb,exact_sequence_match,True
Q13601,/data/ranran/my_ptm/croton/data/structure_pipeline/pdb/Q13601.pdb,exact_sequence_match,True
Q13608-3,,missing_pdb,False
Q13610,/data/ranran/my_ptm/croton/data/structure_pipeline/pdb/Q13610.pdb,exact_sequence_match,True
Q13618,/data/ranran/my_ptm/croton/data/structure_pipeline/pdb/Q13618.pdb,exact_sequence_match,True
Q13620,/data/ranran/my_ptm/croton/data/structure_pipeline/pdb/Q13620.pdb,exact_sequence_match,True
Q13627,,missing_pdb,False
Q13630,/data/ranran/my_ptm/croton/data/structure_pipeline/pdb/Q13630.pdb,exact_sequence_match,True
Q13642,/data/ranran/my_ptm/croton/data/structure_pipeline/pdb/Q13642.pdb,exact_sequence_match,True
Q13643,,missing_pdb,False
Q13685,,missing_pdb,False
Q13686,,missing_pdb,False
Q13751,,missing_pdb,False
Q13753,,missing_pdb,False
Q13761,,missing_pdb,False
Q13765,,missing_pdb,False
Q13769,,missing_pdb,False
Q13772,,missing_pdb,False
Q13795-4,,missing_pdb,False
Q13823,/data/ranran/my_ptm/croton/data/structure_pipeline/pdb/Q13823.pdb,exact_sequence_match,True
Q13829,,missing_pdb,False
Q13838-2,,missing_pdb,False
Q13867,/data/ranran/my_ptm/croton/data/structure_pipeline/pdb/Q13867.pdb,exact_sequence_match,True
Q13868,,missing_pdb,False
Q13873,,missing_pdb,False
Q13887,,missing_pdb,False
Q13888,,missing_pdb,False
Q13889,,missing_pdb,False
Q13895,/data/ranran/my_ptm/croton/data/structure_pipeline/pdb/Q13895.pdb,exact_sequence_match,True
Q13901,/data/ranran/my_ptm/croton/data/structure_pipeline/pdb/Q13901.pdb,exact_sequence_match,True
Q13905-2,,missing_pdb,False
Q13907,/data/ranran/my_ptm/croton/data/structure_pipeline/pdb/Q13907.pdb,exact_sequence_match,True
Q13907-2,,missing_pdb,False
Q13950,,missing_pdb,False
Q13951-2,,missing_pdb,False
Q13952,/data/ranran/my_ptm/croton/data/structure_pipeline/pdb/Q13952.pdb,exact_sequence_match,True
Q13956,,missing_pdb,False
Q14004,/data/ranran/my_ptm/croton/data/structure_pipeline/pdb/Q14004.pdb,exact_sequence_match,True
Q14008-2,,missing_pdb,False
Q14019,/data/ranran/my_ptm/croton/data/structure_pipeline/pdb/Q14019.pdb,exact_sequence_match,True
Q14050,,missing_pdb,False
Q14061,/data/ranran/my_ptm/croton/data/structure_pipeline/pdb/Q14061.pdb,exact_sequence_match,True
Q14094,,missing_pdb,False
Q14103,,missing_pdb,False
Q14116,/data/ranran/my_ptm/croton/data/structure_pipeline/pdb/Q14116.pdb,exact_sequence_match,True
Q14119,/data/ranran/my_ptm/croton/data/structure_pipeline/pdb/Q14119.pdb,exact_sequence_match,True
Q14135-4,,missing_pdb,False
Q14137,,missing_pdb,False
Q14142-3,,missing_pdb,False
Q14146,/data/ranran/my_ptm/croton/data/structure_pipeline/pdb/Q14146.pdb,exact_sequence_match,True
Q14147,,missing_pdb,False
Q14149,,missing_pdb,False
Q14152-2,,missing_pdb,False
Q14153,,missing_pdb,False
Q14159,,missing_pdb,False
Q14161,,missing_pdb,False
Q14166,,missing_pdb,False
Q14181,/data/ranran/my_ptm/croton/data/structure_pipeline/pdb/Q14181.pdb,exact_sequence_match,True
Q14188,,missing_pdb,False
Q14191,,missing_pdb,False
Q14201,,missing_pdb,False
Q14203,/data/ranran/my_ptm/croton/data/structure_pipeline/pdb/Q14203.pdb,exact_sequence_match,True
Q14204,,missing_pdb,False
Q14207,,missing_pdb,False
Q14209,,missing_pdb,False
Q14241,,missing_pdb,False
Q14244,/data/ranran/my_ptm/croton/data/structure_pipeline/pdb/Q14244.pdb,exact_sequence_match,True
Q14247,/data/ranran/my_ptm/croton/data/structure_pipeline/pdb/Q14247.pdb,exact_sequence_match,True
Q14249,,missing_pdb,False
Q14318,/data/ranran/my_ptm/croton/data/structure_pipeline/pdb/Q14318.pdb,exact_sequence_match,True
Q14320,/data/ranran/my_ptm/croton/data/structure_pipeline/pdb/Q14320.pdb,exact_sequence_match,True
Q14331,,missing_pdb,False
Q14376,/data/ranran/my_ptm/croton/data/structure_pipeline/pdb/Q14376.pdb,exact_sequence_match,True
Q14432,,missing_pdb,False
Q14493,,missing_pdb,False
Q14494,,missing_pdb,False
Q14498,/data/ranran/my_ptm/croton/data/structure_pipeline/pdb/Q14498.pdb,exact_sequence_match,True
Q14526,,missing_pdb,False
Q14527,/data/ranran/my_ptm/croton/data/structure_pipeline/pdb/Q14527.pdb,exact_sequence_match,True
Q14563,,missing_pdb,False
Q14566,/data/ranran/my_ptm/croton/data/structure_pipeline/pdb/Q14566.pdb,exact_sequence_match,True
Q14568,,missing_pdb,False
Q14585,,missing_pdb,False
Q14596,,missing_pdb,False
Q14643,,missing_pdb,False
Q14669,,missing_pdb,False
Q14671,/data/ranran/my_ptm/croton/data/structure_pipeline/pdb/Q14671.pdb,exact_sequence_match,True
Q14674,,missing_pdb,False
Q14676,,missing_pdb,False
Q14677-3,,missing_pdb,False
Q14680,,missing_pdb,False
Q14684,/data/ranran/my_ptm/croton/data/structure_pipeline/pdb/Q14684.pdb,exact_sequence_match,True
Q14687,,missing_pdb,False
Q14689,,missing_pdb,False
Q14689-3,,missing_pdb,False
Q14690,/data/ranran/my_ptm/croton/data/structure_pipeline/pdb/Q14690.pdb,exact_sequence_match,True
Q14691,,missing_pdb,False
Q14692,/data/ranran/my_ptm/croton/data/structure_pipeline/pdb/Q14692.pdb,exact_sequence_match,True
Q14694,/data/ranran/my_ptm/croton/data/structure_pipeline/pdb/Q14694.pdb,exact_sequence_match,True
Q14696,,missing_pdb,False
Q14697-2,,missing_pdb,False
Q14703,,missing_pdb,False
Q14738,/data/ranran/my_ptm/croton/data/structure_pipeline/pdb/Q14738.pdb,exact_sequence_match,True
Q14739,/data/ranran/my_ptm/croton/data/structure_pipeline/pdb/Q14739.pdb,exact_sequence_match,True
Q14746-2,,missing_pdb,False
Q14764,/data/ranran/my_ptm/croton/data/structure_pipeline/pdb/Q14764.pdb,exact_sequence_match,True
Q14774,,missing_pdb,False
Q14789,,missing_pdb,False
Q14790,,missing_pdb,False
Q14807,/data/ranran/my_ptm/croton/data/structure_pipeline/pdb/Q14807.pdb,exact_sequence_match,True
Q14814,,missing_pdb,False
Q14847,/data/ranran/my_ptm/croton/data/structure_pipeline/pdb/Q14847.pdb,exact_sequence_match,True
Q14865,,missing_pdb,False
Q14872,,missing_pdb,False
Q14934,,missing_pdb,False
Q14934-20,,missing_pdb,False
Q14940,,missing_pdb,False
Q14966,/data/ranran/my_ptm/croton/data/structure_pipeline/pdb/Q14966.pdb,exact_sequence_match,True
Q14980,/data/ranran/my_ptm/croton/data/structure_pipeline/pdb/Q14980.pdb,exact_sequence_match,True
Q14997,,missing_pdb,False
Q14999,,missing_pdb,False
Q149N8,,missing_pdb,False
Q14CB8,,missing_pdb,False
Q14CM0,,missing_pdb,False
Q14CS0,,missing_pdb,False
Q14CX7,/data/ranran/my_ptm/croton/data/structure_pipeline/pdb/Q14CX7.pdb,exact_sequence_match,True
Q14CZ0,,missing_pdb,False
Q15003,/data/ranran/my_ptm/croton/data/structure_pipeline/pdb/Q15003.pdb,exact_sequence_match,True
Q15004,/data/ranran/my_ptm/croton/data/structure_pipeline/pdb/Q15004.pdb,exact_sequence_match,True
Q15006,,missing_pdb,False
Q15007,/data/ranran/my_ptm/croton/data/structure_pipeline/pdb/Q15007.pdb,exact_sequence_match,True
Q15008,/data/ranran/my_ptm/croton/data/structure_pipeline/pdb/Q15008.pdb,exact_sequence_match,True
Q15013,,missing_pdb,False
Q15014,,missing_pdb,False
Q15018,/data/ranran/my_ptm/croton/data/structure_pipeline/pdb/Q15018.pdb,exact_sequence_match,True
Q15019,,missing_pdb,False
Q15020,/data/ranran/my_ptm/croton/data/structure_pipeline/pdb/Q15020.pdb,exact_sequence_match,True
Q15021,/data/ranran/my_ptm/croton/data/structure_pipeline/pdb/Q15021.pdb,exact_sequence_match,True
Q15022,,missing_pdb,False
Q15024,,missing_pdb,False
Q15027,,missing_pdb,False
Q15029,/data/ranran/my_ptm/croton/data/structure_pipeline/pdb/Q15029.pdb,exact_sequence_match,True
Q15031,/data/ranran/my_ptm/croton/data/structure_pipeline/pdb/Q15031.pdb,exact_sequence_match,True
Q15036-2,,missing_pdb,False
Q15042-3,,missing_pdb,False
Q15043,,missing_pdb,False
Q15046,/data/ranran/my_ptm/croton/data/structure_pipeline/pdb/Q15046.pdb,exact_sequence_match,True
Q15047,,missing_pdb,False
Q15050,/data/ranran/my_ptm/croton/data/structure_pipeline/pdb/Q15050.pdb,exact_sequence_match,True
Q15051,,missing_pdb,False
Q15054,/data/ranran/my_ptm/croton/data/structure_pipeline/pdb/Q15054.pdb,exact_sequence_match,True
Q15056,/data/ranran/my_ptm/croton/data/structure_pipeline/pdb/Q15056.pdb,exact_sequence_match,True
Q15058,/data/ranran/my_ptm/croton/data/structure_pipeline/pdb/Q15058.pdb,exact_sequence_match,True
Q15061,/data/ranran/my_ptm/croton/data/structure_pipeline/pdb/Q15061.pdb,exact_sequence_match,True
Q15072,,missing_pdb,False
Q15075,/data/ranran/my_ptm/croton/data/structure_pipeline/pdb/Q15075.pdb,exact_sequence_match,True
Q15084-3,,missing_pdb,False
Q15102,,missing_pdb,False
Q15113,,missing_pdb,False
Q15126,/data/ranran/my_ptm/croton/data/structure_pipeline/pdb/Q15126.pdb,exact_sequence_match,True
Q15149,,missing_pdb,False
Q15170-2,,missing_pdb,False
Q15185,/data/ranran/my_ptm/croton/data/structure_pipeline/pdb/Q15185.pdb,exact_sequence_match,True
Q15208,/data/ranran/my_ptm/croton/data/structure_pipeline/pdb/Q15208.pdb,exact_sequence_match,True
Q15257,/data/ranran/my_ptm/croton/data/structure_pipeline/pdb/Q15257.pdb,exact_sequence_match,True
Q15274,/data/ranran/my_ptm/croton/data/structure_pipeline/pdb/Q15274.pdb,exact_sequence_match,True
Q15276,/data/ranran/my_ptm/croton/data/structure_pipeline/pdb/Q15276.pdb,exact_sequence_match,True
Q15287,/data/ranran/my_ptm/croton/data/structure_pipeline/pdb/Q15287.pdb,exact_sequence_match,True
Q15291,,missing_pdb,False
Q15293,/data/ranran/my_ptm/croton/data/structure_pipeline/pdb/Q15293.pdb,exact_sequence_match,True
Q15326,,missing_pdb,False
Q15327,,missing_pdb,False
Q15329-2,,missing_pdb,False
Q15334,,missing_pdb,False
Q15345,/data/ranran/my_ptm/croton/data/structure_pipeline/pdb/Q15345.pdb,exact_sequence_match,True
Q15361,/data/ranran/my_ptm/croton/data/structure_pipeline/pdb/Q15361.pdb,exact_sequence_match,True
Q15369,/data/ranran/my_ptm/croton/data/structure_pipeline/pdb/Q15369.pdb,exact_sequence_match,True
Q15370,/data/ranran/my_ptm/croton/data/structure_pipeline/pdb/Q15370.pdb,exact_sequence_match,True
Q15375-2,,missing_pdb,False
Q15382,/data/ranran/my_ptm/croton/data/structure_pipeline/pdb/Q15382.pdb,exact_sequence_match,True
Q15386,,missing_pdb,False
Q15388,/data/ranran/my_ptm/croton/data/structure_pipeline/pdb/Q15388.pdb,exact_sequence_match,True
Q15392,/data/ranran/my_ptm/croton/data/structure_pipeline/pdb/Q15392.pdb,exact_sequence_match,True
Q15393,/data/ranran/my_ptm/croton/data/structure_pipeline/pdb/Q15393.pdb,exact_sequence_match,True
Q15397,/data/ranran/my_ptm/croton/data/structure_pipeline/pdb/Q15397.pdb,exact_sequence_match,True
Q15398,,missing_pdb,False
Q15404,/data/ranran/my_ptm/croton/data/structure_pipeline/pdb/Q15404.pdb,exact_sequence_match,True
Q15417,/data/ranran/my_ptm/croton/data/structure_pipeline/pdb/Q15417.pdb,exact_sequence_match,True
Q15427,/data/ranran/my_ptm/croton/data/structure_pipeline/pdb/Q15427.pdb,exact_sequence_match,True
Q15428,/data/ranran/my_ptm/croton/data/structure_pipeline/pdb/Q15428.pdb,exact_sequence_match,True
Q15434,,missing_pdb,False
Q15435,/data/ranran/my_ptm/croton/data/structure_pipeline/pdb/Q15435.pdb,exact_sequence_match,True
Q15437,/data/ranran/my_ptm/croton/data/structure_pipeline/pdb/Q15437.pdb,exact_sequence_match,True
Q15459,/data/ranran/my_ptm/croton/data/structure_pipeline/pdb/Q15459.pdb,exact_sequence_match,True
Q15464,,missing_pdb,False
Q15464-2,,missing_pdb,False
Q15477,,missing_pdb,False
Q15506,,missing_pdb,False
Q15532,,missing_pdb,False
Q15542,,missing_pdb,False
Q15543,,missing_pdb,False
Q15544,,missing_pdb,False
Q15545,/data/ranran/my_ptm/croton/data/structure_pipeline/pdb/Q15545.pdb,exact_sequence_match,True
Q15554,,missing_pdb,False
Q15555,/data/ranran/my_ptm/croton/data/structure_pipeline/pdb/Q15555.pdb,exact_sequence_match,True
Q15561,,missing_pdb,False
Q15572,,missing_pdb,False
Q15573-2,,missing_pdb,False
Q15582,,missing_pdb,False
Q15596,,missing_pdb,False
Q155Q3-2,,missing_pdb,False
Q15631,/data/ranran/my_ptm/croton/data/structure_pipeline/pdb/Q15631.pdb,exact_sequence_match,True
Q15633,,missing_pdb,False
Q15637-4,,missing_pdb,False
Q15645,,missing_pdb,False
Q15648,,missing_pdb,False
Q15649,/data/ranran/my_ptm/croton/data/structure_pipeline/pdb/Q15649.pdb,exact_sequence_match,True
Q15650,/data/ranran/my_ptm/croton/data/structure_pipeline/pdb/Q15650.pdb,exact_sequence_match,True
Q15652,/data/ranran/my_ptm/croton/data/structure_pipeline/pdb/Q15652.pdb,exact_sequence_match,True
Q15654,,missing_pdb,False
Q15672,,missing_pdb,False
Q15696,,missing_pdb,False
Q15697,,missing_pdb,False
Q15699,,missing_pdb,False
Q15717,,missing_pdb,False
Q15742,,missing_pdb,False
Q15744,,missing_pdb,False
Q15746,,missing_pdb,False
Q15758,/data/ranran/my_ptm/croton/data/structure_pipeline/pdb/Q15758.pdb,exact_sequence_match,True
Q15777-2,,missing_pdb,False
Q15784,,missing_pdb,False
Q15785,/data/ranran/my_ptm/croton/data/structure_pipeline/pdb/Q15785.pdb,exact_sequence_match,True
Q15813,/data/ranran/my_ptm/croton/data/structure_pipeline/pdb/Q15813.pdb,exact_sequence_match,True
Q15818,/data/ranran/my_ptm/croton/data/structure_pipeline/pdb/Q15818.pdb,exact_sequence_match,True
Q15819,,missing_pdb,False
Q15831,,missing_pdb,False
Q15842,,missing_pdb,False
Q15904,,missing_pdb,False
Q15906,,missing_pdb,False
Q15911,,missing_pdb,False
Q15929,,missing_pdb,False
Q15940,,missing_pdb,False
Q16099,,missing_pdb,False
Q16186,/data/ranran/my_ptm/croton/data/structure_pipeline/pdb/Q16186.pdb,exact_sequence_match,True
Q16204,/data/ranran/my_ptm/croton/data/structure_pipeline/pdb/Q16204.pdb,exact_sequence_match,True
Q16222,/data/ranran/my_ptm/croton/data/structure_pipeline/pdb/Q16222.pdb,exact_sequence_match,True
Q16236,,missing_pdb,False
Q16270,,missing_pdb,False
Q16342-2,,missing_pdb,False
Q16513,/data/ranran/my_ptm/croton/data/structure_pipeline/pdb/Q16513.pdb,exact_sequence_match,True
Q16514,/data/ranran/my_ptm/croton/data/structure_pipeline/pdb/Q16514.pdb,exact_sequence_match,True
Q16526,,missing_pdb,False
Q16531,/data/ranran/my_ptm/croton/data/structure_pipeline/pdb/Q16531.pdb,exact_sequence_match,True
Q16533,,missing_pdb,False
Q16543,/data/ranran/my_ptm/croton/data/structure_pipeline/pdb/Q16543.pdb,exact_sequence_match,True
Q16560,,missing_pdb,False
Q16584,,missing_pdb,False
Q16585-2,,missing_pdb,False
Q16594,,missing_pdb,False
Q16600,,missing_pdb,False
Q16621,,missing_pdb,False
Q16649,,missing_pdb,False
Q16654,,missing_pdb,False
Q16656,,missing_pdb,False
Q16658,/data/ranran/my_ptm/croton/data/structure_pipeline/pdb/Q16658.pdb,exact_sequence_match,True
Q16659,,missing_pdb,False
Q16666,/data/ranran/my_ptm/croton/data/structure_pipeline/pdb/Q16666.pdb,exact_sequence_match,True
Q16667,,missing_pdb,False
Q16718,/data/ranran/my_ptm/croton/data/structure_pipeline/pdb/Q16718.pdb,exact_sequence_match,True
Q16719,,missing_pdb,False
Q16719-2,,missing_pdb,False
Q16763,,missing_pdb,False
Q16774,,missing_pdb,False
Q16775,,missing_pdb,False
Q16795,/data/ranran/my_ptm/croton/data/structure_pipeline/pdb/Q16795.pdb,exact_sequence_match,True
Q16821,,missing_pdb,False
Q16831,,missing_pdb,False
Q16849,,missing_pdb,False
Q16854-4,,missing_pdb,False
Q16864,,missing_pdb,False
Q16875,,missing_pdb,False
Q16878,,missing_pdb,False
Q16881,,missing_pdb,False
Q16890,,missing_pdb,False
Q16891,/data/ranran/my_ptm/croton/data/structure_pipeline/pdb/Q16891.pdb,exact_sequence_match,True
Q17R98-2,,missing_pdb,False
Q17RB8,,missing_pdb,False
Q17RN3,,missing_pdb,False
Q17RP2,,missing_pdb,False
Q17RS7,,missing_pdb,False
Q17RW3,,missing_pdb,False
Q17RY6,,missing_pdb,False
Q1ED39,/data/ranran/my_ptm/croton/data/structure_pipeline/pdb/Q1ED39.pdb,exact_sequence_match,True
Q1RLN5,,missing_pdb,False
Q1RN00,,missing_pdb,False
Q1W6H9,,missing_pdb,False
Q1XH10,,missing_pdb,False
Q24151,,missing_pdb,False
Q2I0M5,,missing_pdb,False
Q2KHM9,,missing_pdb,False
Q2KHR2,,missing_pdb,False
Q2LD37,,missing_pdb,False
Q2M1P5,,missing_pdb,False
Q2M296,,missing_pdb,False
Q2M2Z5,,missing_pdb,False
Q2M3G4,,missing_pdb,False
Q2NKX8,/data/ranran/my_ptm/croton/data/structure_pipeline/pdb/Q2NKX8.pdb,exact_sequence_match,True
Q2NKX9,,missing_pdb,False
Q2NL82,/data/ranran/my_ptm/croton/data/structure_pipeline/pdb/Q2NL82.pdb,exact_sequence_match,True
Q2QD12,,missing_pdb,False
Q2QGD7,,missing_pdb,False
Q2TAA2,,missing_pdb,False
Q2TAK8,,missing_pdb,False
Q2TAL8,/data/ranran/my_ptm/croton/data/structure_pipeline/pdb/Q2TAL8.pdb,exact_sequence_match,True
Q2TAM5,,missing_pdb,False
Q2TAY7,/data/ranran/my_ptm/croton/data/structure_pipeline/pdb/Q2TAY7.pdb,exact_sequence_match,True
Q2TB10,,missing_pdb,False
Q2TBE0,/data/ranran/my_ptm/croton/data/structure_pipeline/pdb/Q2TBE0.pdb,exact_sequence_match,True
Q2V4M4,,missing_pdb,False
Q2VIQ3,/data/ranran/my_ptm/croton/data/structure_pipeline/pdb/Q2VIQ3.pdb,exact_sequence_match,True
Q2VYF4,,missing_pdb,False
Q2WGN9,,missing_pdb,False
Q2YD98,,missing_pdb,False
Q309B1,,missing_pdb,False
Q30KQ8,,missing_pdb,False
Q32MZ4,/data/ranran/my_ptm/croton/data/structure_pipeline/pdb/Q32MZ4.pdb,exact_sequence_match,True
Q32NC0,,missing_pdb,False
Q32P41,,missing_pdb,False
Q32Q12,,missing_pdb,False
Q3B726,,missing_pdb,False
Q3B820-2,,missing_pdb,False
Q3B820-3,,missing_pdb,False
Q3BDU3,,missing_pdb,False
Q3KNV1,,missing_pdb,False
Q3KQU3,,missing_pdb,False
Q3KRA6,/data/ranran/my_ptm/croton/data/structure_pipeline/pdb/Q3KRA6.pdb,exact_sequence_match,True
Q3MHD2,/data/ranran/my_ptm/croton/data/structure_pipeline/pdb/Q3MHD2.pdb,exact_sequence_match,True
Q3MIP1,,missing_pdb,False
Q3MIT2,,missing_pdb,False
Q3SYC2-3,,missing_pdb,False
Q3SYD7,,missing_pdb,False
Q3T8J9,,missing_pdb,False
Q3TBT3,,missing_pdb,False
Q3UQW2,,missing_pdb,False
Q3UV08,,missing_pdb,False
Q3YBR2,,missing_pdb,False
Q3ZCQ8,/data/ranran/my_ptm/croton/data/structure_pipeline/pdb/Q3ZCQ8.pdb,exact_sequence_match,True
Q460N5,,missing_pdb,False
Q495W5-2,,missing_pdb,False
Q499Z4,,missing_pdb,False
Q49A26,/data/ranran/my_ptm/croton/data/structure_pipeline/pdb/Q49A26.pdb,exact_sequence_match,True
Q49A59,,missing_pdb,False
Q49A88,,missing_pdb,False
Q49AG3,,missing_pdb,False
Q49AM3,,missing_pdb,False
Q49AR2,,missing_pdb,False
Q4FZB7,,missing_pdb,False
Q4G0F5,,missing_pdb,False
Q4G0J3,/data/ranran/my_ptm/croton/data/structure_pipeline/pdb/Q4G0J3.pdb,exact_sequence_match,True
Q4G0N4-2,,missing_pdb,False
Q4G0P3,,missing_pdb,False
Q4G0S7,,missing_pdb,False
Q4G0X4,,missing_pdb,False
Q4G148,/data/ranran/my_ptm/croton/data/structure_pipeline/pdb/Q4G148.pdb,exact_sequence_match,True
Q4J6C6,/data/ranran/my_ptm/croton/data/structure_pipeline/pdb/Q4J6C6.pdb,exact_sequence_match,True
Q4KMQ1,,missing_pdb,False
Q4KMQ2-4,,missing_pdb,False
Q4KWH8,,missing_pdb,False
Q4L180,,missing_pdb,False
Q4L235,,missing_pdb,False
Q4LDG9,,missing_pdb,False
Q4LE39,,missing_pdb,False
Q4TT61,,missing_pdb,False
Q4UJ75,,missing_pdb,False
Q4V339,,missing_pdb,False
Q4VB86,,missing_pdb,False
Q4VC12,,missing_pdb,False
Q4VC44,,missing_pdb,False
Q4VCS5,,missing_pdb,False
Q4VXB2,,missing_pdb,False
Q4ZG55,,missing_pdb,False
Q4ZG55-4,,missing_pdb,False
Q504T8,,missing_pdb,False
Q52LA3,,missing_pdb,False
Q52LJ0,/data/ranran/my_ptm/croton/data/structure_pipeline/pdb/Q52LJ0.pdb,exact_sequence_match,True
Q53EL6,/data/ranran/my_ptm/croton/data/structure_pipeline/pdb/Q53EL6.pdb,exact_sequence_match,True
Q53EQ6,,missing_pdb,False
Q53ET0,,missing_pdb,False
Q53EV4-2,,missing_pdb,False
Q53F19,/data/ranran/my_ptm/croton/data/structure_pipeline/pdb/Q53F19.pdb,exact_sequence_match,True
Q53GA4,,missing_pdb,False
Q53GS7-2,,missing_pdb,False
Q53GS9,/data/ranran/my_ptm/croton/data/structure_pipeline/pdb/Q53GS9.pdb,exact_sequence_match,True
Q53H12,/data/ranran/my_ptm/croton/data/structure_pipeline/pdb/Q53H12.pdb,exact_sequence_match,True
Q53H47,,missing_pdb,False
Q53H54,,missing_pdb,False
Q53H80,,missing_pdb,False
Q53H82,/data/ranran/my_ptm/croton/data/structure_pipeline/pdb/Q53H82.pdb,exact_sequence_match,True
Q53HC0,,missing_pdb,False
Q53HL2,,missing_pdb,False
Q53RE8,,missing_pdb,False
Q53T94,,missing_pdb,False
Q53TQ3,,missing_pdb,False
Q53TS8-4,,missing_pdb,False
Q55CL6,,missing_pdb,False
Q562F6,,missing_pdb,False
Q567U6,/data/ranran/my_ptm/croton/data/structure_pipeline/pdb/Q567U6.pdb,exact_sequence_match,True
Q56NI9,,missing_pdb,False
Q56P03,/data/ranran/my_ptm/croton/data/structure_pipeline/pdb/Q56P03.pdb,exact_sequence_match,True
Q56UQ5,,missing_pdb,False
Q587J7,,missing_pdb,False
Q58EX7,,missing_pdb,False
Q58FF3,,missing_pdb,False
Q58FF8,/data/ranran/my_ptm/croton/data/structure_pipeline/pdb/Q58FF8.pdb,exact_sequence_match,True
Q58WW2,,missing_pdb,False
Q59GN2,,missing_pdb,False
Q5BJF6,/data/ranran/my_ptm/croton/data/structure_pipeline/pdb/Q5BJF6.pdb,exact_sequence_match,True
Q5BJF6-6,,missing_pdb,False
Q5C9Z4,,missing_pdb,False
Q5D1E8,,missing_pdb,False
Q5DQR4,,missing_pdb,False
Q5EBN2,,missing_pdb,False
Q5EE01,,missing_pdb,False
Q5EG05-2,,missing_pdb,False
Q5FBB7-5,,missing_pdb,False
Q5FWF4,,missing_pdb,False
Q5FWF5,,missing_pdb,False
Q5GJ75,,missing_pdb,False
Q5H8C1-4,,missing_pdb,False
Q5H928,,missing_pdb,False
Q5H9F3-3,,missing_pdb,False
Q5H9L4,,missing_pdb,False
Q5H9R7,/data/ranran/my_ptm/croton/data/structure_pipeline/pdb/Q5H9R7.pdb,exact_sequence_match,True
Q5H9S7,,missing_pdb,False
Q5HYC2-2,,missing_pdb,False
Q5HYI8,/data/ranran/my_ptm/croton/data/structure_pipeline/pdb/Q5HYI8.pdb,exact_sequence_match,True
Q5HYJ3,,missing_pdb,False
Q5HYW3,,missing_pdb,False
Q5I0X7,,missing_pdb,False
Q5JNZ3,,missing_pdb,False
Q5JPH6,/data/ranran/my_ptm/croton/data/structure_pipeline/pdb/Q5JPH6.pdb,exact_sequence_match,True
Q5JPI3,,missing_pdb,False
Q5JQQ2,,missing_pdb,False
Q5JQQ4,,missing_pdb,False
Q5JR05,,missing_pdb,False
Q5JR82,,missing_pdb,False
Q5JR91,,missing_pdb,False
Q5JRA6-4,,missing_pdb,False
Q5JRG1,,missing_pdb,False
Q5JRM6,,missing_pdb,False
Q5JRX3,/data/ranran/my_ptm/croton/data/structure_pipeline/pdb/Q5JRX3.pdb,exact_sequence_match,True
Q5JS54,,missing_pdb,False
Q5JSL0,,missing_pdb,False
Q5JSZ5,,missing_pdb,False
Q5JSZ6,,missing_pdb,False
Q5JTH9,/data/ranran/my_ptm/croton/data/structure_pipeline/pdb/Q5JTH9.pdb,exact_sequence_match,True
Q5JTJ3-3,,missing_pdb,False
Q5JTQ6,,missing_pdb,False
Q5JTV8,/data/ranran/my_ptm/croton/data/structure_pipeline/pdb/Q5JTV8.pdb,exact_sequence_match,True
Q5JU67-2,,missing_pdb,False
Q5JUW0,,missing_pdb,False
Q5JVF3-4,,missing_pdb,False
Q5JVL4,,missing_pdb,False
Q5JVP2,,missing_pdb,False
Q5JVX7,,missing_pdb,False
Q5JWM4,,missing_pdb,False
Q5JWT2,,missing_pdb,False
Q5JX01,,missing_pdb,False
Q5JX02,,missing_pdb,False
Q5JX61,,missing_pdb,False
Q5JXC2,,missing_pdb,False
Q5JXI0,,missing_pdb,False
Q5JXT2,,missing_pdb,False
Q5JYA3,,missing_pdb,False
Q5JYR4,,missing_pdb,False
Q5JZ07,,missing_pdb,False
Q5K651,,missing_pdb,False
Q5KS07,,missing_pdb,False
Q5KSL6,,missing_pdb,False
Q5LJA5,,missing_pdb,False
Q5M775-4,,missing_pdb,False
Q5M9N0,,missing_pdb,False
Q5MIZ7,/data/ranran/my_ptm/croton/data/structure_pipeline/pdb/Q5MIZ7.pdb,exact_sequence_match,True
Q5MJ34,,missing_pdb,False
Q5PSV4,/data/ranran/my_ptm/croton/data/structure_pipeline/pdb/Q5PSV4.pdb,exact_sequence_match,True
Q5QGS0,,missing_pdb,False
Q5QJ74,,missing_pdb,False
Q5QJE6,/data/ranran/my_ptm/croton/data/structure_pipeline/pdb/Q5QJE6.pdb,exact_sequence_match,True
Q5QNZ2,,missing_pdb,False
Q5QP23,,missing_pdb,False
Q5QP82-2,,missing_pdb,False
Q5QPB1,,missing_pdb,False
Q5QPK2,,missing_pdb,False
Q5QPL9,,missing_pdb,False
Q5QPM7,,missing_pdb,False
Q5QPM9,,missing_pdb,False
Q5QPQ0,,missing_pdb,False
Q5R372-2,,missing_pdb,False
Q5R3F8,,missing_pdb,False
Q5R3I4,/data/ranran/my_ptm/croton/data/structure_pipeline/pdb/Q5R3I4.pdb,exact_sequence_match,True
Q5RL73,,missing_pdb,False
Q5SNT2,,missing_pdb,False
Q5SQI0,,missing_pdb,False
Q5SQT3,,missing_pdb,False
Q5SRQ6,,missing_pdb,False
Q5SSJ5,/data/ranran/my_ptm/croton/data/structure_pipeline/pdb/Q5SSJ5.pdb,exact_sequence_match,True
Q5SV95,,missing_pdb,False
Q5SVL2,,missing_pdb,False
Q5SVQ8,,missing_pdb,False
Q5SVZ6,,missing_pdb,False
Q5SVZ7,,missing_pdb,False
Q5SWX8,,missing_pdb,False
Q5SWX8-3,,missing_pdb,False
Q5SXH7-4,,missing_pdb,False
Q5SXM2,,missing_pdb,False
Q5SXQ8,,missing_pdb,False
Q5SY16,/data/ranran/my_ptm/croton/data/structure_pipeline/pdb/Q5SY16.pdb,exact_sequence_match,True
Q5SY34,,missing_pdb,False
Q5SZ59,,missing_pdb,False
Q5T089-2,,missing_pdb,False
Q5T0B9,,missing_pdb,False
Q5T0D5,,missing_pdb,False
Q5T0L3,,missing_pdb,False
Q5T0S3,,missing_pdb,False
Q5T0U0,,missing_pdb,False
Q5T0W7,,missing_pdb,False
Q5T0W9,,missing_pdb,False
Q5T124,,missing_pdb,False
Q5T1H1,,missing_pdb,False
Q5T1V5,,missing_pdb,False
Q5T1V6,,missing_pdb,False
Q5T1W7,,missing_pdb,False
Q5T1Z0,,missing_pdb,False
Q5T200,/data/ranran/my_ptm/croton/data/structure_pipeline/pdb/Q5T200.pdb,exact_sequence_match,True
Q5T209,,missing_pdb,False
Q5T280,/data/ranran/my_ptm/croton/data/structure_pipeline/pdb/Q5T280.pdb,exact_sequence_match,True
Q5T2X4,,missing_pdb,False
Q5T321,,missing_pdb,False
Q5T3I0,/data/ranran/my_ptm/croton/data/structure_pipeline/pdb/Q5T3I0.pdb,exact_sequence_match,True
Q5T3I4,,missing_pdb,False
Q5T3J3,/data/ranran/my_ptm/croton/data/structure_pipeline/pdb/Q5T3J3.pdb,exact_sequence_match,True
Q5T3Q7,,missing_pdb,False
Q5T3R7,,missing_pdb,False
Q5T447,/data/ranran/my_ptm/croton/data/structure_pipeline/pdb/Q5T447.pdb,exact_sequence_match,True
Q5T481,,missing_pdb,False
Q5T4L1,,missing_pdb,False
Q5T4S7,,missing_pdb,False
Q5T4U8,,missing_pdb,False
Q5T593,,missing_pdb,False
Q5T5C7,,missing_pdb,False
Q5T5D8,,missing_pdb,False
Q5T5J6,,missing_pdb,False
Q5T5P1,,missing_pdb,False
Q5T5U3,,missing_pdb,False
Q5T5X7,,missing_pdb,False
Q5T621,,missing_pdb,False
Q5T624,,missing_pdb,False
Q5T653,/data/ranran/my_ptm/croton/data/structure_pipeline/pdb/Q5T653.pdb,exact_sequence_match,True
Q5T655,/data/ranran/my_ptm/croton/data/structure_pipeline/pdb/Q5T655.pdb,exact_sequence_match,True
Q5T6A0,,missing_pdb,False
Q5T6K7,,missing_pdb,False
Q5T6V5,/data/ranran/my_ptm/croton/data/structure_pipeline/pdb/Q5T6V5.pdb,exact_sequence_match,True
Q5T7B8-2,,missing_pdb,False
Q5T7P3,,missing_pdb,False
Q5T7U0,,missing_pdb,False
Q5T7W0,,missing_pdb,False
Q5T7W7,,missing_pdb,False
Q5T890,,missing_pdb,False
Q5T8A7,,missing_pdb,False
Q5T8F0,,missing_pdb,False
Q5T953,,missing_pdb,False
Q5T985,,missing_pdb,False
Q5T9P8,,missing_pdb,False
Q5T9S5,/data/ranran/my_ptm/croton/data/structure_pipeline/pdb/Q5T9S5.pdb,exact_sequence_match,True
Q5TA12,,missing_pdb,False
Q5TA31,,missing_pdb,False
Q5TA45,,missing_pdb,False
Q5TAQ9,,missing_pdb,False
Q5TB19,,missing_pdb,False
Q5TB30,,missing_pdb,False
Q5TBB1,/data/ranran/my_ptm/croton/data/structure_pipeline/pdb/Q5TBB1.pdb,exact_sequence_match,True
Q5TBH9,,missing_pdb,False
Q5TBP9,,missing_pdb,False
Q5TBU2,,missing_pdb,False
Q5TCQ9,,missing_pdb,False
Q5TCX8,,missing_pdb,False
Q5TCY1,,missing_pdb,False
Q5TCZ1,,missing_pdb,False
Q5TD07,,missing_pdb,False
Q5TE25,,missing_pdb,False
Q5TEA3,,missing_pdb,False
Q5TEC3,,missing_pdb,False
Q5TF58,,missing_pdb,False
Q5TF85,,missing_pdb,False
Q5TFE4,/data/ranran/my_ptm/croton/data/structure_pipeline/pdb/Q5TFE4.pdb,exact_sequence_match,True
Q5TG12,,missing_pdb,False
Q5TG38,,missing_pdb,False
Q5TG40,,missing_pdb,False
Q5TGJ6,,missing_pdb,False
Q5TGY3,,missing_pdb,False
Q5TH69,,missing_pdb,False
Q5TH74,,missing_pdb,False
Q5THK1,,missing_pdb,False
Q5THR3,,missing_pdb,False
Q5TIA5,,missing_pdb,False
Q5TIE3,,missing_pdb,False
Q5TKA1-2,,missing_pdb,False
Q5TYW1,,missing_pdb,False
Q5U5Q3,,missing_pdb,False
Q5U5Z8,,missing_pdb,False
Q5U623,,missing_pdb,False
Q5UCC4,,missing_pdb,False
Q5UIP0,/data/ranran/my_ptm/croton/data/structure_pipeline/pdb/Q5UIP0.pdb,exact_sequence_match,True
Q5VIR6,/data/ranran/my_ptm/croton/data/structure_pipeline/pdb/Q5VIR6.pdb,exact_sequence_match,True
Q5VSG8-3,,missing_pdb,False
Q5VT06,,missing_pdb,False
Q5VT52,/data/ranran/my_ptm/croton/data/structure_pipeline/pdb/Q5VT52.pdb,exact_sequence_match,True
Q5VT97,,missing_pdb,False
Q5VTB9,/data/ranran/my_ptm/croton/data/structure_pipeline/pdb/Q5VTB9.pdb,exact_sequence_match,True
Q5VTB9-3,,missing_pdb,False
Q5VTE6,,missing_pdb,False
Q5VTL8,/data/ranran/my_ptm/croton/data/structure_pipeline/pdb/Q5VTL8.pdb,exact_sequence_match,True
Q5VU92,,missing_pdb,False
Q5VUA4,/data/ranran/my_ptm/croton/data/structure_pipeline/pdb/Q5VUA4.pdb,exact_sequence_match,True
Q5VUG0,,missing_pdb,False
Q5VUJ9-3,,missing_pdb,False
Q5VV17,,missing_pdb,False
Q5VV23,,missing_pdb,False
Q5VV41,,missing_pdb,False
Q5VV42,/data/ranran/my_ptm/croton/data/structure_pipeline/pdb/Q5VV42.pdb,exact_sequence_match,True
Q5VV52,,missing_pdb,False
Q5VV67,,missing_pdb,False
Q5VVJ2,,missing_pdb,False
Q5VVL7,,missing_pdb,False
Q5VW30,,missing_pdb,False
Q5VW36,/data/ranran/my_ptm/croton/data/structure_pipeline/pdb/Q5VW36.pdb;/data/ranran/my_ptm/croton/data/structure_pipeline/pdb/AF-Q5VW36-F1-model_v6.pdb,sequence_mismatch,False
Q5VWC4,,missing_pdb,False
Q5VWG9,,missing_pdb,False
Q5VWN6,,missing_pdb,False
Q5VWP3,,missing_pdb,False
Q5VWQ0,,missing_pdb,False
Q5VWZ2,,missing_pdb,False
Q5VXN0,,missing_pdb,False
Q5VY60,,missing_pdb,False
Q5VYS8-4,,missing_pdb,False
Q5VYV7,,missing_pdb,False
Q5VZ73,,missing_pdb,False
Q5VZB9,,missing_pdb,False
Q5VZD9,,missing_pdb,False
Q5VZE5,,missing_pdb,False
Q5VZL5,/data/ranran/my_ptm/croton/data/structure_pipeline/pdb/Q5VZL5.pdb,exact_sequence_match,True
Q5VZU9,,missing_pdb,False
Q5W011,,missing_pdb,False
Q5W0B1,/data/ranran/my_ptm/croton/data/structure_pipeline/pdb/Q5W0B1.pdb,exact_sequence_match,True
Q5W0H4,,missing_pdb,False
Q5W0J0,,missing_pdb,False
Q5W0Q7,,missing_pdb,False
Q5W0Q7-2,,missing_pdb,False
Q5W0V4,,missing_pdb,False
Q5XUX0,,missing_pdb,False
Q5XUX1-3,,missing_pdb,False
Q5Y191,,missing_pdb,False
Q61164,,missing_pdb,False
Q61624,,missing_pdb,False
Q62915,,missing_pdb,False
Q63120,,missing_pdb,False
Q63HK5,,missing_pdb,False
Q63HN8,,missing_pdb,False
Q63HR2-6,,missing_pdb,False
Q64287,,missing_pdb,False
Q64LD2,,missing_pdb,False
Q658L1,,missing_pdb,False
Q658W2,,missing_pdb,False
Q659A1,,missing_pdb,False
Q66478,,missing_pdb,False
Q66GS9,,missing_pdb,False
Q66GS9-2,,missing_pdb,False
Q66K14,/data/ranran/my_ptm/croton/data/structure_pipeline/pdb/Q66K14.pdb,exact_sequence_match,True
Q66K64,,missing_pdb,False
Q66K89,,missing_pdb,False
Q66LE6,/data/ranran/my_ptm/croton/data/structure_pipeline/pdb/Q66LE6.pdb,exact_sequence_match,True
Q66PJ3,,missing_pdb,False
Q680Q4,,missing_pdb,False
Q685J3-2,,missing_pdb,False
Q68CL5,,missing_pdb,False
Q68CP9,/data/ranran/my_ptm/croton/data/structure_pipeline/pdb/Q68CP9.pdb,exact_sequence_match,True
Q68CQ4,,missing_pdb,False
Q68CZ6,/data/ranran/my_ptm/croton/data/structure_pipeline/pdb/Q68CZ6.pdb,exact_sequence_match,True
Q68D10,,missing_pdb,False
Q68D85,,missing_pdb,False
Q68DD2,,missing_pdb,False
Q68DE3,,missing_pdb,False
Q68DH5,,missing_pdb,False
Q68DK2-2,,missing_pdb,False
Q68DK7,,missing_pdb,False
Q68DL7,,missing_pdb,False
Q68DN7,,missing_pdb,False
Q68DW7,,missing_pdb,False
Q68DY9,,missing_pdb,False
Q68E01,/data/ranran/my_ptm/croton/data/structure_pipeline/pdb/Q68E01.pdb,exact_sequence_match,True
Q68E03,,missing_pdb,False
Q68EM7-2,,missing_pdb,False
Q69YH5,,missing_pdb,False
Q69YI7,,missing_pdb,False
Q69YN2,,missing_pdb,False
Q69YN4,/data/ranran/my_ptm/croton/data/structure_pipeline/pdb/Q69YN4.pdb,exact_sequence_match,True
Q6AHZ1,/data/ranran/my_ptm/croton/data/structure_pipeline/pdb/Q6AHZ1.pdb,exact_sequence_match,True
Q6AWC2-4,,missing_pdb,False
Q6AZW8,,missing_pdb,False
Q6B0B8,,missing_pdb,False
Q6B0I6,,missing_pdb,False
Q6DD87,,missing_pdb,False
Q6DHV7-2,,missing_pdb,False
Q6DJT9,,missing_pdb,False
Q6DKI1,,missing_pdb,False
Q6DKJ4,,missing_pdb,False
Q6DN03,/data/ranran/my_ptm/croton/data/structure_pipeline/pdb/Q6DN03.pdb,exact_sequence_match,True
Q6DN12-2,,missing_pdb,False
Q6DN90,,missing_pdb,False
Q6FI81,/data/ranran/my_ptm/croton/data/structure_pipeline/pdb/Q6FI81.pdb,exact_sequence_match,True
Q6GMV2,/data/ranran/my_ptm/croton/data/structure_pipeline/pdb/Q6GMV2.pdb,exact_sequence_match,True
Q6I9Y2,/data/ranran/my_ptm/croton/data/structure_pipeline/pdb/Q6I9Y2.pdb,exact_sequence_match,True
Q6IA86,/data/ranran/my_ptm/croton/data/structure_pipeline/pdb/Q6IA86.pdb,exact_sequence_match,True
Q6IBW4-4,,missing_pdb,False
Q6ICB0,,missing_pdb,False
Q6IE81,,missing_pdb,False
Q6IED9,,missing_pdb,False
Q6IEG0,,missing_pdb,False
Q6IMN6-6,,missing_pdb,False
Q6IPM2,,missing_pdb,False
Q6IPR3,,missing_pdb,False
Q6IQ21,,missing_pdb,False
Q6IQ22,,missing_pdb,False
Q6IQ23,/data/ranran/my_ptm/croton/data/structure_pipeline/pdb/Q6IQ23.pdb,exact_sequence_match,True
Q6IQ26-2,,missing_pdb,False
Q6IQ32,,missing_pdb,False
Q6IQ49-3,,missing_pdb,False
Q6JEL2,,missing_pdb,False
Q6JV79,,missing_pdb,False
Q6KB66,,missing_pdb,False
Q6KC79,,missing_pdb,False
Q6L8G4,,missing_pdb,False
Q6L8H2,,missing_pdb,False
Q6L8Q7,,missing_pdb,False
Q6MZP7,,missing_pdb,False
Q6MZW2,,missing_pdb,False
Q6N043,,missing_pdb,False
Q6N043-6,,missing_pdb,False
Q6N063,,missing_pdb,False
Q6N065,,missing_pdb,False
Q6NS38,,missing_pdb,False
Q6NSI4,,missing_pdb,False
Q6NSM0,,missing_pdb,False
Q6NSW5,,missing_pdb,False
Q6NT04-2,,missing_pdb,False
Q6NT76-5,,missing_pdb,False
Q6NTE8,,missing_pdb,False
Q6NUJ5,,missing_pdb,False
Q6NUK1,/data/ranran/my_ptm/croton/data/structure_pipeline/pdb/Q6NUK1.pdb,exact_sequence_match,True
Q6NUN9-2,,missing_pdb,False
Q6NUQ4-2,,missing_pdb,False
Q6NW34,,missing_pdb,False
Q6NX45,,missing_pdb,False
Q6NXE6,/data/ranran/my_ptm/croton/data/structure_pipeline/pdb/Q6NXE6.pdb,exact_sequence_match,True
Q6NXR4,/data/ranran/my_ptm/croton/data/structure_pipeline/pdb/Q6NXR4.pdb,exact_sequence_match,True
Q6NYC1-3,,missing_pdb,False
Q6NZ67,,missing_pdb,False
Q6NZI2,/data/ranran/my_ptm/croton/data/structure_pipeline/pdb/Q6NZI2.pdb,exact_sequence_match,True
Q6NZY4,,missing_pdb,False
Q6P088,,missing_pdb,False
Q6P0N0,,missing_pdb,False
Q6P1J6,,missing_pdb,False
Q6P1J9,/data/ranran/my_ptm/croton/data/structure_pipeline/pdb/Q6P1J9.pdb,exact_sequence_match,True
Q6P1K2,,missing_pdb,False
Q6P1L5,,missing_pdb,False
Q6P1L8,,missing_pdb,False
Q6P1M9,,missing_pdb,False
Q6P1Q0,,missing_pdb,False
Q6P1Q9,/data/ranran/my_ptm/croton/data/structure_pipeline/pdb/Q6P1Q9.pdb,exact_sequence_match,True
Q6P1R3,,missing_pdb,False
Q6P1R4,,missing_pdb,False
Q6P2C8,/data/ranran/my_ptm/croton/data/structure_pipeline/pdb/Q6P2C8.pdb,exact_sequence_match,True
Q6P2D8-2,,missing_pdb,False
Q6P2E9,/data/ranran/my_ptm/croton/data/structure_pipeline/pdb/Q6P2E9.pdb,exact_sequence_match,True
Q6P2Q9,/data/ranran/my_ptm/croton/data/structure_pipeline/pdb/Q6P2Q9.pdb,exact_sequence_match,True
Q6P387,,missing_pdb,False
Q6P3X3,/data/ranran/my_ptm/croton/data/structure_pipeline/pdb/Q6P3X3.pdb,exact_sequence_match,True
Q6P3X8,,missing_pdb,False
Q6P444,,missing_pdb,False
Q6P4F7,,missing_pdb,False
Q6P4H8-2,,missing_pdb,False
Q6P4R8,,missing_pdb,False
Q6P575,,missing_pdb,False
Q6P6B7,,missing_pdb,False
Q6P6C2,/data/ranran/my_ptm/croton/data/structure_pipeline/pdb/Q6P6C2.pdb,exact_sequence_match,True
Q6P996,/data/ranran/my_ptm/croton/data/structure_pipeline/pdb/Q6P996.pdb,exact_sequence_match,True
Q6PCB5,/data/ranran/my_ptm/croton/data/structure_pipeline/pdb/Q6PCB5.pdb,exact_sequence_match,True
Q6PCD5,,missing_pdb,False
Q6PCT2,,missing_pdb,False
Q6PD62,/data/ranran/my_ptm/croton/data/structure_pipeline/pdb/Q6PD62.pdb,exact_sequence_match,True
Q6PD74,/data/ranran/my_ptm/croton/data/structure_pipeline/pdb/Q6PD74.pdb,exact_sequence_match,True
Q6PEV8-2,,missing_pdb,False
Q6PGP7,/data/ranran/my_ptm/croton/data/structure_pipeline/pdb/Q6PGP7.pdb,exact_sequence_match,True
Q6PI47,,missing_pdb,False
Q6PI48,/data/ranran/my_ptm/croton/data/structure_pipeline/pdb/Q6PI48.pdb,exact_sequence_match,True
Q6PI98,,missing_pdb,False
Q6PID6,/data/ranran/my_ptm/croton/data/structure_pipeline/pdb/Q6PID6.pdb,exact_sequence_match,True
Q6PIF6-2,,missing_pdb,False
Q6PII3,/data/ranran/my_ptm/croton/data/structure_pipeline/pdb/Q6PII3.pdb,exact_sequence_match,True
Q6PIJ6,,missing_pdb,False
Q6PIW4,,missing_pdb,False
Q6PIY5,,missing_pdb,False
Q6PIY7,,missing_pdb,False
Q6PJ21,,missing_pdb,False
Q6PJ69,/data/ranran/my_ptm/croton/data/structure_pipeline/pdb/Q6PJ69.pdb,exact_sequence_match,True
Q6PJG2,,missing_pdb,False
Q6PJG6,,missing_pdb,False
Q6PJP8,,missing_pdb,False
Q6PJT7,/data/ranran/my_ptm/croton/data/structure_pipeline/pdb/Q6PJT7.pdb,exact_sequence_match,True
Q6PK18-2,,missing_pdb,False
Q6PKG0,/data/ranran/my_ptm/croton/data/structure_pipeline/pdb/Q6PKG0.pdb,exact_sequence_match,True
Q6PKX4,,missing_pdb,False
Q6R2W3,,missing_pdb,False
Q6R327,/data/ranran/my_ptm/croton/data/structure_pipeline/pdb/Q6R327.pdb,exact_sequence_match,True
Q6RFH5,,missing_pdb,False
Q6S5L8,,missing_pdb,False
Q6S5L8-2,,missing_pdb,False
Q6SJ93,/data/ranran/my_ptm/croton/data/structure_pipeline/pdb/Q6SJ93.pdb,exact_sequence_match,True
Q6SPF0,,missing_pdb,False
Q6TCH8,,missing_pdb,False
Q6TFL3,,missing_pdb,False
Q6TFL4,,missing_pdb,False
Q6UB99,,missing_pdb,False
Q6UN15,/data/ranran/my_ptm/croton/data/structure_pipeline/pdb/Q6UN15.pdb,exact_sequence_match,True
Q6UVJ0,/data/ranran/my_ptm/croton/data/structure_pipeline/pdb/Q6UVJ0.pdb,exact_sequence_match,True
Q6UVY6-2,,missing_pdb,False
Q6UW63,,missing_pdb,False
Q6UW78,,missing_pdb,False
Q6UWE0-2,,missing_pdb,False
Q6UWL2-2,,missing_pdb,False
Q6UWP7,,missing_pdb,False
Q6UWZ7,,missing_pdb,False
Q6UX04,/data/ranran/my_ptm/croton/data/structure_pipeline/pdb/Q6UX04.pdb,exact_sequence_match,True
Q6UX07-3,,missing_pdb,False
Q6UXD5,,missing_pdb,False
Q6UXH1-4,,missing_pdb,False
Q6UXN9,/data/ranran/my_ptm/croton/data/structure_pipeline/pdb/Q6UXN9.pdb,exact_sequence_match,True
Q6UXV3,,missing_pdb,False
Q6UXX5,,missing_pdb,False
Q6VEQ5,,missing_pdb,False
Q6VMQ6,/data/ranran/my_ptm/croton/data/structure_pipeline/pdb/Q6VMQ6.pdb,exact_sequence_match,True
Q6VY07,/data/ranran/my_ptm/croton/data/structure_pipeline/pdb/Q6VY07.pdb,exact_sequence_match,True
Q6W2J9,,missing_pdb,False
Q6WRI0,,missing_pdb,False
Q6X4W1,,missing_pdb,False
Q6XUX3-2,,missing_pdb,False
Q6XZF7-2,,missing_pdb,False
Q6Y8G5,,missing_pdb,False
Q6YN16,/data/ranran/my_ptm/croton/data/structure_pipeline/pdb/Q6YN16.pdb,exact_sequence_match,True
Q6ZMI0,,missing_pdb,False
Q6ZMJ2,,missing_pdb,False
Q6ZMK1,,missing_pdb,False
Q6ZMS4,,missing_pdb,False
Q6ZMS7,,missing_pdb,False
Q6ZMV7,,missing_pdb,False
Q6ZN28,,missing_pdb,False
Q6ZN30,,missing_pdb,False
Q6ZN54,,missing_pdb,False
Q6ZN55,,missing_pdb,False
Q6ZN79,,missing_pdb,False
Q6ZNA4-3,,missing_pdb,False
Q6ZNC4,,missing_pdb,False
Q6ZNC8-3,,missing_pdb,False
Q6ZNE5,,missing_pdb,False
Q6ZPD8,,missing_pdb,False
Q6ZR08,,missing_pdb,False
Q6ZR62,,missing_pdb,False
Q6ZRI6,,missing_pdb,False
Q6ZRK6,,missing_pdb,False
Q6ZRQ5,,missing_pdb,False
Q6ZRS2,,missing_pdb,False
Q6ZRV2,,missing_pdb,False
Q6ZS30-1,,missing_pdb,False
Q6ZSC3,,missing_pdb,False
Q6ZSS3,,missing_pdb,False
Q6ZT77,/data/ranran/my_ptm/croton/data/structure_pipeline/pdb/Q6ZT77.pdb,exact_sequence_match,True
Q6ZTQ4,,missing_pdb,False
Q6ZU65,,missing_pdb,False
Q6ZU67,,missing_pdb,False
Q6ZU80,,missing_pdb,False
Q6ZUS5-2,,missing_pdb,False
Q6ZUT1,,missing_pdb,False
Q6ZVL6,,missing_pdb,False
Q6ZVW7,,missing_pdb,False
Q6ZW49,,missing_pdb,False
Q6ZWE6,,missing_pdb,False
Q6ZWJ1,/data/ranran/my_ptm/croton/data/structure_pipeline/pdb/Q6ZWJ1.pdb,exact_sequence_match,True
Q709C8,,missing_pdb,False
Q709F0,,missing_pdb,False
Q70CQ1,,missing_pdb,False
Q70E73,/data/ranran/my_ptm/croton/data/structure_pipeline/pdb/Q70E73.pdb,exact_sequence_match,True
Q70EK8,,missing_pdb,False
Q70EK9,,missing_pdb,False
Q70EL1-7,,missing_pdb,False
Q70J99,/data/ranran/my_ptm/croton/data/structure_pipeline/pdb/Q70J99.pdb,exact_sequence_match,True
Q70SY1,,missing_pdb,False
Q70UQ0-4,,missing_pdb,False
Q70YC5,,missing_pdb,False
Q70Z35-4,,missing_pdb,False
Q70Z53,/data/ranran/my_ptm/croton/data/structure_pipeline/pdb/Q70Z53.pdb,exact_sequence_match,True
Q712K3,/data/ranran/my_ptm/croton/data/structure_pipeline/pdb/Q712K3.pdb,exact_sequence_match,True
Q71F23,,missing_pdb,False
Q71F56,,missing_pdb,False
Q71RC2,/data/ranran/my_ptm/croton/data/structure_pipeline/pdb/Q71RC2.pdb,exact_sequence_match,True
Q71SY5,,missing_pdb,False
Q71U36-2,,missing_pdb,False
Q75N03,,missing_pdb,False
Q75QN2,,missing_pdb,False
Q75VX8-3,,missing_pdb,False
Q76FK4,,missing_pdb,False
Q76L82,,missing_pdb,False
Q76M96,,missing_pdb,False
Q7KZ85,/data/ranran/my_ptm/croton/data/structure_pipeline/pdb/Q7KZ85.pdb,exact_sequence_match,True
Q7KZF4,/data/ranran/my_ptm/croton/data/structure_pipeline/pdb/Q7KZF4.pdb,exact_sequence_match,True
Q7L099,,missing_pdb,False
Q7L0Y3,/data/ranran/my_ptm/croton/data/structure_pipeline/pdb/Q7L0Y3.pdb,exact_sequence_match,True
Q7L1Q6,/data/ranran/my_ptm/croton/data/structure_pipeline/pdb/Q7L1Q6.pdb,exact_sequence_match,True
Q7L266,,missing_pdb,False
Q7L273,,missing_pdb,False
Q7L2E3,/data/ranran/my_ptm/croton/data/structure_pipeline/pdb/Q7L2E3.pdb,exact_sequence_match,True
Q7L2H7,/data/ranran/my_ptm/croton/data/structure_pipeline/pdb/Q7L2H7.pdb,exact_sequence_match,True
Q7L2J0,,missing_pdb,False
Q7L2Z9,,missing_pdb,False
Q7L311,,missing_pdb,False
Q7L3S4,,missing_pdb,False
Q7L4I2,/data/ranran/my_ptm/croton/data/structure_pipeline/pdb/Q7L4I2.pdb,exact_sequence_match,True
Q7L4P6,,missing_pdb,False
Q7L523,,missing_pdb,False
Q7L576,,missing_pdb,False
Q7L590,,missing_pdb,False
Q7L5N1,/data/ranran/my_ptm/croton/data/structure_pipeline/pdb/Q7L5N1.pdb,exact_sequence_match,True
Q7L5Y1,,missing_pdb,False
Q7L8W6,,missing_pdb,False
Q7LBC6,/data/ranran/my_ptm/croton/data/structure_pipeline/pdb/Q7LBC6.pdb,exact_sequence_match,True
Q7LBE3,,missing_pdb,False
Q7LC44,,missing_pdb,False
Q7LFL8,,missing_pdb,False
Q7RTN6-4,,missing_pdb,False
Q7RTR2,,missing_pdb,False
Q7RTT5,,missing_pdb,False
Q7RTV0,/data/ranran/my_ptm/croton/data/structure_pipeline/pdb/Q7RTV0.pdb,exact_sequence_match,True
Q7RTV3,,missing_pdb,False
Q7RTY7,,missing_pdb,False
Q7Z2E3,,missing_pdb,False
Q7Z2E3-4,,missing_pdb,False
Q7Z2K8,,missing_pdb,False
Q7Z2T5,/data/ranran/my_ptm/croton/data/structure_pipeline/pdb/Q7Z2T5.pdb,exact_sequence_match,True
Q7Z2W4-3,,missing_pdb,False
Q7Z2W9,/data/ranran/my_ptm/croton/data/structure_pipeline/pdb/Q7Z2W9.pdb,exact_sequence_match,True
Q7Z2X4-4,,missing_pdb,False
Q7Z2Z1,,missing_pdb,False
Q7Z2Z2,/data/ranran/my_ptm/croton/data/structure_pipeline/pdb/Q7Z2Z2.pdb,exact_sequence_match,True
Q7Z333-4,,missing_pdb,False
Q7Z353,,missing_pdb,False
Q7Z3B4,/data/ranran/my_ptm/croton/data/structure_pipeline/pdb/Q7Z3B4.pdb,exact_sequence_match,True
Q7Z3I7,,missing_pdb,False
Q7Z3K3,/data/ranran/my_ptm/croton/data/structure_pipeline/pdb/Q7Z3K3.pdb,exact_sequence_match,True
Q7Z3K6,,missing_pdb,False
Q7Z403-4,,missing_pdb,False
Q7Z406,/data/ranran/my_ptm/croton/data/structure_pipeline/pdb/Q7Z406.pdb,exact_sequence_match,True
Q7Z417,/data/ranran/my_ptm/croton/data/structure_pipeline/pdb/Q7Z417.pdb,exact_sequence_match,True
Q7Z417-2,,missing_pdb,False
Q7Z478,/data/ranran/my_ptm/croton/data/structure_pipeline/pdb/Q7Z478.pdb,exact_sequence_match,True
Q7Z494,,missing_pdb,False
Q7Z4G4,/data/ranran/my_ptm/croton/data/structure_pipeline/pdb/Q7Z4G4.pdb,exact_sequence_match,True
Q7Z4H3-2,,missing_pdb,False
Q7Z4I7,/data/ranran/my_ptm/croton/data/structure_pipeline/pdb/Q7Z4I7.pdb,exact_sequence_match,True
Q7Z4N8,,missing_pdb,False
Q7Z4V0-2,,missing_pdb,False
Q7Z4V5,/data/ranran/my_ptm/croton/data/structure_pipeline/pdb/Q7Z4V5.pdb,exact_sequence_match,True
Q7Z4Y8,,missing_pdb,False
Q7Z569,/data/ranran/my_ptm/croton/data/structure_pipeline/pdb/Q7Z569.pdb,exact_sequence_match,True
Q7Z572,,missing_pdb,False
Q7Z589-7,,missing_pdb,False
Q7Z5G4,,missing_pdb,False
Q7Z5J4,,missing_pdb,False
Q7Z5K2,/data/ranran/my_ptm/croton/data/structure_pipeline/pdb/Q7Z5K2.pdb,exact_sequence_match,True
Q7Z5L2,,missing_pdb,False
Q7Z5L9,,missing_pdb,False
Q7Z5P9,,missing_pdb,False
Q7Z5Q5,,missing_pdb,False
Q7Z5U6,,missing_pdb,False
Q7Z5Y7,,missing_pdb,False
Q7Z628,,missing_pdb,False
Q7Z6E9,/data/ranran/my_ptm/croton/data/structure_pipeline/pdb/Q7Z6E9.pdb,exact_sequence_match,True
Q7Z6G8-6,,missing_pdb,False
Q7Z6I8,,missing_pdb,False
Q7Z6J8,,missing_pdb,False
Q7Z6J9,,missing_pdb,False
Q7Z6K1,,missing_pdb,False
Q7Z6K5,,missing_pdb,False
Q7Z6M1,/data/ranran/my_ptm/croton/data/structure_pipeline/pdb/Q7Z6M1.pdb,exact_sequence_match,True
Q7Z6M2,,missing_pdb,False
Q7Z6M4,,missing_pdb,False
Q7Z6P5,,missing_pdb,False
Q7Z6S5,,missing_pdb,False
Q7Z6V5,,missing_pdb,False
Q7Z6V5-2,,missing_pdb,False
Q7Z773,,missing_pdb,False
Q7Z7A1-5,,missing_pdb,False
Q7Z7A3,,missing_pdb,False
Q7Z7B1,,missing_pdb,False
Q7Z7C8,,missing_pdb,False
Q7Z7E8,/data/ranran/my_ptm/croton/data/structure_pipeline/pdb/Q7Z7E8.pdb,exact_sequence_match,True
Q7Z7F0,,missing_pdb,False
Q7Z7G8,,missing_pdb,False
Q7Z7H8,,missing_pdb,False
Q7Z7J5,,missing_pdb,False
Q7Z7K2,,missing_pdb,False
Q7Z7K6,/data/ranran/my_ptm/croton/data/structure_pipeline/pdb/Q7Z7K6.pdb,exact_sequence_match,True
Q7Z7L7,,missing_pdb,False
Q7Z7M0-2,,missing_pdb,False
Q86SE9,,missing_pdb,False
Q86SF2,/data/ranran/my_ptm/croton/data/structure_pipeline/pdb/Q86SF2.pdb,exact_sequence_match,True
Q86SQ0,,missing_pdb,False
Q86SQ7-2,,missing_pdb,False
Q86SR1-4,,missing_pdb,False
Q86SX3-2,,missing_pdb,False
Q86T24,,missing_pdb,False
Q86T75,,missing_pdb,False
Q86T82,,missing_pdb,False
Q86T96,,missing_pdb,False
Q86TE4,,missing_pdb,False
Q86TG7,,missing_pdb,False
Q86TI2-2,,missing_pdb,False
Q86TJ2,,missing_pdb,False
Q86TN4,,missing_pdb,False
Q86TU7,/data/ranran/my_ptm/croton/data/structure_pipeline/pdb/Q86TU7.pdb,exact_sequence_match,True
Q86U06-3,,missing_pdb,False
Q86U38,,missing_pdb,False
Q86U42-2,,missing_pdb,False
Q86U44,/data/ranran/my_ptm/croton/data/structure_pipeline/pdb/Q86U44.pdb,exact_sequence_match,True
Q86U70,,missing_pdb,False
Q86U86,,missing_pdb,False
Q86U90,,missing_pdb,False
Q86UA6,,missing_pdb,False
Q86UD4,,missing_pdb,False
Q86UG4,,missing_pdb,False
Q86UR5,,missing_pdb,False
Q86UT8,/data/ranran/my_ptm/croton/data/structure_pipeline/pdb/Q86UT8.pdb,exact_sequence_match,True
Q86UU0,,missing_pdb,False
Q86UV5-8,,missing_pdb,False
Q86UW9,,missing_pdb,False
Q86UY5,,missing_pdb,False
Q86UY6,,missing_pdb,False
Q86UY8,,missing_pdb,False
Q86UZ6,,missing_pdb,False
Q86V15,,missing_pdb,False
Q86V15-2,,missing_pdb,False
Q86V20-2,,missing_pdb,False
Q86V21,/data/ranran/my_ptm/croton/data/structure_pipeline/pdb/Q86V21.pdb,exact_sequence_match,True
Q86V48-2,,missing_pdb,False
Q86V59,,missing_pdb,False
Q86V86,,missing_pdb,False
Q86V93,,missing_pdb,False
Q86VF7,,missing_pdb,False
Q86VH2-4,,missing_pdb,False
Q86VK4,,missing_pdb,False
Q86VM6,,missing_pdb,False
Q86VW0,,missing_pdb,False
Q86VX2,,missing_pdb,False
Q86VZ4,,missing_pdb,False
Q86W42,,missing_pdb,False
Q86W47,,missing_pdb,False
Q86W50,/data/ranran/my_ptm/croton/data/structure_pipeline/pdb/Q86W50.pdb,exact_sequence_match,True
Q86W56-3,,missing_pdb,False
Q86W92,/data/ranran/my_ptm/croton/data/structure_pipeline/pdb/Q86W92.pdb,exact_sequence_match,True
Q86WB0,/data/ranran/my_ptm/croton/data/structure_pipeline/pdb/Q86WB0.pdb,exact_sequence_match,True
Q86WC4,,missing_pdb,False
Q86WJ1,/data/ranran/my_ptm/croton/data/structure_pipeline/pdb/Q86WJ1.pdb,exact_sequence_match,True
Q86WN2,,missing_pdb,False
Q86WQ0-2,,missing_pdb,False
Q86WR0,/data/ranran/my_ptm/croton/data/structure_pipeline/pdb/Q86WR0.pdb,exact_sequence_match,True
Q86WR0-2,,missing_pdb,False
Q86WR7,,missing_pdb,False
Q86WX3,,missing_pdb,False
Q86X24-2,,missing_pdb,False
Q86X27,/data/ranran/my_ptm/croton/data/structure_pipeline/pdb/Q86X27.pdb,exact_sequence_match,True
Q86X51,,missing_pdb,False
Q86X52,,missing_pdb,False
Q86X55,/data/ranran/my_ptm/croton/data/structure_pipeline/pdb/Q86X55.pdb,exact_sequence_match,True
Q86X83,,missing_pdb,False
Q86X95,,missing_pdb,False
Q86XA9,/data/ranran/my_ptm/croton/data/structure_pipeline/pdb/Q86XA9.pdb,exact_sequence_match,True
Q86XI2,/data/ranran/my_ptm/croton/data/structure_pipeline/pdb/Q86XI2.pdb,exact_sequence_match,True
Q86XI8,,missing_pdb,False
Q86XK2-6,,missing_pdb,False
Q86XK3,,missing_pdb,False
Q86XL3,,missing_pdb,False
Q86XN7,,missing_pdb,False
Q86XP3,/data/ranran/my_ptm/croton/data/structure_pipeline/pdb/Q86XP3.pdb,exact_sequence_match,True
Q86XR8,,missing_pdb,False
Q86XX4,,missing_pdb,False
Q86Y07,,missing_pdb,False
Q86Y13,,missing_pdb,False
Q86Y37,/data/ranran/my_ptm/croton/data/structure_pipeline/pdb/Q86Y37.pdb,exact_sequence_match,True
Q86Y56,/data/ranran/my_ptm/croton/data/structure_pipeline/pdb/Q86Y56.pdb,exact_sequence_match,True
Q86Y97,,missing_pdb,False
Q86YA3,,missing_pdb,False
Q86YA6,,missing_pdb,False
Q86YB8,,missing_pdb,False
Q86YC2,,missing_pdb,False
Q86YD1,,missing_pdb,False
Q86YF9-2,,missing_pdb,False
Q86YI8,,missing_pdb,False
Q86YJ6,,missing_pdb,False
Q86YJ7-2,,missing_pdb,False
Q86YL7-3,,missing_pdb,False
Q86YN6,,missing_pdb,False
Q86YP4,/data/ranran/my_ptm/croton/data/structure_pipeline/pdb/Q86YP4.pdb,exact_sequence_match,True
Q86YQ8,,missing_pdb,False
Q86YS3,,missing_pdb,False
Q86YV9,,missing_pdb,False
Q86Z20,,missing_pdb,False
Q8IMZ4,,missing_pdb,False
Q8IU85,/data/ranran/my_ptm/croton/data/structure_pipeline/pdb/Q8IU85.pdb,exact_sequence_match,True
Q8IUF8,/data/ranran/my_ptm/croton/data/structure_pipeline/pdb/Q8IUF8.pdb,exact_sequence_match,True
Q8IUH3,,missing_pdb,False
Q8IUR0,,missing_pdb,False
Q8IUR6,,missing_pdb,False
Q8IUW5,,missing_pdb,False
Q8IUZ0-4,,missing_pdb,False
Q8IUZ5,,missing_pdb,False
Q8IV33,,missing_pdb,False
Q8IV48,/data/ranran/my_ptm/croton/data/structure_pipeline/pdb/Q8IV48.pdb,exact_sequence_match,True
Q8IV63,,missing_pdb,False
Q8IV76,,missing_pdb,False
Q8IVD9,,missing_pdb,False
Q8IVE3,,missing_pdb,False
Q8IVF6,/data/ranran/my_ptm/croton/data/structure_pipeline/pdb/Q8IVF6.pdb,exact_sequence_match,True
Q8IVH8,,missing_pdb,False
Q8IVL1-8,,missing_pdb,False
Q8IVL5,,missing_pdb,False
Q8IVL6-2,,missing_pdb,False
Q8IVM0,/data/ranran/my_ptm/croton/data/structure_pipeline/pdb/Q8IVM0.pdb,exact_sequence_match,True
Q8IVS2,,missing_pdb,False
Q8IVT2,/data/ranran/my_ptm/croton/data/structure_pipeline/pdb/Q8IVT2.pdb,exact_sequence_match,True
Q8IVV2,,missing_pdb,False
Q8IVW1,,missing_pdb,False
Q8IWA0,/data/ranran/my_ptm/croton/data/structure_pipeline/pdb/Q8IWA0.pdb,exact_sequence_match,True
Q8IWB1,,missing_pdb,False
Q8IWB6,,missing_pdb,False
Q8IWB7,/data/ranran/my_ptm/croton/data/structure_pipeline/pdb/Q8IWB7.pdb,exact_sequence_match,True
Q8IWC1,/data/ranran/my_ptm/croton/data/structure_pipeline/pdb/Q8IWC1.pdb,exact_sequence_match,True
Q8IWE2,/data/ranran/my_ptm/croton/data/structure_pipeline/pdb/Q8IWE2.pdb,exact_sequence_match,True
Q8IWF6,,missing_pdb,False
Q8IWG1-2,,missing_pdb,False
Q8IWI9,,missing_pdb,False
Q8IWJ2,/data/ranran/my_ptm/croton/data/structure_pipeline/pdb/Q8IWJ2.pdb,exact_sequence_match,True
Q8IWR0-2,,missing_pdb,False
Q8IWS0,/data/ranran/my_ptm/croton/data/structure_pipeline/pdb/Q8IWS0.pdb,exact_sequence_match,True
Q8IWT0,,missing_pdb,False
Q8IWT3,,missing_pdb,False
Q8IWU5,,missing_pdb,False
Q8IWX8,/data/ranran/my_ptm/croton/data/structure_pipeline/pdb/Q8IWX8.pdb,exact_sequence_match,True
Q8IWZ3-2,,missing_pdb,False
Q8IWZ6,,missing_pdb,False
Q8IWZ8,,missing_pdb,False
Q8IX04-5,,missing_pdb,False
Q8IX06,,missing_pdb,False
Q8IX12,/data/ranran/my_ptm/croton/data/structure_pipeline/pdb/Q8IX12.pdb,exact_sequence_match,True
Q8IX15,,missing_pdb,False
Q8IX18,,missing_pdb,False
Q8IX21,,missing_pdb,False
Q8IX90,,missing_pdb,False
Q8IXB1-2,,missing_pdb,False
Q8IXM2,,missing_pdb,False
Q8IXM3,/data/ranran/my_ptm/croton/data/structure_pipeline/pdb/Q8IXM3.pdb,exact_sequence_match,True
Q8IXQ4,,missing_pdb,False
Q8IXQ6-3,,missing_pdb,False
Q8IXQ8,,missing_pdb,False
Q8IXS2,,missing_pdb,False
Q8IXS8,,missing_pdb,False
Q8IXT1,,missing_pdb,False
Q8IXT5,/data/ranran/my_ptm/croton/data/structure_pipeline/pdb/Q8IXT5.pdb,exact_sequence_match,True
Q8IXV7,,missing_pdb,False
Q8IXW9,,missing_pdb,False
Q8IXX5,,missing_pdb,False
Q8IXY8-3,,missing_pdb,False
Q8IXZ2,,missing_pdb,False
Q8IY18,/data/ranran/my_ptm/croton/data/structure_pipeline/pdb/Q8IY18.pdb,exact_sequence_match,True
Q8IY22,,missing_pdb,False
Q8IY33,,missing_pdb,False
Q8IY37,/data/ranran/my_ptm/croton/data/structure_pipeline/pdb/Q8IY37.pdb,exact_sequence_match,True
Q8IY47,,missing_pdb,False
Q8IY57,,missing_pdb,False
Q8IY81,/data/ranran/my_ptm/croton/data/structure_pipeline/pdb/Q8IY81.pdb,exact_sequence_match,True
Q8IY84,,missing_pdb,False
Q8IY92,,missing_pdb,False
Q8IYA6,,missing_pdb,False
Q8IYA6-3,,missing_pdb,False
Q8IYA7,,missing_pdb,False
Q8IYA8-2,,missing_pdb,False
Q8IYB8,/data/ranran/my_ptm/croton/data/structure_pipeline/pdb/Q8IYB8.pdb,exact_sequence_match,True
Q8IYD1,/data/ranran/my_ptm/croton/data/structure_pipeline/pdb/Q8IYD1.pdb,exact_sequence_match,True
Q8IYD8,,missing_pdb,False
Q8IYD9-2,,missing_pdb,False
Q8IYH5,/data/ranran/my_ptm/croton/data/structure_pipeline/pdb/Q8IYH5.pdb,exact_sequence_match,True
Q8IYI0,,missing_pdb,False
Q8IYI6,/data/ranran/my_ptm/croton/data/structure_pipeline/pdb/Q8IYI6.pdb,exact_sequence_match,True
Q8IYI8,,missing_pdb,False
Q8IYL2,,missing_pdb,False
Q8IYL3,,missing_pdb,False
Q8IYM0,,missing_pdb,False
Q8IYM2,,missing_pdb,False
Q8IYN0,,missing_pdb,False
Q8IYN2,,missing_pdb,False
Q8IYS0,,missing_pdb,False
Q8IYS1,,missing_pdb,False
Q8IYT3,,missing_pdb,False
Q8IYU2,,missing_pdb,False
Q8IYU8,/data/ranran/my_ptm/croton/data/structure_pipeline/pdb/Q8IYU8.pdb,exact_sequence_match,True
Q8IYW5,,missing_pdb,False
Q8IZ02,,missing_pdb,False
Q8IZ21,/data/ranran/my_ptm/croton/data/structure_pipeline/pdb/Q8IZ21.pdb,exact_sequence_match,True
Q8IZ40,,missing_pdb,False
Q8IZ41,,missing_pdb,False
Q8IZ73,,missing_pdb,False
Q8IZ81,,missing_pdb,False
Q8IZ83,,missing_pdb,False
Q8IZC4,,missing_pdb,False
Q8IZD2,,missing_pdb,False
Q8IZD4,,missing_pdb,False
Q8IZD9,,missing_pdb,False
Q8IZF0,,missing_pdb,False
Q8IZF0-2,,missing_pdb,False
Q8IZF5,,missing_pdb,False
Q8IZH2-2,,missing_pdb,False
Q8IZL2,,missing_pdb,False
Q8IZL8,/data/ranran/my_ptm/croton/data/structure_pipeline/pdb/Q8IZL8.pdb,exact_sequence_match,True
Q8IZQ1-2,,missing_pdb,False
Q8IZT6,,missing_pdb,False
Q8IZU3,,missing_pdb,False
Q8IZW8,,missing_pdb,False
Q8N0S2,,missing_pdb,False
Q8N0S6,,missing_pdb,False
Q8N0W3,,missing_pdb,False
Q8N0X2,,missing_pdb,False
Q8N0X7,/data/ranran/my_ptm/croton/data/structure_pipeline/pdb/Q8N0X7.pdb,exact_sequence_match,True
Q8N0Z3,,missing_pdb,False
Q8N0Z6,,missing_pdb,False
Q8N114,,missing_pdb,False
Q8N122-3,,missing_pdb,False
Q8N137,,missing_pdb,False
Q8N142,,missing_pdb,False
Q8N157-2,,missing_pdb,False
Q8N165,,missing_pdb,False
Q8N196,,missing_pdb,False
Q8N1A0,,missing_pdb,False
Q8N1A6,,missing_pdb,False
Q8N1F7,/data/ranran/my_ptm/croton/data/structure_pipeline/pdb/Q8N1F7.pdb,exact_sequence_match,True
Q8N1G1,,missing_pdb,False
Q8N1G2,/data/ranran/my_ptm/croton/data/structure_pipeline/pdb/Q8N1G2.pdb,exact_sequence_match,True
Q8N1H7,,missing_pdb,False
Q8N1Q1,,missing_pdb,False
Q8N1W2,,missing_pdb,False
Q8N201,/data/ranran/my_ptm/croton/data/structure_pipeline/pdb/Q8N201.pdb,exact_sequence_match,True
Q8N264,,missing_pdb,False
Q8N264-5,,missing_pdb,False
Q8N2C7,,missing_pdb,False
Q8N2H9,,missing_pdb,False
Q8N2M8,/data/ranran/my_ptm/croton/data/structure_pipeline/pdb/Q8N2M8.pdb;/data/ranran/my_ptm/croton/data/structure_pipeline/pdb/AF-Q8N2M8-F1-model_v6.pdb,sequence_mismatch,False
Q8N2R0,,missing_pdb,False
Q8N2S1,,missing_pdb,False
Q8N2W9,,missing_pdb,False
Q8N302,,missing_pdb,False
Q8N3A8,,missing_pdb,False
Q8N3C0,/data/ranran/my_ptm/croton/data/structure_pipeline/pdb/Q8N3C0.pdb,exact_sequence_match,True
Q8N3C7,,missing_pdb,False
Q8N3I7,,missing_pdb,False
Q8N3J2,,missing_pdb,False
Q8N3J3,,missing_pdb,False
Q8N3J5,,missing_pdb,False
Q8N3J9,,missing_pdb,False
Q8N3K9,,missing_pdb,False
Q8N3R9,,missing_pdb,False
Q8N3T1,,missing_pdb,False
Q8N3V7-3,,missing_pdb,False
Q8N3X1,/data/ranran/my_ptm/croton/data/structure_pipeline/pdb/Q8N3X1.pdb,exact_sequence_match,True
Q8N3X6,,missing_pdb,False
Q8N3X6-3,,missing_pdb,False
Q8N3Z6,,missing_pdb,False
Q8N441,,missing_pdb,False
Q8N442,,missing_pdb,False
Q8N448,,missing_pdb,False
Q8N488,,missing_pdb,False
Q8N490-2,,missing_pdb,False
Q8N4C6,,missing_pdb,False
Q8N4C8-5,,missing_pdb,False
Q8N4H5,/data/ranran/my_ptm/croton/data/structure_pipeline/pdb/Q8N4H5.pdb,exact_sequence_match,True
Q8N4S0,,missing_pdb,False
Q8N531,,missing_pdb,False
Q8N535,,missing_pdb,False
Q8N543,/data/ranran/my_ptm/croton/data/structure_pipeline/pdb/Q8N543.pdb,exact_sequence_match,True
Q8N554,,missing_pdb,False
Q8N556,,missing_pdb,False
Q8N567,,missing_pdb,False
Q8N573-3,,missing_pdb,False
Q8N594,,missing_pdb,False
Q8N5A5,,missing_pdb,False
Q8N5C6,,missing_pdb,False
Q8N5C7,,missing_pdb,False
Q8N5D0-5,,missing_pdb,False
Q8N5F7,,missing_pdb,False
Q8N5M4,/data/ranran/my_ptm/croton/data/structure_pipeline/pdb/Q8N5M4.pdb,exact_sequence_match,True
Q8N5Q1,,missing_pdb,False
Q8N5S1,,missing_pdb,False
Q8N5U6,,missing_pdb,False
Q8N5Y2,,missing_pdb,False
Q8N668,,missing_pdb,False
Q8N680,,missing_pdb,False
Q8N684,/data/ranran/my_ptm/croton/data/structure_pipeline/pdb/Q8N684.pdb,exact_sequence_match,True
Q8N695,,missing_pdb,False
Q8N6G6,/data/ranran/my_ptm/croton/data/structure_pipeline/pdb/Q8N6G6.pdb,exact_sequence_match,True
Q8N6M6-3,,missing_pdb,False
Q8N6M9,,missing_pdb,False
Q8N6R0,/data/ranran/my_ptm/croton/data/structure_pipeline/pdb/Q8N6R0.pdb,exact_sequence_match,True
Q8N6T3-2,,missing_pdb,False
Q8N6T7,/data/ranran/my_ptm/croton/data/structure_pipeline/pdb/Q8N6T7.pdb,exact_sequence_match,True
Q8N715,,missing_pdb,False
Q8N720,,missing_pdb,False
Q8N766-4,,missing_pdb,False
Q8N7H5,/data/ranran/my_ptm/croton/data/structure_pipeline/pdb/Q8N7H5.pdb,exact_sequence_match,True
Q8N7W2,,missing_pdb,False
Q8N7W2-2,,missing_pdb,False
Q8N806,/data/ranran/my_ptm/croton/data/structure_pipeline/pdb/Q8N806.pdb,exact_sequence_match,True
Q8N865,,missing_pdb,False
Q8N884,/data/ranran/my_ptm/croton/data/structure_pipeline/pdb/Q8N884.pdb,exact_sequence_match,True
Q8N8A6,,missing_pdb,False
Q8N8B7,,missing_pdb,False
Q8N8C0,,missing_pdb,False
Q8N8D1,,missing_pdb,False
Q8N8E2,,missing_pdb,False
Q8N8H1,,missing_pdb,False
Q8N8K9-3,,missing_pdb,False
Q8N8L2,,missing_pdb,False
Q8N8Q3-2,,missing_pdb,False
Q8N8R7,,missing_pdb,False
Q8N8Z6-2,,missing_pdb,False
Q8N8Z8,,missing_pdb,False
Q8N954,,missing_pdb,False
Q8N999,/data/ranran/my_ptm/croton/data/structure_pipeline/pdb/Q8N999.pdb,exact_sequence_match,True
Q8N9B5,,missing_pdb,False
Q8N9M1,,missing_pdb,False
Q8N9N2-2,,missing_pdb,False
Q8N9N5,,missing_pdb,False
Q8N9S9-2,,missing_pdb,False
Q8N9T8,,missing_pdb,False
Q8N9V3-2,,missing_pdb,False
Q8N9V7,,missing_pdb,False
Q8NA03,,missing_pdb,False
Q8NA19,,missing_pdb,False
Q8NA56,,missing_pdb,False
Q8NA92,,missing_pdb,False
Q8NAF0,,missing_pdb,False
Q8NAM6,,missing_pdb,False
Q8NAP3,,missing_pdb,False
Q8NAT2,,missing_pdb,False
Q8NAV1,/data/ranran/my_ptm/croton/data/structure_pipeline/pdb/Q8NAV1.pdb,exact_sequence_match,True
Q8NB14,,missing_pdb,False
Q8NB16,/data/ranran/my_ptm/croton/data/structure_pipeline/pdb/Q8NB16.pdb,exact_sequence_match,True
Q8NB37-2,,missing_pdb,False
Q8NB46,,missing_pdb,False
Q8NB50,,missing_pdb,False
Q8NB66,,missing_pdb,False
Q8NB78,,missing_pdb,False
Q8NB90,,missing_pdb,False
Q8NB91,,missing_pdb,False
Q8NBF1,,missing_pdb,False
Q8NBJ4,/data/ranran/my_ptm/croton/data/structure_pipeline/pdb/Q8NBJ4.pdb,exact_sequence_match,True
Q8NBJ5,/data/ranran/my_ptm/croton/data/structure_pipeline/pdb/Q8NBJ5.pdb,exact_sequence_match,True
Q8NBN7-2,,missing_pdb,False
Q8NBP7,,missing_pdb,False
Q8NBS9,/data/ranran/my_ptm/croton/data/structure_pipeline/pdb/Q8NBS9.pdb,exact_sequence_match,True
Q8NBT0-2,,missing_pdb,False
Q8NBT2,,missing_pdb,False
Q8NBU5,/data/ranran/my_ptm/croton/data/structure_pipeline/pdb/Q8NBU5.pdb,exact_sequence_match,True
Q8NBX0,,missing_pdb,False
Q8NBZ0,,missing_pdb,False
Q8NC51,/data/ranran/my_ptm/croton/data/structure_pipeline/pdb/Q8NC51.pdb,exact_sequence_match,True
Q8NC60,/data/ranran/my_ptm/croton/data/structure_pipeline/pdb/Q8NC60.pdb,exact_sequence_match,True
Q8NC96,,missing_pdb,False
Q8NCA9,,missing_pdb,False
Q8NCB2,,missing_pdb,False
Q8NCD3,,missing_pdb,False
Q8NCE0-2,,missing_pdb,False
Q8NCF5,,missing_pdb,False
Q8NCM8,,missing_pdb,False
Q8NCN4,,missing_pdb,False
Q8NCN5,,missing_pdb,False
Q8NCP5-3,,missing_pdb,False
Q8NCT3,,missing_pdb,False
Q8NCT3-4,,missing_pdb,False
Q8NCX0,,missing_pdb,False
Q8NCY6,,missing_pdb,False
Q8ND07,,missing_pdb,False
Q8ND56,/data/ranran/my_ptm/croton/data/structure_pipeline/pdb/Q8ND56.pdb,exact_sequence_match,True
Q8ND76-3,,missing_pdb,False
Q8ND82,,missing_pdb,False
Q8NDA8,,missing_pdb,False
Q8NDB6,,missing_pdb,False
Q8NDF8-5,,missing_pdb,False
Q8NDG6,,missing_pdb,False
Q8NDH2,,missing_pdb,False
Q8NDH3-2,,missing_pdb,False
Q8NDN9,,missing_pdb,False
Q8NDV3,,missing_pdb,False
Q8NDX6,,missing_pdb,False
Q8NE86,/data/ranran/my_ptm/croton/data/structure_pipeline/pdb/Q8NE86.pdb,exact_sequence_match,True
Q8NEA6-2,,missing_pdb,False
Q8NEB9,,missing_pdb,False
Q8NEF3,,missing_pdb,False
Q8NEF9,,missing_pdb,False
Q8NEG5,,missing_pdb,False
Q8NEJ9,/data/ranran/my_ptm/croton/data/structure_pipeline/pdb/Q8NEJ9.pdb,exact_sequence_match,True
Q8NEM0,/data/ranran/my_ptm/croton/data/structure_pipeline/pdb/Q8NEM0.pdb,exact_sequence_match,True
Q8NEM2,/data/ranran/my_ptm/croton/data/structure_pipeline/pdb/Q8NEM2.pdb,exact_sequence_match,True
Q8NEM7,,missing_pdb,False
Q8NEP4,,missing_pdb,False
Q8NEV4,,missing_pdb,False
Q8NEW7,,missing_pdb,False
Q8NEY1,,missing_pdb,False
Q8NEY8,/data/ranran/my_ptm/croton/data/structure_pipeline/pdb/Q8NEY8.pdb,exact_sequence_match,True
Q8NEZ3,,missing_pdb,False
Q8NF91,,missing_pdb,False
Q8NFC6,,missing_pdb,False
Q8NFF2-3,,missing_pdb,False
Q8NFG4,,missing_pdb,False
Q8NFH3,/data/ranran/my_ptm/croton/data/structure_pipeline/pdb/Q8NFH3.pdb,exact_sequence_match,True
Q8NFH4,/data/ranran/my_ptm/croton/data/structure_pipeline/pdb/Q8NFH4.pdb,exact_sequence_match,True
Q8NFI3,,missing_pdb,False
Q8NFJ5,/data/ranran/my_ptm/croton/data/structure_pipeline/pdb/Q8NFJ5.pdb,exact_sequence_match,True
Q8NFJ9,,missing_pdb,False
Q8NFT6,,missing_pdb,False
Q8NFT6-2,,missing_pdb,False
Q8NFT6-3,,missing_pdb,False
Q8NFU5,,missing_pdb,False
Q8NFU7,,missing_pdb,False
Q8NFW1-3,,missing_pdb,False
Q8NFW5,,missing_pdb,False
Q8NFW8,/data/ranran/my_ptm/croton/data/structure_pipeline/pdb/Q8NFW8.pdb,exact_sequence_match,True
Q8NFX7-3,,missing_pdb,False
Q8NFZ0,,missing_pdb,False
Q8NG08,,missing_pdb,False
Q8NG31,/data/ranran/my_ptm/croton/data/structure_pipeline/pdb/Q8NG31.pdb,exact_sequence_match,True
Q8NG48,,missing_pdb,False
Q8NG50,,missing_pdb,False
Q8NHH9-2,,missing_pdb,False
Q8NHM5,,missing_pdb,False
Q8NHP8-2,,missing_pdb,False
Q8NHQ1-2,,missing_pdb,False
Q8NHU0,,missing_pdb,False
Q8NHY2,,missing_pdb,False
Q8NI27,/data/ranran/my_ptm/croton/data/structure_pipeline/pdb/Q8NI27.pdb,exact_sequence_match,True
Q8NI35,/data/ranran/my_ptm/croton/data/structure_pipeline/pdb/Q8NI35.pdb,exact_sequence_match,True
Q8NI36,,missing_pdb,False
Q8NI77,,missing_pdb,False
Q8R5F7,,missing_pdb,False
Q8TA86,,missing_pdb,False
Q8TAD8,,missing_pdb,False
Q8TAF3-3,,missing_pdb,False
Q8TAI1,,missing_pdb,False
Q8TAK5,,missing_pdb,False
Q8TAL6,,missing_pdb,False
Q8TAM1,,missing_pdb,False
Q8TAM2,,missing_pdb,False
Q8TAP6-2,,missing_pdb,False
Q8TAP8,,missing_pdb,False
Q8TAS1,,missing_pdb,False
Q8TAT5,,missing_pdb,False
Q8TAT6,/data/ranran/my_ptm/croton/data/structure_pipeline/pdb/Q8TAT6.pdb,exact_sequence_match,True
Q8TAX9-5,,missing_pdb,False
Q8TAZ6,,missing_pdb,False
Q8TB45,,missing_pdb,False
Q8TBA6,/data/ranran/my_ptm/croton/data/structure_pipeline/pdb/Q8TBA6.pdb,exact_sequence_match,True
Q8TBB0,,missing_pdb,False
Q8TBB5,,missing_pdb,False
Q8TBC4,,missing_pdb,False
Q8TBC5-2,,missing_pdb,False
Q8TBE0,,missing_pdb,False
Q8TBF4,/data/ranran/my_ptm/croton/data/structure_pipeline/pdb/Q8TBF4.pdb,exact_sequence_match,True
Q8TBG9,,missing_pdb,False
Q8TBH0-2,,missing_pdb,False
Q8TBK2,,missing_pdb,False
Q8TBP0,,missing_pdb,False
Q8TBY9-2,,missing_pdb,False
Q8TC05-4,,missing_pdb,False
Q8TC12-2,,missing_pdb,False
Q8TC92,,missing_pdb,False
Q8TCB7,,missing_pdb,False
Q8TCG1,/data/ranran/my_ptm/croton/data/structure_pipeline/pdb/Q8TCG1.pdb,exact_sequence_match,True
Q8TCG2,,missing_pdb,False
Q8TCI5-2,,missing_pdb,False
Q8TCJ0,,missing_pdb,False
Q8TCJ2,/data/ranran/my_ptm/croton/data/structure_pipeline/pdb/Q8TCJ2.pdb,exact_sequence_match,True
Q8TCS8,/data/ranran/my_ptm/croton/data/structure_pipeline/pdb/Q8TCS8.pdb,exact_sequence_match,True
Q8TCU4,,missing_pdb,False
Q8TCU6,,missing_pdb,False
Q8TCX1,,missing_pdb,False
Q8TD19,,missing_pdb,False
Q8TD26,,missing_pdb,False
Q8TD49,,missing_pdb,False
Q8TD57,,missing_pdb,False
Q8TDB6,/data/ranran/my_ptm/croton/data/structure_pipeline/pdb/Q8TDB6.pdb,exact_sequence_match,True
Q8TDC3-2,,missing_pdb,False
Q8TDD1-2,,missing_pdb,False
Q8TDD2,,missing_pdb,False
Q8TDM6-2,,missing_pdb,False
Q8TDN6,/data/ranran/my_ptm/croton/data/structure_pipeline/pdb/Q8TDN6.pdb,exact_sequence_match,True
Q8TDR0,,missing_pdb,False
Q8TDR2,,missing_pdb,False
Q8TDU5,,missing_pdb,False
Q8TDW5,,missing_pdb,False
Q8TDY2,,missing_pdb,False
Q8TE60,,missing_pdb,False
Q8TE73,,missing_pdb,False
Q8TE77,,missing_pdb,False
Q8TE77-3,,missing_pdb,False
Q8TEA1,/data/ranran/my_ptm/croton/data/structure_pipeline/pdb/Q8TEA1.pdb,exact_sequence_match,True
Q8TEA7-3,,missing_pdb,False
Q8TEC5,,missing_pdb,False
Q8TED0,/data/ranran/my_ptm/croton/data/structure_pipeline/pdb/Q8TED0.pdb,exact_sequence_match,True
Q8TEK3,,missing_pdb,False
Q8TEL6-2,,missing_pdb,False
Q8TEQ0,,missing_pdb,False
Q8TEQ6,/data/ranran/my_ptm/croton/data/structure_pipeline/pdb/Q8TEQ6.pdb,exact_sequence_match,True
Q8TER5,,missing_pdb,False
Q8TES7,,missing_pdb,False
Q8TEV9,,missing_pdb,False
Q8TEW0-7,,missing_pdb,False
Q8TEX9,,missing_pdb,False
Q8TEY5-2,,missing_pdb,False
Q8TEY7,/data/ranran/my_ptm/croton/data/structure_pipeline/pdb/Q8TEY7.pdb,exact_sequence_match,True
Q8TF01,,missing_pdb,False
Q8TF20-2,,missing_pdb,False
Q8TF30,,missing_pdb,False
Q8TF44,,missing_pdb,False
Q8TF50,,missing_pdb,False
Q8TF68,,missing_pdb,False
Q8TF72,,missing_pdb,False
Q8TF76,,missing_pdb,False
Q8W234,,missing_pdb,False
Q8WTP8,,missing_pdb,False
Q8WTR2,,missing_pdb,False
Q8WTT2,/data/ranran/my_ptm/croton/data/structure_pipeline/pdb/Q8WTT2.pdb,exact_sequence_match,True
Q8WTU2,,missing_pdb,False
Q8WTV1,,missing_pdb,False
Q8WTW3,,missing_pdb,False
Q8WTW4,,missing_pdb,False
Q8WU03,,missing_pdb,False
Q8WU10,/data/ranran/my_ptm/croton/data/structure_pipeline/pdb/Q8WU10.pdb,exact_sequence_match,True
Q8WU17,,missing_pdb,False
Q8WU20,,missing_pdb,False
Q8WU76,,missing_pdb,False
Q8WU79,,missing_pdb,False
Q8WU90,/data/ranran/my_ptm/croton/data/structure_pipeline/pdb/Q8WU90.pdb,exact_sequence_match,True
Q8WUA2,/data/ranran/my_ptm/croton/data/structure_pipeline/pdb/Q8WUA2.pdb,exact_sequence_match,True
Q8WUA4,,missing_pdb,False
Q8WUB2,,missing_pdb,False
Q8WUB8,,missing_pdb,False
Q8WUD1-2,,missing_pdb,False
Q8WUF5,/data/ranran/my_ptm/croton/data/structure_pipeline/pdb/Q8WUF5.pdb,exact_sequence_match,True
Q8WUF8,,missing_pdb,False
Q8WUH1,,missing_pdb,False
Q8WUJ0,,missing_pdb,False
Q8WUM0,/data/ranran/my_ptm/croton/data/structure_pipeline/pdb/Q8WUM0.pdb,exact_sequence_match,True
Q8WUM4,/data/ranran/my_ptm/croton/data/structure_pipeline/pdb/Q8WUM4.pdb,exact_sequence_match,True
Q8WUQ7,,missing_pdb,False
Q8WUU4,,missing_pdb,False
Q8WUU5,,missing_pdb,False
Q8WUX9,,missing_pdb,False
Q8WUY9,,missing_pdb,False
Q8WUZ0,,missing_pdb,False
Q8WV16-5,,missing_pdb,False
Q8WV22,/data/ranran/my_ptm/croton/data/structure_pipeline/pdb/Q8WV22.pdb,exact_sequence_match,True
Q8WV44,,missing_pdb,False
Q8WV92,,missing_pdb,False
Q8WVB3,,missing_pdb,False
Q8WVC0,,missing_pdb,False
Q8WVD3,,missing_pdb,False
Q8WVJ2,/data/ranran/my_ptm/croton/data/structure_pipeline/pdb/Q8WVJ2.pdb,exact_sequence_match,True
Q8WVJ9,,missing_pdb,False
Q8WVK2,/data/ranran/my_ptm/croton/data/structure_pipeline/pdb/Q8WVK2.pdb,exact_sequence_match,True
Q8WVK7,,missing_pdb,False
Q8WVL7,,missing_pdb,False
Q8WVM7,/data/ranran/my_ptm/croton/data/structure_pipeline/pdb/Q8WVM7.pdb,exact_sequence_match,True
Q8WVQ1-3,,missing_pdb,False
Q8WVR3,,missing_pdb,False
Q8WVS4,,missing_pdb,False
Q8WVX9,/data/ranran/my_ptm/croton/data/structure_pipeline/pdb/Q8WVX9.pdb,exact_sequence_match,True
Q8WVY7,/data/ranran/my_ptm/croton/data/structure_pipeline/pdb/Q8WVY7.pdb,exact_sequence_match,True
Q8WVZ9,,missing_pdb,False
Q8WW12-3,,missing_pdb,False
Q8WW35,,missing_pdb,False
Q8WW38,,missing_pdb,False
Q8WWB3,,missing_pdb,False
Q8WWH5,,missing_pdb,False
Q8WWI1,/data/ranran/my_ptm/croton/data/structure_pipeline/pdb/Q8WWI1.pdb,exact_sequence_match,True
Q8WWK9,,missing_pdb,False
Q8WWL2-4,,missing_pdb,False
Q8WWL7,,missing_pdb,False
Q8WWN8,,missing_pdb,False
Q8WWQ0,,missing_pdb,False
Q8WWV3,/data/ranran/my_ptm/croton/data/structure_pipeline/pdb/Q8WWV3.pdb,exact_sequence_match,True
Q8WWY3,/data/ranran/my_ptm/croton/data/structure_pipeline/pdb/Q8WWY3.pdb,exact_sequence_match,True
Q8WX92,/data/ranran/my_ptm/croton/data/structure_pipeline/pdb/Q8WX92.pdb,exact_sequence_match,True
Q8WX93,/data/ranran/my_ptm/croton/data/structure_pipeline/pdb/Q8WX93.pdb,exact_sequence_match,True
Q8WX93-4,,missing_pdb,False
Q8WX93-7,,missing_pdb,False
Q8WXA9,,missing_pdb,False
Q8WXE1,/data/ranran/my_ptm/croton/data/structure_pipeline/pdb/Q8WXE1.pdb,exact_sequence_match,True
Q8WXE9,,missing_pdb,False
Q8WXF1,,missing_pdb,False
Q8WXF5-2,,missing_pdb,False
Q8WXF8,,missing_pdb,False
Q8WXH0,,missing_pdb,False
Q8WXI7,,missing_pdb,False
Q8WXJ9,,missing_pdb,False
Q8WXK3,,missing_pdb,False
Q8WXW3,/data/ranran/my_ptm/croton/data/structure_pipeline/pdb/Q8WXW3.pdb,exact_sequence_match,True
Q8WXX5,/data/ranran/my_ptm/croton/data/structure_pipeline/pdb/Q8WXX5.pdb,exact_sequence_match,True
Q8WXX7-2,,missing_pdb,False
Q8WY21-4,,missing_pdb,False
Q8WY36,,missing_pdb,False
Q8WY54,,missing_pdb,False
Q8WY91,,missing_pdb,False
Q8WYA0,,missing_pdb,False
Q8WYA1,,missing_pdb,False
Q8WYB5,,missing_pdb,False
Q8WYL5-4,,missing_pdb,False
Q8WYP3,,missing_pdb,False
Q8WYP5,/data/ranran/my_ptm/croton/data/structure_pipeline/pdb/Q8WYP5.pdb,exact_sequence_match,True
Q8WYQ5,,missing_pdb,False
Q8WYR4,,missing_pdb,False
Q8WZ42-6,,missing_pdb,False
Q8WZ64,,missing_pdb,False
Q8WZ82,/data/ranran/my_ptm/croton/data/structure_pipeline/pdb/Q8WZ82.pdb,exact_sequence_match,True
Q91ZP3,,missing_pdb,False
Q92317,,missing_pdb,False
Q92466,,missing_pdb,False
Q92481,/data/ranran/my_ptm/croton/data/structure_pipeline/pdb/Q92481.pdb,exact_sequence_match,True
Q92482,,missing_pdb,False
Q92499,/data/ranran/my_ptm/croton/data/structure_pipeline/pdb/Q92499.pdb,exact_sequence_match,True
Q92503-3,,missing_pdb,False
Q92538,/data/ranran/my_ptm/croton/data/structure_pipeline/pdb/Q92538.pdb;/data/ranran/my_ptm/croton/data/structure_pipeline/pdb/AF-Q92538-F1-model_v6.pdb,sequence_mismatch,False
Q92540,,missing_pdb,False
Q92541,/data/ranran/my_ptm/croton/data/structure_pipeline/pdb/Q92541.pdb,exact_sequence_match,True
Q92542-2,,missing_pdb,False
Q92543-2,,missing_pdb,False
Q92545,,missing_pdb,False
Q92546,,missing_pdb,False
Q92547,/data/ranran/my_ptm/croton/data/structure_pipeline/pdb/Q92547.pdb,exact_sequence_match,True
Q92551,,missing_pdb,False
Q92551-2,,missing_pdb,False
Q92552,/data/ranran/my_ptm/croton/data/structure_pipeline/pdb/Q92552.pdb,exact_sequence_match,True
Q92560,,missing_pdb,False
Q92564,,missing_pdb,False
Q92576,/data/ranran/my_ptm/croton/data/structure_pipeline/pdb/Q92576.pdb,exact_sequence_match,True
Q92597,,missing_pdb,False
Q92598,/data/ranran/my_ptm/croton/data/structure_pipeline/pdb/Q92598.pdb,exact_sequence_match,True
Q92614,/data/ranran/my_ptm/croton/data/structure_pipeline/pdb/Q92614.pdb,exact_sequence_match,True
Q92616,/data/ranran/my_ptm/croton/data/structure_pipeline/pdb/Q92616.pdb;/data/ranran/my_ptm/croton/data/structure_pipeline/pdb/AF-Q92616-F1-model_v6.pdb,sequence_mismatch,False
Q92618,,missing_pdb,False
Q92620,/data/ranran/my_ptm/croton/data/structure_pipeline/pdb/Q92620.pdb,exact_sequence_match,True
Q92620-2,,missing_pdb,False
Q92621,/data/ranran/my_ptm/croton/data/structure_pipeline/pdb/Q92621.pdb,exact_sequence_match,True
Q92624,,missing_pdb,False
Q92626,,missing_pdb,False
Q92636,,missing_pdb,False
Q92643,/data/ranran/my_ptm/croton/data/structure_pipeline/pdb/Q92643.pdb,exact_sequence_match,True
Q92665,/data/ranran/my_ptm/croton/data/structure_pipeline/pdb/Q92665.pdb,exact_sequence_match,True
Q92674-2,,missing_pdb,False
Q92685,,missing_pdb,False
Q92688-2,,missing_pdb,False
Q92692,,missing_pdb,False
Q92698,,missing_pdb,False
Q92733,/data/ranran/my_ptm/croton/data/structure_pipeline/pdb/Q92733.pdb,exact_sequence_match,True
Q92736,,missing_pdb,False
Q92752-2,,missing_pdb,False
Q92759,,missing_pdb,False
Q92766-2,,missing_pdb,False
Q92769,/data/ranran/my_ptm/croton/data/structure_pipeline/pdb/Q92769.pdb,exact_sequence_match,True
Q92783,/data/ranran/my_ptm/croton/data/structure_pipeline/pdb/Q92783.pdb,exact_sequence_match,True
Q92785,,missing_pdb,False
Q92791,,missing_pdb,False
Q92793,/data/ranran/my_ptm/croton/data/structure_pipeline/pdb/Q92793.pdb,exact_sequence_match,True
Q92797,/data/ranran/my_ptm/croton/data/structure_pipeline/pdb/Q92797.pdb,exact_sequence_match,True
Q92800,,missing_pdb,False
Q92802,,missing_pdb,False
Q92804,/data/ranran/my_ptm/croton/data/structure_pipeline/pdb/Q92804.pdb,exact_sequence_match,True
Q92805,/data/ranran/my_ptm/croton/data/structure_pipeline/pdb/Q92805.pdb,exact_sequence_match,True
Q92820,/data/ranran/my_ptm/croton/data/structure_pipeline/pdb/Q92820.pdb,exact_sequence_match,True
Q92826,,missing_pdb,False
Q92828,,missing_pdb,False
Q92830,,missing_pdb,False
Q92833,,missing_pdb,False
Q92841,/data/ranran/my_ptm/croton/data/structure_pipeline/pdb/Q92841.pdb,exact_sequence_match,True
Q92844,,missing_pdb,False
Q92845,/data/ranran/my_ptm/croton/data/structure_pipeline/pdb/Q92845.pdb,exact_sequence_match,True
Q92871,,missing_pdb,False
Q92878,/data/ranran/my_ptm/croton/data/structure_pipeline/pdb/Q92878.pdb,exact_sequence_match,True
Q92889,/data/ranran/my_ptm/croton/data/structure_pipeline/pdb/Q92889.pdb,exact_sequence_match,True
Q92890,/data/ranran/my_ptm/croton/data/structure_pipeline/pdb/Q92890.pdb,exact_sequence_match,True
Q92896,/data/ranran/my_ptm/croton/data/structure_pipeline/pdb/Q92896.pdb,exact_sequence_match,True
Q92900-2,,missing_pdb,False
Q92901,/data/ranran/my_ptm/croton/data/structure_pipeline/pdb/Q92901.pdb,exact_sequence_match,True
Q92905,/data/ranran/my_ptm/croton/data/structure_pipeline/pdb/Q92905.pdb,exact_sequence_match,True
Q92908,,missing_pdb,False
Q92917,/data/ranran/my_ptm/croton/data/structure_pipeline/pdb/Q92917.pdb,exact_sequence_match,True
Q92925,,missing_pdb,False
Q92963-2,,missing_pdb,False
Q92966,,missing_pdb,False
Q92973-2,,missing_pdb,False
Q92979,,missing_pdb,False
Q92985,,missing_pdb,False
Q92989,,missing_pdb,False
Q92990-2,,missing_pdb,False
Q92993-3,,missing_pdb,False
Q92995,,missing_pdb,False
Q93009,/data/ranran/my_ptm/croton/data/structure_pipeline/pdb/Q93009.pdb,exact_sequence_match,True
Q93034,/data/ranran/my_ptm/croton/data/structure_pipeline/pdb/Q93034.pdb,exact_sequence_match,True
Q93045-2,,missing_pdb,False
Q93052,/data/ranran/my_ptm/croton/data/structure_pipeline/pdb/Q93052.pdb,exact_sequence_match,True
Q93063,,missing_pdb,False
Q93074,,missing_pdb,False
Q93075,,missing_pdb,False
Q940Y3,,missing_pdb,False
Q94CL7,,missing_pdb,False
Q94KE2,,missing_pdb,False
Q95Y80,,missing_pdb,False
Q969E8,,missing_pdb,False
Q969F1,/data/ranran/my_ptm/croton/data/structure_pipeline/pdb/Q969F1.pdb,exact_sequence_match,True
Q969F9,,missing_pdb,False
Q969G3,/data/ranran/my_ptm/croton/data/structure_pipeline/pdb/Q969G3.pdb,exact_sequence_match,True
Q969G5,,missing_pdb,False
Q969G9,,missing_pdb,False
Q969H0,,missing_pdb,False
Q969K3,,missing_pdb,False
Q969K4-2,,missing_pdb,False
Q969N2-2,,missing_pdb,False
Q969P5-2,,missing_pdb,False
Q969P6,,missing_pdb,False
Q969Q6,,missing_pdb,False
Q969R5,,missing_pdb,False
Q969S2,,missing_pdb,False
Q969S3,/data/ranran/my_ptm/croton/data/structure_pipeline/pdb/Q969S3.pdb,exact_sequence_match,True
Q969T4,,missing_pdb,False
Q969X0,,missing_pdb,False
Q969X6,/data/ranran/my_ptm/croton/data/structure_pipeline/pdb/Q969X6.pdb,exact_sequence_match,True
Q969Z3,,missing_pdb,False
Q96A08,,missing_pdb,False
Q96A33-2,,missing_pdb,False
Q96A35,/data/ranran/my_ptm/croton/data/structure_pipeline/pdb/Q96A35.pdb,exact_sequence_match,True
Q96A56,,missing_pdb,False
Q96A61,,missing_pdb,False
Q96A65,,missing_pdb,False
Q96AB3,,missing_pdb,False
Q96AB3-3,,missing_pdb,False
Q96AD5,,missing_pdb,False
Q96AE7-2,,missing_pdb,False
Q96AG4,/data/ranran/my_ptm/croton/data/structure_pipeline/pdb/Q96AG4.pdb,exact_sequence_match,True
Q96AJ1,,missing_pdb,False
Q96AP0,,missing_pdb,False
Q96AP4,,missing_pdb,False
Q96AQ1,,missing_pdb,False
Q96AV8,,missing_pdb,False
Q96AX1,,missing_pdb,False
Q96AX9,,missing_pdb,False
Q96AY2,,missing_pdb,False
Q96AY3,/data/ranran/my_ptm/croton/data/structure_pipeline/pdb/Q96AY3.pdb,exact_sequence_match,True
Q96AY4,/data/ranran/my_ptm/croton/data/structure_pipeline/pdb/Q96AY4.pdb,exact_sequence_match,True
Q96B01,,missing_pdb,False
Q96B23,,missing_pdb,False
Q96B26,/data/ranran/my_ptm/croton/data/structure_pipeline/pdb/Q96B26.pdb,exact_sequence_match,True
Q96B65,,missing_pdb,False
Q96B70,,missing_pdb,False
Q96B97,/data/ranran/my_ptm/croton/data/structure_pipeline/pdb/Q96B97.pdb,exact_sequence_match,True
Q96BA8,,missing_pdb,False
Q96BD5-3,,missing_pdb,False
Q96BD6,,missing_pdb,False
Q96BD8,/data/ranran/my_ptm/croton/data/structure_pipeline/pdb/Q96BD8.pdb,exact_sequence_match,True
Q96BF6,,missing_pdb,False
Q96BH1,,missing_pdb,False
Q96BK5,,missing_pdb,False
Q96BN2,/data/ranran/my_ptm/croton/data/structure_pipeline/pdb/Q96BN2.pdb,exact_sequence_match,True
Q96BP3,/data/ranran/my_ptm/croton/data/structure_pipeline/pdb/Q96BP3.pdb,exact_sequence_match,True
Q96BR5,/data/ranran/my_ptm/croton/data/structure_pipeline/pdb/Q96BR5.pdb,exact_sequence_match,True
Q96BT3,,missing_pdb,False
Q96BT7,,missing_pdb,False
Q96BU1,,missing_pdb,False
Q96BW5,,missing_pdb,False
Q96BX8,,missing_pdb,False
Q96BY9,,missing_pdb,False
Q96BZ8,,missing_pdb,False
Q96C11-5,,missing_pdb,False
Q96C19,/data/ranran/my_ptm/croton/data/structure_pipeline/pdb/Q96C19.pdb,exact_sequence_match,True
Q96C34-2,,missing_pdb,False
Q96C36,/data/ranran/my_ptm/croton/data/structure_pipeline/pdb/Q96C36.pdb,exact_sequence_match,True
Q96C86,/data/ranran/my_ptm/croton/data/structure_pipeline/pdb/Q96C86.pdb,exact_sequence_match,True
Q96C92,,missing_pdb,False
Q96CB8,,missing_pdb,False
Q96CC6,,missing_pdb,False
Q96CF2,,missing_pdb,False
Q96CG3,,missing_pdb,False
Q96CG8-3,,missing_pdb,False
Q96CK0,,missing_pdb,False
Q96CN4,,missing_pdb,False
Q96CP2,,missing_pdb,False
Q96CS2,,missing_pdb,False
Q96CS4,,missing_pdb,False
Q96CT2,,missing_pdb,False
Q96CU9,,missing_pdb,False
Q96CU9-2,,missing_pdb,False
Q96CW1,/data/ranran/my_ptm/croton/data/structure_pipeline/pdb/Q96CW1.pdb,exact_sequence_match,True
Q96CW5-2,,missing_pdb,False
Q96CW9-2,,missing_pdb,False
Q96D46,/data/ranran/my_ptm/croton/data/structure_pipeline/pdb/Q96D46.pdb,exact_sequence_match,True
Q96DC0,,missing_pdb,False
Q96DE5,,missing_pdb,False
Q96DF8,,missing_pdb,False
Q96DG6,/data/ranran/my_ptm/croton/data/structure_pipeline/pdb/Q96DG6.pdb,exact_sequence_match,True
Q96DN5,,missing_pdb,False
Q96DN6,,missing_pdb,False
Q96DP5,,missing_pdb,False
Q96DT6,,missing_pdb,False
Q96DT7,,missing_pdb,False
Q96DY7,,missing_pdb,False
Q96DZ1,/data/ranran/my_ptm/croton/data/structure_pipeline/pdb/Q96DZ1.pdb,exact_sequence_match,True
Q96E09,,missing_pdb,False
Q96E22,,missing_pdb,False
Q96E35,,missing_pdb,False
Q96E52,,missing_pdb,False
Q96EA4,/data/ranran/my_ptm/croton/data/structure_pipeline/pdb/Q96EA4.pdb,exact_sequence_match,True
Q96EB1,,missing_pdb,False
Q96EB6,/data/ranran/my_ptm/croton/data/structure_pipeline/pdb/Q96EB6.pdb,exact_sequence_match,True
Q96ED9,,missing_pdb,False
Q96EE3,/data/ranran/my_ptm/croton/data/structure_pipeline/pdb/Q96EE3.pdb,exact_sequence_match,True
Q96EF0,,missing_pdb,False
Q96EF9,,missing_pdb,False
Q96EG3,,missing_pdb,False
Q96EH3,,missing_pdb,False
Q96EI5,,missing_pdb,False
Q96EI5-2,,missing_pdb,False
Q96EK4,,missing_pdb,False
Q96EK5,/data/ranran/my_ptm/croton/data/structure_pipeline/pdb/Q96EK5.pdb,exact_sequence_match,True
Q96EK9,,missing_pdb,False
Q96EL2,,missing_pdb,False
Q96EM0,,missing_pdb,False
Q96EN8,,missing_pdb,False
Q96EP0,,missing_pdb,False
Q96EP1,,missing_pdb,False
Q96EP5,/data/ranran/my_ptm/croton/data/structure_pipeline/pdb/Q96EP5.pdb,exact_sequence_match,True
Q96EP9,,missing_pdb,False
Q96ER3,,missing_pdb,False
Q96EU6,,missing_pdb,False
Q96EU7,,missing_pdb,False
Q96EV2,,missing_pdb,False
Q96EV8,,missing_pdb,False
Q96EW2,,missing_pdb,False
Q96EX3,,missing_pdb,False
Q96EZ8,,missing_pdb,False
Q96F32,,missing_pdb,False
Q96F45,,missing_pdb,False
Q96F63,,missing_pdb,False
Q96F86,/data/ranran/my_ptm/croton/data/structure_pipeline/pdb/Q96F86.pdb,exact_sequence_match,True
Q96FC9,,missing_pdb,False
Q96FH0-2,,missing_pdb,False
Q96FJ0,,missing_pdb,False
Q96FK6,,missing_pdb,False
Q96FT9,,missing_pdb,False
Q96FV2,,missing_pdb,False
Q96FV9,/data/ranran/my_ptm/croton/data/structure_pipeline/pdb/Q96FV9.pdb,exact_sequence_match,True
Q96FW1-2,,missing_pdb,False
Q96FX7,,missing_pdb,False
Q96FZ2,/data/ranran/my_ptm/croton/data/structure_pipeline/pdb/Q96FZ2.pdb,exact_sequence_match,True
Q96G21,,missing_pdb,False
Q96G25,/data/ranran/my_ptm/croton/data/structure_pipeline/pdb/Q96G25.pdb,exact_sequence_match,True
Q96G28,,missing_pdb,False
Q96G46,/data/ranran/my_ptm/croton/data/structure_pipeline/pdb/Q96G46.pdb,exact_sequence_match,True
Q96G74,/data/ranran/my_ptm/croton/data/structure_pipeline/pdb/Q96G74.pdb,exact_sequence_match,True
Q96GA3,/data/ranran/my_ptm/croton/data/structure_pipeline/pdb/Q96GA3.pdb,exact_sequence_match,True
Q96GC5-3,,missing_pdb,False
Q96GE4,,missing_pdb,False
Q96GG9,,missing_pdb,False
Q96GK7,,missing_pdb,False
Q96GM8,,missing_pdb,False
Q96GN5,,missing_pdb,False
Q96GQ7,,missing_pdb,False
Q96GV9,,missing_pdb,False
Q96GX2,,missing_pdb,False
Q96GX5,,missing_pdb,False
Q96GY3,,missing_pdb,False
Q96H12,,missing_pdb,False
Q96H20-2,,missing_pdb,False
Q96H22,,missing_pdb,False
Q96H35,,missing_pdb,False
Q96H55-2,,missing_pdb,False
Q96H55-3,,missing_pdb,False
Q96HA1,/data/ranran/my_ptm/croton/data/structure_pipeline/pdb/Q96HA1.pdb,exact_sequence_match,True
Q96HA7,,missing_pdb,False
Q96HA8-2,,missing_pdb,False
Q96HE9,,missing_pdb,False
Q96HH4,,missing_pdb,False
Q96HI0,,missing_pdb,False
Q96HJ3,,missing_pdb,False
Q96HJ9,,missing_pdb,False
Q96HL8,,missing_pdb,False
Q96HR3,,missing_pdb,False
Q96HR8,,missing_pdb,False
Q96HT8,,missing_pdb,False
Q96HU1,,missing_pdb,False
Q96HW7,,missing_pdb,False
Q96HY3,,missing_pdb,False
Q96HY7,/data/ranran/my_ptm/croton/data/structure_pipeline/pdb/Q96HY7.pdb,exact_sequence_match,True
Q96I13,,missing_pdb,False
Q96I25,/data/ranran/my_ptm/croton/data/structure_pipeline/pdb/Q96I25.pdb,exact_sequence_match,True
Q96I51-2,,missing_pdb,False
Q96I76,,missing_pdb,False
Q96IC2,,missing_pdb,False
Q96II8-3,,missing_pdb,False
Q96IJ6-2,,missing_pdb,False
Q96IQ9-2,,missing_pdb,False
Q96IR2,,missing_pdb,False
Q96IU2,,missing_pdb,False
Q96IY1,,missing_pdb,False
Q96IZ5,,missing_pdb,False
Q96IZ5-3,,missing_pdb,False
Q96IZ7-2,,missing_pdb,False
Q96J01,/data/ranran/my_ptm/croton/data/structure_pipeline/pdb/Q96J01.pdb,exact_sequence_match,True
Q96J86,,missing_pdb,False
Q96J92-2,,missing_pdb,False
Q96JA1,,missing_pdb,False
Q96JB5,/data/ranran/my_ptm/croton/data/structure_pipeline/pdb/Q96JB5.pdb,exact_sequence_match,True
Q96JC9,,missing_pdb,False
Q96JG6,/data/ranran/my_ptm/croton/data/structure_pipeline/pdb/Q96JG6.pdb,exact_sequence_match,True
Q96JG8,,missing_pdb,False
Q96JH7,,missing_pdb,False
Q96JI7,,missing_pdb,False
Q96JJ7-2,,missing_pdb,False
Q96JK2,,missing_pdb,False
Q96JL9,,missing_pdb,False
Q96JM2-2,,missing_pdb,False
Q96JM2-3,,missing_pdb,False
Q96JM3,,missing_pdb,False
Q96JM7,,missing_pdb,False
Q96JN0,,missing_pdb,False
Q96JN0-3,,missing_pdb,False
Q96JP5,,missing_pdb,False
Q96JP9,,missing_pdb,False
Q96JS3,,missing_pdb,False
Q96K21,,missing_pdb,False
Q96K31,,missing_pdb,False
Q96K58,,missing_pdb,False
Q96K62,,missing_pdb,False
Q96K75,,missing_pdb,False
Q96K83,,missing_pdb,False
Q96KB5,/data/ranran/my_ptm/croton/data/structure_pipeline/pdb/Q96KB5.pdb,exact_sequence_match,True
Q96KC8,,missing_pdb,False
Q96KG7-2,,missing_pdb,False
Q96KM6,/data/ranran/my_ptm/croton/data/structure_pipeline/pdb/Q96KM6.pdb,exact_sequence_match,True
Q96KP1,/data/ranran/my_ptm/croton/data/structure_pipeline/pdb/Q96KP1.pdb,exact_sequence_match,True
Q96KP4,/data/ranran/my_ptm/croton/data/structure_pipeline/pdb/Q96KP4.pdb,exact_sequence_match,True
Q96KR1,/data/ranran/my_ptm/croton/data/structure_pipeline/pdb/Q96KR1.pdb,exact_sequence_match,True
Q96KR7-3,,missing_pdb,False
Q96KS0-2,,missing_pdb,False
Q96KX2,,missing_pdb,False
Q96L03,,missing_pdb,False
Q96L50,,missing_pdb,False
Q96L73,,missing_pdb,False
Q96L91,,missing_pdb,False
Q96L93-5,,missing_pdb,False
Q96L96,,missing_pdb,False
Q96LB3-2,,missing_pdb,False
Q96LD4,,missing_pdb,False
Q96LI5,,missing_pdb,False
Q96LJ7,,missing_pdb,False
Q96LL4,,missing_pdb,False
Q96LR9,,missing_pdb,False
Q96LT9-2,,missing_pdb,False
Q96LW4,,missing_pdb,False
Q96LX8,,missing_pdb,False
Q96M86,,missing_pdb,False
Q96M89-2,,missing_pdb,False
Q96M93,,missing_pdb,False
Q96M95,,missing_pdb,False
Q96ME7,/data/ranran/my_ptm/croton/data/structure_pipeline/pdb/Q96ME7.pdb,exact_sequence_match,True
Q96MF7,,missing_pdb,False
Q96MG7,,missing_pdb,False
Q96MH7,,missing_pdb,False
Q96MM3,,missing_pdb,False
Q96MN5,,missing_pdb,False
Q96MP5,,missing_pdb,False
Q96MT3,,missing_pdb,False
Q96MT8,,missing_pdb,False
Q96MV1,,missing_pdb,False
Q96MW1,/data/ranran/my_ptm/croton/data/structure_pipeline/pdb/Q96MW1.pdb,exact_sequence_match,True
Q96MW5,,missing_pdb,False
Q96MW7,,missing_pdb,False
Q96MX6,,missing_pdb,False
Q96MY1,,missing_pdb,False
Q96MY7,,missing_pdb,False
Q96N20,,missing_pdb,False
Q96N23-2,,missing_pdb,False
Q96N46,,missing_pdb,False
Q96N64,,missing_pdb,False
Q96N64-3,,missing_pdb,False
Q96N77-4,,missing_pdb,False
Q96N96-6,,missing_pdb,False
Q96NC0,/data/ranran/my_ptm/croton/data/structure_pipeline/pdb/Q96NC0.pdb,exact_sequence_match,True
Q96NE9-2,,missing_pdb,False
Q96NG3,,missing_pdb,False
Q96NJ6,,missing_pdb,False
Q96NL0,,missing_pdb,False
Q96NL3,,missing_pdb,False
Q96NL8,,missing_pdb,False
Q96NS5,,missing_pdb,False
Q96NU1-5,,missing_pdb,False
Q96NW4,,missing_pdb,False
Q96NW7,,missing_pdb,False
Q96NY9,,missing_pdb,False
Q96P11-2,,missing_pdb,False
Q96P69,,missing_pdb,False
Q96P71-2,,missing_pdb,False
Q96PE1-2,,missing_pdb,False
Q96PE3-2,,missing_pdb,False
Q96PF2,,missing_pdb,False
Q96PK6,/data/ranran/my_ptm/croton/data/structure_pipeline/pdb/Q96PK6.pdb,exact_sequence_match,True
Q96PM5,,missing_pdb,False
Q96PM9-1,,missing_pdb,False
Q96PN6-4,,missing_pdb,False
Q96PP9,,missing_pdb,False
Q96PU4,/data/ranran/my_ptm/croton/data/structure_pipeline/pdb/Q96PU4.pdb,exact_sequence_match,True
Q96PU8,/data/ranran/my_ptm/croton/data/structure_pipeline/pdb/Q96PU8.pdb,exact_sequence_match,True
Q96PV6,,missing_pdb,False
Q96PZ0,/data/ranran/my_ptm/croton/data/structure_pipeline/pdb/Q96PZ0.pdb,exact_sequence_match,True
Q96PZ7,,missing_pdb,False
Q96Q05,,missing_pdb,False
Q96Q06,,missing_pdb,False
Q96Q11-2,,missing_pdb,False
Q96Q83,/data/ranran/my_ptm/croton/data/structure_pipeline/pdb/Q96Q83.pdb,exact_sequence_match,True
Q96Q89,,missing_pdb,False
Q96QB1,,missing_pdb,False
Q96QB1-4,,missing_pdb,False
Q96QC0,/data/ranran/my_ptm/croton/data/structure_pipeline/pdb/Q96QC0.pdb,exact_sequence_match,True
Q96QD5,/data/ranran/my_ptm/croton/data/structure_pipeline/pdb/Q96QD5.pdb,exact_sequence_match,True
Q96QD9,,missing_pdb,False
Q96QE3,,missing_pdb,False
Q96QF0-2,,missing_pdb,False
Q96QF7,,missing_pdb,False
Q96QP1-2,,missing_pdb,False
Q96QT6,,missing_pdb,False
Q96RD9,,missing_pdb,False
Q96RF0-2,,missing_pdb,False
Q96RI1,,missing_pdb,False
Q96RK0,,missing_pdb,False
Q96RL1,,missing_pdb,False
Q96RL1-5,,missing_pdb,False
Q96RP9,/data/ranran/my_ptm/croton/data/structure_pipeline/pdb/Q96RP9.pdb,exact_sequence_match,True
Q96RR1,,missing_pdb,False
Q96RS0,,missing_pdb,False
Q96RU8,,missing_pdb,False
Q96RY7,/data/ranran/my_ptm/croton/data/structure_pipeline/pdb/Q96RY7.pdb,exact_sequence_match,True
Q96S44,,missing_pdb,False
Q96S55,/data/ranran/my_ptm/croton/data/structure_pipeline/pdb/Q96S55.pdb,exact_sequence_match,True
Q96S59,,missing_pdb,False
Q96S65,,missing_pdb,False
Q96S82,,missing_pdb,False
Q96S90-2,,missing_pdb,False
Q96SB8-2,,missing_pdb,False
Q96SD1,,missing_pdb,False
Q96SI1,,missing_pdb,False
Q96SI9,,missing_pdb,False
Q96SK2-3,,missing_pdb,False
Q96SL8,,missing_pdb,False
Q96SN8,/data/ranran/my_ptm/croton/data/structure_pipeline/pdb/Q96SN8.pdb,exact_sequence_match,True
Q96ST2,/data/ranran/my_ptm/croton/data/structure_pipeline/pdb/Q96ST2.pdb,exact_sequence_match,True
Q96ST2-2,,missing_pdb,False
Q96ST3,/data/ranran/my_ptm/croton/data/structure_pipeline/pdb/Q96ST3.pdb,exact_sequence_match,True
Q96ST8-2,,missing_pdb,False
Q96SW2,,missing_pdb,False
Q96SY0,,missing_pdb,False
Q96SZ6,/data/ranran/my_ptm/croton/data/structure_pipeline/pdb/Q96SZ6.pdb,exact_sequence_match,True
Q96T21,,missing_pdb,False
Q96T23,/data/ranran/my_ptm/croton/data/structure_pipeline/pdb/Q96T23.pdb,exact_sequence_match,True
Q96T25,,missing_pdb,False
Q96T37,/data/ranran/my_ptm/croton/data/structure_pipeline/pdb/Q96T37.pdb,exact_sequence_match,True
Q96T52,,missing_pdb,False
Q96T58,,missing_pdb,False
Q96T60,,missing_pdb,False
Q96T68,,missing_pdb,False
Q96T76,/data/ranran/my_ptm/croton/data/structure_pipeline/pdb/Q96T76.pdb,exact_sequence_match,True
Q96TA1-2,,missing_pdb,False
Q96TA2-3,,missing_pdb,False
Q96TC7,/data/ranran/my_ptm/croton/data/structure_pipeline/pdb/Q96TC7.pdb,exact_sequence_match,True
Q99081,,missing_pdb,False
Q99426,/data/ranran/my_ptm/croton/data/structure_pipeline/pdb/Q99426.pdb,exact_sequence_match,True
Q99436,/data/ranran/my_ptm/croton/data/structure_pipeline/pdb/Q99436.pdb,exact_sequence_match,True
Q99457,,missing_pdb,False
Q99459,/data/ranran/my_ptm/croton/data/structure_pipeline/pdb/Q99459.pdb,exact_sequence_match,True
Q99471,/data/ranran/my_ptm/croton/data/structure_pipeline/pdb/Q99471.pdb,exact_sequence_match,True
Q99489,,missing_pdb,False
Q99490,,missing_pdb,False
Q99497,/data/ranran/my_ptm/croton/data/structure_pipeline/pdb/Q99497.pdb,exact_sequence_match,True
Q99519,,missing_pdb,False
Q99536,/data/ranran/my_ptm/croton/data/structure_pipeline/pdb/Q99536.pdb,exact_sequence_match,True
Q99538,,missing_pdb,False
Q99543-2,,missing_pdb,False
Q99547,,missing_pdb,False
Q99549,,missing_pdb,False
Q99558,,missing_pdb,False
Q99567,/data/ranran/my_ptm/croton/data/structure_pipeline/pdb/Q99567.pdb,exact_sequence_match,True
Q99570,,missing_pdb,False
Q99575,/data/ranran/my_ptm/croton/data/structure_pipeline/pdb/Q99575.pdb,exact_sequence_match,True
Q99576,,missing_pdb,False
Q99583,,missing_pdb,False
Q99584,/data/ranran/my_ptm/croton/data/structure_pipeline/pdb/Q99584.pdb,exact_sequence_match,True
Q99590,/data/ranran/my_ptm/croton/data/structure_pipeline/pdb/Q99590.pdb,exact_sequence_match,True
Q99598,/data/ranran/my_ptm/croton/data/structure_pipeline/pdb/Q99598.pdb,exact_sequence_match,True
Q99607,,missing_pdb,False
Q99608,,missing_pdb,False
Q99611,,missing_pdb,False
Q99612,,missing_pdb,False
Q99613-2,,missing_pdb,False
Q99615-2,,missing_pdb,False
Q99623,/data/ranran/my_ptm/croton/data/structure_pipeline/pdb/Q99623.pdb,exact_sequence_match,True
Q99633,/data/ranran/my_ptm/croton/data/structure_pipeline/pdb/Q99633.pdb,exact_sequence_match,True
Q99638,,missing_pdb,False
Q99640-3,,missing_pdb,False
Q99650,,missing_pdb,False
Q99650-2,,missing_pdb,False
Q99661,,missing_pdb,False
Q99665,,missing_pdb,False
Q99683,,missing_pdb,False
Q99684,,missing_pdb,False
Q99697,,missing_pdb,False
Q99698,,missing_pdb,False
Q99700,/data/ranran/my_ptm/croton/data/structure_pipeline/pdb/Q99700.pdb,exact_sequence_match,True
Q99704,,missing_pdb,False
Q99707,/data/ranran/my_ptm/croton/data/structure_pipeline/pdb/Q99707.pdb,exact_sequence_match,True
Q99728,,missing_pdb,False
Q99732-2,,missing_pdb,False
Q99741,,missing_pdb,False
Q99755,,missing_pdb,False
Q99784,/data/ranran/my_ptm/croton/data/structure_pipeline/pdb/Q99784.pdb,exact_sequence_match,True
Q99798,/data/ranran/my_ptm/croton/data/structure_pipeline/pdb/Q99798.pdb,exact_sequence_match,True
Q99807,,missing_pdb,False
Q99814,,missing_pdb,False
Q99828,,missing_pdb,False
Q99836,,missing_pdb,False
Q99856,,missing_pdb,False
Q99871-2,,missing_pdb,False
Q99873,,missing_pdb,False
Q99941,,missing_pdb,False
Q99956,,missing_pdb,False
Q99961-3,,missing_pdb,False
Q99967,,missing_pdb,False
Q99967-2,,missing_pdb,False
Q99973-2,,missing_pdb,False
Q99986,/data/ranran/my_ptm/croton/data/structure_pipeline/pdb/Q99986.pdb,exact_sequence_match,True
Q99988,,missing_pdb,False
Q99996,,missing_pdb,False
Q9BPX3,/data/ranran/my_ptm/croton/data/structure_pipeline/pdb/Q9BPX3.pdb,exact_sequence_match,True
Q9BPZ3,,missing_pdb,False
Q9BQ13-2,,missing_pdb,False
Q9BQ15,/data/ranran/my_ptm/croton/data/structure_pipeline/pdb/Q9BQ15.pdb,exact_sequence_match,True
Q9BQ52,/data/ranran/my_ptm/croton/data/structure_pipeline/pdb/Q9BQ52.pdb,exact_sequence_match,True
Q9BQ52-2,,missing_pdb,False
Q9BQ67,,missing_pdb,False
Q9BQ69,/data/ranran/my_ptm/croton/data/structure_pipeline/pdb/Q9BQ69.pdb,exact_sequence_match,True
Q9BQ70,,missing_pdb,False
Q9BQ75,/data/ranran/my_ptm/croton/data/structure_pipeline/pdb/Q9BQ75.pdb,exact_sequence_match,True
Q9BQ90,,missing_pdb,False
Q9BQ95,,missing_pdb,False
Q9BQA1,,missing_pdb,False
Q9BQA5,,missing_pdb,False
Q9BQE5,/data/ranran/my_ptm/croton/data/structure_pipeline/pdb/Q9BQE5.pdb;/data/ranran/my_ptm/croton/data/structure_pipeline/pdb/AF-Q9BQE5-F1-model_v6.pdb,sequence_mismatch,False
Q9BQE9-4,,missing_pdb,False
Q9BQF6,,missing_pdb,False
Q9BQG0,/data/ranran/my_ptm/croton/data/structure_pipeline/pdb/Q9BQG0.pdb,exact_sequence_match,True
Q9BQG2,/data/ranran/my_ptm/croton/data/structure_pipeline/pdb/Q9BQG2.pdb,exact_sequence_match,True
Q9BQI3,,missing_pdb,False
Q9BQI4-2,,missing_pdb,False
Q9BQI6,,missing_pdb,False
Q9BQL6,,missing_pdb,False
Q9BQQ3,,missing_pdb,False
Q9BR11,,missing_pdb,False
Q9BR61,/data/ranran/my_ptm/croton/data/structure_pipeline/pdb/Q9BR61.pdb,exact_sequence_match,True
Q9BR77,,missing_pdb,False
Q9BRA2,,missing_pdb,False
Q9BRD0,,missing_pdb,False
Q9BRG1,,missing_pdb,False
Q9BRJ2,/data/ranran/my_ptm/croton/data/structure_pipeline/pdb/Q9BRJ2.pdb,exact_sequence_match,True
Q9BRK5,/data/ranran/my_ptm/croton/data/structure_pipeline/pdb/Q9BRK5.pdb,exact_sequence_match,True
Q9BRK5-2,,missing_pdb,False
Q9BRP1,,missing_pdb,False
Q9BRQ0,,missing_pdb,False
Q9BRQ8,/data/ranran/my_ptm/croton/data/structure_pipeline/pdb/Q9BRQ8.pdb,exact_sequence_match,True
Q9BRR3,,missing_pdb,False
Q9BRR8,,missing_pdb,False
Q9BRS2,/data/ranran/my_ptm/croton/data/structure_pipeline/pdb/Q9BRS2.pdb,exact_sequence_match,True
Q9BRT6,/data/ranran/my_ptm/croton/data/structure_pipeline/pdb/Q9BRT6.pdb,exact_sequence_match,True
Q9BRT9,,missing_pdb,False
Q9BRU9,/data/ranran/my_ptm/croton/data/structure_pipeline/pdb/Q9BRU9.pdb,exact_sequence_match,True
Q9BRV8,,missing_pdb,False
Q9BRX2,/data/ranran/my_ptm/croton/data/structure_pipeline/pdb/Q9BRX2.pdb,exact_sequence_match,True
Q9BRX5,/data/ranran/my_ptm/croton/data/structure_pipeline/pdb/Q9BRX5.pdb,exact_sequence_match,True
Q9BRX9,,missing_pdb,False
Q9BRZ2,,missing_pdb,False
Q9BS26,/data/ranran/my_ptm/croton/data/structure_pipeline/pdb/Q9BS26.pdb,exact_sequence_match,True
Q9BSB4,,missing_pdb,False
Q9BSC4,/data/ranran/my_ptm/croton/data/structure_pipeline/pdb/Q9BSC4.pdb,exact_sequence_match,True
Q9BSD3,,missing_pdb,False
Q9BSD7,,missing_pdb,False
Q9BSI4,,missing_pdb,False
Q9BSI4-2,,missing_pdb,False
Q9BSK4,,missing_pdb,False
Q9BSL1,,missing_pdb,False
Q9BSM1,/data/ranran/my_ptm/croton/data/structure_pipeline/pdb/Q9BSM1.pdb,exact_sequence_match,True
Q9BST9,,missing_pdb,False
Q9BSU1,,missing_pdb,False
Q9BSY9,,missing_pdb,False
Q9BT17,,missing_pdb,False
Q9BT25-2,,missing_pdb,False
Q9BT49,,missing_pdb,False
Q9BT73,/data/ranran/my_ptm/croton/data/structure_pipeline/pdb/Q9BT73.pdb,exact_sequence_match,True
Q9BTA9-2,,missing_pdb,False
Q9BTC0,/data/ranran/my_ptm/croton/data/structure_pipeline/pdb/Q9BTC0.pdb,exact_sequence_match,True
Q9BTE1,,missing_pdb,False
Q9BTE3,/data/ranran/my_ptm/croton/data/structure_pipeline/pdb/Q9BTE3.pdb,exact_sequence_match,True
Q9BTE6,,missing_pdb,False
Q9BTF0,,missing_pdb,False
Q9BTK6,,missing_pdb,False
Q9BTL4,,missing_pdb,False
Q9BTP7,,missing_pdb,False
Q9BTT0,,missing_pdb,False
Q9BTT4,/data/ranran/my_ptm/croton/data/structure_pipeline/pdb/Q9BTT4.pdb,exact_sequence_match,True
Q9BTV4,/data/ranran/my_ptm/croton/data/structure_pipeline/pdb/Q9BTV4.pdb,exact_sequence_match,True
Q9BU02,,missing_pdb,False
Q9BU19-2,,missing_pdb,False
Q9BU40-3,,missing_pdb,False
Q9BU64,,missing_pdb,False
Q9BU70,,missing_pdb,False
Q9BU76,,missing_pdb,False
Q9BUA3,,missing_pdb,False
Q9BUB4,,missing_pdb,False
Q9BUE0,,missing_pdb,False
Q9BUH6,,missing_pdb,False
Q9BUH8,,missing_pdb,False
Q9BUI4,,missing_pdb,False
Q9BUJ2,/data/ranran/my_ptm/croton/data/structure_pipeline/pdb/Q9BUJ2.pdb,exact_sequence_match,True
Q9BUK6-3,,missing_pdb,False
Q9BUL5,,missing_pdb,False
Q9BUL8,/data/ranran/my_ptm/croton/data/structure_pipeline/pdb/Q9BUL8.pdb,exact_sequence_match,True
Q9BUQ8,/data/ranran/my_ptm/croton/data/structure_pipeline/pdb/Q9BUQ8.pdb,exact_sequence_match,True
Q9BUX1,,missing_pdb,False
Q9BV36,,missing_pdb,False
Q9BV38,/data/ranran/my_ptm/croton/data/structure_pipeline/pdb/Q9BV38.pdb,exact_sequence_match,True
Q9BV44,,missing_pdb,False
Q9BV73,,missing_pdb,False
Q9BV86,,missing_pdb,False
Q9BV94-2,,missing_pdb,False
Q9BVA0,,missing_pdb,False
Q9BVC3,,missing_pdb,False
Q9BVC4,,missing_pdb,False
Q9BVC5,,missing_pdb,False
Q9BVG8-2,,missing_pdb,False
Q9BVH7,,missing_pdb,False
Q9BVI4,/data/ranran/my_ptm/croton/data/structure_pipeline/pdb/Q9BVI4.pdb,exact_sequence_match,True
Q9BVJ6,/data/ranran/my_ptm/croton/data/structure_pipeline/pdb/Q9BVJ6.pdb,exact_sequence_match,True
Q9BVK6,/data/ranran/my_ptm/croton/data/structure_pipeline/pdb/Q9BVK6.pdb,exact_sequence_match,True
Q9BVP2,/data/ranran/my_ptm/croton/data/structure_pipeline/pdb/Q9BVP2.pdb,exact_sequence_match,True
Q9BVS5,,missing_pdb,False
Q9BVV6,,missing_pdb,False
Q9BVV7,,missing_pdb,False
Q9BVW5,,missing_pdb,False
Q9BW19,,missing_pdb,False
Q9BW27,/data/ranran/my_ptm/croton/data/structure_pipeline/pdb/Q9BW27.pdb,exact_sequence_match,True
Q9BW61,,missing_pdb,False
Q9BW66,,missing_pdb,False
Q9BW71-2,,missing_pdb,False
Q9BW83,/data/ranran/my_ptm/croton/data/structure_pipeline/pdb/Q9BW83.pdb,exact_sequence_match,True
Q9BW85,/data/ranran/my_ptm/croton/data/structure_pipeline/pdb/Q9BW85.pdb,exact_sequence_match,True
Q9BW91,/data/ranran/my_ptm/croton/data/structure_pipeline/pdb/Q9BW91.pdb,exact_sequence_match,True
Q9BWC9,,missing_pdb,False
Q9BWF2,,missing_pdb,False
Q9BWF3,/data/ranran/my_ptm/croton/data/structure_pipeline/pdb/Q9BWF3.pdb,exact_sequence_match,True
Q9BWG4-2,,missing_pdb,False
Q9BWG6,,missing_pdb,False
Q9BWH6,,missing_pdb,False
Q9BWJ5,,missing_pdb,False
Q9BWK5,,missing_pdb,False
Q9BWL3,,missing_pdb,False
Q9BWN1,,missing_pdb,False
Q9BWS9,/data/ranran/my_ptm/croton/data/structure_pipeline/pdb/Q9BWS9.pdb,exact_sequence_match,True
Q9BWT1,,missing_pdb,False
Q9BWU0,,missing_pdb,False
Q9BWU1,,missing_pdb,False
Q9BX46-2,,missing_pdb,False
Q9BX63,,missing_pdb,False
Q9BX66,,missing_pdb,False
Q9BX66-7,,missing_pdb,False
Q9BXB5,,missing_pdb,False
Q9BXE4,,missing_pdb,False
Q9BXF3,,missing_pdb,False
Q9BXI2,,missing_pdb,False
Q9BXI3,,missing_pdb,False
Q9BXL6-2,,missing_pdb,False
Q9BXL7,,missing_pdb,False
Q9BXL8,,missing_pdb,False
Q9BXM7,,missing_pdb,False
Q9BXP5,/data/ranran/my_ptm/croton/data/structure_pipeline/pdb/Q9BXP5.pdb,exact_sequence_match,True
Q9BXR0,,missing_pdb,False
Q9BXS0,,missing_pdb,False
Q9BXT5,,missing_pdb,False
Q9BXW6,/data/ranran/my_ptm/croton/data/structure_pipeline/pdb/Q9BXW6.pdb,exact_sequence_match,True
Q9BXW9,/data/ranran/my_ptm/croton/data/structure_pipeline/pdb/Q9BXW9.pdb,exact_sequence_match,True
Q9BXX0,,missing_pdb,False
Q9BXX2,,missing_pdb,False
Q9BXY0,/data/ranran/my_ptm/croton/data/structure_pipeline/pdb/Q9BXY0.pdb,exact_sequence_match,True
Q9BY11,,missing_pdb,False
Q9BY12-3,,missing_pdb,False
Q9BY27,,missing_pdb,False
Q9BY32,/data/ranran/my_ptm/croton/data/structure_pipeline/pdb/Q9BY32.pdb,exact_sequence_match,True
Q9BY41,,missing_pdb,False
Q9BY76-2,,missing_pdb,False
Q9BY77,/data/ranran/my_ptm/croton/data/structure_pipeline/pdb/Q9BY77.pdb,exact_sequence_match,True
Q9BYB4,,missing_pdb,False
Q9BYC9,,missing_pdb,False
Q9BYD2,/data/ranran/my_ptm/croton/data/structure_pipeline/pdb/Q9BYD2.pdb,exact_sequence_match,True
Q9BYD6,/data/ranran/my_ptm/croton/data/structure_pipeline/pdb/Q9BYD6.pdb,exact_sequence_match,True
Q9BYE7,,missing_pdb,False
Q9BYG3,/data/ranran/my_ptm/croton/data/structure_pipeline/pdb/Q9BYG3.pdb,exact_sequence_match,True
Q9BYH8-3,,missing_pdb,False
Q9BYL1,,missing_pdb,False
Q9BYN7,,missing_pdb,False
Q9BYN8,,missing_pdb,False
Q9BYT3,,missing_pdb,False
Q9BYT8,/data/ranran/my_ptm/croton/data/structure_pipeline/pdb/Q9BYT8.pdb,exact_sequence_match,True
Q9BYT9,,missing_pdb,False
Q9BYV9,,missing_pdb,False
Q9BYW2,/data/ranran/my_ptm/croton/data/structure_pipeline/pdb/Q9BYW2.pdb,exact_sequence_match,True
Q9BYZ2,,missing_pdb,False
Q9BYZ6,,missing_pdb,False
Q9BZ29-4,,missing_pdb,False
Q9BZ67-2,,missing_pdb,False
Q9BZ95,,missing_pdb,False
Q9BZD4,/data/ranran/my_ptm/croton/data/structure_pipeline/pdb/Q9BZD4.pdb,exact_sequence_match,True
Q9BZE0,,missing_pdb,False
Q9BZE2,,missing_pdb,False
Q9BZE4,/data/ranran/my_ptm/croton/data/structure_pipeline/pdb/Q9BZE4.pdb,exact_sequence_match,True
Q9BZE9,,missing_pdb,False
Q9BZF9,/data/ranran/my_ptm/croton/data/structure_pipeline/pdb/Q9BZF9.pdb,exact_sequence_match,True
Q9BZG8,,missing_pdb,False
Q9BZH6,/data/ranran/my_ptm/croton/data/structure_pipeline/pdb/Q9BZH6.pdb,exact_sequence_match,True
Q9BZJ0,/data/ranran/my_ptm/croton/data/structure_pipeline/pdb/Q9BZJ0.pdb,exact_sequence_match,True
Q9BZL1,,missing_pdb,False
Q9BZL6,,missing_pdb,False
Q9BZQ8,,missing_pdb,False
Q9BZR9,,missing_pdb,False
Q9BZV1,/data/ranran/my_ptm/croton/data/structure_pipeline/pdb/Q9BZV1.pdb,exact_sequence_match,True
Q9BZX2,/data/ranran/my_ptm/croton/data/structure_pipeline/pdb/Q9BZX2.pdb,exact_sequence_match,True
Q9C000,,missing_pdb,False
Q9C005,/data/ranran/my_ptm/croton/data/structure_pipeline/pdb/Q9C005.pdb,exact_sequence_match,True
Q9C009,,missing_pdb,False
Q9C029-1,,missing_pdb,False
Q9C037-3,,missing_pdb,False
Q9C093,,missing_pdb,False
Q9C099-2,,missing_pdb,False
Q9C0A1,,missing_pdb,False
Q9C0B1,,missing_pdb,False
Q9C0B7,,missing_pdb,False
Q9C0C4,,missing_pdb,False
Q9C0C6,,missing_pdb,False
Q9C0C9,/data/ranran/my_ptm/croton/data/structure_pipeline/pdb/Q9C0C9.pdb,exact_sequence_match,True
Q9C0D2,,missing_pdb,False
Q9C0D4,,missing_pdb,False
Q9C0D5-2,,missing_pdb,False
Q9C0E8-3,,missing_pdb,False
Q9C0F0,,missing_pdb,False
Q9C0F1,,missing_pdb,False
Q9C0F3,,missing_pdb,False
Q9C0G0,,missing_pdb,False
Q9C0H5-2,,missing_pdb,False
Q9C0I1-3,,missing_pdb,False
Q9C0I4,,missing_pdb,False
Q9C0J8,,missing_pdb,False
Q9C0J9,,missing_pdb,False
Q9C0K0,,missing_pdb,False
Q9C598,,missing_pdb,False
Q9CAE3,,missing_pdb,False
Q9CXW3,,missing_pdb,False
Q9GZL7,/data/ranran/my_ptm/croton/data/structure_pipeline/pdb/Q9GZL7.pdb,exact_sequence_match,True
Q9GZN1,,missing_pdb,False
Q9GZN2,,missing_pdb,False
Q9GZN8,,missing_pdb,False
Q9GZP4,/data/ranran/my_ptm/croton/data/structure_pipeline/pdb/Q9GZP4.pdb,exact_sequence_match,True
Q9GZR1,,missing_pdb,False
Q9GZR2,/data/ranran/my_ptm/croton/data/structure_pipeline/pdb/Q9GZR2.pdb,exact_sequence_match,True
Q9GZR7,/data/ranran/my_ptm/croton/data/structure_pipeline/pdb/Q9GZR7.pdb,exact_sequence_match,True
Q9GZS1,/data/ranran/my_ptm/croton/data/structure_pipeline/pdb/Q9GZS1.pdb,exact_sequence_match,True
Q9GZS3,/data/ranran/my_ptm/croton/data/structure_pipeline/pdb/Q9GZS3.pdb,exact_sequence_match,True
Q9GZT4,,missing_pdb,False
Q9GZT5,,missing_pdb,False
Q9GZT8,,missing_pdb,False
Q9GZU2-4,,missing_pdb,False
Q9GZU8,/data/ranran/my_ptm/croton/data/structure_pipeline/pdb/Q9GZU8.pdb,exact_sequence_match,True
Q9GZV5,,missing_pdb,False
Q9GZW5,,missing_pdb,False
Q9GZX9,,missing_pdb,False
Q9GZY4,,missing_pdb,False
Q9GZY8,/data/ranran/my_ptm/croton/data/structure_pipeline/pdb/Q9GZY8.pdb,exact_sequence_match,True
Q9H019,,missing_pdb,False
Q9H040,,missing_pdb,False
Q9H063,,missing_pdb,False
Q9H069,,missing_pdb,False
Q9H078-5,,missing_pdb,False
Q9H089,/data/ranran/my_ptm/croton/data/structure_pipeline/pdb/Q9H089.pdb,exact_sequence_match,True
Q9H0A0,/data/ranran/my_ptm/croton/data/structure_pipeline/pdb/Q9H0A0.pdb,exact_sequence_match,True
Q9H0A6,,missing_pdb,False
Q9H0A8,/data/ranran/my_ptm/croton/data/structure_pipeline/pdb/Q9H0A8.pdb,exact_sequence_match,True
Q9H0A9-2,,missing_pdb,False
Q9H0C8,/data/ranran/my_ptm/croton/data/structure_pipeline/pdb/Q9H0C8.pdb,exact_sequence_match,True
Q9H0D6,/data/ranran/my_ptm/croton/data/structure_pipeline/pdb/Q9H0D6.pdb,exact_sequence_match,True
Q9H0E3-3,,missing_pdb,False
Q9H0E9,,missing_pdb,False
Q9H0E9-2,,missing_pdb,False
Q9H0E9-3,,missing_pdb,False
Q9H0G5,,missing_pdb,False
Q9H0H5,/data/ranran/my_ptm/croton/data/structure_pipeline/pdb/Q9H0H5.pdb,exact_sequence_match,True
Q9H0I2,,missing_pdb,False
Q9H0I3,,missing_pdb,False
Q9H0J9,,missing_pdb,False
Q9H0K1,,missing_pdb,False
Q9H0K6,,missing_pdb,False
Q9H0U6,,missing_pdb,False
Q9H0U9,,missing_pdb,False
Q9H0W7,,missing_pdb,False
Q9H0W8-2,,missing_pdb,False
Q9H0W9,/data/ranran/my_ptm/croton/data/structure_pipeline/pdb/Q9H0W9.pdb,exact_sequence_match,True
Q9H0X9-3,,missing_pdb,False
Q9H116,,missing_pdb,False
Q9H147,,missing_pdb,False
Q9H160,,missing_pdb,False
Q9H161,,missing_pdb,False
Q9H175,,missing_pdb,False
Q9H1A4,/data/ranran/my_ptm/croton/data/structure_pipeline/pdb/Q9H1A4.pdb,exact_sequence_match,True
Q9H1B7,,missing_pdb,False
Q9H1C3,,missing_pdb,False
Q9H1D9,,missing_pdb,False
Q9H1E3-2,,missing_pdb,False
Q9H1I8-3,,missing_pdb,False
Q9H1J1,,missing_pdb,False
Q9H1K1,/data/ranran/my_ptm/croton/data/structure_pipeline/pdb/Q9H1K1.pdb,exact_sequence_match,True
Q9H1X3,,missing_pdb,False
Q9H1Z4-2,,missing_pdb,False
Q9H204,,missing_pdb,False
Q9H211,,missing_pdb,False
Q9H257,,missing_pdb,False
Q9H2F5,,missing_pdb,False
Q9H2G2,/data/ranran/my_ptm/croton/data/structure_pipeline/pdb/Q9H2G2.pdb,exact_sequence_match,True
Q9H2G4,,missing_pdb,False
Q9H2G9,,missing_pdb,False
Q9H2K8,,missing_pdb,False
Q9H2M9,/data/ranran/my_ptm/croton/data/structure_pipeline/pdb/Q9H2M9.pdb,exact_sequence_match,True
Q9H2P0,,missing_pdb,False
Q9H2S1,,missing_pdb,False
Q9H2S9,,missing_pdb,False
Q9H2U1,/data/ranran/my_ptm/croton/data/structure_pipeline/pdb/Q9H2U1.pdb,exact_sequence_match,True
Q9H2U2-3,,missing_pdb,False
Q9H2X3-5,,missing_pdb,False
Q9H2Y7,,missing_pdb,False
Q9H2Y7-2,,missing_pdb,False
Q9H306,,missing_pdb,False
Q9H307,/data/ranran/my_ptm/croton/data/structure_pipeline/pdb/Q9H307.pdb,exact_sequence_match,True
Q9H3C7,,missing_pdb,False
Q9H3D4,,missing_pdb,False
Q9H3H1,,missing_pdb,False
Q9H3K6,,missing_pdb,False
Q9H3P7,/data/ranran/my_ptm/croton/data/structure_pipeline/pdb/Q9H3P7.pdb,exact_sequence_match,True
Q9H3R1,,missing_pdb,False
Q9H3R5,,missing_pdb,False
Q9H410,,missing_pdb,False
Q9H422,,missing_pdb,False
Q9H425,,missing_pdb,False
Q9H467,/data/ranran/my_ptm/croton/data/structure_pipeline/pdb/Q9H467.pdb,exact_sequence_match,True
Q9H4A3,/data/ranran/my_ptm/croton/data/structure_pipeline/pdb/Q9H4A3.pdb,exact_sequence_match,True
Q9H4A6,/data/ranran/my_ptm/croton/data/structure_pipeline/pdb/Q9H4A6.pdb,exact_sequence_match,True
Q9H4B0,,missing_pdb,False
Q9H4B6,,missing_pdb,False
Q9H4F8,,missing_pdb,False
Q9H4I2,,missing_pdb,False
Q9H4L4,,missing_pdb,False
Q9H4L5-5,,missing_pdb,False
Q9H4L7-2,,missing_pdb,False
Q9H4W6,,missing_pdb,False
Q9H4Z2,,missing_pdb,False
Q9H4Z3,,missing_pdb,False
Q9H501,/data/ranran/my_ptm/croton/data/structure_pipeline/pdb/Q9H501.pdb,exact_sequence_match,True
Q9H553,/data/ranran/my_ptm/croton/data/structure_pipeline/pdb/Q9H553.pdb,exact_sequence_match,True
Q9H582,,missing_pdb,False
Q9H5H4,,missing_pdb,False
Q9H5J0,,missing_pdb,False
Q9H5J8,,missing_pdb,False
Q9H5P4,,missing_pdb,False
Q9H5Q4,/data/ranran/my_ptm/croton/data/structure_pipeline/pdb/Q9H5Q4.pdb,exact_sequence_match,True
Q9H5U6,,missing_pdb,False
Q9H5V7,,missing_pdb,False
Q9H5V9,,missing_pdb,False
Q9H609,,missing_pdb,False
Q9H611-4,,missing_pdb,False
Q9H633,/data/ranran/my_ptm/croton/data/structure_pipeline/pdb/Q9H633.pdb,exact_sequence_match,True
Q9H649,,missing_pdb,False
Q9H668,,missing_pdb,False
Q9H694,,missing_pdb,False
Q9H6B9,,missing_pdb,False
Q9H6D7,,missing_pdb,False
Q9H6E4,,missing_pdb,False
Q9H6F5,/data/ranran/my_ptm/croton/data/structure_pipeline/pdb/Q9H6F5.pdb,exact_sequence_match,True
Q9H6I2,,missing_pdb,False
Q9H6N6,,missing_pdb,False
Q9H6R4,/data/ranran/my_ptm/croton/data/structure_pipeline/pdb/Q9H6R4.pdb,exact_sequence_match,True
Q9H6S0,/data/ranran/my_ptm/croton/data/structure_pipeline/pdb/Q9H6S0.pdb,exact_sequence_match,True
Q9H6T0,/data/ranran/my_ptm/croton/data/structure_pipeline/pdb/Q9H6T0.pdb,exact_sequence_match,True
Q9H6T3,/data/ranran/my_ptm/croton/data/structure_pipeline/pdb/Q9H6T3.pdb,exact_sequence_match,True
Q9H6U6,,missing_pdb,False
Q9H6W3,/data/ranran/my_ptm/croton/data/structure_pipeline/pdb/Q9H6W3.pdb,exact_sequence_match,True
Q9H6X2-3,,missing_pdb,False
Q9H6Y2,,missing_pdb,False
Q9H6Y2-2,,missing_pdb,False
Q9H6Z4,/data/ranran/my_ptm/croton/data/structure_pipeline/pdb/Q9H6Z4.pdb,exact_sequence_match,True
Q9H6Z9,,missing_pdb,False
Q9H714,,missing_pdb,False
Q9H773,,missing_pdb,False
Q9H788,/data/ranran/my_ptm/croton/data/structure_pipeline/pdb/Q9H788.pdb,exact_sequence_match,True
Q9H790,,missing_pdb,False
Q9H799,,missing_pdb,False
Q9H7B2,/data/ranran/my_ptm/croton/data/structure_pipeline/pdb/Q9H7B2.pdb,exact_sequence_match,True
Q9H7B7,,missing_pdb,False
Q9H7D7-2,,missing_pdb,False
Q9H7E2,/data/ranran/my_ptm/croton/data/structure_pipeline/pdb/Q9H7E2.pdb,exact_sequence_match,True
Q9H7L9,,missing_pdb,False
Q9H7N4,,missing_pdb,False
Q9H7T9,,missing_pdb,False
Q9H7U1,,missing_pdb,False
Q9H7X3,,missing_pdb,False
Q9H7X7-3,,missing_pdb,False
Q9H7Z3,,missing_pdb,False
Q9H814,/data/ranran/my_ptm/croton/data/structure_pipeline/pdb/Q9H814.pdb,exact_sequence_match,True
Q9H816,,missing_pdb,False
Q9H832,/data/ranran/my_ptm/croton/data/structure_pipeline/pdb/Q9H832.pdb,exact_sequence_match,True
Q9H867-1,,missing_pdb,False
Q9H869-9,,missing_pdb,False
Q9H871,,missing_pdb,False
Q9H8E8,,missing_pdb,False
Q9H8G2,,missing_pdb,False
Q9H8H0,/data/ranran/my_ptm/croton/data/structure_pipeline/pdb/Q9H8H0.pdb,exact_sequence_match,True
Q9H8H2,/data/ranran/my_ptm/croton/data/structure_pipeline/pdb/Q9H8H2.pdb,exact_sequence_match,True
Q9H8M7,,missing_pdb,False
Q9H8N7,,missing_pdb,False
Q9H8V3,,missing_pdb,False
Q9H8W4,,missing_pdb,False
Q9H8W5,,missing_pdb,False
Q9H939,,missing_pdb,False
Q9H944,,missing_pdb,False
Q9H967,/data/ranran/my_ptm/croton/data/structure_pipeline/pdb/Q9H967.pdb,exact_sequence_match,True
Q9H972,,missing_pdb,False
Q9H974,,missing_pdb,False
Q9H981,,missing_pdb,False
Q9H992,,missing_pdb,False
Q9H993,/data/ranran/my_ptm/croton/data/structure_pipeline/pdb/Q9H993.pdb,exact_sequence_match,True
Q9H9A5-6,,missing_pdb,False
Q9H9A6,/data/ranran/my_ptm/croton/data/structure_pipeline/pdb/Q9H9A6.pdb,exact_sequence_match,True
Q9H9A7,,missing_pdb,False
Q9H9B1,,missing_pdb,False
Q9H9B4,/data/ranran/my_ptm/croton/data/structure_pipeline/pdb/Q9H9B4.pdb,exact_sequence_match,True
Q9H9D4,,missing_pdb,False
Q9H9E1,,missing_pdb,False
Q9H9E3,/data/ranran/my_ptm/croton/data/structure_pipeline/pdb/Q9H9E3.pdb,exact_sequence_match,True
Q9H9F9,,missing_pdb,False
Q9H9J2,,missing_pdb,False
Q9H9J4,,missing_pdb,False
Q9H9L3,/data/ranran/my_ptm/croton/data/structure_pipeline/pdb/Q9H9L3.pdb,exact_sequence_match,True
Q9H9L4,,missing_pdb,False
Q9H9P8,/data/ranran/my_ptm/croton/data/structure_pipeline/pdb/Q9H9P8.pdb,exact_sequence_match,True
Q9H9Q4,,missing_pdb,False
Q9H9T3,/data/ranran/my_ptm/croton/data/structure_pipeline/pdb/Q9H9T3.pdb,exact_sequence_match,True
Q9H9V9,,missing_pdb,False
Q9H9Y2,,missing_pdb,False
Q9H9Y4,,missing_pdb,False
Q9HA38,,missing_pdb,False
Q9HAB3,,missing_pdb,False
Q9HAC7,,missing_pdb,False
Q9HAD4,,missing_pdb,False
Q9HAF1,,missing_pdb,False
Q9HAH7,,missing_pdb,False
Q9HAI6,,missing_pdb,False
Q9HAJ7-2,,missing_pdb,False
Q9HAN9,,missing_pdb,False
Q9HAP2,,missing_pdb,False
Q9HAQ2-2,,missing_pdb,False
Q9HAU4,,missing_pdb,False
Q9HAU8,,missing_pdb,False
Q9HAV4,/data/ranran/my_ptm/croton/data/structure_pipeline/pdb/Q9HAV4.pdb,exact_sequence_match,True
Q9HAV5,,missing_pdb,False
Q9HAV7,/data/ranran/my_ptm/croton/data/structure_pipeline/pdb/Q9HAV7.pdb,exact_sequence_match,True
Q9HAW0,,missing_pdb,False
Q9HAW4,,missing_pdb,False
Q9HAZ2,,missing_pdb,False
Q9HB07,/data/ranran/my_ptm/croton/data/structure_pipeline/pdb/Q9HB07.pdb;/data/ranran/my_ptm/croton/data/structure_pipeline/pdb/AF-Q9HB07-F1-model_v6.pdb,sequence_mismatch,False
Q9HB19,,missing_pdb,False
Q9HB20,,missing_pdb,False
Q9HB40,/data/ranran/my_ptm/croton/data/structure_pipeline/pdb/Q9HB40.pdb,exact_sequence_match,True
Q9HB58,,missing_pdb,False
Q9HB75-2,,missing_pdb,False
Q9HB96,,missing_pdb,False
Q9HBD4,,missing_pdb,False
Q9HBE1,,missing_pdb,False
Q9HBE1-4,,missing_pdb,False
Q9HBG6-9,,missing_pdb,False
Q9HBH9,,missing_pdb,False
Q9HBI1,,missing_pdb,False
Q9HBI5,,missing_pdb,False
Q9HBI6,,missing_pdb,False
Q9HBJ0,,missing_pdb,False
Q9HBK9,,missing_pdb,False
Q9HBL8,/data/ranran/my_ptm/croton/data/structure_pipeline/pdb/Q9HBL8.pdb,exact_sequence_match,True
Q9HBM1,/data/ranran/my_ptm/croton/data/structure_pipeline/pdb/Q9HBM1.pdb,exact_sequence_match,True
Q9HBT7,,missing_pdb,False
Q9HBU1,,missing_pdb,False
Q9HC10-4,,missing_pdb,False
Q9HC16-3,,missing_pdb,False
Q9HC36,/data/ranran/my_ptm/croton/data/structure_pipeline/pdb/Q9HC36.pdb,exact_sequence_match,True
Q9HC62-2,,missing_pdb,False
Q9HC77,,missing_pdb,False
Q9HC78,,missing_pdb,False
Q9HC98,/data/ranran/my_ptm/croton/data/structure_pipeline/pdb/Q9HC98.pdb,exact_sequence_match,True
Q9HCC0-2,,missing_pdb,False
Q9HCC6,,missing_pdb,False
Q9HCD5,/data/ranran/my_ptm/croton/data/structure_pipeline/pdb/Q9HCD5.pdb,exact_sequence_match,True
Q9HCE1,/data/ranran/my_ptm/croton/data/structure_pipeline/pdb/Q9HCE1.pdb,exact_sequence_match,True
Q9HCE3,,missing_pdb,False
Q9HCE5,,missing_pdb,False
Q9HCG8,,missing_pdb,False
Q9HCI6,,missing_pdb,False
Q9HCI7,,missing_pdb,False
Q9HCJ2,,missing_pdb,False
Q9HCJ3-2,,missing_pdb,False
Q9HCJ5,,missing_pdb,False
Q9HCK1,,missing_pdb,False
Q9HCK5,,missing_pdb,False
Q9HCM1,,missing_pdb,False
Q9HCN4,,missing_pdb,False
Q9HCN8,,missing_pdb,False
Q9HCR9,,missing_pdb,False
Q9HCS5,,missing_pdb,False
Q9HCS7,/data/ranran/my_ptm/croton/data/structure_pipeline/pdb/Q9HCS7.pdb,exact_sequence_match,True
Q9HCU9,,missing_pdb,False
Q9HCX3,,missing_pdb,False
Q9HD26,/data/ranran/my_ptm/croton/data/structure_pipeline/pdb/Q9HD26.pdb,exact_sequence_match,True
Q9HD33-2,,missing_pdb,False
Q9HD64,,missing_pdb,False
Q9HD67,/data/ranran/my_ptm/croton/data/structure_pipeline/pdb/Q9HD67.pdb,exact_sequence_match,True
Q9HDC9,/data/ranran/my_ptm/croton/data/structure_pipeline/pdb/Q9HDC9.pdb,exact_sequence_match,True
Q9LSE2,,missing_pdb,False
Q9M0K4,,missing_pdb,False
Q9M339,,missing_pdb,False
Q9M7Q7,,missing_pdb,False
Q9N658,,missing_pdb,False
Q9NNW5,,missing_pdb,False
Q9NNX1-3,,missing_pdb,False
Q9NP31,,missing_pdb,False
Q9NP50,,missing_pdb,False
Q9NP58,/data/ranran/my_ptm/croton/data/structure_pipeline/pdb/Q9NP58.pdb,exact_sequence_match,True
Q9NP60,,missing_pdb,False
Q9NP61-2,,missing_pdb,False
Q9NP62,,missing_pdb,False
Q9NP64,,missing_pdb,False
Q9NP66,/data/ranran/my_ptm/croton/data/structure_pipeline/pdb/Q9NP66.pdb,exact_sequence_match,True
Q9NP73,,missing_pdb,False
Q9NP74,,missing_pdb,False
Q9NP77,,missing_pdb,False
Q9NP87,,missing_pdb,False
Q9NP97,,missing_pdb,False
Q9NPA0,,missing_pdb,False
Q9NPA3,/data/ranran/my_ptm/croton/data/structure_pipeline/pdb/Q9NPA3.pdb,exact_sequence_match,True
Q9NPA8,/data/ranran/my_ptm/croton/data/structure_pipeline/pdb/Q9NPA8.pdb,exact_sequence_match,True
Q9NPC3,,missing_pdb,False
Q9NPC7,,missing_pdb,False
Q9NPC8,,missing_pdb,False
Q9NPD3,,missing_pdb,False
Q9NPD8,,missing_pdb,False
Q9NPE2,,missing_pdb,False
Q9NPF5,/data/ranran/my_ptm/croton/data/structure_pipeline/pdb/Q9NPF5.pdb,exact_sequence_match,True
Q9NPH2,,missing_pdb,False
Q9NPI1,,missing_pdb,False
Q9NPI7,,missing_pdb,False
Q9NPJ1,,missing_pdb,False
Q9NPJ3-2,,missing_pdb,False
Q9NPJ6,/data/ranran/my_ptm/croton/data/structure_pipeline/pdb/Q9NPJ6.pdb,exact_sequence_match,True
Q9NPQ8,/data/ranran/my_ptm/croton/data/structure_pipeline/pdb/Q9NPQ8.pdb,exact_sequence_match,True
Q9NQ31,,missing_pdb,False
Q9NQ35,,missing_pdb,False
Q9NQ38-3,,missing_pdb,False
Q9NQ50,,missing_pdb,False
Q9NQ86,,missing_pdb,False
Q9NQ87,,missing_pdb,False
Q9NQ89,,missing_pdb,False
Q9NQB0,,missing_pdb,False
Q9NQB0-9,,missing_pdb,False
Q9NQC3,/data/ranran/my_ptm/croton/data/structure_pipeline/pdb/Q9NQC3.pdb,exact_sequence_match,True
Q9NQE9,,missing_pdb,False
Q9NQG5,/data/ranran/my_ptm/croton/data/structure_pipeline/pdb/Q9NQG5.pdb,exact_sequence_match,True
Q9NQG7-3,,missing_pdb,False
Q9NQR1,,missing_pdb,False
Q9NQS3,,missing_pdb,False
Q9NQS7,/data/ranran/my_ptm/croton/data/structure_pipeline/pdb/Q9NQS7.pdb,exact_sequence_match,True
Q9NQT4,/data/ranran/my_ptm/croton/data/structure_pipeline/pdb/Q9NQT4.pdb,exact_sequence_match,True
Q9NQT5,,missing_pdb,False
Q9NQT8,,missing_pdb,False
Q9NQV5,,missing_pdb,False
Q9NQV6,,missing_pdb,False
Q9NQV7,/data/ranran/my_ptm/croton/data/structure_pipeline/pdb/Q9NQV7.pdb,exact_sequence_match,True
Q9NQW5,,missing_pdb,False
Q9NQW6,/data/ranran/my_ptm/croton/data/structure_pipeline/pdb/Q9NQW6.pdb,exact_sequence_match,True
Q9NQW7-4,,missing_pdb,False
Q9NQX0,,missing_pdb,False
Q9NQX1-4,,missing_pdb,False
Q9NQX4,,missing_pdb,False
Q9NQX7,,missing_pdb,False
Q9NQY0,,missing_pdb,False
Q9NQZ2,/data/ranran/my_ptm/croton/data/structure_pipeline/pdb/Q9NQZ2.pdb,exact_sequence_match,True
Q9NQZ5,,missing_pdb,False
Q9NQZ6,,missing_pdb,False
Q9NQZ6-2,,missing_pdb,False
Q9NQZ8,,missing_pdb,False
Q9NR09,,missing_pdb,False
Q9NR12,/data/ranran/my_ptm/croton/data/structure_pipeline/pdb/Q9NR12.pdb,exact_sequence_match,True
Q9NR20,,missing_pdb,False
Q9NR30,/data/ranran/my_ptm/croton/data/structure_pipeline/pdb/Q9NR30.pdb,exact_sequence_match,True
Q9NR31,/data/ranran/my_ptm/croton/data/structure_pipeline/pdb/Q9NR31.pdb,exact_sequence_match,True
Q9NR33,/data/ranran/my_ptm/croton/data/structure_pipeline/pdb/Q9NR33.pdb,exact_sequence_match,True
Q9NR45,/data/ranran/my_ptm/croton/data/structure_pipeline/pdb/Q9NR45.pdb,exact_sequence_match,True
Q9NR48,,missing_pdb,False
Q9NR50,/data/ranran/my_ptm/croton/data/structure_pipeline/pdb/Q9NR50.pdb,exact_sequence_match,True
Q9NR81-2,,missing_pdb,False
Q9NRA1,,missing_pdb,False
Q9NRA1-4,,missing_pdb,False
Q9NRA8,,missing_pdb,False
Q9NRB3,,missing_pdb,False
Q9NRC8,,missing_pdb,False
Q9NRD5,,missing_pdb,False
Q9NRF9,/data/ranran/my_ptm/croton/data/structure_pipeline/pdb/Q9NRF9.pdb,exact_sequence_match,True
Q9NRG0,/data/ranran/my_ptm/croton/data/structure_pipeline/pdb/Q9NRG0.pdb,exact_sequence_match,True
Q9NRG4,/data/ranran/my_ptm/croton/data/structure_pipeline/pdb/Q9NRG4.pdb,exact_sequence_match,True
Q9NRG9,,missing_pdb,False
Q9NRI5,,missing_pdb,False
Q9NRL2,/data/ranran/my_ptm/croton/data/structure_pipeline/pdb/Q9NRL2.pdb,exact_sequence_match,True
Q9NRM2,,missing_pdb,False
Q9NRN7,/data/ranran/my_ptm/croton/data/structure_pipeline/pdb/Q9NRN7.pdb,exact_sequence_match,True
Q9NRR4,,missing_pdb,False
Q9NRR5-2,,missing_pdb,False
Q9NRW7,/data/ranran/my_ptm/croton/data/structure_pipeline/pdb/Q9NRW7.pdb,exact_sequence_match,True
Q9NRX1,,missing_pdb,False
Q9NRX2,/data/ranran/my_ptm/croton/data/structure_pipeline/pdb/Q9NRX2.pdb,exact_sequence_match,True
Q9NRX4,/data/ranran/my_ptm/croton/data/structure_pipeline/pdb/Q9NRX4.pdb,exact_sequence_match,True
Q9NRY2,/data/ranran/my_ptm/croton/data/structure_pipeline/pdb/Q9NRY2.pdb,exact_sequence_match,True
Q9NRY2-2,,missing_pdb,False
Q9NRY6,,missing_pdb,False
Q9NS18,,missing_pdb,False
Q9NS23-2,,missing_pdb,False
Q9NS23-4,,missing_pdb,False
Q9NS25,,missing_pdb,False
Q9NS56,,missing_pdb,False
Q9NS69,,missing_pdb,False
Q9NS73,,missing_pdb,False
Q9NS75,,missing_pdb,False
Q9NS87,/data/ranran/my_ptm/croton/data/structure_pipeline/pdb/Q9NS87.pdb,exact_sequence_match,True
Q9NS91,/data/ranran/my_ptm/croton/data/structure_pipeline/pdb/Q9NS91.pdb,exact_sequence_match,True
Q9NSC2,,missing_pdb,False
Q9NSD4,,missing_pdb,False
Q9NSD9,/data/ranran/my_ptm/croton/data/structure_pipeline/pdb/Q9NSD9.pdb,exact_sequence_match,True
Q9NSE4,/data/ranran/my_ptm/croton/data/structure_pipeline/pdb/Q9NSE4.pdb,exact_sequence_match,True
Q9NSG2,,missing_pdb,False
Q9NSI2,/data/ranran/my_ptm/croton/data/structure_pipeline/pdb/Q9NSI2.pdb,exact_sequence_match,True
Q9NSI6,,missing_pdb,False
Q9NSI8-2,,missing_pdb,False
Q9NSP4,,missing_pdb,False
Q9NSQ0,,missing_pdb,False
Q9NSS8,,missing_pdb,False
Q9NSV4,/data/ranran/my_ptm/croton/data/structure_pipeline/pdb/Q9NSV4.pdb,exact_sequence_match,True
Q9NSY1,,missing_pdb,False
Q9NSY2,,missing_pdb,False
Q9NT62,/data/ranran/my_ptm/croton/data/structure_pipeline/pdb/Q9NT62.pdb,exact_sequence_match,True
Q9NTI5,/data/ranran/my_ptm/croton/data/structure_pipeline/pdb/Q9NTI5.pdb,exact_sequence_match,True
Q9NTI7,,missing_pdb,False
Q9NTJ3,/data/ranran/my_ptm/croton/data/structure_pipeline/pdb/Q9NTJ3.pdb,exact_sequence_match,True
Q9NTM9,/data/ranran/my_ptm/croton/data/structure_pipeline/pdb/Q9NTM9.pdb,exact_sequence_match,True
Q9NTU4,,missing_pdb,False
Q9NTW7,,missing_pdb,False
Q9NTW7-2,,missing_pdb,False
Q9NTW7-4,,missing_pdb,False
Q9NTX5,,missing_pdb,False
Q9NTX9,,missing_pdb,False
Q9NTZ6,/data/ranran/my_ptm/croton/data/structure_pipeline/pdb/Q9NTZ6.pdb,exact_sequence_match,True
Q9NU02,,missing_pdb,False
Q9NU19,,missing_pdb,False
Q9NU22,,missing_pdb,False
Q9NUA8,,missing_pdb,False
Q9NUC0,,missing_pdb,False
Q9NUD5-2,,missing_pdb,False
Q9NUD7,,missing_pdb,False
Q9NUG6,,missing_pdb,False
Q9NUJ1,,missing_pdb,False
Q9NUJ1-2,,missing_pdb,False
Q9NUL3,/data/ranran/my_ptm/croton/data/structure_pipeline/pdb/Q9NUL3.pdb,exact_sequence_match,True
Q9NUL7,,missing_pdb,False
Q9NUP1,,missing_pdb,False
Q9NUP7,,missing_pdb,False
Q9NUP9,/data/ranran/my_ptm/croton/data/structure_pipeline/pdb/Q9NUP9.pdb,exact_sequence_match,True
Q9NUQ8-2,,missing_pdb,False
Q9NUU7,,missing_pdb,False
Q9NUV7,,missing_pdb,False
Q9NUV9,,missing_pdb,False
Q9NUW8,,missing_pdb,False
Q9NV06,/data/ranran/my_ptm/croton/data/structure_pipeline/pdb/Q9NV06.pdb,exact_sequence_match,True
Q9NV31,,missing_pdb,False
Q9NV56,,missing_pdb,False
Q9NV66,,missing_pdb,False
Q9NV79,,missing_pdb,False
Q9NV88,,missing_pdb,False
Q9NV96,,missing_pdb,False
Q9NVC6,/data/ranran/my_ptm/croton/data/structure_pipeline/pdb/Q9NVC6.pdb,exact_sequence_match,True
Q9NVD3,,missing_pdb,False
Q9NVE7,/data/ranran/my_ptm/croton/data/structure_pipeline/pdb/Q9NVE7.pdb,exact_sequence_match,True
Q9NVF7,,missing_pdb,False
Q9NVH0-2,,missing_pdb,False
Q9NVH2,/data/ranran/my_ptm/croton/data/structure_pipeline/pdb/Q9NVH2.pdb,exact_sequence_match,True
Q9NVH6-4,,missing_pdb,False
Q9NVI1,/data/ranran/my_ptm/croton/data/structure_pipeline/pdb/Q9NVI1.pdb,exact_sequence_match,True
Q9NVI7,,missing_pdb,False
Q9NVJ2,,missing_pdb,False
Q9NVK5-3,,missing_pdb,False
Q9NVM4,/data/ranran/my_ptm/croton/data/structure_pipeline/pdb/Q9NVM4.pdb,exact_sequence_match,True
Q9NVM6,/data/ranran/my_ptm/croton/data/structure_pipeline/pdb/Q9NVM6.pdb,exact_sequence_match,True
Q9NVM9,/data/ranran/my_ptm/croton/data/structure_pipeline/pdb/Q9NVM9.pdb,exact_sequence_match,True
Q9NVN8,/data/ranran/my_ptm/croton/data/structure_pipeline/pdb/Q9NVN8.pdb,exact_sequence_match,True
Q9NVP1,/data/ranran/my_ptm/croton/data/structure_pipeline/pdb/Q9NVP1.pdb,exact_sequence_match,True
Q9NVP2,,missing_pdb,False
Q9NVP4-3,,missing_pdb,False
Q9NVQ4,/data/ranran/my_ptm/croton/data/structure_pipeline/pdb/Q9NVQ4.pdb,exact_sequence_match,True
Q9NVR0,,missing_pdb,False
Q9NVR2,,missing_pdb,False
Q9NVR5-2,,missing_pdb,False
Q9NVS9,,missing_pdb,False
Q9NVT9,/data/ranran/my_ptm/croton/data/structure_pipeline/pdb/Q9NVT9.pdb,exact_sequence_match,True
Q9NVU0,/data/ranran/my_ptm/croton/data/structure_pipeline/pdb/Q9NVU0.pdb,exact_sequence_match,True
Q9NVU7,/data/ranran/my_ptm/croton/data/structure_pipeline/pdb/Q9NVU7.pdb,exact_sequence_match,True
Q9NVV4-2,,missing_pdb,False
Q9NVW2,,missing_pdb,False
Q9NVX0,,missing_pdb,False
Q9NVX2,/data/ranran/my_ptm/croton/data/structure_pipeline/pdb/Q9NVX2.pdb,exact_sequence_match,True
Q9NW07,,missing_pdb,False
Q9NW13,/data/ranran/my_ptm/croton/data/structure_pipeline/pdb/Q9NW13.pdb,exact_sequence_match,True
Q9NW15,,missing_pdb,False
Q9NW15-2,,missing_pdb,False
Q9NW38,,missing_pdb,False
Q9NW64,/data/ranran/my_ptm/croton/data/structure_pipeline/pdb/Q9NW64.pdb,exact_sequence_match,True
Q9NW75,,missing_pdb,False
Q9NW82,/data/ranran/my_ptm/croton/data/structure_pipeline/pdb/Q9NW82.pdb,exact_sequence_match,True
Q9NWA0,,missing_pdb,False
Q9NWB7,,missing_pdb,False
Q9NWF9-1,,missing_pdb,False
Q9NWF9-3,,missing_pdb,False
Q9NWH7,,missing_pdb,False
Q9NWH9,/data/ranran/my_ptm/croton/data/structure_pipeline/pdb/Q9NWH9.pdb,exact_sequence_match,True
Q9NWK9,,missing_pdb,False
Q9NWM8,,missing_pdb,False
Q9NWN3,,missing_pdb,False
Q9NWS0,,missing_pdb,False
Q9NWS0-2,,missing_pdb,False
Q9NWS6,,missing_pdb,False
Q9NWS8,/data/ranran/my_ptm/croton/data/structure_pipeline/pdb/Q9NWS8.pdb,exact_sequence_match,True
Q9NWT1,/data/ranran/my_ptm/croton/data/structure_pipeline/pdb/Q9NWT1.pdb,exact_sequence_match,True
Q9NWT8,,missing_pdb,False
Q9NWU2,,missing_pdb,False
Q9NWU5,,missing_pdb,False
Q9NWV4,/data/ranran/my_ptm/croton/data/structure_pipeline/pdb/Q9NWV4.pdb,exact_sequence_match,True
Q9NWV8,,missing_pdb,False
Q9NWW7,,missing_pdb,False
Q9NWY4,,missing_pdb,False
Q9NWZ3,,missing_pdb,False
Q9NWZ5,,missing_pdb,False
Q9NX05,,missing_pdb,False
Q9NX07,,missing_pdb,False
Q9NX08,,missing_pdb,False
Q9NX09,,missing_pdb,False
Q9NX20,,missing_pdb,False
Q9NX24,,missing_pdb,False
Q9NX38,,missing_pdb,False
Q9NX40,/data/ranran/my_ptm/croton/data/structure_pipeline/pdb/Q9NX40.pdb,exact_sequence_match,True
Q9NX46,,missing_pdb,False
Q9NX55,,missing_pdb,False
Q9NX58,/data/ranran/my_ptm/croton/data/structure_pipeline/pdb/Q9NX58.pdb;/data/ranran/my_ptm/croton/data/structure_pipeline/pdb/AF-Q9NX58-F1-model_v6.pdb,sequence_mismatch,False
Q9NX70,,missing_pdb,False
Q9NX74,,missing_pdb,False
Q9NX95,,missing_pdb,False
Q9NXC5,/data/ranran/my_ptm/croton/data/structure_pipeline/pdb/Q9NXC5.pdb,exact_sequence_match,True
Q9NXE4,/data/ranran/my_ptm/croton/data/structure_pipeline/pdb/Q9NXE4.pdb,exact_sequence_match,True
Q9NXE8,,missing_pdb,False
Q9NXF1-2,,missing_pdb,False
Q9NXF7,,missing_pdb,False
Q9NXG0,,missing_pdb,False
Q9NXH8,,missing_pdb,False
Q9NXH9,/data/ranran/my_ptm/croton/data/structure_pipeline/pdb/Q9NXH9.pdb,exact_sequence_match,True
Q9NXK8,,missing_pdb,False
Q9NXL9,,missing_pdb,False
Q9NXN4,,missing_pdb,False
Q9NXP7,,missing_pdb,False
Q9NXR5,,missing_pdb,False
Q9NXR7,,missing_pdb,False
Q9NXR8,,missing_pdb,False
Q9NXV2,,missing_pdb,False
Q9NXV6,,missing_pdb,False
Q9NXW9,,missing_pdb,False
Q9NXX6,,missing_pdb,False
Q9NXZ1,,missing_pdb,False
Q9NXZ2,,missing_pdb,False
Q9NY12,/data/ranran/my_ptm/croton/data/structure_pipeline/pdb/Q9NY12.pdb,exact_sequence_match,True
Q9NY27,/data/ranran/my_ptm/croton/data/structure_pipeline/pdb/Q9NY27.pdb,exact_sequence_match,True
Q9NY59,,missing_pdb,False
Q9NY61,/data/ranran/my_ptm/croton/data/structure_pipeline/pdb/Q9NY61.pdb,exact_sequence_match,True
Q9NY74,/data/ranran/my_ptm/croton/data/structure_pipeline/pdb/Q9NY74.pdb,exact_sequence_match,True
Q9NY93,/data/ranran/my_ptm/croton/data/structure_pipeline/pdb/Q9NY93.pdb,exact_sequence_match,True
Q9NYB0,,missing_pdb,False
Q9NYF3,,missing_pdb,False
Q9NYH9,/data/ranran/my_ptm/croton/data/structure_pipeline/pdb/Q9NYH9.pdb,exact_sequence_match,True
Q9NYJ8,,missing_pdb,False
Q9NYL2,,missing_pdb,False
Q9NYP3,,missing_pdb,False
Q9NYP9,,missing_pdb,False
Q9NYQ6,,missing_pdb,False
Q9NYT0,,missing_pdb,False
Q9NYU1,,missing_pdb,False
Q9NYY3,,missing_pdb,False
Q9NYY8,,missing_pdb,False
Q9NYZ3,,missing_pdb,False
Q9NZ32,/data/ranran/my_ptm/croton/data/structure_pipeline/pdb/Q9NZ32.pdb,exact_sequence_match,True
Q9NZ45,,missing_pdb,False
Q9NZ63,/data/ranran/my_ptm/croton/data/structure_pipeline/pdb/Q9NZ63.pdb,exact_sequence_match,True
Q9NZ71,,missing_pdb,False
Q9NZC9,,missing_pdb,False
Q9NZD2,/data/ranran/my_ptm/croton/data/structure_pipeline/pdb/Q9NZD2.pdb,exact_sequence_match,True
Q9NZD8,/data/ranran/my_ptm/croton/data/structure_pipeline/pdb/Q9NZD8.pdb,exact_sequence_match,True
Q9NZI7,,missing_pdb,False
Q9NZJ0,,missing_pdb,False
Q9NZJ4,,missing_pdb,False
Q9NZJ5,,missing_pdb,False
Q9NZJ6,,missing_pdb,False
Q9NZJ9-2,,missing_pdb,False
Q9NZL3,,missing_pdb,False
Q9NZL9,/data/ranran/my_ptm/croton/data/structure_pipeline/pdb/Q9NZL9.pdb,exact_sequence_match,True
Q9NZL9-3,,missing_pdb,False
Q9NZM4,,missing_pdb,False
Q9NZM5,/data/ranran/my_ptm/croton/data/structure_pipeline/pdb/Q9NZM5.pdb,exact_sequence_match,True
Q9NZN4,/data/ranran/my_ptm/croton/data/structure_pipeline/pdb/Q9NZN4.pdb,exact_sequence_match,True
Q9NZN8,/data/ranran/my_ptm/croton/data/structure_pipeline/pdb/Q9NZN8.pdb,exact_sequence_match,True
Q9NZP8,,missing_pdb,False
Q9NZT2,,missing_pdb,False
Q9NZV1,,missing_pdb,False
Q9NZV5,,missing_pdb,False
Q9P013,/data/ranran/my_ptm/croton/data/structure_pipeline/pdb/Q9P013.pdb,exact_sequence_match,True
Q9P015,,missing_pdb,False
Q9P016,/data/ranran/my_ptm/croton/data/structure_pipeline/pdb/Q9P016.pdb,exact_sequence_match,True
Q9P021,/data/ranran/my_ptm/croton/data/structure_pipeline/pdb/Q9P021.pdb,exact_sequence_match,True
Q9P031,,missing_pdb,False
Q9P032,,missing_pdb,False
Q9P0I2,/data/ranran/my_ptm/croton/data/structure_pipeline/pdb/Q9P0I2.pdb,exact_sequence_match,True
Q9P0J0,/data/ranran/my_ptm/croton/data/structure_pipeline/pdb/Q9P0J0.pdb,exact_sequence_match,True
Q9P0J1-2,,missing_pdb,False
Q9P0K7-4,,missing_pdb,False
Q9P0L0,/data/ranran/my_ptm/croton/data/structure_pipeline/pdb/Q9P0L0.pdb,exact_sequence_match,True
Q9P0M9,/data/ranran/my_ptm/croton/data/structure_pipeline/pdb/Q9P0M9.pdb,exact_sequence_match,True
Q9P0T4,,missing_pdb,False
Q9P0U3,/data/ranran/my_ptm/croton/data/structure_pipeline/pdb/Q9P0U3.pdb,exact_sequence_match,True
Q9P0U4,,missing_pdb,False
Q9P0V9,/data/ranran/my_ptm/croton/data/structure_pipeline/pdb/Q9P0V9.pdb,exact_sequence_match,True
Q9P0W8-2,,missing_pdb,False
Q9P107-2,,missing_pdb,False
Q9P1I2,,missing_pdb,False
Q9P1T7,,missing_pdb,False
Q9P1V8-2,,missing_pdb,False
Q9P1Y6,,missing_pdb,False
Q9P1Z0,,missing_pdb,False
Q9P1Z2,/data/ranran/my_ptm/croton/data/structure_pipeline/pdb/Q9P1Z2.pdb,exact_sequence_match,True
Q9P1Z9,,missing_pdb,False
Q9P209,,missing_pdb,False
Q9P212,,missing_pdb,False
Q9P215,,missing_pdb,False
Q9P227,,missing_pdb,False
Q9P242,,missing_pdb,False
Q9P243-2,,missing_pdb,False
Q9P258,/data/ranran/my_ptm/croton/data/structure_pipeline/pdb/Q9P258.pdb,exact_sequence_match,True
Q9P266,,missing_pdb,False
Q9P287-2,,missing_pdb,False
Q9P291,,missing_pdb,False
Q9P2B4,/data/ranran/my_ptm/croton/data/structure_pipeline/pdb/Q9P2B4.pdb,exact_sequence_match,True
Q9P2D0,,missing_pdb,False
Q9P2D1,,missing_pdb,False
Q9P2D6-4,,missing_pdb,False
Q9P2E2,,missing_pdb,False
Q9P2E3,/data/ranran/my_ptm/croton/data/structure_pipeline/pdb/Q9P2E3.pdb,exact_sequence_match,True
Q9P2E9,/data/ranran/my_ptm/croton/data/structure_pipeline/pdb/Q9P2E9.pdb,exact_sequence_match,True
Q9P2F5-2,,missing_pdb,False
Q9P2F9,,missing_pdb,False
Q9P2G9-2,,missing_pdb,False
Q9P2H0,,missing_pdb,False
Q9P2I0,/data/ranran/my_ptm/croton/data/structure_pipeline/pdb/Q9P2I0.pdb,exact_sequence_match,True
Q9P2J5,/data/ranran/my_ptm/croton/data/structure_pipeline/pdb/Q9P2J5.pdb,exact_sequence_match,True
Q9P2K1-2,,missing_pdb,False
Q9P2K6,,missing_pdb,False
Q9P2K8,,missing_pdb,False
Q9P2L0,,missing_pdb,False
Q9P2N5,/data/ranran/my_ptm/croton/data/structure_pipeline/pdb/Q9P2N5.pdb,exact_sequence_match,True
Q9P2N6-2,,missing_pdb,False
Q9P2N7-3,,missing_pdb,False
Q9P2P6,,missing_pdb,False
Q9P2R3,/data/ranran/my_ptm/croton/data/structure_pipeline/pdb/Q9P2R3.pdb,exact_sequence_match,True
Q9P2R6,,missing_pdb,False
Q9P2R7,/data/ranran/my_ptm/croton/data/structure_pipeline/pdb/Q9P2R7.pdb,exact_sequence_match,True
Q9P2W1,,missing_pdb,False
Q9P2X3,,missing_pdb,False
Q9P2Y4,,missing_pdb,False
Q9P2Y5,,missing_pdb,False
Q9P2Z0,,missing_pdb,False
Q9SCU7,,missing_pdb,False
Q9SJN0,,missing_pdb,False
Q9UBB5,/data/ranran/my_ptm/croton/data/structure_pipeline/pdb/Q9UBB5.pdb,exact_sequence_match,True
Q9UBB9,/data/ranran/my_ptm/croton/data/structure_pipeline/pdb/Q9UBB9.pdb,exact_sequence_match,True
Q9UBC1,/data/ranran/my_ptm/croton/data/structure_pipeline/pdb/Q9UBC1.pdb;/data/ranran/my_ptm/croton/data/structure_pipeline/pdb/AF-Q9UBC1-F1-model_v6.pdb,sequence_mismatch,False
Q9UBC3,,missing_pdb,False
Q9UBD0,,missing_pdb,False
Q9UBD5-2,,missing_pdb,False
Q9UBE8,,missing_pdb,False
Q9UBG0,,missing_pdb,False
Q9UBK9,,missing_pdb,False
Q9UBL3,/data/ranran/my_ptm/croton/data/structure_pipeline/pdb/Q9UBL3.pdb,exact_sequence_match,True
Q9UBN6,,missing_pdb,False
Q9UBP0,/data/ranran/my_ptm/croton/data/structure_pipeline/pdb/Q9UBP0.pdb,exact_sequence_match,True
Q9UBP6,,missing_pdb,False
Q9UBP9-4,,missing_pdb,False
Q9UBQ5,,missing_pdb,False
Q9UBS0,,missing_pdb,False
Q9UBS8,/data/ranran/my_ptm/croton/data/structure_pipeline/pdb/Q9UBS8.pdb,exact_sequence_match,True
Q9UBT2,/data/ranran/my_ptm/croton/data/structure_pipeline/pdb/Q9UBT2.pdb,exact_sequence_match,True
Q9UBT6,,missing_pdb,False
Q9UBT7,/data/ranran/my_ptm/croton/data/structure_pipeline/pdb/Q9UBT7.pdb,exact_sequence_match,True
Q9UBU7,,missing_pdb,False
Q9UBU8,/data/ranran/my_ptm/croton/data/structure_pipeline/pdb/Q9UBU8.pdb,exact_sequence_match,True
Q9UBU9,/data/ranran/my_ptm/croton/data/structure_pipeline/pdb/Q9UBU9.pdb,exact_sequence_match,True
Q9UBU9-2,,missing_pdb,False
Q9UBV2,/data/ranran/my_ptm/croton/data/structure_pipeline/pdb/Q9UBV2.pdb,exact_sequence_match,True
Q9UBV8,,missing_pdb,False
Q9UBW7-2,,missing_pdb,False
Q9UBW8,/data/ranran/my_ptm/croton/data/structure_pipeline/pdb/Q9UBW8.pdb,exact_sequence_match,True
Q9UBZ4,,missing_pdb,False
Q9UBZ9,,missing_pdb,False
Q9UDR5,,missing_pdb,False
Q9UDV6,,missing_pdb,False
Q9UEE5,,missing_pdb,False
Q9UEE9,/data/ranran/my_ptm/croton/data/structure_pipeline/pdb/Q9UEE9.pdb,exact_sequence_match,True
Q9UEG4,,missing_pdb,False
Q9UER7,/data/ranran/my_ptm/croton/data/structure_pipeline/pdb/Q9UER7.pdb,exact_sequence_match,True
Q9UET6,,missing_pdb,False
Q9UEW3-2,,missing_pdb,False
Q9UEW8-2,,missing_pdb,False
Q9UF56,,missing_pdb,False
Q9UFB7,,missing_pdb,False
Q9UFC0,,missing_pdb,False
Q9UFE4,,missing_pdb,False
Q9UFF9,,missing_pdb,False
Q9UG01,,missing_pdb,False
Q9UG56,,missing_pdb,False
Q9UGC7-3,,missing_pdb,False
Q9UGI6,,missing_pdb,False
Q9UGI8,/data/ranran/my_ptm/croton/data/structure_pipeline/pdb/Q9UGI8.pdb,exact_sequence_match,True
Q9UGJ0,,missing_pdb,False
Q9UGN5,/data/ranran/my_ptm/croton/data/structure_pipeline/pdb/Q9UGN5.pdb,exact_sequence_match,True
Q9UGP4,/data/ranran/my_ptm/croton/data/structure_pipeline/pdb/Q9UGP4.pdb,exact_sequence_match,True
Q9UGP5,,missing_pdb,False
Q9UGU0,,missing_pdb,False
Q9UGU5,,missing_pdb,False
Q9UH92,,missing_pdb,False
Q9UHA3,/data/ranran/my_ptm/croton/data/structure_pipeline/pdb/Q9UHA3.pdb,exact_sequence_match,True
Q9UHB7-2,,missing_pdb,False
Q9UHB9-4,,missing_pdb,False
Q9UHC1,,missing_pdb,False
Q9UHC7,,missing_pdb,False
Q9UHD1,/data/ranran/my_ptm/croton/data/structure_pipeline/pdb/Q9UHD1.pdb,exact_sequence_match,True
Q9UHD2,/data/ranran/my_ptm/croton/data/structure_pipeline/pdb/Q9UHD2.pdb,exact_sequence_match,True
Q9UHD8,/data/ranran/my_ptm/croton/data/structure_pipeline/pdb/Q9UHD8.pdb,exact_sequence_match,True
Q9UHD9,/data/ranran/my_ptm/croton/data/structure_pipeline/pdb/Q9UHD9.pdb,exact_sequence_match,True
Q9UHE8,,missing_pdb,False
Q9UHF1,,missing_pdb,False
Q9UHF7,,missing_pdb,False
Q9UHG3,/data/ranran/my_ptm/croton/data/structure_pipeline/pdb/Q9UHG3.pdb,exact_sequence_match,True
Q9UHI5,,missing_pdb,False
Q9UHI6,/data/ranran/my_ptm/croton/data/structure_pipeline/pdb/Q9UHI6.pdb,exact_sequence_match,True
Q9UHI8,,missing_pdb,False
Q9UHK0,,missing_pdb,False
Q9UHK6,,missing_pdb,False
Q9UHL4,,missing_pdb,False
Q9UHN6,,missing_pdb,False
Q9UHP3-3,,missing_pdb,False
Q9UHQ9,/data/ranran/my_ptm/croton/data/structure_pipeline/pdb/Q9UHQ9.pdb,exact_sequence_match,True
Q9UHV2,,missing_pdb,False
Q9UHV9,/data/ranran/my_ptm/croton/data/structure_pipeline/pdb/Q9UHV9.pdb,exact_sequence_match,True
Q9UHX1,,missing_pdb,False
Q9UHY7,/data/ranran/my_ptm/croton/data/structure_pipeline/pdb/Q9UHY7.pdb,exact_sequence_match,True
Q9UI10,/data/ranran/my_ptm/croton/data/structure_pipeline/pdb/Q9UI10.pdb,exact_sequence_match,True
Q9UI30,,missing_pdb,False
Q9UI33,,missing_pdb,False
Q9UI36,,missing_pdb,False
Q9UI43,,missing_pdb,False
Q9UIA9,/data/ranran/my_ptm/croton/data/structure_pipeline/pdb/Q9UIA9.pdb,exact_sequence_match,True
Q9UIC8,,missing_pdb,False
Q9UID6,,missing_pdb,False
Q9UIE0,,missing_pdb,False
Q9UIF7,,missing_pdb,False
Q9UIF8,,missing_pdb,False
Q9UIF9,,missing_pdb,False
Q9UIG0,/data/ranran/my_ptm/croton/data/structure_pipeline/pdb/Q9UIG0.pdb,exact_sequence_match,True
Q9UII2,/data/ranran/my_ptm/croton/data/structure_pipeline/pdb/Q9UII2.pdb,exact_sequence_match,True
Q9UII4,,missing_pdb,False
Q9UIL8,,missing_pdb,False
Q9UIS9-12,,missing_pdb,False
Q9UIS9-4,,missing_pdb,False
Q9UIU6,,missing_pdb,False
Q9UJ78,,missing_pdb,False
Q9UJ78-3,,missing_pdb,False
Q9UJ83,/data/ranran/my_ptm/croton/data/structure_pipeline/pdb/Q9UJ83.pdb,exact_sequence_match,True
Q9UJA3,,missing_pdb,False
Q9UJA5,/data/ranran/my_ptm/croton/data/structure_pipeline/pdb/Q9UJA5.pdb,exact_sequence_match,True
Q9UJJ9,,missing_pdb,False
Q9UJK0,,missing_pdb,False
Q9UJN7,,missing_pdb,False
Q9UJQ1-2,,missing_pdb,False
Q9UJQ4,,missing_pdb,False
Q9UJQ4-2,,missing_pdb,False
Q9UJT0,,missing_pdb,False
Q9UJU3,,missing_pdb,False
Q9UJV8,,missing_pdb,False
Q9UJV9,/data/ranran/my_ptm/croton/data/structure_pipeline/pdb/Q9UJV9.pdb,exact_sequence_match,True
Q9UJW0,,missing_pdb,False
Q9UJX2,/data/ranran/my_ptm/croton/data/structure_pipeline/pdb/Q9UJX2.pdb,exact_sequence_match,True
Q9UJX3,,missing_pdb,False
Q9UJX4,,missing_pdb,False
Q9UJX5-3,,missing_pdb,False
Q9UJX6-2,,missing_pdb,False
Q9UJY4,,missing_pdb,False
Q9UJZ1,/data/ranran/my_ptm/croton/data/structure_pipeline/pdb/Q9UJZ1.pdb,exact_sequence_match,True
Q9UK39,,missing_pdb,False
Q9UK41,/data/ranran/my_ptm/croton/data/structure_pipeline/pdb/Q9UK41.pdb,exact_sequence_match,True
Q9UK45,/data/ranran/my_ptm/croton/data/structure_pipeline/pdb/Q9UK45.pdb,exact_sequence_match,True
Q9UK58,,missing_pdb,False
Q9UK61,/data/ranran/my_ptm/croton/data/structure_pipeline/pdb/Q9UK61.pdb,exact_sequence_match,True
Q9UK96,,missing_pdb,False
Q9UKA1-2,,missing_pdb,False
Q9UKA8,,missing_pdb,False
Q9UKD2,/data/ranran/my_ptm/croton/data/structure_pipeline/pdb/Q9UKD2.pdb,exact_sequence_match,True
Q9UKF2,,missing_pdb,False
Q9UKF6,,missing_pdb,False
Q9UKF7,,missing_pdb,False
Q9UKG1,,missing_pdb,False
Q9UKI9,,missing_pdb,False
Q9UKJ0,,missing_pdb,False
Q9UKJ3,,missing_pdb,False
Q9UKK3,/data/ranran/my_ptm/croton/data/structure_pipeline/pdb/Q9UKK3.pdb,exact_sequence_match,True
Q9UKL0,,missing_pdb,False
Q9UKL3,,missing_pdb,False
Q9UKM9,,missing_pdb,False
Q9UKN5,,missing_pdb,False
Q9UKN8,/data/ranran/my_ptm/croton/data/structure_pipeline/pdb/Q9UKN8.pdb,exact_sequence_match,True
Q9UKT4,,missing_pdb,False
Q9UKT7,,missing_pdb,False
Q9UKU7-2,,missing_pdb,False
Q9UKV0-3,,missing_pdb,False
Q9UKV3,/data/ranran/my_ptm/croton/data/structure_pipeline/pdb/Q9UKV3.pdb,exact_sequence_match,True
Q9UKW4-3,,missing_pdb,False
Q9UKX7,/data/ranran/my_ptm/croton/data/structure_pipeline/pdb/Q9UKX7.pdb,exact_sequence_match,True
Q9UKY7,/data/ranran/my_ptm/croton/data/structure_pipeline/pdb/Q9UKY7.pdb,exact_sequence_match,True
Q9UKZ1,/data/ranran/my_ptm/croton/data/structure_pipeline/pdb/Q9UKZ1.pdb,exact_sequence_match,True
Q9UL03,/data/ranran/my_ptm/croton/data/structure_pipeline/pdb/Q9UL03.pdb,exact_sequence_match,True
Q9UL15,,missing_pdb,False
Q9UL16,,missing_pdb,False
Q9UL33,,missing_pdb,False
Q9UL36,,missing_pdb,False
Q9UL40,,missing_pdb,False
Q9UL54,,missing_pdb,False
Q9UL58,,missing_pdb,False
Q9UL59,,missing_pdb,False
Q9UL63,/data/ranran/my_ptm/croton/data/structure_pipeline/pdb/Q9UL63.pdb,exact_sequence_match,True
Q9ULA0,,missing_pdb,False
Q9ULC3,/data/ranran/my_ptm/croton/data/structure_pipeline/pdb/Q9ULC3.pdb,exact_sequence_match,True
Q9ULC4,/data/ranran/my_ptm/croton/data/structure_pipeline/pdb/Q9ULC4.pdb,exact_sequence_match,True
Q9ULD2,/data/ranran/my_ptm/croton/data/structure_pipeline/pdb/Q9ULD2.pdb,exact_sequence_match,True
Q9ULD5,,missing_pdb,False
Q9ULD9,/data/ranran/my_ptm/croton/data/structure_pipeline/pdb/Q9ULD9.pdb,exact_sequence_match,True
Q9ULF5,,missing_pdb,False
Q9ULG1,,missing_pdb,False
Q9ULG6-4,,missing_pdb,False
Q9ULH7,,missing_pdb,False
Q9ULI0-2,,missing_pdb,False
Q9ULI2,/data/ranran/my_ptm/croton/data/structure_pipeline/pdb/Q9ULI2.pdb,exact_sequence_match,True
Q9ULJ3,,missing_pdb,False
Q9ULJ6,,missing_pdb,False
Q9ULJ7-2,,missing_pdb,False
Q9ULJ8,/data/ranran/my_ptm/croton/data/structure_pipeline/pdb/Q9ULJ8.pdb,exact_sequence_match,True
Q9ULL5,,missing_pdb,False
Q9ULM3,,missing_pdb,False
Q9ULN7,,missing_pdb,False
Q9ULQ0,,missing_pdb,False
Q9ULR0,/data/ranran/my_ptm/croton/data/structure_pipeline/pdb/Q9ULR0.pdb,exact_sequence_match,True
Q9ULT0,,missing_pdb,False
Q9ULT6-2,,missing_pdb,False
Q9ULU4-7,,missing_pdb,False
Q9ULV3,,missing_pdb,False
Q9ULV5,,missing_pdb,False
Q9ULW0,/data/ranran/my_ptm/croton/data/structure_pipeline/pdb/Q9ULW0.pdb,exact_sequence_match,True
Q9ULW3,,missing_pdb,False
Q9ULX3,/data/ranran/my_ptm/croton/data/structure_pipeline/pdb/Q9ULX3.pdb,exact_sequence_match,True
Q9ULX9,,missing_pdb,False
Q9ULZ2,,missing_pdb,False
Q9UM00,,missing_pdb,False
Q9UM11,,missing_pdb,False
Q9UM82,,missing_pdb,False
Q9UMN6,,missing_pdb,False
Q9UMR3,,missing_pdb,False
Q9UMW8-2,,missing_pdb,False
Q9UMX0-4,,missing_pdb,False
Q9UMX1,,missing_pdb,False
Q9UMY1,/data/ranran/my_ptm/croton/data/structure_pipeline/pdb/Q9UMY1.pdb,exact_sequence_match,True
Q9UN30,,missing_pdb,False
Q9UN37,,missing_pdb,False
Q9UN76,,missing_pdb,False
Q9UN79,,missing_pdb,False
Q9UN81,,missing_pdb,False
Q9UN86,/data/ranran/my_ptm/croton/data/structure_pipeline/pdb/Q9UN86.pdb,exact_sequence_match,True
Q9UNA4,,missing_pdb,False
Q9UNE7,/data/ranran/my_ptm/croton/data/structure_pipeline/pdb/Q9UNE7.pdb,exact_sequence_match,True
Q9UNF1,,missing_pdb,False
Q9UNH6-3,,missing_pdb,False
Q9UNN5,/data/ranran/my_ptm/croton/data/structure_pipeline/pdb/Q9UNN5.pdb,exact_sequence_match,True
Q9UNP9-3,,missing_pdb,False
Q9UNQ2,/data/ranran/my_ptm/croton/data/structure_pipeline/pdb/Q9UNQ2.pdb,exact_sequence_match,True
Q9UNS1,,missing_pdb,False
Q9UNS2,/data/ranran/my_ptm/croton/data/structure_pipeline/pdb/Q9UNS2.pdb,exact_sequence_match,True
Q9UNX4,/data/ranran/my_ptm/croton/data/structure_pipeline/pdb/Q9UNX4.pdb,exact_sequence_match,True
Q9UNY4,/data/ranran/my_ptm/croton/data/structure_pipeline/pdb/Q9UNY4.pdb,exact_sequence_match,True
Q9UNZ2-6,,missing_pdb,False
Q9UP83-3,,missing_pdb,False
Q9UPM9,,missing_pdb,False
Q9UPN9,/data/ranran/my_ptm/croton/data/structure_pipeline/pdb/Q9UPN9.pdb,exact_sequence_match,True
Q9UPT6,,missing_pdb,False
Q9UPT9,/data/ranran/my_ptm/croton/data/structure_pipeline/pdb/Q9UPT9.pdb,exact_sequence_match,True
Q9UPU5,/data/ranran/my_ptm/croton/data/structure_pipeline/pdb/Q9UPU5.pdb,exact_sequence_match,True
Q9UPV0,,missing_pdb,False
Q9UPV7,,missing_pdb,False
Q9UPW0,,missing_pdb,False
Q9UPW8,,missing_pdb,False
Q9UPX8,,missing_pdb,False
Q9UPY3-2,,missing_pdb,False
Q9UPY6-2,,missing_pdb,False
Q9UPZ9,,missing_pdb,False
Q9UQ07,,missing_pdb,False
Q9UQ35,,missing_pdb,False
Q9UQ49,,missing_pdb,False
Q9UQ80,/data/ranran/my_ptm/croton/data/structure_pipeline/pdb/Q9UQ80.pdb,exact_sequence_match,True
Q9UQ84,,missing_pdb,False
Q9UQE7,/data/ranran/my_ptm/croton/data/structure_pipeline/pdb/Q9UQE7.pdb,exact_sequence_match,True
Q9UQK1,,missing_pdb,False
Q9UQL6-3,,missing_pdb,False
Q9UQR0,,missing_pdb,False
Q9VHA0,,missing_pdb,False
Q9VLH8,,missing_pdb,False
Q9XI90,,missing_pdb,False
Q9Y217,/data/ranran/my_ptm/croton/data/structure_pipeline/pdb/Q9Y217.pdb,exact_sequence_match,True
Q9Y221,/data/ranran/my_ptm/croton/data/structure_pipeline/pdb/Q9Y221.pdb,exact_sequence_match,True
Q9Y222-5,,missing_pdb,False
Q9Y223,/data/ranran/my_ptm/croton/data/structure_pipeline/pdb/Q9Y223.pdb,exact_sequence_match,True
Q9Y224,/data/ranran/my_ptm/croton/data/structure_pipeline/pdb/Q9Y224.pdb,exact_sequence_match,True
Q9Y230,/data/ranran/my_ptm/croton/data/structure_pipeline/pdb/Q9Y230.pdb,exact_sequence_match,True
Q9Y232-2,,missing_pdb,False
Q9Y244,,missing_pdb,False
Q9Y248,/data/ranran/my_ptm/croton/data/structure_pipeline/pdb/Q9Y248.pdb,exact_sequence_match,True
Q9Y253,,missing_pdb,False
Q9Y255,/data/ranran/my_ptm/croton/data/structure_pipeline/pdb/Q9Y255.pdb,exact_sequence_match,True
Q9Y263,/data/ranran/my_ptm/croton/data/structure_pipeline/pdb/Q9Y263.pdb,exact_sequence_match,True
Q9Y266,/data/ranran/my_ptm/croton/data/structure_pipeline/pdb/Q9Y266.pdb,exact_sequence_match,True
Q9Y276,,missing_pdb,False
Q9Y282,/data/ranran/my_ptm/croton/data/structure_pipeline/pdb/Q9Y282.pdb,exact_sequence_match,True
Q9Y283-2,,missing_pdb,False
Q9Y285,/data/ranran/my_ptm/croton/data/structure_pipeline/pdb/Q9Y285.pdb,exact_sequence_match,True
Q9Y287-2,,missing_pdb,False
Q9Y295,/data/ranran/my_ptm/croton/data/structure_pipeline/pdb/Q9Y295.pdb,exact_sequence_match,True
Q9Y296,,missing_pdb,False
Q9Y2C5,,missing_pdb,False
Q9Y2D1,,missing_pdb,False
Q9Y2D5,,missing_pdb,False
Q9Y2D8-2,,missing_pdb,False
Q9Y2F5,,missing_pdb,False
Q9Y2F9,,missing_pdb,False
Q9Y2G9,,missing_pdb,False
Q9Y2H0,,missing_pdb,False
Q9Y2H0-3,,missing_pdb,False
Q9Y2H6,/data/ranran/my_ptm/croton/data/structure_pipeline/pdb/Q9Y2H6.pdb,exact_sequence_match,True
Q9Y2I7,,missing_pdb,False
Q9Y2J2,/data/ranran/my_ptm/croton/data/structure_pipeline/pdb/Q9Y2J2.pdb,exact_sequence_match,True
Q9Y2J4,,missing_pdb,False
Q9Y2K1,,missing_pdb,False
Q9Y2K2,,missing_pdb,False
Q9Y2L1,/data/ranran/my_ptm/croton/data/structure_pipeline/pdb/Q9Y2L1.pdb,exact_sequence_match,True
Q9Y2L6,,missing_pdb,False
Q9Y2M0,,missing_pdb,False
Q9Y2P0,,missing_pdb,False
Q9Y2P4,,missing_pdb,False
Q9Y2P8,,missing_pdb,False
Q9Y2R4,,missing_pdb,False
Q9Y2R9,/data/ranran/my_ptm/croton/data/structure_pipeline/pdb/Q9Y2R9.pdb,exact_sequence_match,True
Q9Y2S6,,missing_pdb,False
Q9Y2T3,/data/ranran/my_ptm/croton/data/structure_pipeline/pdb/Q9Y2T3.pdb,exact_sequence_match,True
Q9Y2U5,,missing_pdb,False
Q9Y2U8,,missing_pdb,False
Q9Y2U9,,missing_pdb,False
Q9Y2W1,/data/ranran/my_ptm/croton/data/structure_pipeline/pdb/Q9Y2W1.pdb,exact_sequence_match,True
Q9Y2W2,/data/ranran/my_ptm/croton/data/structure_pipeline/pdb/Q9Y2W2.pdb,exact_sequence_match,True
Q9Y2W7,,missing_pdb,False
Q9Y2X0,/data/ranran/my_ptm/croton/data/structure_pipeline/pdb/Q9Y2X0.pdb,exact_sequence_match,True
Q9Y2X9,,missing_pdb,False
Q9Y2Y0,,missing_pdb,False
Q9Y2Y9,,missing_pdb,False
Q9Y2Z0,/data/ranran/my_ptm/croton/data/structure_pipeline/pdb/Q9Y2Z0.pdb,exact_sequence_match,True
Q9Y2Z2,,missing_pdb,False
Q9Y303,,missing_pdb,False
Q9Y316,/data/ranran/my_ptm/croton/data/structure_pipeline/pdb/Q9Y316.pdb,exact_sequence_match,True
Q9Y330,,missing_pdb,False
Q9Y366,,missing_pdb,False
Q9Y383,/data/ranran/my_ptm/croton/data/structure_pipeline/pdb/Q9Y383.pdb,exact_sequence_match,True
Q9Y388,,missing_pdb,False
Q9Y399,/data/ranran/my_ptm/croton/data/structure_pipeline/pdb/Q9Y399.pdb,exact_sequence_match,True
Q9Y3A2,/data/ranran/my_ptm/croton/data/structure_pipeline/pdb/Q9Y3A2.pdb,exact_sequence_match,True
Q9Y3A4,/data/ranran/my_ptm/croton/data/structure_pipeline/pdb/Q9Y3A4.pdb,exact_sequence_match,True
Q9Y3A6,,missing_pdb,False
Q9Y3B2,/data/ranran/my_ptm/croton/data/structure_pipeline/pdb/Q9Y3B2.pdb,exact_sequence_match,True
Q9Y3B4,/data/ranran/my_ptm/croton/data/structure_pipeline/pdb/Q9Y3B4.pdb,exact_sequence_match,True
Q9Y3B8-3,,missing_pdb,False
Q9Y3B9,/data/ranran/my_ptm/croton/data/structure_pipeline/pdb/Q9Y3B9.pdb,exact_sequence_match,True
Q9Y3C1,/data/ranran/my_ptm/croton/data/structure_pipeline/pdb/Q9Y3C1.pdb,exact_sequence_match,True
Q9Y3C1-2,,missing_pdb,False
Q9Y3C4,,missing_pdb,False
Q9Y3D0,/data/ranran/my_ptm/croton/data/structure_pipeline/pdb/Q9Y3D0.pdb,exact_sequence_match,True
Q9Y3D8,/data/ranran/my_ptm/croton/data/structure_pipeline/pdb/Q9Y3D8.pdb,exact_sequence_match,True
Q9Y3F4,/data/ranran/my_ptm/croton/data/structure_pipeline/pdb/Q9Y3F4.pdb,exact_sequence_match,True
Q9Y3I0,/data/ranran/my_ptm/croton/data/structure_pipeline/pdb/Q9Y3I0.pdb,exact_sequence_match,True
Q9Y3P9,/data/ranran/my_ptm/croton/data/structure_pipeline/pdb/Q9Y3P9.pdb,exact_sequence_match,True
Q9Y3Q0,,missing_pdb,False
Q9Y3S2,,missing_pdb,False
Q9Y3T9,/data/ranran/my_ptm/croton/data/structure_pipeline/pdb/Q9Y3T9.pdb,exact_sequence_match,True
Q9Y3U8,/data/ranran/my_ptm/croton/data/structure_pipeline/pdb/Q9Y3U8.pdb,exact_sequence_match,True
Q9Y3Y2,/data/ranran/my_ptm/croton/data/structure_pipeline/pdb/Q9Y3Y2.pdb,exact_sequence_match,True
Q9Y3Z3,/data/ranran/my_ptm/croton/data/structure_pipeline/pdb/Q9Y3Z3.pdb,exact_sequence_match,True
Q9Y450,/data/ranran/my_ptm/croton/data/structure_pipeline/pdb/Q9Y450.pdb,exact_sequence_match,True
Q9Y450-2,,missing_pdb,False
Q9Y463-2,,missing_pdb,False
Q9Y484,,missing_pdb,False
Q9Y4A5,,missing_pdb,False
Q9Y4B4,,missing_pdb,False
Q9Y4B6,,missing_pdb,False
Q9Y4C1,,missing_pdb,False
Q9Y4C2,/data/ranran/my_ptm/croton/data/structure_pipeline/pdb/Q9Y4C2.pdb,exact_sequence_match,True
Q9Y4C8,/data/ranran/my_ptm/croton/data/structure_pipeline/pdb/Q9Y4C8.pdb,exact_sequence_match,True
Q9Y4D1-3,,missing_pdb,False
Q9Y4E5,,missing_pdb,False
Q9Y4E5-4,,missing_pdb,False
Q9Y4G6,/data/ranran/my_ptm/croton/data/structure_pipeline/pdb/Q9Y4G6.pdb,exact_sequence_match,True
Q9Y4I5,,missing_pdb,False
Q9Y4K0,,missing_pdb,False
Q9Y4K3,,missing_pdb,False
Q9Y4P3,/data/ranran/my_ptm/croton/data/structure_pipeline/pdb/Q9Y4P3.pdb,exact_sequence_match,True
Q9Y4P8-6,,missing_pdb,False
Q9Y4R8,,missing_pdb,False
Q9Y4U1,,missing_pdb,False
Q9Y4W2,/data/ranran/my_ptm/croton/data/structure_pipeline/pdb/Q9Y4W2.pdb,exact_sequence_match,True
Q9Y4X0,,missing_pdb,False
Q9Y4X4,,missing_pdb,False
Q9Y4Z0,/data/ranran/my_ptm/croton/data/structure_pipeline/pdb/Q9Y4Z0.pdb,exact_sequence_match,True
Q9Y512,/data/ranran/my_ptm/croton/data/structure_pipeline/pdb/Q9Y512.pdb,exact_sequence_match,True
Q9Y520,,missing_pdb,False
Q9Y530,,missing_pdb,False
Q9Y535-2,,missing_pdb,False
Q9Y546,,missing_pdb,False
Q9Y547,,missing_pdb,False
Q9Y570,/data/ranran/my_ptm/croton/data/structure_pipeline/pdb/Q9Y570.pdb,exact_sequence_match,True
Q9Y573,,missing_pdb,False
Q9Y575,,missing_pdb,False
Q9Y580,,missing_pdb,False
Q9Y592,,missing_pdb,False
Q9Y5B0,,missing_pdb,False
Q9Y5B6,/data/ranran/my_ptm/croton/data/structure_pipeline/pdb/Q9Y5B6.pdb,exact_sequence_match,True
Q9Y5B8,,missing_pdb,False
Q9Y5B9,/data/ranran/my_ptm/croton/data/structure_pipeline/pdb/Q9Y5B9.pdb,exact_sequence_match,True
Q9Y5H9-2,,missing_pdb,False
Q9Y5J1,/data/ranran/my_ptm/croton/data/structure_pipeline/pdb/Q9Y5J1.pdb,exact_sequence_match,True
Q9Y5J5,,missing_pdb,False
Q9Y5K8,,missing_pdb,False
Q9Y5N6,/data/ranran/my_ptm/croton/data/structure_pipeline/pdb/Q9Y5N6.pdb,exact_sequence_match,True
Q9Y5P3-2,,missing_pdb,False
Q9Y5P6,,missing_pdb,False
Q9Y5Q8,/data/ranran/my_ptm/croton/data/structure_pipeline/pdb/Q9Y5Q8.pdb,exact_sequence_match,True
Q9Y5Q9,/data/ranran/my_ptm/croton/data/structure_pipeline/pdb/Q9Y5Q9.pdb,exact_sequence_match,True
Q9Y5R6-2,,missing_pdb,False
Q9Y5R8,,missing_pdb,False
Q9Y5S2,,missing_pdb,False
Q9Y5S9,,missing_pdb,False
Q9Y5T5,/data/ranran/my_ptm/croton/data/structure_pipeline/pdb/Q9Y5T5.pdb,exact_sequence_match,True
Q9Y5T5-5,,missing_pdb,False
Q9Y5V3,,missing_pdb,False
Q9Y5X2,,missing_pdb,False
Q9Y5X9,,missing_pdb,False
Q9Y5Y2,,missing_pdb,False
Q9Y5Z4,,missing_pdb,False
Q9Y5Z7,,missing_pdb,False
Q9Y606,/data/ranran/my_ptm/croton/data/structure_pipeline/pdb/Q9Y606.pdb,exact_sequence_match,True
Q9Y608,/data/ranran/my_ptm/croton/data/structure_pipeline/pdb/Q9Y608.pdb,exact_sequence_match,True
Q9Y613,,missing_pdb,False
Q9Y614,,missing_pdb,False
Q9Y616-2,,missing_pdb,False
Q9Y617,/data/ranran/my_ptm/croton/data/structure_pipeline/pdb/Q9Y617.pdb,exact_sequence_match,True
Q9Y618,,missing_pdb,False
Q9Y620,,missing_pdb,False
Q9Y625,,missing_pdb,False
Q9Y657,,missing_pdb,False
Q9Y664,,missing_pdb,False
Q9Y676,/data/ranran/my_ptm/croton/data/structure_pipeline/pdb/Q9Y676.pdb,exact_sequence_match,True
Q9Y692,,missing_pdb,False
Q9Y696,/data/ranran/my_ptm/croton/data/structure_pipeline/pdb/Q9Y696.pdb,exact_sequence_match,True
Q9Y697,,missing_pdb,False
Q9Y6A5,/data/ranran/my_ptm/croton/data/structure_pipeline/pdb/Q9Y6A5.pdb,exact_sequence_match,True
Q9Y6B2,,missing_pdb,False
Q9Y6B7,,missing_pdb,False
Q9Y6D6,/data/ranran/my_ptm/croton/data/structure_pipeline/pdb/Q9Y6D6.pdb,exact_sequence_match,True
Q9Y6D9,/data/ranran/my_ptm/croton/data/structure_pipeline/pdb/Q9Y6D9.pdb,exact_sequence_match,True
Q9Y6G9,/data/ranran/my_ptm/croton/data/structure_pipeline/pdb/Q9Y6G9.pdb,exact_sequence_match,True
Q9Y6I4,,missing_pdb,False
Q9Y6J0,,missing_pdb,False
Q9Y6J9,,missing_pdb,False
Q9Y6K1,,missing_pdb,False
Q9Y6K5,/data/ranran/my_ptm/croton/data/structure_pipeline/pdb/Q9Y6K5.pdb,exact_sequence_match,True
Q9Y6K9,/data/ranran/my_ptm/croton/data/structure_pipeline/pdb/Q9Y6K9.pdb,exact_sequence_match,True
Q9Y6M4-3,,missing_pdb,False
Q9Y6M9,/data/ranran/my_ptm/croton/data/structure_pipeline/pdb/Q9Y6M9.pdb,exact_sequence_match,True
Q9Y6N1,,missing_pdb,False
Q9Y6N9-2,,missing_pdb,False
Q9Y6N9-5,,missing_pdb,False
Q9Y6R9-2,,missing_pdb,False
Q9Y6V0,,missing_pdb,False
Q9Y6W3,,missing_pdb,False
Q9Y6W5-2,,missing_pdb,False
Q9Y6W6,,missing_pdb,False
Q9Y6X0,,missing_pdb,False
Q9Y6X9,/data/ranran/my_ptm/croton/data/structure_pipeline/pdb/Q9Y6X9.pdb,exact_sequence_match,True
Q9Y6Y0,/data/ranran/my_ptm/croton/data/structure_pipeline/pdb/Q9Y6Y0.pdb,exact_sequence_match,True
Q9Y6Y1-2,,missing_pdb,False
Q9Y6Y8,/data/ranran/my_ptm/croton/data/structure_pipeline/pdb/Q9Y6Y8.pdb,exact_sequence_match,True
Q9Y6Y9-2,,missing_pdb,False
R4GMM6,,missing_pdb,False
R4GMN1,,missing_pdb,False
R4GMU7,,missing_pdb,False
R4GMX3,,missing_pdb,False
R4GND3,,missing_pdb,False
S4R2P9,,missing_pdb,False
S4R329,,missing_pdb,False
S4R337,,missing_pdb,False
S4R344,,missing_pdb,False
S4R3E2,,missing_pdb,False
S4R3E9,,missing_pdb,False
S4R3H6,,missing_pdb,False
S4R3K3,,missing_pdb,False
S4R3K6,,missing_pdb,False
S4R3N1,,missing_pdb,False
S4R3P4,,missing_pdb,False
S4R3Q6,,missing_pdb,False
S4R3Q7,,missing_pdb,False
S4R3X9,,missing_pdb,False
S4R446,,missing_pdb,False
S5FZ81,,missing_pdb,False
U3KPR7,,missing_pdb,False
U3KQ03,,missing_pdb,False
U3KQ31,,missing_pdb,False
U3KQ49,,missing_pdb,False
U3KQ53,,missing_pdb,False
U3KQ56,,missing_pdb,False
U3KQ90,,missing_pdb,False
U3KQG0,,missing_pdb,False
V9GY01,,missing_pdb,False
V9GY66,,missing_pdb,False
V9GY69,,missing_pdb,False
V9GY71,,missing_pdb,False
V9GYJ9,,missing_pdb,False
V9GYR6,,missing_pdb,False
V9GYT8,,missing_pdb,False
V9GZ20,,missing_pdb,False
V9GZ40,,missing_pdb,False
V9GZ55,,missing_pdb,False
W0S4B9,,missing_pdb,False
W4VSQ7,,missing_pdb,False
W4VSQ9,,missing_pdb,False
X5CMH5,,missing_pdb,False
X6R3U4,,missing_pdb,False
X6R631,,missing_pdb,False
X6R9U5,,missing_pdb,False
X6RDN0,,missing_pdb,False
X6RHF8,,missing_pdb,False
X6RI37,,missing_pdb,False
X6RM59,,missing_pdb,False
