protein,pdb_path,reason,valid
A0A024AX02,,missing_pdb,False
A0A059TCM2,,missing_pdb,False
A0A059XID0,,missing_pdb,False
A0A067YF53,,missing_pdb,False
A0A068JD95,,missing_pdb,False
A0A075EYP9,,missing_pdb,False
A0A075EYT9,,missing_pdb,False
A0A075F1U0,,missing_pdb,False
A0A075F2G1,,missing_pdb,False
A0A075F2G5,,missing_pdb,False
A0A075F2H1,,missing_pdb,False
A0A075F933,,missing_pdb,False
A0A075M5Q4,,missing_pdb,False
A0A075QVP3,,missing_pdb,False
A0A075TQC9,,missing_pdb,False
A0A075TQJ2,,missing_pdb,False
A0A075TQP1,,missing_pdb,False
A0A075TQR7,,missing_pdb,False
A0A075TXC2,,missing_pdb,False
A0A076FNH2,,missing_pdb,False
A0A076FNJ9,,missing_pdb,False
A0A076FQ17,,missing_pdb,False
A0A076FU21,,missing_pdb,False
A0A076KWG2,,missing_pdb,False
A0A076KWG3,,missing_pdb,False
A0A076KWG4,,missing_pdb,False
A0A076KWG9,,missing_pdb,False
A0A076KX89,,missing_pdb,False
A0A077D7Q3,,missing_pdb,False
A0A077D830,,missing_pdb,False
A0A077D9N5,,missing_pdb,False
A0A077D9P5,,missing_pdb,False
A0A077DBL2,,missing_pdb,False
A0A077DCK3,,missing_pdb,False
A0A077DCL2,,missing_pdb,False
A0A077DCL8,,missing_pdb,False
A0A097BTV9,,missing_pdb,False
A0A097BTX2,,missing_pdb,False
A0A097BU08,,missing_pdb,False
A0A0A8J4Z6,,missing_pdb,False
A0A0A8JBT3,,missing_pdb,False
A0A0A8WJH5,,missing_pdb,False
A0A0C4FST8,,missing_pdb,False
A0A0D5BEQ6,,missing_pdb,False
A0A0E3XCA8,,missing_pdb,False
A0A0F7R4E4,,missing_pdb,False
A0A0K0XR75,,missing_pdb,False
A0A0K0XR76,,missing_pdb,False
A0A0N7CV06,,missing_pdb,False
A0A0P0XB70,,missing_pdb,False
A0A0R4WFE4,,missing_pdb,False
A0A0R4WFE9,,missing_pdb,False
A0A0R4WFW8,,missing_pdb,False
A0A139ZSG9,,missing_pdb,False
A0A286QXV9,,missing_pdb,False
A0A2L0V7Q6,,missing_pdb,False
A0A344TAZ2,,missing_pdb,False
A0A411G176,,missing_pdb,False
A0A481ZEN8,,missing_pdb,False
A0A494WEP4,,missing_pdb,False
A0A4S4CV49,,missing_pdb,False
A0A4S4CVE7,,missing_pdb,False
A0A4S4CVJ1,,missing_pdb,False
A0A4S4CVM2,,missing_pdb,False
A0A4S4CWN9,,missing_pdb,False
A0A4S4CWV3,,missing_pdb,False
A0A4S4CXD1,,missing_pdb,False
A0A4S4CXX3,,missing_pdb,False
A0A4S4CY02,,missing_pdb,False
A0A4S4CY30,,missing_pdb,False
A0A4S4CY48,,missing_pdb,False
A0A4S4CY71,,missing_pdb,False
A0A4S4CYI1,,missing_pdb,False
A0A4S4CYI8,,missing_pdb,False
A0A4S4CYP9,,missing_pdb,False
A0A4S4CYX9,,missing_pdb,False
A0A4S4CZ69,,missing_pdb,False
A0A4S4CZ71,,missing_pdb,False
A0A4S4CZD6,,missing_pdb,False
A0A4S4CZH9,,missing_pdb,False
A0A4S4CZJ7,,missing_pdb,False
A0A4S4CZJ8,,missing_pdb,False
A0A4S4CZQ6,,missing_pdb,False
A0A4S4CZU9,,missing_pdb,False
A0A4S4CZV9,,missing_pdb,False
A0A4S4CZW7,,missing_pdb,False
A0A4S4CZZ6,,missing_pdb,False
A0A4S4D005,,missing_pdb,False
A0A4S4D028,,missing_pdb,False
A0A4S4D038,,missing_pdb,False
A0A4S4D0A9,,missing_pdb,False
A0A4S4D0B2,,missing_pdb,False
A0A4S4D0D1,,missing_pdb,False
A0A4S4D0F6,,missing_pdb,False
A0A4S4D0J1,,missing_pdb,False
A0A4S4D0P4,,missing_pdb,False
A0A4S4D0R6,,missing_pdb,False
A0A4S4D0S4,,missing_pdb,False
A0A4S4D0S7,,missing_pdb,False
A0A4S4D0U0,,missing_pdb,False
A0A4S4D0V9,,missing_pdb,False
A0A4S4D0W2,,missing_pdb,False
A0A4S4D188,,missing_pdb,False
A0A4S4D1B4,,missing_pdb,False
A0A4S4D1D0,,missing_pdb,False
A0A4S4D1J3,,missing_pdb,False
A0A4S4D1L2,,missing_pdb,False
A0A4S4D1N3,,missing_pdb,False
A0A4S4D1Q1,,missing_pdb,False
A0A4S4D1Q9,,missing_pdb,False
A0A4S4D1S9,,missing_pdb,False
A0A4S4D1X1,,missing_pdb,False
A0A4S4D1Z2,,missing_pdb,False
A0A4S4D217,,missing_pdb,False
A0A4S4D258,,missing_pdb,False
A0A4S4D275,,missing_pdb,False
A0A4S4D2B9,,missing_pdb,False
A0A4S4D2K4,,missing_pdb,False
A0A4S4D2K8,,missing_pdb,False
A0A4S4D2M5,,missing_pdb,False
A0A4S4D2P9,,missing_pdb,False
A0A4S4D324,,missing_pdb,False
A0A4S4D327,,missing_pdb,False
A0A4S4D367,,missing_pdb,False
A0A4S4D3B3,,missing_pdb,False
A0A4S4D3C1,,missing_pdb,False
A0A4S4D3D1,,missing_pdb,False
A0A4S4D3H7,,missing_pdb,False
A0A4S4D3L0,,missing_pdb,False
A0A4S4D3L2,,missing_pdb,False
A0A4S4D3L3,,missing_pdb,False
A0A4S4D3P8,,missing_pdb,False
A0A4S4D3T3,,missing_pdb,False
A0A4S4D3V4,,missing_pdb,False
A0A4S4D435,,missing_pdb,False
A0A4S4D486,,missing_pdb,False
A0A4S4D4C3,,missing_pdb,False
A0A4S4D4E2,,missing_pdb,False
A0A4S4D4F1,,missing_pdb,False
A0A4S4D4G9,,missing_pdb,False
A0A4S4D4H7,,missing_pdb,False
A0A4S4D4P5,,missing_pdb,False
A0A4S4D4W8,,missing_pdb,False
A0A4S4D4X7,,missing_pdb,False
A0A4S4D4Y1,,missing_pdb,False
A0A4S4D4Y6,,missing_pdb,False
A0A4S4D507,,missing_pdb,False
A0A4S4D544,,missing_pdb,False
A0A4S4D552,,missing_pdb,False
A0A4S4D561,,missing_pdb,False
A0A4S4D562,,missing_pdb,False
A0A4S4D575,,missing_pdb,False
A0A4S4D5K6,,missing_pdb,False
A0A4S4D5N4,,missing_pdb,False
A0A4S4D5R8,,missing_pdb,False
A0A4S4D5S4,,missing_pdb,False
A0A4S4D5U7,,missing_pdb,False
A0A4S4D5Y2,,missing_pdb,False
A0A4S4D615,,missing_pdb,False
A0A4S4D617,,missing_pdb,False
A0A4S4D633,,missing_pdb,False
A0A4S4D657,,missing_pdb,False
A0A4S4D659,,missing_pdb,False
A0A4S4D668,,missing_pdb,False
A0A4S4D677,,missing_pdb,False
A0A4S4D678,,missing_pdb,False
A0A4S4D6A5,,missing_pdb,False
A0A4S4D6C0,,missing_pdb,False
A0A4S4D6D8,,missing_pdb,False
A0A4S4D6G0,,missing_pdb,False
A0A4S4D6H0,,missing_pdb,False
A0A4S4D6I0,,missing_pdb,False
A0A4S4D6K0,,missing_pdb,False
A0A4S4D6K1,,missing_pdb,False
A0A4S4D6K3,,missing_pdb,False
A0A4S4D6N2,,missing_pdb,False
A0A4S4D6R7,,missing_pdb,False
A0A4S4D702,,missing_pdb,False
A0A4S4D709,,missing_pdb,False
A0A4S4D713,,missing_pdb,False
A0A4S4D722,,missing_pdb,False
A0A4S4D784,,missing_pdb,False
A0A4S4D7B2,,missing_pdb,False
A0A4S4D7B4,,missing_pdb,False
A0A4S4D7I0,,missing_pdb,False
A0A4S4D7K5,,missing_pdb,False
A0A4S4D7Q0,,missing_pdb,False
A0A4S4D850,,missing_pdb,False
A0A4S4D872,,missing_pdb,False
A0A4S4D8A3,,missing_pdb,False
A0A4S4D8B7,,missing_pdb,False
A0A4S4D8E9,,missing_pdb,False
A0A4S4D8F7,,missing_pdb,False
A0A4S4D8G5,,missing_pdb,False
A0A4S4D8K0,,missing_pdb,False
A0A4S4D8U8,,missing_pdb,False
A0A4S4D8V5,,missing_pdb,False
A0A4S4D8Z5,,missing_pdb,False
A0A4S4D907,,missing_pdb,False
A0A4S4D941,,missing_pdb,False
A0A4S4D969,,missing_pdb,False
A0A4S4D972,,missing_pdb,False
A0A4S4D999,,missing_pdb,False
A0A4S4D9F2,,missing_pdb,False
A0A4S4D9I8,,missing_pdb,False
A0A4S4D9T6,,missing_pdb,False
A0A4S4D9V2,,missing_pdb,False
A0A4S4D9Y7,,missing_pdb,False
A0A4S4DAF5,,missing_pdb,False
A0A4S4DAJ3,,missing_pdb,False
A0A4S4DAJ4,,missing_pdb,False
A0A4S4DAU5,,missing_pdb,False
A0A4S4DAU7,,missing_pdb,False
A0A4S4DB60,,missing_pdb,False
A0A4S4DB67,,missing_pdb,False
A0A4S4DB72,,missing_pdb,False
A0A4S4DBG1,,missing_pdb,False
A0A4S4DBH0,,missing_pdb,False
A0A4S4DBL4,,missing_pdb,False
A0A4S4DBL9,,missing_pdb,False
A0A4S4DBN3,,missing_pdb,False
A0A4S4DBY2,,missing_pdb,False
A0A4S4DC31,,missing_pdb,False
A0A4S4DC46,,missing_pdb,False
A0A4S4DCB6,,missing_pdb,False
A0A4S4DCF0,,missing_pdb,False
A0A4S4DCF4,,missing_pdb,False
A0A4S4DCJ0,,missing_pdb,False
A0A4S4DCJ6,,missing_pdb,False
A0A4S4DCJ7,,missing_pdb,False
A0A4S4DCK2,,missing_pdb,False
A0A4S4DCL2,,missing_pdb,False
A0A4S4DCL7,,missing_pdb,False
A0A4S4DCL8,,missing_pdb,False
A0A4S4DCN6,,missing_pdb,False
A0A4S4DCP9,,missing_pdb,False
A0A4S4DCW9,,missing_pdb,False
A0A4S4DD92,,missing_pdb,False
A0A4S4DDC5,,missing_pdb,False
A0A4S4DDD7,,missing_pdb,False
A0A4S4DDF0,,missing_pdb,False
A0A4S4DDG7,,missing_pdb,False
A0A4S4DDH5,,missing_pdb,False
A0A4S4DDL2,,missing_pdb,False
A0A4S4DDN7,,missing_pdb,False
A0A4S4DDP2,,missing_pdb,False
A0A4S4DDU4,,missing_pdb,False
A0A4S4DE99,,missing_pdb,False
A0A4S4DEB7,,missing_pdb,False
A0A4S4DEI1,,missing_pdb,False
A0A4S4DEI3,,missing_pdb,False
A0A4S4DEX0,,missing_pdb,False
A0A4S4DEZ0,,missing_pdb,False
A0A4S4DEZ5,,missing_pdb,False
A0A4S4DF00,,missing_pdb,False
A0A4S4DF41,,missing_pdb,False
A0A4S4DF69,,missing_pdb,False
A0A4S4DF73,,missing_pdb,False
A0A4S4DF79,,missing_pdb,False
A0A4S4DFC6,,missing_pdb,False
A0A4S4DFC9,,missing_pdb,False
A0A4S4DFF7,,missing_pdb,False
A0A4S4DFG7,,missing_pdb,False
A0A4S4DFJ5,,missing_pdb,False
A0A4S4DFL2,,missing_pdb,False
A0A4S4DFU6,,missing_pdb,False
A0A4S4DFY7,,missing_pdb,False
A0A4S4DFZ1,,missing_pdb,False
A0A4S4DG20,,missing_pdb,False
A0A4S4DG24,,missing_pdb,False
A0A4S4DG33,,missing_pdb,False
A0A4S4DG49,,missing_pdb,False
A0A4S4DG61,,missing_pdb,False
A0A4S4DG89,,missing_pdb,False
A0A4S4DGB4,,missing_pdb,False
A0A4S4DGJ0,,missing_pdb,False
A0A4S4DGK4,,missing_pdb,False
A0A4S4DGS6,,missing_pdb,False
A0A4S4DGU1,,missing_pdb,False
A0A4S4DH29,,missing_pdb,False
A0A4S4DH86,,missing_pdb,False
A0A4S4DHC7,,missing_pdb,False
A0A4S4DHE6,,missing_pdb,False
A0A4S4DHF7,,missing_pdb,False
A0A4S4DHJ1,,missing_pdb,False
A0A4S4DHK8,,missing_pdb,False
A0A4S4DHP3,,missing_pdb,False
A0A4S4DHS7,,missing_pdb,False
A0A4S4DHW2,,missing_pdb,False
A0A4S4DI05,,missing_pdb,False
A0A4S4DI89,,missing_pdb,False
A0A4S4DIA3,,missing_pdb,False
A0A4S4DIC5,,missing_pdb,False
A0A4S4DIE6,,missing_pdb,False
A0A4S4DIG3,,missing_pdb,False
A0A4S4DII3,,missing_pdb,False
A0A4S4DIM7,,missing_pdb,False
A0A4S4DIW3,,missing_pdb,False
A0A4S4DIX2,,missing_pdb,False
A0A4S4DJ15,,missing_pdb,False
A0A4S4DJA7,,missing_pdb,False
A0A4S4DJA9,,missing_pdb,False
A0A4S4DJB3,,missing_pdb,False
A0A4S4DJE2,,missing_pdb,False
A0A4S4DJE3,,missing_pdb,False
A0A4S4DJN1,,missing_pdb,False
A0A4S4DJS4,,missing_pdb,False
A0A4S4DJS8,,missing_pdb,False
A0A4S4DJT7,,missing_pdb,False
A0A4S4DJU3,,missing_pdb,False
A0A4S4DJV1,,missing_pdb,False
A0A4S4DJV5,,missing_pdb,False
A0A4S4DK01,,missing_pdb,False
A0A4S4DKH7,,missing_pdb,False
A0A4S4DKM5,,missing_pdb,False
A0A4S4DKQ7,,missing_pdb,False
A0A4S4DKR5,,missing_pdb,False
A0A4S4DL11,,missing_pdb,False
A0A4S4DL91,,missing_pdb,False
A0A4S4DLA0,,missing_pdb,False
A0A4S4DLG1,,missing_pdb,False
A0A4S4DLI0,,missing_pdb,False
A0A4S4DLI4,,missing_pdb,False
A0A4S4DLK0,,missing_pdb,False
A0A4S4DLL7,,missing_pdb,False
A0A4S4DLQ4,,missing_pdb,False
A0A4S4DM63,,missing_pdb,False
A0A4S4DM67,,missing_pdb,False
A0A4S4DMF2,,missing_pdb,False
A0A4S4DMH8,,missing_pdb,False
A0A4S4DMR2,,missing_pdb,False
A0A4S4DMW8,,missing_pdb,False
A0A4S4DMY5,,missing_pdb,False
A0A4S4DMY8,,missing_pdb,False
A0A4S4DN01,,missing_pdb,False
A0A4S4DN40,,missing_pdb,False
A0A4S4DN59,,missing_pdb,False
A0A4S4DNH8,,missing_pdb,False
A0A4S4DNP9,,missing_pdb,False
A0A4S4DNZ0,,missing_pdb,False
A0A4S4DNZ2,,missing_pdb,False
A0A4S4DP62,,missing_pdb,False
A0A4S4DPB3,,missing_pdb,False
A0A4S4DPH2,,missing_pdb,False
A0A4S4DPI8,,missing_pdb,False
A0A4S4DPJ0,,missing_pdb,False
A0A4S4DPL0,,missing_pdb,False
A0A4S4DPQ5,,missing_pdb,False
A0A4S4DPR6,,missing_pdb,False
A0A4S4DPS7,,missing_pdb,False
A0A4S4DPZ3,,missing_pdb,False
A0A4S4DQ17,,missing_pdb,False
A0A4S4DQ33,,missing_pdb,False
A0A4S4DQ39,,missing_pdb,False
A0A4S4DQ76,,missing_pdb,False
A0A4S4DQ79,,missing_pdb,False
A0A4S4DQ85,,missing_pdb,False
A0A4S4DQC9,,missing_pdb,False
A0A4S4DQD2,,missing_pdb,False
A0A4S4DQE6,,missing_pdb,False
A0A4S4DQG2,,missing_pdb,False
A0A4S4DQK8,,missing_pdb,False
A0A4S4DQQ6,,missing_pdb,False
A0A4S4DQW5,,missing_pdb,False
A0A4S4DR22,,missing_pdb,False
A0A4S4DR66,,missing_pdb,False
A0A4S4DRA9,,missing_pdb,False
A0A4S4DRC7,,missing_pdb,False
A0A4S4DRD2,,missing_pdb,False
A0A4S4DRH2,,missing_pdb,False
A0A4S4DRJ7,,missing_pdb,False
A0A4S4DRK6,,missing_pdb,False
A0A4S4DRX4,,missing_pdb,False
A0A4S4DRX9,,missing_pdb,False
A0A4S4DRY0,,missing_pdb,False
A0A4S4DRZ9,,missing_pdb,False
A0A4S4DSA6,,missing_pdb,False
A0A4S4DSD7,,missing_pdb,False
A0A4S4DSH8,,missing_pdb,False
A0A4S4DSP4,,missing_pdb,False
A0A4S4DSV6,,missing_pdb,False
A0A4S4DSY2,,missing_pdb,False
A0A4S4DT47,,missing_pdb,False
A0A4S4DT72,,missing_pdb,False
A0A4S4DT88,,missing_pdb,False
A0A4S4DTD8,,missing_pdb,False
A0A4S4DTE2,,missing_pdb,False
A0A4S4DTH0,,missing_pdb,False
A0A4S4DTH5,,missing_pdb,False
A0A4S4DTI5,,missing_pdb,False
A0A4S4DTL7,,missing_pdb,False
A0A4S4DTL8,,missing_pdb,False
A0A4S4DTQ7,,missing_pdb,False
A0A4S4DTR7,,missing_pdb,False
A0A4S4DTT5,,missing_pdb,False
A0A4S4DTW8,,missing_pdb,False
A0A4S4DTZ8,,missing_pdb,False
A0A4S4DU21,,missing_pdb,False
A0A4S4DU28,,missing_pdb,False
A0A4S4DU32,,missing_pdb,False
A0A4S4DU58,,missing_pdb,False
A0A4S4DUE6,,missing_pdb,False
A0A4S4DUI5,,missing_pdb,False
A0A4S4DUJ0,,missing_pdb,False
A0A4S4DUW0,,missing_pdb,False
A0A4S4DUW1,,missing_pdb,False
A0A4S4DV07,,missing_pdb,False
A0A4S4DV36,,missing_pdb,False
A0A4S4DVF9,,missing_pdb,False
A0A4S4DVG3,,missing_pdb,False
A0A4S4DVJ4,,missing_pdb,False
A0A4S4DVJ5,,missing_pdb,False
A0A4S4DVP4,,missing_pdb,False
A0A4S4DVQ9,,missing_pdb,False
A0A4S4DVW4,,missing_pdb,False
A0A4S4DVX8,,missing_pdb,False
A0A4S4DW38,,missing_pdb,False
A0A4S4DW73,,missing_pdb,False
A0A4S4DW90,,missing_pdb,False
A0A4S4DW99,,missing_pdb,False
A0A4S4DWC4,,missing_pdb,False
A0A4S4DWF2,,missing_pdb,False
A0A4S4DWI4,,missing_pdb,False
A0A4S4DWM1,,missing_pdb,False
A0A4S4DWN4,,missing_pdb,False
A0A4S4DWQ6,,missing_pdb,False
A0A4S4DWX9,,missing_pdb,False
A0A4S4DWY0,,missing_pdb,False
A0A4S4DX04,,missing_pdb,False
A0A4S4DX15,,missing_pdb,False
A0A4S4DX38,,missing_pdb,False
A0A4S4DX42,,missing_pdb,False
A0A4S4DX56,,missing_pdb,False
A0A4S4DX58,,missing_pdb,False
A0A4S4DXB8,,missing_pdb,False
A0A4S4DXF1,,missing_pdb,False
A0A4S4DXQ8,,missing_pdb,False
A0A4S4DXX5,,missing_pdb,False
A0A4S4DXY0,,missing_pdb,False
A0A4S4DY25,,missing_pdb,False
A0A4S4DY54,,missing_pdb,False
A0A4S4DYD8,,missing_pdb,False
A0A4S4DYL0,,missing_pdb,False
A0A4S4DYL2,,missing_pdb,False
A0A4S4DYL6,,missing_pdb,False
A0A4S4DYT3,,missing_pdb,False
A0A4S4DYU7,,missing_pdb,False
A0A4S4DYX2,,missing_pdb,False
A0A4S4DZ86,,missing_pdb,False
A0A4S4DZD9,,missing_pdb,False
A0A4S4DZG0,,missing_pdb,False
A0A4S4DZH6,,missing_pdb,False
A0A4S4DZK7,,missing_pdb,False
A0A4S4DZN5,,missing_pdb,False
A0A4S4DZP0,,missing_pdb,False
A0A4S4DZS8,,missing_pdb,False
A0A4S4E021,,missing_pdb,False
A0A4S4E042,,missing_pdb,False
A0A4S4E084,,missing_pdb,False
A0A4S4E0B5,,missing_pdb,False
A0A4S4E0C9,,missing_pdb,False
A0A4S4E0F6,,missing_pdb,False
A0A4S4E0F7,,missing_pdb,False
A0A4S4E0X3,,missing_pdb,False
A0A4S4E124,,missing_pdb,False
A0A4S4E153,,missing_pdb,False
A0A4S4E1A3,,missing_pdb,False
A0A4S4E1H0,,missing_pdb,False
A0A4S4E1P8,,missing_pdb,False
A0A4S4E1Q5,,missing_pdb,False
A0A4S4E1Q8,,missing_pdb,False
A0A4S4E223,,missing_pdb,False
A0A4S4E232,,missing_pdb,False
A0A4S4E2C8,,missing_pdb,False
A0A4S4E2D2,,missing_pdb,False
A0A4S4E2E5,,missing_pdb,False
A0A4S4E2M6,,missing_pdb,False
A0A4S4E2Q3,,missing_pdb,False
A0A4S4E2Q6,,missing_pdb,False
A0A4S4E2R3,,missing_pdb,False
A0A4S4E2R4,,missing_pdb,False
A0A4S4E2V0,,missing_pdb,False
A0A4S4E2W6,,missing_pdb,False
A0A4S4E2Z9,,missing_pdb,False
A0A4S4E318,,missing_pdb,False
A0A4S4E3B8,,missing_pdb,False
A0A4S4E3Y4,,missing_pdb,False
A0A4S4E3Y9,,missing_pdb,False
A0A4S4E410,,missing_pdb,False
A0A4S4E411,,missing_pdb,False
A0A4S4E4A7,,missing_pdb,False
A0A4S4E4A8,,missing_pdb,False
A0A4S4E4H9,,missing_pdb,False
A0A4S4E4I0,,missing_pdb,False
A0A4S4E4I9,,missing_pdb,False
A0A4S4E4K6,,missing_pdb,False
A0A4S4E4M9,,missing_pdb,False
A0A4S4E4Q7,,missing_pdb,False
A0A4S4E4V7,,missing_pdb,False
A0A4S4E4X6,,missing_pdb,False
A0A4S4E511,,missing_pdb,False
A0A4S4E594,,missing_pdb,False
A0A4S4E5C9,,missing_pdb,False
A0A4S4E5G0,,missing_pdb,False
A0A4S4E5G1,,missing_pdb,False
A0A4S4E5K6,,missing_pdb,False
A0A4S4E5N6,,missing_pdb,False
A0A4S4E5T3,,missing_pdb,False
A0A4S4E683,,missing_pdb,False
A0A4S4E6D8,,missing_pdb,False
A0A4S4E6J3,,missing_pdb,False
A0A4S4E6V4,,missing_pdb,False
A0A4S4E6V8,,missing_pdb,False
A0A4S4E6Y0,,missing_pdb,False
A0A4S4E6Z2,,missing_pdb,False
A0A4S4E728,,missing_pdb,False
A0A4S4E736,,missing_pdb,False
A0A4S4E765,,missing_pdb,False
A0A4S4E782,,missing_pdb,False
A0A4S4E7R9,,missing_pdb,False
A0A4S4E7T1,,missing_pdb,False
A0A4S4E7T4,,missing_pdb,False
A0A4S4E7T7,,missing_pdb,False
A0A4S4E7U2,,missing_pdb,False
A0A4S4E7Y7,,missing_pdb,False
A0A4S4E800,,missing_pdb,False
A0A4S4E812,,missing_pdb,False
A0A4S4E848,,missing_pdb,False
A0A4S4E854,,missing_pdb,False
A0A4S4E8C1,,missing_pdb,False
A0A4S4E8F5,,missing_pdb,False
A0A4S4E8F8,,missing_pdb,False
A0A4S4E8K7,,missing_pdb,False
A0A4S4E8L5,,missing_pdb,False
A0A4S4E8X5,,missing_pdb,False
A0A4S4E8Y5,,missing_pdb,False
A0A4S4E8Y8,,missing_pdb,False
A0A4S4E906,,missing_pdb,False
A0A4S4E915,,missing_pdb,False
A0A4S4E933,,missing_pdb,False
A0A4S4E983,,missing_pdb,False
A0A4S4E998,,missing_pdb,False
A0A4S4E9D7,,missing_pdb,False
A0A4S4E9G5,,missing_pdb,False
A0A4S4E9J6,,missing_pdb,False
A0A4S4E9L7,,missing_pdb,False
A0A4S4E9P5,,missing_pdb,False
A0A4S4E9P9,,missing_pdb,False
A0A4S4E9Q3,,missing_pdb,False
A0A4S4E9T6,,missing_pdb,False
A0A4S4E9W8,,missing_pdb,False
A0A4S4EA70,,missing_pdb,False
A0A4S4EAB8,,missing_pdb,False
A0A4S4EAR2,,missing_pdb,False
A0A4S4EAX0,,missing_pdb,False
A0A4S4EAX8,,missing_pdb,False
A0A4S4EAY3,,missing_pdb,False
A0A4S4EAZ3,,missing_pdb,False
A0A4S4EB41,,missing_pdb,False
A0A4S4EB49,,missing_pdb,False
A0A4S4EB68,,missing_pdb,False
A0A4S4EB91,,missing_pdb,False
A0A4S4EBC4,,missing_pdb,False
A0A4S4EBE1,,missing_pdb,False
A0A4S4EBJ1,,missing_pdb,False
A0A4S4EBN2,,missing_pdb,False
A0A4S4EBU8,,missing_pdb,False
A0A4S4EBX4,,missing_pdb,False
A0A4S4EBY0,,missing_pdb,False
A0A4S4EBY6,,missing_pdb,False
A0A4S4EBZ6,,missing_pdb,False
A0A4S4EC68,,missing_pdb,False
A0A4S4EC90,,missing_pdb,False
A0A4S4EC91,,missing_pdb,False
A0A4S4ECB0,,missing_pdb,False
A0A4S4ECF7,,missing_pdb,False
A0A4S4ECG2,,missing_pdb,False
A0A4S4ECL6,,missing_pdb,False
A0A4S4ECS2,,missing_pdb,False
A0A4S4ED40,,missing_pdb,False
A0A4S4EDD5,,missing_pdb,False
A0A4S4EDE3,,missing_pdb,False
A0A4S4EDH1,,missing_pdb,False
A0A4S4EDK1,,missing_pdb,False
A0A4S4EDL0,,missing_pdb,False
A0A4S4EDU1,,missing_pdb,False
A0A4S4EDW3,,missing_pdb,False
A0A4S4EDW9,,missing_pdb,False
A0A4S4EDY3,,missing_pdb,False
A0A4S4EE13,,missing_pdb,False
A0A4S4EE25,,missing_pdb,False
A0A4S4EEB2,,missing_pdb,False
A0A4S4EEP3,,missing_pdb,False
A0A4S4EEV1,,missing_pdb,False
A0A4S4EEW3,,missing_pdb,False
A0A4S4EF51,,missing_pdb,False
A0A4S4EFB5,,missing_pdb,False
A0A4S4EFD5,,missing_pdb,False
A0A4S4EFH8,,missing_pdb,False
A0A4S4EFI2,,missing_pdb,False
A0A4S4EFS4,,missing_pdb,False
A0A4S4EFU0,,missing_pdb,False
A0A4S4EG98,,missing_pdb,False
A0A4S4EGB6,,missing_pdb,False
A0A4S4EGD4,,missing_pdb,False
A0A4S4EGE0,,missing_pdb,False
A0A4S4EGI6,,missing_pdb,False
A0A4S4EGK2,,missing_pdb,False
A0A4S4EGP7,,missing_pdb,False
A0A4S4EGQ4,,missing_pdb,False
A0A4S4EGQ8,,missing_pdb,False
A0A4S4EGS6,,missing_pdb,False
A0A4S4EGZ0,,missing_pdb,False
A0A4S4EH36,,missing_pdb,False
A0A4S4EH53,,missing_pdb,False
A0A4S4EH54,,missing_pdb,False
A0A4S4EHG9,,missing_pdb,False
A0A4S4EHJ1,,missing_pdb,False
A0A4S4EHK2,,missing_pdb,False
A0A4S4EHL1,,missing_pdb,False
A0A4S4EHN7,,missing_pdb,False
A0A4S4EHN8,,missing_pdb,False
A0A4S4EHS1,,missing_pdb,False
A0A4S4EI26,,missing_pdb,False
A0A4S4EI74,,missing_pdb,False
A0A4S4EI91,,missing_pdb,False
A0A4S4EI95,,missing_pdb,False
A0A4S4EIF5,,missing_pdb,False
A0A4S4EIP7,,missing_pdb,False
A0A4S4EIQ8,,missing_pdb,False
A0A4S4EIS7,,missing_pdb,False
A0A4S4EIW6,,missing_pdb,False
A0A4S4EIX2,,missing_pdb,False
A0A4S4EJ03,,missing_pdb,False
A0A4S4EJ38,,missing_pdb,False
A0A4S4EJ51,,missing_pdb,False
A0A4S4EJB6,,missing_pdb,False
A0A4S4EJI4,,missing_pdb,False
A0A4S4EJK6,,missing_pdb,False
A0A4S4EJR3,,missing_pdb,False
A0A4S4EJS3,,missing_pdb,False
A0A4S4EJV7,,missing_pdb,False
A0A4S4EJW6,,missing_pdb,False
A0A4S4EK08,,missing_pdb,False
A0A4S4EK68,,missing_pdb,False
A0A4S4EK80,,missing_pdb,False
A0A4S4EKD1,,missing_pdb,False
A0A4S4EKE9,,missing_pdb,False
A0A4S4EKF1,,missing_pdb,False
A0A4S4EKF8,,missing_pdb,False
A0A4S4EKG2,,missing_pdb,False
A0A4S4EKK7,,missing_pdb,False
A0A4S4EKM2,,missing_pdb,False
A0A4S4EKR8,,missing_pdb,False
A0A4S4EL21,,missing_pdb,False
A0A4S4EL55,,missing_pdb,False
A0A4S4EL68,,missing_pdb,False
A0A4S4EL77,,missing_pdb,False
A0A4S4EL78,,missing_pdb,False
A0A4S4EL83,,missing_pdb,False
A0A4S4ELA7,,missing_pdb,False
A0A4S4ELD8,,missing_pdb,False
A0A4S4ELI7,,missing_pdb,False
A0A4S4ELQ9,,missing_pdb,False
A0A4S4ELT2,,missing_pdb,False
A0A4S4ELW0,,missing_pdb,False
A0A4S4ELW6,,missing_pdb,False
A0A4S4EM23,,missing_pdb,False
A0A4S4EM56,,missing_pdb,False
A0A4S4EM75,,missing_pdb,False
A0A4S4EMD1,,missing_pdb,False
A0A4S4EMD7,,missing_pdb,False
A0A4S4EME3,,missing_pdb,False
A0A4S4EMV0,,missing_pdb,False
A0A4S4EMZ7,,missing_pdb,False
A0A4S4EMZ9,,missing_pdb,False
A0A4S4EN68,,missing_pdb,False
A0A4S4EN72,,missing_pdb,False
A0A4S4ENA4,,missing_pdb,False
A0A4S4ENB0,,missing_pdb,False
A0A4S4ENP4,,missing_pdb,False
A0A4S4ENU8,,missing_pdb,False
A0A4S4ENW2,,missing_pdb,False
A0A4S4ENX4,,missing_pdb,False
A0A4S4EP25,,missing_pdb,False
A0A4S4EP39,,missing_pdb,False
A0A4S4EP80,,missing_pdb,False
A0A4S4EP91,,missing_pdb,False
A0A4S4EPF5,,missing_pdb,False
A0A4S4EPI7,,missing_pdb,False
A0A4S4EPN8,,missing_pdb,False
A0A4S4EPQ8,,missing_pdb,False
A0A4S4EPU0,,missing_pdb,False
A0A4S4EPY1,,missing_pdb,False
A0A4S4EQ11,,missing_pdb,False
A0A4S4EQ31,,missing_pdb,False
A0A4S4EQ41,,missing_pdb,False
A0A4S4EQB2,,missing_pdb,False
A0A4S4EQB3,,missing_pdb,False
A0A4S4EQC2,,missing_pdb,False
A0A4S4EQH4,,missing_pdb,False
A0A4S4EQQ3,,missing_pdb,False
A0A4S4EQQ9,,missing_pdb,False
A0A4S4EQR1,,missing_pdb,False
A0A4S4EQR6,,missing_pdb,False
A0A4S4EQS0,,missing_pdb,False
A0A4S4EQX0,,missing_pdb,False
A0A4S4ER01,,missing_pdb,False
A0A4S4ER06,,missing_pdb,False
A0A4S4ER11,,missing_pdb,False
A0A4S4ER15,,missing_pdb,False
A0A4S4ER89,,missing_pdb,False
A0A4S4ERC1,,missing_pdb,False
A0A4S4ERC8,,missing_pdb,False
A0A4S4ERE9,,missing_pdb,False
A0A4S4ERK0,,missing_pdb,False
A0A4S4ERK1,,missing_pdb,False
A0A4S4ERP8,,missing_pdb,False
A0A4S4ERQ7,,missing_pdb,False
A0A4S4ERT0,,missing_pdb,False
A0A4S4ERW8,,missing_pdb,False
A0A4S4ERZ0,,missing_pdb,False
A0A4S4ES10,,missing_pdb,False
A0A4S4ES20,,missing_pdb,False
A0A4S4ES50,,missing_pdb,False
A0A4S4ES52,,missing_pdb,False
A0A4S4ES74,,missing_pdb,False
A0A4S4ES76,,missing_pdb,False
A0A4S4ES95,,missing_pdb,False
A0A4S4ES98,,missing_pdb,False
A0A4S4ESD5,,missing_pdb,False
A0A4S4ESE9,,missing_pdb,False
A0A4S4ESQ0,,missing_pdb,False
A0A4S4ESR0,,missing_pdb,False
A0A4S4ET12,,missing_pdb,False
A0A4S4ET94,,missing_pdb,False
A0A4S4ETI7,,missing_pdb,False
A0A4S4ETJ5,,missing_pdb,False
A0A4S4ETK3,,missing_pdb,False
A0A4S4ETK9,,missing_pdb,False
A0A4S4ETL0,,missing_pdb,False
A0A4S4ETP9,,missing_pdb,False
A0A4S4ETS4,,missing_pdb,False
A0A4S4ETZ8,,missing_pdb,False
A0A4S4EUC7,,missing_pdb,False
A0A4S4EUC8,,missing_pdb,False
A0A4S4EUI9,,missing_pdb,False
A0A4S4EUK0,,missing_pdb,False
A0A4S4EUK1,,missing_pdb,False
A0A4S4EUM7,,missing_pdb,False
A0A4S4EUN2,,missing_pdb,False
A0A4S4EUP1,,missing_pdb,False
A0A4S4EUR9,,missing_pdb,False
A0A4S4EUY8,,missing_pdb,False
A0A4S4EV20,,missing_pdb,False
A0A4S4EV65,,missing_pdb,False
A0A4S4EV91,,missing_pdb,False
A0A4S4EVC1,,missing_pdb,False
A0A4S4EVE4,,missing_pdb,False
A0A4S4EVF5,,missing_pdb,False
A0A4S4EVG5,,missing_pdb,False
A0A4S4EVH4,,missing_pdb,False
A0A4S4EVN7,,missing_pdb,False
A0A4S4EVP6,,missing_pdb,False
A0A4S4EVT6,,missing_pdb,False
A0A4S4EVY4,,missing_pdb,False
A0A4S4EVY5,,missing_pdb,False
A0A4S4EW35,,missing_pdb,False
A0A4S4EW54,,missing_pdb,False
A0A4S4EW65,,missing_pdb,False
A0A4S4EWB2,,missing_pdb,False
A0A4S4EWB3,,missing_pdb,False
A0A4S4EWH4,,missing_pdb,False
A0A4S4EWJ0,,missing_pdb,False
A0A4S4EWQ5,,missing_pdb,False
A0A4S4EWU9,,missing_pdb,False
A0A4S4EX05,,missing_pdb,False
A0A4S4EX08,,missing_pdb,False
A0A4S4EX24,,missing_pdb,False
A0A4S4EX40,,missing_pdb,False
A0A4S4EX92,,missing_pdb,False
A0A4S4EXA6,,missing_pdb,False
A0A4S4EXC4,,missing_pdb,False
A0A4S4EXG4,,missing_pdb,False
A0A4S4EXJ8,,missing_pdb,False
A0A4S4EXM3,,missing_pdb,False
A0A4S4EXR9,,missing_pdb,False
A0A4S4EXS5,,missing_pdb,False
A0A4S4EXT8,,missing_pdb,False
A0A4S4EY51,,missing_pdb,False
A0A4S4EY58,,missing_pdb,False
A0A4S4EYF3,,missing_pdb,False
A0A4S4EYG4,,missing_pdb,False
A0A4S4EYL4,,missing_pdb,False
A0A4S4EYL7,,missing_pdb,False
A0A4S4EYT7,,missing_pdb,False
A0A4S4EYU3,,missing_pdb,False
A0A4S4EYY1,,missing_pdb,False
A0A4S4EZF2,,missing_pdb,False
A0A4S4EZF8,,missing_pdb,False
A0A4S4EZL2,,missing_pdb,False
A0A4S4EZT7,,missing_pdb,False
A0A4S4EZT8,,missing_pdb,False
A0A4S4F045,,missing_pdb,False
A0A4S4F069,,missing_pdb,False
A0A4S4F085,,missing_pdb,False
A0A4S4F0A8,,missing_pdb,False
A0A4S4F0I4,,missing_pdb,False
A0A4S4F0J0,,missing_pdb,False
A0A4S4F0J6,,missing_pdb,False
A0A4S4F111,,missing_pdb,False
A0A4S4F115,,missing_pdb,False
A0A4S4F180,,missing_pdb,False
A0A4S4F191,,missing_pdb,False
A0A4S4F1B7,,missing_pdb,False
A0A4S4F1F8,,missing_pdb,False
A0A4S4F1G8,,missing_pdb,False
A0A4S4F1G9,,missing_pdb,False
A0A4S4F1H7,,missing_pdb,False
A0A4S4F1I2,,missing_pdb,False
A0A4S4F1N3,,missing_pdb,False
A0A4S4F1Q6,,missing_pdb,False
A0A4S4F1U4,,missing_pdb,False
A0A4S4F1V6,,missing_pdb,False
A0A4S4F1Y9,,missing_pdb,False
A0A4S4F1Z7,,missing_pdb,False
A0A4S4F209,,missing_pdb,False
A0A4S4F213,,missing_pdb,False
A0A4S4F248,,missing_pdb,False
A0A4S4F249,,missing_pdb,False
A0A4S4F285,,missing_pdb,False
A0A4S4F2G3,,missing_pdb,False
A0A4S4F356,,missing_pdb,False
A0A4S4F386,,missing_pdb,False
A0A4S4F3D5,,missing_pdb,False
A0A4S4F3M4,,missing_pdb,False
A0A4S4F3N8,,missing_pdb,False
A0A4S4F3Y3,,missing_pdb,False
A0A4S4F437,,missing_pdb,False
A0A4S4F4U0,,missing_pdb,False
A0A4S4F4Z8,,missing_pdb,False
A0A4V3WIT6,,missing_pdb,False
A0A4V3WJ05,,missing_pdb,False
A0A4V3WJ61,,missing_pdb,False
A0A4V3WJ75,,missing_pdb,False
A0A4V3WJC5,,missing_pdb,False
A0A4V3WJD9,,missing_pdb,False
A0A4V3WJI7,,missing_pdb,False
A0A4V3WJN4,,missing_pdb,False
A0A4V3WJP0,,missing_pdb,False
A0A4V3WJV3,,missing_pdb,False
A0A4V3WJV5,,missing_pdb,False
A0A4V3WJX5,,missing_pdb,False
A0A4V3WJX9,,missing_pdb,False
A0A4V3WJY1,,missing_pdb,False
A0A4V3WJY2,,missing_pdb,False
A0A4V3WJZ5,,missing_pdb,False
A0A4V3WK32,,missing_pdb,False
A0A4V3WK35,,missing_pdb,False
A0A4V3WK44,,missing_pdb,False
A0A4V3WK48,,missing_pdb,False
A0A4V3WK75,,missing_pdb,False
A0A4V3WK79,,missing_pdb,False
A0A4V3WKG0,,missing_pdb,False
A0A4V3WKN9,,missing_pdb,False
A0A4V3WKP2,,missing_pdb,False
A0A4V3WKQ0,,missing_pdb,False
A0A4V3WKQ4,,missing_pdb,False
A0A4V3WKS0,,missing_pdb,False
A0A4V3WKW9,,missing_pdb,False
A0A4V3WKZ6,,missing_pdb,False
A0A4V3WL19,,missing_pdb,False
A0A4V3WL53,,missing_pdb,False
A0A4V3WL55,,missing_pdb,False
A0A4V3WL61,,missing_pdb,False
A0A4V3WLC1,,missing_pdb,False
A0A4V3WLD1,,missing_pdb,False
A0A4V3WLD5,,missing_pdb,False
A0A4V3WLE2,,missing_pdb,False
A0A4V3WLI2,,missing_pdb,False
A0A4V3WLK0,,missing_pdb,False
A0A4V3WLK5,,missing_pdb,False
A0A4V3WLV3,,missing_pdb,False
A0A4V3WM50,,missing_pdb,False
A0A4V3WM57,,missing_pdb,False
A0A4V3WMA2,,missing_pdb,False
A0A4V3WMC2,,missing_pdb,False
A0A4V3WMG5,,missing_pdb,False
A0A4V3WMJ6,,missing_pdb,False
A0A4V3WMQ1,,missing_pdb,False
A0A4V3WMR6,,missing_pdb,False
A0A4V3WMS4,,missing_pdb,False
A0A4V3WMU6,,missing_pdb,False
A0A4V3WN56,,missing_pdb,False
A0A4V3WNA3,,missing_pdb,False
A0A4V3WNB8,,missing_pdb,False
A0A4V3WND0,,missing_pdb,False
A0A4V3WNJ3,,missing_pdb,False
A0A4V3WNN1,,missing_pdb,False
A0A4V3WNX4,,missing_pdb,False
A0A4V3WP47,,missing_pdb,False
A0A4V3WPC5,,missing_pdb,False
A0A4V3WPI8,,missing_pdb,False
A0A4V3WPP9,,missing_pdb,False
A0A4V3WPX1,,missing_pdb,False
A0A4V3WQ74,,missing_pdb,False
A0A4V3WQ75,,missing_pdb,False
A0A4V3WQ88,,missing_pdb,False
A0A4V3WQ95,,missing_pdb,False
A0A4V3WQA1,,missing_pdb,False
A0A4V3WQD1,,missing_pdb,False
A0A4V3WQS3,,missing_pdb,False
A0A4V3WQZ7,,missing_pdb,False
A0A4V6RXZ5,,missing_pdb,False
A0A4V6RY28,,missing_pdb,False
A0A4V6RY36,,missing_pdb,False
A0A4V6RY39,,missing_pdb,False
A0A4V6RY79,,missing_pdb,False
A0A4V6RYD9,,missing_pdb,False
A0A4V6RYE4,,missing_pdb,False
A0A4V6RYI5,,missing_pdb,False
A0A4V6RYN3,,missing_pdb,False
A0A9R6,,missing_pdb,False
A0AV96,,missing_pdb,False
A0MZ66,/data/ranran/my_ptm/croton/data/structure_pipeline/pdb/A0MZ66.pdb,exact_sequence_match,True
A1L0T0,/data/ranran/my_ptm/croton/data/structure_pipeline/pdb/A1L0T0.pdb,exact_sequence_match,True
A1XEK2,,missing_pdb,False
A1XEL3,,missing_pdb,False
A1XM01,,missing_pdb,False
A2A2L5,,missing_pdb,False
A2A3L6,,missing_pdb,False
A2ABK4,,missing_pdb,False
A2CJ06,,missing_pdb,False
A2RRP1,/data/ranran/my_ptm/croton/data/structure_pipeline/pdb/A2RRP1.pdb,exact_sequence_match,True
A2SXR4,,missing_pdb,False
A3BKF2,,missing_pdb,False
A3C4S4,,missing_pdb,False
A4D1E9,/data/ranran/my_ptm/croton/data/structure_pipeline/pdb/A4D1E9.pdb,exact_sequence_match,True
A5YKK6,/data/ranran/my_ptm/croton/data/structure_pipeline/pdb/A5YKK6.pdb,exact_sequence_match,True
A6NDG6,/data/ranran/my_ptm/croton/data/structure_pipeline/pdb/A6NDG6.pdb,exact_sequence_match,True
A6NEN9,,missing_pdb,False
A6NES4,,missing_pdb,False
A6NFA0,,missing_pdb,False
A6NFN9,,missing_pdb,False
A6NHN7,,missing_pdb,False
A6NHR9,,missing_pdb,False
A6NKP2,,missing_pdb,False
A6NKT7,,missing_pdb,False
A6Q0F0,,missing_pdb,False
A7U629,,missing_pdb,False
A7WPL0,,missing_pdb,False
A7XAQ5,,missing_pdb,False
A7XV37,,missing_pdb,False
A8UDS9,,missing_pdb,False
A9YTQ3,,missing_pdb,False
A9YTW4,,missing_pdb,False
A9YTW5,,missing_pdb,False
B0FFR5,,missing_pdb,False
B0FPA4,,missing_pdb,False
B0QY89,,missing_pdb,False
B1A931,,missing_pdb,False
B1A944,,missing_pdb,False
B1A948,,missing_pdb,False
B1A961,,missing_pdb,False
B1A976,,missing_pdb,False
B1AHD1,,missing_pdb,False
B1AJZ9,,missing_pdb,False
B3GQ70,,missing_pdb,False
B3KU01,,missing_pdb,False
B3V7R0,,missing_pdb,False
B4DEH8,,missing_pdb,False
B4DLN1,,missing_pdb,False
B4DMM2,,missing_pdb,False
B4DMU6,,missing_pdb,False
B4DR61,,missing_pdb,False
B4DV51,,missing_pdb,False
B4E3G7,,missing_pdb,False
B5APL3,,missing_pdb,False
B5AQ04,,missing_pdb,False
B5MCA4,,missing_pdb,False
B6KAM0,,missing_pdb,False
B6V765,,missing_pdb,False
B6VRE8,,missing_pdb,False
B6ZN57,,missing_pdb,False
B7X6S8,,missing_pdb,False
B7Z4C8,,missing_pdb,False
B7Z685,,missing_pdb,False
B7Z7Z8,,missing_pdb,False
B8ZZY8,,missing_pdb,False
B9F7D0,,missing_pdb,False
B9PGU1,,missing_pdb,False
B9PVB9,,missing_pdb,False
C7F8N2,,missing_pdb,False
C7IWD0,,missing_pdb,False
C7IXC8,,missing_pdb,False
C7IYR0,,missing_pdb,False
C7IZM0,,missing_pdb,False
C7J066,,missing_pdb,False
C7J2C3,,missing_pdb,False
C7J528,,missing_pdb,False
C7J7G4,,missing_pdb,False
C9J2C4,,missing_pdb,False
C9J2P0,,missing_pdb,False
C9J6K3,,missing_pdb,False
C9J6N5,,missing_pdb,False
C9J9W2,,missing_pdb,False
C9JA41,,missing_pdb,False
C9JGV6,,missing_pdb,False
C9JHC7,,missing_pdb,False
C9JIG0,,missing_pdb,False
C9JMN2,,missing_pdb,False
C9JNV9,,missing_pdb,False
C9JNX3,,missing_pdb,False
D2CFI9,,missing_pdb,False
D2CNC5,,missing_pdb,False
D2CNC8,,missing_pdb,False
D4P3S0,,missing_pdb,False
D6P3J0,,missing_pdb,False
D6R9G1,,missing_pdb,False
D6RB19,,missing_pdb,False
D6RB24,,missing_pdb,False
D6RBF0,,missing_pdb,False
D6RBM0,,missing_pdb,False
D6RCF2,,missing_pdb,False
D6RCF4,,missing_pdb,False
D6RDG3,,missing_pdb,False
D6RDJ2,,missing_pdb,False
D6RDW4,,missing_pdb,False
D6REE5,,missing_pdb,False
D6REK7,,missing_pdb,False
D6REW4,,missing_pdb,False
D7P5D9,,missing_pdb,False
E0CJP3,,missing_pdb,False
E1B2R0,,missing_pdb,False
E1U7Y2,,missing_pdb,False
E5L8B6,,missing_pdb,False
E5RGF4,,missing_pdb,False
E5RHG6,,missing_pdb,False
E5RHK4,,missing_pdb,False
E5RHT6,,missing_pdb,False
E5RI36,,missing_pdb,False
E5RIY7,,missing_pdb,False
E5RJ86,,missing_pdb,False
E5RK24,,missing_pdb,False
E7EMB3,,missing_pdb,False
E7EN75,,missing_pdb,False
E7EUN9,,missing_pdb,False
E7EUT5,,missing_pdb,False
E9PAU2,,missing_pdb,False
E9PAV3-2,,missing_pdb,False
E9PB61,,missing_pdb,False
E9PBY7,,missing_pdb,False
E9PCR7,,missing_pdb,False
E9PDY7,,missing_pdb,False
E9PIE8,,missing_pdb,False
E9PIM3,,missing_pdb,False
E9PK25,,missing_pdb,False
E9PK93,,missing_pdb,False
E9PKA2,,missing_pdb,False
E9PKN0,,missing_pdb,False
E9PL57,,missing_pdb,False
E9PL58,,missing_pdb,False
E9PLA9,,missing_pdb,False
E9PLH8,,missing_pdb,False
E9PNV9,,missing_pdb,False
E9PNW8,,missing_pdb,False
E9PQM8,,missing_pdb,False
E9PRB5,,missing_pdb,False
E9PRY8,,missing_pdb,False
F2Z2C0,,missing_pdb,False
F2Z2K0,,missing_pdb,False
F2Z2W6,,missing_pdb,False
F4YF87,,missing_pdb,False
F4YFA1,,missing_pdb,False
F4YFG6,,missing_pdb,False
F5BFT0,,missing_pdb,False
F5GXC4,,missing_pdb,False
F5GXR3,,missing_pdb,False
F5GXT3,,missing_pdb,False
F5H0P4,,missing_pdb,False
F5H2U7,,missing_pdb,False
F5H7R9,,missing_pdb,False
F5H875,,missing_pdb,False
F6N7C2,,missing_pdb,False
F6XAQ5,,missing_pdb,False
F8VP70,,missing_pdb,False
F8VQQ3,,missing_pdb,False
F8VR34,,missing_pdb,False
F8VR77,,missing_pdb,False
F8VS03,,missing_pdb,False
F8W727,,missing_pdb,False
F8W7T0,,missing_pdb,False
F8WAR4,,missing_pdb,False
F8WB12,,missing_pdb,False
F8WCJ1,,missing_pdb,False
F8WDL9,,missing_pdb,False
F8WEP2,,missing_pdb,False
F8WF49,,missing_pdb,False
G3CCC0,,missing_pdb,False
G3F4I6,,missing_pdb,False
G3V1V1,,missing_pdb,False
G3V2F7,,missing_pdb,False
G3V438,,missing_pdb,False
G3V575,,missing_pdb,False
G3V5E1,,missing_pdb,False
G3V5I6,,missing_pdb,False
G3V5R3,,missing_pdb,False
G8FQI4,,missing_pdb,False
G8HM71,,missing_pdb,False
G8JLB6,,missing_pdb,False
H0Y3K4,,missing_pdb,False
H0Y4T6,,missing_pdb,False
H0Y4U8,,missing_pdb,False
H0Y5V5,,missing_pdb,False
H0Y799,,missing_pdb,False
H0Y7D3,,missing_pdb,False
H0Y886,,missing_pdb,False
H0Y8F8,,missing_pdb,False
H0Y9Y2,,missing_pdb,False
H0YA52,,missing_pdb,False
H0YBK3,,missing_pdb,False
H0YBP8,,missing_pdb,False
H0YCN2,,missing_pdb,False
H0YCT3,,missing_pdb,False
H0YDX7,,missing_pdb,False
H0YE74,,missing_pdb,False
H0YEC5,,missing_pdb,False
H0YFD2,,missing_pdb,False
H0YFK8,,missing_pdb,False
H0YFV6,,missing_pdb,False
H0YHX3,,missing_pdb,False
H0YJV7,,missing_pdb,False
H0YKD8,,missing_pdb,False
H0YKH0,,missing_pdb,False
H0YKX3,,missing_pdb,False
H0YL81,,missing_pdb,False
H0YLP3,,missing_pdb,False
H0YLR3,,missing_pdb,False
H0YMP5,,missing_pdb,False
H0YNE0,,missing_pdb,False
H1ZN85,,missing_pdb,False
H2A0J7,,missing_pdb,False
H3BN32,,missing_pdb,False
H3BNK9,,missing_pdb,False
H3BNW0,,missing_pdb,False
H3BQ52,,missing_pdb,False
H3BQR0,,missing_pdb,False
H3BRH3,,missing_pdb,False
H3BRK4,,missing_pdb,False
H3BSB3,,missing_pdb,False
H3BUG4,,missing_pdb,False
H3BVF5,,missing_pdb,False
H6UJ39,,missing_pdb,False
H7BXG9,,missing_pdb,False
H7BXU7,,missing_pdb,False
H7BY36,,missing_pdb,False
H7BYQ0,,missing_pdb,False
H7C0G4,,missing_pdb,False
H7C1L3,,missing_pdb,False
H7C1L9,,missing_pdb,False
H7C1Y0,,missing_pdb,False
H7C2I8,,missing_pdb,False
H7C2N1,,missing_pdb,False
H7C3D3,,missing_pdb,False
H7C3F4,,missing_pdb,False
H7C3N7,,missing_pdb,False
H7C587,,missing_pdb,False
H9CCI1,,missing_pdb,False
H9CCI2,,missing_pdb,False
H9KVB3,,missing_pdb,False
I2G7N7,,missing_pdb,False
I3L1Q5,,missing_pdb,False
I3L457,,missing_pdb,False
I3L492,,missing_pdb,False
I3L4C3,,missing_pdb,False
I6XTQ3,,missing_pdb,False
I7A3N8,,missing_pdb,False
J3KQE5,,missing_pdb,False
J3KT51,,missing_pdb,False
J3KTL1,,missing_pdb,False
J3QL05,,missing_pdb,False
J3QQ67,,missing_pdb,False
J3QQW9,,missing_pdb,False
J3QQX2,,missing_pdb,False
J3QSD7,,missing_pdb,False
J7EQB2,,missing_pdb,False
J9XUY3,,missing_pdb,False
K7EIL0,,missing_pdb,False
K7EIW3,,missing_pdb,False
K7EJT5,,missing_pdb,False
K7EL26,,missing_pdb,False
K7ELL7,,missing_pdb,False
K7EM56,,missing_pdb,False
K7EMU2,,missing_pdb,False
K7EN09,,missing_pdb,False
K7EPA1,,missing_pdb,False
K7EQ71,,missing_pdb,False
K7ERQ8,,missing_pdb,False
K7ERS6,,missing_pdb,False
L8B431,,missing_pdb,False
M0QXK2,,missing_pdb,False
M0QYE0,,missing_pdb,False
M0QYS1,,missing_pdb,False
M0QZD8,,missing_pdb,False
M0R0I5,,missing_pdb,False
M0R0R2,,missing_pdb,False
M0R1L7,,missing_pdb,False
M0R2F5,,missing_pdb,False
M0R2J8,,missing_pdb,False
M0R2Y5,,missing_pdb,False
M4N8X4,,missing_pdb,False
M9Z760,,missing_pdb,False
O00116,/data/ranran/my_ptm/croton/data/structure_pipeline/pdb/O00116.pdb,exact_sequence_match,True
O00151,/data/ranran/my_ptm/croton/data/structure_pipeline/pdb/O00151.pdb,exact_sequence_match,True
O00154,,missing_pdb,False
O00161,/data/ranran/my_ptm/croton/data/structure_pipeline/pdb/O00161.pdb,exact_sequence_match,True
O00170,/data/ranran/my_ptm/croton/data/structure_pipeline/pdb/O00170.pdb;/data/ranran/my_ptm/croton/data/structure_pipeline/pdb/AF-O00170-F1-model_v6.pdb,sequence_mismatch,False
O00193,/data/ranran/my_ptm/croton/data/structure_pipeline/pdb/O00193.pdb,exact_sequence_match,True
O00203,/data/ranran/my_ptm/croton/data/structure_pipeline/pdb/O00203.pdb,exact_sequence_match,True
O00231-2,,missing_pdb,False
O00233,/data/ranran/my_ptm/croton/data/structure_pipeline/pdb/O00233.pdb,exact_sequence_match,True
O00244,/data/ranran/my_ptm/croton/data/structure_pipeline/pdb/O00244.pdb,exact_sequence_match,True
O00258,,missing_pdb,False
O00264,,missing_pdb,False
O00267,/data/ranran/my_ptm/croton/data/structure_pipeline/pdb/O00267.pdb,exact_sequence_match,True
O00273,,missing_pdb,False
O00291,,missing_pdb,False
O00303,/data/ranran/my_ptm/croton/data/structure_pipeline/pdb/O00303.pdb,exact_sequence_match,True
O00330,/data/ranran/my_ptm/croton/data/structure_pipeline/pdb/O00330.pdb,exact_sequence_match,True
O00399,/data/ranran/my_ptm/croton/data/structure_pipeline/pdb/O00399.pdb,exact_sequence_match,True
O00422,/data/ranran/my_ptm/croton/data/structure_pipeline/pdb/O00422.pdb,exact_sequence_match,True
O00425,,missing_pdb,False
O00443,/data/ranran/my_ptm/croton/data/structure_pipeline/pdb/O00443.pdb,exact_sequence_match,True
O00461,/data/ranran/my_ptm/croton/data/structure_pipeline/pdb/O00461.pdb,exact_sequence_match,True
O00471,/data/ranran/my_ptm/croton/data/structure_pipeline/pdb/O00471.pdb,exact_sequence_match,True
O00483,/data/ranran/my_ptm/croton/data/structure_pipeline/pdb/O00483.pdb,exact_sequence_match,True
O00487,/data/ranran/my_ptm/croton/data/structure_pipeline/pdb/O00487.pdb,exact_sequence_match,True
O00499,/data/ranran/my_ptm/croton/data/structure_pipeline/pdb/O00499.pdb,exact_sequence_match,True
O00499-9,,missing_pdb,False
O00541,/data/ranran/my_ptm/croton/data/structure_pipeline/pdb/O00541.pdb,exact_sequence_match,True
O00560,/data/ranran/my_ptm/croton/data/structure_pipeline/pdb/O00560.pdb,exact_sequence_match,True
O00566,/data/ranran/my_ptm/croton/data/structure_pipeline/pdb/O00566.pdb,exact_sequence_match,True
O00567,/data/ranran/my_ptm/croton/data/structure_pipeline/pdb/O00567.pdb,exact_sequence_match,True
O00571,/data/ranran/my_ptm/croton/data/structure_pipeline/pdb/O00571.pdb,exact_sequence_match,True
O00592,/data/ranran/my_ptm/croton/data/structure_pipeline/pdb/O00592.pdb,exact_sequence_match,True
O00622,,missing_pdb,False
O00625,/data/ranran/my_ptm/croton/data/structure_pipeline/pdb/O00625.pdb,exact_sequence_match,True
O00764,/data/ranran/my_ptm/croton/data/structure_pipeline/pdb/O00764.pdb,exact_sequence_match,True
O00767,/data/ranran/my_ptm/croton/data/structure_pipeline/pdb/O00767.pdb,exact_sequence_match,True
O04945,,missing_pdb,False
O14494,,missing_pdb,False
O14530,/data/ranran/my_ptm/croton/data/structure_pipeline/pdb/O14530.pdb,exact_sequence_match,True
O14548,/data/ranran/my_ptm/croton/data/structure_pipeline/pdb/O14548.pdb,exact_sequence_match,True
O14556,,missing_pdb,False
O14561,/data/ranran/my_ptm/croton/data/structure_pipeline/pdb/O14561.pdb,exact_sequence_match,True
O14562,/data/ranran/my_ptm/croton/data/structure_pipeline/pdb/O14562.pdb,exact_sequence_match,True
O14578,,missing_pdb,False
O14579,/data/ranran/my_ptm/croton/data/structure_pipeline/pdb/O14579.pdb,exact_sequence_match,True
O14617,/data/ranran/my_ptm/croton/data/structure_pipeline/pdb/O14617.pdb,exact_sequence_match,True
O14656,/data/ranran/my_ptm/croton/data/structure_pipeline/pdb/O14656.pdb,exact_sequence_match,True
O14672,,missing_pdb,False
O14737,/data/ranran/my_ptm/croton/data/structure_pipeline/pdb/O14737.pdb,exact_sequence_match,True
O14744,/data/ranran/my_ptm/croton/data/structure_pipeline/pdb/O14744.pdb,exact_sequence_match,True
O14745,/data/ranran/my_ptm/croton/data/structure_pipeline/pdb/O14745.pdb,exact_sequence_match,True
O14763,,missing_pdb,False
O14776,/data/ranran/my_ptm/croton/data/structure_pipeline/pdb/O14776.pdb,exact_sequence_match,True
O14782,,missing_pdb,False
O14818-4,,missing_pdb,False
O14874,/data/ranran/my_ptm/croton/data/structure_pipeline/pdb/O14874.pdb,exact_sequence_match,True
O14880,/data/ranran/my_ptm/croton/data/structure_pipeline/pdb/O14880.pdb,exact_sequence_match,True
O14904,/data/ranran/my_ptm/croton/data/structure_pipeline/pdb/O14904.pdb,exact_sequence_match,True
O14907,/data/ranran/my_ptm/croton/data/structure_pipeline/pdb/O14907.pdb,exact_sequence_match,True
O14920,,missing_pdb,False
O14929,/data/ranran/my_ptm/croton/data/structure_pipeline/pdb/O14929.pdb;/data/ranran/my_ptm/croton/data/structure_pipeline/pdb/AF-O14929-F1-model_v6.pdb,sequence_mismatch,False
O14964,/data/ranran/my_ptm/croton/data/structure_pipeline/pdb/O14964.pdb,exact_sequence_match,True
O14967,,missing_pdb,False
O14974,/data/ranran/my_ptm/croton/data/structure_pipeline/pdb/O14974.pdb,exact_sequence_match,True
O14975,/data/ranran/my_ptm/croton/data/structure_pipeline/pdb/O14975.pdb,exact_sequence_match,True
O14976,,missing_pdb,False
O14979,/data/ranran/my_ptm/croton/data/structure_pipeline/pdb/O14979.pdb,exact_sequence_match,True
O14979-3,,missing_pdb,False
O14980,/data/ranran/my_ptm/croton/data/structure_pipeline/pdb/O14980.pdb,exact_sequence_match,True
O15042,/data/ranran/my_ptm/croton/data/structure_pipeline/pdb/O15042.pdb,exact_sequence_match,True
O15061,/data/ranran/my_ptm/croton/data/structure_pipeline/pdb/O15061.pdb;/data/ranran/my_ptm/croton/data/structure_pipeline/pdb/AF-O15061-F1-model_v6.pdb,sequence_mismatch,False
O15067,/data/ranran/my_ptm/croton/data/structure_pipeline/pdb/O15067.pdb,exact_sequence_match,True
O15091,/data/ranran/my_ptm/croton/data/structure_pipeline/pdb/O15091.pdb,exact_sequence_match,True
O15116,/data/ranran/my_ptm/croton/data/structure_pipeline/pdb/O15116.pdb,exact_sequence_match,True
O15117,,missing_pdb,False
O15118,,missing_pdb,False
O15121,/data/ranran/my_ptm/croton/data/structure_pipeline/pdb/O15121.pdb,exact_sequence_match,True
O15143,/data/ranran/my_ptm/croton/data/structure_pipeline/pdb/O15143.pdb,exact_sequence_match,True
O15144,/data/ranran/my_ptm/croton/data/structure_pipeline/pdb/O15144.pdb,exact_sequence_match,True
O15145,/data/ranran/my_ptm/croton/data/structure_pipeline/pdb/O15145.pdb,exact_sequence_match,True
O15160,/data/ranran/my_ptm/croton/data/structure_pipeline/pdb/O15160.pdb,exact_sequence_match,True
O15162,/data/ranran/my_ptm/croton/data/structure_pipeline/pdb/O15162.pdb,exact_sequence_match,True
O15173,/data/ranran/my_ptm/croton/data/structure_pipeline/pdb/O15173.pdb,exact_sequence_match,True
O15212,/data/ranran/my_ptm/croton/data/structure_pipeline/pdb/O15212.pdb,exact_sequence_match,True
O15226,/data/ranran/my_ptm/croton/data/structure_pipeline/pdb/O15226.pdb,exact_sequence_match,True
O15230,,missing_pdb,False
O15235,,missing_pdb,False
O15260,/data/ranran/my_ptm/croton/data/structure_pipeline/pdb/O15260.pdb,exact_sequence_match,True
O15269,/data/ranran/my_ptm/croton/data/structure_pipeline/pdb/O15269.pdb,exact_sequence_match,True
O15270,/data/ranran/my_ptm/croton/data/structure_pipeline/pdb/O15270.pdb,exact_sequence_match,True
O15355,/data/ranran/my_ptm/croton/data/structure_pipeline/pdb/O15355.pdb,exact_sequence_match,True
O15371,/data/ranran/my_ptm/croton/data/structure_pipeline/pdb/O15371.pdb,exact_sequence_match,True
O15372,/data/ranran/my_ptm/croton/data/structure_pipeline/pdb/O15372.pdb,exact_sequence_match,True
O15382,,missing_pdb,False
O15460,,missing_pdb,False
O15479,/data/ranran/my_ptm/croton/data/structure_pipeline/pdb/O15479.pdb,exact_sequence_match,True
O15541,/data/ranran/my_ptm/croton/data/structure_pipeline/pdb/O15541.pdb,exact_sequence_match,True
O15554,/data/ranran/my_ptm/croton/data/structure_pipeline/pdb/O15554.pdb,exact_sequence_match,True
O23792,,missing_pdb,False
O24133,,missing_pdb,False
O24149,,missing_pdb,False
O24157,,missing_pdb,False
O43143,,missing_pdb,False
O43148,/data/ranran/my_ptm/croton/data/structure_pipeline/pdb/O43148.pdb,exact_sequence_match,True
O43151-3,,missing_pdb,False
O43159,,missing_pdb,False
O43169,,missing_pdb,False
O43172,/data/ranran/my_ptm/croton/data/structure_pipeline/pdb/O43172.pdb,exact_sequence_match,True
O43181,/data/ranran/my_ptm/croton/data/structure_pipeline/pdb/O43181.pdb,exact_sequence_match,True
O43242,/data/ranran/my_ptm/croton/data/structure_pipeline/pdb/O43242.pdb,exact_sequence_match,True
O43264,/data/ranran/my_ptm/croton/data/structure_pipeline/pdb/O43264.pdb,exact_sequence_match,True
O43290,/data/ranran/my_ptm/croton/data/structure_pipeline/pdb/O43290.pdb,exact_sequence_match,True
O43291,,missing_pdb,False
O43292,/data/ranran/my_ptm/croton/data/structure_pipeline/pdb/O43292.pdb,exact_sequence_match,True
O43293,,missing_pdb,False
O43318,/data/ranran/my_ptm/croton/data/structure_pipeline/pdb/O43318.pdb,exact_sequence_match,True
O43324,/data/ranran/my_ptm/croton/data/structure_pipeline/pdb/O43324.pdb,exact_sequence_match,True
O43390-2,,missing_pdb,False
O43395,/data/ranran/my_ptm/croton/data/structure_pipeline/pdb/O43395.pdb,exact_sequence_match,True
O43395-3,,missing_pdb,False
O43396,/data/ranran/my_ptm/croton/data/structure_pipeline/pdb/O43396.pdb,exact_sequence_match,True
O43399,/data/ranran/my_ptm/croton/data/structure_pipeline/pdb/O43399.pdb,exact_sequence_match,True
O43399-6,,missing_pdb,False
O43402,,missing_pdb,False
O43439-2,,missing_pdb,False
O43491,/data/ranran/my_ptm/croton/data/structure_pipeline/pdb/O43491.pdb,exact_sequence_match,True
O43493,,missing_pdb,False
O43526,,missing_pdb,False
O43583,/data/ranran/my_ptm/croton/data/structure_pipeline/pdb/O43583.pdb,exact_sequence_match,True
O43592,/data/ranran/my_ptm/croton/data/structure_pipeline/pdb/O43592.pdb,exact_sequence_match,True
O43598,/data/ranran/my_ptm/croton/data/structure_pipeline/pdb/O43598.pdb,exact_sequence_match,True
O43615,/data/ranran/my_ptm/croton/data/structure_pipeline/pdb/O43615.pdb,exact_sequence_match,True
O43617,,missing_pdb,False
O43633,,missing_pdb,False
O43660-2,,missing_pdb,False
O43665-2,,missing_pdb,False
O43670,/data/ranran/my_ptm/croton/data/structure_pipeline/pdb/O43670.pdb,exact_sequence_match,True
O43676,,missing_pdb,False
O43678,,missing_pdb,False
O43707,/data/ranran/my_ptm/croton/data/structure_pipeline/pdb/O43707.pdb,exact_sequence_match,True
O43719,/data/ranran/my_ptm/croton/data/structure_pipeline/pdb/O43719.pdb,exact_sequence_match,True
O43747,/data/ranran/my_ptm/croton/data/structure_pipeline/pdb/O43747.pdb,exact_sequence_match,True
O43765,/data/ranran/my_ptm/croton/data/structure_pipeline/pdb/O43765.pdb,exact_sequence_match,True
O43768-6,,missing_pdb,False
O43776,/data/ranran/my_ptm/croton/data/structure_pipeline/pdb/O43776.pdb,exact_sequence_match,True
O43795,/data/ranran/my_ptm/croton/data/structure_pipeline/pdb/O43795.pdb,exact_sequence_match,True
O43809,/data/ranran/my_ptm/croton/data/structure_pipeline/pdb/O43809.pdb,exact_sequence_match,True
O43818,/data/ranran/my_ptm/croton/data/structure_pipeline/pdb/O43818.pdb,exact_sequence_match,True
O43823,/data/ranran/my_ptm/croton/data/structure_pipeline/pdb/O43823.pdb,exact_sequence_match,True
O43837,/data/ranran/my_ptm/croton/data/structure_pipeline/pdb/O43837.pdb,exact_sequence_match,True
O43865,,missing_pdb,False
O43920,,missing_pdb,False
O49905,,missing_pdb,False
O60216,/data/ranran/my_ptm/croton/data/structure_pipeline/pdb/O60216.pdb,exact_sequence_match,True
O60229,,missing_pdb,False
O60234,,missing_pdb,False
O60271,/data/ranran/my_ptm/croton/data/structure_pipeline/pdb/O60271.pdb,exact_sequence_match,True
O60313,/data/ranran/my_ptm/croton/data/structure_pipeline/pdb/O60313.pdb,exact_sequence_match,True
O60318,,missing_pdb,False
O60341,/data/ranran/my_ptm/croton/data/structure_pipeline/pdb/O60341.pdb,exact_sequence_match,True
O60437,/data/ranran/my_ptm/croton/data/structure_pipeline/pdb/O60437.pdb,exact_sequence_match,True
O60443,/data/ranran/my_ptm/croton/data/structure_pipeline/pdb/O60443.pdb,exact_sequence_match,True
O60462,,missing_pdb,False
O60479,,missing_pdb,False
O60493,/data/ranran/my_ptm/croton/data/structure_pipeline/pdb/O60493.pdb,exact_sequence_match,True
O60524,/data/ranran/my_ptm/croton/data/structure_pipeline/pdb/O60524.pdb,exact_sequence_match,True
O60568,/data/ranran/my_ptm/croton/data/structure_pipeline/pdb/O60568.pdb,exact_sequence_match,True
O60610,/data/ranran/my_ptm/croton/data/structure_pipeline/pdb/O60610.pdb,exact_sequence_match,True
O60637,,missing_pdb,False
O60673,,missing_pdb,False
O60716,/data/ranran/my_ptm/croton/data/structure_pipeline/pdb/O60716.pdb,exact_sequence_match,True
O60716-32,,missing_pdb,False
O60762,/data/ranran/my_ptm/croton/data/structure_pipeline/pdb/O60762.pdb,exact_sequence_match,True
O60763,/data/ranran/my_ptm/croton/data/structure_pipeline/pdb/O60763.pdb,exact_sequence_match,True
O60828-5,,missing_pdb,False
O60832,/data/ranran/my_ptm/croton/data/structure_pipeline/pdb/O60832.pdb,exact_sequence_match,True
O60841,/data/ranran/my_ptm/croton/data/structure_pipeline/pdb/O60841.pdb,exact_sequence_match,True
O60869,/data/ranran/my_ptm/croton/data/structure_pipeline/pdb/O60869.pdb,exact_sequence_match,True
O60885,/data/ranran/my_ptm/croton/data/structure_pipeline/pdb/O60885.pdb,exact_sequence_match,True
O60888-2,,missing_pdb,False
O60925,/data/ranran/my_ptm/croton/data/structure_pipeline/pdb/O60925.pdb,exact_sequence_match,True
O60934,/data/ranran/my_ptm/croton/data/structure_pipeline/pdb/O60934.pdb,exact_sequence_match,True
O65856,,missing_pdb,False
O75083,/data/ranran/my_ptm/croton/data/structure_pipeline/pdb/O75083.pdb,exact_sequence_match,True
O75116,/data/ranran/my_ptm/croton/data/structure_pipeline/pdb/O75116.pdb,exact_sequence_match,True
O75131,/data/ranran/my_ptm/croton/data/structure_pipeline/pdb/O75131.pdb,exact_sequence_match,True
O75150,/data/ranran/my_ptm/croton/data/structure_pipeline/pdb/O75150.pdb,exact_sequence_match,True
O75153,/data/ranran/my_ptm/croton/data/structure_pipeline/pdb/O75153.pdb,exact_sequence_match,True
O75175,/data/ranran/my_ptm/croton/data/structure_pipeline/pdb/O75175.pdb,exact_sequence_match,True
O75208,/data/ranran/my_ptm/croton/data/structure_pipeline/pdb/O75208.pdb,exact_sequence_match,True
O75223,/data/ranran/my_ptm/croton/data/structure_pipeline/pdb/O75223.pdb,exact_sequence_match,True
O75323,/data/ranran/my_ptm/croton/data/structure_pipeline/pdb/O75323.pdb,exact_sequence_match,True
O75339,,missing_pdb,False
O75340,,missing_pdb,False
O75348,/data/ranran/my_ptm/croton/data/structure_pipeline/pdb/O75348.pdb,exact_sequence_match,True
O75352,,missing_pdb,False
O75367,,missing_pdb,False
O75380,/data/ranran/my_ptm/croton/data/structure_pipeline/pdb/O75380.pdb,exact_sequence_match,True
O75396,,missing_pdb,False
O75400,/data/ranran/my_ptm/croton/data/structure_pipeline/pdb/O75400.pdb,exact_sequence_match,True
O75436,/data/ranran/my_ptm/croton/data/structure_pipeline/pdb/O75436.pdb,exact_sequence_match,True
O75438,,missing_pdb,False
O75475,/data/ranran/my_ptm/croton/data/structure_pipeline/pdb/O75475.pdb,exact_sequence_match,True
O75475-3,,missing_pdb,False
O75477,/data/ranran/my_ptm/croton/data/structure_pipeline/pdb/O75477.pdb,exact_sequence_match,True
O75489,,missing_pdb,False
O75494-2,,missing_pdb,False
O75521,/data/ranran/my_ptm/croton/data/structure_pipeline/pdb/O75521.pdb,exact_sequence_match,True
O75531,/data/ranran/my_ptm/croton/data/structure_pipeline/pdb/O75531.pdb,exact_sequence_match,True
O75533,/data/ranran/my_ptm/croton/data/structure_pipeline/pdb/O75533.pdb,exact_sequence_match,True
O75534,/data/ranran/my_ptm/croton/data/structure_pipeline/pdb/O75534.pdb,exact_sequence_match,True
O75600,,missing_pdb,False
O75607,,missing_pdb,False
O75663,/data/ranran/my_ptm/croton/data/structure_pipeline/pdb/O75663.pdb,exact_sequence_match,True
O75683,/data/ranran/my_ptm/croton/data/structure_pipeline/pdb/O75683.pdb,exact_sequence_match,True
O75691,,missing_pdb,False
O75694,/data/ranran/my_ptm/croton/data/structure_pipeline/pdb/O75694.pdb,exact_sequence_match,True
O75718,/data/ranran/my_ptm/croton/data/structure_pipeline/pdb/O75718.pdb,exact_sequence_match,True
O75817,,missing_pdb,False
O75821,/data/ranran/my_ptm/croton/data/structure_pipeline/pdb/O75821.pdb,exact_sequence_match,True
O75822,/data/ranran/my_ptm/croton/data/structure_pipeline/pdb/O75822.pdb,exact_sequence_match,True
O75832,/data/ranran/my_ptm/croton/data/structure_pipeline/pdb/O75832.pdb,exact_sequence_match,True
O75844,/data/ranran/my_ptm/croton/data/structure_pipeline/pdb/O75844.pdb,exact_sequence_match,True
O75880,,missing_pdb,False
O75915,,missing_pdb,False
O75935,,missing_pdb,False
O75937,/data/ranran/my_ptm/croton/data/structure_pipeline/pdb/O75937.pdb,exact_sequence_match,True
O75947,/data/ranran/my_ptm/croton/data/structure_pipeline/pdb/O75947.pdb,exact_sequence_match,True
O75964,/data/ranran/my_ptm/croton/data/structure_pipeline/pdb/O75964.pdb,exact_sequence_match,True
O75976,,missing_pdb,False
O76003,/data/ranran/my_ptm/croton/data/structure_pipeline/pdb/O76003.pdb,exact_sequence_match,True
O76021,/data/ranran/my_ptm/croton/data/structure_pipeline/pdb/O76021.pdb,exact_sequence_match,True
O76038,,missing_pdb,False
O76094,/data/ranran/my_ptm/croton/data/structure_pipeline/pdb/O76094.pdb,exact_sequence_match,True
O80361,,missing_pdb,False
O80362,,missing_pdb,False
O82031,,missing_pdb,False
O82077,,missing_pdb,False
O82434,,missing_pdb,False
O82703,,missing_pdb,False
O82802,,missing_pdb,False
O94760,/data/ranran/my_ptm/croton/data/structure_pipeline/pdb/O94760.pdb,exact_sequence_match,True
O94763,,missing_pdb,False
O94766,,missing_pdb,False
O94776,/data/ranran/my_ptm/croton/data/structure_pipeline/pdb/O94776.pdb,exact_sequence_match,True
O94776-2,,missing_pdb,False
O94826,/data/ranran/my_ptm/croton/data/structure_pipeline/pdb/O94826.pdb,exact_sequence_match,True
O94842-2,,missing_pdb,False
O94919,,missing_pdb,False
O94925,/data/ranran/my_ptm/croton/data/structure_pipeline/pdb/O94925.pdb,exact_sequence_match,True
O94979,/data/ranran/my_ptm/croton/data/structure_pipeline/pdb/O94979.pdb,exact_sequence_match,True
O94992,/data/ranran/my_ptm/croton/data/structure_pipeline/pdb/O94992.pdb,exact_sequence_match,True
O95104,/data/ranran/my_ptm/croton/data/structure_pipeline/pdb/O95104.pdb,exact_sequence_match,True
O95139,,missing_pdb,False
O95159,,missing_pdb,False
O95168,,missing_pdb,False
O95182,/data/ranran/my_ptm/croton/data/structure_pipeline/pdb/O95182.pdb,exact_sequence_match,True
O95197,/data/ranran/my_ptm/croton/data/structure_pipeline/pdb/O95197.pdb,exact_sequence_match,True
O95202,/data/ranran/my_ptm/croton/data/structure_pipeline/pdb/O95202.pdb,exact_sequence_match,True
O95218,/data/ranran/my_ptm/croton/data/structure_pipeline/pdb/O95218.pdb,exact_sequence_match,True
O95239,,missing_pdb,False
O95299,/data/ranran/my_ptm/croton/data/structure_pipeline/pdb/O95299.pdb,exact_sequence_match,True
O95347,/data/ranran/my_ptm/croton/data/structure_pipeline/pdb/O95347.pdb,exact_sequence_match,True
O95359,,missing_pdb,False
O95361,/data/ranran/my_ptm/croton/data/structure_pipeline/pdb/O95361.pdb,exact_sequence_match,True
O95373,/data/ranran/my_ptm/croton/data/structure_pipeline/pdb/O95373.pdb,exact_sequence_match,True
O95379,/data/ranran/my_ptm/croton/data/structure_pipeline/pdb/O95379.pdb,exact_sequence_match,True
O95391,,missing_pdb,False
O95400,,missing_pdb,False
O95425,,missing_pdb,False
O95433,/data/ranran/my_ptm/croton/data/structure_pipeline/pdb/O95433.pdb,exact_sequence_match,True
O95453,/data/ranran/my_ptm/croton/data/structure_pipeline/pdb/O95453.pdb,exact_sequence_match,True
O95453-4,,missing_pdb,False
O95456,/data/ranran/my_ptm/croton/data/structure_pipeline/pdb/O95456.pdb,exact_sequence_match,True
O95470,/data/ranran/my_ptm/croton/data/structure_pipeline/pdb/O95470.pdb,exact_sequence_match,True
O95478,/data/ranran/my_ptm/croton/data/structure_pipeline/pdb/O95478.pdb,exact_sequence_match,True
O95563,,missing_pdb,False
O95571,,missing_pdb,False
O95573,/data/ranran/my_ptm/croton/data/structure_pipeline/pdb/O95573.pdb,exact_sequence_match,True
O95602,/data/ranran/my_ptm/croton/data/structure_pipeline/pdb/O95602.pdb,exact_sequence_match,True
O95630,/data/ranran/my_ptm/croton/data/structure_pipeline/pdb/O95630.pdb,exact_sequence_match,True
O95671,,missing_pdb,False
O95674,/data/ranran/my_ptm/croton/data/structure_pipeline/pdb/O95674.pdb,exact_sequence_match,True
O95714,,missing_pdb,False
O95721,/data/ranran/my_ptm/croton/data/structure_pipeline/pdb/O95721.pdb,exact_sequence_match,True
O95747,,missing_pdb,False
O95782,/data/ranran/my_ptm/croton/data/structure_pipeline/pdb/O95782.pdb,exact_sequence_match,True
O95785-2,,missing_pdb,False
O95816,/data/ranran/my_ptm/croton/data/structure_pipeline/pdb/O95816.pdb,exact_sequence_match,True
O95817,,missing_pdb,False
O95819,/data/ranran/my_ptm/croton/data/structure_pipeline/pdb/O95819.pdb,exact_sequence_match,True
O95831,/data/ranran/my_ptm/croton/data/structure_pipeline/pdb/O95831.pdb,exact_sequence_match,True
O95835,,missing_pdb,False
O95858,,missing_pdb,False
O95864,,missing_pdb,False
O95994,,missing_pdb,False
O96005,/data/ranran/my_ptm/croton/data/structure_pipeline/pdb/O96005.pdb,exact_sequence_match,True
O96008,,missing_pdb,False
P00338-3,,missing_pdb,False
P00367,/data/ranran/my_ptm/croton/data/structure_pipeline/pdb/P00367.pdb,exact_sequence_match,True
P00414,/data/ranran/my_ptm/croton/data/structure_pipeline/pdb/P00414.pdb,exact_sequence_match,True
P00439,,missing_pdb,False
P00488,,missing_pdb,False
P00491,/data/ranran/my_ptm/croton/data/structure_pipeline/pdb/P00491.pdb,exact_sequence_match,True
P00533,/data/ranran/my_ptm/croton/data/structure_pipeline/pdb/P00533.pdb,exact_sequence_match,True
P00738,,missing_pdb,False
P00834,,missing_pdb,False
P00915,,missing_pdb,False
P00966,/data/ranran/my_ptm/croton/data/structure_pipeline/pdb/P00966.pdb,exact_sequence_match,True
P01009,,missing_pdb,False
P01023,,missing_pdb,False
P01024,,missing_pdb,False
P01130,,missing_pdb,False
P01834,,missing_pdb,False
P01877,,missing_pdb,False
P02042,,missing_pdb,False
P02376,,missing_pdb,False
P02545,/data/ranran/my_ptm/croton/data/structure_pipeline/pdb/P02545.pdb,exact_sequence_match,True
P02647,,missing_pdb,False
P02652,,missing_pdb,False
P02671,,missing_pdb,False
P02671-2,,missing_pdb,False
P02679,,missing_pdb,False
P02775,,missing_pdb,False
P02778,,missing_pdb,False
P02786,/data/ranran/my_ptm/croton/data/structure_pipeline/pdb/P02786.pdb,exact_sequence_match,True
P02788,,missing_pdb,False
P02794,/data/ranran/my_ptm/croton/data/structure_pipeline/pdb/P02794.pdb,exact_sequence_match,True
P02795,,missing_pdb,False
P04062,,missing_pdb,False
P04075-2,,missing_pdb,False
P04080,/data/ranran/my_ptm/croton/data/structure_pipeline/pdb/P04080.pdb,exact_sequence_match,True
P04114,,missing_pdb,False
P04181,/data/ranran/my_ptm/croton/data/structure_pipeline/pdb/P04181.pdb,exact_sequence_match,True
P04439,,missing_pdb,False
P04632,/data/ranran/my_ptm/croton/data/structure_pipeline/pdb/P04632.pdb,exact_sequence_match,True
P04792,/data/ranran/my_ptm/croton/data/structure_pipeline/pdb/P04792.pdb,exact_sequence_match,True
P04839,,missing_pdb,False
P04843,/data/ranran/my_ptm/croton/data/structure_pipeline/pdb/P04843.pdb,exact_sequence_match,True
P04844,/data/ranran/my_ptm/croton/data/structure_pipeline/pdb/P04844.pdb,exact_sequence_match,True
P05023,,missing_pdb,False
P05026,/data/ranran/my_ptm/croton/data/structure_pipeline/pdb/P05026.pdb,exact_sequence_match,True
P05089,,missing_pdb,False
P05109,,missing_pdb,False
P05141,/data/ranran/my_ptm/croton/data/structure_pipeline/pdb/P05141.pdb,exact_sequence_match,True
P05164,,missing_pdb,False
P05165,,missing_pdb,False
P05204,,missing_pdb,False
P05362,,missing_pdb,False
P05387,/data/ranran/my_ptm/croton/data/structure_pipeline/pdb/P05387.pdb,exact_sequence_match,True
P05455,/data/ranran/my_ptm/croton/data/structure_pipeline/pdb/P05455.pdb,exact_sequence_match,True
P05556,/data/ranran/my_ptm/croton/data/structure_pipeline/pdb/P05556.pdb,exact_sequence_match,True
P05783,/data/ranran/my_ptm/croton/data/structure_pipeline/pdb/P05783.pdb,exact_sequence_match,True
P05787,,missing_pdb,False
P05976,,missing_pdb,False
P05994,,missing_pdb,False
P06247,,missing_pdb,False
P06249,,missing_pdb,False
P06286,,missing_pdb,False
P06355,,missing_pdb,False
P06359,,missing_pdb,False
P06373,,missing_pdb,False
P06374,,missing_pdb,False
P06382,,missing_pdb,False
P06386,,missing_pdb,False
P06391,,missing_pdb,False
P06396,,missing_pdb,False
P06405,,missing_pdb,False
P06454,/data/ranran/my_ptm/croton/data/structure_pipeline/pdb/P06454.pdb,exact_sequence_match,True
P06493,,missing_pdb,False
P06702,,missing_pdb,False
P06748,/data/ranran/my_ptm/croton/data/structure_pipeline/pdb/P06748.pdb,exact_sequence_match,True
P06753,/data/ranran/my_ptm/croton/data/structure_pipeline/pdb/P06753.pdb,exact_sequence_match,True
P07099,/data/ranran/my_ptm/croton/data/structure_pipeline/pdb/P07099.pdb,exact_sequence_match,True
P07108,,missing_pdb,False
P07108-5,,missing_pdb,False
P07305,/data/ranran/my_ptm/croton/data/structure_pipeline/pdb/P07305.pdb,exact_sequence_match,True
P07339,/data/ranran/my_ptm/croton/data/structure_pipeline/pdb/P07339.pdb,exact_sequence_match,True
P07355-2,,missing_pdb,False
P07359,,missing_pdb,False
P07384,/data/ranran/my_ptm/croton/data/structure_pipeline/pdb/P07384.pdb,exact_sequence_match,True
P07602,,missing_pdb,False
P07686,/data/ranran/my_ptm/croton/data/structure_pipeline/pdb/P07686.pdb;/data/ranran/my_ptm/croton/data/structure_pipeline/pdb/AF-P07686-F1-model_v6.pdb,sequence_mismatch,False
P07737,/data/ranran/my_ptm/croton/data/structure_pipeline/pdb/P07737.pdb,exact_sequence_match,True
P07738,,missing_pdb,False
P07741,/data/ranran/my_ptm/croton/data/structure_pipeline/pdb/P07741.pdb,exact_sequence_match,True
P07814,/data/ranran/my_ptm/croton/data/structure_pipeline/pdb/P07814.pdb,exact_sequence_match,True
P07858,/data/ranran/my_ptm/croton/data/structure_pipeline/pdb/P07858.pdb,exact_sequence_match,True
P07900-2,,missing_pdb,False
P07910,/data/ranran/my_ptm/croton/data/structure_pipeline/pdb/P07910.pdb,exact_sequence_match,True
P07919,,missing_pdb,False
P07942,/data/ranran/my_ptm/croton/data/structure_pipeline/pdb/P07942.pdb,exact_sequence_match,True
P07954,/data/ranran/my_ptm/croton/data/structure_pipeline/pdb/P07954.pdb,exact_sequence_match,True
P07996,,missing_pdb,False
P08133,/data/ranran/my_ptm/croton/data/structure_pipeline/pdb/P08133.pdb,exact_sequence_match,True
P08174,/data/ranran/my_ptm/croton/data/structure_pipeline/pdb/P08174.pdb,exact_sequence_match,True
P08195,,missing_pdb,False
P08240,/data/ranran/my_ptm/croton/data/structure_pipeline/pdb/P08240.pdb,exact_sequence_match,True
P08243,/data/ranran/my_ptm/croton/data/structure_pipeline/pdb/P08243.pdb,exact_sequence_match,True
P08514,,missing_pdb,False
P08559,/data/ranran/my_ptm/croton/data/structure_pipeline/pdb/P08559.pdb,exact_sequence_match,True
P08567,,missing_pdb,False
P08574,,missing_pdb,False
P08575,,missing_pdb,False
P08579,,missing_pdb,False
P08621,/data/ranran/my_ptm/croton/data/structure_pipeline/pdb/P08621.pdb,exact_sequence_match,True
P08865,/data/ranran/my_ptm/croton/data/structure_pipeline/pdb/P08865.pdb,exact_sequence_match,True
P09001,/data/ranran/my_ptm/croton/data/structure_pipeline/pdb/P09001.pdb,exact_sequence_match,True
P09012,/data/ranran/my_ptm/croton/data/structure_pipeline/pdb/P09012.pdb,exact_sequence_match,True
P09229,,missing_pdb,False
P09234,/data/ranran/my_ptm/croton/data/structure_pipeline/pdb/P09234.pdb,exact_sequence_match,True
P09382,/data/ranran/my_ptm/croton/data/structure_pipeline/pdb/P09382.pdb,exact_sequence_match,True
P09417,,missing_pdb,False
P09429,,missing_pdb,False
P09496,/data/ranran/my_ptm/croton/data/structure_pipeline/pdb/P09496.pdb,exact_sequence_match,True
P09543,/data/ranran/my_ptm/croton/data/structure_pipeline/pdb/P09543.pdb,exact_sequence_match,True
P09601,,missing_pdb,False
P09651-3,,missing_pdb,False
P09661,/data/ranran/my_ptm/croton/data/structure_pipeline/pdb/P09661.pdb,exact_sequence_match,True
P09669,,missing_pdb,False
P09874,/data/ranran/my_ptm/croton/data/structure_pipeline/pdb/P09874.pdb,exact_sequence_match,True
P09936,,missing_pdb,False
P09976,,missing_pdb,False
P0C361,,missing_pdb,False
P0C7P0,/data/ranran/my_ptm/croton/data/structure_pipeline/pdb/P0C7P0.pdb,exact_sequence_match,True
P0CAP1,,missing_pdb,False
P0CB48,,missing_pdb,False
P0CG48,/data/ranran/my_ptm/croton/data/structure_pipeline/pdb/P0CG48.pdb,exact_sequence_match,True
P0DJ07,/data/ranran/my_ptm/croton/data/structure_pipeline/pdb/P0DJ07.pdb,exact_sequence_match,True
P0DJI8,,missing_pdb,False
P0DO03,,missing_pdb,False
P0DPB6,/data/ranran/my_ptm/croton/data/structure_pipeline/pdb/P0DPB6.pdb,exact_sequence_match,True
P0DPI2,,missing_pdb,False
P10155,/data/ranran/my_ptm/croton/data/structure_pipeline/pdb/P10155.pdb,exact_sequence_match,True
P10301,,missing_pdb,False
P10515,/data/ranran/my_ptm/croton/data/structure_pipeline/pdb/P10515.pdb,exact_sequence_match,True
P10599,,missing_pdb,False
P10606,/data/ranran/my_ptm/croton/data/structure_pipeline/pdb/P10606.pdb,exact_sequence_match,True
P10619,,missing_pdb,False
P10620,/data/ranran/my_ptm/croton/data/structure_pipeline/pdb/P10620.pdb,exact_sequence_match,True
P10768,/data/ranran/my_ptm/croton/data/structure_pipeline/pdb/P10768.pdb,exact_sequence_match,True
P10909,/data/ranran/my_ptm/croton/data/structure_pipeline/pdb/P10909.pdb,exact_sequence_match,True
P10978,,missing_pdb,False
P11047,/data/ranran/my_ptm/croton/data/structure_pipeline/pdb/P11047.pdb,exact_sequence_match,True
P11117,/data/ranran/my_ptm/croton/data/structure_pipeline/pdb/P11117.pdb,exact_sequence_match,True
P11177,/data/ranran/my_ptm/croton/data/structure_pipeline/pdb/P11177.pdb,exact_sequence_match,True
P11182,,missing_pdb,False
P11233,/data/ranran/my_ptm/croton/data/structure_pipeline/pdb/P11233.pdb,exact_sequence_match,True
P11279,,missing_pdb,False
P11413-2,,missing_pdb,False
P11498,/data/ranran/my_ptm/croton/data/structure_pipeline/pdb/P11498.pdb,exact_sequence_match,True
P11532-3,,missing_pdb,False
P11717,/data/ranran/my_ptm/croton/data/structure_pipeline/pdb/P11717.pdb,exact_sequence_match,True
P12081,/data/ranran/my_ptm/croton/data/structure_pipeline/pdb/P12081.pdb,exact_sequence_match,True
P12116,,missing_pdb,False
P12222,,missing_pdb,False
P12268,/data/ranran/my_ptm/croton/data/structure_pipeline/pdb/P12268.pdb,exact_sequence_match,True
P12270,/data/ranran/my_ptm/croton/data/structure_pipeline/pdb/P12270.pdb,exact_sequence_match,True
P12532-2,,missing_pdb,False
P12694,/data/ranran/my_ptm/croton/data/structure_pipeline/pdb/P12694.pdb,exact_sequence_match,True
P12931,,missing_pdb,False
P12955,/data/ranran/my_ptm/croton/data/structure_pipeline/pdb/P12955.pdb,exact_sequence_match,True
P12956,/data/ranran/my_ptm/croton/data/structure_pipeline/pdb/P12956.pdb,exact_sequence_match,True
P13010,/data/ranran/my_ptm/croton/data/structure_pipeline/pdb/P13010.pdb,exact_sequence_match,True
P13073,/data/ranran/my_ptm/croton/data/structure_pipeline/pdb/P13073.pdb,exact_sequence_match,True
P13489,/data/ranran/my_ptm/croton/data/structure_pipeline/pdb/P13489.pdb,exact_sequence_match,True
P13639,/data/ranran/my_ptm/croton/data/structure_pipeline/pdb/P13639.pdb,exact_sequence_match,True
P13667,/data/ranran/my_ptm/croton/data/structure_pipeline/pdb/P13667.pdb,exact_sequence_match,True
P13693,/data/ranran/my_ptm/croton/data/structure_pipeline/pdb/P13693.pdb,exact_sequence_match,True
P13797,/data/ranran/my_ptm/croton/data/structure_pipeline/pdb/P13797.pdb,exact_sequence_match,True
P13804,/data/ranran/my_ptm/croton/data/structure_pipeline/pdb/P13804.pdb,exact_sequence_match,True
P13861,,missing_pdb,False
P13984,/data/ranran/my_ptm/croton/data/structure_pipeline/pdb/P13984.pdb,exact_sequence_match,True
P13987,/data/ranran/my_ptm/croton/data/structure_pipeline/pdb/P13987.pdb,exact_sequence_match,True
P13995,/data/ranran/my_ptm/croton/data/structure_pipeline/pdb/P13995.pdb,exact_sequence_match,True
P14174,/data/ranran/my_ptm/croton/data/structure_pipeline/pdb/P14174.pdb,exact_sequence_match,True
P14209,/data/ranran/my_ptm/croton/data/structure_pipeline/pdb/P14209.pdb,exact_sequence_match,True
P14324,/data/ranran/my_ptm/croton/data/structure_pipeline/pdb/P14324.pdb,exact_sequence_match,True
P14406,,missing_pdb,False
P14550,/data/ranran/my_ptm/croton/data/structure_pipeline/pdb/P14550.pdb,exact_sequence_match,True
P14678,/data/ranran/my_ptm/croton/data/structure_pipeline/pdb/P14678.pdb,exact_sequence_match,True
P14735,/data/ranran/my_ptm/croton/data/structure_pipeline/pdb/P14735.pdb,exact_sequence_match,True
P14854,/data/ranran/my_ptm/croton/data/structure_pipeline/pdb/P14854.pdb,exact_sequence_match,True
P14866,/data/ranran/my_ptm/croton/data/structure_pipeline/pdb/P14866.pdb,exact_sequence_match,True
P14923,,missing_pdb,False
P14927,,missing_pdb,False
P15407,,missing_pdb,False
P15428,,missing_pdb,False
P15529,/data/ranran/my_ptm/croton/data/structure_pipeline/pdb/P15529.pdb,exact_sequence_match,True
P15531-2,,missing_pdb,False
P15559,/data/ranran/my_ptm/croton/data/structure_pipeline/pdb/P15559.pdb,exact_sequence_match,True
P15880,/data/ranran/my_ptm/croton/data/structure_pipeline/pdb/P15880.pdb,exact_sequence_match,True
P15924,,missing_pdb,False
P15954,,missing_pdb,False
P16035,,missing_pdb,False
P16070,/data/ranran/my_ptm/croton/data/structure_pipeline/pdb/P16070.pdb,exact_sequence_match,True
P16144,,missing_pdb,False
P16278,/data/ranran/my_ptm/croton/data/structure_pipeline/pdb/P16278.pdb,exact_sequence_match,True
P16284,,missing_pdb,False
P16989,/data/ranran/my_ptm/croton/data/structure_pipeline/pdb/P16989.pdb,exact_sequence_match,True
P17096,/data/ranran/my_ptm/croton/data/structure_pipeline/pdb/P17096.pdb,exact_sequence_match,True
P17213,,missing_pdb,False
P17252,/data/ranran/my_ptm/croton/data/structure_pipeline/pdb/P17252.pdb,exact_sequence_match,True
P17301,,missing_pdb,False
P17302,,missing_pdb,False
P17480,/data/ranran/my_ptm/croton/data/structure_pipeline/pdb/P17480.pdb,exact_sequence_match,True
P17513,,missing_pdb,False
P17612,/data/ranran/my_ptm/croton/data/structure_pipeline/pdb/P17612.pdb,exact_sequence_match,True
P17676,/data/ranran/my_ptm/croton/data/structure_pipeline/pdb/P17676.pdb,exact_sequence_match,True
P17812,/data/ranran/my_ptm/croton/data/structure_pipeline/pdb/P17812.pdb,exact_sequence_match,True
P17844-2,,missing_pdb,False
P17858-2,,missing_pdb,False
P17900,,missing_pdb,False
P17931,,missing_pdb,False
P18031,/data/ranran/my_ptm/croton/data/structure_pipeline/pdb/P18031.pdb,exact_sequence_match,True
P18077,/data/ranran/my_ptm/croton/data/structure_pipeline/pdb/P18077.pdb,exact_sequence_match,True
P18124,/data/ranran/my_ptm/croton/data/structure_pipeline/pdb/P18124.pdb,exact_sequence_match,True
P18206,/data/ranran/my_ptm/croton/data/structure_pipeline/pdb/P18206.pdb,exact_sequence_match,True
P18583,/data/ranran/my_ptm/croton/data/structure_pipeline/pdb/P18583.pdb,exact_sequence_match,True
P18583-8,,missing_pdb,False
P18754,/data/ranran/my_ptm/croton/data/structure_pipeline/pdb/P18754.pdb,exact_sequence_match,True
P18859,,missing_pdb,False
P18887,/data/ranran/my_ptm/croton/data/structure_pipeline/pdb/P18887.pdb;/data/ranran/my_ptm/croton/data/structure_pipeline/pdb/AF-P18887-F1-model_v6.pdb,sequence_mismatch,False
P19105,,missing_pdb,False
P19256,,missing_pdb,False
P19338,/data/ranran/my_ptm/croton/data/structure_pipeline/pdb/P19338.pdb,exact_sequence_match,True
P19367,/data/ranran/my_ptm/croton/data/structure_pipeline/pdb/P19367.pdb,exact_sequence_match,True
P19404,/data/ranran/my_ptm/croton/data/structure_pipeline/pdb/P19404.pdb,exact_sequence_match,True
P19440,/data/ranran/my_ptm/croton/data/structure_pipeline/pdb/P19440.pdb,exact_sequence_match,True
P19878,,missing_pdb,False
P20042,/data/ranran/my_ptm/croton/data/structure_pipeline/pdb/P20042.pdb,exact_sequence_match,True
P20290,/data/ranran/my_ptm/croton/data/structure_pipeline/pdb/P20290.pdb,exact_sequence_match,True
P20618,/data/ranran/my_ptm/croton/data/structure_pipeline/pdb/P20618.pdb,exact_sequence_match,True
P20645,/data/ranran/my_ptm/croton/data/structure_pipeline/pdb/P20645.pdb,exact_sequence_match,True
P20674,/data/ranran/my_ptm/croton/data/structure_pipeline/pdb/P20674.pdb,exact_sequence_match,True
P20810,/data/ranran/my_ptm/croton/data/structure_pipeline/pdb/P20810.pdb,exact_sequence_match,True
P20962,,missing_pdb,False
P21281,/data/ranran/my_ptm/croton/data/structure_pipeline/pdb/P21281.pdb,exact_sequence_match,True
P21283,/data/ranran/my_ptm/croton/data/structure_pipeline/pdb/P21283.pdb,exact_sequence_match,True
P21589,,missing_pdb,False
P21912,/data/ranran/my_ptm/croton/data/structure_pipeline/pdb/P21912.pdb,exact_sequence_match,True
P21964,/data/ranran/my_ptm/croton/data/structure_pipeline/pdb/P21964.pdb,exact_sequence_match,True
P22059,/data/ranran/my_ptm/croton/data/structure_pipeline/pdb/P22059.pdb,exact_sequence_match,True
P22061,,missing_pdb,False
P22087,/data/ranran/my_ptm/croton/data/structure_pipeline/pdb/P22087.pdb,exact_sequence_match,True
P22102,/data/ranran/my_ptm/croton/data/structure_pipeline/pdb/P22102.pdb,exact_sequence_match,True
P22234,/data/ranran/my_ptm/croton/data/structure_pipeline/pdb/P22234.pdb,exact_sequence_match,True
P22307,/data/ranran/my_ptm/croton/data/structure_pipeline/pdb/P22307.pdb,exact_sequence_match,True
P22570,,missing_pdb,False
P22607,,missing_pdb,False
P22680,,missing_pdb,False
P22695,/data/ranran/my_ptm/croton/data/structure_pipeline/pdb/P22695.pdb,exact_sequence_match,True
P22894,,missing_pdb,False
P23193,/data/ranran/my_ptm/croton/data/structure_pipeline/pdb/P23193.pdb,exact_sequence_match,True
P23229,/data/ranran/my_ptm/croton/data/structure_pipeline/pdb/P23229.pdb,exact_sequence_match,True
P23246,/data/ranran/my_ptm/croton/data/structure_pipeline/pdb/P23246.pdb,exact_sequence_match,True
P23381,/data/ranran/my_ptm/croton/data/structure_pipeline/pdb/P23381.pdb,exact_sequence_match,True
P23396,/data/ranran/my_ptm/croton/data/structure_pipeline/pdb/P23396.pdb,exact_sequence_match,True
P23511-2,,missing_pdb,False
P23588,/data/ranran/my_ptm/croton/data/structure_pipeline/pdb/P23588.pdb,exact_sequence_match,True
P23634,,missing_pdb,False
P23919,/data/ranran/my_ptm/croton/data/structure_pipeline/pdb/P23919.pdb,exact_sequence_match,True
P23921,/data/ranran/my_ptm/croton/data/structure_pipeline/pdb/P23921.pdb,exact_sequence_match,True
P24091,,missing_pdb,False
P24539,/data/ranran/my_ptm/croton/data/structure_pipeline/pdb/P24539.pdb,exact_sequence_match,True
P24557,,missing_pdb,False
P24666,/data/ranran/my_ptm/croton/data/structure_pipeline/pdb/P24666.pdb,exact_sequence_match,True
P24928,/data/ranran/my_ptm/croton/data/structure_pipeline/pdb/P24928.pdb,exact_sequence_match,True
P24929,,missing_pdb,False
P25205,/data/ranran/my_ptm/croton/data/structure_pipeline/pdb/P25205.pdb,exact_sequence_match,True
P25325,/data/ranran/my_ptm/croton/data/structure_pipeline/pdb/P25325.pdb,exact_sequence_match,True
P25440,/data/ranran/my_ptm/croton/data/structure_pipeline/pdb/P25440.pdb,exact_sequence_match,True
P25445,,missing_pdb,False
P25705,/data/ranran/my_ptm/croton/data/structure_pipeline/pdb/P25705.pdb,exact_sequence_match,True
P25786,/data/ranran/my_ptm/croton/data/structure_pipeline/pdb/P25786.pdb,exact_sequence_match,True
P25788,/data/ranran/my_ptm/croton/data/structure_pipeline/pdb/P25788.pdb,exact_sequence_match,True
P26373,/data/ranran/my_ptm/croton/data/structure_pipeline/pdb/P26373.pdb,exact_sequence_match,True
P26447,/data/ranran/my_ptm/croton/data/structure_pipeline/pdb/P26447.pdb,exact_sequence_match,True
P26599-3,,missing_pdb,False
P26639-2,,missing_pdb,False
P26640,/data/ranran/my_ptm/croton/data/structure_pipeline/pdb/P26640.pdb,exact_sequence_match,True
P27105,/data/ranran/my_ptm/croton/data/structure_pipeline/pdb/P27105.pdb,exact_sequence_match,True
P27694,/data/ranran/my_ptm/croton/data/structure_pipeline/pdb/P27694.pdb,exact_sequence_match,True
P27695,/data/ranran/my_ptm/croton/data/structure_pipeline/pdb/P27695.pdb,exact_sequence_match,True
P27797,/data/ranran/my_ptm/croton/data/structure_pipeline/pdb/P27797.pdb,exact_sequence_match,True
P27816,/data/ranran/my_ptm/croton/data/structure_pipeline/pdb/P27816.pdb,exact_sequence_match,True
P28070,/data/ranran/my_ptm/croton/data/structure_pipeline/pdb/P28070.pdb,exact_sequence_match,True
P28288,/data/ranran/my_ptm/croton/data/structure_pipeline/pdb/P28288.pdb,exact_sequence_match,True
P28340,/data/ranran/my_ptm/croton/data/structure_pipeline/pdb/P28340.pdb,exact_sequence_match,True
P28370,,missing_pdb,False
P28476,,missing_pdb,False
P28838,/data/ranran/my_ptm/croton/data/structure_pipeline/pdb/P28838.pdb,exact_sequence_match,True
P28907,,missing_pdb,False
P29083,/data/ranran/my_ptm/croton/data/structure_pipeline/pdb/P29083.pdb,exact_sequence_match,True
P29144,/data/ranran/my_ptm/croton/data/structure_pipeline/pdb/P29144.pdb,exact_sequence_match,True
P29317,,missing_pdb,False
P29345,,missing_pdb,False
P29375,,missing_pdb,False
P29401-2,,missing_pdb,False
P29692,/data/ranran/my_ptm/croton/data/structure_pipeline/pdb/P29692.pdb,exact_sequence_match,True
P29790,,missing_pdb,False
P29966,/data/ranran/my_ptm/croton/data/structure_pipeline/pdb/P29966.pdb,exact_sequence_match,True
P30038,,missing_pdb,False
P30040,/data/ranran/my_ptm/croton/data/structure_pipeline/pdb/P30040.pdb,exact_sequence_match,True
P30041,/data/ranran/my_ptm/croton/data/structure_pipeline/pdb/P30041.pdb,exact_sequence_match,True
P30043,,missing_pdb,False
P30044,/data/ranran/my_ptm/croton/data/structure_pipeline/pdb/P30044.pdb,exact_sequence_match,True
P30049,/data/ranran/my_ptm/croton/data/structure_pipeline/pdb/P30049.pdb,exact_sequence_match,True
P30084,/data/ranran/my_ptm/croton/data/structure_pipeline/pdb/P30084.pdb,exact_sequence_match,True
P30085,/data/ranran/my_ptm/croton/data/structure_pipeline/pdb/P30085.pdb,exact_sequence_match,True
P30086,/data/ranran/my_ptm/croton/data/structure_pipeline/pdb/P30086.pdb,exact_sequence_match,True
P30154-2,,missing_pdb,False
P30298,,missing_pdb,False
P30405,,missing_pdb,False
P30419,/data/ranran/my_ptm/croton/data/structure_pipeline/pdb/P30419.pdb,exact_sequence_match,True
P30519,/data/ranran/my_ptm/croton/data/structure_pipeline/pdb/P30519.pdb,exact_sequence_match,True
P30520,/data/ranran/my_ptm/croton/data/structure_pipeline/pdb/P30520.pdb,exact_sequence_match,True
P30533,/data/ranran/my_ptm/croton/data/structure_pipeline/pdb/P30533.pdb,exact_sequence_match,True
P30566,/data/ranran/my_ptm/croton/data/structure_pipeline/pdb/P30566.pdb,exact_sequence_match,True
P30622,/data/ranran/my_ptm/croton/data/structure_pipeline/pdb/P30622.pdb,exact_sequence_match,True
P30876,/data/ranran/my_ptm/croton/data/structure_pipeline/pdb/P30876.pdb,exact_sequence_match,True
P30956,,missing_pdb,False
P30968,,missing_pdb,False
P31040,/data/ranran/my_ptm/croton/data/structure_pipeline/pdb/P31040.pdb,exact_sequence_match,True
P31150,/data/ranran/my_ptm/croton/data/structure_pipeline/pdb/P31150.pdb,exact_sequence_match,True
P31181,,missing_pdb,False
P31350,/data/ranran/my_ptm/croton/data/structure_pipeline/pdb/P31350.pdb,exact_sequence_match,True
P31593,,missing_pdb,False
P31749,,missing_pdb,False
P31937,/data/ranran/my_ptm/croton/data/structure_pipeline/pdb/P31937.pdb,exact_sequence_match,True
P31942,,missing_pdb,False
P31948,/data/ranran/my_ptm/croton/data/structure_pipeline/pdb/P31948.pdb,exact_sequence_match,True
P31949,/data/ranran/my_ptm/croton/data/structure_pipeline/pdb/P31949.pdb,exact_sequence_match,True
P32320,/data/ranran/my_ptm/croton/data/structure_pipeline/pdb/P32320.pdb,exact_sequence_match,True
P32456,,missing_pdb,False
P33121,,missing_pdb,False
P33176,,missing_pdb,False
P33240,,missing_pdb,False
P33947,,missing_pdb,False
P33991,/data/ranran/my_ptm/croton/data/structure_pipeline/pdb/P33991.pdb,exact_sequence_match,True
P33992,/data/ranran/my_ptm/croton/data/structure_pipeline/pdb/P33992.pdb,exact_sequence_match,True
P35052,,missing_pdb,False
P35221,,missing_pdb,False
P35241-5,,missing_pdb,False
P35244,/data/ranran/my_ptm/croton/data/structure_pipeline/pdb/P35244.pdb,exact_sequence_match,True
P35249,/data/ranran/my_ptm/croton/data/structure_pipeline/pdb/P35249.pdb,exact_sequence_match,True
P35269,/data/ranran/my_ptm/croton/data/structure_pipeline/pdb/P35269.pdb,exact_sequence_match,True
P35270,/data/ranran/my_ptm/croton/data/structure_pipeline/pdb/P35270.pdb,exact_sequence_match,True
P35476,,missing_pdb,False
P35494,,missing_pdb,False
P35580-4,,missing_pdb,False
P35606,/data/ranran/my_ptm/croton/data/structure_pipeline/pdb/P35606.pdb,exact_sequence_match,True
P35610,/data/ranran/my_ptm/croton/data/structure_pipeline/pdb/P35610.pdb,exact_sequence_match,True
P35658,/data/ranran/my_ptm/croton/data/structure_pipeline/pdb/P35658.pdb,exact_sequence_match,True
P35659,/data/ranran/my_ptm/croton/data/structure_pipeline/pdb/P35659.pdb,exact_sequence_match,True
P35754,,missing_pdb,False
P35914,/data/ranran/my_ptm/croton/data/structure_pipeline/pdb/P35914.pdb,exact_sequence_match,True
P36182,,missing_pdb,False
P36405,/data/ranran/my_ptm/croton/data/structure_pipeline/pdb/P36405.pdb,exact_sequence_match,True
P36542,/data/ranran/my_ptm/croton/data/structure_pipeline/pdb/P36542.pdb,exact_sequence_match,True
P36578,/data/ranran/my_ptm/croton/data/structure_pipeline/pdb/P36578.pdb,exact_sequence_match,True
P36776,/data/ranran/my_ptm/croton/data/structure_pipeline/pdb/P36776.pdb,exact_sequence_match,True
P36956,,missing_pdb,False
P36959,,missing_pdb,False
P37108,/data/ranran/my_ptm/croton/data/structure_pipeline/pdb/P37108.pdb,exact_sequence_match,True
P37198,/data/ranran/my_ptm/croton/data/structure_pipeline/pdb/P37198.pdb,exact_sequence_match,True
P37235,/data/ranran/my_ptm/croton/data/structure_pipeline/pdb/P37235.pdb,exact_sequence_match,True
P37268,/data/ranran/my_ptm/croton/data/structure_pipeline/pdb/P37268.pdb,exact_sequence_match,True
P37802,,missing_pdb,False
P37837,/data/ranran/my_ptm/croton/data/structure_pipeline/pdb/P37837.pdb,exact_sequence_match,True
P37840,,missing_pdb,False
P38117,/data/ranran/my_ptm/croton/data/structure_pipeline/pdb/P38117.pdb,exact_sequence_match,True
P38159,,missing_pdb,False
P38432,,missing_pdb,False
P39210,,missing_pdb,False
P39656,,missing_pdb,False
P39748,/data/ranran/my_ptm/croton/data/structure_pipeline/pdb/P39748.pdb,exact_sequence_match,True
P40121,,missing_pdb,False
P40222,/data/ranran/my_ptm/croton/data/structure_pipeline/pdb/P40222.pdb,exact_sequence_match,True
P40227,/data/ranran/my_ptm/croton/data/structure_pipeline/pdb/P40227.pdb,exact_sequence_match,True
P40261,,missing_pdb,False
P40763,/data/ranran/my_ptm/croton/data/structure_pipeline/pdb/P40763.pdb,exact_sequence_match,True
P40818,/data/ranran/my_ptm/croton/data/structure_pipeline/pdb/P40818.pdb,exact_sequence_match,True
P40925-3,,missing_pdb,False
P40938,/data/ranran/my_ptm/croton/data/structure_pipeline/pdb/P40938.pdb,exact_sequence_match,True
P40939,/data/ranran/my_ptm/croton/data/structure_pipeline/pdb/P40939.pdb,exact_sequence_match,True
P41091,/data/ranran/my_ptm/croton/data/structure_pipeline/pdb/P41091.pdb,exact_sequence_match,True
P41095,,missing_pdb,False
P41218,,missing_pdb,False
P41223,,missing_pdb,False
P41227,/data/ranran/my_ptm/croton/data/structure_pipeline/pdb/P41227.pdb,exact_sequence_match,True
P41236,/data/ranran/my_ptm/croton/data/structure_pipeline/pdb/P41236.pdb,exact_sequence_match,True
P41252,/data/ranran/my_ptm/croton/data/structure_pipeline/pdb/P41252.pdb,exact_sequence_match,True
P41567,,missing_pdb,False
P42126,/data/ranran/my_ptm/croton/data/structure_pipeline/pdb/P42126.pdb,exact_sequence_match,True
P42166,/data/ranran/my_ptm/croton/data/structure_pipeline/pdb/P42166.pdb,exact_sequence_match,True
P42167,,missing_pdb,False
P42285,/data/ranran/my_ptm/croton/data/structure_pipeline/pdb/P42285.pdb,exact_sequence_match,True
P42568,,missing_pdb,False
P42677,/data/ranran/my_ptm/croton/data/structure_pipeline/pdb/P42677.pdb,exact_sequence_match,True
P42704,/data/ranran/my_ptm/croton/data/structure_pipeline/pdb/P42704.pdb,exact_sequence_match,True
P42766,/data/ranran/my_ptm/croton/data/structure_pipeline/pdb/P42766.pdb,exact_sequence_match,True
P42830,,missing_pdb,False
P43034,/data/ranran/my_ptm/croton/data/structure_pipeline/pdb/P43034.pdb,exact_sequence_match,True
P43155,/data/ranran/my_ptm/croton/data/structure_pipeline/pdb/P43155.pdb,exact_sequence_match,True
P43243,/data/ranran/my_ptm/croton/data/structure_pipeline/pdb/P43243.pdb,exact_sequence_match,True
P43246-2,,missing_pdb,False
P43304,/data/ranran/my_ptm/croton/data/structure_pipeline/pdb/P43304.pdb,exact_sequence_match,True
P43490,/data/ranran/my_ptm/croton/data/structure_pipeline/pdb/P43490.pdb,exact_sequence_match,True
P43897,/data/ranran/my_ptm/croton/data/structure_pipeline/pdb/P43897.pdb,exact_sequence_match,True
P45733,,missing_pdb,False
P45880,/data/ranran/my_ptm/croton/data/structure_pipeline/pdb/P45880.pdb,exact_sequence_match,True
P45954,,missing_pdb,False
P45973,/data/ranran/my_ptm/croton/data/structure_pipeline/pdb/P45973.pdb,exact_sequence_match,True
P45974,/data/ranran/my_ptm/croton/data/structure_pipeline/pdb/P45974.pdb,exact_sequence_match,True
P46013,,missing_pdb,False
P46060,/data/ranran/my_ptm/croton/data/structure_pipeline/pdb/P46060.pdb,exact_sequence_match,True
P46063,/data/ranran/my_ptm/croton/data/structure_pipeline/pdb/P46063.pdb,exact_sequence_match,True
P46087,/data/ranran/my_ptm/croton/data/structure_pipeline/pdb/P46087.pdb,exact_sequence_match,True
P46100,/data/ranran/my_ptm/croton/data/structure_pipeline/pdb/P46100.pdb;/data/ranran/my_ptm/croton/data/structure_pipeline/pdb/AF-P46100-F1-model_v6.pdb,sequence_mismatch,False
P46108,/data/ranran/my_ptm/croton/data/structure_pipeline/pdb/P46108.pdb,exact_sequence_match,True
P46459,/data/ranran/my_ptm/croton/data/structure_pipeline/pdb/P46459.pdb,exact_sequence_match,True
P46466,,missing_pdb,False
P46776,/data/ranran/my_ptm/croton/data/structure_pipeline/pdb/P46776.pdb,exact_sequence_match,True
P46821,,missing_pdb,False
P46939,,missing_pdb,False
P46940,/data/ranran/my_ptm/croton/data/structure_pipeline/pdb/P46940.pdb,exact_sequence_match,True
P47712,/data/ranran/my_ptm/croton/data/structure_pipeline/pdb/P47712.pdb,exact_sequence_match,True
P47755,/data/ranran/my_ptm/croton/data/structure_pipeline/pdb/P47755.pdb,exact_sequence_match,True
P47756,/data/ranran/my_ptm/croton/data/structure_pipeline/pdb/P47756.pdb;/data/ranran/my_ptm/croton/data/structure_pipeline/pdb/AF-P47756-F1-model_v6.pdb,sequence_mismatch,False
P47813,,missing_pdb,False
P47897,/data/ranran/my_ptm/croton/data/structure_pipeline/pdb/P47897.pdb,exact_sequence_match,True
P47914,/data/ranran/my_ptm/croton/data/structure_pipeline/pdb/P47914.pdb,exact_sequence_match,True
P48059,,missing_pdb,False
P48307,,missing_pdb,False
P48444,/data/ranran/my_ptm/croton/data/structure_pipeline/pdb/P48444.pdb,exact_sequence_match,True
P48449,/data/ranran/my_ptm/croton/data/structure_pipeline/pdb/P48449.pdb,exact_sequence_match,True
P48506,,missing_pdb,False
P48507,/data/ranran/my_ptm/croton/data/structure_pipeline/pdb/P48507.pdb,exact_sequence_match,True
P48509,/data/ranran/my_ptm/croton/data/structure_pipeline/pdb/P48509.pdb,exact_sequence_match,True
P48556,/data/ranran/my_ptm/croton/data/structure_pipeline/pdb/P48556.pdb,exact_sequence_match,True
P48637,/data/ranran/my_ptm/croton/data/structure_pipeline/pdb/P48637.pdb,exact_sequence_match,True
P48651,/data/ranran/my_ptm/croton/data/structure_pipeline/pdb/P48651.pdb,exact_sequence_match,True
P48681,,missing_pdb,False
P48723,/data/ranran/my_ptm/croton/data/structure_pipeline/pdb/P48723.pdb,exact_sequence_match,True
P48739,/data/ranran/my_ptm/croton/data/structure_pipeline/pdb/P48739.pdb,exact_sequence_match,True
P49100,,missing_pdb,False
P49207,/data/ranran/my_ptm/croton/data/structure_pipeline/pdb/P49207.pdb,exact_sequence_match,True
P49257,/data/ranran/my_ptm/croton/data/structure_pipeline/pdb/P49257.pdb,exact_sequence_match,True
P49321-3,,missing_pdb,False
P49327,/data/ranran/my_ptm/croton/data/structure_pipeline/pdb/P49327.pdb,exact_sequence_match,True
P49419,/data/ranran/my_ptm/croton/data/structure_pipeline/pdb/P49419.pdb,exact_sequence_match,True
P49454,,missing_pdb,False
P49458,/data/ranran/my_ptm/croton/data/structure_pipeline/pdb/P49458.pdb,exact_sequence_match,True
P49585,/data/ranran/my_ptm/croton/data/structure_pipeline/pdb/P49585.pdb,exact_sequence_match,True
P49588,,missing_pdb,False
P49589,/data/ranran/my_ptm/croton/data/structure_pipeline/pdb/P49589.pdb,exact_sequence_match,True
P49591,/data/ranran/my_ptm/croton/data/structure_pipeline/pdb/P49591.pdb,exact_sequence_match,True
P49643,/data/ranran/my_ptm/croton/data/structure_pipeline/pdb/P49643.pdb,exact_sequence_match,True
P49711,/data/ranran/my_ptm/croton/data/structure_pipeline/pdb/P49711.pdb,exact_sequence_match,True
P49720,/data/ranran/my_ptm/croton/data/structure_pipeline/pdb/P49720.pdb,exact_sequence_match,True
P49736,/data/ranran/my_ptm/croton/data/structure_pipeline/pdb/P49736.pdb,exact_sequence_match,True
P49748-3,,missing_pdb,False
P49755,/data/ranran/my_ptm/croton/data/structure_pipeline/pdb/P49755.pdb,exact_sequence_match,True
P49756,/data/ranran/my_ptm/croton/data/structure_pipeline/pdb/P49756.pdb,exact_sequence_match,True
P49770,/data/ranran/my_ptm/croton/data/structure_pipeline/pdb/P49770.pdb,exact_sequence_match,True
P49792,,missing_pdb,False
P49795,,missing_pdb,False
P49863,,missing_pdb,False
P49902,/data/ranran/my_ptm/croton/data/structure_pipeline/pdb/P49902.pdb,exact_sequence_match,True
P49913,,missing_pdb,False
P49914,/data/ranran/my_ptm/croton/data/structure_pipeline/pdb/P49914.pdb,exact_sequence_match,True
P49915,/data/ranran/my_ptm/croton/data/structure_pipeline/pdb/P49915.pdb,exact_sequence_match,True
P49916-2,,missing_pdb,False
P50238,,missing_pdb,False
P50402,/data/ranran/my_ptm/croton/data/structure_pipeline/pdb/P50402.pdb,exact_sequence_match,True
P50416,/data/ranran/my_ptm/croton/data/structure_pipeline/pdb/P50416.pdb,exact_sequence_match,True
P50443,/data/ranran/my_ptm/croton/data/structure_pipeline/pdb/P50443.pdb,exact_sequence_match,True
P50454,/data/ranran/my_ptm/croton/data/structure_pipeline/pdb/P50454.pdb,exact_sequence_match,True
P50502,/data/ranran/my_ptm/croton/data/structure_pipeline/pdb/P50502.pdb,exact_sequence_match,True
P50552,/data/ranran/my_ptm/croton/data/structure_pipeline/pdb/P50552.pdb,exact_sequence_match,True
P50579,/data/ranran/my_ptm/croton/data/structure_pipeline/pdb/P50579.pdb,exact_sequence_match,True
P50914,/data/ranran/my_ptm/croton/data/structure_pipeline/pdb/P50914.pdb,exact_sequence_match,True
P50990,/data/ranran/my_ptm/croton/data/structure_pipeline/pdb/P50990.pdb,exact_sequence_match,True
P50995,/data/ranran/my_ptm/croton/data/structure_pipeline/pdb/P50995.pdb,exact_sequence_match,True
P51116,/data/ranran/my_ptm/croton/data/structure_pipeline/pdb/P51116.pdb,exact_sequence_match,True
P51398,/data/ranran/my_ptm/croton/data/structure_pipeline/pdb/P51398.pdb,exact_sequence_match,True
P51531,,missing_pdb,False
P51572,/data/ranran/my_ptm/croton/data/structure_pipeline/pdb/P51572.pdb,exact_sequence_match,True
P51610-2,,missing_pdb,False
P51648,/data/ranran/my_ptm/croton/data/structure_pipeline/pdb/P51648.pdb,exact_sequence_match,True
P51659,/data/ranran/my_ptm/croton/data/structure_pipeline/pdb/P51659.pdb,exact_sequence_match,True
P51665,/data/ranran/my_ptm/croton/data/structure_pipeline/pdb/P51665.pdb,exact_sequence_match,True
P51809,/data/ranran/my_ptm/croton/data/structure_pipeline/pdb/P51809.pdb,exact_sequence_match,True
P51812,,missing_pdb,False
P51845,,missing_pdb,False
P51858,,missing_pdb,False
P51970,/data/ranran/my_ptm/croton/data/structure_pipeline/pdb/P51970.pdb,exact_sequence_match,True
P51991,/data/ranran/my_ptm/croton/data/structure_pipeline/pdb/P51991.pdb,exact_sequence_match,True
P52272,/data/ranran/my_ptm/croton/data/structure_pipeline/pdb/P52272.pdb,exact_sequence_match,True
P52298,/data/ranran/my_ptm/croton/data/structure_pipeline/pdb/P52298.pdb,exact_sequence_match,True
P52306,,missing_pdb,False
P52594-2,,missing_pdb,False
P52655,,missing_pdb,False
P52701,/data/ranran/my_ptm/croton/data/structure_pipeline/pdb/P52701.pdb,exact_sequence_match,True
P52788,/data/ranran/my_ptm/croton/data/structure_pipeline/pdb/P52788.pdb,exact_sequence_match,True
P52815,/data/ranran/my_ptm/croton/data/structure_pipeline/pdb/P52815.pdb,exact_sequence_match,True
P52943,,missing_pdb,False
P52948,/data/ranran/my_ptm/croton/data/structure_pipeline/pdb/P52948.pdb,exact_sequence_match,True
P53004,/data/ranran/my_ptm/croton/data/structure_pipeline/pdb/P53004.pdb,exact_sequence_match,True
P53007,/data/ranran/my_ptm/croton/data/structure_pipeline/pdb/P53007.pdb,exact_sequence_match,True
P53041,/data/ranran/my_ptm/croton/data/structure_pipeline/pdb/P53041.pdb,exact_sequence_match,True
P53367,/data/ranran/my_ptm/croton/data/structure_pipeline/pdb/P53367.pdb,exact_sequence_match,True
P53396,/data/ranran/my_ptm/croton/data/structure_pipeline/pdb/P53396.pdb,exact_sequence_match,True
P53597,/data/ranran/my_ptm/croton/data/structure_pipeline/pdb/P53597.pdb,exact_sequence_match,True
P53618,/data/ranran/my_ptm/croton/data/structure_pipeline/pdb/P53618.pdb,exact_sequence_match,True
P53621,/data/ranran/my_ptm/croton/data/structure_pipeline/pdb/P53621.pdb,exact_sequence_match,True
P53634,,missing_pdb,False
P53680,,missing_pdb,False
P53701,/data/ranran/my_ptm/croton/data/structure_pipeline/pdb/P53701.pdb,exact_sequence_match,True
P53801,/data/ranran/my_ptm/croton/data/structure_pipeline/pdb/P53801.pdb,exact_sequence_match,True
P53985,/data/ranran/my_ptm/croton/data/structure_pipeline/pdb/P53985.pdb,exact_sequence_match,True
P53990,/data/ranran/my_ptm/croton/data/structure_pipeline/pdb/P53990.pdb,exact_sequence_match,True
P53992,/data/ranran/my_ptm/croton/data/structure_pipeline/pdb/P53992.pdb,exact_sequence_match,True
P53999,/data/ranran/my_ptm/croton/data/structure_pipeline/pdb/P53999.pdb,exact_sequence_match,True
P54136,/data/ranran/my_ptm/croton/data/structure_pipeline/pdb/P54136.pdb,exact_sequence_match,True
P54577,/data/ranran/my_ptm/croton/data/structure_pipeline/pdb/P54577.pdb,exact_sequence_match,True
P54727,/data/ranran/my_ptm/croton/data/structure_pipeline/pdb/P54727.pdb,exact_sequence_match,True
P54886,/data/ranran/my_ptm/croton/data/structure_pipeline/pdb/P54886.pdb,exact_sequence_match,True
P54920,/data/ranran/my_ptm/croton/data/structure_pipeline/pdb/P54920.pdb,exact_sequence_match,True
P55010,/data/ranran/my_ptm/croton/data/structure_pipeline/pdb/P55010.pdb,exact_sequence_match,True
P55011,/data/ranran/my_ptm/croton/data/structure_pipeline/pdb/P55011.pdb,exact_sequence_match,True
P55036,,missing_pdb,False
P55060,/data/ranran/my_ptm/croton/data/structure_pipeline/pdb/P55060.pdb,exact_sequence_match,True
P55081,/data/ranran/my_ptm/croton/data/structure_pipeline/pdb/P55081.pdb,exact_sequence_match,True
P55084,/data/ranran/my_ptm/croton/data/structure_pipeline/pdb/P55084.pdb,exact_sequence_match,True
P55145,/data/ranran/my_ptm/croton/data/structure_pipeline/pdb/P55145.pdb,exact_sequence_match,True
P55196,,missing_pdb,False
P55209,/data/ranran/my_ptm/croton/data/structure_pipeline/pdb/P55209.pdb,exact_sequence_match,True
P55210-2,,missing_pdb,False
P55210-3,,missing_pdb,False
P55263,/data/ranran/my_ptm/croton/data/structure_pipeline/pdb/P55263.pdb,exact_sequence_match,True
P55265,/data/ranran/my_ptm/croton/data/structure_pipeline/pdb/P55265.pdb,exact_sequence_match,True
P55265-5,,missing_pdb,False
P55327,/data/ranran/my_ptm/croton/data/structure_pipeline/pdb/P55327.pdb,exact_sequence_match,True
P55735,/data/ranran/my_ptm/croton/data/structure_pipeline/pdb/P55735.pdb,exact_sequence_match,True
P55884,/data/ranran/my_ptm/croton/data/structure_pipeline/pdb/P55884.pdb,exact_sequence_match,True
P56134,,missing_pdb,False
P56182,,missing_pdb,False
P56192,/data/ranran/my_ptm/croton/data/structure_pipeline/pdb/P56192.pdb,exact_sequence_match,True
P56378,/data/ranran/my_ptm/croton/data/structure_pipeline/pdb/P56378.pdb,exact_sequence_match,True
P56381,,missing_pdb,False
P56385,/data/ranran/my_ptm/croton/data/structure_pipeline/pdb/P56385.pdb,exact_sequence_match,True
P56724,,missing_pdb,False
P56821,,missing_pdb,False
P57081-3,,missing_pdb,False
P57088,,missing_pdb,False
P58546,/data/ranran/my_ptm/croton/data/structure_pipeline/pdb/P58546.pdb,exact_sequence_match,True
P59827-2,,missing_pdb,False
P59998,/data/ranran/my_ptm/croton/data/structure_pipeline/pdb/P59998.pdb,exact_sequence_match,True
P60002,/data/ranran/my_ptm/croton/data/structure_pipeline/pdb/P60002.pdb,exact_sequence_match,True
P60059,/data/ranran/my_ptm/croton/data/structure_pipeline/pdb/P60059.pdb,exact_sequence_match,True
P60228,/data/ranran/my_ptm/croton/data/structure_pipeline/pdb/P60228.pdb,exact_sequence_match,True
P60604,,missing_pdb,False
P60660,,missing_pdb,False
P60866-2,,missing_pdb,False
P61009,/data/ranran/my_ptm/croton/data/structure_pipeline/pdb/P61009.pdb,exact_sequence_match,True
P61011,/data/ranran/my_ptm/croton/data/structure_pipeline/pdb/P61011.pdb,exact_sequence_match,True
P61024,,missing_pdb,False
P61081,/data/ranran/my_ptm/croton/data/structure_pipeline/pdb/P61081.pdb,exact_sequence_match,True
P61086,/data/ranran/my_ptm/croton/data/structure_pipeline/pdb/P61086.pdb,exact_sequence_match,True
P61158,/data/ranran/my_ptm/croton/data/structure_pipeline/pdb/P61158.pdb,exact_sequence_match,True
P61221,/data/ranran/my_ptm/croton/data/structure_pipeline/pdb/P61221.pdb,exact_sequence_match,True
P61244-6,,missing_pdb,False
P61289,/data/ranran/my_ptm/croton/data/structure_pipeline/pdb/P61289.pdb,exact_sequence_match,True
P61326-2,,missing_pdb,False
P61353,/data/ranran/my_ptm/croton/data/structure_pipeline/pdb/P61353.pdb,exact_sequence_match,True
P61421,/data/ranran/my_ptm/croton/data/structure_pipeline/pdb/P61421.pdb,exact_sequence_match,True
P61513,,missing_pdb,False
P61604,/data/ranran/my_ptm/croton/data/structure_pipeline/pdb/P61604.pdb,exact_sequence_match,True
P61758,/data/ranran/my_ptm/croton/data/structure_pipeline/pdb/P61758.pdb,exact_sequence_match,True
P61764,/data/ranran/my_ptm/croton/data/structure_pipeline/pdb/P61764.pdb,exact_sequence_match,True
P61769,/data/ranran/my_ptm/croton/data/structure_pipeline/pdb/P61769.pdb,exact_sequence_match,True
P61916,/data/ranran/my_ptm/croton/data/structure_pipeline/pdb/P61916.pdb,exact_sequence_match,True
P61923,/data/ranran/my_ptm/croton/data/structure_pipeline/pdb/P61923.pdb,exact_sequence_match,True
P61927,/data/ranran/my_ptm/croton/data/structure_pipeline/pdb/P61927.pdb,exact_sequence_match,True
P61956-2,,missing_pdb,False
P61964,/data/ranran/my_ptm/croton/data/structure_pipeline/pdb/P61964.pdb,exact_sequence_match,True
P61970,,missing_pdb,False
P61978-2,,missing_pdb,False
P62072,/data/ranran/my_ptm/croton/data/structure_pipeline/pdb/P62072.pdb,exact_sequence_match,True
P62081,/data/ranran/my_ptm/croton/data/structure_pipeline/pdb/P62081.pdb,exact_sequence_match,True
P62129,,missing_pdb,False
P62136,/data/ranran/my_ptm/croton/data/structure_pipeline/pdb/P62136.pdb,exact_sequence_match,True
P62241,/data/ranran/my_ptm/croton/data/structure_pipeline/pdb/P62241.pdb,exact_sequence_match,True
P62244,/data/ranran/my_ptm/croton/data/structure_pipeline/pdb/P62244.pdb,exact_sequence_match,True
P62256,/data/ranran/my_ptm/croton/data/structure_pipeline/pdb/P62256.pdb,exact_sequence_match,True
P62258,/data/ranran/my_ptm/croton/data/structure_pipeline/pdb/P62258.pdb,exact_sequence_match,True
P62263,/data/ranran/my_ptm/croton/data/structure_pipeline/pdb/P62263.pdb,exact_sequence_match,True
P62273,/data/ranran/my_ptm/croton/data/structure_pipeline/pdb/P62273.pdb,exact_sequence_match,True
P62280,/data/ranran/my_ptm/croton/data/structure_pipeline/pdb/P62280.pdb,exact_sequence_match,True
P62304,/data/ranran/my_ptm/croton/data/structure_pipeline/pdb/P62304.pdb,exact_sequence_match,True
P62306,/data/ranran/my_ptm/croton/data/structure_pipeline/pdb/P62306.pdb,exact_sequence_match,True
P62308,,missing_pdb,False
P62312,,missing_pdb,False
P62316,/data/ranran/my_ptm/croton/data/structure_pipeline/pdb/P62316.pdb,exact_sequence_match,True
P62318,/data/ranran/my_ptm/croton/data/structure_pipeline/pdb/P62318.pdb,exact_sequence_match,True
P62328,,missing_pdb,False
P62495,/data/ranran/my_ptm/croton/data/structure_pipeline/pdb/P62495.pdb,exact_sequence_match,True
P62633,/data/ranran/my_ptm/croton/data/structure_pipeline/pdb/P62633.pdb,exact_sequence_match,True
P62701,,missing_pdb,False
P62829,/data/ranran/my_ptm/croton/data/structure_pipeline/pdb/P62829.pdb,exact_sequence_match,True
P62841,/data/ranran/my_ptm/croton/data/structure_pipeline/pdb/P62841.pdb,exact_sequence_match,True
P62847-4,,missing_pdb,False
P62851,/data/ranran/my_ptm/croton/data/structure_pipeline/pdb/P62851.pdb,exact_sequence_match,True
P62857,/data/ranran/my_ptm/croton/data/structure_pipeline/pdb/P62857.pdb,exact_sequence_match,True
P62861,,missing_pdb,False
P62873,/data/ranran/my_ptm/croton/data/structure_pipeline/pdb/P62873.pdb,exact_sequence_match,True
P62888,/data/ranran/my_ptm/croton/data/structure_pipeline/pdb/P62888.pdb,exact_sequence_match,True
P62891,/data/ranran/my_ptm/croton/data/structure_pipeline/pdb/P62891.pdb,exact_sequence_match,True
P62906,/data/ranran/my_ptm/croton/data/structure_pipeline/pdb/P62906.pdb,exact_sequence_match,True
P62993,/data/ranran/my_ptm/croton/data/structure_pipeline/pdb/P62993.pdb,exact_sequence_match,True
P63010,,missing_pdb,False
P63092,,missing_pdb,False
P63151,,missing_pdb,False
P63165,,missing_pdb,False
P63167,/data/ranran/my_ptm/croton/data/structure_pipeline/pdb/P63167.pdb,exact_sequence_match,True
P63173,/data/ranran/my_ptm/croton/data/structure_pipeline/pdb/P63173.pdb,exact_sequence_match,True
P63208,/data/ranran/my_ptm/croton/data/structure_pipeline/pdb/P63208.pdb,exact_sequence_match,True
P63220,/data/ranran/my_ptm/croton/data/structure_pipeline/pdb/P63220.pdb,exact_sequence_match,True
P67812,/data/ranran/my_ptm/croton/data/structure_pipeline/pdb/P67812.pdb,exact_sequence_match,True
P67870,,missing_pdb,False
P68400,/data/ranran/my_ptm/croton/data/structure_pipeline/pdb/P68400.pdb,exact_sequence_match,True
P69660,,missing_pdb,False
P78316,/data/ranran/my_ptm/croton/data/structure_pipeline/pdb/P78316.pdb,exact_sequence_match,True
P78318,/data/ranran/my_ptm/croton/data/structure_pipeline/pdb/P78318.pdb,exact_sequence_match,True
P78344,/data/ranran/my_ptm/croton/data/structure_pipeline/pdb/P78344.pdb,exact_sequence_match,True
P78345,/data/ranran/my_ptm/croton/data/structure_pipeline/pdb/P78345.pdb,exact_sequence_match,True
P78347,/data/ranran/my_ptm/croton/data/structure_pipeline/pdb/P78347.pdb,exact_sequence_match,True
P78406,/data/ranran/my_ptm/croton/data/structure_pipeline/pdb/P78406.pdb,exact_sequence_match,True
P78417,/data/ranran/my_ptm/croton/data/structure_pipeline/pdb/P78417.pdb,exact_sequence_match,True
P78527,,missing_pdb,False
P80188,,missing_pdb,False
P80461,,missing_pdb,False
P80723,/data/ranran/my_ptm/croton/data/structure_pipeline/pdb/P80723.pdb,exact_sequence_match,True
P81241,,missing_pdb,False
P82094,/data/ranran/my_ptm/croton/data/structure_pipeline/pdb/P82094.pdb,exact_sequence_match,True
P82650,/data/ranran/my_ptm/croton/data/structure_pipeline/pdb/P82650.pdb,exact_sequence_match,True
P82664,,missing_pdb,False
P82673,/data/ranran/my_ptm/croton/data/structure_pipeline/pdb/P82673.pdb,exact_sequence_match,True
P82675,/data/ranran/my_ptm/croton/data/structure_pipeline/pdb/P82675.pdb,exact_sequence_match,True
P82914,/data/ranran/my_ptm/croton/data/structure_pipeline/pdb/P82914.pdb,exact_sequence_match,True
P82932,,missing_pdb,False
P82933,/data/ranran/my_ptm/croton/data/structure_pipeline/pdb/P82933.pdb,exact_sequence_match,True
P82970,/data/ranran/my_ptm/croton/data/structure_pipeline/pdb/P82970.pdb,exact_sequence_match,True
P82979,/data/ranran/my_ptm/croton/data/structure_pipeline/pdb/P82979.pdb,exact_sequence_match,True
P83111,/data/ranran/my_ptm/croton/data/structure_pipeline/pdb/P83111.pdb,exact_sequence_match,True
P83731,/data/ranran/my_ptm/croton/data/structure_pipeline/pdb/P83731.pdb,exact_sequence_match,True
P83881,/data/ranran/my_ptm/croton/data/structure_pipeline/pdb/P83881.pdb,exact_sequence_match,True
P84090,/data/ranran/my_ptm/croton/data/structure_pipeline/pdb/P84090.pdb,exact_sequence_match,True
P84098,/data/ranran/my_ptm/croton/data/structure_pipeline/pdb/P84098.pdb,exact_sequence_match,True
P84101-4,,missing_pdb,False
P84103,,missing_pdb,False
P84103-2,,missing_pdb,False
P86276,,missing_pdb,False
P92683,,missing_pdb,False
P93352,,missing_pdb,False
P93394,,missing_pdb,False
P93395,,missing_pdb,False
P93407,,missing_pdb,False
P93422,,missing_pdb,False
P98175,/data/ranran/my_ptm/croton/data/structure_pipeline/pdb/P98175.pdb,exact_sequence_match,True
P99999,/data/ranran/my_ptm/croton/data/structure_pipeline/pdb/P99999.pdb,exact_sequence_match,True
Q00059,/data/ranran/my_ptm/croton/data/structure_pipeline/pdb/Q00059.pdb,exact_sequence_match,True
Q00341,/data/ranran/my_ptm/croton/data/structure_pipeline/pdb/Q00341.pdb;/data/ranran/my_ptm/croton/data/structure_pipeline/pdb/AF-Q00341-F1-model_v6.pdb,sequence_mismatch,False
Q00577,/data/ranran/my_ptm/croton/data/structure_pipeline/pdb/Q00577.pdb,exact_sequence_match,True
Q00653,/data/ranran/my_ptm/croton/data/structure_pipeline/pdb/Q00653.pdb,exact_sequence_match,True
Q00688,/data/ranran/my_ptm/croton/data/structure_pipeline/pdb/Q00688.pdb,exact_sequence_match,True
Q006P9,,missing_pdb,False
Q00765,/data/ranran/my_ptm/croton/data/structure_pipeline/pdb/Q00765.pdb,exact_sequence_match,True
Q00796,/data/ranran/my_ptm/croton/data/structure_pipeline/pdb/Q00796.pdb,exact_sequence_match,True
Q01081,/data/ranran/my_ptm/croton/data/structure_pipeline/pdb/Q01081.pdb,exact_sequence_match,True
Q01082,,missing_pdb,False
Q01085-2,,missing_pdb,False
Q01105,/data/ranran/my_ptm/croton/data/structure_pipeline/pdb/Q01105.pdb,exact_sequence_match,True
Q01130,,missing_pdb,False
Q01469,/data/ranran/my_ptm/croton/data/structure_pipeline/pdb/Q01469.pdb,exact_sequence_match,True
Q01484,,missing_pdb,False
Q01518,,missing_pdb,False
Q01650,/data/ranran/my_ptm/croton/data/structure_pipeline/pdb/Q01650.pdb,exact_sequence_match,True
Q01780,/data/ranran/my_ptm/croton/data/structure_pipeline/pdb/Q01780.pdb,exact_sequence_match,True
Q01831,/data/ranran/my_ptm/croton/data/structure_pipeline/pdb/Q01831.pdb,exact_sequence_match,True
Q01844,/data/ranran/my_ptm/croton/data/structure_pipeline/pdb/Q01844.pdb,exact_sequence_match,True
Q01970,/data/ranran/my_ptm/croton/data/structure_pipeline/pdb/Q01970.pdb,exact_sequence_match,True
Q02224,,missing_pdb,False
Q02252,/data/ranran/my_ptm/croton/data/structure_pipeline/pdb/Q02252.pdb,exact_sequence_match,True
Q02543,/data/ranran/my_ptm/croton/data/structure_pipeline/pdb/Q02543.pdb,exact_sequence_match,True
Q02585,,missing_pdb,False
Q02750,,missing_pdb,False
Q02790,/data/ranran/my_ptm/croton/data/structure_pipeline/pdb/Q02790.pdb,exact_sequence_match,True
Q02818,/data/ranran/my_ptm/croton/data/structure_pipeline/pdb/Q02818.pdb,exact_sequence_match,True
Q02878,/data/ranran/my_ptm/croton/data/structure_pipeline/pdb/Q02878.pdb,exact_sequence_match,True
Q02880,/data/ranran/my_ptm/croton/data/structure_pipeline/pdb/Q02880.pdb,exact_sequence_match,True
Q02952,,missing_pdb,False
Q03001,,missing_pdb,False
Q03135,/data/ranran/my_ptm/croton/data/structure_pipeline/pdb/Q03135.pdb,exact_sequence_match,True
Q03169,,missing_pdb,False
Q03683,,missing_pdb,False
Q03701,/data/ranran/my_ptm/croton/data/structure_pipeline/pdb/Q03701.pdb,exact_sequence_match,True
Q03938,,missing_pdb,False
Q04637,/data/ranran/my_ptm/croton/data/structure_pipeline/pdb/Q04637.pdb,exact_sequence_match,True
Q04727,/data/ranran/my_ptm/croton/data/structure_pipeline/pdb/Q04727.pdb,exact_sequence_match,True
Q04760,/data/ranran/my_ptm/croton/data/structure_pipeline/pdb/Q04760.pdb,exact_sequence_match,True
Q04837,/data/ranran/my_ptm/croton/data/structure_pipeline/pdb/Q04837.pdb,exact_sequence_match,True
Q05193,,missing_pdb,False
Q05209,/data/ranran/my_ptm/croton/data/structure_pipeline/pdb/Q05209.pdb,exact_sequence_match,True
Q05315,,missing_pdb,False
Q05519,/data/ranran/my_ptm/croton/data/structure_pipeline/pdb/Q05519.pdb,exact_sequence_match,True
Q05682,/data/ranran/my_ptm/croton/data/structure_pipeline/pdb/Q05682.pdb,exact_sequence_match,True
Q06136,/data/ranran/my_ptm/croton/data/structure_pipeline/pdb/Q06136.pdb,exact_sequence_match,True
Q06210,/data/ranran/my_ptm/croton/data/structure_pipeline/pdb/Q06210.pdb,exact_sequence_match,True
Q06265,/data/ranran/my_ptm/croton/data/structure_pipeline/pdb/Q06265.pdb,exact_sequence_match,True
Q06481,/data/ranran/my_ptm/croton/data/structure_pipeline/pdb/Q06481.pdb,exact_sequence_match,True
Q06546,/data/ranran/my_ptm/croton/data/structure_pipeline/pdb/Q06546.pdb,exact_sequence_match,True
Q07002-3,,missing_pdb,False
Q07021,/data/ranran/my_ptm/croton/data/structure_pipeline/pdb/Q07021.pdb,exact_sequence_match,True
Q07065,/data/ranran/my_ptm/croton/data/structure_pipeline/pdb/Q07065.pdb,exact_sequence_match,True
Q07157,/data/ranran/my_ptm/croton/data/structure_pipeline/pdb/Q07157.pdb,exact_sequence_match,True
Q07283,,missing_pdb,False
Q07666,/data/ranran/my_ptm/croton/data/structure_pipeline/pdb/Q07666.pdb,exact_sequence_match,True
Q07812,,missing_pdb,False
Q07866,,missing_pdb,False
Q07955-2,,missing_pdb,False
Q07973,,missing_pdb,False
Q08170,/data/ranran/my_ptm/croton/data/structure_pipeline/pdb/Q08170.pdb,exact_sequence_match,True
Q08209,,missing_pdb,False
Q08211,/data/ranran/my_ptm/croton/data/structure_pipeline/pdb/Q08211.pdb,exact_sequence_match,True
Q08378,/data/ranran/my_ptm/croton/data/structure_pipeline/pdb/Q08378.pdb,exact_sequence_match,True
Q08379,/data/ranran/my_ptm/croton/data/structure_pipeline/pdb/Q08379.pdb,exact_sequence_match,True
Q08380,,missing_pdb,False
Q08480,,missing_pdb,False
Q08722,,missing_pdb,False
Q08945,/data/ranran/my_ptm/croton/data/structure_pipeline/pdb/Q08945.pdb,exact_sequence_match,True
Q08AF3,,missing_pdb,False
Q08AH3,,missing_pdb,False
Q08J23,/data/ranran/my_ptm/croton/data/structure_pipeline/pdb/Q08J23.pdb,exact_sequence_match,True
Q09028,/data/ranran/my_ptm/croton/data/structure_pipeline/pdb/Q09028.pdb,exact_sequence_match,True
Q09161,/data/ranran/my_ptm/croton/data/structure_pipeline/pdb/Q09161.pdb,exact_sequence_match,True
Q09666,,missing_pdb,False
Q0D4G9,,missing_pdb,False
Q0D698,,missing_pdb,False
Q0D6I0,,missing_pdb,False
Q0D6V8,,missing_pdb,False
Q0D7K9,,missing_pdb,False
Q0D8E4,,missing_pdb,False
Q0D8F6,,missing_pdb,False
Q0DBF9,,missing_pdb,False
Q0DD57,,missing_pdb,False
Q0DDD3,,missing_pdb,False
Q0DE52,,missing_pdb,False
Q0DG36,,missing_pdb,False
Q0DH55,,missing_pdb,False
Q0DHB9,,missing_pdb,False
Q0DI98,,missing_pdb,False
Q0DIK2,,missing_pdb,False
Q0DIM2,,missing_pdb,False
Q0DJF9,,missing_pdb,False
Q0DNW0,,missing_pdb,False
Q0DP12,,missing_pdb,False
Q0DQM6,,missing_pdb,False
Q0DR25,,missing_pdb,False
Q0DRY8,,missing_pdb,False
Q0DTX5,,missing_pdb,False
Q0DV32,,missing_pdb,False
Q0DVH3,,missing_pdb,False
Q0DVX8,,missing_pdb,False
Q0DXL7,,missing_pdb,False
Q0DXV3,,missing_pdb,False
Q0DZF7,,missing_pdb,False
Q0ILJ2,,missing_pdb,False
Q0ILV0,,missing_pdb,False
Q0INM3,,missing_pdb,False
Q0IPE5,,missing_pdb,False
Q0IQF7,,missing_pdb,False
Q0ISF5,,missing_pdb,False
Q0ISV6,,missing_pdb,False
Q0IWS0,,missing_pdb,False
Q0IZQ4,,missing_pdb,False
Q0J0H7,,missing_pdb,False
Q0J4K2,,missing_pdb,False
Q0J4Y4,,missing_pdb,False
Q0J5L9,,missing_pdb,False
Q0J692,,missing_pdb,False
Q0J9Q1,,missing_pdb,False
Q0J9V5,,missing_pdb,False
Q0JAJ2,,missing_pdb,False
Q0JE28,,missing_pdb,False
Q0JEM8,,missing_pdb,False
Q0JFE2,,missing_pdb,False
Q0JH25,,missing_pdb,False
Q0JIL9,,missing_pdb,False
Q0JL44,,missing_pdb,False
Q0JLN9,,missing_pdb,False
Q0JLS6,,missing_pdb,False
Q0JM76,,missing_pdb,False
Q0JNR2,,missing_pdb,False
Q0JPA6,,missing_pdb,False
Q0JQL7,,missing_pdb,False
Q0JRZ9,/data/ranran/my_ptm/croton/data/structure_pipeline/pdb/Q0JRZ9.pdb,exact_sequence_match,True
Q0P651,,missing_pdb,False
Q10471,/data/ranran/my_ptm/croton/data/structure_pipeline/pdb/Q10471.pdb,exact_sequence_match,True
Q10570,/data/ranran/my_ptm/croton/data/structure_pipeline/pdb/Q10570.pdb,exact_sequence_match,True
Q10713,/data/ranran/my_ptm/croton/data/structure_pipeline/pdb/Q10713.pdb,exact_sequence_match,True
Q10FQ7,,missing_pdb,False
Q10LX5,,missing_pdb,False
Q10M50,,missing_pdb,False
Q10M57,,missing_pdb,False
Q10MD5,,missing_pdb,False
Q10MK5,,missing_pdb,False
Q10MQ2,,missing_pdb,False
Q10MT2,,missing_pdb,False
Q10PV6,,missing_pdb,False
Q10Q21,,missing_pdb,False
Q10Q40,,missing_pdb,False
Q10QH0,,missing_pdb,False
Q10RE5,,missing_pdb,False
Q10SU0,,missing_pdb,False
Q12769,/data/ranran/my_ptm/croton/data/structure_pipeline/pdb/Q12769.pdb,exact_sequence_match,True
Q12788,/data/ranran/my_ptm/croton/data/structure_pipeline/pdb/Q12788.pdb,exact_sequence_match,True
Q12789,/data/ranran/my_ptm/croton/data/structure_pipeline/pdb/Q12789.pdb,exact_sequence_match,True
Q12792,/data/ranran/my_ptm/croton/data/structure_pipeline/pdb/Q12792.pdb,exact_sequence_match,True
Q12792-4,,missing_pdb,False
Q12797,/data/ranran/my_ptm/croton/data/structure_pipeline/pdb/Q12797.pdb,exact_sequence_match,True
Q12802,,missing_pdb,False
Q12837,,missing_pdb,False
Q12849,/data/ranran/my_ptm/croton/data/structure_pipeline/pdb/Q12849.pdb,exact_sequence_match,True
Q12857,,missing_pdb,False
Q12860,,missing_pdb,False
Q12872,,missing_pdb,False
Q12874,/data/ranran/my_ptm/croton/data/structure_pipeline/pdb/Q12874.pdb,exact_sequence_match,True
Q12904,/data/ranran/my_ptm/croton/data/structure_pipeline/pdb/Q12904.pdb,exact_sequence_match,True
Q12905,/data/ranran/my_ptm/croton/data/structure_pipeline/pdb/Q12905.pdb,exact_sequence_match,True
Q12906-5,,missing_pdb,False
Q12906-7,,missing_pdb,False
Q12907,/data/ranran/my_ptm/croton/data/structure_pipeline/pdb/Q12907.pdb,exact_sequence_match,True
Q12933,/data/ranran/my_ptm/croton/data/structure_pipeline/pdb/Q12933.pdb,exact_sequence_match,True
Q12965,/data/ranran/my_ptm/croton/data/structure_pipeline/pdb/Q12965.pdb,exact_sequence_match,True
Q12996,/data/ranran/my_ptm/croton/data/structure_pipeline/pdb/Q12996.pdb,exact_sequence_match,True
Q13011,/data/ranran/my_ptm/croton/data/structure_pipeline/pdb/Q13011.pdb,exact_sequence_match,True
Q13042,/data/ranran/my_ptm/croton/data/structure_pipeline/pdb/Q13042.pdb,exact_sequence_match,True
Q13045,/data/ranran/my_ptm/croton/data/structure_pipeline/pdb/Q13045.pdb,exact_sequence_match,True
Q13084,/data/ranran/my_ptm/croton/data/structure_pipeline/pdb/Q13084.pdb,exact_sequence_match,True
Q13085,,missing_pdb,False
Q13098,/data/ranran/my_ptm/croton/data/structure_pipeline/pdb/Q13098.pdb,exact_sequence_match,True
Q13123,/data/ranran/my_ptm/croton/data/structure_pipeline/pdb/Q13123.pdb,exact_sequence_match,True
Q13126,/data/ranran/my_ptm/croton/data/structure_pipeline/pdb/Q13126.pdb,exact_sequence_match,True
Q13136,,missing_pdb,False
Q13137,/data/ranran/my_ptm/croton/data/structure_pipeline/pdb/Q13137.pdb,exact_sequence_match,True
Q13148,/data/ranran/my_ptm/croton/data/structure_pipeline/pdb/Q13148.pdb,exact_sequence_match,True
Q13155,/data/ranran/my_ptm/croton/data/structure_pipeline/pdb/Q13155.pdb,exact_sequence_match,True
Q13158,/data/ranran/my_ptm/croton/data/structure_pipeline/pdb/Q13158.pdb,exact_sequence_match,True
Q13162,/data/ranran/my_ptm/croton/data/structure_pipeline/pdb/Q13162.pdb,exact_sequence_match,True
Q13177,/data/ranran/my_ptm/croton/data/structure_pipeline/pdb/Q13177.pdb,exact_sequence_match,True
Q13190,,missing_pdb,False
Q13200,/data/ranran/my_ptm/croton/data/structure_pipeline/pdb/Q13200.pdb,exact_sequence_match,True
Q13201,,missing_pdb,False
Q13206,/data/ranran/my_ptm/croton/data/structure_pipeline/pdb/Q13206.pdb,exact_sequence_match,True
Q13217,/data/ranran/my_ptm/croton/data/structure_pipeline/pdb/Q13217.pdb,exact_sequence_match,True
Q13228,/data/ranran/my_ptm/croton/data/structure_pipeline/pdb/Q13228.pdb,exact_sequence_match,True
Q13242,/data/ranran/my_ptm/croton/data/structure_pipeline/pdb/Q13242.pdb,exact_sequence_match,True
Q13243,,missing_pdb,False
Q13247,,missing_pdb,False
Q13263,/data/ranran/my_ptm/croton/data/structure_pipeline/pdb/Q13263.pdb,exact_sequence_match,True
Q13268,,missing_pdb,False
Q13277,,missing_pdb,False
Q13287,/data/ranran/my_ptm/croton/data/structure_pipeline/pdb/Q13287.pdb,exact_sequence_match,True
Q13347,/data/ranran/my_ptm/croton/data/structure_pipeline/pdb/Q13347.pdb,exact_sequence_match,True
Q13356,/data/ranran/my_ptm/croton/data/structure_pipeline/pdb/Q13356.pdb,exact_sequence_match,True
Q13362,,missing_pdb,False
Q13363,,missing_pdb,False
Q13405,/data/ranran/my_ptm/croton/data/structure_pipeline/pdb/Q13405.pdb,exact_sequence_match,True
Q13409,/data/ranran/my_ptm/croton/data/structure_pipeline/pdb/Q13409.pdb,exact_sequence_match,True
Q13418,/data/ranran/my_ptm/croton/data/structure_pipeline/pdb/Q13418.pdb,exact_sequence_match,True
Q13423,/data/ranran/my_ptm/croton/data/structure_pipeline/pdb/Q13423.pdb,exact_sequence_match,True
Q13427,,missing_pdb,False
Q13428,/data/ranran/my_ptm/croton/data/structure_pipeline/pdb/Q13428.pdb,exact_sequence_match,True
Q13435,/data/ranran/my_ptm/croton/data/structure_pipeline/pdb/Q13435.pdb,exact_sequence_match,True
Q13438,,missing_pdb,False
Q13439,/data/ranran/my_ptm/croton/data/structure_pipeline/pdb/Q13439.pdb,exact_sequence_match,True
Q13442,/data/ranran/my_ptm/croton/data/structure_pipeline/pdb/Q13442.pdb,exact_sequence_match,True
Q13443,,missing_pdb,False
Q13454,,missing_pdb,False
Q13492,/data/ranran/my_ptm/croton/data/structure_pipeline/pdb/Q13492.pdb,exact_sequence_match,True
Q13501,/data/ranran/my_ptm/croton/data/structure_pipeline/pdb/Q13501.pdb,exact_sequence_match,True
Q13505,,missing_pdb,False
Q13510,,missing_pdb,False
Q13523,/data/ranran/my_ptm/croton/data/structure_pipeline/pdb/Q13523.pdb,exact_sequence_match,True
Q13541,,missing_pdb,False
Q13561,/data/ranran/my_ptm/croton/data/structure_pipeline/pdb/Q13561.pdb,exact_sequence_match,True
Q13564-4,,missing_pdb,False
Q13569,/data/ranran/my_ptm/croton/data/structure_pipeline/pdb/Q13569.pdb,exact_sequence_match,True
Q13586,/data/ranran/my_ptm/croton/data/structure_pipeline/pdb/Q13586.pdb,exact_sequence_match,True
Q13595,/data/ranran/my_ptm/croton/data/structure_pipeline/pdb/Q13595.pdb,exact_sequence_match,True
Q13596,/data/ranran/my_ptm/croton/data/structure_pipeline/pdb/Q13596.pdb,exact_sequence_match,True
Q13601,/data/ranran/my_ptm/croton/data/structure_pipeline/pdb/Q13601.pdb,exact_sequence_match,True
Q13610,/data/ranran/my_ptm/croton/data/structure_pipeline/pdb/Q13610.pdb,exact_sequence_match,True
Q13616,/data/ranran/my_ptm/croton/data/structure_pipeline/pdb/Q13616.pdb,exact_sequence_match,True
Q13620,/data/ranran/my_ptm/croton/data/structure_pipeline/pdb/Q13620.pdb,exact_sequence_match,True
Q13630,/data/ranran/my_ptm/croton/data/structure_pipeline/pdb/Q13630.pdb,exact_sequence_match,True
Q13637,/data/ranran/my_ptm/croton/data/structure_pipeline/pdb/Q13637.pdb,exact_sequence_match,True
Q13641,,missing_pdb,False
Q13642,/data/ranran/my_ptm/croton/data/structure_pipeline/pdb/Q13642.pdb,exact_sequence_match,True
Q13724,/data/ranran/my_ptm/croton/data/structure_pipeline/pdb/Q13724.pdb,exact_sequence_match,True
Q13740,/data/ranran/my_ptm/croton/data/structure_pipeline/pdb/Q13740.pdb,exact_sequence_match,True
Q13765,,missing_pdb,False
Q13813,/data/ranran/my_ptm/croton/data/structure_pipeline/pdb/Q13813.pdb,exact_sequence_match,True
Q13823,/data/ranran/my_ptm/croton/data/structure_pipeline/pdb/Q13823.pdb,exact_sequence_match,True
Q13867,/data/ranran/my_ptm/croton/data/structure_pipeline/pdb/Q13867.pdb,exact_sequence_match,True
Q13868,,missing_pdb,False
Q13895,/data/ranran/my_ptm/croton/data/structure_pipeline/pdb/Q13895.pdb,exact_sequence_match,True
Q13948,,missing_pdb,False
Q13952,/data/ranran/my_ptm/croton/data/structure_pipeline/pdb/Q13952.pdb,exact_sequence_match,True
Q14008,/data/ranran/my_ptm/croton/data/structure_pipeline/pdb/Q14008.pdb,exact_sequence_match,True
Q14011,,missing_pdb,False
Q14019,/data/ranran/my_ptm/croton/data/structure_pipeline/pdb/Q14019.pdb,exact_sequence_match,True
Q14103,,missing_pdb,False
Q14108,/data/ranran/my_ptm/croton/data/structure_pipeline/pdb/Q14108.pdb,exact_sequence_match,True
Q14116,/data/ranran/my_ptm/croton/data/structure_pipeline/pdb/Q14116.pdb,exact_sequence_match,True
Q14126,/data/ranran/my_ptm/croton/data/structure_pipeline/pdb/Q14126.pdb,exact_sequence_match,True
Q14134-2,,missing_pdb,False
Q14137,,missing_pdb,False
Q14152,/data/ranran/my_ptm/croton/data/structure_pipeline/pdb/Q14152.pdb,exact_sequence_match,True
Q14157,,missing_pdb,False
Q14161-10,,missing_pdb,False
Q14165,,missing_pdb,False
Q14168,,missing_pdb,False
Q14192,,missing_pdb,False
Q14197,/data/ranran/my_ptm/croton/data/structure_pipeline/pdb/Q14197.pdb,exact_sequence_match,True
Q14203,/data/ranran/my_ptm/croton/data/structure_pipeline/pdb/Q14203.pdb,exact_sequence_match,True
Q14204,,missing_pdb,False
Q14232,/data/ranran/my_ptm/croton/data/structure_pipeline/pdb/Q14232.pdb,exact_sequence_match,True
Q14247,/data/ranran/my_ptm/croton/data/structure_pipeline/pdb/Q14247.pdb,exact_sequence_match,True
Q14254,/data/ranran/my_ptm/croton/data/structure_pipeline/pdb/Q14254.pdb,exact_sequence_match,True
Q14258,/data/ranran/my_ptm/croton/data/structure_pipeline/pdb/Q14258.pdb,exact_sequence_match,True
Q14315,,missing_pdb,False
Q14318,/data/ranran/my_ptm/croton/data/structure_pipeline/pdb/Q14318.pdb,exact_sequence_match,True
Q14320,/data/ranran/my_ptm/croton/data/structure_pipeline/pdb/Q14320.pdb,exact_sequence_match,True
Q14444,/data/ranran/my_ptm/croton/data/structure_pipeline/pdb/Q14444.pdb,exact_sequence_match,True
Q14498,/data/ranran/my_ptm/croton/data/structure_pipeline/pdb/Q14498.pdb,exact_sequence_match,True
Q14527-2,,missing_pdb,False
Q14534,/data/ranran/my_ptm/croton/data/structure_pipeline/pdb/Q14534.pdb,exact_sequence_match,True
Q14558,,missing_pdb,False
Q14566,/data/ranran/my_ptm/croton/data/structure_pipeline/pdb/Q14566.pdb,exact_sequence_match,True
Q14573,,missing_pdb,False
Q14644,,missing_pdb,False
Q14676,,missing_pdb,False
Q14676-4,,missing_pdb,False
Q14677,/data/ranran/my_ptm/croton/data/structure_pipeline/pdb/Q14677.pdb,exact_sequence_match,True
Q14683,/data/ranran/my_ptm/croton/data/structure_pipeline/pdb/Q14683.pdb,exact_sequence_match,True
Q14684,/data/ranran/my_ptm/croton/data/structure_pipeline/pdb/Q14684.pdb,exact_sequence_match,True
Q14690,/data/ranran/my_ptm/croton/data/structure_pipeline/pdb/Q14690.pdb,exact_sequence_match,True
Q14692,/data/ranran/my_ptm/croton/data/structure_pipeline/pdb/Q14692.pdb,exact_sequence_match,True
Q14696,,missing_pdb,False
Q14697,/data/ranran/my_ptm/croton/data/structure_pipeline/pdb/Q14697.pdb,exact_sequence_match,True
Q14739,/data/ranran/my_ptm/croton/data/structure_pipeline/pdb/Q14739.pdb,exact_sequence_match,True
Q14764,/data/ranran/my_ptm/croton/data/structure_pipeline/pdb/Q14764.pdb,exact_sequence_match,True
Q14789,,missing_pdb,False
Q14839,,missing_pdb,False
Q14847,/data/ranran/my_ptm/croton/data/structure_pipeline/pdb/Q14847.pdb,exact_sequence_match,True
Q14964,,missing_pdb,False
Q14966,/data/ranran/my_ptm/croton/data/structure_pipeline/pdb/Q14966.pdb,exact_sequence_match,True
Q14974,/data/ranran/my_ptm/croton/data/structure_pipeline/pdb/Q14974.pdb,exact_sequence_match,True
Q14978-2,,missing_pdb,False
Q14980,/data/ranran/my_ptm/croton/data/structure_pipeline/pdb/Q14980.pdb,exact_sequence_match,True
Q14BN4,/data/ranran/my_ptm/croton/data/structure_pipeline/pdb/Q14BN4.pdb,exact_sequence_match,True
Q14C86-6,,missing_pdb,False
Q14CX7,/data/ranran/my_ptm/croton/data/structure_pipeline/pdb/Q14CX7.pdb,exact_sequence_match,True
Q15003,/data/ranran/my_ptm/croton/data/structure_pipeline/pdb/Q15003.pdb,exact_sequence_match,True
Q15005,/data/ranran/my_ptm/croton/data/structure_pipeline/pdb/Q15005.pdb,exact_sequence_match,True
Q15012,,missing_pdb,False
Q15019,,missing_pdb,False
Q15021,/data/ranran/my_ptm/croton/data/structure_pipeline/pdb/Q15021.pdb,exact_sequence_match,True
Q15041,/data/ranran/my_ptm/croton/data/structure_pipeline/pdb/Q15041.pdb,exact_sequence_match,True
Q15046,/data/ranran/my_ptm/croton/data/structure_pipeline/pdb/Q15046.pdb,exact_sequence_match,True
Q15050,/data/ranran/my_ptm/croton/data/structure_pipeline/pdb/Q15050.pdb,exact_sequence_match,True
Q15054,/data/ranran/my_ptm/croton/data/structure_pipeline/pdb/Q15054.pdb,exact_sequence_match,True
Q15054-3,,missing_pdb,False
Q15056,/data/ranran/my_ptm/croton/data/structure_pipeline/pdb/Q15056.pdb,exact_sequence_match,True
Q15057,/data/ranran/my_ptm/croton/data/structure_pipeline/pdb/Q15057.pdb,exact_sequence_match,True
Q15061,/data/ranran/my_ptm/croton/data/structure_pipeline/pdb/Q15061.pdb,exact_sequence_match,True
Q15070,/data/ranran/my_ptm/croton/data/structure_pipeline/pdb/Q15070.pdb;/data/ranran/my_ptm/croton/data/structure_pipeline/pdb/AF-Q15070-F1-model_v6.pdb,sequence_mismatch,False
Q15075,/data/ranran/my_ptm/croton/data/structure_pipeline/pdb/Q15075.pdb,exact_sequence_match,True
Q15084-2,,missing_pdb,False
Q15121,/data/ranran/my_ptm/croton/data/structure_pipeline/pdb/Q15121.pdb,exact_sequence_match,True
Q15125,/data/ranran/my_ptm/croton/data/structure_pipeline/pdb/Q15125.pdb,exact_sequence_match,True
Q15126,/data/ranran/my_ptm/croton/data/structure_pipeline/pdb/Q15126.pdb,exact_sequence_match,True
Q15149,,missing_pdb,False
Q15154,/data/ranran/my_ptm/croton/data/structure_pipeline/pdb/Q15154.pdb;/data/ranran/my_ptm/croton/data/structure_pipeline/pdb/AF-Q15154-F1-model_v6.pdb,sequence_mismatch,False
Q15155,,missing_pdb,False
Q15185,/data/ranran/my_ptm/croton/data/structure_pipeline/pdb/Q15185.pdb,exact_sequence_match,True
Q15257,/data/ranran/my_ptm/croton/data/structure_pipeline/pdb/Q15257.pdb,exact_sequence_match,True
Q15269,/data/ranran/my_ptm/croton/data/structure_pipeline/pdb/Q15269.pdb,exact_sequence_match,True
Q15276,/data/ranran/my_ptm/croton/data/structure_pipeline/pdb/Q15276.pdb,exact_sequence_match,True
Q15287,/data/ranran/my_ptm/croton/data/structure_pipeline/pdb/Q15287.pdb,exact_sequence_match,True
Q15293,/data/ranran/my_ptm/croton/data/structure_pipeline/pdb/Q15293.pdb,exact_sequence_match,True
Q15366,,missing_pdb,False
Q15369,/data/ranran/my_ptm/croton/data/structure_pipeline/pdb/Q15369.pdb,exact_sequence_match,True
Q15370,/data/ranran/my_ptm/croton/data/structure_pipeline/pdb/Q15370.pdb,exact_sequence_match,True
Q15388,/data/ranran/my_ptm/croton/data/structure_pipeline/pdb/Q15388.pdb,exact_sequence_match,True
Q15393,/data/ranran/my_ptm/croton/data/structure_pipeline/pdb/Q15393.pdb,exact_sequence_match,True
Q15397,/data/ranran/my_ptm/croton/data/structure_pipeline/pdb/Q15397.pdb,exact_sequence_match,True
Q15404,/data/ranran/my_ptm/croton/data/structure_pipeline/pdb/Q15404.pdb,exact_sequence_match,True
Q15417,/data/ranran/my_ptm/croton/data/structure_pipeline/pdb/Q15417.pdb,exact_sequence_match,True
Q15427,/data/ranran/my_ptm/croton/data/structure_pipeline/pdb/Q15427.pdb,exact_sequence_match,True
Q15428,/data/ranran/my_ptm/croton/data/structure_pipeline/pdb/Q15428.pdb,exact_sequence_match,True
Q15435,/data/ranran/my_ptm/croton/data/structure_pipeline/pdb/Q15435.pdb,exact_sequence_match,True
Q15436,,missing_pdb,False
Q15459,/data/ranran/my_ptm/croton/data/structure_pipeline/pdb/Q15459.pdb,exact_sequence_match,True
Q15554,,missing_pdb,False
Q15555,/data/ranran/my_ptm/croton/data/structure_pipeline/pdb/Q15555.pdb,exact_sequence_match,True
Q15629,/data/ranran/my_ptm/croton/data/structure_pipeline/pdb/Q15629.pdb,exact_sequence_match,True
Q15631,/data/ranran/my_ptm/croton/data/structure_pipeline/pdb/Q15631.pdb,exact_sequence_match,True
Q15637,/data/ranran/my_ptm/croton/data/structure_pipeline/pdb/Q15637.pdb,exact_sequence_match,True
Q15642,,missing_pdb,False
Q15643,/data/ranran/my_ptm/croton/data/structure_pipeline/pdb/Q15643.pdb,exact_sequence_match,True
Q15648,,missing_pdb,False
Q15651-2,,missing_pdb,False
Q15700,,missing_pdb,False
Q15717,,missing_pdb,False
Q15723,,missing_pdb,False
Q15738,/data/ranran/my_ptm/croton/data/structure_pipeline/pdb/Q15738.pdb,exact_sequence_match,True
Q15758,/data/ranran/my_ptm/croton/data/structure_pipeline/pdb/Q15758.pdb,exact_sequence_match,True
Q15785,/data/ranran/my_ptm/croton/data/structure_pipeline/pdb/Q15785.pdb,exact_sequence_match,True
Q15819,,missing_pdb,False
Q15836,,missing_pdb,False
Q15843,,missing_pdb,False
Q15904,,missing_pdb,False
Q16134,/data/ranran/my_ptm/croton/data/structure_pipeline/pdb/Q16134.pdb,exact_sequence_match,True
Q16204,/data/ranran/my_ptm/croton/data/structure_pipeline/pdb/Q16204.pdb,exact_sequence_match,True
Q16222,/data/ranran/my_ptm/croton/data/structure_pipeline/pdb/Q16222.pdb,exact_sequence_match,True
Q16352,/data/ranran/my_ptm/croton/data/structure_pipeline/pdb/Q16352.pdb,exact_sequence_match,True
Q16401,/data/ranran/my_ptm/croton/data/structure_pipeline/pdb/Q16401.pdb,exact_sequence_match,True
Q16531,/data/ranran/my_ptm/croton/data/structure_pipeline/pdb/Q16531.pdb,exact_sequence_match,True
Q16543,/data/ranran/my_ptm/croton/data/structure_pipeline/pdb/Q16543.pdb,exact_sequence_match,True
Q16555,/data/ranran/my_ptm/croton/data/structure_pipeline/pdb/Q16555.pdb,exact_sequence_match,True
Q16630,/data/ranran/my_ptm/croton/data/structure_pipeline/pdb/Q16630.pdb,exact_sequence_match,True
Q16643,/data/ranran/my_ptm/croton/data/structure_pipeline/pdb/Q16643.pdb,exact_sequence_match,True
Q16658,/data/ranran/my_ptm/croton/data/structure_pipeline/pdb/Q16658.pdb,exact_sequence_match,True
Q16666,/data/ranran/my_ptm/croton/data/structure_pipeline/pdb/Q16666.pdb,exact_sequence_match,True
Q16671-2,,missing_pdb,False
Q16698,,missing_pdb,False
Q16718,/data/ranran/my_ptm/croton/data/structure_pipeline/pdb/Q16718.pdb,exact_sequence_match,True
Q16719,,missing_pdb,False
Q16763,,missing_pdb,False
Q16795,/data/ranran/my_ptm/croton/data/structure_pipeline/pdb/Q16795.pdb,exact_sequence_match,True
Q16799,,missing_pdb,False
Q16836,/data/ranran/my_ptm/croton/data/structure_pipeline/pdb/Q16836.pdb,exact_sequence_match,True
Q16864,,missing_pdb,False
Q16881,,missing_pdb,False
Q16890-4,,missing_pdb,False
Q16891,/data/ranran/my_ptm/croton/data/structure_pipeline/pdb/Q16891.pdb,exact_sequence_match,True
Q1ED39,/data/ranran/my_ptm/croton/data/structure_pipeline/pdb/Q1ED39.pdb,exact_sequence_match,True
Q1KYS7,,missing_pdb,False
Q1W2L8,,missing_pdb,False
Q1W375,,missing_pdb,False
Q202M6,,missing_pdb,False
Q27J81,/data/ranran/my_ptm/croton/data/structure_pipeline/pdb/Q27J81.pdb,exact_sequence_match,True
Q29RF7,,missing_pdb,False
Q2KHN1,,missing_pdb,False
Q2KJY2,,missing_pdb,False
Q2M2I8,,missing_pdb,False
Q2QN86,,missing_pdb,False
Q2QND6,,missing_pdb,False
Q2QNG7,,missing_pdb,False
Q2QNI4,,missing_pdb,False
Q2QP54,,missing_pdb,False
Q2QP59,,missing_pdb,False
Q2QS11,,missing_pdb,False
Q2QS71,,missing_pdb,False
Q2QSR5,,missing_pdb,False
Q2QWT4,,missing_pdb,False
Q2QZL4,,missing_pdb,False
Q2R1C1,,missing_pdb,False
Q2R1J1,,missing_pdb,False
Q2R237,,missing_pdb,False
Q2R2Z0,,missing_pdb,False
Q2R3A1,,missing_pdb,False
Q2R3H6,,missing_pdb,False
Q2R8U4,,missing_pdb,False
Q2RBC6,,missing_pdb,False
Q2TAL8,/data/ranran/my_ptm/croton/data/structure_pipeline/pdb/Q2TAL8.pdb,exact_sequence_match,True
Q2TAY7,/data/ranran/my_ptm/croton/data/structure_pipeline/pdb/Q2TAY7.pdb,exact_sequence_match,True
Q2TBE0,/data/ranran/my_ptm/croton/data/structure_pipeline/pdb/Q2TBE0.pdb,exact_sequence_match,True
Q306J3,,missing_pdb,False
Q32MZ4,/data/ranran/my_ptm/croton/data/structure_pipeline/pdb/Q32MZ4.pdb,exact_sequence_match,True
Q32P28,/data/ranran/my_ptm/croton/data/structure_pipeline/pdb/Q32P28.pdb,exact_sequence_match,True
Q32Q12,,missing_pdb,False
Q33B71,,missing_pdb,False
Q38HM5,,missing_pdb,False
Q38PK4,,missing_pdb,False
Q3B820-2,,missing_pdb,False
Q3KQU3,,missing_pdb,False
Q3MHD2,/data/ranran/my_ptm/croton/data/structure_pipeline/pdb/Q3MHD2.pdb,exact_sequence_match,True
Q3V5W8,,missing_pdb,False
Q3V6T2,,missing_pdb,False
Q3ZCQ8,/data/ranran/my_ptm/croton/data/structure_pipeline/pdb/Q3ZCQ8.pdb,exact_sequence_match,True
Q40451,,missing_pdb,False
Q40462,,missing_pdb,False
Q40463,,missing_pdb,False
Q40473,,missing_pdb,False
Q40475,,missing_pdb,False
Q40481,,missing_pdb,False
Q40493,,missing_pdb,False
Q40512,,missing_pdb,False
Q40519,,missing_pdb,False
Q40540,,missing_pdb,False
Q40544,,missing_pdb,False
Q40545,,missing_pdb,False
Q40568,,missing_pdb,False
Q40578,,missing_pdb,False
Q40590,,missing_pdb,False
Q40593,,missing_pdb,False
Q41230,,missing_pdb,False
Q42946,,missing_pdb,False
Q42948,,missing_pdb,False
Q42955,,missing_pdb,False
Q42961,,missing_pdb,False
Q42967,,missing_pdb,False
Q43582,,missing_pdb,False
Q43794,,missing_pdb,False
Q494V2,,missing_pdb,False
Q49A26,/data/ranran/my_ptm/croton/data/structure_pipeline/pdb/Q49A26.pdb,exact_sequence_match,True
Q49A88,,missing_pdb,False
Q4G0P3,,missing_pdb,False
Q4LB98,,missing_pdb,False
Q4LEZ3,,missing_pdb,False
Q4U2R6,/data/ranran/my_ptm/croton/data/structure_pipeline/pdb/Q4U2R6.pdb,exact_sequence_match,True
Q4V328,/data/ranran/my_ptm/croton/data/structure_pipeline/pdb/Q4V328.pdb,exact_sequence_match,True
Q504Q3,,missing_pdb,False
Q50LG5,,missing_pdb,False
Q53EL6-2,,missing_pdb,False
Q53EZ4,/data/ranran/my_ptm/croton/data/structure_pipeline/pdb/Q53EZ4.pdb,exact_sequence_match,True
Q53GQ0,/data/ranran/my_ptm/croton/data/structure_pipeline/pdb/Q53GQ0.pdb,exact_sequence_match,True
Q53GS9,/data/ranran/my_ptm/croton/data/structure_pipeline/pdb/Q53GS9.pdb,exact_sequence_match,True
Q53H12,/data/ranran/my_ptm/croton/data/structure_pipeline/pdb/Q53H12.pdb,exact_sequence_match,True
Q53H82,/data/ranran/my_ptm/croton/data/structure_pipeline/pdb/Q53H82.pdb,exact_sequence_match,True
Q53LQ0,,missing_pdb,False
Q53QG1,,missing_pdb,False
Q53S33,/data/ranran/my_ptm/croton/data/structure_pipeline/pdb/Q53S33.pdb,exact_sequence_match,True
Q53WJ5,,missing_pdb,False
Q567R9,,missing_pdb,False
Q56D10,,missing_pdb,False
Q56UN5,/data/ranran/my_ptm/croton/data/structure_pipeline/pdb/Q56UN5.pdb,exact_sequence_match,True
Q56VL3,/data/ranran/my_ptm/croton/data/structure_pipeline/pdb/Q56VL3.pdb,exact_sequence_match,True
Q589Y0,,missing_pdb,False
Q589Y3,,missing_pdb,False
Q58FF8,/data/ranran/my_ptm/croton/data/structure_pipeline/pdb/Q58FF8.pdb,exact_sequence_match,True
Q5BJD5,/data/ranran/my_ptm/croton/data/structure_pipeline/pdb/Q5BJD5.pdb,exact_sequence_match,True
Q5BJF2,/data/ranran/my_ptm/croton/data/structure_pipeline/pdb/Q5BJF2.pdb,exact_sequence_match,True
Q5C9Z4,,missing_pdb,False
Q5F1R6,/data/ranran/my_ptm/croton/data/structure_pipeline/pdb/Q5F1R6.pdb,exact_sequence_match,True
Q5FWF5,,missing_pdb,False
Q5GIA8,,missing_pdb,False
Q5H918,,missing_pdb,False
Q5H9R7,/data/ranran/my_ptm/croton/data/structure_pipeline/pdb/Q5H9R7.pdb,exact_sequence_match,True
Q5IH14,,missing_pdb,False
Q5JK66,,missing_pdb,False
Q5JKQ2,,missing_pdb,False
Q5JKV1,,missing_pdb,False
Q5JKX2,,missing_pdb,False
Q5JMR9,,missing_pdb,False
Q5JMS4,,missing_pdb,False
Q5JN29,,missing_pdb,False
Q5JNB0,,missing_pdb,False
Q5JR89,,missing_pdb,False
Q5JRA6,/data/ranran/my_ptm/croton/data/structure_pipeline/pdb/Q5JRA6.pdb,exact_sequence_match,True
Q5JRX3,/data/ranran/my_ptm/croton/data/structure_pipeline/pdb/Q5JRX3.pdb,exact_sequence_match,True
Q5JSK7,,missing_pdb,False
Q5JT02,,missing_pdb,False
Q5JTH9,/data/ranran/my_ptm/croton/data/structure_pipeline/pdb/Q5JTH9.pdb,exact_sequence_match,True
Q5JTV8,/data/ranran/my_ptm/croton/data/structure_pipeline/pdb/Q5JTV8.pdb,exact_sequence_match,True
Q5JWF2,/data/ranran/my_ptm/croton/data/structure_pipeline/pdb/Q5JWF2.pdb,exact_sequence_match,True
Q5K4L4,,missing_pdb,False
Q5KQI6,,missing_pdb,False
Q5M9S4,,missing_pdb,False
Q5M9U1,,missing_pdb,False
Q5MNZ6,/data/ranran/my_ptm/croton/data/structure_pipeline/pdb/Q5MNZ6.pdb,exact_sequence_match,True
Q5N7P9,,missing_pdb,False
Q5N7W3,,missing_pdb,False
Q5N8N4,,missing_pdb,False
Q5N9Z8,,missing_pdb,False
Q5NBJ3,,missing_pdb,False
Q5NE16,/data/ranran/my_ptm/croton/data/structure_pipeline/pdb/Q5NE16.pdb,exact_sequence_match,True
Q5QJE6,/data/ranran/my_ptm/croton/data/structure_pipeline/pdb/Q5QJE6.pdb,exact_sequence_match,True
Q5QPM2,,missing_pdb,False
Q5R216,,missing_pdb,False
Q5SMW6,,missing_pdb,False
Q5SQH5,,missing_pdb,False
Q5SSJ5,/data/ranran/my_ptm/croton/data/structure_pipeline/pdb/Q5SSJ5.pdb,exact_sequence_match,True
Q5SY16,/data/ranran/my_ptm/croton/data/structure_pipeline/pdb/Q5SY16.pdb,exact_sequence_match,True
Q5T0F9-3,,missing_pdb,False
Q5T1M5,/data/ranran/my_ptm/croton/data/structure_pipeline/pdb/Q5T1M5.pdb,exact_sequence_match,True
Q5T3I0,/data/ranran/my_ptm/croton/data/structure_pipeline/pdb/Q5T3I0.pdb,exact_sequence_match,True
Q5T4S7,,missing_pdb,False
Q5T5C0,,missing_pdb,False
Q5T5P2,,missing_pdb,False
Q5T5U3,,missing_pdb,False
Q5T653,/data/ranran/my_ptm/croton/data/structure_pipeline/pdb/Q5T653.pdb,exact_sequence_match,True
Q5T7F5,,missing_pdb,False
Q5T8P6-5,,missing_pdb,False
Q5T9A4,/data/ranran/my_ptm/croton/data/structure_pipeline/pdb/Q5T9A4.pdb,exact_sequence_match,True
Q5TB19,,missing_pdb,False
Q5TC12,/data/ranran/my_ptm/croton/data/structure_pipeline/pdb/Q5TC12.pdb,exact_sequence_match,True
Q5TCI8,,missing_pdb,False
Q5TCX8,,missing_pdb,False
Q5TF21,,missing_pdb,False
Q5TFE4,/data/ranran/my_ptm/croton/data/structure_pipeline/pdb/Q5TFE4.pdb,exact_sequence_match,True
Q5VQL1,,missing_pdb,False
Q5VQX1,,missing_pdb,False
Q5VR43,,missing_pdb,False
Q5VS73,,missing_pdb,False
Q5VT52-5,,missing_pdb,False
Q5VW32,/data/ranran/my_ptm/croton/data/structure_pipeline/pdb/Q5VW32.pdb,exact_sequence_match,True
Q5VYK3,/data/ranran/my_ptm/croton/data/structure_pipeline/pdb/Q5VYK3.pdb,exact_sequence_match,True
Q5VYY1,,missing_pdb,False
Q5VZF2,,missing_pdb,False
Q5Z402,,missing_pdb,False
Q5Z6P4,,missing_pdb,False
Q5Z790,,missing_pdb,False
Q5Z7N3,,missing_pdb,False
Q5Z858,,missing_pdb,False
Q5Z8V3,,missing_pdb,False
Q5ZA08,,missing_pdb,False
Q5ZA31,,missing_pdb,False
Q5ZCA9,,missing_pdb,False
Q5ZCE0,,missing_pdb,False
Q5ZEN1,,missing_pdb,False
Q60E58,,missing_pdb,False
Q650W6,,missing_pdb,False
Q651B1,,missing_pdb,False
Q651F0,,missing_pdb,False
Q651Z0,,missing_pdb,False
Q652L5,,missing_pdb,False
Q653Z1,,missing_pdb,False
Q657C2,,missing_pdb,False
Q657P0,,missing_pdb,False
Q657T0,,missing_pdb,False
Q65X66,,missing_pdb,False
Q65XA0,,missing_pdb,False
Q65XW4,,missing_pdb,False
Q65XW5,,missing_pdb,False
Q67C42,,missing_pdb,False
Q67VQ4,,missing_pdb,False
Q67W57,,missing_pdb,False
Q67WE9,,missing_pdb,False
Q67WN5,,missing_pdb,False
Q688H6,,missing_pdb,False
Q68CQ4,,missing_pdb,False
Q69JW2,,missing_pdb,False
Q69JX7,,missing_pdb,False
Q69K00,,missing_pdb,False
Q69LA6,,missing_pdb,False
Q69LC1,,missing_pdb,False
Q69LE7,,missing_pdb,False
Q69MU0,,missing_pdb,False
Q69NF7,,missing_pdb,False
Q69QR6,,missing_pdb,False
Q69RJ0,,missing_pdb,False
Q69SV0,,missing_pdb,False
Q69UF2,,missing_pdb,False
Q69UU3,,missing_pdb,False
Q69XJ4,,missing_pdb,False
Q69XJ9,,missing_pdb,False
Q69Y16,,missing_pdb,False
Q69YN4-3,,missing_pdb,False
Q69YQ0,/data/ranran/my_ptm/croton/data/structure_pipeline/pdb/Q69YQ0.pdb;/data/ranran/my_ptm/croton/data/structure_pipeline/pdb/AF-Q69YQ0-F1-model_v6.pdb,sequence_mismatch,False
Q6ATB2,,missing_pdb,False
Q6AVA8,,missing_pdb,False
Q6DD88,,missing_pdb,False
Q6DKJ4,,missing_pdb,False
Q6DKK2,,missing_pdb,False
Q6DN03,/data/ranran/my_ptm/croton/data/structure_pipeline/pdb/Q6DN03.pdb,exact_sequence_match,True
Q6EN48,,missing_pdb,False
Q6EP55,,missing_pdb,False
Q6EPY8,,missing_pdb,False
Q6ETQ7,,missing_pdb,False
Q6EUQ5,,missing_pdb,False
Q6F354,,missing_pdb,False
Q6F385,,missing_pdb,False
Q6GMV3,,missing_pdb,False
Q6H443,,missing_pdb,False
Q6H444,,missing_pdb,False
Q6H8H3,,missing_pdb,False
Q6IVK6,,missing_pdb,False
Q6K3S8,,missing_pdb,False
Q6K439,,missing_pdb,False
Q6K471,,missing_pdb,False
Q6K5H8,,missing_pdb,False
Q6K674,,missing_pdb,False
Q6K680,,missing_pdb,False
Q6K683,,missing_pdb,False
Q6K822,,missing_pdb,False
Q6K850,,missing_pdb,False
Q6K8D9,,missing_pdb,False
Q6K8J4,,missing_pdb,False
Q6KC79-2,,missing_pdb,False
Q6MWG9,,missing_pdb,False
Q6MZM0,/data/ranran/my_ptm/croton/data/structure_pipeline/pdb/Q6MZM0.pdb,exact_sequence_match,True
Q6NSJ5,,missing_pdb,False
Q6NUK1,/data/ranran/my_ptm/croton/data/structure_pipeline/pdb/Q6NUK1.pdb,exact_sequence_match,True
Q6NUM9,/data/ranran/my_ptm/croton/data/structure_pipeline/pdb/Q6NUM9.pdb,exact_sequence_match,True
Q6NUQ4,/data/ranran/my_ptm/croton/data/structure_pipeline/pdb/Q6NUQ4.pdb,exact_sequence_match,True
Q6NYC1,/data/ranran/my_ptm/croton/data/structure_pipeline/pdb/Q6NYC1.pdb,exact_sequence_match,True
Q6NZI2,/data/ranran/my_ptm/croton/data/structure_pipeline/pdb/Q6NZI2.pdb,exact_sequence_match,True
Q6NZY4,,missing_pdb,False
Q6NZY4-2,,missing_pdb,False
Q6P1J9,/data/ranran/my_ptm/croton/data/structure_pipeline/pdb/Q6P1J9.pdb,exact_sequence_match,True
Q6P1N9,/data/ranran/my_ptm/croton/data/structure_pipeline/pdb/Q6P1N9.pdb,exact_sequence_match,True
Q6P2E9,/data/ranran/my_ptm/croton/data/structure_pipeline/pdb/Q6P2E9.pdb,exact_sequence_match,True
Q6P2H3,/data/ranran/my_ptm/croton/data/structure_pipeline/pdb/Q6P2H3.pdb,exact_sequence_match,True
Q6P2Q9,/data/ranran/my_ptm/croton/data/structure_pipeline/pdb/Q6P2Q9.pdb,exact_sequence_match,True
Q6P3W2,,missing_pdb,False
Q6P3W2-2,,missing_pdb,False
Q6P3W7,/data/ranran/my_ptm/croton/data/structure_pipeline/pdb/Q6P3W7.pdb,exact_sequence_match,True
Q6P4A8,,missing_pdb,False
Q6P4Q7,,missing_pdb,False
Q6P587,,missing_pdb,False
Q6P656-2,,missing_pdb,False
Q6PD74,/data/ranran/my_ptm/croton/data/structure_pipeline/pdb/Q6PD74.pdb,exact_sequence_match,True
Q6PI48,/data/ranran/my_ptm/croton/data/structure_pipeline/pdb/Q6PI48.pdb,exact_sequence_match,True
Q6PI78,,missing_pdb,False
Q6PIU2,/data/ranran/my_ptm/croton/data/structure_pipeline/pdb/Q6PIU2.pdb,exact_sequence_match,True
Q6PKG0,/data/ranran/my_ptm/croton/data/structure_pipeline/pdb/Q6PKG0.pdb,exact_sequence_match,True
Q6PUF9,,missing_pdb,False
Q6PYC3,,missing_pdb,False
Q6RJS4,,missing_pdb,False
Q6RUN3,,missing_pdb,False
Q6RUN4,,missing_pdb,False
Q6RUN7,,missing_pdb,False
Q6T7F3,,missing_pdb,False
Q6TBQ2,,missing_pdb,False
Q6TKQ9,,missing_pdb,False
Q6UB35,/data/ranran/my_ptm/croton/data/structure_pipeline/pdb/Q6UB35.pdb,exact_sequence_match,True
Q6UX04-2,,missing_pdb,False
Q6UX06,,missing_pdb,False
Q6WCQ1,/data/ranran/my_ptm/croton/data/structure_pipeline/pdb/Q6WCQ1.pdb,exact_sequence_match,True
Q6WKZ4,/data/ranran/my_ptm/croton/data/structure_pipeline/pdb/Q6WKZ4.pdb,exact_sequence_match,True
Q6Y1H2,/data/ranran/my_ptm/croton/data/structure_pipeline/pdb/Q6Y1H2.pdb,exact_sequence_match,True
Q6YN16,/data/ranran/my_ptm/croton/data/structure_pipeline/pdb/Q6YN16.pdb,exact_sequence_match,True
Q6YTK5,,missing_pdb,False
Q6YVH4,,missing_pdb,False
Q6YXG8,,missing_pdb,False
Q6YXY5,,missing_pdb,False
Q6YY64,,missing_pdb,False
Q6YZH8,,missing_pdb,False
Q6YZJ0,,missing_pdb,False
Q6Z0P0,,missing_pdb,False
Q6Z129,,missing_pdb,False
Q6Z229,,missing_pdb,False
Q6Z510,,missing_pdb,False
Q6Z695,,missing_pdb,False
Q6Z6B5,,missing_pdb,False
Q6Z702,,missing_pdb,False
Q6Z720,,missing_pdb,False
Q6Z728,,missing_pdb,False
Q6Z8N7,,missing_pdb,False
Q6ZBK6,,missing_pdb,False
Q6ZC64,,missing_pdb,False
Q6ZC69,,missing_pdb,False
Q6ZCP3,,missing_pdb,False
Q6ZD89,,missing_pdb,False
Q6ZDS0,,missing_pdb,False
Q6ZFH9,,missing_pdb,False
Q6ZFU6,,missing_pdb,False
Q6ZG03,,missing_pdb,False
Q6ZG77,,missing_pdb,False
Q6ZGC2,,missing_pdb,False
Q6ZHC3,,missing_pdb,False
Q6ZHZ1,,missing_pdb,False
Q6ZI49,,missing_pdb,False
Q6ZI79,,missing_pdb,False
Q6ZI95,,missing_pdb,False
Q6ZIT9,,missing_pdb,False
Q6ZJJ1,,missing_pdb,False
Q6ZL37,,missing_pdb,False
Q6ZQQ6,,missing_pdb,False
Q6ZRP7,/data/ranran/my_ptm/croton/data/structure_pipeline/pdb/Q6ZRP7.pdb,exact_sequence_match,True
Q6ZRV2,,missing_pdb,False
Q6ZT07,,missing_pdb,False
Q6ZT12,,missing_pdb,False
Q6ZW33,,missing_pdb,False
Q6ZWJ1,/data/ranran/my_ptm/croton/data/structure_pipeline/pdb/Q6ZWJ1.pdb,exact_sequence_match,True
Q708F5,,missing_pdb,False
Q70UQ0,/data/ranran/my_ptm/croton/data/structure_pipeline/pdb/Q70UQ0.pdb,exact_sequence_match,True
Q711R1,,missing_pdb,False
Q71H61,/data/ranran/my_ptm/croton/data/structure_pipeline/pdb/Q71H61.pdb,exact_sequence_match,True
Q71UI9-3,,missing_pdb,False
Q75G86,,missing_pdb,False
Q75GK3,,missing_pdb,False
Q75H72,,missing_pdb,False
Q75HE7,,missing_pdb,False
Q75HW4,,missing_pdb,False
Q75HY4,,missing_pdb,False
Q75IA5,,missing_pdb,False
Q75IQ9,,missing_pdb,False
Q75K90,,missing_pdb,False
Q75LJ4,,missing_pdb,False
Q75LJ7,,missing_pdb,False
Q75LS8,,missing_pdb,False
Q75U98,,missing_pdb,False
Q75VJ8,,missing_pdb,False
Q75VR1,,missing_pdb,False
Q75WV0,,missing_pdb,False
Q762A6,,missing_pdb,False
Q76KB0,,missing_pdb,False
Q76MG0,,missing_pdb,False
Q76MG1,,missing_pdb,False
Q7DLX9,,missing_pdb,False
Q7DM11,,missing_pdb,False
Q7DM39,,missing_pdb,False
Q7EY18,,missing_pdb,False
Q7EZB9,,missing_pdb,False
Q7F099,,missing_pdb,False
Q7F1F2,,missing_pdb,False
Q7F2G3,,missing_pdb,False
Q7G649,,missing_pdb,False
Q7KZ85,/data/ranran/my_ptm/croton/data/structure_pipeline/pdb/Q7KZ85.pdb,exact_sequence_match,True
Q7L014,/data/ranran/my_ptm/croton/data/structure_pipeline/pdb/Q7L014.pdb,exact_sequence_match,True
Q7L0Y3,/data/ranran/my_ptm/croton/data/structure_pipeline/pdb/Q7L0Y3.pdb,exact_sequence_match,True
Q7L1Q6,/data/ranran/my_ptm/croton/data/structure_pipeline/pdb/Q7L1Q6.pdb,exact_sequence_match,True
Q7L2H7,/data/ranran/my_ptm/croton/data/structure_pipeline/pdb/Q7L2H7.pdb,exact_sequence_match,True
Q7L7X3,/data/ranran/my_ptm/croton/data/structure_pipeline/pdb/Q7L7X3.pdb,exact_sequence_match,True
Q7L8L6,,missing_pdb,False
Q7LBC6-2,,missing_pdb,False
Q7M242,,missing_pdb,False
Q7M275,,missing_pdb,False
Q7RTV0,/data/ranran/my_ptm/croton/data/structure_pipeline/pdb/Q7RTV0.pdb,exact_sequence_match,True
Q7X8A2,,missing_pdb,False
Q7X923,,missing_pdb,False
Q7X998,,missing_pdb,False
Q7XBT1,,missing_pdb,False
Q7XBY4,,missing_pdb,False
Q7XHS1,,missing_pdb,False
Q7XI43,,missing_pdb,False
Q7XIM6,,missing_pdb,False
Q7XJX6,,missing_pdb,False
Q7XKG5,,missing_pdb,False
Q7XLG4,,missing_pdb,False
Q7XMK8,,missing_pdb,False
Q7XN10,,missing_pdb,False
Q7XPR2,,missing_pdb,False
Q7XPW1,,missing_pdb,False
Q7XS27,,missing_pdb,False
Q7XSJ9,,missing_pdb,False
Q7XTF4,,missing_pdb,False
Q7XTT6,,missing_pdb,False
Q7XUV4,,missing_pdb,False
Q7XUW0,,missing_pdb,False
Q7XXP5,,missing_pdb,False
Q7XZW1,,missing_pdb,False
Q7Y139,,missing_pdb,False
Q7Z2T5,/data/ranran/my_ptm/croton/data/structure_pipeline/pdb/Q7Z2T5.pdb,exact_sequence_match,True
Q7Z2W4,/data/ranran/my_ptm/croton/data/structure_pipeline/pdb/Q7Z2W4.pdb,exact_sequence_match,True
Q7Z2W9,/data/ranran/my_ptm/croton/data/structure_pipeline/pdb/Q7Z2W9.pdb,exact_sequence_match,True
Q7Z2Z2,/data/ranran/my_ptm/croton/data/structure_pipeline/pdb/Q7Z2Z2.pdb,exact_sequence_match,True
Q7Z3B4,/data/ranran/my_ptm/croton/data/structure_pipeline/pdb/Q7Z3B4.pdb,exact_sequence_match,True
Q7Z417,/data/ranran/my_ptm/croton/data/structure_pipeline/pdb/Q7Z417.pdb,exact_sequence_match,True
Q7Z478,/data/ranran/my_ptm/croton/data/structure_pipeline/pdb/Q7Z478.pdb,exact_sequence_match,True
Q7Z4H7,/data/ranran/my_ptm/croton/data/structure_pipeline/pdb/Q7Z4H7.pdb,exact_sequence_match,True
Q7Z4V5-3,,missing_pdb,False
Q7Z5K2,/data/ranran/my_ptm/croton/data/structure_pipeline/pdb/Q7Z5K2.pdb,exact_sequence_match,True
Q7Z6B0,/data/ranran/my_ptm/croton/data/structure_pipeline/pdb/Q7Z6B0.pdb,exact_sequence_match,True
Q7Z6E9,/data/ranran/my_ptm/croton/data/structure_pipeline/pdb/Q7Z6E9.pdb,exact_sequence_match,True
Q7Z6Z7,,missing_pdb,False
Q7Z7F0,,missing_pdb,False
Q7Z7K0,/data/ranran/my_ptm/croton/data/structure_pipeline/pdb/Q7Z7K0.pdb,exact_sequence_match,True
Q7Z7K6,/data/ranran/my_ptm/croton/data/structure_pipeline/pdb/Q7Z7K6.pdb,exact_sequence_match,True
Q84LE7,,missing_pdb,False
Q84M68,,missing_pdb,False
Q84PB4,,missing_pdb,False
Q84PB5,,missing_pdb,False
Q84PB7,,missing_pdb,False
Q84R32,,missing_pdb,False
Q84SC5,,missing_pdb,False
Q84VC7,,missing_pdb,False
Q84VC9,,missing_pdb,False
Q850L8,,missing_pdb,False
Q850W6,,missing_pdb,False
Q851F6,,missing_pdb,False
Q852R8,,missing_pdb,False
Q852S5,,missing_pdb,False
Q86SX6,,missing_pdb,False
Q86TC9-3,,missing_pdb,False
Q86TG7,,missing_pdb,False
Q86TU7,/data/ranran/my_ptm/croton/data/structure_pipeline/pdb/Q86TU7.pdb,exact_sequence_match,True
Q86U38,,missing_pdb,False
Q86U42,/data/ranran/my_ptm/croton/data/structure_pipeline/pdb/Q86U42.pdb,exact_sequence_match,True
Q86UE4,/data/ranran/my_ptm/croton/data/structure_pipeline/pdb/Q86UE4.pdb,exact_sequence_match,True
Q86UG4,,missing_pdb,False
Q86UL3,,missing_pdb,False
Q86UP2,/data/ranran/my_ptm/croton/data/structure_pipeline/pdb/Q86UP2.pdb,exact_sequence_match,True
Q86UT8,/data/ranran/my_ptm/croton/data/structure_pipeline/pdb/Q86UT8.pdb,exact_sequence_match,True
Q86UW7,,missing_pdb,False
Q86UX7,,missing_pdb,False
Q86V48,/data/ranran/my_ptm/croton/data/structure_pipeline/pdb/Q86V48.pdb,exact_sequence_match,True
Q86VE9,,missing_pdb,False
Q86VM9,/data/ranran/my_ptm/croton/data/structure_pipeline/pdb/Q86VM9.pdb,exact_sequence_match,True
Q86VP1,/data/ranran/my_ptm/croton/data/structure_pipeline/pdb/Q86VP1.pdb,exact_sequence_match,True
Q86VP6,,missing_pdb,False
Q86VQ0,,missing_pdb,False
Q86VS8,,missing_pdb,False
Q86W28,,missing_pdb,False
Q86W34,,missing_pdb,False
Q86W42,,missing_pdb,False
Q86W92,/data/ranran/my_ptm/croton/data/structure_pipeline/pdb/Q86W92.pdb,exact_sequence_match,True
Q86WA6,,missing_pdb,False
Q86WG5-3,,missing_pdb,False
Q86XP3,/data/ranran/my_ptm/croton/data/structure_pipeline/pdb/Q86XP3.pdb,exact_sequence_match,True
Q86XX4,,missing_pdb,False
Q86Y37,/data/ranran/my_ptm/croton/data/structure_pipeline/pdb/Q86Y37.pdb,exact_sequence_match,True
Q8GRK6,,missing_pdb,False
Q8GS72,,missing_pdb,False
Q8GTJ3,,missing_pdb,False
Q8GTL5,,missing_pdb,False
Q8GUA3,,missing_pdb,False
Q8GVY3,,missing_pdb,False
Q8H2J8,,missing_pdb,False
Q8H2T7,,missing_pdb,False
Q8H3M0,,missing_pdb,False
Q8H3Q7,,missing_pdb,False
Q8H4J8,,missing_pdb,False
Q8H852,,missing_pdb,False
Q8H8D6,,missing_pdb,False
Q8H916,,missing_pdb,False
Q8HCQ9,,missing_pdb,False
Q8IUD2,/data/ranran/my_ptm/croton/data/structure_pipeline/pdb/Q8IUD2.pdb,exact_sequence_match,True
Q8IUX7,,missing_pdb,False
Q8IV08,,missing_pdb,False
Q8IV48,/data/ranran/my_ptm/croton/data/structure_pipeline/pdb/Q8IV48.pdb,exact_sequence_match,True
Q8IVF7,,missing_pdb,False
Q8IVT2,/data/ranran/my_ptm/croton/data/structure_pipeline/pdb/Q8IVT2.pdb,exact_sequence_match,True
Q8IWB6,,missing_pdb,False
Q8IWJ2,/data/ranran/my_ptm/croton/data/structure_pipeline/pdb/Q8IWJ2.pdb,exact_sequence_match,True
Q8IWS0,/data/ranran/my_ptm/croton/data/structure_pipeline/pdb/Q8IWS0.pdb,exact_sequence_match,True
Q8IWW6,,missing_pdb,False
Q8IWX8,/data/ranran/my_ptm/croton/data/structure_pipeline/pdb/Q8IWX8.pdb,exact_sequence_match,True
Q8IX01,/data/ranran/my_ptm/croton/data/structure_pipeline/pdb/Q8IX01.pdb,exact_sequence_match,True
Q8IX12,/data/ranran/my_ptm/croton/data/structure_pipeline/pdb/Q8IX12.pdb,exact_sequence_match,True
Q8IXB1,/data/ranran/my_ptm/croton/data/structure_pipeline/pdb/Q8IXB1.pdb,exact_sequence_match,True
Q8IXI1,/data/ranran/my_ptm/croton/data/structure_pipeline/pdb/Q8IXI1.pdb,exact_sequence_match,True
Q8IXM3,/data/ranran/my_ptm/croton/data/structure_pipeline/pdb/Q8IXM3.pdb,exact_sequence_match,True
Q8IXT5,/data/ranran/my_ptm/croton/data/structure_pipeline/pdb/Q8IXT5.pdb,exact_sequence_match,True
Q8IY18,/data/ranran/my_ptm/croton/data/structure_pipeline/pdb/Q8IY18.pdb,exact_sequence_match,True
Q8IY81,/data/ranran/my_ptm/croton/data/structure_pipeline/pdb/Q8IY81.pdb,exact_sequence_match,True
Q8IYB3,/data/ranran/my_ptm/croton/data/structure_pipeline/pdb/Q8IYB3.pdb,exact_sequence_match,True
Q8IYB8,/data/ranran/my_ptm/croton/data/structure_pipeline/pdb/Q8IYB8.pdb,exact_sequence_match,True
Q8IYE0,/data/ranran/my_ptm/croton/data/structure_pipeline/pdb/Q8IYE0.pdb,exact_sequence_match,True
Q8IYI6,/data/ranran/my_ptm/croton/data/structure_pipeline/pdb/Q8IYI6.pdb,exact_sequence_match,True
Q8IYL3,,missing_pdb,False
Q8IYU8,/data/ranran/my_ptm/croton/data/structure_pipeline/pdb/Q8IYU8.pdb,exact_sequence_match,True
Q8IZ81,,missing_pdb,False
Q8IZD2,,missing_pdb,False
Q8IZD2-8,,missing_pdb,False
Q8IZL8,/data/ranran/my_ptm/croton/data/structure_pipeline/pdb/Q8IZL8.pdb,exact_sequence_match,True
Q8L6J2,,missing_pdb,False
Q8L6J9,,missing_pdb,False
Q8LHQ6,,missing_pdb,False
Q8LIX8,,missing_pdb,False
Q8LJJ2,,missing_pdb,False
Q8LNF2,,missing_pdb,False
Q8LNZ4,,missing_pdb,False
Q8LQ41,,missing_pdb,False
Q8LQD2,,missing_pdb,False
Q8LR94,,missing_pdb,False
Q8LRD0,,missing_pdb,False
Q8N0X7,/data/ranran/my_ptm/croton/data/structure_pipeline/pdb/Q8N0X7.pdb,exact_sequence_match,True
Q8N183,/data/ranran/my_ptm/croton/data/structure_pipeline/pdb/Q8N183.pdb,exact_sequence_match,True
Q8N1F7,/data/ranran/my_ptm/croton/data/structure_pipeline/pdb/Q8N1F7.pdb,exact_sequence_match,True
Q8N1G4,/data/ranran/my_ptm/croton/data/structure_pipeline/pdb/Q8N1G4.pdb,exact_sequence_match,True
Q8N2F6,/data/ranran/my_ptm/croton/data/structure_pipeline/pdb/Q8N2F6.pdb,exact_sequence_match,True
Q8N2M8,/data/ranran/my_ptm/croton/data/structure_pipeline/pdb/Q8N2M8.pdb;/data/ranran/my_ptm/croton/data/structure_pipeline/pdb/AF-Q8N2M8-F1-model_v6.pdb,sequence_mismatch,False
Q8N2W9,,missing_pdb,False
Q8N392,,missing_pdb,False
Q8N3C0,/data/ranran/my_ptm/croton/data/structure_pipeline/pdb/Q8N3C0.pdb,exact_sequence_match,True
Q8N3D4,/data/ranran/my_ptm/croton/data/structure_pipeline/pdb/Q8N3D4.pdb,exact_sequence_match,True
Q8N4H5,/data/ranran/my_ptm/croton/data/structure_pipeline/pdb/Q8N4H5.pdb,exact_sequence_match,True
Q8N4P6-2,,missing_pdb,False
Q8N4V1,/data/ranran/my_ptm/croton/data/structure_pipeline/pdb/Q8N4V1.pdb,exact_sequence_match,True
Q8N5A5-4,,missing_pdb,False
Q8N5M1,,missing_pdb,False
Q8N5M4,/data/ranran/my_ptm/croton/data/structure_pipeline/pdb/Q8N5M4.pdb,exact_sequence_match,True
Q8N668,,missing_pdb,False
Q8N6M0,/data/ranran/my_ptm/croton/data/structure_pipeline/pdb/Q8N6M0.pdb,exact_sequence_match,True
Q8N6R1,,missing_pdb,False
Q8N6T3,/data/ranran/my_ptm/croton/data/structure_pipeline/pdb/Q8N6T3.pdb,exact_sequence_match,True
Q8N6V9,/data/ranran/my_ptm/croton/data/structure_pipeline/pdb/Q8N6V9.pdb,exact_sequence_match,True
Q8N806,/data/ranran/my_ptm/croton/data/structure_pipeline/pdb/Q8N806.pdb,exact_sequence_match,True
Q8N8S7,/data/ranran/my_ptm/croton/data/structure_pipeline/pdb/Q8N8S7.pdb,exact_sequence_match,True
Q8N954-2,,missing_pdb,False
Q8NA47,/data/ranran/my_ptm/croton/data/structure_pipeline/pdb/Q8NA47.pdb,exact_sequence_match,True
Q8NBJ4,/data/ranran/my_ptm/croton/data/structure_pipeline/pdb/Q8NBJ4.pdb,exact_sequence_match,True
Q8NBJ5,/data/ranran/my_ptm/croton/data/structure_pipeline/pdb/Q8NBJ5.pdb,exact_sequence_match,True
Q8NBJ7,,missing_pdb,False
Q8NBQ5,/data/ranran/my_ptm/croton/data/structure_pipeline/pdb/Q8NBQ5.pdb;/data/ranran/my_ptm/croton/data/structure_pipeline/pdb/AF-Q8NBQ5-F1-model_v6.pdb,sequence_mismatch,False
Q8NBS9,/data/ranran/my_ptm/croton/data/structure_pipeline/pdb/Q8NBS9.pdb,exact_sequence_match,True
Q8NBU5,/data/ranran/my_ptm/croton/data/structure_pipeline/pdb/Q8NBU5.pdb,exact_sequence_match,True
Q8NBX0,,missing_pdb,False
Q8NBZ7,,missing_pdb,False
Q8NC51,/data/ranran/my_ptm/croton/data/structure_pipeline/pdb/Q8NC51.pdb,exact_sequence_match,True
Q8NCG7,/data/ranran/my_ptm/croton/data/structure_pipeline/pdb/Q8NCG7.pdb,exact_sequence_match,True
Q8ND56,/data/ranran/my_ptm/croton/data/structure_pipeline/pdb/Q8ND56.pdb,exact_sequence_match,True
Q8ND76,/data/ranran/my_ptm/croton/data/structure_pipeline/pdb/Q8ND76.pdb,exact_sequence_match,True
Q8NDF8,/data/ranran/my_ptm/croton/data/structure_pipeline/pdb/Q8NDF8.pdb,exact_sequence_match,True
Q8NE71,/data/ranran/my_ptm/croton/data/structure_pipeline/pdb/Q8NE71.pdb,exact_sequence_match,True
Q8NE86,/data/ranran/my_ptm/croton/data/structure_pipeline/pdb/Q8NE86.pdb,exact_sequence_match,True
Q8NEH6,,missing_pdb,False
Q8NEY8,/data/ranran/my_ptm/croton/data/structure_pipeline/pdb/Q8NEY8.pdb,exact_sequence_match,True
Q8NEY8-5,,missing_pdb,False
Q8NF37,/data/ranran/my_ptm/croton/data/structure_pipeline/pdb/Q8NF37.pdb,exact_sequence_match,True
Q8NFC6,,missing_pdb,False
Q8NFJ5,/data/ranran/my_ptm/croton/data/structure_pipeline/pdb/Q8NFJ5.pdb,exact_sequence_match,True
Q8NFQ8,/data/ranran/my_ptm/croton/data/structure_pipeline/pdb/Q8NFQ8.pdb,exact_sequence_match,True
Q8NH70,,missing_pdb,False
Q8NHM5,,missing_pdb,False
Q8NHP6,/data/ranran/my_ptm/croton/data/structure_pipeline/pdb/Q8NHP6.pdb,exact_sequence_match,True
Q8NHQ9,/data/ranran/my_ptm/croton/data/structure_pipeline/pdb/Q8NHQ9.pdb,exact_sequence_match,True
Q8NHU6,/data/ranran/my_ptm/croton/data/structure_pipeline/pdb/Q8NHU6.pdb,exact_sequence_match,True
Q8NI27,/data/ranran/my_ptm/croton/data/structure_pipeline/pdb/Q8NI27.pdb,exact_sequence_match,True
Q8NI36,,missing_pdb,False
Q8RXH5,,missing_pdb,False
Q8S6F5,,missing_pdb,False
Q8S857,,missing_pdb,False
Q8SA06,,missing_pdb,False
Q8SA35,,missing_pdb,False
Q8SAY0,,missing_pdb,False
Q8SIC6,,missing_pdb,False
Q8TAA5,,missing_pdb,False
Q8TAQ2,/data/ranran/my_ptm/croton/data/structure_pipeline/pdb/Q8TAQ2.pdb,exact_sequence_match,True
Q8TAT6,/data/ranran/my_ptm/croton/data/structure_pipeline/pdb/Q8TAT6.pdb,exact_sequence_match,True
Q8TB72,,missing_pdb,False
Q8TBA6,/data/ranran/my_ptm/croton/data/structure_pipeline/pdb/Q8TBA6.pdb,exact_sequence_match,True
Q8TBX8,/data/ranran/my_ptm/croton/data/structure_pipeline/pdb/Q8TBX8.pdb,exact_sequence_match,True
Q8TC12,,missing_pdb,False
Q8TCD1,,missing_pdb,False
Q8TCJ2,/data/ranran/my_ptm/croton/data/structure_pipeline/pdb/Q8TCJ2.pdb,exact_sequence_match,True
Q8TCT8,,missing_pdb,False
Q8TCT9,/data/ranran/my_ptm/croton/data/structure_pipeline/pdb/Q8TCT9.pdb,exact_sequence_match,True
Q8TCU4,,missing_pdb,False
Q8TD16,,missing_pdb,False
Q8TDD1,/data/ranran/my_ptm/croton/data/structure_pipeline/pdb/Q8TDD1.pdb,exact_sequence_match,True
Q8TDJ6-3,,missing_pdb,False
Q8TDM6,/data/ranran/my_ptm/croton/data/structure_pipeline/pdb/Q8TDM6.pdb,exact_sequence_match,True
Q8TDN6,/data/ranran/my_ptm/croton/data/structure_pipeline/pdb/Q8TDN6.pdb,exact_sequence_match,True
Q8TE76,,missing_pdb,False
Q8TEA8,,missing_pdb,False
Q8TED1,/data/ranran/my_ptm/croton/data/structure_pipeline/pdb/Q8TED1.pdb,exact_sequence_match,True
Q8TEQ6,/data/ranran/my_ptm/croton/data/structure_pipeline/pdb/Q8TEQ6.pdb,exact_sequence_match,True
Q8TEW8,/data/ranran/my_ptm/croton/data/structure_pipeline/pdb/Q8TEW8.pdb,exact_sequence_match,True
Q8TF01,,missing_pdb,False
Q8TF42,/data/ranran/my_ptm/croton/data/structure_pipeline/pdb/Q8TF42.pdb,exact_sequence_match,True
Q8VWY6,,missing_pdb,False
Q8VZH4,,missing_pdb,False
Q8W1L3,,missing_pdb,False
Q8W1L4,,missing_pdb,False
Q8W2N2,,missing_pdb,False
Q8W317,,missing_pdb,False
Q8W3Z6,,missing_pdb,False
Q8W3Z7,,missing_pdb,False
Q8W3Z9,,missing_pdb,False
Q8W400,,missing_pdb,False
Q8W401,,missing_pdb,False
Q8W402,,missing_pdb,False
Q8W4Q7,,missing_pdb,False
Q8WTT2,/data/ranran/my_ptm/croton/data/structure_pipeline/pdb/Q8WTT2.pdb,exact_sequence_match,True
Q8WUM0,/data/ranran/my_ptm/croton/data/structure_pipeline/pdb/Q8WUM0.pdb,exact_sequence_match,True
Q8WUM4,/data/ranran/my_ptm/croton/data/structure_pipeline/pdb/Q8WUM4.pdb,exact_sequence_match,True
Q8WUM9,,missing_pdb,False
Q8WVC6,,missing_pdb,False
Q8WVM7,/data/ranran/my_ptm/croton/data/structure_pipeline/pdb/Q8WVM7.pdb,exact_sequence_match,True
Q8WVM8,,missing_pdb,False
Q8WVT3,,missing_pdb,False
Q8WVY7,/data/ranran/my_ptm/croton/data/structure_pipeline/pdb/Q8WVY7.pdb,exact_sequence_match,True
Q8WW12,,missing_pdb,False
Q8WWC4,/data/ranran/my_ptm/croton/data/structure_pipeline/pdb/Q8WWC4.pdb,exact_sequence_match,True
Q8WWH5,,missing_pdb,False
Q8WWI1,/data/ranran/my_ptm/croton/data/structure_pipeline/pdb/Q8WWI1.pdb,exact_sequence_match,True
Q8WWI5,,missing_pdb,False
Q8WWL2,,missing_pdb,False
Q8WWM7,/data/ranran/my_ptm/croton/data/structure_pipeline/pdb/Q8WWM7.pdb,exact_sequence_match,True
Q8WWQ0,,missing_pdb,False
Q8WWY3,/data/ranran/my_ptm/croton/data/structure_pipeline/pdb/Q8WWY3.pdb,exact_sequence_match,True
Q8WX92,/data/ranran/my_ptm/croton/data/structure_pipeline/pdb/Q8WX92.pdb,exact_sequence_match,True
Q8WX93,/data/ranran/my_ptm/croton/data/structure_pipeline/pdb/Q8WX93.pdb,exact_sequence_match,True
Q8WX93-7,,missing_pdb,False
Q8WXA9,,missing_pdb,False
Q8WXF1,,missing_pdb,False
Q8WXH0,,missing_pdb,False
Q8WXI9,/data/ranran/my_ptm/croton/data/structure_pipeline/pdb/Q8WXI9.pdb,exact_sequence_match,True
Q8WXX5,/data/ranran/my_ptm/croton/data/structure_pipeline/pdb/Q8WXX5.pdb,exact_sequence_match,True
Q8WY22,/data/ranran/my_ptm/croton/data/structure_pipeline/pdb/Q8WY22.pdb,exact_sequence_match,True
Q8WYA6,/data/ranran/my_ptm/croton/data/structure_pipeline/pdb/Q8WYA6.pdb,exact_sequence_match,True
Q8WZ42,,missing_pdb,False
Q8WZA0,/data/ranran/my_ptm/croton/data/structure_pipeline/pdb/Q8WZA0.pdb,exact_sequence_match,True
Q92466,,missing_pdb,False
Q92499,/data/ranran/my_ptm/croton/data/structure_pipeline/pdb/Q92499.pdb,exact_sequence_match,True
Q92522,/data/ranran/my_ptm/croton/data/structure_pipeline/pdb/Q92522.pdb,exact_sequence_match,True
Q92538,/data/ranran/my_ptm/croton/data/structure_pipeline/pdb/Q92538.pdb;/data/ranran/my_ptm/croton/data/structure_pipeline/pdb/AF-Q92538-F1-model_v6.pdb,sequence_mismatch,False
Q92541,/data/ranran/my_ptm/croton/data/structure_pipeline/pdb/Q92541.pdb,exact_sequence_match,True
Q92542,/data/ranran/my_ptm/croton/data/structure_pipeline/pdb/Q92542.pdb,exact_sequence_match,True
Q92552,/data/ranran/my_ptm/croton/data/structure_pipeline/pdb/Q92552.pdb,exact_sequence_match,True
Q92575,/data/ranran/my_ptm/croton/data/structure_pipeline/pdb/Q92575.pdb,exact_sequence_match,True
Q92598,/data/ranran/my_ptm/croton/data/structure_pipeline/pdb/Q92598.pdb,exact_sequence_match,True
Q92604,/data/ranran/my_ptm/croton/data/structure_pipeline/pdb/Q92604.pdb,exact_sequence_match,True
Q92609,,missing_pdb,False
Q92614,/data/ranran/my_ptm/croton/data/structure_pipeline/pdb/Q92614.pdb,exact_sequence_match,True
Q92615,,missing_pdb,False
Q92616,/data/ranran/my_ptm/croton/data/structure_pipeline/pdb/Q92616.pdb;/data/ranran/my_ptm/croton/data/structure_pipeline/pdb/AF-Q92616-F1-model_v6.pdb,sequence_mismatch,False
Q92620,/data/ranran/my_ptm/croton/data/structure_pipeline/pdb/Q92620.pdb,exact_sequence_match,True
Q92621,/data/ranran/my_ptm/croton/data/structure_pipeline/pdb/Q92621.pdb,exact_sequence_match,True
Q92665,/data/ranran/my_ptm/croton/data/structure_pipeline/pdb/Q92665.pdb,exact_sequence_match,True
Q92667,/data/ranran/my_ptm/croton/data/structure_pipeline/pdb/Q92667.pdb,exact_sequence_match,True
Q92729,,missing_pdb,False
Q92733,/data/ranran/my_ptm/croton/data/structure_pipeline/pdb/Q92733.pdb,exact_sequence_match,True
Q92734,/data/ranran/my_ptm/croton/data/structure_pipeline/pdb/Q92734.pdb,exact_sequence_match,True
Q92769,/data/ranran/my_ptm/croton/data/structure_pipeline/pdb/Q92769.pdb,exact_sequence_match,True
Q92783,/data/ranran/my_ptm/croton/data/structure_pipeline/pdb/Q92783.pdb,exact_sequence_match,True
Q92805,/data/ranran/my_ptm/croton/data/structure_pipeline/pdb/Q92805.pdb,exact_sequence_match,True
Q92833,,missing_pdb,False
Q92833-2,,missing_pdb,False
Q92841,/data/ranran/my_ptm/croton/data/structure_pipeline/pdb/Q92841.pdb,exact_sequence_match,True
Q92878,/data/ranran/my_ptm/croton/data/structure_pipeline/pdb/Q92878.pdb,exact_sequence_match,True
Q92879,,missing_pdb,False
Q92888,/data/ranran/my_ptm/croton/data/structure_pipeline/pdb/Q92888.pdb,exact_sequence_match,True
Q92896,/data/ranran/my_ptm/croton/data/structure_pipeline/pdb/Q92896.pdb,exact_sequence_match,True
Q92900,/data/ranran/my_ptm/croton/data/structure_pipeline/pdb/Q92900.pdb,exact_sequence_match,True
Q92917,/data/ranran/my_ptm/croton/data/structure_pipeline/pdb/Q92917.pdb,exact_sequence_match,True
Q92945,/data/ranran/my_ptm/croton/data/structure_pipeline/pdb/Q92945.pdb,exact_sequence_match,True
Q92947,,missing_pdb,False
Q92973,/data/ranran/my_ptm/croton/data/structure_pipeline/pdb/Q92973.pdb,exact_sequence_match,True
Q92988-2,,missing_pdb,False
Q93045,/data/ranran/my_ptm/croton/data/structure_pipeline/pdb/Q93045.pdb,exact_sequence_match,True
Q93050,/data/ranran/my_ptm/croton/data/structure_pipeline/pdb/Q93050.pdb,exact_sequence_match,True
Q93084,,missing_pdb,False
Q93X30,,missing_pdb,False
Q93X31,,missing_pdb,False
Q93X32,,missing_pdb,False
Q93X37,,missing_pdb,False
Q93X38,,missing_pdb,False
Q941H9,,missing_pdb,False
Q945X3,,missing_pdb,False
Q948T6,,missing_pdb,False
Q94EN2,,missing_pdb,False
Q94EW1,,missing_pdb,False
Q94GG8,,missing_pdb,False
Q94I35,,missing_pdb,False
Q94J17,,missing_pdb,False
Q94JE1,,missing_pdb,False
Q969G3,/data/ranran/my_ptm/croton/data/structure_pipeline/pdb/Q969G3.pdb,exact_sequence_match,True
Q969G5,,missing_pdb,False
Q969H8,/data/ranran/my_ptm/croton/data/structure_pipeline/pdb/Q969H8.pdb,exact_sequence_match,True
Q969Q4,/data/ranran/my_ptm/croton/data/structure_pipeline/pdb/Q969Q4.pdb,exact_sequence_match,True
Q969S3,/data/ranran/my_ptm/croton/data/structure_pipeline/pdb/Q969S3.pdb,exact_sequence_match,True
Q969T9,,missing_pdb,False
Q969V3,/data/ranran/my_ptm/croton/data/structure_pipeline/pdb/Q969V3.pdb,exact_sequence_match,True
Q969X5,/data/ranran/my_ptm/croton/data/structure_pipeline/pdb/Q969X5.pdb,exact_sequence_match,True
Q969Z0,/data/ranran/my_ptm/croton/data/structure_pipeline/pdb/Q969Z0.pdb,exact_sequence_match,True
Q96A26,/data/ranran/my_ptm/croton/data/structure_pipeline/pdb/Q96A26.pdb,exact_sequence_match,True
Q96A33,/data/ranran/my_ptm/croton/data/structure_pipeline/pdb/Q96A33.pdb,exact_sequence_match,True
Q96A49,/data/ranran/my_ptm/croton/data/structure_pipeline/pdb/Q96A49.pdb,exact_sequence_match,True
Q96AG4,/data/ranran/my_ptm/croton/data/structure_pipeline/pdb/Q96AG4.pdb,exact_sequence_match,True
Q96AQ6,,missing_pdb,False
Q96AT1,/data/ranran/my_ptm/croton/data/structure_pipeline/pdb/Q96AT1.pdb,exact_sequence_match,True
Q96AY3,/data/ranran/my_ptm/croton/data/structure_pipeline/pdb/Q96AY3.pdb,exact_sequence_match,True
Q96B26,/data/ranran/my_ptm/croton/data/structure_pipeline/pdb/Q96B26.pdb,exact_sequence_match,True
Q96B36-2,,missing_pdb,False
Q96B97,/data/ranran/my_ptm/croton/data/structure_pipeline/pdb/Q96B97.pdb,exact_sequence_match,True
Q96BI3,,missing_pdb,False
Q96BK5,,missing_pdb,False
Q96C01,/data/ranran/my_ptm/croton/data/structure_pipeline/pdb/Q96C01.pdb,exact_sequence_match,True
Q96C19,/data/ranran/my_ptm/croton/data/structure_pipeline/pdb/Q96C19.pdb,exact_sequence_match,True
Q96C36,/data/ranran/my_ptm/croton/data/structure_pipeline/pdb/Q96C36.pdb,exact_sequence_match,True
Q96C57,/data/ranran/my_ptm/croton/data/structure_pipeline/pdb/Q96C57.pdb,exact_sequence_match,True
Q96C86,/data/ranran/my_ptm/croton/data/structure_pipeline/pdb/Q96C86.pdb,exact_sequence_match,True
Q96CM8,,missing_pdb,False
Q96CP2,,missing_pdb,False
Q96CS3,/data/ranran/my_ptm/croton/data/structure_pipeline/pdb/Q96CS3.pdb,exact_sequence_match,True
Q96CT7,/data/ranran/my_ptm/croton/data/structure_pipeline/pdb/Q96CT7.pdb,exact_sequence_match,True
Q96CV9,/data/ranran/my_ptm/croton/data/structure_pipeline/pdb/Q96CV9.pdb,exact_sequence_match,True
Q96CW1,/data/ranran/my_ptm/croton/data/structure_pipeline/pdb/Q96CW1.pdb,exact_sequence_match,True
Q96D71,/data/ranran/my_ptm/croton/data/structure_pipeline/pdb/Q96D71.pdb,exact_sequence_match,True
Q96DU9,,missing_pdb,False
Q96DV4,/data/ranran/my_ptm/croton/data/structure_pipeline/pdb/Q96DV4.pdb,exact_sequence_match,True
Q96DZ1,/data/ranran/my_ptm/croton/data/structure_pipeline/pdb/Q96DZ1.pdb,exact_sequence_match,True
Q96E11,/data/ranran/my_ptm/croton/data/structure_pipeline/pdb/Q96E11.pdb,exact_sequence_match,True
Q96E22,,missing_pdb,False
Q96EC8,/data/ranran/my_ptm/croton/data/structure_pipeline/pdb/Q96EC8.pdb,exact_sequence_match,True
Q96EK5,/data/ranran/my_ptm/croton/data/structure_pipeline/pdb/Q96EK5.pdb,exact_sequence_match,True
Q96EK6,/data/ranran/my_ptm/croton/data/structure_pipeline/pdb/Q96EK6.pdb,exact_sequence_match,True
Q96EL3,/data/ranran/my_ptm/croton/data/structure_pipeline/pdb/Q96EL3.pdb,exact_sequence_match,True
Q96EP5,/data/ranran/my_ptm/croton/data/structure_pipeline/pdb/Q96EP5.pdb,exact_sequence_match,True
Q96ER9,/data/ranran/my_ptm/croton/data/structure_pipeline/pdb/Q96ER9.pdb,exact_sequence_match,True
Q96EU6,,missing_pdb,False
Q96EX1,/data/ranran/my_ptm/croton/data/structure_pipeline/pdb/Q96EX1.pdb,exact_sequence_match,True
Q96EY1,/data/ranran/my_ptm/croton/data/structure_pipeline/pdb/Q96EY1.pdb,exact_sequence_match,True
Q96EY7,/data/ranran/my_ptm/croton/data/structure_pipeline/pdb/Q96EY7.pdb,exact_sequence_match,True
Q96EY8,/data/ranran/my_ptm/croton/data/structure_pipeline/pdb/Q96EY8.pdb,exact_sequence_match,True
Q96FQ6,/data/ranran/my_ptm/croton/data/structure_pipeline/pdb/Q96FQ6.pdb,exact_sequence_match,True
Q96FV9,/data/ranran/my_ptm/croton/data/structure_pipeline/pdb/Q96FV9.pdb,exact_sequence_match,True
Q96FW1,/data/ranran/my_ptm/croton/data/structure_pipeline/pdb/Q96FW1.pdb,exact_sequence_match,True
Q96G03,/data/ranran/my_ptm/croton/data/structure_pipeline/pdb/Q96G03.pdb,exact_sequence_match,True
Q96G23,/data/ranran/my_ptm/croton/data/structure_pipeline/pdb/Q96G23.pdb,exact_sequence_match,True
Q96GC5,/data/ranran/my_ptm/croton/data/structure_pipeline/pdb/Q96GC5.pdb,exact_sequence_match,True
Q96GC9,,missing_pdb,False
Q96GG9,,missing_pdb,False
Q96GQ7,,missing_pdb,False
Q96HC4,/data/ranran/my_ptm/croton/data/structure_pipeline/pdb/Q96HC4.pdb,exact_sequence_match,True
Q96HD1,,missing_pdb,False
Q96HE7,,missing_pdb,False
Q96HH6,/data/ranran/my_ptm/croton/data/structure_pipeline/pdb/Q96HH6.pdb,exact_sequence_match,True
Q96HS1,/data/ranran/my_ptm/croton/data/structure_pipeline/pdb/Q96HS1.pdb,exact_sequence_match,True
Q96HY3,,missing_pdb,False
Q96I25,/data/ranran/my_ptm/croton/data/structure_pipeline/pdb/Q96I25.pdb,exact_sequence_match,True
Q96II8-2,,missing_pdb,False
Q96IK0,,missing_pdb,False
Q96IZ0,/data/ranran/my_ptm/croton/data/structure_pipeline/pdb/Q96IZ0.pdb,exact_sequence_match,True
Q96J01,/data/ranran/my_ptm/croton/data/structure_pipeline/pdb/Q96J01.pdb,exact_sequence_match,True
Q96JB5,/data/ranran/my_ptm/croton/data/structure_pipeline/pdb/Q96JB5.pdb,exact_sequence_match,True
Q96JC9,,missing_pdb,False
Q96JJ7,/data/ranran/my_ptm/croton/data/structure_pipeline/pdb/Q96JJ7.pdb,exact_sequence_match,True
Q96K76,/data/ranran/my_ptm/croton/data/structure_pipeline/pdb/Q96K76.pdb,exact_sequence_match,True
Q96KA5,,missing_pdb,False
Q96KB5,/data/ranran/my_ptm/croton/data/structure_pipeline/pdb/Q96KB5.pdb,exact_sequence_match,True
Q96KC8,,missing_pdb,False
Q96KG9,/data/ranran/my_ptm/croton/data/structure_pipeline/pdb/Q96KG9.pdb,exact_sequence_match,True
Q96KN7,/data/ranran/my_ptm/croton/data/structure_pipeline/pdb/Q96KN7.pdb,exact_sequence_match,True
Q96KP4,/data/ranran/my_ptm/croton/data/structure_pipeline/pdb/Q96KP4.pdb,exact_sequence_match,True
Q96KQ7-2,,missing_pdb,False
Q96KR1,/data/ranran/my_ptm/croton/data/structure_pipeline/pdb/Q96KR1.pdb,exact_sequence_match,True
Q96LT9,,missing_pdb,False
Q96LZ7,,missing_pdb,False
Q96MU7-2,,missing_pdb,False
Q96MX0,,missing_pdb,False
Q96N64,,missing_pdb,False
Q96N64-2,,missing_pdb,False
Q96N66,,missing_pdb,False
Q96ND0,/data/ranran/my_ptm/croton/data/structure_pipeline/pdb/Q96ND0.pdb,exact_sequence_match,True
Q96P11,/data/ranran/my_ptm/croton/data/structure_pipeline/pdb/Q96P11.pdb,exact_sequence_match,True
Q96P70,/data/ranran/my_ptm/croton/data/structure_pipeline/pdb/Q96P70.pdb,exact_sequence_match,True
Q96PC5,/data/ranran/my_ptm/croton/data/structure_pipeline/pdb/Q96PC5.pdb,exact_sequence_match,True
Q96PD2,,missing_pdb,False
Q96PK6,/data/ranran/my_ptm/croton/data/structure_pipeline/pdb/Q96PK6.pdb,exact_sequence_match,True
Q96PU8,/data/ranran/my_ptm/croton/data/structure_pipeline/pdb/Q96PU8.pdb,exact_sequence_match,True
Q96PZ0,/data/ranran/my_ptm/croton/data/structure_pipeline/pdb/Q96PZ0.pdb,exact_sequence_match,True
Q96QC0,/data/ranran/my_ptm/croton/data/structure_pipeline/pdb/Q96QC0.pdb,exact_sequence_match,True
Q96QD8,/data/ranran/my_ptm/croton/data/structure_pipeline/pdb/Q96QD8.pdb,exact_sequence_match,True
Q96QK1,/data/ranran/my_ptm/croton/data/structure_pipeline/pdb/Q96QK1.pdb,exact_sequence_match,True
Q96R05,,missing_pdb,False
Q96RE7,,missing_pdb,False
Q96RV3,,missing_pdb,False
Q96S55-4,,missing_pdb,False
Q96S94-3,,missing_pdb,False
Q96SB3,,missing_pdb,False
Q96SM7,,missing_pdb,False
Q96ST2,/data/ranran/my_ptm/croton/data/structure_pipeline/pdb/Q96ST2.pdb,exact_sequence_match,True
Q96ST3,/data/ranran/my_ptm/croton/data/structure_pipeline/pdb/Q96ST3.pdb,exact_sequence_match,True
Q96T17,/data/ranran/my_ptm/croton/data/structure_pipeline/pdb/Q96T17.pdb,exact_sequence_match,True
Q96T37-4,,missing_pdb,False
Q96T51,/data/ranran/my_ptm/croton/data/structure_pipeline/pdb/Q96T51.pdb,exact_sequence_match,True
Q96T58,,missing_pdb,False
Q96TA1,/data/ranran/my_ptm/croton/data/structure_pipeline/pdb/Q96TA1.pdb,exact_sequence_match,True
Q96TA2,/data/ranran/my_ptm/croton/data/structure_pipeline/pdb/Q96TA2.pdb,exact_sequence_match,True
Q99426,/data/ranran/my_ptm/croton/data/structure_pipeline/pdb/Q99426.pdb,exact_sequence_match,True
Q99436,/data/ranran/my_ptm/croton/data/structure_pipeline/pdb/Q99436.pdb,exact_sequence_match,True
Q99442,/data/ranran/my_ptm/croton/data/structure_pipeline/pdb/Q99442.pdb,exact_sequence_match,True
Q99459,/data/ranran/my_ptm/croton/data/structure_pipeline/pdb/Q99459.pdb,exact_sequence_match,True
Q99471,/data/ranran/my_ptm/croton/data/structure_pipeline/pdb/Q99471.pdb,exact_sequence_match,True
Q99496,,missing_pdb,False
Q99497,/data/ranran/my_ptm/croton/data/structure_pipeline/pdb/Q99497.pdb,exact_sequence_match,True
Q99536,/data/ranran/my_ptm/croton/data/structure_pipeline/pdb/Q99536.pdb,exact_sequence_match,True
Q99538,,missing_pdb,False
Q99541,/data/ranran/my_ptm/croton/data/structure_pipeline/pdb/Q99541.pdb,exact_sequence_match,True
Q99543,/data/ranran/my_ptm/croton/data/structure_pipeline/pdb/Q99543.pdb,exact_sequence_match,True
Q99549,,missing_pdb,False
Q99584,/data/ranran/my_ptm/croton/data/structure_pipeline/pdb/Q99584.pdb,exact_sequence_match,True
Q99590,/data/ranran/my_ptm/croton/data/structure_pipeline/pdb/Q99590.pdb,exact_sequence_match,True
Q99590-2,,missing_pdb,False
Q99614,/data/ranran/my_ptm/croton/data/structure_pipeline/pdb/Q99614.pdb,exact_sequence_match,True
Q99615,/data/ranran/my_ptm/croton/data/structure_pipeline/pdb/Q99615.pdb,exact_sequence_match,True
Q99623,/data/ranran/my_ptm/croton/data/structure_pipeline/pdb/Q99623.pdb,exact_sequence_match,True
Q99653,/data/ranran/my_ptm/croton/data/structure_pipeline/pdb/Q99653.pdb,exact_sequence_match,True
Q99685,/data/ranran/my_ptm/croton/data/structure_pipeline/pdb/Q99685.pdb,exact_sequence_match,True
Q99714,/data/ranran/my_ptm/croton/data/structure_pipeline/pdb/Q99714.pdb,exact_sequence_match,True
Q99732,,missing_pdb,False
Q99735,,missing_pdb,False
Q99747,/data/ranran/my_ptm/croton/data/structure_pipeline/pdb/Q99747.pdb,exact_sequence_match,True
Q99757,/data/ranran/my_ptm/croton/data/structure_pipeline/pdb/Q99757.pdb,exact_sequence_match,True
Q99766,,missing_pdb,False
Q99798,/data/ranran/my_ptm/croton/data/structure_pipeline/pdb/Q99798.pdb,exact_sequence_match,True
Q99805,/data/ranran/my_ptm/croton/data/structure_pipeline/pdb/Q99805.pdb,exact_sequence_match,True
Q99808,/data/ranran/my_ptm/croton/data/structure_pipeline/pdb/Q99808.pdb,exact_sequence_match,True
Q99848,/data/ranran/my_ptm/croton/data/structure_pipeline/pdb/Q99848.pdb,exact_sequence_match,True
Q99961,/data/ranran/my_ptm/croton/data/structure_pipeline/pdb/Q99961.pdb,exact_sequence_match,True
Q9AS76,,missing_pdb,False
Q9AT17,,missing_pdb,False
Q9AV40,,missing_pdb,False
Q9AXI8,,missing_pdb,False
Q9AY51,,missing_pdb,False
Q9BPX5,/data/ranran/my_ptm/croton/data/structure_pipeline/pdb/Q9BPX5.pdb,exact_sequence_match,True
Q9BPX6,/data/ranran/my_ptm/croton/data/structure_pipeline/pdb/Q9BPX6.pdb,exact_sequence_match,True
Q9BPZ7,,missing_pdb,False
Q9BQ52-4,,missing_pdb,False
Q9BQ61,/data/ranran/my_ptm/croton/data/structure_pipeline/pdb/Q9BQ61.pdb,exact_sequence_match,True
Q9BQB6,,missing_pdb,False
Q9BQE5,/data/ranran/my_ptm/croton/data/structure_pipeline/pdb/Q9BQE5.pdb;/data/ranran/my_ptm/croton/data/structure_pipeline/pdb/AF-Q9BQE5-F1-model_v6.pdb,sequence_mismatch,False
Q9BQG0-2,,missing_pdb,False
Q9BQS8,,missing_pdb,False
Q9BR39,,missing_pdb,False
Q9BR76,/data/ranran/my_ptm/croton/data/structure_pipeline/pdb/Q9BR76.pdb,exact_sequence_match,True
Q9BRA2,,missing_pdb,False
Q9BRF8,,missing_pdb,False
Q9BRJ2,/data/ranran/my_ptm/croton/data/structure_pipeline/pdb/Q9BRJ2.pdb,exact_sequence_match,True
Q9BRJ6,,missing_pdb,False
Q9BRK5,/data/ranran/my_ptm/croton/data/structure_pipeline/pdb/Q9BRK5.pdb,exact_sequence_match,True
Q9BRQ6,,missing_pdb,False
Q9BRT2,,missing_pdb,False
Q9BRT6,/data/ranran/my_ptm/croton/data/structure_pipeline/pdb/Q9BRT6.pdb,exact_sequence_match,True
Q9BRX5-2,,missing_pdb,False
Q9BRX8,/data/ranran/my_ptm/croton/data/structure_pipeline/pdb/Q9BRX8.pdb,exact_sequence_match,True
Q9BS26,/data/ranran/my_ptm/croton/data/structure_pipeline/pdb/Q9BS26.pdb,exact_sequence_match,True
Q9BS40,,missing_pdb,False
Q9BSC4,/data/ranran/my_ptm/croton/data/structure_pipeline/pdb/Q9BSC4.pdb,exact_sequence_match,True
Q9BSD7,,missing_pdb,False
Q9BSH4,/data/ranran/my_ptm/croton/data/structure_pipeline/pdb/Q9BSH4.pdb,exact_sequence_match,True
Q9BSJ8,/data/ranran/my_ptm/croton/data/structure_pipeline/pdb/Q9BSJ8.pdb,exact_sequence_match,True
Q9BT78,/data/ranran/my_ptm/croton/data/structure_pipeline/pdb/Q9BT78.pdb,exact_sequence_match,True
Q9BTA9-5,,missing_pdb,False
Q9BTC0,/data/ranran/my_ptm/croton/data/structure_pipeline/pdb/Q9BTC0.pdb,exact_sequence_match,True
Q9BTD8,,missing_pdb,False
Q9BTE3,/data/ranran/my_ptm/croton/data/structure_pipeline/pdb/Q9BTE3.pdb,exact_sequence_match,True
Q9BTT0,,missing_pdb,False
Q9BTU6,/data/ranran/my_ptm/croton/data/structure_pipeline/pdb/Q9BTU6.pdb,exact_sequence_match,True
Q9BTV4,/data/ranran/my_ptm/croton/data/structure_pipeline/pdb/Q9BTV4.pdb,exact_sequence_match,True
Q9BU23,,missing_pdb,False
Q9BUB7,,missing_pdb,False
Q9BUJ2,/data/ranran/my_ptm/croton/data/structure_pipeline/pdb/Q9BUJ2.pdb,exact_sequence_match,True
Q9BUL8,/data/ranran/my_ptm/croton/data/structure_pipeline/pdb/Q9BUL8.pdb,exact_sequence_match,True
Q9BUP3,/data/ranran/my_ptm/croton/data/structure_pipeline/pdb/Q9BUP3.pdb,exact_sequence_match,True
Q9BUQ8,/data/ranran/my_ptm/croton/data/structure_pipeline/pdb/Q9BUQ8.pdb,exact_sequence_match,True
Q9BV36,,missing_pdb,False
Q9BV81,/data/ranran/my_ptm/croton/data/structure_pipeline/pdb/Q9BV81.pdb,exact_sequence_match,True
Q9BVC6,/data/ranran/my_ptm/croton/data/structure_pipeline/pdb/Q9BVC6.pdb,exact_sequence_match,True
Q9BVG4,,missing_pdb,False
Q9BVI4,/data/ranran/my_ptm/croton/data/structure_pipeline/pdb/Q9BVI4.pdb,exact_sequence_match,True
Q9BVJ6,/data/ranran/my_ptm/croton/data/structure_pipeline/pdb/Q9BVJ6.pdb,exact_sequence_match,True
Q9BVK6,/data/ranran/my_ptm/croton/data/structure_pipeline/pdb/Q9BVK6.pdb,exact_sequence_match,True
Q9BVL2,/data/ranran/my_ptm/croton/data/structure_pipeline/pdb/Q9BVL2.pdb,exact_sequence_match,True
Q9BVP2,/data/ranran/my_ptm/croton/data/structure_pipeline/pdb/Q9BVP2.pdb,exact_sequence_match,True
Q9BW27,/data/ranran/my_ptm/croton/data/structure_pipeline/pdb/Q9BW27.pdb,exact_sequence_match,True
Q9BW30,,missing_pdb,False
Q9BW61,,missing_pdb,False
Q9BW72,/data/ranran/my_ptm/croton/data/structure_pipeline/pdb/Q9BW72.pdb,exact_sequence_match,True
Q9BWF3,/data/ranran/my_ptm/croton/data/structure_pipeline/pdb/Q9BWF3.pdb,exact_sequence_match,True
Q9BWS9,/data/ranran/my_ptm/croton/data/structure_pipeline/pdb/Q9BWS9.pdb,exact_sequence_match,True
Q9BWU0,,missing_pdb,False
Q9BX68,,missing_pdb,False
Q9BXF6,,missing_pdb,False
Q9BXJ9,/data/ranran/my_ptm/croton/data/structure_pipeline/pdb/Q9BXJ9.pdb,exact_sequence_match,True
Q9BXK5-4,,missing_pdb,False
Q9BXP2,,missing_pdb,False
Q9BXP5,/data/ranran/my_ptm/croton/data/structure_pipeline/pdb/Q9BXP5.pdb,exact_sequence_match,True
Q9BXS1,,missing_pdb,False
Q9BXS6,/data/ranran/my_ptm/croton/data/structure_pipeline/pdb/Q9BXS6.pdb,exact_sequence_match,True
Q9BXW9-3,,missing_pdb,False
Q9BY08,/data/ranran/my_ptm/croton/data/structure_pipeline/pdb/Q9BY08.pdb,exact_sequence_match,True
Q9BY32,/data/ranran/my_ptm/croton/data/structure_pipeline/pdb/Q9BY32.pdb,exact_sequence_match,True
Q9BY44,/data/ranran/my_ptm/croton/data/structure_pipeline/pdb/Q9BY44.pdb,exact_sequence_match,True
Q9BYC5,,missing_pdb,False
Q9BYC8,,missing_pdb,False
Q9BYD3,,missing_pdb,False
Q9BYD6,/data/ranran/my_ptm/croton/data/structure_pipeline/pdb/Q9BYD6.pdb,exact_sequence_match,True
Q9BYG3,/data/ranran/my_ptm/croton/data/structure_pipeline/pdb/Q9BYG3.pdb,exact_sequence_match,True
Q9BYJ9,,missing_pdb,False
Q9BYN0,,missing_pdb,False
Q9BYT8,/data/ranran/my_ptm/croton/data/structure_pipeline/pdb/Q9BYT8.pdb,exact_sequence_match,True
Q9BYX2,/data/ranran/my_ptm/croton/data/structure_pipeline/pdb/Q9BYX2.pdb,exact_sequence_match,True
Q9BZ71-3,,missing_pdb,False
Q9BZA7,,missing_pdb,False
Q9BZE1,/data/ranran/my_ptm/croton/data/structure_pipeline/pdb/Q9BZE1.pdb,exact_sequence_match,True
Q9BZE4,/data/ranran/my_ptm/croton/data/structure_pipeline/pdb/Q9BZE4.pdb,exact_sequence_match,True
Q9BZF1,/data/ranran/my_ptm/croton/data/structure_pipeline/pdb/Q9BZF1.pdb,exact_sequence_match,True
Q9BZF9,/data/ranran/my_ptm/croton/data/structure_pipeline/pdb/Q9BZF9.pdb,exact_sequence_match,True
Q9BZG1,/data/ranran/my_ptm/croton/data/structure_pipeline/pdb/Q9BZG1.pdb,exact_sequence_match,True
Q9BZI7,/data/ranran/my_ptm/croton/data/structure_pipeline/pdb/Q9BZI7.pdb,exact_sequence_match,True
Q9BZJ0,/data/ranran/my_ptm/croton/data/structure_pipeline/pdb/Q9BZJ0.pdb,exact_sequence_match,True
Q9BZV3,,missing_pdb,False
Q9BZZ5,/data/ranran/my_ptm/croton/data/structure_pipeline/pdb/Q9BZZ5.pdb,exact_sequence_match,True
Q9C005,/data/ranran/my_ptm/croton/data/structure_pipeline/pdb/Q9C005.pdb,exact_sequence_match,True
Q9C037,,missing_pdb,False
Q9C0C2,/data/ranran/my_ptm/croton/data/structure_pipeline/pdb/Q9C0C2.pdb,exact_sequence_match,True
Q9C0D9,,missing_pdb,False
Q9C0E8,,missing_pdb,False
Q9C0G6,,missing_pdb,False
Q9C0I4,,missing_pdb,False
Q9C0J8,,missing_pdb,False
Q9FEL1,,missing_pdb,False
Q9FEL2,,missing_pdb,False
Q9FEL3,,missing_pdb,False
Q9FEV7,,missing_pdb,False
Q9FP25,,missing_pdb,False
Q9FPL3,,missing_pdb,False
Q9FQ84,,missing_pdb,False
Q9FSF5,,missing_pdb,False
Q9FU74,,missing_pdb,False
Q9FW37,,missing_pdb,False
Q9FWV2,,missing_pdb,False
Q9FXQ2,,missing_pdb,False
Q9GZL7,/data/ranran/my_ptm/croton/data/structure_pipeline/pdb/Q9GZL7.pdb,exact_sequence_match,True
Q9GZM5,,missing_pdb,False
Q9GZP8,,missing_pdb,False
Q9GZP9,,missing_pdb,False
Q9GZQ8,,missing_pdb,False
Q9GZR7,/data/ranran/my_ptm/croton/data/structure_pipeline/pdb/Q9GZR7.pdb,exact_sequence_match,True
Q9GZT3,/data/ranran/my_ptm/croton/data/structure_pipeline/pdb/Q9GZT3.pdb,exact_sequence_match,True
Q9GZT9,/data/ranran/my_ptm/croton/data/structure_pipeline/pdb/Q9GZT9.pdb,exact_sequence_match,True
Q9GZY8,/data/ranran/my_ptm/croton/data/structure_pipeline/pdb/Q9GZY8.pdb,exact_sequence_match,True
Q9GZZ1,/data/ranran/my_ptm/croton/data/structure_pipeline/pdb/Q9GZZ1.pdb,exact_sequence_match,True
Q9H074,/data/ranran/my_ptm/croton/data/structure_pipeline/pdb/Q9H074.pdb,exact_sequence_match,True
Q9H078,/data/ranran/my_ptm/croton/data/structure_pipeline/pdb/Q9H078.pdb,exact_sequence_match,True
Q9H089,/data/ranran/my_ptm/croton/data/structure_pipeline/pdb/Q9H089.pdb,exact_sequence_match,True
Q9H0A0,/data/ranran/my_ptm/croton/data/structure_pipeline/pdb/Q9H0A0.pdb,exact_sequence_match,True
Q9H0D6,/data/ranran/my_ptm/croton/data/structure_pipeline/pdb/Q9H0D6.pdb,exact_sequence_match,True
Q9H0G5,,missing_pdb,False
Q9H0H5,/data/ranran/my_ptm/croton/data/structure_pipeline/pdb/Q9H0H5.pdb,exact_sequence_match,True
Q9H0M4,,missing_pdb,False
Q9H0S4,,missing_pdb,False
Q9H0U9,,missing_pdb,False
Q9H173,,missing_pdb,False
Q9H1E3,,missing_pdb,False
Q9H267,/data/ranran/my_ptm/croton/data/structure_pipeline/pdb/Q9H267.pdb,exact_sequence_match,True
Q9H269,/data/ranran/my_ptm/croton/data/structure_pipeline/pdb/Q9H269.pdb,exact_sequence_match,True
Q9H299,,missing_pdb,False
Q9H2G2,/data/ranran/my_ptm/croton/data/structure_pipeline/pdb/Q9H2G2.pdb,exact_sequence_match,True
Q9H2M9,/data/ranran/my_ptm/croton/data/structure_pipeline/pdb/Q9H2M9.pdb,exact_sequence_match,True
Q9H2P0,,missing_pdb,False
Q9H2P9-2,,missing_pdb,False
Q9H2U1,/data/ranran/my_ptm/croton/data/structure_pipeline/pdb/Q9H2U1.pdb,exact_sequence_match,True
Q9H2U2,/data/ranran/my_ptm/croton/data/structure_pipeline/pdb/Q9H2U2.pdb,exact_sequence_match,True
Q9H307,/data/ranran/my_ptm/croton/data/structure_pipeline/pdb/Q9H307.pdb,exact_sequence_match,True
Q9H330,,missing_pdb,False
Q9H3K2,/data/ranran/my_ptm/croton/data/structure_pipeline/pdb/Q9H3K2.pdb,exact_sequence_match,True
Q9H3P7,/data/ranran/my_ptm/croton/data/structure_pipeline/pdb/Q9H3P7.pdb,exact_sequence_match,True
Q9H3U1,/data/ranran/my_ptm/croton/data/structure_pipeline/pdb/Q9H3U1.pdb,exact_sequence_match,True
Q9H3U5,/data/ranran/my_ptm/croton/data/structure_pipeline/pdb/Q9H3U5.pdb,exact_sequence_match,True
Q9H3Z4,/data/ranran/my_ptm/croton/data/structure_pipeline/pdb/Q9H3Z4.pdb,exact_sequence_match,True
Q9H444,/data/ranran/my_ptm/croton/data/structure_pipeline/pdb/Q9H444.pdb,exact_sequence_match,True
Q9H446,,missing_pdb,False
Q9H467,/data/ranran/my_ptm/croton/data/structure_pipeline/pdb/Q9H467.pdb,exact_sequence_match,True
Q9H477,,missing_pdb,False
Q9H490,,missing_pdb,False
Q9H4A4,/data/ranran/my_ptm/croton/data/structure_pipeline/pdb/Q9H4A4.pdb,exact_sequence_match,True
Q9H4R4,,missing_pdb,False
Q9H501,/data/ranran/my_ptm/croton/data/structure_pipeline/pdb/Q9H501.pdb,exact_sequence_match,True
Q9H583,/data/ranran/my_ptm/croton/data/structure_pipeline/pdb/Q9H583.pdb,exact_sequence_match,True
Q9H5Q4,/data/ranran/my_ptm/croton/data/structure_pipeline/pdb/Q9H5Q4.pdb,exact_sequence_match,True
Q9H5V9,,missing_pdb,False
Q9H5V9-2,,missing_pdb,False
Q9H6H4,/data/ranran/my_ptm/croton/data/structure_pipeline/pdb/Q9H6H4.pdb,exact_sequence_match,True
Q9H6R4,/data/ranran/my_ptm/croton/data/structure_pipeline/pdb/Q9H6R4.pdb,exact_sequence_match,True
Q9H6T3,/data/ranran/my_ptm/croton/data/structure_pipeline/pdb/Q9H6T3.pdb,exact_sequence_match,True
Q9H6Y7,,missing_pdb,False
Q9H6Z4,/data/ranran/my_ptm/croton/data/structure_pipeline/pdb/Q9H6Z4.pdb,exact_sequence_match,True
Q9H7B2,/data/ranran/my_ptm/croton/data/structure_pipeline/pdb/Q9H7B2.pdb,exact_sequence_match,True
Q9H7C9,,missing_pdb,False
Q9H7L9,,missing_pdb,False
Q9H7M9,,missing_pdb,False
Q9H7N4,,missing_pdb,False
Q9H7Z7,/data/ranran/my_ptm/croton/data/structure_pipeline/pdb/Q9H7Z7.pdb,exact_sequence_match,True
Q9H814,/data/ranran/my_ptm/croton/data/structure_pipeline/pdb/Q9H814.pdb,exact_sequence_match,True
Q9H8H0,/data/ranran/my_ptm/croton/data/structure_pipeline/pdb/Q9H8H0.pdb,exact_sequence_match,True
Q9H8H2,/data/ranran/my_ptm/croton/data/structure_pipeline/pdb/Q9H8H2.pdb,exact_sequence_match,True
Q9H8Y8,/data/ranran/my_ptm/croton/data/structure_pipeline/pdb/Q9H8Y8.pdb,exact_sequence_match,True
Q9H910-2,,missing_pdb,False
Q9H936,/data/ranran/my_ptm/croton/data/structure_pipeline/pdb/Q9H936.pdb,exact_sequence_match,True
Q9H939,,missing_pdb,False
Q9H993,/data/ranran/my_ptm/croton/data/structure_pipeline/pdb/Q9H993.pdb,exact_sequence_match,True
Q9H9B1-4,,missing_pdb,False
Q9H9B4,/data/ranran/my_ptm/croton/data/structure_pipeline/pdb/Q9H9B4.pdb,exact_sequence_match,True
Q9H9J2,,missing_pdb,False
Q9HA64,,missing_pdb,False
Q9HA77,/data/ranran/my_ptm/croton/data/structure_pipeline/pdb/Q9HA77.pdb,exact_sequence_match,True
Q9HAB3,,missing_pdb,False
Q9HAB8,,missing_pdb,False
Q9HAV4,/data/ranran/my_ptm/croton/data/structure_pipeline/pdb/Q9HAV4.pdb,exact_sequence_match,True
Q9HAW4-2,,missing_pdb,False
Q9HB71,/data/ranran/my_ptm/croton/data/structure_pipeline/pdb/Q9HB71.pdb,exact_sequence_match,True
Q9HB90,,missing_pdb,False
Q9HBL7,/data/ranran/my_ptm/croton/data/structure_pipeline/pdb/Q9HBL7.pdb,exact_sequence_match,True
Q9HBY8,,missing_pdb,False
Q9HC07,/data/ranran/my_ptm/croton/data/structure_pipeline/pdb/Q9HC07.pdb,exact_sequence_match,True
Q9HC35,/data/ranran/my_ptm/croton/data/structure_pipeline/pdb/Q9HC35.pdb,exact_sequence_match,True
Q9HC36,/data/ranran/my_ptm/croton/data/structure_pipeline/pdb/Q9HC36.pdb,exact_sequence_match,True
Q9HC38,/data/ranran/my_ptm/croton/data/structure_pipeline/pdb/Q9HC38.pdb,exact_sequence_match,True
Q9HCC0,/data/ranran/my_ptm/croton/data/structure_pipeline/pdb/Q9HCC0.pdb,exact_sequence_match,True
Q9HCE1-2,,missing_pdb,False
Q9HCG8,,missing_pdb,False
Q9HCJ5,,missing_pdb,False
Q9HCK1,,missing_pdb,False
Q9HCK8-2,,missing_pdb,False
Q9HCS7,/data/ranran/my_ptm/croton/data/structure_pipeline/pdb/Q9HCS7.pdb,exact_sequence_match,True
Q9HD33,/data/ranran/my_ptm/croton/data/structure_pipeline/pdb/Q9HD33.pdb,exact_sequence_match,True
Q9HD67,/data/ranran/my_ptm/croton/data/structure_pipeline/pdb/Q9HD67.pdb,exact_sequence_match,True
Q9HDC9,/data/ranran/my_ptm/croton/data/structure_pipeline/pdb/Q9HDC9.pdb,exact_sequence_match,True
Q9LEB0,,missing_pdb,False
Q9LLF0,,missing_pdb,False
Q9LST6,,missing_pdb,False
Q9LW96,,missing_pdb,False
Q9LWN1,,missing_pdb,False
Q9LWY5,,missing_pdb,False
Q9M436,,missing_pdb,False
Q9M437,,missing_pdb,False
Q9M662,,missing_pdb,False
Q9M6Q9,,missing_pdb,False
Q9M7J3,,missing_pdb,False
Q9MUE2,,missing_pdb,False
Q9NNX1,,missing_pdb,False
Q9NP74,,missing_pdb,False
Q9NP78,,missing_pdb,False
Q9NP79,/data/ranran/my_ptm/croton/data/structure_pipeline/pdb/Q9NP79.pdb,exact_sequence_match,True
Q9NP81,,missing_pdb,False
Q9NP97,,missing_pdb,False
Q9NPA8,/data/ranran/my_ptm/croton/data/structure_pipeline/pdb/Q9NPA8.pdb,exact_sequence_match,True
Q9NPD8,,missing_pdb,False
Q9NPE3,/data/ranran/my_ptm/croton/data/structure_pipeline/pdb/Q9NPE3.pdb,exact_sequence_match,True
Q9NPJ3,,missing_pdb,False
Q9NPL8,/data/ranran/my_ptm/croton/data/structure_pipeline/pdb/Q9NPL8.pdb,exact_sequence_match,True
Q9NPQ8,/data/ranran/my_ptm/croton/data/structure_pipeline/pdb/Q9NPQ8.pdb,exact_sequence_match,True
Q9NPR9,,missing_pdb,False
Q9NQ48,,missing_pdb,False
Q9NQ55,/data/ranran/my_ptm/croton/data/structure_pipeline/pdb/Q9NQ55.pdb,exact_sequence_match,True
Q9NQ88,/data/ranran/my_ptm/croton/data/structure_pipeline/pdb/Q9NQ88.pdb,exact_sequence_match,True
Q9NQC3,/data/ranran/my_ptm/croton/data/structure_pipeline/pdb/Q9NQC3.pdb,exact_sequence_match,True
Q9NQG5,/data/ranran/my_ptm/croton/data/structure_pipeline/pdb/Q9NQG5.pdb,exact_sequence_match,True
Q9NQH7,,missing_pdb,False
Q9NQS3,,missing_pdb,False
Q9NQT5,,missing_pdb,False
Q9NQW6,/data/ranran/my_ptm/croton/data/structure_pipeline/pdb/Q9NQW6.pdb,exact_sequence_match,True
Q9NQX4,,missing_pdb,False
Q9NQZ2,/data/ranran/my_ptm/croton/data/structure_pipeline/pdb/Q9NQZ2.pdb,exact_sequence_match,True
Q9NR12,/data/ranran/my_ptm/croton/data/structure_pipeline/pdb/Q9NR12.pdb,exact_sequence_match,True
Q9NR28,/data/ranran/my_ptm/croton/data/structure_pipeline/pdb/Q9NR28.pdb,exact_sequence_match,True
Q9NR30,/data/ranran/my_ptm/croton/data/structure_pipeline/pdb/Q9NR30.pdb,exact_sequence_match,True
Q9NR31,/data/ranran/my_ptm/croton/data/structure_pipeline/pdb/Q9NR31.pdb,exact_sequence_match,True
Q9NR45,/data/ranran/my_ptm/croton/data/structure_pipeline/pdb/Q9NR45.pdb,exact_sequence_match,True
Q9NRF9,/data/ranran/my_ptm/croton/data/structure_pipeline/pdb/Q9NRF9.pdb,exact_sequence_match,True
Q9NRJ5,,missing_pdb,False
Q9NRL2-2,,missing_pdb,False
Q9NRL3,,missing_pdb,False
Q9NRN7,/data/ranran/my_ptm/croton/data/structure_pipeline/pdb/Q9NRN7.pdb,exact_sequence_match,True
Q9NRP4,,missing_pdb,False
Q9NRR5,,missing_pdb,False
Q9NRV9,/data/ranran/my_ptm/croton/data/structure_pipeline/pdb/Q9NRV9.pdb,exact_sequence_match,True
Q9NRX2,/data/ranran/my_ptm/croton/data/structure_pipeline/pdb/Q9NRX2.pdb,exact_sequence_match,True
Q9NRX4,/data/ranran/my_ptm/croton/data/structure_pipeline/pdb/Q9NRX4.pdb,exact_sequence_match,True
Q9NRY4,,missing_pdb,False
Q9NS28,,missing_pdb,False
Q9NS87,/data/ranran/my_ptm/croton/data/structure_pipeline/pdb/Q9NS87.pdb,exact_sequence_match,True
Q9NSD9,/data/ranran/my_ptm/croton/data/structure_pipeline/pdb/Q9NSD9.pdb,exact_sequence_match,True
Q9NTG1,,missing_pdb,False
Q9NTG7,,missing_pdb,False
Q9NTJ3,/data/ranran/my_ptm/croton/data/structure_pipeline/pdb/Q9NTJ3.pdb,exact_sequence_match,True
Q9NTJ5,/data/ranran/my_ptm/croton/data/structure_pipeline/pdb/Q9NTJ5.pdb,exact_sequence_match,True
Q9NTZ6,/data/ranran/my_ptm/croton/data/structure_pipeline/pdb/Q9NTZ6.pdb,exact_sequence_match,True
Q9NU22,,missing_pdb,False
Q9NUJ1,,missing_pdb,False
Q9NUL3,/data/ranran/my_ptm/croton/data/structure_pipeline/pdb/Q9NUL3.pdb,exact_sequence_match,True
Q9NUM3,,missing_pdb,False
Q9NUM4,/data/ranran/my_ptm/croton/data/structure_pipeline/pdb/Q9NUM4.pdb,exact_sequence_match,True
Q9NUP9,/data/ranran/my_ptm/croton/data/structure_pipeline/pdb/Q9NUP9.pdb,exact_sequence_match,True
Q9NUQ9,/data/ranran/my_ptm/croton/data/structure_pipeline/pdb/Q9NUQ9.pdb,exact_sequence_match,True
Q9NUU7,,missing_pdb,False
Q9NUV9,,missing_pdb,False
Q9NV06,/data/ranran/my_ptm/croton/data/structure_pipeline/pdb/Q9NV06.pdb,exact_sequence_match,True
Q9NV56,,missing_pdb,False
Q9NV70,/data/ranran/my_ptm/croton/data/structure_pipeline/pdb/Q9NV70.pdb,exact_sequence_match,True
Q9NVD7,/data/ranran/my_ptm/croton/data/structure_pipeline/pdb/Q9NVD7.pdb,exact_sequence_match,True
Q9NVK5,,missing_pdb,False
Q9NVP1,/data/ranran/my_ptm/croton/data/structure_pipeline/pdb/Q9NVP1.pdb,exact_sequence_match,True
Q9NVS9,,missing_pdb,False
Q9NVU7,/data/ranran/my_ptm/croton/data/structure_pipeline/pdb/Q9NVU7.pdb,exact_sequence_match,True
Q9NW13,/data/ranran/my_ptm/croton/data/structure_pipeline/pdb/Q9NW13.pdb,exact_sequence_match,True
Q9NW15,,missing_pdb,False
Q9NW64,/data/ranran/my_ptm/croton/data/structure_pipeline/pdb/Q9NW64.pdb,exact_sequence_match,True
Q9NWB6,/data/ranran/my_ptm/croton/data/structure_pipeline/pdb/Q9NWB6.pdb,exact_sequence_match,True
Q9NWH9,/data/ranran/my_ptm/croton/data/structure_pipeline/pdb/Q9NWH9.pdb,exact_sequence_match,True
Q9NWT1,/data/ranran/my_ptm/croton/data/structure_pipeline/pdb/Q9NWT1.pdb,exact_sequence_match,True
Q9NWV4,/data/ranran/my_ptm/croton/data/structure_pipeline/pdb/Q9NWV4.pdb,exact_sequence_match,True
Q9NX01,/data/ranran/my_ptm/croton/data/structure_pipeline/pdb/Q9NX01.pdb,exact_sequence_match,True
Q9NX08,,missing_pdb,False
Q9NX20,,missing_pdb,False
Q9NX24,,missing_pdb,False
Q9NX40,/data/ranran/my_ptm/croton/data/structure_pipeline/pdb/Q9NX40.pdb,exact_sequence_match,True
Q9NX58,/data/ranran/my_ptm/croton/data/structure_pipeline/pdb/Q9NX58.pdb;/data/ranran/my_ptm/croton/data/structure_pipeline/pdb/AF-Q9NX58-F1-model_v6.pdb,sequence_mismatch,False
Q9NX62,/data/ranran/my_ptm/croton/data/structure_pipeline/pdb/Q9NX62.pdb,exact_sequence_match,True
Q9NX76,,missing_pdb,False
Q9NXG2,/data/ranran/my_ptm/croton/data/structure_pipeline/pdb/Q9NXG2.pdb,exact_sequence_match,True
Q9NXR1,/data/ranran/my_ptm/croton/data/structure_pipeline/pdb/Q9NXR1.pdb,exact_sequence_match,True
Q9NXV6,,missing_pdb,False
Q9NXW2,,missing_pdb,False
Q9NY33,/data/ranran/my_ptm/croton/data/structure_pipeline/pdb/Q9NY33.pdb,exact_sequence_match,True
Q9NY93,/data/ranran/my_ptm/croton/data/structure_pipeline/pdb/Q9NY93.pdb,exact_sequence_match,True
Q9NYC9,,missing_pdb,False
Q9NYH9,/data/ranran/my_ptm/croton/data/structure_pipeline/pdb/Q9NYH9.pdb,exact_sequence_match,True
Q9NYK5,/data/ranran/my_ptm/croton/data/structure_pipeline/pdb/Q9NYK5.pdb,exact_sequence_match,True
Q9NYL4,,missing_pdb,False
Q9NYL9,/data/ranran/my_ptm/croton/data/structure_pipeline/pdb/Q9NYL9.pdb,exact_sequence_match,True
Q9NYP7,/data/ranran/my_ptm/croton/data/structure_pipeline/pdb/Q9NYP7.pdb,exact_sequence_match,True
Q9NYU2,/data/ranran/my_ptm/croton/data/structure_pipeline/pdb/Q9NYU2.pdb,exact_sequence_match,True
Q9NZ45,,missing_pdb,False
Q9NZ52,/data/ranran/my_ptm/croton/data/structure_pipeline/pdb/Q9NZ52.pdb,exact_sequence_match,True
Q9NZ63,/data/ranran/my_ptm/croton/data/structure_pipeline/pdb/Q9NZ63.pdb,exact_sequence_match,True
Q9NZB2,,missing_pdb,False
Q9NZD4,,missing_pdb,False
Q9NZE8,/data/ranran/my_ptm/croton/data/structure_pipeline/pdb/Q9NZE8.pdb,exact_sequence_match,True
Q9NZL9,/data/ranran/my_ptm/croton/data/structure_pipeline/pdb/Q9NZL9.pdb,exact_sequence_match,True
Q9NZM1,/data/ranran/my_ptm/croton/data/structure_pipeline/pdb/Q9NZM1.pdb,exact_sequence_match,True
Q9NZN4,/data/ranran/my_ptm/croton/data/structure_pipeline/pdb/Q9NZN4.pdb,exact_sequence_match,True
Q9NZT2-2,,missing_pdb,False
Q9NZZ3-2,,missing_pdb,False
Q9P032,,missing_pdb,False
Q9P035,,missing_pdb,False
Q9P0I2,/data/ranran/my_ptm/croton/data/structure_pipeline/pdb/Q9P0I2.pdb,exact_sequence_match,True
Q9P0J0,/data/ranran/my_ptm/croton/data/structure_pipeline/pdb/Q9P0J0.pdb,exact_sequence_match,True
Q9P0J1,,missing_pdb,False
Q9P0K7,/data/ranran/my_ptm/croton/data/structure_pipeline/pdb/Q9P0K7.pdb,exact_sequence_match,True
Q9P0L0-2,,missing_pdb,False
Q9P0M9,/data/ranran/my_ptm/croton/data/structure_pipeline/pdb/Q9P0M9.pdb,exact_sequence_match,True
Q9P0S3,,missing_pdb,False
Q9P0V9,/data/ranran/my_ptm/croton/data/structure_pipeline/pdb/Q9P0V9.pdb,exact_sequence_match,True
Q9P1Q0,,missing_pdb,False
Q9P212,,missing_pdb,False
Q9P215,,missing_pdb,False
Q9P225-3,,missing_pdb,False
Q9P227,,missing_pdb,False
Q9P227-2,,missing_pdb,False
Q9P258,/data/ranran/my_ptm/croton/data/structure_pipeline/pdb/Q9P258.pdb,exact_sequence_match,True
Q9P275,,missing_pdb,False
Q9P287,/data/ranran/my_ptm/croton/data/structure_pipeline/pdb/Q9P287.pdb,exact_sequence_match,True
Q9P2E3,/data/ranran/my_ptm/croton/data/structure_pipeline/pdb/Q9P2E3.pdb,exact_sequence_match,True
Q9P2E9,/data/ranran/my_ptm/croton/data/structure_pipeline/pdb/Q9P2E9.pdb,exact_sequence_match,True
Q9P2I0,/data/ranran/my_ptm/croton/data/structure_pipeline/pdb/Q9P2I0.pdb,exact_sequence_match,True
Q9P2J5,/data/ranran/my_ptm/croton/data/structure_pipeline/pdb/Q9P2J5.pdb,exact_sequence_match,True
Q9P2M1,,missing_pdb,False
Q9P2M7,,missing_pdb,False
Q9P2P6,,missing_pdb,False
Q9P2R3,/data/ranran/my_ptm/croton/data/structure_pipeline/pdb/Q9P2R3.pdb,exact_sequence_match,True
Q9P2R7,/data/ranran/my_ptm/croton/data/structure_pipeline/pdb/Q9P2R7.pdb,exact_sequence_match,True
Q9SBI4,,missing_pdb,False
Q9SC00,,missing_pdb,False
Q9SC80,,missing_pdb,False
Q9SDJ2,,missing_pdb,False
Q9SLS1,,missing_pdb,False
Q9SMB4,,missing_pdb,False
Q9SMB6,,missing_pdb,False
Q9SMB8,,missing_pdb,False
Q9SQ56,,missing_pdb,False
Q9SQI5,,missing_pdb,False
Q9SXG0,,missing_pdb,False
Q9T2H8,,missing_pdb,False
Q9T2L7,,missing_pdb,False
Q9UBB4,/data/ranran/my_ptm/croton/data/structure_pipeline/pdb/Q9UBB4.pdb,exact_sequence_match,True
Q9UBB5,/data/ranran/my_ptm/croton/data/structure_pipeline/pdb/Q9UBB5.pdb,exact_sequence_match,True
Q9UBE0,/data/ranran/my_ptm/croton/data/structure_pipeline/pdb/Q9UBE0.pdb,exact_sequence_match,True
Q9UBI6,/data/ranran/my_ptm/croton/data/structure_pipeline/pdb/Q9UBI6.pdb,exact_sequence_match,True
Q9UBM7,/data/ranran/my_ptm/croton/data/structure_pipeline/pdb/Q9UBM7.pdb,exact_sequence_match,True
Q9UBQ5,,missing_pdb,False
Q9UBQ7,,missing_pdb,False
Q9UBR2,/data/ranran/my_ptm/croton/data/structure_pipeline/pdb/Q9UBR2.pdb,exact_sequence_match,True
Q9UBS4,/data/ranran/my_ptm/croton/data/structure_pipeline/pdb/Q9UBS4.pdb,exact_sequence_match,True
Q9UBT2,/data/ranran/my_ptm/croton/data/structure_pipeline/pdb/Q9UBT2.pdb,exact_sequence_match,True
Q9UBU9,/data/ranran/my_ptm/croton/data/structure_pipeline/pdb/Q9UBU9.pdb,exact_sequence_match,True
Q9UBV2,/data/ranran/my_ptm/croton/data/structure_pipeline/pdb/Q9UBV2.pdb,exact_sequence_match,True
Q9UBW5,/data/ranran/my_ptm/croton/data/structure_pipeline/pdb/Q9UBW5.pdb,exact_sequence_match,True
Q9UBW8,/data/ranran/my_ptm/croton/data/structure_pipeline/pdb/Q9UBW8.pdb,exact_sequence_match,True
Q9UBX8,/data/ranran/my_ptm/croton/data/structure_pipeline/pdb/Q9UBX8.pdb,exact_sequence_match,True
Q9UDT6,,missing_pdb,False
Q9UEE9,/data/ranran/my_ptm/croton/data/structure_pipeline/pdb/Q9UEE9.pdb,exact_sequence_match,True
Q9UEE9-2,,missing_pdb,False
Q9UEU0,,missing_pdb,False
Q9UFC0,,missing_pdb,False
Q9UFN0,,missing_pdb,False
Q9UG63,/data/ranran/my_ptm/croton/data/structure_pipeline/pdb/Q9UG63.pdb,exact_sequence_match,True
Q9UGC7,/data/ranran/my_ptm/croton/data/structure_pipeline/pdb/Q9UGC7.pdb,exact_sequence_match,True
Q9UGI8,/data/ranran/my_ptm/croton/data/structure_pipeline/pdb/Q9UGI8.pdb,exact_sequence_match,True
Q9UGN5,/data/ranran/my_ptm/croton/data/structure_pipeline/pdb/Q9UGN5.pdb,exact_sequence_match,True
Q9UGP8,/data/ranran/my_ptm/croton/data/structure_pipeline/pdb/Q9UGP8.pdb,exact_sequence_match,True
Q9UH65,/data/ranran/my_ptm/croton/data/structure_pipeline/pdb/Q9UH65.pdb,exact_sequence_match,True
Q9UHA3,/data/ranran/my_ptm/croton/data/structure_pipeline/pdb/Q9UHA3.pdb,exact_sequence_match,True
Q9UHB6,/data/ranran/my_ptm/croton/data/structure_pipeline/pdb/Q9UHB6.pdb,exact_sequence_match,True
Q9UHB9,/data/ranran/my_ptm/croton/data/structure_pipeline/pdb/Q9UHB9.pdb,exact_sequence_match,True
Q9UHD1,/data/ranran/my_ptm/croton/data/structure_pipeline/pdb/Q9UHD1.pdb,exact_sequence_match,True
Q9UHD4,,missing_pdb,False
Q9UHD8,/data/ranran/my_ptm/croton/data/structure_pipeline/pdb/Q9UHD8.pdb,exact_sequence_match,True
Q9UHG3,/data/ranran/my_ptm/croton/data/structure_pipeline/pdb/Q9UHG3.pdb,exact_sequence_match,True
Q9UHN1,/data/ranran/my_ptm/croton/data/structure_pipeline/pdb/Q9UHN1.pdb,exact_sequence_match,True
Q9UHN6,,missing_pdb,False
Q9UHQ9,/data/ranran/my_ptm/croton/data/structure_pipeline/pdb/Q9UHQ9.pdb,exact_sequence_match,True
Q9UHR5,,missing_pdb,False
Q9UHV9,/data/ranran/my_ptm/croton/data/structure_pipeline/pdb/Q9UHV9.pdb,exact_sequence_match,True
Q9UHX1,,missing_pdb,False
Q9UHX3,,missing_pdb,False
Q9UI09,/data/ranran/my_ptm/croton/data/structure_pipeline/pdb/Q9UI09.pdb,exact_sequence_match,True
Q9UI12,/data/ranran/my_ptm/croton/data/structure_pipeline/pdb/Q9UI12.pdb,exact_sequence_match,True
Q9UIG0,/data/ranran/my_ptm/croton/data/structure_pipeline/pdb/Q9UIG0.pdb,exact_sequence_match,True
Q9UII2,/data/ranran/my_ptm/croton/data/structure_pipeline/pdb/Q9UII2.pdb,exact_sequence_match,True
Q9UIJ7,,missing_pdb,False
Q9UIL1,,missing_pdb,False
Q9UIQ6,/data/ranran/my_ptm/croton/data/structure_pipeline/pdb/Q9UIQ6.pdb,exact_sequence_match,True
Q9UJ83,/data/ranran/my_ptm/croton/data/structure_pipeline/pdb/Q9UJ83.pdb,exact_sequence_match,True
Q9UJF2,,missing_pdb,False
Q9UJS0,,missing_pdb,False
Q9UJU6,/data/ranran/my_ptm/croton/data/structure_pipeline/pdb/Q9UJU6.pdb,exact_sequence_match,True
Q9UJV9,/data/ranran/my_ptm/croton/data/structure_pipeline/pdb/Q9UJV9.pdb,exact_sequence_match,True
Q9UJW0,,missing_pdb,False
Q9UJX2,/data/ranran/my_ptm/croton/data/structure_pipeline/pdb/Q9UJX2.pdb,exact_sequence_match,True
Q9UJX3-2,,missing_pdb,False
Q9UJZ1,/data/ranran/my_ptm/croton/data/structure_pipeline/pdb/Q9UJZ1.pdb,exact_sequence_match,True
Q9UK61,/data/ranran/my_ptm/croton/data/structure_pipeline/pdb/Q9UK61.pdb,exact_sequence_match,True
Q9UKD2,/data/ranran/my_ptm/croton/data/structure_pipeline/pdb/Q9UKD2.pdb,exact_sequence_match,True
Q9UKK3,/data/ranran/my_ptm/croton/data/structure_pipeline/pdb/Q9UKK3.pdb,exact_sequence_match,True
Q9UKM9,,missing_pdb,False
Q9UKN8,/data/ranran/my_ptm/croton/data/structure_pipeline/pdb/Q9UKN8.pdb,exact_sequence_match,True
Q9UKV3,/data/ranran/my_ptm/croton/data/structure_pipeline/pdb/Q9UKV3.pdb,exact_sequence_match,True
Q9UKX7,/data/ranran/my_ptm/croton/data/structure_pipeline/pdb/Q9UKX7.pdb,exact_sequence_match,True
Q9UKY7,/data/ranran/my_ptm/croton/data/structure_pipeline/pdb/Q9UKY7.pdb,exact_sequence_match,True
Q9UL54,,missing_pdb,False
Q9ULC4,/data/ranran/my_ptm/croton/data/structure_pipeline/pdb/Q9ULC4.pdb,exact_sequence_match,True
Q9ULD2,/data/ranran/my_ptm/croton/data/structure_pipeline/pdb/Q9ULD2.pdb,exact_sequence_match,True
Q9ULG6,/data/ranran/my_ptm/croton/data/structure_pipeline/pdb/Q9ULG6.pdb,exact_sequence_match,True
Q9ULJ8,/data/ranran/my_ptm/croton/data/structure_pipeline/pdb/Q9ULJ8.pdb,exact_sequence_match,True
Q9ULQ1,,missing_pdb,False
Q9ULU4-4,,missing_pdb,False
Q9ULW0,/data/ranran/my_ptm/croton/data/structure_pipeline/pdb/Q9ULW0.pdb,exact_sequence_match,True
Q9ULZ3,,missing_pdb,False
Q9UM54,,missing_pdb,False
Q9UMS4,/data/ranran/my_ptm/croton/data/structure_pipeline/pdb/Q9UMS4.pdb,exact_sequence_match,True
Q9UMX5,/data/ranran/my_ptm/croton/data/structure_pipeline/pdb/Q9UMX5.pdb,exact_sequence_match,True
Q9UMY1,/data/ranran/my_ptm/croton/data/structure_pipeline/pdb/Q9UMY1.pdb,exact_sequence_match,True
Q9UN76,,missing_pdb,False
Q9UN86,/data/ranran/my_ptm/croton/data/structure_pipeline/pdb/Q9UN86.pdb,exact_sequence_match,True
Q9UNF0,/data/ranran/my_ptm/croton/data/structure_pipeline/pdb/Q9UNF0.pdb,exact_sequence_match,True
Q9UNF1,,missing_pdb,False
Q9UNH7,/data/ranran/my_ptm/croton/data/structure_pipeline/pdb/Q9UNH7.pdb,exact_sequence_match,True
Q9UNK0,/data/ranran/my_ptm/croton/data/structure_pipeline/pdb/Q9UNK0.pdb,exact_sequence_match,True
Q9UNL2,/data/ranran/my_ptm/croton/data/structure_pipeline/pdb/Q9UNL2.pdb,exact_sequence_match,True
Q9UNL4,,missing_pdb,False
Q9UNM6,/data/ranran/my_ptm/croton/data/structure_pipeline/pdb/Q9UNM6.pdb,exact_sequence_match,True
Q9UNW1,,missing_pdb,False
Q9UNX4,/data/ranran/my_ptm/croton/data/structure_pipeline/pdb/Q9UNX4.pdb,exact_sequence_match,True
Q9UNZ2,/data/ranran/my_ptm/croton/data/structure_pipeline/pdb/Q9UNZ2.pdb,exact_sequence_match,True
Q9UPN9,/data/ranran/my_ptm/croton/data/structure_pipeline/pdb/Q9UPN9.pdb,exact_sequence_match,True
Q9UPQ0,/data/ranran/my_ptm/croton/data/structure_pipeline/pdb/Q9UPQ0.pdb,exact_sequence_match,True
Q9UPT5,/data/ranran/my_ptm/croton/data/structure_pipeline/pdb/Q9UPT5.pdb,exact_sequence_match,True
Q9UPY3-2,,missing_pdb,False
Q9UQ35,,missing_pdb,False
Q9UQ88,,missing_pdb,False
Q9UQB8,/data/ranran/my_ptm/croton/data/structure_pipeline/pdb/Q9UQB8.pdb,exact_sequence_match,True
Q9UQM7,,missing_pdb,False
Q9XH13,,missing_pdb,False
Q9XJ28,,missing_pdb,False
Q9Y221,/data/ranran/my_ptm/croton/data/structure_pipeline/pdb/Q9Y221.pdb,exact_sequence_match,True
Q9Y224,/data/ranran/my_ptm/croton/data/structure_pipeline/pdb/Q9Y224.pdb,exact_sequence_match,True
Q9Y230,/data/ranran/my_ptm/croton/data/structure_pipeline/pdb/Q9Y230.pdb,exact_sequence_match,True
Q9Y237,/data/ranran/my_ptm/croton/data/structure_pipeline/pdb/Q9Y237.pdb,exact_sequence_match,True
Q9Y263,/data/ranran/my_ptm/croton/data/structure_pipeline/pdb/Q9Y263.pdb,exact_sequence_match,True
Q9Y266,/data/ranran/my_ptm/croton/data/structure_pipeline/pdb/Q9Y266.pdb,exact_sequence_match,True
Q9Y282,/data/ranran/my_ptm/croton/data/structure_pipeline/pdb/Q9Y282.pdb,exact_sequence_match,True
Q9Y286,,missing_pdb,False
Q9Y291,,missing_pdb,False
Q9Y2A7,/data/ranran/my_ptm/croton/data/structure_pipeline/pdb/Q9Y2A7.pdb,exact_sequence_match,True
Q9Y2B0,/data/ranran/my_ptm/croton/data/structure_pipeline/pdb/Q9Y2B0.pdb,exact_sequence_match,True
Q9Y2H2,/data/ranran/my_ptm/croton/data/structure_pipeline/pdb/Q9Y2H2.pdb,exact_sequence_match,True
Q9Y2L1,/data/ranran/my_ptm/croton/data/structure_pipeline/pdb/Q9Y2L1.pdb,exact_sequence_match,True
Q9Y2Q3,,missing_pdb,False
Q9Y2Q9,/data/ranran/my_ptm/croton/data/structure_pipeline/pdb/Q9Y2Q9.pdb,exact_sequence_match,True
Q9Y2R0,,missing_pdb,False
Q9Y2R4,,missing_pdb,False
Q9Y2R9,/data/ranran/my_ptm/croton/data/structure_pipeline/pdb/Q9Y2R9.pdb,exact_sequence_match,True
Q9Y2S6,,missing_pdb,False
Q9Y2S7,/data/ranran/my_ptm/croton/data/structure_pipeline/pdb/Q9Y2S7.pdb,exact_sequence_match,True
Q9Y2U8,,missing_pdb,False
Q9Y2V2,/data/ranran/my_ptm/croton/data/structure_pipeline/pdb/Q9Y2V2.pdb,exact_sequence_match,True
Q9Y2W1,/data/ranran/my_ptm/croton/data/structure_pipeline/pdb/Q9Y2W1.pdb,exact_sequence_match,True
Q9Y2W2,/data/ranran/my_ptm/croton/data/structure_pipeline/pdb/Q9Y2W2.pdb,exact_sequence_match,True
Q9Y305,/data/ranran/my_ptm/croton/data/structure_pipeline/pdb/Q9Y305.pdb,exact_sequence_match,True
Q9Y314,/data/ranran/my_ptm/croton/data/structure_pipeline/pdb/Q9Y314.pdb,exact_sequence_match,True
Q9Y320,,missing_pdb,False
Q9Y371,,missing_pdb,False
Q9Y383,/data/ranran/my_ptm/croton/data/structure_pipeline/pdb/Q9Y383.pdb,exact_sequence_match,True
Q9Y394,/data/ranran/my_ptm/croton/data/structure_pipeline/pdb/Q9Y394.pdb,exact_sequence_match,True
Q9Y3A5,/data/ranran/my_ptm/croton/data/structure_pipeline/pdb/Q9Y3A5.pdb,exact_sequence_match,True
Q9Y3B3,/data/ranran/my_ptm/croton/data/structure_pipeline/pdb/Q9Y3B3.pdb,exact_sequence_match,True
Q9Y3B7,/data/ranran/my_ptm/croton/data/structure_pipeline/pdb/Q9Y3B7.pdb,exact_sequence_match,True
Q9Y3B8,/data/ranran/my_ptm/croton/data/structure_pipeline/pdb/Q9Y3B8.pdb,exact_sequence_match,True
Q9Y3B9,/data/ranran/my_ptm/croton/data/structure_pipeline/pdb/Q9Y3B9.pdb,exact_sequence_match,True
Q9Y3C1,/data/ranran/my_ptm/croton/data/structure_pipeline/pdb/Q9Y3C1.pdb,exact_sequence_match,True
Q9Y3C8,/data/ranran/my_ptm/croton/data/structure_pipeline/pdb/Q9Y3C8.pdb,exact_sequence_match,True
Q9Y3D6,/data/ranran/my_ptm/croton/data/structure_pipeline/pdb/Q9Y3D6.pdb,exact_sequence_match,True
Q9Y3D7,/data/ranran/my_ptm/croton/data/structure_pipeline/pdb/Q9Y3D7.pdb,exact_sequence_match,True
Q9Y3D9,/data/ranran/my_ptm/croton/data/structure_pipeline/pdb/Q9Y3D9.pdb,exact_sequence_match,True
Q9Y3E0,,missing_pdb,False
Q9Y3E5,,missing_pdb,False
Q9Y3F4,/data/ranran/my_ptm/croton/data/structure_pipeline/pdb/Q9Y3F4.pdb,exact_sequence_match,True
Q9Y3I0,/data/ranran/my_ptm/croton/data/structure_pipeline/pdb/Q9Y3I0.pdb,exact_sequence_match,True
Q9Y3P9,/data/ranran/my_ptm/croton/data/structure_pipeline/pdb/Q9Y3P9.pdb,exact_sequence_match,True
Q9Y3T9,/data/ranran/my_ptm/croton/data/structure_pipeline/pdb/Q9Y3T9.pdb,exact_sequence_match,True
Q9Y3U8,/data/ranran/my_ptm/croton/data/structure_pipeline/pdb/Q9Y3U8.pdb,exact_sequence_match,True
Q9Y3Y2,/data/ranran/my_ptm/croton/data/structure_pipeline/pdb/Q9Y3Y2.pdb,exact_sequence_match,True
Q9Y490,,missing_pdb,False
Q9Y4E8,/data/ranran/my_ptm/croton/data/structure_pipeline/pdb/Q9Y4E8.pdb,exact_sequence_match,True
Q9Y4F5,,missing_pdb,False
Q9Y4K0,,missing_pdb,False
Q9Y4L1,/data/ranran/my_ptm/croton/data/structure_pipeline/pdb/Q9Y4L1.pdb,exact_sequence_match,True
Q9Y4W2,/data/ranran/my_ptm/croton/data/structure_pipeline/pdb/Q9Y4W2.pdb,exact_sequence_match,True
Q9Y4W6,/data/ranran/my_ptm/croton/data/structure_pipeline/pdb/Q9Y4W6.pdb,exact_sequence_match,True
Q9Y4X5,/data/ranran/my_ptm/croton/data/structure_pipeline/pdb/Q9Y4X5.pdb,exact_sequence_match,True
Q9Y4Y9,/data/ranran/my_ptm/croton/data/structure_pipeline/pdb/Q9Y4Y9.pdb,exact_sequence_match,True
Q9Y520,,missing_pdb,False
Q9Y570,/data/ranran/my_ptm/croton/data/structure_pipeline/pdb/Q9Y570.pdb,exact_sequence_match,True
Q9Y584,,missing_pdb,False
Q9Y586,,missing_pdb,False
Q9Y5B6-3,,missing_pdb,False
Q9Y5J1,/data/ranran/my_ptm/croton/data/structure_pipeline/pdb/Q9Y5J1.pdb,exact_sequence_match,True
Q9Y5M8,/data/ranran/my_ptm/croton/data/structure_pipeline/pdb/Q9Y5M8.pdb,exact_sequence_match,True
Q9Y5S2,,missing_pdb,False
Q9Y5U8,,missing_pdb,False
Q9Y5W8,/data/ranran/my_ptm/croton/data/structure_pipeline/pdb/Q9Y5W8.pdb,exact_sequence_match,True
Q9Y5X1,,missing_pdb,False
Q9Y606,/data/ranran/my_ptm/croton/data/structure_pipeline/pdb/Q9Y606.pdb,exact_sequence_match,True
Q9Y608,/data/ranran/my_ptm/croton/data/structure_pipeline/pdb/Q9Y608.pdb,exact_sequence_match,True
Q9Y618,,missing_pdb,False
Q9Y624,,missing_pdb,False
Q9Y639,,missing_pdb,False
Q9Y673,/data/ranran/my_ptm/croton/data/structure_pipeline/pdb/Q9Y673.pdb,exact_sequence_match,True
Q9Y676,/data/ranran/my_ptm/croton/data/structure_pipeline/pdb/Q9Y676.pdb,exact_sequence_match,True
Q9Y696,/data/ranran/my_ptm/croton/data/structure_pipeline/pdb/Q9Y696.pdb,exact_sequence_match,True
Q9Y6A4,,missing_pdb,False
Q9Y6A5,/data/ranran/my_ptm/croton/data/structure_pipeline/pdb/Q9Y6A5.pdb,exact_sequence_match,True
Q9Y6C9,/data/ranran/my_ptm/croton/data/structure_pipeline/pdb/Q9Y6C9.pdb,exact_sequence_match,True
Q9Y6D6,/data/ranran/my_ptm/croton/data/structure_pipeline/pdb/Q9Y6D6.pdb,exact_sequence_match,True
Q9Y6D9,/data/ranran/my_ptm/croton/data/structure_pipeline/pdb/Q9Y6D9.pdb,exact_sequence_match,True
Q9Y6E0,/data/ranran/my_ptm/croton/data/structure_pipeline/pdb/Q9Y6E0.pdb,exact_sequence_match,True
Q9Y6G9,/data/ranran/my_ptm/croton/data/structure_pipeline/pdb/Q9Y6G9.pdb,exact_sequence_match,True
Q9Y6J0,,missing_pdb,False
Q9Y6K9,/data/ranran/my_ptm/croton/data/structure_pipeline/pdb/Q9Y6K9.pdb,exact_sequence_match,True
Q9Y6M7,/data/ranran/my_ptm/croton/data/structure_pipeline/pdb/Q9Y6M7.pdb,exact_sequence_match,True
Q9Y6M9,/data/ranran/my_ptm/croton/data/structure_pipeline/pdb/Q9Y6M9.pdb,exact_sequence_match,True
Q9Y6N5,,missing_pdb,False
Q9Y6X9-2,,missing_pdb,False
Q9Y6Y8,/data/ranran/my_ptm/croton/data/structure_pipeline/pdb/Q9Y6Y8.pdb,exact_sequence_match,True
Q9ZP87,,missing_pdb,False
Q9ZPK8,,missing_pdb,False
Q9ZPL5,,missing_pdb,False
Q9ZR45,,missing_pdb,False
Q9ZRD3,,missing_pdb,False
Q9ZRE0,,missing_pdb,False
Q9ZRE1,,missing_pdb,False
Q9ZS34,,missing_pdb,False
Q9ZS49,,missing_pdb,False
Q9ZSC8,,missing_pdb,False
Q9ZSD5,,missing_pdb,False
Q9ZSP3,,missing_pdb,False
Q9ZST0,,missing_pdb,False
Q9ZST1,,missing_pdb,False
Q9ZWF5,,missing_pdb,False
R4GMM6,,missing_pdb,False
R4GNG8,,missing_pdb,False
R9QMI6,,missing_pdb,False
S4R331,,missing_pdb,False
S4R3K0,,missing_pdb,False
S4R3M2,,missing_pdb,False
S4R3T2,,missing_pdb,False
T2BQ67,,missing_pdb,False
T2CD85,,missing_pdb,False
T2D261,,missing_pdb,False
U3KPR5,,missing_pdb,False
U3KPX8,,missing_pdb,False
U3KPZ7,,missing_pdb,False
U3PHS9,,missing_pdb,False
U3PVV5,,missing_pdb,False
U3RJ91,,missing_pdb,False
V9GYP5,,missing_pdb,False
V9GYT2,,missing_pdb,False
V9GYT7,,missing_pdb,False
V9GYX5,,missing_pdb,False
V9GYZ9,,missing_pdb,False
V9TI00,,missing_pdb,False
W0KRH1,,missing_pdb,False
W8SGD9,,missing_pdb,False
W8SI68,,missing_pdb,False
W8SRJ3,,missing_pdb,False
W8SRJ8,,missing_pdb,False
W8SRK9,,missing_pdb,False
W8SVJ4,,missing_pdb,False
X5CS07,,missing_pdb,False
