protein,pdb_path,reason,valid
A0A023T778,,missing_pdb,False
A0A023W453,,missing_pdb,False
A0A023W5B8,,missing_pdb,False
A0A023W5J3,,missing_pdb,False
A0A024R4E5,,missing_pdb,False
A0A067Z9B6,,missing_pdb,False
A0A068JFJ9,,missing_pdb,False
A0A075B716,,missing_pdb,False
A0A075TM03,,missing_pdb,False
A0A075TM14,,missing_pdb,False
A0A075TM21,,missing_pdb,False
A0A075TQN6,,missing_pdb,False
A0A075TQR0,,missing_pdb,False
A0A075TQY5,,missing_pdb,False
A0A077RQ21,,missing_pdb,False
A0A077RQC2,,missing_pdb,False
A0A077RRV1,,missing_pdb,False
A0A077RRW0,,missing_pdb,False
A0A077RSM9,,missing_pdb,False
A0A077RUP1,,missing_pdb,False
A0A077RW33,,missing_pdb,False
A0A077RX20,,missing_pdb,False
A0A077RX28,,missing_pdb,False
A0A077RXP2,,missing_pdb,False
A0A077RZQ5,,missing_pdb,False
A0A077S0T7,,missing_pdb,False
A0A077S185,,missing_pdb,False
A0A077S347,,missing_pdb,False
A0A080YTW0,,missing_pdb,False
A0A080YUA1,,missing_pdb,False
A0A080YUM6,,missing_pdb,False
A0A080YUM7,,missing_pdb,False
A0A087WPL5,,missing_pdb,False
A0A087WPM0,,missing_pdb,False
A0A087WQ28,,missing_pdb,False
A0A087WRI5,,missing_pdb,False
A0A087WRN1,,missing_pdb,False
A0A087WS39,,missing_pdb,False
A0A087WUV0,,missing_pdb,False
A0A087WWN0,,missing_pdb,False
A0A096LPI6,,missing_pdb,False
A0A096MIW7,,missing_pdb,False
A0A096MJ37,,missing_pdb,False
A0A096MJ75,,missing_pdb,False
A0A096MJ77,,missing_pdb,False
A0A096MJ91,,missing_pdb,False
A0A096MJG7,,missing_pdb,False
A0A096MJJ7,,missing_pdb,False
A0A096MJL5,,missing_pdb,False
A0A096MJN1,,missing_pdb,False
A0A096MJT9,,missing_pdb,False
A0A096MJW3,,missing_pdb,False
A0A096MJX5,,missing_pdb,False
A0A096MK47,,missing_pdb,False
A0A096MK48,,missing_pdb,False
A0A096MK72,,missing_pdb,False
A0A096MK99,,missing_pdb,False
A0A096MKE2,,missing_pdb,False
A0A096MKI0,,missing_pdb,False
A0A0A0MQ68,,missing_pdb,False
A0A0A0MQ90,,missing_pdb,False
A0A0A0MQG1,,missing_pdb,False
A0A0A0MRB8,,missing_pdb,False
A0A0A0MRX7,,missing_pdb,False
A0A0A0MSM3,,missing_pdb,False
A0A0A0MSQ6,,missing_pdb,False
A0A0A0MXZ0,,missing_pdb,False
A0A0A0MXZ8,,missing_pdb,False
A0A0A0MY00,,missing_pdb,False
A0A0A0MY22,,missing_pdb,False
A0A0A6YWB3,,missing_pdb,False
A0A0A6YXJ1,,missing_pdb,False
A0A0A6YXZ8,,missing_pdb,False
A0A0A6YYJ8,,missing_pdb,False
A0A0A6YYL4,,missing_pdb,False
A0A0B4J1F9,,missing_pdb,False
A0A0B4JD58,,missing_pdb,False
A0A0B4JD82,,missing_pdb,False
A0A0B4K7J2,,missing_pdb,False
A0A0B4KFE9,,missing_pdb,False
A0A0B4KG81,,missing_pdb,False
A0A0C4BIT2,,missing_pdb,False
A0A0D9SEN0,,missing_pdb,False
A0A0F7IN65,,missing_pdb,False
A0A0F7UMP6,,missing_pdb,False
A0A0F7UNF6,,missing_pdb,False
A0A0F7UNI8,,missing_pdb,False
A0A0F7UNU4,,missing_pdb,False
A0A0F7UNW4,,missing_pdb,False
A0A0F7USK4,,missing_pdb,False
A0A0F7UUN0,,missing_pdb,False
A0A0F7UVN4,,missing_pdb,False
A0A0F7UX90,,missing_pdb,False
A0A0F7UXX2,,missing_pdb,False
A0A0F7UY31,,missing_pdb,False
A0A0F7UZN1,,missing_pdb,False
A0A0F7V090,,missing_pdb,False
A0A0F7V130,,missing_pdb,False
A0A0F7V167,,missing_pdb,False
A0A0F7V1A1,,missing_pdb,False
A0A0F7V1Z5,,missing_pdb,False
A0A0F7V4L4,,missing_pdb,False
A0A0F7V613,,missing_pdb,False
A0A0F7V9N9,,missing_pdb,False
A0A0F7VBC4,,missing_pdb,False
A0A0F7VBJ8,,missing_pdb,False
A0A0F7VDP1,,missing_pdb,False
A0A0G2JDY5,,missing_pdb,False
A0A0G2JEI9,,missing_pdb,False
A0A0G2JEL9,,missing_pdb,False
A0A0G2JEY4,,missing_pdb,False
A0A0G2JEY9,,missing_pdb,False
A0A0G2JF26,,missing_pdb,False
A0A0G2JFQ5,,missing_pdb,False
A0A0G2JFV9,,missing_pdb,False
A0A0G2JH06,,missing_pdb,False
A0A0G2JNU3,,missing_pdb,False
A0A0G2JSK9,,missing_pdb,False
A0A0G2JT63,,missing_pdb,False
A0A0G2JT84,,missing_pdb,False
A0A0G2JT85,,missing_pdb,False
A0A0G2JTB5,,missing_pdb,False
A0A0G2JTC9,,missing_pdb,False
A0A0G2JTM7,,missing_pdb,False
A0A0G2JTN7,,missing_pdb,False
A0A0G2JTX7,,missing_pdb,False
A0A0G2JU15,,missing_pdb,False
A0A0G2JUE4,,missing_pdb,False
A0A0G2JUG8,,missing_pdb,False
A0A0G2JUM3,,missing_pdb,False
A0A0G2JUM9,,missing_pdb,False
A0A0G2JUV5,,missing_pdb,False
A0A0G2JV32,,missing_pdb,False
A0A0G2JVB6,,missing_pdb,False
A0A0G2JVD6,,missing_pdb,False
A0A0G2JVK8,,missing_pdb,False
A0A0G2JVM2,,missing_pdb,False
A0A0G2JVP8,,missing_pdb,False
A0A0G2JVS9,,missing_pdb,False
A0A0G2JVT2,,missing_pdb,False
A0A0G2JVW6,,missing_pdb,False
A0A0G2JW29,,missing_pdb,False
A0A0G2JW65,,missing_pdb,False
A0A0G2JWG0,,missing_pdb,False
A0A0G2JWJ5,,missing_pdb,False
A0A0G2JWV8,,missing_pdb,False
A0A0G2JWX1,,missing_pdb,False
A0A0G2JWZ2,,missing_pdb,False
A0A0G2JX93,,missing_pdb,False
A0A0G2JX94,,missing_pdb,False
A0A0G2JXI1,,missing_pdb,False
A0A0G2JXJ6,,missing_pdb,False
A0A0G2JXK1,,missing_pdb,False
A0A0G2JXW4,,missing_pdb,False
A0A0G2JXY0,,missing_pdb,False
A0A0G2JY26,,missing_pdb,False
A0A0G2JY73,,missing_pdb,False
A0A0G2JYA3,,missing_pdb,False
A0A0G2JYE1,,missing_pdb,False
A0A0G2JYI7,,missing_pdb,False
A0A0G2JYY3,,missing_pdb,False
A0A0G2JYZ2,,missing_pdb,False
A0A0G2JZ11,,missing_pdb,False
A0A0G2JZ47,,missing_pdb,False
A0A0G2JZ89,,missing_pdb,False
A0A0G2JZB6,,missing_pdb,False
A0A0G2JZC3,,missing_pdb,False
A0A0G2JZI8,,missing_pdb,False
A0A0G2JZJ9,,missing_pdb,False
A0A0G2JZP7,,missing_pdb,False
A0A0G2JZQ5,,missing_pdb,False
A0A0G2JZR0,,missing_pdb,False
A0A0G2K001,,missing_pdb,False
A0A0G2K051,,missing_pdb,False
A0A0G2K095,,missing_pdb,False
A0A0G2K0C9,,missing_pdb,False
A0A0G2K0J7,,missing_pdb,False
A0A0G2K0M0,,missing_pdb,False
A0A0G2K0T8,,missing_pdb,False
A0A0G2K150,,missing_pdb,False
A0A0G2K160,,missing_pdb,False
A0A0G2K161,,missing_pdb,False
A0A0G2K193,,missing_pdb,False
A0A0G2K1G0,,missing_pdb,False
A0A0G2K1K5,,missing_pdb,False
A0A0G2K1P7,,missing_pdb,False
A0A0G2K1R8,,missing_pdb,False
A0A0G2K1X3,,missing_pdb,False
A0A0G2K1X6,,missing_pdb,False
A0A0G2K1Y8,,missing_pdb,False
A0A0G2K264,,missing_pdb,False
A0A0G2K2B6,,missing_pdb,False
A0A0G2K2H9,,missing_pdb,False
A0A0G2K2J7,,missing_pdb,False
A0A0G2K2T1,,missing_pdb,False
A0A0G2K2W0,,missing_pdb,False
A0A0G2K351,,missing_pdb,False
A0A0G2K365,,missing_pdb,False
A0A0G2K3P9,,missing_pdb,False
A0A0G2K3R5,,missing_pdb,False
A0A0G2K3V1,,missing_pdb,False
A0A0G2K459,,missing_pdb,False
A0A0G2K4C8,,missing_pdb,False
A0A0G2K4I4,,missing_pdb,False
A0A0G2K4K6,,missing_pdb,False
A0A0G2K5A7,,missing_pdb,False
A0A0G2K5B0,,missing_pdb,False
A0A0G2K5D3,,missing_pdb,False
A0A0G2K5F7,,missing_pdb,False
A0A0G2K5P5,,missing_pdb,False
A0A0G2K5Q6,,missing_pdb,False
A0A0G2K618,,missing_pdb,False
A0A0G2K658,,missing_pdb,False
A0A0G2K659,,missing_pdb,False
A0A0G2K665,,missing_pdb,False
A0A0G2K6E0,,missing_pdb,False
A0A0G2K6E3,,missing_pdb,False
A0A0G2K6Z8,,missing_pdb,False
A0A0G2K715,,missing_pdb,False
A0A0G2K777,,missing_pdb,False
A0A0G2K7B6,,missing_pdb,False
A0A0G2K7B7,,missing_pdb,False
A0A0G2K7S6,,missing_pdb,False
A0A0G2K7V9,,missing_pdb,False
A0A0G2K8K1,,missing_pdb,False
A0A0G2K8M5,,missing_pdb,False
A0A0G2K8U5,,missing_pdb,False
A0A0G2K8V3,,missing_pdb,False
A0A0G2K904,,missing_pdb,False
A0A0G2K916,,missing_pdb,False
A0A0G2K952,,missing_pdb,False
A0A0G2K9H2,,missing_pdb,False
A0A0G2K9J0,,missing_pdb,False
A0A0G2K9R9,,missing_pdb,False
A0A0G2K9U6,,missing_pdb,False
A0A0G2K9U7,,missing_pdb,False
A0A0G2KA92,,missing_pdb,False
A0A0G2KAD4,,missing_pdb,False
A0A0G2KAE3,,missing_pdb,False
A0A0G2KAW5,,missing_pdb,False
A0A0G2KAX2,,missing_pdb,False
A0A0G2KB60,,missing_pdb,False
A0A0G2KBA5,,missing_pdb,False
A0A0G2QC09,,missing_pdb,False
A0A0G2QC22,,missing_pdb,False
A0A0H2UHG5,,missing_pdb,False
A0A0H2UHL1,,missing_pdb,False
A0A0H2UHP2,,missing_pdb,False
A0A0H2UHW6,,missing_pdb,False
A0A0H2UHW8,,missing_pdb,False
A0A0H2UHX3,,missing_pdb,False
A0A0H2Z5X2,,missing_pdb,False
A0A0H2Z601,,missing_pdb,False
A0A0H2Z6M1,,missing_pdb,False
A0A0H2Z6R8,,missing_pdb,False
A0A0H2Z6S5,,missing_pdb,False
A0A0H2Z6V7,,missing_pdb,False
A0A0H2Z6W9,,missing_pdb,False
A0A0H2Z748,,missing_pdb,False
A0A0H2Z785,,missing_pdb,False
A0A0H2Z7B9,,missing_pdb,False
A0A0H2Z7D3,,missing_pdb,False
A0A0H2Z7E7,,missing_pdb,False
A0A0H2Z7R1,,missing_pdb,False
A0A0H2Z7X1,,missing_pdb,False
A0A0H2Z7Y2,,missing_pdb,False
A0A0H2Z7Y5,,missing_pdb,False
A0A0H2Z7Z0,,missing_pdb,False
A0A0H2Z826,,missing_pdb,False
A0A0H2Z839,,missing_pdb,False
A0A0H2Z848,,missing_pdb,False
A0A0H2Z8B0,,missing_pdb,False
A0A0H2Z8B5,,missing_pdb,False
A0A0H2Z8B8,,missing_pdb,False
A0A0H2Z917,,missing_pdb,False
A0A0H2Z9E7,,missing_pdb,False
A0A0H2Z9S0,,missing_pdb,False
A0A0H2Z9T4,,missing_pdb,False
A0A0H2Z9W3,,missing_pdb,False
A0A0H2ZA15,,missing_pdb,False
A0A0H2ZAJ4,,missing_pdb,False
A0A0H2ZAM9,,missing_pdb,False
A0A0H2ZAZ1,,missing_pdb,False
A0A0H2ZBC7,,missing_pdb,False
A0A0H2ZBI8,,missing_pdb,False
A0A0H2ZBQ3,,missing_pdb,False
A0A0H2ZBQ5,,missing_pdb,False
A0A0H2ZBR4,,missing_pdb,False
A0A0H2ZBW6,,missing_pdb,False
A0A0H2ZBX7,,missing_pdb,False
A0A0H2ZBY5,,missing_pdb,False
A0A0H2ZC01,,missing_pdb,False
A0A0H2ZC05,,missing_pdb,False
A0A0H2ZC45,,missing_pdb,False
A0A0H2ZC76,,missing_pdb,False
A0A0H2ZC92,,missing_pdb,False
A0A0H2ZCC1,,missing_pdb,False
A0A0H2ZCC5,,missing_pdb,False
A0A0H2ZCI1,,missing_pdb,False
A0A0H2ZD23,,missing_pdb,False
A0A0H2ZD34,,missing_pdb,False
A0A0H2ZDD3,,missing_pdb,False
A0A0H2ZDN1,,missing_pdb,False
A0A0H2ZDQ9,,missing_pdb,False
A0A0H2ZDR0,,missing_pdb,False
A0A0H2ZDR8,,missing_pdb,False
A0A0H2ZDU2,,missing_pdb,False
A0A0H2ZDV5,,missing_pdb,False
A0A0H2ZDW7,,missing_pdb,False
A0A0H2ZDX5,,missing_pdb,False
A0A0H2ZEA0,,missing_pdb,False
A0A0H2ZEC1,,missing_pdb,False
A0A0H2ZEK0,,missing_pdb,False
A0A0H2ZEM2,,missing_pdb,False
A0A0H2ZEW6,,missing_pdb,False
A0A0H2ZEY3,,missing_pdb,False
A0A0H2ZEZ6,,missing_pdb,False
A0A0H2ZEZ8,,missing_pdb,False
A0A0H2ZF22,,missing_pdb,False
A0A0H2ZFJ1,,missing_pdb,False
A0A0H2ZFT2,,missing_pdb,False
A0A0H2ZFY7,,missing_pdb,False
A0A0H2ZFZ5,,missing_pdb,False
A0A0H2ZG02,,missing_pdb,False
A0A0H2ZG14,,missing_pdb,False
A0A0H2ZG26,,missing_pdb,False
A0A0H2ZGA6,,missing_pdb,False
A0A0H2ZGD2,,missing_pdb,False
A0A0H2ZGE8,,missing_pdb,False
A0A0H2ZGI7,,missing_pdb,False
A0A0H2ZGK0,,missing_pdb,False
A0A0H2ZGN7,,missing_pdb,False
A0A0H2ZGY3,,missing_pdb,False
A0A0H2ZHJ2,,missing_pdb,False
A0A0H2ZHJ3,,missing_pdb,False
A0A0H2ZHK3,,missing_pdb,False
A0A0H2ZHM2,,missing_pdb,False
A0A0H2ZHY9,,missing_pdb,False
A0A0H2ZI34,,missing_pdb,False
A0A0H2ZI38,,missing_pdb,False
A0A0H2ZI65,,missing_pdb,False
A0A0H2ZIA4,,missing_pdb,False
A0A0H2ZIC6,,missing_pdb,False
A0A0H2ZID3,,missing_pdb,False
A0A0H2ZIE8,,missing_pdb,False
A0A0H2ZIH9,,missing_pdb,False
A0A0H2ZIJ9,,missing_pdb,False
A0A0H2ZIK7,,missing_pdb,False
A0A0H2ZIS7,,missing_pdb,False
A0A0H2ZIU8,,missing_pdb,False
A0A0H2ZIW1,,missing_pdb,False
A0A0H2ZJ26,,missing_pdb,False
A0A0H2ZJ39,,missing_pdb,False
A0A0H2ZJ81,,missing_pdb,False
A0A0H2ZJ90,,missing_pdb,False
A0A0H2ZJ91,,missing_pdb,False
A0A0H2ZJA2,,missing_pdb,False
A0A0H2ZJK4,,missing_pdb,False
A0A0H2ZJK9,,missing_pdb,False
A0A0H2ZJQ0,,missing_pdb,False
A0A0H2ZJR7,,missing_pdb,False
A0A0H2ZJY4,,missing_pdb,False
A0A0H2ZK39,,missing_pdb,False
A0A0H2ZK44,,missing_pdb,False
A0A0H2ZK50,,missing_pdb,False
A0A0H2ZK55,,missing_pdb,False
A0A0H2ZKF5,,missing_pdb,False
A0A0H2ZKH1,,missing_pdb,False
A0A0H2ZLJ3,,missing_pdb,False
A0A0H2ZLN8,,missing_pdb,False
A0A0H3XGQ0,,missing_pdb,False
A0A0H3XGQ9,,missing_pdb,False
A0A0H3XGR0,,missing_pdb,False
A0A0H3XGR3,,missing_pdb,False
A0A0H3XGR5,,missing_pdb,False
A0A0H3XGS5,,missing_pdb,False
A0A0H3XGV7,,missing_pdb,False
A0A0H3XGV9,,missing_pdb,False
A0A0H3XGW7,,missing_pdb,False
A0A0H3XGY0,,missing_pdb,False
A0A0H3XGY8,,missing_pdb,False
A0A0H3XGZ1,,missing_pdb,False
A0A0H3XH15,,missing_pdb,False
A0A0H3XH18,,missing_pdb,False
A0A0H3XH21,,missing_pdb,False
A0A0H3XH28,,missing_pdb,False
A0A0H3XH44,,missing_pdb,False
A0A0H3XH50,,missing_pdb,False
A0A0H3XH55,,missing_pdb,False
A0A0H3XH94,,missing_pdb,False
A0A0H3XH98,,missing_pdb,False
A0A0H3XH99,,missing_pdb,False
A0A0H3XHB0,,missing_pdb,False
A0A0H3XHB1,,missing_pdb,False
A0A0H3XHB2,,missing_pdb,False
A0A0H3XHC8,,missing_pdb,False
A0A0H3XHD2,,missing_pdb,False
A0A0H3XHD5,,missing_pdb,False
A0A0H3XHD7,,missing_pdb,False
A0A0H3XHD8,,missing_pdb,False
A0A0H3XHE2,,missing_pdb,False
A0A0H3XHE6,,missing_pdb,False
A0A0H3XHE9,,missing_pdb,False
A0A0H3XHF9,,missing_pdb,False
A0A0H3XHG2,,missing_pdb,False
A0A0H3XHG9,,missing_pdb,False
A0A0H3XHH5,,missing_pdb,False
A0A0H3XHI0,,missing_pdb,False
A0A0H3XHI5,,missing_pdb,False
A0A0H3XHJ3,,missing_pdb,False
A0A0H3XHJ9,,missing_pdb,False
A0A0H3XHL5,,missing_pdb,False
A0A0H3XHM0,,missing_pdb,False
A0A0H3XHN4,,missing_pdb,False
A0A0H3XHN9,,missing_pdb,False
A0A0H3XHP7,,missing_pdb,False
A0A0H3XHQ4,,missing_pdb,False
A0A0H3XHQ7,,missing_pdb,False
A0A0H3XHR4,,missing_pdb,False
A0A0H3XHR7,,missing_pdb,False
A0A0H3XHS6,,missing_pdb,False
A0A0H3XHS8,,missing_pdb,False
A0A0H3XHS9,,missing_pdb,False
A0A0H3XHT1,,missing_pdb,False
A0A0H3XHT5,,missing_pdb,False
A0A0H3XHT7,,missing_pdb,False
A0A0H3XHU9,,missing_pdb,False
A0A0H3XHW0,,missing_pdb,False
A0A0H3XHX8,,missing_pdb,False
A0A0H3XHY4,,missing_pdb,False
A0A0H3XHZ1,,missing_pdb,False
A0A0H3XHZ2,,missing_pdb,False
A0A0H3XHZ6,,missing_pdb,False
A0A0H3XI04,,missing_pdb,False
A0A0H3XI07,,missing_pdb,False
A0A0H3XI16,,missing_pdb,False
A0A0H3XI28,,missing_pdb,False
A0A0H3XI30,,missing_pdb,False
A0A0H3XI34,,missing_pdb,False
A0A0H3XI37,,missing_pdb,False
A0A0H3XI41,,missing_pdb,False
A0A0H3XI46,,missing_pdb,False
A0A0H3XI54,,missing_pdb,False
A0A0H3XI58,,missing_pdb,False
A0A0H3XI59,,missing_pdb,False
A0A0H3XI78,,missing_pdb,False
A0A0H3XI81,,missing_pdb,False
A0A0H3XI82,,missing_pdb,False
A0A0H3XI85,,missing_pdb,False
A0A0H3XI87,,missing_pdb,False
A0A0H3XI88,,missing_pdb,False
A0A0H3XIA5,,missing_pdb,False
A0A0H3XIA8,,missing_pdb,False
A0A0H3XIC4,,missing_pdb,False
A0A0H3XIC7,,missing_pdb,False
A0A0H3XID5,,missing_pdb,False
A0A0H3XID9,,missing_pdb,False
A0A0H3XIE2,,missing_pdb,False
A0A0H3XIE4,,missing_pdb,False
A0A0H3XIF9,,missing_pdb,False
A0A0H3XIH2,,missing_pdb,False
A0A0H3XII7,,missing_pdb,False
A0A0H3XIK2,,missing_pdb,False
A0A0H3XIK6,,missing_pdb,False
A0A0H3XIK7,,missing_pdb,False
A0A0H3XIL3,,missing_pdb,False
A0A0H3XIL6,,missing_pdb,False
A0A0H3XIM0,,missing_pdb,False
A0A0H3XIM6,,missing_pdb,False
A0A0H3XIM9,,missing_pdb,False
A0A0H3XIN2,,missing_pdb,False
A0A0H3XIN9,,missing_pdb,False
A0A0H3XIP6,,missing_pdb,False
A0A0H3XIP7,,missing_pdb,False
A0A0H3XIQ2,,missing_pdb,False
A0A0H3XIQ7,,missing_pdb,False
A0A0H3XIR1,,missing_pdb,False
A0A0H3XIR8,,missing_pdb,False
A0A0H3XIS3,,missing_pdb,False
A0A0H3XIT5,,missing_pdb,False
A0A0H3XIT8,,missing_pdb,False
A0A0H3XIU3,,missing_pdb,False
A0A0H3XIU8,,missing_pdb,False
A0A0H3XIV0,,missing_pdb,False
A0A0H3XIV5,,missing_pdb,False
A0A0H3XIV8,,missing_pdb,False
A0A0H3XIX0,,missing_pdb,False
A0A0H3XIX5,,missing_pdb,False
A0A0H3XIX7,,missing_pdb,False
A0A0H3XIY1,,missing_pdb,False
A0A0H3XIZ0,,missing_pdb,False
A0A0H3XIZ2,,missing_pdb,False
A0A0H3XIZ5,,missing_pdb,False
A0A0H3XIZ9,,missing_pdb,False
A0A0H3XJ01,,missing_pdb,False
A0A0H3XJ03,,missing_pdb,False
A0A0H3XJ04,,missing_pdb,False
A0A0H3XJ05,,missing_pdb,False
A0A0H3XJ25,,missing_pdb,False
A0A0H3XJ38,,missing_pdb,False
A0A0H3XJ41,,missing_pdb,False
A0A0H3XJ51,,missing_pdb,False
A0A0H3XJ72,,missing_pdb,False
A0A0H3XJ78,,missing_pdb,False
A0A0H3XJ80,,missing_pdb,False
A0A0H3XJB2,,missing_pdb,False
A0A0H3XJC5,,missing_pdb,False
A0A0H3XJD6,,missing_pdb,False
A0A0H3XJE3,,missing_pdb,False
A0A0H3XJE8,,missing_pdb,False
A0A0H3XJF4,,missing_pdb,False
A0A0H3XJF8,,missing_pdb,False
A0A0H3XJF9,,missing_pdb,False
A0A0H3XJI0,,missing_pdb,False
A0A0H3XJI4,,missing_pdb,False
A0A0H3XJJ6,,missing_pdb,False
A0A0H3XJJ8,,missing_pdb,False
A0A0H3XJL2,,missing_pdb,False
A0A0H3XJL7,,missing_pdb,False
A0A0H3XJM1,,missing_pdb,False
A0A0H3XJM7,,missing_pdb,False
A0A0H3XJN2,,missing_pdb,False
A0A0H3XJP0,,missing_pdb,False
A0A0H3XJU2,,missing_pdb,False
A0A0H3XJV0,,missing_pdb,False
A0A0H3XJV5,,missing_pdb,False
A0A0H3XJX2,,missing_pdb,False
A0A0H3XJX5,,missing_pdb,False
A0A0H3XJZ6,,missing_pdb,False
A0A0H3XK06,,missing_pdb,False
A0A0H3XK14,,missing_pdb,False
A0A0H3XK15,,missing_pdb,False
A0A0H3XK17,,missing_pdb,False
A0A0H3XK25,,missing_pdb,False
A0A0H3XK41,,missing_pdb,False
A0A0H3XK48,,missing_pdb,False
A0A0H3XK55,,missing_pdb,False
A0A0H3XK56,,missing_pdb,False
A0A0H3XK64,,missing_pdb,False
A0A0H3XK75,,missing_pdb,False
A0A0H3XK88,,missing_pdb,False
A0A0H3XK94,,missing_pdb,False
A0A0H3XK97,,missing_pdb,False
A0A0H3XKA2,,missing_pdb,False
A0A0H3XKA3,,missing_pdb,False
A0A0H3XKA6,,missing_pdb,False
A0A0H3XKB0,,missing_pdb,False
A0A0H3XKD0,,missing_pdb,False
A0A0H3XKD3,,missing_pdb,False
A0A0H3XKD8,,missing_pdb,False
A0A0H3XKE0,,missing_pdb,False
A0A0H3XKE4,,missing_pdb,False
A0A0H3XKF2,,missing_pdb,False
A0A0H3XKH6,,missing_pdb,False
A0A0H3XKJ5,,missing_pdb,False
A0A0H3XKJ7,,missing_pdb,False
A0A0H3XKK8,,missing_pdb,False
A0A0H3XKL6,,missing_pdb,False
A0A0H3XKM1,,missing_pdb,False
A0A0H3XKN5,,missing_pdb,False
A0A0H3XKP9,,missing_pdb,False
A0A0H3XKQ5,,missing_pdb,False
A0A0H3XKQ8,,missing_pdb,False
A0A0H3XKS0,,missing_pdb,False
A0A0H3XKS4,,missing_pdb,False
A0A0H3XKT0,,missing_pdb,False
A0A0H3XKU9,,missing_pdb,False
A0A0H3XKV3,,missing_pdb,False
A0A0H3XKW3,,missing_pdb,False
A0A0H3XKX0,,missing_pdb,False
A0A0H3XKX6,,missing_pdb,False
A0A0H3XKY0,,missing_pdb,False
A0A0H3XKY1,,missing_pdb,False
A0A0H3XL00,,missing_pdb,False
A0A0H3XL17,,missing_pdb,False
A0A0H3XL22,,missing_pdb,False
A0A0H3XL29,,missing_pdb,False
A0A0H3XL63,,missing_pdb,False
A0A0H3XL82,,missing_pdb,False
A0A0H3XL93,,missing_pdb,False
A0A0H3XLA0,,missing_pdb,False
A0A0H3XLC7,,missing_pdb,False
A0A0H3XLE9,,missing_pdb,False
A0A0H3XLG5,,missing_pdb,False
A0A0H3XLG9,,missing_pdb,False
A0A0H3XLH3,,missing_pdb,False
A0A0H3XLH9,,missing_pdb,False
A0A0H3XLI3,,missing_pdb,False
A0A0H3XLI5,,missing_pdb,False
A0A0H3XLI7,,missing_pdb,False
A0A0H3XLI9,,missing_pdb,False
A0A0H3XLK4,,missing_pdb,False
A0A0H3XLL3,,missing_pdb,False
A0A0H3XLL7,,missing_pdb,False
A0A0H3XLL8,,missing_pdb,False
A0A0H3XLM1,,missing_pdb,False
A0A0H3XLN9,,missing_pdb,False
A0A0H3XLP9,,missing_pdb,False
A0A0H3XLR7,,missing_pdb,False
A0A0H3XLS0,,missing_pdb,False
A0A0H3XLS5,,missing_pdb,False
A0A0H3XLS7,,missing_pdb,False
A0A0H3XLT6,,missing_pdb,False
A0A0H3XLV1,,missing_pdb,False
A0A0H3XLV6,,missing_pdb,False
A0A0H3XLV7,,missing_pdb,False
A0A0H3XLW1,,missing_pdb,False
A0A0H3XLW7,,missing_pdb,False
A0A0H3XLX0,,missing_pdb,False
A0A0H3XLX1,,missing_pdb,False
A0A0H3XLX3,,missing_pdb,False
A0A0H3XLY0,,missing_pdb,False
A0A0H3XLY5,,missing_pdb,False
A0A0H3XLY8,,missing_pdb,False
A0A0H3XLY9,,missing_pdb,False
A0A0H3XLZ2,,missing_pdb,False
A0A0H3XLZ9,,missing_pdb,False
A0A0H3XM11,,missing_pdb,False
A0A0H3XM29,,missing_pdb,False
A0A0H3XM30,,missing_pdb,False
A0A0H3XM33,,missing_pdb,False
A0A0H3XM42,,missing_pdb,False
A0A0H3XM76,,missing_pdb,False
A0A0H3XM88,,missing_pdb,False
A0A0H3XM93,,missing_pdb,False
A0A0H3XM95,,missing_pdb,False
A0A0H3XM98,,missing_pdb,False
A0A0H3XMA0,,missing_pdb,False
A0A0H3XMA8,,missing_pdb,False
A0A0H3XMA9,,missing_pdb,False
A0A0H3XMB4,,missing_pdb,False
A0A0H3XMB8,,missing_pdb,False
A0A0H3XMC7,,missing_pdb,False
A0A0H3XMD6,,missing_pdb,False
A0A0H3XME0,,missing_pdb,False
A0A0H3XME5,,missing_pdb,False
A0A0H3XMF8,,missing_pdb,False
A0A0H3XMG1,,missing_pdb,False
A0A0H3XMI8,,missing_pdb,False
A0A0H3XMJ1,,missing_pdb,False
A0A0H3XML6,,missing_pdb,False
A0A0H3XMM8,,missing_pdb,False
A0A0H3XMN1,,missing_pdb,False
A0A0H3XMP5,,missing_pdb,False
A0A0H3XMQ9,,missing_pdb,False
A0A0H3XMR3,,missing_pdb,False
A0A0H3XMR6,,missing_pdb,False
A0A0H3XMS1,,missing_pdb,False
A0A0H3XMS4,,missing_pdb,False
A0A0H3XMT2,,missing_pdb,False
A0A0H3XMT5,,missing_pdb,False
A0A0H3XMX2,,missing_pdb,False
A0A0H3XMZ0,,missing_pdb,False
A0A0H3XN19,,missing_pdb,False
A0A0H3XN28,,missing_pdb,False
A0A0H3XN43,,missing_pdb,False
A0A0H3XN49,,missing_pdb,False
A0A0H3XN56,,missing_pdb,False
A0A0H3XN59,,missing_pdb,False
A0A0H3XN61,,missing_pdb,False
A0A0H3XN79,,missing_pdb,False
A0A0H3XN91,,missing_pdb,False
A0A0H3XN95,,missing_pdb,False
A0A0H3XN98,,missing_pdb,False
A0A0H3XNA0,,missing_pdb,False
A0A0H3XNA9,,missing_pdb,False
A0A0H3XNB5,,missing_pdb,False
A0A0H3XND3,,missing_pdb,False
A0A0H3XND6,,missing_pdb,False
A0A0H3XNG3,,missing_pdb,False
A0A0J9YU76,,missing_pdb,False
A0A0J9YV30,,missing_pdb,False
A0A0J9YVB4,,missing_pdb,False
A0A0J9YW04,,missing_pdb,False
A0A0J9YWL9,,missing_pdb,False
A0A0K0NPT8,,missing_pdb,False
A0A0K9QSA8,,missing_pdb,False
A0A0N4SUH4,,missing_pdb,False
A0A0N4SUJ1,,missing_pdb,False
A0A0N4SUM4,,missing_pdb,False
A0A0N7KD50,,missing_pdb,False
A0A0N7KEI0,,missing_pdb,False
A0A0N7KEV9,,missing_pdb,False
A0A0N7KFQ3,,missing_pdb,False
A0A0N7KFU2,,missing_pdb,False
A0A0N7KHR6,,missing_pdb,False
A0A0N7KHT0,,missing_pdb,False
A0A0N7KI20,,missing_pdb,False
A0A0N7KIH5,,missing_pdb,False
A0A0N7KJF0,,missing_pdb,False
A0A0N7KJR3,,missing_pdb,False
A0A0N7KKN1,,missing_pdb,False
A0A0N7KL10,,missing_pdb,False
A0A0N7KM15,,missing_pdb,False
A0A0N7KMJ5,,missing_pdb,False
A0A0N7KNI9,,missing_pdb,False
A0A0N7KNQ0,,missing_pdb,False
A0A0N7KQM2,,missing_pdb,False
A0A0N7KRJ2,,missing_pdb,False
A0A0N7KSB3,,missing_pdb,False
A0A0N7KSU1,,missing_pdb,False
A0A0N7KSW1,,missing_pdb,False
A0A0N7KTB2,,missing_pdb,False
A0A0N7KTG4,,missing_pdb,False
A0A0N9E2A4,,missing_pdb,False
A0A0P0UXN0,,missing_pdb,False
A0A0P0UY08,,missing_pdb,False
A0A0P0UZP8,,missing_pdb,False
A0A0P0V0F2,,missing_pdb,False
A0A0P0V1H5,,missing_pdb,False
A0A0P0V1K4,,missing_pdb,False
A0A0P0V1P0,,missing_pdb,False
A0A0P0V312,,missing_pdb,False
A0A0P0V6L3,,missing_pdb,False
A0A0P0V6V6,,missing_pdb,False
A0A0P0V716,,missing_pdb,False
A0A0P0V7A3,,missing_pdb,False
A0A0P0V7E8,,missing_pdb,False
A0A0P0V7G3,,missing_pdb,False
A0A0P0V8B8,,missing_pdb,False
A0A0P0VA20,,missing_pdb,False
A0A0P0VAM6,,missing_pdb,False
A0A0P0VB14,,missing_pdb,False
A0A0P0VB50,,missing_pdb,False
A0A0P0VC90,,missing_pdb,False
A0A0P0VDK6,,missing_pdb,False
A0A0P0VEJ8,,missing_pdb,False
A0A0P0VEQ0,,missing_pdb,False
A0A0P0VEW2,,missing_pdb,False
A0A0P0VEY9,,missing_pdb,False
A0A0P0VGI4,,missing_pdb,False
A0A0P0VGZ1,,missing_pdb,False
A0A0P0VIQ7,,missing_pdb,False
A0A0P0VJ84,,missing_pdb,False
A0A0P0VJA5,,missing_pdb,False
A0A0P0VLM1,,missing_pdb,False
A0A0P0VLS3,,missing_pdb,False
A0A0P0VLT6,,missing_pdb,False
A0A0P0VNJ2,,missing_pdb,False
A0A0P0VP40,,missing_pdb,False
A0A0P0VPH8,,missing_pdb,False
A0A0P0VQC6,,missing_pdb,False
A0A0P0VRI0,,missing_pdb,False
A0A0P0VT75,,missing_pdb,False
A0A0P0VUL0,,missing_pdb,False
A0A0P0VVE7,,missing_pdb,False
A0A0P0VVF6,,missing_pdb,False
A0A0P0VWQ0,,missing_pdb,False
A0A0P0VX19,,missing_pdb,False
A0A0P0VXG5,,missing_pdb,False
A0A0P0VY63,,missing_pdb,False
A0A0P0VY77,,missing_pdb,False
A0A0P0W0D1,,missing_pdb,False
A0A0P0W0I0,,missing_pdb,False
A0A0P0W1U0,,missing_pdb,False
A0A0P0W1X5,,missing_pdb,False
A0A0P0W329,,missing_pdb,False
A0A0P0W363,,missing_pdb,False
A0A0P0W4Z7,,missing_pdb,False
A0A0P0W512,,missing_pdb,False
A0A0P0W536,,missing_pdb,False
A0A0P0W5K6,,missing_pdb,False
A0A0P0W5L2,,missing_pdb,False
A0A0P0W5R3,,missing_pdb,False
A0A0P0W5T6,,missing_pdb,False
A0A0P0W604,,missing_pdb,False
A0A0P0W6G9,,missing_pdb,False
A0A0P0W6K3,,missing_pdb,False
A0A0P0W6L8,,missing_pdb,False
A0A0P0W6U0,,missing_pdb,False
A0A0P0W9B8,,missing_pdb,False
A0A0P0W9D3,,missing_pdb,False
A0A0P0WA18,,missing_pdb,False
A0A0P0WA64,,missing_pdb,False
A0A0P0WAZ1,,missing_pdb,False
A0A0P0WC02,,missing_pdb,False
A0A0P0WCX7,,missing_pdb,False
A0A0P0WDJ2,,missing_pdb,False
A0A0P0WDX3,,missing_pdb,False
A0A0P0WE46,,missing_pdb,False
A0A0P0WET7,,missing_pdb,False
A0A0P0WFQ4,,missing_pdb,False
A0A0P0WG16,,missing_pdb,False
A0A0P0WGH1,,missing_pdb,False
A0A0P0WHC6,,missing_pdb,False
A0A0P0WJ70,,missing_pdb,False
A0A0P0WKB6,,missing_pdb,False
A0A0P0WL67,,missing_pdb,False
A0A0P0WMP1,,missing_pdb,False
A0A0P0WMW0,,missing_pdb,False
A0A0P0WMX1,,missing_pdb,False
A0A0P0WMY2,,missing_pdb,False
A0A0P0WN18,,missing_pdb,False
A0A0P0WNG4,,missing_pdb,False
A0A0P0WPI5,,missing_pdb,False
A0A0P0WQ37,,missing_pdb,False
A0A0P0WRT4,,missing_pdb,False
A0A0P0WS13,,missing_pdb,False
A0A0P0WSG1,,missing_pdb,False
A0A0P0WSQ4,,missing_pdb,False
A0A0P0WSW0,,missing_pdb,False
A0A0P0WSW9,,missing_pdb,False
A0A0P0WTZ1,,missing_pdb,False
A0A0P0WU69,,missing_pdb,False
A0A0P0WUE9,,missing_pdb,False
A0A0P0WVJ1,,missing_pdb,False
A0A0P0WVR0,,missing_pdb,False
A0A0P0WWP8,,missing_pdb,False
A0A0P0WXJ2,,missing_pdb,False
A0A0P0WXV2,,missing_pdb,False
A0A0P0WZS5,,missing_pdb,False
A0A0P0X0J4,,missing_pdb,False
A0A0P0X0U6,,missing_pdb,False
A0A0P0X0X9,,missing_pdb,False
A0A0P0X1N6,,missing_pdb,False
A0A0P0X2D8,,missing_pdb,False
A0A0P0X2G2,,missing_pdb,False
A0A0P0X309,,missing_pdb,False
A0A0P0X3A4,,missing_pdb,False
A0A0P0X3Y0,,missing_pdb,False
A0A0P0X425,,missing_pdb,False
A0A0P0X6S4,,missing_pdb,False
A0A0P0X6U8,,missing_pdb,False
A0A0P0X7H6,,missing_pdb,False
A0A0P0X7K6,,missing_pdb,False
A0A0P0X8P7,,missing_pdb,False
A0A0P0X8R9,,missing_pdb,False
A0A0P0X9P5,,missing_pdb,False
A0A0P0X9T8,,missing_pdb,False
A0A0P0X9X1,,missing_pdb,False
A0A0P0XA19,,missing_pdb,False
A0A0P0XAU1,,missing_pdb,False
A0A0P0XBG9,,missing_pdb,False
A0A0P0XCL4,,missing_pdb,False
A0A0P0XCQ3,,missing_pdb,False
A0A0P0XCR2,,missing_pdb,False
A0A0P0XD59,,missing_pdb,False
A0A0P0XED4,,missing_pdb,False
A0A0P0XEV9,,missing_pdb,False
A0A0P0XG36,,missing_pdb,False
A0A0P0XHD8,,missing_pdb,False
A0A0P0XHS8,,missing_pdb,False
A0A0P0XID1,,missing_pdb,False
A0A0P0XIJ9,,missing_pdb,False
A0A0P0XLA8,,missing_pdb,False
A0A0P0XNB2,,missing_pdb,False
A0A0P0XNS9,,missing_pdb,False
A0A0P0XRJ9,,missing_pdb,False
A0A0P0XT84,,missing_pdb,False
A0A0P0XTD5,,missing_pdb,False
A0A0P0XVL1,,missing_pdb,False
A0A0P0XW85,,missing_pdb,False
A0A0P0XWK9,,missing_pdb,False
A0A0P0XZE2,,missing_pdb,False
A0A0P0Y200,,missing_pdb,False
A0A0P0Y8M7,,missing_pdb,False
A0A0P0YB41,,missing_pdb,False
A0A0R0EX12,,missing_pdb,False
A0A0R4IZX3,,missing_pdb,False
A0A0R4J009,,missing_pdb,False
A0A0R4J060,,missing_pdb,False
A0A0R4J0E0,,missing_pdb,False
A0A0R4J0G0,,missing_pdb,False
A0A0R4J0I0,,missing_pdb,False
A0A0R4J1I0,,missing_pdb,False
A0A0R4J1T8,,missing_pdb,False
A0A0R4J243,,missing_pdb,False
A0A0R4J275,,missing_pdb,False
A0A0R4J288,,missing_pdb,False
A0A0R4J291,,missing_pdb,False
A0A0U1RP68,,missing_pdb,False
A0A0U1RPL2,,missing_pdb,False
A0A0U1RRP3,,missing_pdb,False
A0A0U1RRV5,,missing_pdb,False
A0A0U1RS12,,missing_pdb,False
A0A0U1RS20,,missing_pdb,False
A0A125YFQ7,,missing_pdb,False
A0A125YFW2,,missing_pdb,False
A0A125YFY3,,missing_pdb,False
A0A125YFY4,,missing_pdb,False
A0A125YGG6,,missing_pdb,False
A0A125YGR1,,missing_pdb,False
A0A125YGY0,,missing_pdb,False
A0A125YH13,,missing_pdb,False
A0A125YH31,,missing_pdb,False
A0A125YH47,,missing_pdb,False
A0A125YH88,,missing_pdb,False
A0A125YHB5,,missing_pdb,False
A0A125YHE8,,missing_pdb,False
A0A125YHJ5,,missing_pdb,False
A0A125YI67,,missing_pdb,False
A0A125YIF2,,missing_pdb,False
A0A125YIJ7,,missing_pdb,False
A0A125YJ41,,missing_pdb,False
A0A125YJ57,,missing_pdb,False
A0A125YJA9,,missing_pdb,False
A0A125YJX3,,missing_pdb,False
A0A125YJY9,,missing_pdb,False
A0A125YK30,,missing_pdb,False
A0A125YK83,,missing_pdb,False
A0A125YKA2,,missing_pdb,False
A0A125YKF6,,missing_pdb,False
A0A125YKM7,,missing_pdb,False
A0A125YLB8,,missing_pdb,False
A0A125YLJ6,,missing_pdb,False
A0A125YLU6,,missing_pdb,False
A0A125YLZ8,,missing_pdb,False
A0A125YMA4,,missing_pdb,False
A0A125YMV3,,missing_pdb,False
A0A125YPJ6,,missing_pdb,False
A0A125YQ47,,missing_pdb,False
A0A125YQQ6,,missing_pdb,False
A0A125YQU8,,missing_pdb,False
A0A125YR28,,missing_pdb,False
A0A125YRI6,,missing_pdb,False
A0A125YRP6,,missing_pdb,False
A0A125YS71,,missing_pdb,False
A0A125YS72,,missing_pdb,False
A0A125YST2,,missing_pdb,False
A0A125YT22,,missing_pdb,False
A0A125YTD3,,missing_pdb,False
A0A125YTJ2,,missing_pdb,False
A0A125YU31,,missing_pdb,False
A0A125YU86,,missing_pdb,False
A0A125YUA6,,missing_pdb,False
A0A125YUC0,,missing_pdb,False
A0A125YUC3,,missing_pdb,False
A0A125YUF3,,missing_pdb,False
A0A125YVD3,,missing_pdb,False
A0A125YVI2,,missing_pdb,False
A0A125YVQ8,,missing_pdb,False
A0A125YW70,,missing_pdb,False
A0A125YWC7,,missing_pdb,False
A0A125YWN4,,missing_pdb,False
A0A125YWR6,,missing_pdb,False
A0A125YXA8,,missing_pdb,False
A0A125YXG2,,missing_pdb,False
A0A125YXR6,,missing_pdb,False
A0A125YY05,,missing_pdb,False
A0A125YY84,,missing_pdb,False
A0A125YZ00,,missing_pdb,False
A0A125YZA7,,missing_pdb,False
A0A125YZG5,,missing_pdb,False
A0A140G945-2,,missing_pdb,False
A0A140LJG6,,missing_pdb,False
A0A140T8R5,,missing_pdb,False
A0A140TAG4,,missing_pdb,False
A0A140TAI8,,missing_pdb,False
A0A143BQE8,,missing_pdb,False
A0A143ZVJ7,,missing_pdb,False
A0A143ZVJ8,,missing_pdb,False
A0A143ZVW7,,missing_pdb,False
A0A143ZWD4,,missing_pdb,False
A0A143ZX45,,missing_pdb,False
A0A143ZXC4,,missing_pdb,False
A0A143ZXE1,,missing_pdb,False
A0A143ZY62,,missing_pdb,False
A0A143ZZV5,,missing_pdb,False
A0A146M1U1,,missing_pdb,False
A0A151V4G7,,missing_pdb,False
A0A151V4L3,,missing_pdb,False
A0A173DQZ1,,missing_pdb,False
A0A193KTR0,,missing_pdb,False
A0A1B0GQV9,,missing_pdb,False
A0A1B0GS28,,missing_pdb,False
A0A1B0GSW3,,missing_pdb,False
A0A1B0GWM0,,missing_pdb,False
A0A1B0GWY3,,missing_pdb,False
A0A1B0GWZ0,,missing_pdb,False
A0A1B1R0U6,,missing_pdb,False
A0A1C7CYU6,,missing_pdb,False
A0A1D5RL92,,missing_pdb,False
A0A1D5RLP5,,missing_pdb,False
A0A1D5SSE6,,missing_pdb,False
A0A1D5UIU3,,missing_pdb,False
A0A1D5UK17,,missing_pdb,False
A0A1D5US08,,missing_pdb,False
A0A1D5V145,,missing_pdb,False
A0A1D5V2T0,,missing_pdb,False
A0A1D5W1V5,,missing_pdb,False
A0A1D5ZGE0,,missing_pdb,False
A0A1D5ZR11,,missing_pdb,False
A0A1D6RDB4,,missing_pdb,False
A0A1D7TFN8,,missing_pdb,False
A0A1D7TFQ0,,missing_pdb,False
A0A1D7TFQ5,,missing_pdb,False
A0A1D7TFR0,,missing_pdb,False
A0A1D7TFR3,,missing_pdb,False
A0A1D7TFT4,,missing_pdb,False
A0A1D7TFV2,,missing_pdb,False
A0A1D7TFW3,,missing_pdb,False
A0A1D7TFW5,,missing_pdb,False
A0A1D7TFW8,,missing_pdb,False
A0A1D7TFX5,,missing_pdb,False
A0A1D7TFZ8,,missing_pdb,False
A0A1D7TG00,,missing_pdb,False
A0A1D7TG13,,missing_pdb,False
A0A1D7TG23,,missing_pdb,False
A0A1D7TG27,,missing_pdb,False
A0A1D7TG42,,missing_pdb,False
A0A1D7TG57,,missing_pdb,False
A0A1D7TG60,,missing_pdb,False
A0A1D7TG72,,missing_pdb,False
A0A1D7TG78,,missing_pdb,False
A0A1D7TG95,,missing_pdb,False
A0A1D7TGA2,,missing_pdb,False
A0A1D7TGA3,,missing_pdb,False
A0A1D7TGA8,,missing_pdb,False
A0A1D7TGB4,,missing_pdb,False
A0A1D7TGB6,,missing_pdb,False
A0A1D7TGC6,,missing_pdb,False
A0A1D7TGC7,,missing_pdb,False
A0A1D7TGD3,,missing_pdb,False
A0A1D7TGE4,,missing_pdb,False
A0A1D7TGF7,,missing_pdb,False
A0A1D7TGF8,,missing_pdb,False
A0A1D7TGG6,,missing_pdb,False
A0A1D7TGH8,,missing_pdb,False
A0A1D7TGI6,,missing_pdb,False
A0A1D7TGI8,,missing_pdb,False
A0A1D7TGN0,,missing_pdb,False
A0A1D7TGN1,,missing_pdb,False
A0A1D7TGP0,,missing_pdb,False
A0A1D7TGP5,,missing_pdb,False
A0A1D7TGQ4,,missing_pdb,False
A0A1D7TGR2,,missing_pdb,False
A0A1D7TGS4,,missing_pdb,False
A0A1D7TGW8,,missing_pdb,False
A0A1D7TGY2,,missing_pdb,False
A0A1D7TGY9,,missing_pdb,False
A0A1D7TH02,,missing_pdb,False
A0A1D7TH17,,missing_pdb,False
A0A1D7TH31,,missing_pdb,False
A0A1D7TH39,,missing_pdb,False
A0A1D7TH40,,missing_pdb,False
A0A1D7TH75,,missing_pdb,False
A0A1D7TH80,,missing_pdb,False
A0A1D7TH84,,missing_pdb,False
A0A1D7TH86,,missing_pdb,False
A0A1D7THA1,,missing_pdb,False
A0A1D7THA4,,missing_pdb,False
A0A1D7THA5,,missing_pdb,False
A0A1D7THA7,,missing_pdb,False
A0A1D7THB1,,missing_pdb,False
A0A1D7THB8,,missing_pdb,False
A0A1D7THE9,,missing_pdb,False
A0A1D7THF0,,missing_pdb,False
A0A1D7THF5,,missing_pdb,False
A0A1D7THG4,,missing_pdb,False
A0A1D7THH0,,missing_pdb,False
A0A1D7THH6,,missing_pdb,False
A0A1D7THH7,,missing_pdb,False
A0A1D7THI2,,missing_pdb,False
A0A1D7THI5,,missing_pdb,False
A0A1D7THJ2,,missing_pdb,False
A0A1D7THL5,,missing_pdb,False
A0A1D7THM5,,missing_pdb,False
A0A1D7THM9,,missing_pdb,False
A0A1D7THN2,,missing_pdb,False
A0A1D7THN5,,missing_pdb,False
A0A1D7THQ8,,missing_pdb,False
A0A1D7THR1,,missing_pdb,False
A0A1D7THR3,,missing_pdb,False
A0A1D7THS5,,missing_pdb,False
A0A1D7THT8,,missing_pdb,False
A0A1D7THU7,,missing_pdb,False
A0A1D7THV6,,missing_pdb,False
A0A1D7THW1,,missing_pdb,False
A0A1D7THX3,,missing_pdb,False
A0A1D7THX9,,missing_pdb,False
A0A1D7THY2,,missing_pdb,False
A0A1D7THZ0,,missing_pdb,False
A0A1D7THZ4,,missing_pdb,False
A0A1D7THZ5,,missing_pdb,False
A0A1D7THZ6,,missing_pdb,False
A0A1D7THZ8,,missing_pdb,False
A0A1D7TI03,,missing_pdb,False
A0A1D7TI08,,missing_pdb,False
A0A1D7TI11,,missing_pdb,False
A0A1D7TI22,,missing_pdb,False
A0A1D7TI36,,missing_pdb,False
A0A1D7TI38,,missing_pdb,False
A0A1D7TI44,,missing_pdb,False
A0A1D7TI49,,missing_pdb,False
A0A1D7TI51,,missing_pdb,False
A0A1D7TI67,,missing_pdb,False
A0A1D7TI78,,missing_pdb,False
A0A1D7TI93,,missing_pdb,False
A0A1D7TIA2,,missing_pdb,False
A0A1D7TIC3,,missing_pdb,False
A0A1D7TID0,,missing_pdb,False
A0A1D7TIE1,,missing_pdb,False
A0A1D7TIE2,,missing_pdb,False
A0A1D7TIG1,,missing_pdb,False
A0A1D7TIH0,,missing_pdb,False
A0A1D7TII0,,missing_pdb,False
A0A1D7TII3,,missing_pdb,False
A0A1D7TIJ3,,missing_pdb,False
A0A1D7TIK4,,missing_pdb,False
A0A1D7TIK8,,missing_pdb,False
A0A1D7TIQ4,,missing_pdb,False
A0A1D7TIQ8,,missing_pdb,False
A0A1D7TIR6,,missing_pdb,False
A0A1D7TIS4,,missing_pdb,False
A0A1D7TIT4,,missing_pdb,False
A0A1D7TIU6,,missing_pdb,False
A0A1D7TIV3,,missing_pdb,False
A0A1D7TIW7,,missing_pdb,False
A0A1D7TIX7,,missing_pdb,False
A0A1D7TIZ0,,missing_pdb,False
A0A1D7TJ09,,missing_pdb,False
A0A1D7TJ16,,missing_pdb,False
A0A1D7TJ32,,missing_pdb,False
A0A1D7TJ57,,missing_pdb,False
A0A1D7TJ60,,missing_pdb,False
A0A1D7TJ65,,missing_pdb,False
A0A1D7TJ69,,missing_pdb,False
A0A1D7TJ76,,missing_pdb,False
A0A1D7TJA3,,missing_pdb,False
A0A1D7TJB0,,missing_pdb,False
A0A1D7TJD1,,missing_pdb,False
A0A1D7TJD3,,missing_pdb,False
A0A1D7TJG0,,missing_pdb,False
A0A1D7TJI5,,missing_pdb,False
A0A1D7TJJ4,,missing_pdb,False
A0A1D7TJJ8,,missing_pdb,False
A0A1D7TJJ9,,missing_pdb,False
A0A1D7TJK3,,missing_pdb,False
A0A1D7TJK6,,missing_pdb,False
A0A1D7TJK7,,missing_pdb,False
A0A1D7TJK8,,missing_pdb,False
A0A1D7TJL4,,missing_pdb,False
A0A1D7TJM1,,missing_pdb,False
A0A1D7TJM2,,missing_pdb,False
A0A1D7TJN0,,missing_pdb,False
A0A1D7TJN5,,missing_pdb,False
A0A1D7TJP6,,missing_pdb,False
A0A1D7TJQ4,,missing_pdb,False
A0A1D7TJQ9,,missing_pdb,False
A0A1D7TJR5,,missing_pdb,False
A0A1D7TJR6,,missing_pdb,False
A0A1D7TJS3,,missing_pdb,False
A0A1D7TJS7,,missing_pdb,False
A0A1D7TJU2,,missing_pdb,False
A0A1D7TJU3,,missing_pdb,False
A0A1D7TJV0,,missing_pdb,False
A0A1D7TJV1,,missing_pdb,False
A0A1D7TJV3,,missing_pdb,False
A0A1D7TJV7,,missing_pdb,False
A0A1D7TJW6,,missing_pdb,False
A0A1D7TJX1,,missing_pdb,False
A0A1D7TJX3,,missing_pdb,False
A0A1D7TJX6,,missing_pdb,False
A0A1D7TJX7,,missing_pdb,False
A0A1D7TJY2,,missing_pdb,False
A0A1D7TJY4,,missing_pdb,False
A0A1D7TK05,,missing_pdb,False
A0A1D7TK12,,missing_pdb,False
A0A1D7TK42,,missing_pdb,False
A0A1D7TK43,,missing_pdb,False
A0A1D7TK46,,missing_pdb,False
A0A1D7TK55,,missing_pdb,False
A0A1D7TK57,,missing_pdb,False
A0A1D7TK60,,missing_pdb,False
A0A1D7TK63,,missing_pdb,False
A0A1D7TK71,,missing_pdb,False
A0A1D7TK84,,missing_pdb,False
A0A1D7TK88,,missing_pdb,False
A0A1D7TK91,,missing_pdb,False
A0A1D7TK95,,missing_pdb,False
A0A1D7TKB6,,missing_pdb,False
A0A1D7TKD0,,missing_pdb,False
A0A1D7TKD4,,missing_pdb,False
A0A1D7TKE8,,missing_pdb,False
A0A1D7TKF3,,missing_pdb,False
A0A1D7TKF4,,missing_pdb,False
A0A1D7TKF8,,missing_pdb,False
A0A1D7TKG1,,missing_pdb,False
A0A1D7TKG4,,missing_pdb,False
A0A1D7TKH4,,missing_pdb,False
A0A1D7TKH7,,missing_pdb,False
A0A1D7TKH9,,missing_pdb,False
A0A1D7TKJ6,,missing_pdb,False
A0A1D7TKK2,,missing_pdb,False
A0A1D7TKK4,,missing_pdb,False
A0A1D7TKL9,,missing_pdb,False
A0A1D7TKN0,,missing_pdb,False
A0A1D7TKP2,,missing_pdb,False
A0A1D7TKP3,,missing_pdb,False
A0A1D7TKP4,,missing_pdb,False
A0A1D7TKT7,,missing_pdb,False
A0A1D7TKU6,,missing_pdb,False
A0A1D7TKV6,,missing_pdb,False
A0A1D7TKV8,,missing_pdb,False
A0A1D7TKX5,,missing_pdb,False
A0A1D7TKX7,,missing_pdb,False
A0A1D7TKY3,,missing_pdb,False
A0A1D7TKY5,,missing_pdb,False
A0A1D7TKZ0,,missing_pdb,False
A0A1D7TKZ9,,missing_pdb,False
A0A1D7TL04,,missing_pdb,False
A0A1D7TL26,,missing_pdb,False
A0A1D7TL77,,missing_pdb,False
A0A1D7TL81,,missing_pdb,False
A0A1D7TL84,,missing_pdb,False
A0A1D7TL90,,missing_pdb,False
A0A1D7TL91,,missing_pdb,False
A0A1D7TL95,,missing_pdb,False
A0A1D7TLA9,,missing_pdb,False
A0A1D7TLC2,,missing_pdb,False
A0A1D7TLC6,,missing_pdb,False
A0A1D7TLC9,,missing_pdb,False
A0A1D7TLD2,,missing_pdb,False
A0A1D7TLD8,,missing_pdb,False
A0A1D7TLE4,,missing_pdb,False
A0A1D7TLE5,,missing_pdb,False
A0A1D7TLF6,,missing_pdb,False
A0A1D7TLH7,,missing_pdb,False
A0A1D7TLH8,,missing_pdb,False
A0A1D7TLI0,,missing_pdb,False
A0A1D7TLI4,,missing_pdb,False
A0A1D7TLI8,,missing_pdb,False
A0A1D7TLJ1,,missing_pdb,False
A0A1D7TLK1,,missing_pdb,False
A0A1D7TLL4,,missing_pdb,False
A0A1D7TLM4,,missing_pdb,False
A0A1D7TLN0,,missing_pdb,False
A0A1D7TLN2,,missing_pdb,False
A0A1D7TLP2,,missing_pdb,False
A0A1D7TLP5,,missing_pdb,False
A0A1D7TLQ7,,missing_pdb,False
A0A1D7TLR2,,missing_pdb,False
A0A1D7TLR7,,missing_pdb,False
A0A1D7TLU9,,missing_pdb,False
A0A1D7TLV1,,missing_pdb,False
A0A1D7TLW0,,missing_pdb,False
A0A1D7TLW6,,missing_pdb,False
A0A1D7TLW7,,missing_pdb,False
A0A1D7TLX1,,missing_pdb,False
A0A1D7TLX5,,missing_pdb,False
A0A1D7TLX7,,missing_pdb,False
A0A1D7TLX9,,missing_pdb,False
A0A1D7TLY5,,missing_pdb,False
A0A1D7TLZ0,,missing_pdb,False
A0A1D7TLZ4,,missing_pdb,False
A0A1D7TM19,,missing_pdb,False
A0A1D7TM20,,missing_pdb,False
A0A1D7TM43,,missing_pdb,False
A0A1D7TM79,,missing_pdb,False
A0A1D7TM86,,missing_pdb,False
A0A1D7TM98,,missing_pdb,False
A0A1D7TMA4,,missing_pdb,False
A0A1D7TMA7,,missing_pdb,False
A0A1D7TMB4,,missing_pdb,False
A0A1D7TMD3,,missing_pdb,False
A0A1D7TME9,,missing_pdb,False
A0A1D7TMF1,,missing_pdb,False
A0A1D7TMG2,,missing_pdb,False
A0A1D7TMG6,,missing_pdb,False
A0A1D7TMG9,,missing_pdb,False
A0A1D7TMH3,,missing_pdb,False
A0A1D7TMH8,,missing_pdb,False
A0A1D7TMH9,,missing_pdb,False
A0A1D7TMI7,,missing_pdb,False
A0A1D7TMK2,,missing_pdb,False
A0A1D7TMK3,,missing_pdb,False
A0A1D7TML5,,missing_pdb,False
A0A1D7TMM5,,missing_pdb,False
A0A1D7TMP6,,missing_pdb,False
A0A1D7TMS2,,missing_pdb,False
A0A1D7TMT0,,missing_pdb,False
A0A1D7TMW9,,missing_pdb,False
A0A1D7TMY6,,missing_pdb,False
A0A1D7TN20,,missing_pdb,False
A0A1D7TN31,,missing_pdb,False
A0A1D7TN34,,missing_pdb,False
A0A1D7TN57,,missing_pdb,False
A0A1D7TN74,,missing_pdb,False
A0A1D7TN83,,missing_pdb,False
A0A1D7TN90,,missing_pdb,False
A0A1D7TNA6,,missing_pdb,False
A0A1D7TNB7,,missing_pdb,False
A0A1D7TNE2,,missing_pdb,False
A0A1D7TNE9,,missing_pdb,False
A0A1D7TNF3,,missing_pdb,False
A0A1D7TNH2,,missing_pdb,False
A0A1D7TNH5,,missing_pdb,False
A0A1D7TNI0,,missing_pdb,False
A0A1D7TNN2,,missing_pdb,False
A0A1D7TNN9,,missing_pdb,False
A0A1D7TNP7,,missing_pdb,False
A0A1D7TNP9,,missing_pdb,False
A0A1D7TNR8,,missing_pdb,False
A0A1D7TNU0,,missing_pdb,False
A0A1D7TNU2,,missing_pdb,False
A0A1D7TNW1,,missing_pdb,False
A0A1D7TNY2,,missing_pdb,False
A0A1D7TNZ0,,missing_pdb,False
A0A1D7TNZ3,,missing_pdb,False
A0A1D7TP00,,missing_pdb,False
A0A1D7TP22,,missing_pdb,False
A0A1D7TP33,,missing_pdb,False
A0A1D7TP34,,missing_pdb,False
A0A1D8PCF5,,missing_pdb,False
A0A1D8PCJ6,,missing_pdb,False
A0A1D8PCJ9,,missing_pdb,False
A0A1D8PCR9,,missing_pdb,False
A0A1D8PCY1,,missing_pdb,False
A0A1D8PD40,,missing_pdb,False
A0A1D8PD52,,missing_pdb,False
A0A1D8PD55,,missing_pdb,False
A0A1D8PD68,,missing_pdb,False
A0A1D8PD97,,missing_pdb,False
A0A1D8PDF4,,missing_pdb,False
A0A1D8PDI3,,missing_pdb,False
A0A1D8PDI8,,missing_pdb,False
A0A1D8PDJ0,,missing_pdb,False
A0A1D8PDL0,,missing_pdb,False
A0A1D8PDM8,,missing_pdb,False
A0A1D8PDP3,,missing_pdb,False
A0A1D8PDS7,,missing_pdb,False
A0A1D8PDT1,,missing_pdb,False
A0A1D8PDX5,,missing_pdb,False
A0A1D8PDX7,,missing_pdb,False
A0A1D8PDZ5,,missing_pdb,False
A0A1D8PE03,,missing_pdb,False
A0A1D8PE92,,missing_pdb,False
A0A1D8PEB4,,missing_pdb,False
A0A1D8PEB6,,missing_pdb,False
A0A1D8PEI7,,missing_pdb,False
A0A1D8PEN1,,missing_pdb,False
A0A1D8PEV9,,missing_pdb,False
A0A1D8PEX6,,missing_pdb,False
A0A1D8PEZ0,,missing_pdb,False
A0A1D8PF40,,missing_pdb,False
A0A1D8PF49,,missing_pdb,False
A0A1D8PFD3,,missing_pdb,False
A0A1D8PFH2,,missing_pdb,False
A0A1D8PFI2,,missing_pdb,False
A0A1D8PFP2,,missing_pdb,False
A0A1D8PFW3,,missing_pdb,False
A0A1D8PG40,,missing_pdb,False
A0A1D8PG89,,missing_pdb,False
A0A1D8PGA3,,missing_pdb,False
A0A1D8PGB0,,missing_pdb,False
A0A1D8PGE6,,missing_pdb,False
A0A1D8PGF3,,missing_pdb,False
A0A1D8PGH4,,missing_pdb,False
A0A1D8PGL0,,missing_pdb,False
A0A1D8PGN9,,missing_pdb,False
A0A1D8PGT1,,missing_pdb,False
A0A1D8PH10,,missing_pdb,False
A0A1D8PH39,,missing_pdb,False
A0A1D8PH91,,missing_pdb,False
A0A1D8PHC4,,missing_pdb,False
A0A1D8PHC5,,missing_pdb,False
A0A1D8PHF8,,missing_pdb,False
A0A1D8PHH0,,missing_pdb,False
A0A1D8PHI0,,missing_pdb,False
A0A1D8PHJ3,,missing_pdb,False
A0A1D8PHS1,,missing_pdb,False
A0A1D8PHT1,,missing_pdb,False
A0A1D8PHU3,,missing_pdb,False
A0A1D8PI15,,missing_pdb,False
A0A1D8PIC6,,missing_pdb,False
A0A1D8PIC9,,missing_pdb,False
A0A1D8PIF6,,missing_pdb,False
A0A1D8PIJ2,,missing_pdb,False
A0A1D8PIL7,,missing_pdb,False
A0A1D8PIL9,,missing_pdb,False
A0A1D8PIN8,,missing_pdb,False
A0A1D8PIP0,,missing_pdb,False
A0A1D8PIP5,,missing_pdb,False
A0A1D8PJ13,,missing_pdb,False
A0A1D8PJ35,,missing_pdb,False
A0A1D8PJ80,,missing_pdb,False
A0A1D8PJ96,,missing_pdb,False
A0A1D8PJA6,,missing_pdb,False
A0A1D8PJD1,,missing_pdb,False
A0A1D8PJE4,,missing_pdb,False
A0A1D8PJG0,,missing_pdb,False
A0A1D8PJL3,,missing_pdb,False
A0A1D8PJR4,,missing_pdb,False
A0A1D8PJS8,,missing_pdb,False
A0A1D8PK71,,missing_pdb,False
A0A1D8PK87,,missing_pdb,False
A0A1D8PKB7,,missing_pdb,False
A0A1D8PKH8,,missing_pdb,False
A0A1D8PKI3,,missing_pdb,False
A0A1D8PKI6,,missing_pdb,False
A0A1D8PL05,,missing_pdb,False
A0A1D8PL33,,missing_pdb,False
A0A1D8PL39,,missing_pdb,False
A0A1D8PL46,,missing_pdb,False
A0A1D8PL68,,missing_pdb,False
A0A1D8PL78,,missing_pdb,False
A0A1D8PLA2,,missing_pdb,False
A0A1D8PLL4,,missing_pdb,False
A0A1D8PLW7,,missing_pdb,False
A0A1D8PLW8,,missing_pdb,False
A0A1D8PM53,,missing_pdb,False
A0A1D8PMD1,,missing_pdb,False
A0A1D8PMQ0,,missing_pdb,False
A0A1D8PMR4,,missing_pdb,False
A0A1D8PMS3,,missing_pdb,False
A0A1D8PMT8,,missing_pdb,False
A0A1D8PN34,,missing_pdb,False
A0A1D8PN39,,missing_pdb,False
A0A1D8PN49,,missing_pdb,False
A0A1D8PN96,,missing_pdb,False
A0A1D8PNC7,,missing_pdb,False
A0A1D8PNE5,,missing_pdb,False
A0A1D8PNK6,,missing_pdb,False
A0A1D8PNL9,,missing_pdb,False
A0A1D8PNM8,,missing_pdb,False
A0A1D8PP19,,missing_pdb,False
A0A1D8PP34,,missing_pdb,False
A0A1D8PPB4,,missing_pdb,False
A0A1D8PPI2,,missing_pdb,False
A0A1D8PPJ1,,missing_pdb,False
A0A1D8PPN1,,missing_pdb,False
A0A1D8PPQ3,,missing_pdb,False
A0A1D8PPU7,,missing_pdb,False
A0A1D8PPV3,,missing_pdb,False
A0A1D8PPW1,,missing_pdb,False
A0A1D8PPW7,,missing_pdb,False
A0A1D8PQ25,,missing_pdb,False
A0A1D8PQ45,,missing_pdb,False
A0A1D8PQ51,,missing_pdb,False
A0A1D8PQD6,,missing_pdb,False
A0A1D8PQD7,,missing_pdb,False
A0A1D8PQG5,,missing_pdb,False
A0A1D8PQH1,,missing_pdb,False
A0A1D8PQJ8,,missing_pdb,False
A0A1D8PQK0,,missing_pdb,False
A0A1D8PQK3,,missing_pdb,False
A0A1D8PQN7,,missing_pdb,False
A0A1D8PQR0,,missing_pdb,False
A0A1D8PQR7,,missing_pdb,False
A0A1D8PQT2,,missing_pdb,False
A0A1D8PQT7,,missing_pdb,False
A0A1D8PR78,,missing_pdb,False
A0A1D8PR93,,missing_pdb,False
A0A1D8PR98,,missing_pdb,False
A0A1D8PRE8,,missing_pdb,False
A0A1D8PRG1,,missing_pdb,False
A0A1D8PRL3,,missing_pdb,False
A0A1D8PRM9,,missing_pdb,False
A0A1D8PRN3,,missing_pdb,False
A0A1D8PS02,,missing_pdb,False
A0A1D8PS15,,missing_pdb,False
A0A1D8PS62,,missing_pdb,False
A0A1D8PSE0,,missing_pdb,False
A0A1D8PSJ3,,missing_pdb,False
A0A1D8PSJ5,,missing_pdb,False
A0A1D8PSN1,,missing_pdb,False
A0A1D8PSS1,,missing_pdb,False
A0A1D8PSZ0,,missing_pdb,False
A0A1D8PT35,,missing_pdb,False
A0A1D8PT44,,missing_pdb,False
A0A1D8PT83,,missing_pdb,False
A0A1D8PTH5,,missing_pdb,False
A0A1D8PTJ0,,missing_pdb,False
A0A1D8PTU7,,missing_pdb,False
A0A1D8PTW9,,missing_pdb,False
A0A1D8PU45,,missing_pdb,False
A0A1D8PU53,,missing_pdb,False
A0A1D8PU75,,missing_pdb,False
A0A1D8PUB3,,missing_pdb,False
A0A1P0QU16,,missing_pdb,False
A0A1P8W5V2,,missing_pdb,False
A0A1P8W5Y8,,missing_pdb,False
A0A1P8W674,,missing_pdb,False
A0A1S5R3C2,,missing_pdb,False
A0A1S5T865,,missing_pdb,False
A0A1S6KXP9,,missing_pdb,False
A0A1W2Q624,,missing_pdb,False
A0A1W5KJA9,,missing_pdb,False
A0A1W7GKK9,,missing_pdb,False
A0A218LVQ1,,missing_pdb,False
A0A220XI22,,missing_pdb,False
A0A286ZYM6,,missing_pdb,False
A0A291B2Q0,,missing_pdb,False
A0A2X0S376,,missing_pdb,False
A0A2X0ST42,,missing_pdb,False
A0A341U209,,missing_pdb,False
A0A341YEF9,,missing_pdb,False
A0A341Z185,,missing_pdb,False
A0A341ZA80,,missing_pdb,False
A0A344TAZ2,,missing_pdb,False
A0A345YV70,,missing_pdb,False
A0A386INP4,,missing_pdb,False
A0A3B5XT99,,missing_pdb,False
A0A3B5XVD9,,missing_pdb,False
A0A3B5XVL2,,missing_pdb,False
A0A3B5XVQ5,,missing_pdb,False
A0A3B5XWW9,,missing_pdb,False
A0A3B5XXM2,,missing_pdb,False
A0A3B5XXM4,,missing_pdb,False
A0A3B5Y081,,missing_pdb,False
A0A3B5Y0F9,,missing_pdb,False
A0A3B5Y0H8,,missing_pdb,False
A0A3B5Y1E9,,missing_pdb,False
A0A3B5Y1S3,,missing_pdb,False
A0A3B5Y240,,missing_pdb,False
A0A3B5Y2W1,,missing_pdb,False
A0A3B5Y3B8,,missing_pdb,False
A0A3B5Y545,,missing_pdb,False
A0A3B5Y5M4,,missing_pdb,False
A0A3B5Y6N2,,missing_pdb,False
A0A3B5Y7Q4,,missing_pdb,False
A0A3B5Y860,,missing_pdb,False
A0A3B5YPZ7,,missing_pdb,False
A0A3B5YRG3,,missing_pdb,False
A0A3B5YS71,,missing_pdb,False
A0A3B5YSU3,,missing_pdb,False
A0A3B5YTL8,,missing_pdb,False
A0A3B5YU25,,missing_pdb,False
A0A3B5YVW4,,missing_pdb,False
A0A3B5YW85,,missing_pdb,False
A0A3B5Z2Q5,,missing_pdb,False
A0A3B5Z2X0,,missing_pdb,False
A0A3B5Z4C3,,missing_pdb,False
A0A3B5Z574,,missing_pdb,False
A0A3B5Z5K4,,missing_pdb,False
A0A3B5Z682,,missing_pdb,False
A0A3B5ZP87,,missing_pdb,False
A0A3B5ZPT1,,missing_pdb,False
A0A3B5ZQD2,,missing_pdb,False
A0A3B5ZQG9,,missing_pdb,False
A0A3B5ZTE0,,missing_pdb,False
A0A3B5ZTV5,,missing_pdb,False
A0A3B5ZUM8,,missing_pdb,False
A0A3B5ZW21,,missing_pdb,False
A0A3B5ZWF6,,missing_pdb,False
A0A3B5ZX20,,missing_pdb,False
A0A3B5ZXS9,,missing_pdb,False
A0A3B5ZYC2,,missing_pdb,False
A0A3B6A2W3,,missing_pdb,False
A0A3B6AQQ8,,missing_pdb,False
A0A3B6AR02,,missing_pdb,False
A0A3B6AT53,,missing_pdb,False
A0A3B6AW02,,missing_pdb,False
A0A3B6AY78,,missing_pdb,False
A0A3B6AYX8,,missing_pdb,False
A0A3B6AZ00,,missing_pdb,False
A0A3B6B0J6,,missing_pdb,False
A0A3B6B0V7,,missing_pdb,False
A0A3B6B3N3,,missing_pdb,False
A0A3B6B7G4,,missing_pdb,False
A0A3B6BYZ2,,missing_pdb,False
A0A3B6C046,,missing_pdb,False
A0A3B6C701,,missing_pdb,False
A0A3B6C9V8,,missing_pdb,False
A0A3B6CA58,,missing_pdb,False
A0A3B6CAG6,,missing_pdb,False
A0A3B6CCF4,,missing_pdb,False
A0A3B6CD77,,missing_pdb,False
A0A3B6CE58,,missing_pdb,False
A0A3B6CEH3,,missing_pdb,False
A0A3B6CEQ9,,missing_pdb,False
A0A3B6CHH0,,missing_pdb,False
A0A3B6CI59,,missing_pdb,False
A0A3B6DBA6,,missing_pdb,False
A0A3B6DE83,,missing_pdb,False
A0A3B6DKY6,,missing_pdb,False
A0A3B6DLY8,,missing_pdb,False
A0A3B6DMD5,,missing_pdb,False
A0A3B6DMD6,,missing_pdb,False
A0A3B6DP94,,missing_pdb,False
A0A3B6EB29,,missing_pdb,False
A0A3B6EC22,,missing_pdb,False
A0A3B6ECH5,,missing_pdb,False
A0A3B6ECS7,,missing_pdb,False
A0A3B6ECX9,,missing_pdb,False
A0A3B6EDW5,,missing_pdb,False
A0A3B6EDX4,,missing_pdb,False
A0A3B6EFI6,,missing_pdb,False
A0A3B6EFP0,,missing_pdb,False
A0A3B6EHK1,,missing_pdb,False
A0A3B6EHM6,,missing_pdb,False
A0A3B6EJF1,,missing_pdb,False
A0A3B6EKW0,,missing_pdb,False
A0A3B6EMH5,,missing_pdb,False
A0A3B6EMK0,,missing_pdb,False
A0A3B6EN11,,missing_pdb,False
A0A3B6EN22,,missing_pdb,False
A0A3B6EN98,,missing_pdb,False
A0A3B6ENR3,,missing_pdb,False
A0A3B6EPB1,,missing_pdb,False
A0A3B6EPW4,,missing_pdb,False
A0A3B6EQ77,,missing_pdb,False
A0A3B6ER22,,missing_pdb,False
A0A3B6ERQ9,,missing_pdb,False
A0A3B6ET87,,missing_pdb,False
A0A3B6FGV7,,missing_pdb,False
A0A3B6FHE6,,missing_pdb,False
A0A3B6FHZ6,,missing_pdb,False
A0A3B6FJI3,,missing_pdb,False
A0A3B6FK75,,missing_pdb,False
A0A3B6FN81,,missing_pdb,False
A0A3B6FNK4,,missing_pdb,False
A0A3B6FPB4,,missing_pdb,False
A0A3B6FRP4,,missing_pdb,False
A0A3B6FRW4,,missing_pdb,False
A0A3B6GQZ0,,missing_pdb,False
A0A3B6GX15,,missing_pdb,False
A0A3B6GY50,,missing_pdb,False
A0A3B6GYS7,,missing_pdb,False
A0A3B6H0W1,,missing_pdb,False
A0A3B6H149,,missing_pdb,False
A0A3B6H155,,missing_pdb,False
A0A3B6HPG6,,missing_pdb,False
A0A3B6HPT9,,missing_pdb,False
A0A3B6HQT7,,missing_pdb,False
A0A3B6HR42,,missing_pdb,False
A0A3B6HR71,,missing_pdb,False
A0A3B6HSF0,,missing_pdb,False
A0A3B6HSI5,,missing_pdb,False
A0A3B6HTI8,,missing_pdb,False
A0A3B6HXF3,,missing_pdb,False
A0A3B6HZX3,,missing_pdb,False
A0A3B6I0J5,,missing_pdb,False
A0A3B6I1L6,,missing_pdb,False
A0A3B6I2I9,,missing_pdb,False
A0A3B6I3B5,,missing_pdb,False
A0A3B6IN84,,missing_pdb,False
A0A3B6INA1,,missing_pdb,False
A0A3B6IPJ3,,missing_pdb,False
A0A3B6IQX2,,missing_pdb,False
A0A3B6IRR8,,missing_pdb,False
A0A3B6ISZ4,,missing_pdb,False
A0A3B6ITC2,,missing_pdb,False
A0A3B6IWE7,,missing_pdb,False
A0A3B6JFE0,,missing_pdb,False
A0A3B6JG67,,missing_pdb,False
A0A3B6JHB1,,missing_pdb,False
A0A3B6JLE2,,missing_pdb,False
A0A3B6JLF7,,missing_pdb,False
A0A3B6KC88,,missing_pdb,False
A0A3B6KDG6,,missing_pdb,False
A0A3B6KEA9,,missing_pdb,False
A0A3B6KES4,,missing_pdb,False
A0A3B6KGS2,,missing_pdb,False
A0A3B6KHD4,,missing_pdb,False
A0A3B6KHJ2,,missing_pdb,False
A0A3B6KKI4,,missing_pdb,False
A0A3B6KM79,,missing_pdb,False
A0A3B6KPC4,,missing_pdb,False
A0A3B6KPK4,,missing_pdb,False
A0A3B6KQI4,,missing_pdb,False
A0A3B6KQR9,,missing_pdb,False
A0A3B6KSX1,,missing_pdb,False
A0A3B6KUK7,,missing_pdb,False
A0A3B6LDM6,,missing_pdb,False
A0A3B6LFU8,,missing_pdb,False
A0A3B6LGE3,,missing_pdb,False
A0A3B6LGF5,,missing_pdb,False
A0A3B6LHE8,,missing_pdb,False
A0A3B6LJB7,,missing_pdb,False
A0A3B6LKZ2,,missing_pdb,False
A0A3B6LMR7,,missing_pdb,False
A0A3B6LMU1,,missing_pdb,False
A0A3B6LNP8,,missing_pdb,False
A0A3B6LP55,,missing_pdb,False
A0A3B6LPE5,,missing_pdb,False
A0A3B6LQI9,,missing_pdb,False
A0A3B6LT71,,missing_pdb,False
A0A3B6LU42,,missing_pdb,False
A0A3B6LUS1,,missing_pdb,False
A0A3B6LVU7,,missing_pdb,False
A0A3B6LWF0,,missing_pdb,False
A0A3B6LX71,,missing_pdb,False
A0A3B6LXL5,,missing_pdb,False
A0A3B6MK89,,missing_pdb,False
A0A3B6MKD2,,missing_pdb,False
A0A3B6MKX8,,missing_pdb,False
A0A3B6MKZ2,,missing_pdb,False
A0A3B6MNC7,,missing_pdb,False
A0A3B6MQ98,,missing_pdb,False
A0A3B6MQZ0,,missing_pdb,False
A0A3B6MU46,,missing_pdb,False
A0A3B6MUC1,,missing_pdb,False
A0A3B6MXG8,,missing_pdb,False
A0A3B6N206,,missing_pdb,False
A0A3B6N222,,missing_pdb,False
A0A3B6NK50,,missing_pdb,False
A0A3B6NKC7,,missing_pdb,False
A0A3B6NMZ4,,missing_pdb,False
A0A3B6NNK2,,missing_pdb,False
A0A3B6NPN1,,missing_pdb,False
A0A3B6NPN7,,missing_pdb,False
A0A3B6NRC2,,missing_pdb,False
A0A3B6NRD3,,missing_pdb,False
A0A3B6NRD5,,missing_pdb,False
A0A3B6NTJ3,,missing_pdb,False
A0A3B6NUZ4,,missing_pdb,False
A0A3B6NVJ9,,missing_pdb,False
A0A3B6NVN3,,missing_pdb,False
A0A3B6NWG8,,missing_pdb,False
A0A3B6NWZ9,,missing_pdb,False
A0A3B6NX33,,missing_pdb,False
A0A3B6PCU7,,missing_pdb,False
A0A3B6PFN0,,missing_pdb,False
A0A3B6PG72,,missing_pdb,False
A0A3B6PMC5,,missing_pdb,False
A0A3B6PPE5,,missing_pdb,False
A0A3B6PQJ9,,missing_pdb,False
A0A3B6PQV2,,missing_pdb,False
A0A3B6PVC1,,missing_pdb,False
A0A3B6QAJ3,,missing_pdb,False
A0A3B6QBJ3,,missing_pdb,False
A0A3B6QBW2,,missing_pdb,False
A0A3B6QDV8,,missing_pdb,False
A0A3B6QDX4,,missing_pdb,False
A0A3B6QF59,,missing_pdb,False
A0A3B6QGE4,,missing_pdb,False
A0A3B6QIJ9,,missing_pdb,False
A0A3B6QIU5,,missing_pdb,False
A0A3B6QIX7,,missing_pdb,False
A0A3B6QJE0,,missing_pdb,False
A0A3B6QK24,,missing_pdb,False
A0A3B6QMI9,,missing_pdb,False
A0A3B6RC85,,missing_pdb,False
A0A3B6RDL2,,missing_pdb,False
A0A3B6RFV5,,missing_pdb,False
A0A3B6RGR4,,missing_pdb,False
A0A3B6RHU9,,missing_pdb,False
A0A3B6RJB9,,missing_pdb,False
A0A3B6RJZ6,,missing_pdb,False
A0A3B6RN44,,missing_pdb,False
A0A3B6RNB3,,missing_pdb,False
A0A3B6RNR1,,missing_pdb,False
A0A3B6RQF1,,missing_pdb,False
A0A3B6RQN5,,missing_pdb,False
A0A3B6SAP2,,missing_pdb,False
A0A3B6SCH2,,missing_pdb,False
A0A3B6SDG4,,missing_pdb,False
A0A3B6SEH7,,missing_pdb,False
A0A3B6SFE5,,missing_pdb,False
A0A3B6SG35,,missing_pdb,False
A0A3B6SGS9,,missing_pdb,False
A0A3B6SK72,,missing_pdb,False
A0A3B6SKS9,,missing_pdb,False
A0A3B6SL38,,missing_pdb,False
A0A3B6SNI9,,missing_pdb,False
A0A3B6SQW0,,missing_pdb,False
A0A3B6SRT8,,missing_pdb,False
A0A3B6SRT9,,missing_pdb,False
A0A3B6SS91,,missing_pdb,False
A0A3B6TBF6,,missing_pdb,False
A0A3B6TEW5,,missing_pdb,False
A0A3B6TFQ8,,missing_pdb,False
A0A3B6TM16,,missing_pdb,False
A0A3B6TND9,,missing_pdb,False
A0A3B6TQC4,,missing_pdb,False
A0A3B6TQD6,,missing_pdb,False
A0A3B6TQQ6,,missing_pdb,False
A0A3B6TTE3,,missing_pdb,False
A0A3B6TVD5,,missing_pdb,False
A0A3B6TVI3,,missing_pdb,False
A0A3B6TW64,,missing_pdb,False
A0A3B6TZZ1,,missing_pdb,False
A0A3B6U3W8,,missing_pdb,False
A0A3B6U437,,missing_pdb,False
A0A3B6U4C3,,missing_pdb,False
A0A3B6U5X7,,missing_pdb,False
A0A3B6U9V0,,missing_pdb,False
A0A3B6UAW0,,missing_pdb,False
A0A3B6UAZ1,,missing_pdb,False
A0A3B6UCR2,,missing_pdb,False
A0A3S4CLA1,,missing_pdb,False
A0A411G176,,missing_pdb,False
A0A455QSB4,,missing_pdb,False
A0A481S2H0,,missing_pdb,False
A0A4P7MT58,,missing_pdb,False
A0A4P7MU84,,missing_pdb,False
A0A4P7MUF9,,missing_pdb,False
A0A4P7MUV4,,missing_pdb,False
A0A4P7MV63,,missing_pdb,False
A0A4P7MV78,,missing_pdb,False
A0A4P7MV94,,missing_pdb,False
A0A4P7MVA5,,missing_pdb,False
A0A4P7MVG9,,missing_pdb,False
A0A4P7MVI6,,missing_pdb,False
A0A4P7MVT5,,missing_pdb,False
A0A4P7MVX2,,missing_pdb,False
A0A4P7MW11,,missing_pdb,False
A0A4P7MW14,,missing_pdb,False
A0A4P7MWI7,,missing_pdb,False
A0A4P7MWK7,,missing_pdb,False
A0A4P7MWL3,,missing_pdb,False
A0A4P7MWM3,,missing_pdb,False
A0A4P7MWP4,,missing_pdb,False
A0A4P7MWQ8,,missing_pdb,False
A0A4P7MWR3,,missing_pdb,False
A0A4P7MWS8,,missing_pdb,False
A0A4P7MX94,,missing_pdb,False
A0A4P7MX96,,missing_pdb,False
A0A4P7MXB5,,missing_pdb,False
A0A4P7MXF9,,missing_pdb,False
A0A4P7MXJ0,,missing_pdb,False
A0A4P7MXJ3,,missing_pdb,False
A0A4P7MXN6,,missing_pdb,False
A0A4P7MXQ6,,missing_pdb,False
A0A4P7MXQ8,,missing_pdb,False
A0A4P7MXT8,,missing_pdb,False
A0A4P7MY78,,missing_pdb,False
A0A4P7MYY9,,missing_pdb,False
A0A4P7MZ20,,missing_pdb,False
A0A4P7MZ50,,missing_pdb,False
A0A4P7MZB3,,missing_pdb,False
A0A4P7MZQ2,,missing_pdb,False
A0A4P7MZQ9,,missing_pdb,False
A0A4P7MZV4,,missing_pdb,False
A0A4P7MZV7,,missing_pdb,False
A0A4P7MZX2,,missing_pdb,False
A0A4P7MZZ9,,missing_pdb,False
A0A4P7N0B7,,missing_pdb,False
A0A4P7N0H8,,missing_pdb,False
A0A4P7N0J5,,missing_pdb,False
A0A4P7N0J8,,missing_pdb,False
A0A4P7N0S3,,missing_pdb,False
A0A4P7N0V5,,missing_pdb,False
A0A4P7N0Z7,,missing_pdb,False
A0A4P7N128,,missing_pdb,False
A0A4P7N141,,missing_pdb,False
A0A4P7N162,,missing_pdb,False
A0A4P7N174,,missing_pdb,False
A0A4P7N1A2,,missing_pdb,False
A0A4P7N1D0,,missing_pdb,False
A0A4P7N1D4,,missing_pdb,False
A0A4P7N1V3,,missing_pdb,False
A0A4P7N1Y7,,missing_pdb,False
A0A4P7N1Z4,,missing_pdb,False
A0A4P7N1Z5,,missing_pdb,False
A0A4P7N232,,missing_pdb,False
A0A4P7N239,,missing_pdb,False
A0A4P7N257,,missing_pdb,False
A0A4P7N281,,missing_pdb,False
A0A4P7N2A3,,missing_pdb,False
A0A4P7N2B5,,missing_pdb,False
A0A4P7N2D3,,missing_pdb,False
A0A4P7N2D7,,missing_pdb,False
A0A4P7N2H2,,missing_pdb,False
A0A4P7N2J9,,missing_pdb,False
A0A4P7N2K1,,missing_pdb,False
A0A4P7N2M3,,missing_pdb,False
A0A4P7N2P7,,missing_pdb,False
A0A4P7N2U5,,missing_pdb,False
A0A4P7N2W0,,missing_pdb,False
A0A4P7N2Z6,,missing_pdb,False
A0A4P7N305,,missing_pdb,False
A0A4P7N322,,missing_pdb,False
A0A4P7N345,,missing_pdb,False
A0A4P7N352,,missing_pdb,False
A0A4P7N3A7,,missing_pdb,False
A0A4P7N3C0,,missing_pdb,False
A0A4P7N3C9,,missing_pdb,False
A0A4P7N3E8,,missing_pdb,False
A0A4P7N3H1,,missing_pdb,False
A0A4P7N3K5,,missing_pdb,False
A0A4P7N3L8,,missing_pdb,False
A0A4P7N3Q1,,missing_pdb,False
A0A4P7N3Q3,,missing_pdb,False
A0A4P7N3S5,,missing_pdb,False
A0A4P7N3U7,,missing_pdb,False
A0A4P7N434,,missing_pdb,False
A0A4P7N452,,missing_pdb,False
A0A4P7N456,,missing_pdb,False
A0A4P7N461,,missing_pdb,False
A0A4P7N489,,missing_pdb,False
A0A4P7N4C2,,missing_pdb,False
A0A4P7N4F0,,missing_pdb,False
A0A4P7N4F5,,missing_pdb,False
A0A4P7N4G5,,missing_pdb,False
A0A4P7N4K4,,missing_pdb,False
A0A4P7N4L3,,missing_pdb,False
A0A4P7N4N1,,missing_pdb,False
A0A4P7N4U3,,missing_pdb,False
A0A4P7N501,,missing_pdb,False
A0A4P7N567,,missing_pdb,False
A0A4P7N595,,missing_pdb,False
A0A4P7N5A1,,missing_pdb,False
A0A4P7N5B3,,missing_pdb,False
A0A4P7N5F6,,missing_pdb,False
A0A4P7N5G0,,missing_pdb,False
A0A4P7N5H4,,missing_pdb,False
A0A4P7N5L0,,missing_pdb,False
A0A4P7N5L1,,missing_pdb,False
A0A4P7N5L8,,missing_pdb,False
A0A4P7N5P3,,missing_pdb,False
A0A4P7N5Q1,,missing_pdb,False
A0A4P7N5S1,,missing_pdb,False
A0A4P7N5S3,,missing_pdb,False
A0A4P7N5U5,,missing_pdb,False
A0A4P7N653,,missing_pdb,False
A0A4P7N666,,missing_pdb,False
A0A4P7N6I4,,missing_pdb,False
A0A4P7N6J6,,missing_pdb,False
A0A4P7N6K4,,missing_pdb,False
A0A4P7N6K6,,missing_pdb,False
A0A4P7N6N3,,missing_pdb,False
A0A4P7N6N6,,missing_pdb,False
A0A4P7N6P0,,missing_pdb,False
A0A4P7N6S3,,missing_pdb,False
A0A4P7N6T4,,missing_pdb,False
A0A4P7N6U5,,missing_pdb,False
A0A4P7N6X1,,missing_pdb,False
A0A4P7N6Y5,,missing_pdb,False
A0A4P7N713,,missing_pdb,False
A0A4P7N715,,missing_pdb,False
A0A4P7N754,,missing_pdb,False
A0A4P7N7E7,,missing_pdb,False
A0A4P7N7F5,,missing_pdb,False
A0A4P7N7L6,,missing_pdb,False
A0A4P7N7M7,,missing_pdb,False
A0A4P7N7N2,,missing_pdb,False
A0A4P7N7N8,,missing_pdb,False
A0A4P7N7P3,,missing_pdb,False
A0A4P7N7T5,,missing_pdb,False
A0A4P7N814,,missing_pdb,False
A0A4P7N835,,missing_pdb,False
A0A4P7N841,,missing_pdb,False
A0A4P7N888,,missing_pdb,False
A0A4P7N8C9,,missing_pdb,False
A0A4P7N8D2,,missing_pdb,False
A0A4P7N8D8,,missing_pdb,False
A0A4P7N8I5,,missing_pdb,False
A0A4P7N8J0,,missing_pdb,False
A0A4P7N8K6,,missing_pdb,False
A0A4P7N8M4,,missing_pdb,False
A0A4P7N8P9,,missing_pdb,False
A0A4P7N8R9,,missing_pdb,False
A0A4P7N8S5,,missing_pdb,False
A0A4P7N8T0,,missing_pdb,False
A0A4P7N8U8,,missing_pdb,False
A0A4P7N8W3,,missing_pdb,False
A0A4P7N8X0,,missing_pdb,False
A0A4P7N8X6,,missing_pdb,False
A0A4P7N8X7,,missing_pdb,False
A0A4P7N8X8,,missing_pdb,False
A0A4P7N901,,missing_pdb,False
A0A4P7N907,,missing_pdb,False
A0A4P7N979,,missing_pdb,False
A0A4P7N981,,missing_pdb,False
A0A4P7N999,,missing_pdb,False
A0A4P7N9D3,,missing_pdb,False
A0A4P7N9E0,,missing_pdb,False
A0A4P7N9F4,,missing_pdb,False
A0A4P7N9F5,,missing_pdb,False
A0A4P7N9F6,,missing_pdb,False
A0A4P7N9G3,,missing_pdb,False
A0A4P7N9G6,,missing_pdb,False
A0A4P7N9I9,,missing_pdb,False
A0A4P7N9L6,,missing_pdb,False
A0A4P7N9L7,,missing_pdb,False
A0A4P7N9P2,,missing_pdb,False
A0A4P7N9Q1,,missing_pdb,False
A0A4P7N9Q8,,missing_pdb,False
A0A4P7N9T6,,missing_pdb,False
A0A4P7N9W0,,missing_pdb,False
A0A4P7NA00,,missing_pdb,False
A0A4P7NA84,,missing_pdb,False
A0A4P7NAA5,,missing_pdb,False
A0A4P7NAA6,,missing_pdb,False
A0A4P7NAB8,,missing_pdb,False
A0A4P7NAC1,,missing_pdb,False
A0A4P7NAC4,,missing_pdb,False
A0A4P7NAC6,,missing_pdb,False
A0A4P7NAP1,,missing_pdb,False
A0A4P7NAP9,,missing_pdb,False
A0A4P7NAQ0,,missing_pdb,False
A0A4P7NAQ9,,missing_pdb,False
A0A4P7NAS4,,missing_pdb,False
A0A4P7NAY2,,missing_pdb,False
A0A4P7NB18,,missing_pdb,False
A0A4P7NB21,,missing_pdb,False
A0A4P7NB24,,missing_pdb,False
A0A4P7NB45,,missing_pdb,False
A0A4P7NB56,,missing_pdb,False
A0A4P7NB67,,missing_pdb,False
A0A4P7NBA3,,missing_pdb,False
A0A4P7NBA8,,missing_pdb,False
A0A4P7NBC8,,missing_pdb,False
A0A4P7NBC9,,missing_pdb,False
A0A4P7NBH5,,missing_pdb,False
A0A4P7NBK9,,missing_pdb,False
A0A4P7NBM7,,missing_pdb,False
A0A4P7NBN5,,missing_pdb,False
A0A4P7NBP1,,missing_pdb,False
A0A4P7NBQ8,,missing_pdb,False
A0A4P7NBR2,,missing_pdb,False
A0A4P7NBS6,,missing_pdb,False
A0A4P7NBV4,,missing_pdb,False
A0A4P7NBW3,,missing_pdb,False
A0A4P7NBW8,,missing_pdb,False
A0A4P7NBX3,,missing_pdb,False
A0A4P7NBZ3,,missing_pdb,False
A0A4P7NC48,,missing_pdb,False
A0A4P7NC57,,missing_pdb,False
A0A4P7NCC8,,missing_pdb,False
A0A4P7NCE3,,missing_pdb,False
A0A4P7NCG4,,missing_pdb,False
A0A4P7NCK6,,missing_pdb,False
A0A4P7NCL4,,missing_pdb,False
A0A4P7NCN7,,missing_pdb,False
A0A4P7NCS3,,missing_pdb,False
A0A4P7NCT3,,missing_pdb,False
A0A4P7NCT4,,missing_pdb,False
A0A4P7NCT6,,missing_pdb,False
A0A4P7ND53,,missing_pdb,False
A0A4P7ND72,,missing_pdb,False
A0A4P7ND87,,missing_pdb,False
A0A4P7ND92,,missing_pdb,False
A0A4P7ND96,,missing_pdb,False
A0A4P7NDA1,,missing_pdb,False
A0A4P7NDA2,,missing_pdb,False
A0A4P7NDA5,,missing_pdb,False
A0A4P7NDB2,,missing_pdb,False
A0A4P7NDH4,,missing_pdb,False
A0A4P7NDK3,,missing_pdb,False
A0A4P7NDM1,,missing_pdb,False
A0A4P7NDR7,,missing_pdb,False
A0A4P7NDS8,,missing_pdb,False
A0A4P7NDV6,,missing_pdb,False
A0A4P7NE34,,missing_pdb,False
A0A4P7NE50,,missing_pdb,False
A0A4P7NE59,,missing_pdb,False
A0A4P7NEJ6,,missing_pdb,False
A0A4P7NEM1,,missing_pdb,False
A0A4P7NEQ8,,missing_pdb,False
A0A4P7NER8,,missing_pdb,False
A0A4P7NEV1,,missing_pdb,False
A0A4P7NEY6,,missing_pdb,False
A0A4P7NEY9,,missing_pdb,False
A0A4P7NF05,,missing_pdb,False
A0A4P7NF06,,missing_pdb,False
A0A4P7NF41,,missing_pdb,False
A0A4P7NF57,,missing_pdb,False
A0A4P7NF67,,missing_pdb,False
A0A4P7NF93,,missing_pdb,False
A0A4P7NFD8,,missing_pdb,False
A0A4P7NFE3,,missing_pdb,False
A0A4P7NFE7,,missing_pdb,False
A0A4P7NFF6,,missing_pdb,False
A0A4P7NFG9,,missing_pdb,False
A0A4P7NFJ9,,missing_pdb,False
A0A4P7NFK1,,missing_pdb,False
A0A4P7NFM2,,missing_pdb,False
A0A4P7NFP2,,missing_pdb,False
A0A4P7NG18,,missing_pdb,False
A0A4P7NGA1,,missing_pdb,False
A0A4P7NGA4,,missing_pdb,False
A0A4P7NGB2,,missing_pdb,False
A0A4P7NGB5,,missing_pdb,False
A0A4P7NGC9,,missing_pdb,False
A0A4P7NGD8,,missing_pdb,False
A0A4P7NGF4,,missing_pdb,False
A0A4P7NGF8,,missing_pdb,False
A0A4P7NGI1,,missing_pdb,False
A0A4P7NGI2,,missing_pdb,False
A0A4P7NGQ3,,missing_pdb,False
A0A4P7NGR6,,missing_pdb,False
A0A4P7NGS2,,missing_pdb,False
A0A4P7NGT2,,missing_pdb,False
A0A4P7NGX1,,missing_pdb,False
A0A4P7NH28,,missing_pdb,False
A0A4P7NH46,,missing_pdb,False
A0A4P7NH70,,missing_pdb,False
A0A4P7NH78,,missing_pdb,False
A0A4P7NH82,,missing_pdb,False
A0A4P7NH86,,missing_pdb,False
A0A4P7NHB2,,missing_pdb,False
A0A4P7NHB3,,missing_pdb,False
A0A4P7NHC2,,missing_pdb,False
A0A4P7NHC6,,missing_pdb,False
A0A4P7NHE0,,missing_pdb,False
A0A4P7NHE5,,missing_pdb,False
A0A4P7NHF0,,missing_pdb,False
A0A4P7NHF1,,missing_pdb,False
A0A4P7NHF4,,missing_pdb,False
A0A4P7NHG7,,missing_pdb,False
A0A4P7NHI1,,missing_pdb,False
A0A4P7NHL8,,missing_pdb,False
A0A4P7NHM8,,missing_pdb,False
A0A4P7NHP9,,missing_pdb,False
A0A4P7NHQ2,,missing_pdb,False
A0A4P7NHR8,,missing_pdb,False
A0A4P7NHZ7,,missing_pdb,False
A0A4P7NIK6,,missing_pdb,False
A0A4P7NIN7,,missing_pdb,False
A0A4P7NJ23,,missing_pdb,False
A0A4P7NJ42,,missing_pdb,False
A0A4P7NJ69,,missing_pdb,False
A0A4P7NJ85,,missing_pdb,False
A0A4P7NJA5,,missing_pdb,False
A0A4P7NJA7,,missing_pdb,False
A0A4P7NJD9,,missing_pdb,False
A0A4P7NJE5,,missing_pdb,False
A0A4P7NJF8,,missing_pdb,False
A0A4P7NJH1,,missing_pdb,False
A0A4P7NJI6,,missing_pdb,False
A0A4P7NJQ8,,missing_pdb,False
A0A4P7NJQ9,,missing_pdb,False
A0A4P7NJR1,,missing_pdb,False
A0A4P7NJR2,,missing_pdb,False
A0A4P7NJU5,,missing_pdb,False
A0A4P7NK10,,missing_pdb,False
A0A4P7NK17,,missing_pdb,False
A0A4P7NK20,,missing_pdb,False
A0A4P7NK55,,missing_pdb,False
A0A4P7NK63,,missing_pdb,False
A0A4P7NK83,,missing_pdb,False
A0A4P7NKC1,,missing_pdb,False
A0A4P7NKD2,,missing_pdb,False
A0A4P7NKD9,,missing_pdb,False
A0A4P7NKE2,,missing_pdb,False
A0A4P7NKL2,,missing_pdb,False
A0A4P7NKL3,,missing_pdb,False
A0A4P7NKN4,,missing_pdb,False
A0A4P7NKS2,,missing_pdb,False
A0A4P7NKV0,,missing_pdb,False
A0A4P7NKW2,,missing_pdb,False
A0A4P7NKW9,,missing_pdb,False
A0A4P7NKY8,,missing_pdb,False
A0A4P7NKZ4,,missing_pdb,False
A0A4P7NL06,,missing_pdb,False
A0A4P7NL09,,missing_pdb,False
A0A4P7NL25,,missing_pdb,False
A0A4P7NL38,,missing_pdb,False
A0A4P7NL41,,missing_pdb,False
A0A4P7NL61,,missing_pdb,False
A0A4P7NLA1,,missing_pdb,False
A0A4P7NLA2,,missing_pdb,False
A0A4P7NLB0,,missing_pdb,False
A0A4P7NLB4,,missing_pdb,False
A0A4P7NLE7,,missing_pdb,False
A0A4P7NLH3,,missing_pdb,False
A0A4P7NLL9,,missing_pdb,False
A0A4P7NLN4,,missing_pdb,False
A0A4P7NLW2,,missing_pdb,False
A0A4P7NLX7,,missing_pdb,False
A0A4P7NLZ6,,missing_pdb,False
A0A4P7NM13,,missing_pdb,False
A0A4P7NM62,,missing_pdb,False
A0A4P7NM68,,missing_pdb,False
A0A4P7NM95,,missing_pdb,False
A0A4P7NMB3,,missing_pdb,False
A0A4P7NMD2,,missing_pdb,False
A0A4P7NMK1,,missing_pdb,False
A0A4P7NMN1,,missing_pdb,False
A0A4P7NMN5,,missing_pdb,False
A0A4P7NMP9,,missing_pdb,False
A0A4P7NMQ3,,missing_pdb,False
A0A4P7NMY4,,missing_pdb,False
A0A4P7NN29,,missing_pdb,False
A0A4P7NN30,,missing_pdb,False
A0A4P7NN89,,missing_pdb,False
A0A4P7NNB2,,missing_pdb,False
A0A4P7NNL8,,missing_pdb,False
A0A4P7NNQ6,,missing_pdb,False
A0A4P7NNU7,,missing_pdb,False
A0A4P7NNV5,,missing_pdb,False
A0A4P7NNV7,,missing_pdb,False
A0A4P7NNY4,,missing_pdb,False
A0A4P7NNZ8,,missing_pdb,False
A0A4P7NP13,,missing_pdb,False
A0A4P7NP67,,missing_pdb,False
A0A4P7NP98,,missing_pdb,False
A0A4P7NPK0,,missing_pdb,False
A0A4P7NPP4,,missing_pdb,False
A0A4P7NPR3,,missing_pdb,False
A0A4P7NPR8,,missing_pdb,False
A0A4P7NPS4,,missing_pdb,False
A0A4P7NPX1,,missing_pdb,False
A0A4P7NPX5,,missing_pdb,False
A0A4P7NPY6,,missing_pdb,False
A0A4P7NQ36,,missing_pdb,False
A0A4P7NQ60,,missing_pdb,False
A0A4P7NQ73,,missing_pdb,False
A0A4P7NQG0,,missing_pdb,False
A0A4P7NQM4,,missing_pdb,False
A0A4P7NQN7,,missing_pdb,False
A0A4P7NQQ1,,missing_pdb,False
A0A4P7NQS5,,missing_pdb,False
A0A4P7NQS6,,missing_pdb,False
A0A4P7NQT5,,missing_pdb,False
A0A4P7NQY1,,missing_pdb,False
A0A4P7NQY7,,missing_pdb,False
A0A4P7NQZ5,,missing_pdb,False
A0A4P7NR04,,missing_pdb,False
A0A4P7NR11,,missing_pdb,False
A0A4P7NR81,,missing_pdb,False
A0A4P7NR93,,missing_pdb,False
A0A4P7NRA0,,missing_pdb,False
A0A4P7NRA3,,missing_pdb,False
A0A4P7NRA4,,missing_pdb,False
A0A4P7NRG7,,missing_pdb,False
A0A4P7NRM7,,missing_pdb,False
A0A4P7NRN8,,missing_pdb,False
A0A4P7NRQ1,,missing_pdb,False
A0A4P7NRT5,,missing_pdb,False
A0A4P7NS25,,missing_pdb,False
A0A4P7NS51,,missing_pdb,False
A0A4P7NS60,,missing_pdb,False
A0A4P7NS77,,missing_pdb,False
A0A4P7NSB4,,missing_pdb,False
A0A4P7NSH4,,missing_pdb,False
A0A4P7NSM0,,missing_pdb,False
A0A4P7NSY6,,missing_pdb,False
A0A4P7NT59,,missing_pdb,False
A0A4P7NT91,,missing_pdb,False
A0A4P7NTB2,,missing_pdb,False
A0A4P7NTD6,,missing_pdb,False
A0A4P7NTH1,,missing_pdb,False
A0A4P7NTH9,,missing_pdb,False
A0A4P7NTQ2,,missing_pdb,False
A0A4P7NTQ9,,missing_pdb,False
A0A4P7NTR9,,missing_pdb,False
A0A4P7NTV6,,missing_pdb,False
A0A4P7NTZ1,,missing_pdb,False
A0A4P7NU03,,missing_pdb,False
A0A4P7NU28,,missing_pdb,False
A0A4P7NU40,,missing_pdb,False
A0A4P7NU50,,missing_pdb,False
A0A4P7NU96,,missing_pdb,False
A0A4P7NU97,,missing_pdb,False
A0A4P7NUB0,,missing_pdb,False
A0A4P7NUC6,,missing_pdb,False
A0A4P7NUD3,,missing_pdb,False
A0A4P7NUE2,,missing_pdb,False
A0A4P7NUE4,,missing_pdb,False
A0A4P7NUF1,,missing_pdb,False
A0A4P7NUH1,,missing_pdb,False
A0A4P7NUH5,,missing_pdb,False
A0A4P7NUJ7,,missing_pdb,False
A0A4P7NUS3,,missing_pdb,False
A0A4P7NUS9,,missing_pdb,False
A0A4P7NUZ6,,missing_pdb,False
A0A4P7NVC5,,missing_pdb,False
A0A4P7NVD4,,missing_pdb,False
A0A4P7NVX0,,missing_pdb,False
A0A4P7NW71,,missing_pdb,False
A0A4S4CVE7,,missing_pdb,False
A0A4S4CVF3,,missing_pdb,False
A0A4S4CVH0,,missing_pdb,False
A0A4S4CVJ1,,missing_pdb,False
A0A4S4CVT2,,missing_pdb,False
A0A4S4CVZ9,,missing_pdb,False
A0A4S4CW25,,missing_pdb,False
A0A4S4CW75,,missing_pdb,False
A0A4S4CWA2,,missing_pdb,False
A0A4S4CWA3,,missing_pdb,False
A0A4S4CWF8,,missing_pdb,False
A0A4S4CWJ5,,missing_pdb,False
A0A4S4CWR9,,missing_pdb,False
A0A4S4CWV3,,missing_pdb,False
A0A4S4CWY1,,missing_pdb,False
A0A4S4CX83,,missing_pdb,False
A0A4S4CXD8,,missing_pdb,False
A0A4S4CXR2,,missing_pdb,False
A0A4S4CXT5,,missing_pdb,False
A0A4S4CXT6,,missing_pdb,False
A0A4S4CXT8,,missing_pdb,False
A0A4S4CXW8,,missing_pdb,False
A0A4S4CXY7,,missing_pdb,False
A0A4S4CY02,,missing_pdb,False
A0A4S4CY30,,missing_pdb,False
A0A4S4CY60,,missing_pdb,False
A0A4S4CYD7,,missing_pdb,False
A0A4S4CYG7,,missing_pdb,False
A0A4S4CYI1,,missing_pdb,False
A0A4S4CYI8,,missing_pdb,False
A0A4S4CYJ7,,missing_pdb,False
A0A4S4CYM2,,missing_pdb,False
A0A4S4CYQ1,,missing_pdb,False
A0A4S4CYV8,,missing_pdb,False
A0A4S4CYX9,,missing_pdb,False
A0A4S4CYY0,,missing_pdb,False
A0A4S4CZ23,,missing_pdb,False
A0A4S4CZ38,,missing_pdb,False
A0A4S4CZ43,,missing_pdb,False
A0A4S4CZ71,,missing_pdb,False
A0A4S4CZ91,,missing_pdb,False
A0A4S4CZA1,,missing_pdb,False
A0A4S4CZD4,,missing_pdb,False
A0A4S4CZD6,,missing_pdb,False
A0A4S4CZG7,,missing_pdb,False
A0A4S4CZH9,,missing_pdb,False
A0A4S4CZJ7,,missing_pdb,False
A0A4S4CZJ8,,missing_pdb,False
A0A4S4CZQ6,,missing_pdb,False
A0A4S4CZR7,,missing_pdb,False
A0A4S4CZS7,,missing_pdb,False
A0A4S4CZT5,,missing_pdb,False
A0A4S4CZV9,,missing_pdb,False
A0A4S4CZW7,,missing_pdb,False
A0A4S4D022,,missing_pdb,False
A0A4S4D038,,missing_pdb,False
A0A4S4D041,,missing_pdb,False
A0A4S4D049,,missing_pdb,False
A0A4S4D062,,missing_pdb,False
A0A4S4D071,,missing_pdb,False
A0A4S4D081,,missing_pdb,False
A0A4S4D090,,missing_pdb,False
A0A4S4D0B2,,missing_pdb,False
A0A4S4D0C4,,missing_pdb,False
A0A4S4D0C6,,missing_pdb,False
A0A4S4D0D1,,missing_pdb,False
A0A4S4D0D2,,missing_pdb,False
A0A4S4D0F6,,missing_pdb,False
A0A4S4D0J1,,missing_pdb,False
A0A4S4D0L3,,missing_pdb,False
A0A4S4D0M3,,missing_pdb,False
A0A4S4D0P4,,missing_pdb,False
A0A4S4D0S9,,missing_pdb,False
A0A4S4D0V8,,missing_pdb,False
A0A4S4D0V9,,missing_pdb,False
A0A4S4D0Y3,,missing_pdb,False
A0A4S4D0Z2,,missing_pdb,False
A0A4S4D0Z3,,missing_pdb,False
A0A4S4D0Z7,,missing_pdb,False
A0A4S4D125,,missing_pdb,False
A0A4S4D136,,missing_pdb,False
A0A4S4D140,,missing_pdb,False
A0A4S4D152,,missing_pdb,False
A0A4S4D160,,missing_pdb,False
A0A4S4D1B4,,missing_pdb,False
A0A4S4D1E7,,missing_pdb,False
A0A4S4D1J3,,missing_pdb,False
A0A4S4D1L5,,missing_pdb,False
A0A4S4D1S9,,missing_pdb,False
A0A4S4D1X1,,missing_pdb,False
A0A4S4D1Z2,,missing_pdb,False
A0A4S4D1Z5,,missing_pdb,False
A0A4S4D214,,missing_pdb,False
A0A4S4D239,,missing_pdb,False
A0A4S4D258,,missing_pdb,False
A0A4S4D284,,missing_pdb,False
A0A4S4D2B1,,missing_pdb,False
A0A4S4D2H9,,missing_pdb,False
A0A4S4D2N8,,missing_pdb,False
A0A4S4D2P1,,missing_pdb,False
A0A4S4D2P9,,missing_pdb,False
A0A4S4D324,,missing_pdb,False
A0A4S4D327,,missing_pdb,False
A0A4S4D342,,missing_pdb,False
A0A4S4D358,,missing_pdb,False
A0A4S4D3A7,,missing_pdb,False
A0A4S4D3F3,,missing_pdb,False
A0A4S4D3G4,,missing_pdb,False
A0A4S4D3H7,,missing_pdb,False
A0A4S4D3L0,,missing_pdb,False
A0A4S4D3Q3,,missing_pdb,False
A0A4S4D3V4,,missing_pdb,False
A0A4S4D3W4,,missing_pdb,False
A0A4S4D415,,missing_pdb,False
A0A4S4D435,,missing_pdb,False
A0A4S4D471,,missing_pdb,False
A0A4S4D486,,missing_pdb,False
A0A4S4D488,,missing_pdb,False
A0A4S4D4C2,,missing_pdb,False
A0A4S4D4E7,,missing_pdb,False
A0A4S4D4F1,,missing_pdb,False
A0A4S4D4G9,,missing_pdb,False
A0A4S4D4H7,,missing_pdb,False
A0A4S4D4N7,,missing_pdb,False
A0A4S4D4N8,,missing_pdb,False
A0A4S4D4P3,,missing_pdb,False
A0A4S4D4P5,,missing_pdb,False
A0A4S4D4R1,,missing_pdb,False
A0A4S4D4U1,,missing_pdb,False
A0A4S4D4X7,,missing_pdb,False
A0A4S4D4X9,,missing_pdb,False
A0A4S4D4Y6,,missing_pdb,False
A0A4S4D507,,missing_pdb,False
A0A4S4D544,,missing_pdb,False
A0A4S4D546,,missing_pdb,False
A0A4S4D552,,missing_pdb,False
A0A4S4D575,,missing_pdb,False
A0A4S4D599,,missing_pdb,False
A0A4S4D5G8,,missing_pdb,False
A0A4S4D5K8,,missing_pdb,False
A0A4S4D5P4,,missing_pdb,False
A0A4S4D5P9,,missing_pdb,False
A0A4S4D5S4,,missing_pdb,False
A0A4S4D5Y1,,missing_pdb,False
A0A4S4D5Y2,,missing_pdb,False
A0A4S4D615,,missing_pdb,False
A0A4S4D616,,missing_pdb,False
A0A4S4D617,,missing_pdb,False
A0A4S4D628,,missing_pdb,False
A0A4S4D633,,missing_pdb,False
A0A4S4D659,,missing_pdb,False
A0A4S4D677,,missing_pdb,False
A0A4S4D6A2,,missing_pdb,False
A0A4S4D6A5,,missing_pdb,False
A0A4S4D6C3,,missing_pdb,False
A0A4S4D6D8,,missing_pdb,False
A0A4S4D6G0,,missing_pdb,False
A0A4S4D6G4,,missing_pdb,False
A0A4S4D6K0,,missing_pdb,False
A0A4S4D6K7,,missing_pdb,False
A0A4S4D6N2,,missing_pdb,False
A0A4S4D6P0,,missing_pdb,False
A0A4S4D6S3,,missing_pdb,False
A0A4S4D6T7,,missing_pdb,False
A0A4S4D702,,missing_pdb,False
A0A4S4D706,,missing_pdb,False
A0A4S4D709,,missing_pdb,False
A0A4S4D710,,missing_pdb,False
A0A4S4D713,,missing_pdb,False
A0A4S4D722,,missing_pdb,False
A0A4S4D782,,missing_pdb,False
A0A4S4D784,,missing_pdb,False
A0A4S4D789,,missing_pdb,False
A0A4S4D796,,missing_pdb,False
A0A4S4D7B2,,missing_pdb,False
A0A4S4D7B4,,missing_pdb,False
A0A4S4D7I8,,missing_pdb,False
A0A4S4D7N4,,missing_pdb,False
A0A4S4D7S8,,missing_pdb,False
A0A4S4D7V9,,missing_pdb,False
A0A4S4D7W6,,missing_pdb,False
A0A4S4D7Y1,,missing_pdb,False
A0A4S4D816,,missing_pdb,False
A0A4S4D824,,missing_pdb,False
A0A4S4D850,,missing_pdb,False
A0A4S4D880,,missing_pdb,False
A0A4S4D8A8,,missing_pdb,False
A0A4S4D8B1,,missing_pdb,False
A0A4S4D8B3,,missing_pdb,False
A0A4S4D8D7,,missing_pdb,False
A0A4S4D8M3,,missing_pdb,False
A0A4S4D8P2,,missing_pdb,False
A0A4S4D8V5,,missing_pdb,False
A0A4S4D8Z5,,missing_pdb,False
A0A4S4D8Z8,,missing_pdb,False
A0A4S4D969,,missing_pdb,False
A0A4S4D972,,missing_pdb,False
A0A4S4D990,,missing_pdb,False
A0A4S4D999,,missing_pdb,False
A0A4S4D9A5,,missing_pdb,False
A0A4S4D9F2,,missing_pdb,False
A0A4S4D9M3,,missing_pdb,False
A0A4S4D9R6,,missing_pdb,False
A0A4S4D9R9,,missing_pdb,False
A0A4S4D9T6,,missing_pdb,False
A0A4S4D9Y5,,missing_pdb,False
A0A4S4D9Y7,,missing_pdb,False
A0A4S4D9Y9,,missing_pdb,False
A0A4S4DA02,,missing_pdb,False
A0A4S4DA39,,missing_pdb,False
A0A4S4DA74,,missing_pdb,False
A0A4S4DA98,,missing_pdb,False
A0A4S4DAA6,,missing_pdb,False
A0A4S4DAF3,,missing_pdb,False
A0A4S4DAH2,,missing_pdb,False
A0A4S4DAJ6,,missing_pdb,False
A0A4S4DAL5,,missing_pdb,False
A0A4S4DAS5,,missing_pdb,False
A0A4S4DAT5,,missing_pdb,False
A0A4S4DAU7,,missing_pdb,False
A0A4S4DAY2,,missing_pdb,False
A0A4S4DAY7,,missing_pdb,False
A0A4S4DAZ0,,missing_pdb,False
A0A4S4DAZ5,,missing_pdb,False
A0A4S4DB22,,missing_pdb,False
A0A4S4DB69,,missing_pdb,False
A0A4S4DB72,,missing_pdb,False
A0A4S4DB94,,missing_pdb,False
A0A4S4DBC7,,missing_pdb,False
A0A4S4DBH5,,missing_pdb,False
A0A4S4DBH7,,missing_pdb,False
A0A4S4DBL4,,missing_pdb,False
A0A4S4DBN3,,missing_pdb,False
A0A4S4DBP7,,missing_pdb,False
A0A4S4DBP9,,missing_pdb,False
A0A4S4DBS0,,missing_pdb,False
A0A4S4DBV2,,missing_pdb,False
A0A4S4DBX2,,missing_pdb,False
A0A4S4DC12,,missing_pdb,False
A0A4S4DC13,,missing_pdb,False
A0A4S4DC31,,missing_pdb,False
A0A4S4DC46,,missing_pdb,False
A0A4S4DC65,,missing_pdb,False
A0A4S4DC94,,missing_pdb,False
A0A4S4DCF0,,missing_pdb,False
A0A4S4DCF6,,missing_pdb,False
A0A4S4DCI4,,missing_pdb,False
A0A4S4DCJ2,,missing_pdb,False
A0A4S4DCL2,,missing_pdb,False
A0A4S4DCL7,,missing_pdb,False
A0A4S4DCL8,,missing_pdb,False
A0A4S4DCP9,,missing_pdb,False
A0A4S4DCQ2,,missing_pdb,False
A0A4S4DCT3,,missing_pdb,False
A0A4S4DCT9,,missing_pdb,False
A0A4S4DCX7,,missing_pdb,False
A0A4S4DCZ9,,missing_pdb,False
A0A4S4DD15,,missing_pdb,False
A0A4S4DD59,,missing_pdb,False
A0A4S4DD75,,missing_pdb,False
A0A4S4DD92,,missing_pdb,False
A0A4S4DD93,,missing_pdb,False
A0A4S4DD95,,missing_pdb,False
A0A4S4DDA5,,missing_pdb,False
A0A4S4DDC5,,missing_pdb,False
A0A4S4DDC6,,missing_pdb,False
A0A4S4DDD6,,missing_pdb,False
A0A4S4DDD7,,missing_pdb,False
A0A4S4DDF1,,missing_pdb,False
A0A4S4DDH4,,missing_pdb,False
A0A4S4DDH5,,missing_pdb,False
A0A4S4DDH7,,missing_pdb,False
A0A4S4DDH9,,missing_pdb,False
A0A4S4DDI5,,missing_pdb,False
A0A4S4DDJ7,,missing_pdb,False
A0A4S4DDJ9,,missing_pdb,False
A0A4S4DDT2,,missing_pdb,False
A0A4S4DDU4,,missing_pdb,False
A0A4S4DDW8,,missing_pdb,False
A0A4S4DDY4,,missing_pdb,False
A0A4S4DDZ8,,missing_pdb,False
A0A4S4DE24,,missing_pdb,False
A0A4S4DE56,,missing_pdb,False
A0A4S4DE87,,missing_pdb,False
A0A4S4DEB7,,missing_pdb,False
A0A4S4DEB8,,missing_pdb,False
A0A4S4DEC9,,missing_pdb,False
A0A4S4DEH9,,missing_pdb,False
A0A4S4DEI3,,missing_pdb,False
A0A4S4DEJ6,,missing_pdb,False
A0A4S4DEN7,,missing_pdb,False
A0A4S4DEQ8,,missing_pdb,False
A0A4S4DEZ0,,missing_pdb,False
A0A4S4DEZ5,,missing_pdb,False
A0A4S4DF72,,missing_pdb,False
A0A4S4DF73,,missing_pdb,False
A0A4S4DF79,,missing_pdb,False
A0A4S4DF92,,missing_pdb,False
A0A4S4DFA9,,missing_pdb,False
A0A4S4DFC6,,missing_pdb,False
A0A4S4DFC9,,missing_pdb,False
A0A4S4DFD3,,missing_pdb,False
A0A4S4DFE2,,missing_pdb,False
A0A4S4DFG7,,missing_pdb,False
A0A4S4DFJ5,,missing_pdb,False
A0A4S4DFL2,,missing_pdb,False
A0A4S4DFN2,,missing_pdb,False
A0A4S4DFN4,,missing_pdb,False
A0A4S4DFQ4,,missing_pdb,False
A0A4S4DFU6,,missing_pdb,False
A0A4S4DFY7,,missing_pdb,False
A0A4S4DG04,,missing_pdb,False
A0A4S4DG20,,missing_pdb,False
A0A4S4DG24,,missing_pdb,False
A0A4S4DG26,,missing_pdb,False
A0A4S4DG67,,missing_pdb,False
A0A4S4DG72,,missing_pdb,False
A0A4S4DG87,,missing_pdb,False
A0A4S4DGB4,,missing_pdb,False
A0A4S4DGG7,,missing_pdb,False
A0A4S4DGJ0,,missing_pdb,False
A0A4S4DGL0,,missing_pdb,False
A0A4S4DGM7,,missing_pdb,False
A0A4S4DGP4,,missing_pdb,False
A0A4S4DGS5,,missing_pdb,False
A0A4S4DGU8,,missing_pdb,False
A0A4S4DGZ3,,missing_pdb,False
A0A4S4DH24,,missing_pdb,False
A0A4S4DH26,,missing_pdb,False
A0A4S4DH35,,missing_pdb,False
A0A4S4DH88,,missing_pdb,False
A0A4S4DHC7,,missing_pdb,False
A0A4S4DHF3,,missing_pdb,False
A0A4S4DHG7,,missing_pdb,False
A0A4S4DHH6,,missing_pdb,False
A0A4S4DHJ1,,missing_pdb,False
A0A4S4DHK2,,missing_pdb,False
A0A4S4DHK4,,missing_pdb,False
A0A4S4DHK7,,missing_pdb,False
A0A4S4DHW8,,missing_pdb,False
A0A4S4DHY3,,missing_pdb,False
A0A4S4DHZ9,,missing_pdb,False
A0A4S4DI05,,missing_pdb,False
A0A4S4DI28,,missing_pdb,False
A0A4S4DI45,,missing_pdb,False
A0A4S4DI47,,missing_pdb,False
A0A4S4DI51,,missing_pdb,False
A0A4S4DI90,,missing_pdb,False
A0A4S4DIA8,,missing_pdb,False
A0A4S4DIC5,,missing_pdb,False
A0A4S4DIF2,,missing_pdb,False
A0A4S4DIF8,,missing_pdb,False
A0A4S4DIL8,,missing_pdb,False
A0A4S4DIM7,,missing_pdb,False
A0A4S4DIN2,,missing_pdb,False
A0A4S4DIN6,,missing_pdb,False
A0A4S4DIS7,,missing_pdb,False
A0A4S4DIT3,,missing_pdb,False
A0A4S4DIW3,,missing_pdb,False
A0A4S4DIW6,,missing_pdb,False
A0A4S4DIX2,,missing_pdb,False
A0A4S4DJ15,,missing_pdb,False
A0A4S4DJ59,,missing_pdb,False
A0A4S4DJ84,,missing_pdb,False
A0A4S4DJA7,,missing_pdb,False
A0A4S4DJA9,,missing_pdb,False
A0A4S4DJB3,,missing_pdb,False
A0A4S4DJB8,,missing_pdb,False
A0A4S4DJE3,,missing_pdb,False
A0A4S4DJF2,,missing_pdb,False
A0A4S4DJF3,,missing_pdb,False
A0A4S4DJI4,,missing_pdb,False
A0A4S4DJK3,,missing_pdb,False
A0A4S4DJK4,,missing_pdb,False
A0A4S4DJS4,,missing_pdb,False
A0A4S4DJS8,,missing_pdb,False
A0A4S4DJU3,,missing_pdb,False
A0A4S4DJU8,,missing_pdb,False
A0A4S4DJV1,,missing_pdb,False
A0A4S4DK01,,missing_pdb,False
A0A4S4DK49,,missing_pdb,False
A0A4S4DK56,,missing_pdb,False
A0A4S4DK72,,missing_pdb,False
A0A4S4DK83,,missing_pdb,False
A0A4S4DKC9,,missing_pdb,False
A0A4S4DKF6,,missing_pdb,False
A0A4S4DKI3,,missing_pdb,False
A0A4S4DKK5,,missing_pdb,False
A0A4S4DKL0,,missing_pdb,False
A0A4S4DKN9,,missing_pdb,False
A0A4S4DKR5,,missing_pdb,False
A0A4S4DKU3,,missing_pdb,False
A0A4S4DKX4,,missing_pdb,False
A0A4S4DKX8,,missing_pdb,False
A0A4S4DKY3,,missing_pdb,False
A0A4S4DKY4,,missing_pdb,False
A0A4S4DKZ9,,missing_pdb,False
A0A4S4DL26,,missing_pdb,False
A0A4S4DL51,,missing_pdb,False
A0A4S4DL65,,missing_pdb,False
A0A4S4DLA0,,missing_pdb,False
A0A4S4DLF1,,missing_pdb,False
A0A4S4DLG1,,missing_pdb,False
A0A4S4DLG5,,missing_pdb,False
A0A4S4DLQ4,,missing_pdb,False
A0A4S4DLY2,,missing_pdb,False
A0A4S4DLY8,,missing_pdb,False
A0A4S4DM30,,missing_pdb,False
A0A4S4DM57,,missing_pdb,False
A0A4S4DM67,,missing_pdb,False
A0A4S4DM77,,missing_pdb,False
A0A4S4DM84,,missing_pdb,False
A0A4S4DMA1,,missing_pdb,False
A0A4S4DMA5,,missing_pdb,False
A0A4S4DMB1,,missing_pdb,False
A0A4S4DMB4,,missing_pdb,False
A0A4S4DMI1,,missing_pdb,False
A0A4S4DMQ1,,missing_pdb,False
A0A4S4DMR9,,missing_pdb,False
A0A4S4DMS2,,missing_pdb,False
A0A4S4DMT4,,missing_pdb,False
A0A4S4DMV2,,missing_pdb,False
A0A4S4DMV8,,missing_pdb,False
A0A4S4DMW8,,missing_pdb,False
A0A4S4DMY5,,missing_pdb,False
A0A4S4DMZ9,,missing_pdb,False
A0A4S4DN27,,missing_pdb,False
A0A4S4DN35,,missing_pdb,False
A0A4S4DN59,,missing_pdb,False
A0A4S4DN69,,missing_pdb,False
A0A4S4DN75,,missing_pdb,False
A0A4S4DNB8,,missing_pdb,False
A0A4S4DNC2,,missing_pdb,False
A0A4S4DNF3,,missing_pdb,False
A0A4S4DNF8,,missing_pdb,False
A0A4S4DNJ6,,missing_pdb,False
A0A4S4DNL9,,missing_pdb,False
A0A4S4DNW7,,missing_pdb,False
A0A4S4DNY0,,missing_pdb,False
A0A4S4DNY7,,missing_pdb,False
A0A4S4DNZ2,,missing_pdb,False
A0A4S4DNZ9,,missing_pdb,False
A0A4S4DP07,,missing_pdb,False
A0A4S4DP32,,missing_pdb,False
A0A4S4DP38,,missing_pdb,False
A0A4S4DP52,,missing_pdb,False
A0A4S4DPC5,,missing_pdb,False
A0A4S4DPD2,,missing_pdb,False
A0A4S4DPE8,,missing_pdb,False
A0A4S4DPF7,,missing_pdb,False
A0A4S4DPI8,,missing_pdb,False
A0A4S4DPM1,,missing_pdb,False
A0A4S4DPR6,,missing_pdb,False
A0A4S4DPR9,,missing_pdb,False
A0A4S4DPT6,,missing_pdb,False
A0A4S4DPV9,,missing_pdb,False
A0A4S4DPZ3,,missing_pdb,False
A0A4S4DQ31,,missing_pdb,False
A0A4S4DQ49,,missing_pdb,False
A0A4S4DQ62,,missing_pdb,False
A0A4S4DQ74,,missing_pdb,False
A0A4S4DQ76,,missing_pdb,False
A0A4S4DQA0,,missing_pdb,False
A0A4S4DQC1,,missing_pdb,False
A0A4S4DQD0,,missing_pdb,False
A0A4S4DQD2,,missing_pdb,False
A0A4S4DQE6,,missing_pdb,False
A0A4S4DQF7,,missing_pdb,False
A0A4S4DQG5,,missing_pdb,False
A0A4S4DQI5,,missing_pdb,False
A0A4S4DQI9,,missing_pdb,False
A0A4S4DQJ1,,missing_pdb,False
A0A4S4DQS1,,missing_pdb,False
A0A4S4DQW0,,missing_pdb,False
A0A4S4DQW5,,missing_pdb,False
A0A4S4DR22,,missing_pdb,False
A0A4S4DR40,,missing_pdb,False
A0A4S4DR41,,missing_pdb,False
A0A4S4DR64,,missing_pdb,False
A0A4S4DR78,,missing_pdb,False
A0A4S4DR79,,missing_pdb,False
A0A4S4DRB2,,missing_pdb,False
A0A4S4DRC9,,missing_pdb,False
A0A4S4DRH2,,missing_pdb,False
A0A4S4DRH5,,missing_pdb,False
A0A4S4DRK6,,missing_pdb,False
A0A4S4DRL4,,missing_pdb,False
A0A4S4DRN6,,missing_pdb,False
A0A4S4DRQ2,,missing_pdb,False
A0A4S4DRV5,,missing_pdb,False
A0A4S4DRY0,,missing_pdb,False
A0A4S4DRZ1,,missing_pdb,False
A0A4S4DS13,,missing_pdb,False
A0A4S4DS26,,missing_pdb,False
A0A4S4DS75,,missing_pdb,False
A0A4S4DSB1,,missing_pdb,False
A0A4S4DSC8,,missing_pdb,False
A0A4S4DSE8,,missing_pdb,False
A0A4S4DSH7,,missing_pdb,False
A0A4S4DSL3,,missing_pdb,False
A0A4S4DSP2,,missing_pdb,False
A0A4S4DSP4,,missing_pdb,False
A0A4S4DSS7,,missing_pdb,False
A0A4S4DSV6,,missing_pdb,False
A0A4S4DSV7,,missing_pdb,False
A0A4S4DSY2,,missing_pdb,False
A0A4S4DT06,,missing_pdb,False
A0A4S4DT35,,missing_pdb,False
A0A4S4DT72,,missing_pdb,False
A0A4S4DT79,,missing_pdb,False
A0A4S4DTA9,,missing_pdb,False
A0A4S4DTB6,,missing_pdb,False
A0A4S4DTC0,,missing_pdb,False
A0A4S4DTH1,,missing_pdb,False
A0A4S4DTH5,,missing_pdb,False
A0A4S4DTI8,,missing_pdb,False
A0A4S4DTQ7,,missing_pdb,False
A0A4S4DTW8,,missing_pdb,False
A0A4S4DTX0,,missing_pdb,False
A0A4S4DTZ0,,missing_pdb,False
A0A4S4DTZ8,,missing_pdb,False
A0A4S4DU28,,missing_pdb,False
A0A4S4DU32,,missing_pdb,False
A0A4S4DUA9,,missing_pdb,False
A0A4S4DUB5,,missing_pdb,False
A0A4S4DUB9,,missing_pdb,False
A0A4S4DUE6,,missing_pdb,False
A0A4S4DUI5,,missing_pdb,False
A0A4S4DUJ0,,missing_pdb,False
A0A4S4DUJ5,,missing_pdb,False
A0A4S4DUP3,,missing_pdb,False
A0A4S4DUT7,,missing_pdb,False
A0A4S4DUU7,,missing_pdb,False
A0A4S4DUV7,,missing_pdb,False
A0A4S4DUV9,,missing_pdb,False
A0A4S4DUX0,,missing_pdb,False
A0A4S4DUZ7,,missing_pdb,False
A0A4S4DV23,,missing_pdb,False
A0A4S4DV36,,missing_pdb,False
A0A4S4DV81,,missing_pdb,False
A0A4S4DVC4,,missing_pdb,False
A0A4S4DVF9,,missing_pdb,False
A0A4S4DVG3,,missing_pdb,False
A0A4S4DVH1,,missing_pdb,False
A0A4S4DVI1,,missing_pdb,False
A0A4S4DVJ9,,missing_pdb,False
A0A4S4DVM9,,missing_pdb,False
A0A4S4DVP4,,missing_pdb,False
A0A4S4DVQ2,,missing_pdb,False
A0A4S4DVW4,,missing_pdb,False
A0A4S4DW45,,missing_pdb,False
A0A4S4DW49,,missing_pdb,False
A0A4S4DW50,,missing_pdb,False
A0A4S4DW99,,missing_pdb,False
A0A4S4DWC4,,missing_pdb,False
A0A4S4DWF3,,missing_pdb,False
A0A4S4DWF6,,missing_pdb,False
A0A4S4DWH4,,missing_pdb,False
A0A4S4DWI0,,missing_pdb,False
A0A4S4DWI4,,missing_pdb,False
A0A4S4DWJ3,,missing_pdb,False
A0A4S4DWL4,,missing_pdb,False
A0A4S4DWM1,,missing_pdb,False
A0A4S4DWP1,,missing_pdb,False
A0A4S4DWR5,,missing_pdb,False
A0A4S4DWS3,,missing_pdb,False
A0A4S4DWY2,,missing_pdb,False
A0A4S4DX04,,missing_pdb,False
A0A4S4DX15,,missing_pdb,False
A0A4S4DX48,,missing_pdb,False
A0A4S4DX58,,missing_pdb,False
A0A4S4DX74,,missing_pdb,False
A0A4S4DXF1,,missing_pdb,False
A0A4S4DXK3,,missing_pdb,False
A0A4S4DXK7,,missing_pdb,False
A0A4S4DXN9,,missing_pdb,False
A0A4S4DXQ5,,missing_pdb,False
A0A4S4DXQ8,,missing_pdb,False
A0A4S4DXR4,,missing_pdb,False
A0A4S4DXX5,,missing_pdb,False
A0A4S4DXY0,,missing_pdb,False
A0A4S4DXZ1,,missing_pdb,False
A0A4S4DY18,,missing_pdb,False
A0A4S4DY26,,missing_pdb,False
A0A4S4DY31,,missing_pdb,False
A0A4S4DY36,,missing_pdb,False
A0A4S4DY44,,missing_pdb,False
A0A4S4DY54,,missing_pdb,False
A0A4S4DY59,,missing_pdb,False
A0A4S4DY81,,missing_pdb,False
A0A4S4DY91,,missing_pdb,False
A0A4S4DYA9,,missing_pdb,False
A0A4S4DYB6,,missing_pdb,False
A0A4S4DYC0,,missing_pdb,False
A0A4S4DYD1,,missing_pdb,False
A0A4S4DYH0,,missing_pdb,False
A0A4S4DYI0,,missing_pdb,False
A0A4S4DYL0,,missing_pdb,False
A0A4S4DYL6,,missing_pdb,False
A0A4S4DYP3,,missing_pdb,False
A0A4S4DYT3,,missing_pdb,False
A0A4S4DYT8,,missing_pdb,False
A0A4S4DYU7,,missing_pdb,False
A0A4S4DYX2,,missing_pdb,False
A0A4S4DYY4,,missing_pdb,False
A0A4S4DYY9,,missing_pdb,False
A0A4S4DZ15,,missing_pdb,False
A0A4S4DZ68,,missing_pdb,False
A0A4S4DZH6,,missing_pdb,False
A0A4S4DZI4,,missing_pdb,False
A0A4S4DZN5,,missing_pdb,False
A0A4S4DZP0,,missing_pdb,False
A0A4S4DZP5,,missing_pdb,False
A0A4S4DZQ8,,missing_pdb,False
A0A4S4DZS8,,missing_pdb,False
A0A4S4E021,,missing_pdb,False
A0A4S4E023,,missing_pdb,False
A0A4S4E084,,missing_pdb,False
A0A4S4E096,,missing_pdb,False
A0A4S4E0B0,,missing_pdb,False
A0A4S4E0B5,,missing_pdb,False
A0A4S4E0C9,,missing_pdb,False
A0A4S4E0D8,,missing_pdb,False
A0A4S4E0F7,,missing_pdb,False
A0A4S4E0H2,,missing_pdb,False
A0A4S4E0H7,,missing_pdb,False
A0A4S4E0L2,,missing_pdb,False
A0A4S4E0N0,,missing_pdb,False
A0A4S4E0Q4,,missing_pdb,False
A0A4S4E0R6,,missing_pdb,False
A0A4S4E0X3,,missing_pdb,False
A0A4S4E139,,missing_pdb,False
A0A4S4E153,,missing_pdb,False
A0A4S4E1F1,,missing_pdb,False
A0A4S4E1H6,,missing_pdb,False
A0A4S4E1I7,,missing_pdb,False
A0A4S4E1Q5,,missing_pdb,False
A0A4S4E1T8,,missing_pdb,False
A0A4S4E1W0,,missing_pdb,False
A0A4S4E1W9,,missing_pdb,False
A0A4S4E1Z6,,missing_pdb,False
A0A4S4E223,,missing_pdb,False
A0A4S4E234,,missing_pdb,False
A0A4S4E237,,missing_pdb,False
A0A4S4E294,,missing_pdb,False
A0A4S4E296,,missing_pdb,False
A0A4S4E2C5,,missing_pdb,False
A0A4S4E2C8,,missing_pdb,False
A0A4S4E2F6,,missing_pdb,False
A0A4S4E2H7,,missing_pdb,False
A0A4S4E2N2,,missing_pdb,False
A0A4S4E2R3,,missing_pdb,False
A0A4S4E2U1,,missing_pdb,False
A0A4S4E2W6,,missing_pdb,False
A0A4S4E324,,missing_pdb,False
A0A4S4E356,,missing_pdb,False
A0A4S4E379,,missing_pdb,False
A0A4S4E3B8,,missing_pdb,False
A0A4S4E3G6,,missing_pdb,False
A0A4S4E3I0,,missing_pdb,False
A0A4S4E3I9,,missing_pdb,False
A0A4S4E3K9,,missing_pdb,False
A0A4S4E3L3,,missing_pdb,False
A0A4S4E3N5,,missing_pdb,False
A0A4S4E3P0,,missing_pdb,False
A0A4S4E3T1,,missing_pdb,False
A0A4S4E3T5,,missing_pdb,False
A0A4S4E3X0,,missing_pdb,False
A0A4S4E3X4,,missing_pdb,False
A0A4S4E3Y9,,missing_pdb,False
A0A4S4E410,,missing_pdb,False
A0A4S4E411,,missing_pdb,False
A0A4S4E415,,missing_pdb,False
A0A4S4E439,,missing_pdb,False
A0A4S4E453,,missing_pdb,False
A0A4S4E462,,missing_pdb,False
A0A4S4E4A8,,missing_pdb,False
A0A4S4E4H6,,missing_pdb,False
A0A4S4E4I9,,missing_pdb,False
A0A4S4E4K3,,missing_pdb,False
A0A4S4E4K5,,missing_pdb,False
A0A4S4E4K6,,missing_pdb,False
A0A4S4E4Q7,,missing_pdb,False
A0A4S4E4T3,,missing_pdb,False
A0A4S4E4V4,,missing_pdb,False
A0A4S4E4W1,,missing_pdb,False
A0A4S4E510,,missing_pdb,False
A0A4S4E511,,missing_pdb,False
A0A4S4E520,,missing_pdb,False
A0A4S4E536,,missing_pdb,False
A0A4S4E542,,missing_pdb,False
A0A4S4E580,,missing_pdb,False
A0A4S4E5G1,,missing_pdb,False
A0A4S4E5H3,,missing_pdb,False
A0A4S4E5V6,,missing_pdb,False
A0A4S4E5X4,,missing_pdb,False
A0A4S4E5X5,,missing_pdb,False
A0A4S4E5X7,,missing_pdb,False
A0A4S4E5Z1,,missing_pdb,False
A0A4S4E5Z9,,missing_pdb,False
A0A4S4E665,,missing_pdb,False
A0A4S4E672,,missing_pdb,False
A0A4S4E6C5,,missing_pdb,False
A0A4S4E6D8,,missing_pdb,False
A0A4S4E6Q0,,missing_pdb,False
A0A4S4E6V4,,missing_pdb,False
A0A4S4E6V8,,missing_pdb,False
A0A4S4E708,,missing_pdb,False
A0A4S4E715,,missing_pdb,False
A0A4S4E728,,missing_pdb,False
A0A4S4E735,,missing_pdb,False
A0A4S4E784,,missing_pdb,False
A0A4S4E788,,missing_pdb,False
A0A4S4E7A6,,missing_pdb,False
A0A4S4E7C2,,missing_pdb,False
A0A4S4E7C3,,missing_pdb,False
A0A4S4E7P2,,missing_pdb,False
A0A4S4E7R9,,missing_pdb,False
A0A4S4E7S4,,missing_pdb,False
A0A4S4E7T1,,missing_pdb,False
A0A4S4E7T4,,missing_pdb,False
A0A4S4E7T6,,missing_pdb,False
A0A4S4E7U2,,missing_pdb,False
A0A4S4E7V3,,missing_pdb,False
A0A4S4E7X3,,missing_pdb,False
A0A4S4E800,,missing_pdb,False
A0A4S4E848,,missing_pdb,False
A0A4S4E852,,missing_pdb,False
A0A4S4E854,,missing_pdb,False
A0A4S4E898,,missing_pdb,False
A0A4S4E8A4,,missing_pdb,False
A0A4S4E8F5,,missing_pdb,False
A0A4S4E8F8,,missing_pdb,False
A0A4S4E8G5,,missing_pdb,False
A0A4S4E8K5,,missing_pdb,False
A0A4S4E8K7,,missing_pdb,False
A0A4S4E8P9,,missing_pdb,False
A0A4S4E8R0,,missing_pdb,False
A0A4S4E8T6,,missing_pdb,False
A0A4S4E8V2,,missing_pdb,False
A0A4S4E8Y3,,missing_pdb,False
A0A4S4E906,,missing_pdb,False
A0A4S4E920,,missing_pdb,False
A0A4S4E940,,missing_pdb,False
A0A4S4E944,,missing_pdb,False
A0A4S4E946,,missing_pdb,False
A0A4S4E983,,missing_pdb,False
A0A4S4E998,,missing_pdb,False
A0A4S4E9C3,,missing_pdb,False
A0A4S4E9F4,,missing_pdb,False
A0A4S4E9H3,,missing_pdb,False
A0A4S4E9L6,,missing_pdb,False
A0A4S4E9L7,,missing_pdb,False
A0A4S4E9M9,,missing_pdb,False
A0A4S4E9P5,,missing_pdb,False
A0A4S4E9P9,,missing_pdb,False
A0A4S4E9Q2,,missing_pdb,False
A0A4S4E9Q3,,missing_pdb,False
A0A4S4E9T1,,missing_pdb,False
A0A4S4E9T6,,missing_pdb,False
A0A4S4E9Z8,,missing_pdb,False
A0A4S4EAA2,,missing_pdb,False
A0A4S4EAC6,,missing_pdb,False
A0A4S4EAG8,,missing_pdb,False
A0A4S4EAP8,,missing_pdb,False
A0A4S4EAQ2,,missing_pdb,False
A0A4S4EAR2,,missing_pdb,False
A0A4S4EAZ3,,missing_pdb,False
A0A4S4EAZ8,,missing_pdb,False
A0A4S4EB17,,missing_pdb,False
A0A4S4EB20,,missing_pdb,False
A0A4S4EB41,,missing_pdb,False
A0A4S4EB53,,missing_pdb,False
A0A4S4EB75,,missing_pdb,False
A0A4S4EB91,,missing_pdb,False
A0A4S4EBB8,,missing_pdb,False
A0A4S4EBC4,,missing_pdb,False
A0A4S4EBE4,,missing_pdb,False
A0A4S4EBE9,,missing_pdb,False
A0A4S4EBF5,,missing_pdb,False
A0A4S4EBF9,,missing_pdb,False
A0A4S4EBH6,,missing_pdb,False
A0A4S4EBH8,,missing_pdb,False
A0A4S4EBL4,,missing_pdb,False
A0A4S4EBM7,,missing_pdb,False
A0A4S4EBN2,,missing_pdb,False
A0A4S4EBX1,,missing_pdb,False
A0A4S4EBX4,,missing_pdb,False
A0A4S4EBY0,,missing_pdb,False
A0A4S4EBY5,,missing_pdb,False
A0A4S4EC14,,missing_pdb,False
A0A4S4EC15,,missing_pdb,False
A0A4S4EC32,,missing_pdb,False
A0A4S4EC55,,missing_pdb,False
A0A4S4EC70,,missing_pdb,False
A0A4S4EC90,,missing_pdb,False
A0A4S4ECE9,,missing_pdb,False
A0A4S4ECF8,,missing_pdb,False
A0A4S4ECG2,,missing_pdb,False
A0A4S4ECI2,,missing_pdb,False
A0A4S4ECK3,,missing_pdb,False
A0A4S4ECL6,,missing_pdb,False
A0A4S4ECP9,,missing_pdb,False
A0A4S4ECR6,,missing_pdb,False
A0A4S4ECS1,,missing_pdb,False
A0A4S4ECT2,,missing_pdb,False
A0A4S4ECV0,,missing_pdb,False
A0A4S4ECX2,,missing_pdb,False
A0A4S4ECY7,,missing_pdb,False
A0A4S4ECY9,,missing_pdb,False
A0A4S4ED05,,missing_pdb,False
A0A4S4ED18,,missing_pdb,False
A0A4S4ED32,,missing_pdb,False
A0A4S4ED40,,missing_pdb,False
A0A4S4EDA8,,missing_pdb,False
A0A4S4EDI2,,missing_pdb,False
A0A4S4EDK1,,missing_pdb,False
A0A4S4EDL0,,missing_pdb,False
A0A4S4EDL2,,missing_pdb,False
A0A4S4EDM5,,missing_pdb,False
A0A4S4EDN6,,missing_pdb,False
A0A4S4EDP5,,missing_pdb,False
A0A4S4EDS1,,missing_pdb,False
A0A4S4EDU5,,missing_pdb,False
A0A4S4EDU6,,missing_pdb,False
A0A4S4EDV0,,missing_pdb,False
A0A4S4EDW9,,missing_pdb,False
A0A4S4EDX4,,missing_pdb,False
A0A4S4EE13,,missing_pdb,False
A0A4S4EE19,,missing_pdb,False
A0A4S4EE25,,missing_pdb,False
A0A4S4EE31,,missing_pdb,False
A0A4S4EE56,,missing_pdb,False
A0A4S4EE75,,missing_pdb,False
A0A4S4EE78,,missing_pdb,False
A0A4S4EE80,,missing_pdb,False
A0A4S4EE83,,missing_pdb,False
A0A4S4EE97,,missing_pdb,False
A0A4S4EEA1,,missing_pdb,False
A0A4S4EEB2,,missing_pdb,False
A0A4S4EEH0,,missing_pdb,False
A0A4S4EEH9,,missing_pdb,False
A0A4S4EEI5,,missing_pdb,False
A0A4S4EEI6,,missing_pdb,False
A0A4S4EEJ6,,missing_pdb,False
A0A4S4EEP3,,missing_pdb,False
A0A4S4EEQ0,,missing_pdb,False
A0A4S4EER3,,missing_pdb,False
A0A4S4EET8,,missing_pdb,False
A0A4S4EEV0,,missing_pdb,False
A0A4S4EEW3,,missing_pdb,False
A0A4S4EEX7,,missing_pdb,False
A0A4S4EEY0,,missing_pdb,False
A0A4S4EFD5,,missing_pdb,False
A0A4S4EFE1,,missing_pdb,False
A0A4S4EFG2,,missing_pdb,False
A0A4S4EFH9,,missing_pdb,False
A0A4S4EFI9,,missing_pdb,False
A0A4S4EFJ0,,missing_pdb,False
A0A4S4EFN7,,missing_pdb,False
A0A4S4EFQ9,,missing_pdb,False
A0A4S4EFS4,,missing_pdb,False
A0A4S4EFU0,,missing_pdb,False
A0A4S4EFU5,,missing_pdb,False
A0A4S4EFV0,,missing_pdb,False
A0A4S4EFV1,,missing_pdb,False
A0A4S4EFW5,,missing_pdb,False
A0A4S4EG32,,missing_pdb,False
A0A4S4EG60,,missing_pdb,False
A0A4S4EG63,,missing_pdb,False
A0A4S4EG98,,missing_pdb,False
A0A4S4EGD4,,missing_pdb,False
A0A4S4EGK7,,missing_pdb,False
A0A4S4EGQ4,,missing_pdb,False
A0A4S4EGQ8,,missing_pdb,False
A0A4S4EGS3,,missing_pdb,False
A0A4S4EGS6,,missing_pdb,False
A0A4S4EGT1,,missing_pdb,False
A0A4S4EGT9,,missing_pdb,False
A0A4S4EGU8,,missing_pdb,False
A0A4S4EGZ0,,missing_pdb,False
A0A4S4EH26,,missing_pdb,False
A0A4S4EH36,,missing_pdb,False
A0A4S4EH46,,missing_pdb,False
A0A4S4EH95,,missing_pdb,False
A0A4S4EHK2,,missing_pdb,False
A0A4S4EHL1,,missing_pdb,False
A0A4S4EHN6,,missing_pdb,False
A0A4S4EHN7,,missing_pdb,False
A0A4S4EHP0,,missing_pdb,False
A0A4S4EHQ5,,missing_pdb,False
A0A4S4EHS1,,missing_pdb,False
A0A4S4EI39,,missing_pdb,False
A0A4S4EI91,,missing_pdb,False
A0A4S4EI95,,missing_pdb,False
A0A4S4EIA7,,missing_pdb,False
A0A4S4EIC9,,missing_pdb,False
A0A4S4EID0,,missing_pdb,False
A0A4S4EII6,,missing_pdb,False
A0A4S4EIJ1,,missing_pdb,False
A0A4S4EIP4,,missing_pdb,False
A0A4S4EIQ2,,missing_pdb,False
A0A4S4EIQ8,,missing_pdb,False
A0A4S4EIQ9,,missing_pdb,False
A0A4S4EIW6,,missing_pdb,False
A0A4S4EJ01,,missing_pdb,False
A0A4S4EJ03,,missing_pdb,False
A0A4S4EJB3,,missing_pdb,False
A0A4S4EJB6,,missing_pdb,False
A0A4S4EJC5,,missing_pdb,False
A0A4S4EJG4,,missing_pdb,False
A0A4S4EJI4,,missing_pdb,False
A0A4S4EJK6,,missing_pdb,False
A0A4S4EJK7,,missing_pdb,False
A0A4S4EJR3,,missing_pdb,False
A0A4S4EJS1,,missing_pdb,False
A0A4S4EJS3,,missing_pdb,False
A0A4S4EJV6,,missing_pdb,False
A0A4S4EJV7,,missing_pdb,False
A0A4S4EJW6,,missing_pdb,False
A0A4S4EK08,,missing_pdb,False
A0A4S4EK21,,missing_pdb,False
A0A4S4EK30,,missing_pdb,False
A0A4S4EK43,,missing_pdb,False
A0A4S4EK53,,missing_pdb,False
A0A4S4EK60,,missing_pdb,False
A0A4S4EK80,,missing_pdb,False
A0A4S4EKD1,,missing_pdb,False
A0A4S4EKE9,,missing_pdb,False
A0A4S4EKF0,,missing_pdb,False
A0A4S4EKJ8,,missing_pdb,False
A0A4S4EKQ4,,missing_pdb,False
A0A4S4EKW9,,missing_pdb,False
A0A4S4EL48,,missing_pdb,False
A0A4S4EL55,,missing_pdb,False
A0A4S4EL69,,missing_pdb,False
A0A4S4EL77,,missing_pdb,False
A0A4S4EL83,,missing_pdb,False
A0A4S4EL87,,missing_pdb,False
A0A4S4EL91,,missing_pdb,False
A0A4S4ELA7,,missing_pdb,False
A0A4S4ELI4,,missing_pdb,False
A0A4S4ELJ7,,missing_pdb,False
A0A4S4ELQ9,,missing_pdb,False
A0A4S4ELW6,,missing_pdb,False
A0A4S4ELZ8,,missing_pdb,False
A0A4S4EM05,,missing_pdb,False
A0A4S4EM20,,missing_pdb,False
A0A4S4EM23,,missing_pdb,False
A0A4S4EM45,,missing_pdb,False
A0A4S4EM64,,missing_pdb,False
A0A4S4EM75,,missing_pdb,False
A0A4S4EMC6,,missing_pdb,False
A0A4S4EMD1,,missing_pdb,False
A0A4S4EMH9,,missing_pdb,False
A0A4S4EMI5,,missing_pdb,False
A0A4S4EMU0,,missing_pdb,False
A0A4S4EMW1,,missing_pdb,False
A0A4S4EMX0,,missing_pdb,False
A0A4S4EMZ7,,missing_pdb,False
A0A4S4EMZ9,,missing_pdb,False
A0A4S4EN26,,missing_pdb,False
A0A4S4EN68,,missing_pdb,False
A0A4S4EN72,,missing_pdb,False
A0A4S4EN87,,missing_pdb,False
A0A4S4ENB0,,missing_pdb,False
A0A4S4ENB9,,missing_pdb,False
A0A4S4ENE2,,missing_pdb,False
A0A4S4ENI0,,missing_pdb,False
A0A4S4ENI1,,missing_pdb,False
A0A4S4ENP1,,missing_pdb,False
A0A4S4ENP4,,missing_pdb,False
A0A4S4ENW2,,missing_pdb,False
A0A4S4ENX4,,missing_pdb,False
A0A4S4EP19,,missing_pdb,False
A0A4S4EP25,,missing_pdb,False
A0A4S4EP80,,missing_pdb,False
A0A4S4EP94,,missing_pdb,False
A0A4S4EPB8,,missing_pdb,False
A0A4S4EPI0,,missing_pdb,False
A0A4S4EPI7,,missing_pdb,False
A0A4S4EPL0,,missing_pdb,False
A0A4S4EPY1,,missing_pdb,False
A0A4S4EQ07,,missing_pdb,False
A0A4S4EQ11,,missing_pdb,False
A0A4S4EQ31,,missing_pdb,False
A0A4S4EQ41,,missing_pdb,False
A0A4S4EQ52,,missing_pdb,False
A0A4S4EQ80,,missing_pdb,False
A0A4S4EQB2,,missing_pdb,False
A0A4S4EQB3,,missing_pdb,False
A0A4S4EQB9,,missing_pdb,False
A0A4S4EQC2,,missing_pdb,False
A0A4S4EQC5,,missing_pdb,False
A0A4S4EQH2,,missing_pdb,False
A0A4S4EQI4,,missing_pdb,False
A0A4S4EQQ9,,missing_pdb,False
A0A4S4EQR1,,missing_pdb,False
A0A4S4EQS0,,missing_pdb,False
A0A4S4EQT2,,missing_pdb,False
A0A4S4EQU0,,missing_pdb,False
A0A4S4EQX0,,missing_pdb,False
A0A4S4EQY4,,missing_pdb,False
A0A4S4EQZ3,,missing_pdb,False
A0A4S4EQZ5,,missing_pdb,False
A0A4S4ER01,,missing_pdb,False
A0A4S4ER06,,missing_pdb,False
A0A4S4ER10,,missing_pdb,False
A0A4S4ER11,,missing_pdb,False
A0A4S4ER15,,missing_pdb,False
A0A4S4ER36,,missing_pdb,False
A0A4S4ER77,,missing_pdb,False
A0A4S4ER95,,missing_pdb,False
A0A4S4ERA8,,missing_pdb,False
A0A4S4ERB7,,missing_pdb,False
A0A4S4ERC1,,missing_pdb,False
A0A4S4ERC8,,missing_pdb,False
A0A4S4ERE2,,missing_pdb,False
A0A4S4ERE6,,missing_pdb,False
A0A4S4ERE9,,missing_pdb,False
A0A4S4ERI5,,missing_pdb,False
A0A4S4ERI9,,missing_pdb,False
A0A4S4ERK5,,missing_pdb,False
A0A4S4ERL0,,missing_pdb,False
A0A4S4ERL4,,missing_pdb,False
A0A4S4ERP6,,missing_pdb,False
A0A4S4ERP8,,missing_pdb,False
A0A4S4ERQ6,,missing_pdb,False
A0A4S4ERQ7,,missing_pdb,False
A0A4S4ERR1,,missing_pdb,False
A0A4S4ERS1,,missing_pdb,False
A0A4S4ERT0,,missing_pdb,False
A0A4S4ERZ0,,missing_pdb,False
A0A4S4ES50,,missing_pdb,False
A0A4S4ES74,,missing_pdb,False
A0A4S4ES82,,missing_pdb,False
A0A4S4ES95,,missing_pdb,False
A0A4S4ES98,,missing_pdb,False
A0A4S4ESC0,,missing_pdb,False
A0A4S4ESD5,,missing_pdb,False
A0A4S4ESD7,,missing_pdb,False
A0A4S4ESF4,,missing_pdb,False
A0A4S4ESK7,,missing_pdb,False
A0A4S4ESM6,,missing_pdb,False
A0A4S4ESP8,,missing_pdb,False
A0A4S4ESQ0,,missing_pdb,False
A0A4S4EST9,,missing_pdb,False
A0A4S4ET55,,missing_pdb,False
A0A4S4ETC1,,missing_pdb,False
A0A4S4ETC7,,missing_pdb,False
A0A4S4ETD2,,missing_pdb,False
A0A4S4ETI7,,missing_pdb,False
A0A4S4ETK9,,missing_pdb,False
A0A4S4ETM5,,missing_pdb,False
A0A4S4ETP9,,missing_pdb,False
A0A4S4ETU6,,missing_pdb,False
A0A4S4ETW5,,missing_pdb,False
A0A4S4EU85,,missing_pdb,False
A0A4S4EUC7,,missing_pdb,False
A0A4S4EUD4,,missing_pdb,False
A0A4S4EUI9,,missing_pdb,False
A0A4S4EUK4,,missing_pdb,False
A0A4S4EUM0,,missing_pdb,False
A0A4S4EUM7,,missing_pdb,False
A0A4S4EUN1,,missing_pdb,False
A0A4S4EUN2,,missing_pdb,False
A0A4S4EUP5,,missing_pdb,False
A0A4S4EUQ0,,missing_pdb,False
A0A4S4EUU6,,missing_pdb,False
A0A4S4EUV0,,missing_pdb,False
A0A4S4EUZ0,,missing_pdb,False
A0A4S4EV57,,missing_pdb,False
A0A4S4EV71,,missing_pdb,False
A0A4S4EV90,,missing_pdb,False
A0A4S4EVB1,,missing_pdb,False
A0A4S4EVC1,,missing_pdb,False
A0A4S4EVE4,,missing_pdb,False
A0A4S4EVF5,,missing_pdb,False
A0A4S4EVG5,,missing_pdb,False
A0A4S4EVN5,,missing_pdb,False
A0A4S4EVR6,,missing_pdb,False
A0A4S4EVV1,,missing_pdb,False
A0A4S4EVV9,,missing_pdb,False
A0A4S4EW09,,missing_pdb,False
A0A4S4EW35,,missing_pdb,False
A0A4S4EW54,,missing_pdb,False
A0A4S4EW65,,missing_pdb,False
A0A4S4EW86,,missing_pdb,False
A0A4S4EW97,,missing_pdb,False
A0A4S4EWB0,,missing_pdb,False
A0A4S4EWH4,,missing_pdb,False
A0A4S4EWJ0,,missing_pdb,False
A0A4S4EWM5,,missing_pdb,False
A0A4S4EWN3,,missing_pdb,False
A0A4S4EWT1,,missing_pdb,False
A0A4S4EWU7,,missing_pdb,False
A0A4S4EWV0,,missing_pdb,False
A0A4S4EWV7,,missing_pdb,False
A0A4S4EWW1,,missing_pdb,False
A0A4S4EWX1,,missing_pdb,False
A0A4S4EWY9,,missing_pdb,False
A0A4S4EX08,,missing_pdb,False
A0A4S4EX40,,missing_pdb,False
A0A4S4EX58,,missing_pdb,False
A0A4S4EX92,,missing_pdb,False
A0A4S4EXA2,,missing_pdb,False
A0A4S4EXA6,,missing_pdb,False
A0A4S4EXC1,,missing_pdb,False
A0A4S4EXD6,,missing_pdb,False
A0A4S4EXJ8,,missing_pdb,False
A0A4S4EXK9,,missing_pdb,False
A0A4S4EXM3,,missing_pdb,False
A0A4S4EXN2,,missing_pdb,False
A0A4S4EXQ5,,missing_pdb,False
A0A4S4EXR3,,missing_pdb,False
A0A4S4EXR7,,missing_pdb,False
A0A4S4EXR9,,missing_pdb,False
A0A4S4EXT8,,missing_pdb,False
A0A4S4EXU7,,missing_pdb,False
A0A4S4EY12,,missing_pdb,False
A0A4S4EY40,,missing_pdb,False
A0A4S4EY51,,missing_pdb,False
A0A4S4EYB4,,missing_pdb,False
A0A4S4EYE3,,missing_pdb,False
A0A4S4EYF3,,missing_pdb,False
A0A4S4EYH5,,missing_pdb,False
A0A4S4EYI0,,missing_pdb,False
A0A4S4EYL4,,missing_pdb,False
A0A4S4EYP1,,missing_pdb,False
A0A4S4EYP8,,missing_pdb,False
A0A4S4EYR4,,missing_pdb,False
A0A4S4EYT7,,missing_pdb,False
A0A4S4EYU0,,missing_pdb,False
A0A4S4EYU3,,missing_pdb,False
A0A4S4EYV3,,missing_pdb,False
A0A4S4EZ65,,missing_pdb,False
A0A4S4EZ86,,missing_pdb,False
A0A4S4EZE9,,missing_pdb,False
A0A4S4EZK6,,missing_pdb,False
A0A4S4EZN1,,missing_pdb,False
A0A4S4EZT6,,missing_pdb,False
A0A4S4EZT7,,missing_pdb,False
A0A4S4EZX3,,missing_pdb,False
A0A4S4F017,,missing_pdb,False
A0A4S4F036,,missing_pdb,False
A0A4S4F045,,missing_pdb,False
A0A4S4F055,,missing_pdb,False
A0A4S4F069,,missing_pdb,False
A0A4S4F085,,missing_pdb,False
A0A4S4F0A1,,missing_pdb,False
A0A4S4F0A8,,missing_pdb,False
A0A4S4F0F7,,missing_pdb,False
A0A4S4F0I4,,missing_pdb,False
A0A4S4F0I9,,missing_pdb,False
A0A4S4F0J0,,missing_pdb,False
A0A4S4F0J3,,missing_pdb,False
A0A4S4F0Q2,,missing_pdb,False
A0A4S4F0X6,,missing_pdb,False
A0A4S4F113,,missing_pdb,False
A0A4S4F115,,missing_pdb,False
A0A4S4F120,,missing_pdb,False
A0A4S4F139,,missing_pdb,False
A0A4S4F141,,missing_pdb,False
A0A4S4F171,,missing_pdb,False
A0A4S4F191,,missing_pdb,False
A0A4S4F194,,missing_pdb,False
A0A4S4F196,,missing_pdb,False
A0A4S4F1A6,,missing_pdb,False
A0A4S4F1B7,,missing_pdb,False
A0A4S4F1F8,,missing_pdb,False
A0A4S4F1G8,,missing_pdb,False
A0A4S4F1G9,,missing_pdb,False
A0A4S4F1N1,,missing_pdb,False
A0A4S4F1P1,,missing_pdb,False
A0A4S4F1Z5,,missing_pdb,False
A0A4S4F1Z7,,missing_pdb,False
A0A4S4F205,,missing_pdb,False
A0A4S4F209,,missing_pdb,False
A0A4S4F249,,missing_pdb,False
A0A4S4F255,,missing_pdb,False
A0A4S4F285,,missing_pdb,False
A0A4S4F2B1,,missing_pdb,False
A0A4S4F2E7,,missing_pdb,False
A0A4S4F2E8,,missing_pdb,False
A0A4S4F2G3,,missing_pdb,False
A0A4S4F2H0,,missing_pdb,False
A0A4S4F2H7,,missing_pdb,False
A0A4S4F2I0,,missing_pdb,False
A0A4S4F2J5,,missing_pdb,False
A0A4S4F2K3,,missing_pdb,False
A0A4S4F2Q1,,missing_pdb,False
A0A4S4F2Q4,,missing_pdb,False
A0A4S4F2U0,,missing_pdb,False
A0A4S4F333,,missing_pdb,False
A0A4S4F356,,missing_pdb,False
A0A4S4F3A7,,missing_pdb,False
A0A4S4F3C9,,missing_pdb,False
A0A4S4F3M4,,missing_pdb,False
A0A4S4F3N8,,missing_pdb,False
A0A4S4F3N9,,missing_pdb,False
A0A4S4F3Y3,,missing_pdb,False
A0A4S4F454,,missing_pdb,False
A0A4S4F4U0,,missing_pdb,False
A0A4S4F583,,missing_pdb,False
A0A4S4F5B2,,missing_pdb,False
A0A4V1C4M1,,missing_pdb,False
A0A4V1C4S6,,missing_pdb,False
A0A4V1C4V8,,missing_pdb,False
A0A4V1C4Y9,,missing_pdb,False
A0A4V1C501,,missing_pdb,False
A0A4V1C531,,missing_pdb,False
A0A4V1C533,,missing_pdb,False
A0A4V1C553,,missing_pdb,False
A0A4V1C572,,missing_pdb,False
A0A4V1C581,,missing_pdb,False
A0A4V1C584,,missing_pdb,False
A0A4V1C595,,missing_pdb,False
A0A4V1C5B2,,missing_pdb,False
A0A4V1C5B5,,missing_pdb,False
A0A4V1C5C6,,missing_pdb,False
A0A4V1C5G8,,missing_pdb,False
A0A4V1C5H3,,missing_pdb,False
A0A4V1C5H6,,missing_pdb,False
A0A4V1C5I4,,missing_pdb,False
A0A4V1C5I7,,missing_pdb,False
A0A4V1C5I9,,missing_pdb,False
A0A4V1C5J7,,missing_pdb,False
A0A4V1C5J8,,missing_pdb,False
A0A4V1C5K3,,missing_pdb,False
A0A4V1C5N4,,missing_pdb,False
A0A4V1C5P7,,missing_pdb,False
A0A4V1C5V0,,missing_pdb,False
A0A4V1C5Y9,,missing_pdb,False
A0A4V1C609,,missing_pdb,False
A0A4V1C677,,missing_pdb,False
A0A4V1C684,,missing_pdb,False
A0A4V1C686,,missing_pdb,False
A0A4V1C6A4,,missing_pdb,False
A0A4V1C6C2,,missing_pdb,False
A0A4V1C6E9,,missing_pdb,False
A0A4V1C6F2,,missing_pdb,False
A0A4V1C6I3,,missing_pdb,False
A0A4V1C6I7,,missing_pdb,False
A0A4V1C6M8,,missing_pdb,False
A0A4V1C6U2,,missing_pdb,False
A0A4V1C6W2,,missing_pdb,False
A0A4V1C6Y4,,missing_pdb,False
A0A4V1C726,,missing_pdb,False
A0A4V1C738,,missing_pdb,False
A0A4V1C783,,missing_pdb,False
A0A4V1C789,,missing_pdb,False
A0A4V1C7D4,,missing_pdb,False
A0A4V1C7E9,,missing_pdb,False
A0A4V1C7N3,,missing_pdb,False
A0A4V1C7R7,,missing_pdb,False
A0A4V1C7V4,,missing_pdb,False
A0A4V1C7W1,,missing_pdb,False
A0A4V1C7X8,,missing_pdb,False
A0A4V1C7Z8,,missing_pdb,False
A0A4V1C815,,missing_pdb,False
A0A4V1C827,,missing_pdb,False
A0A4V1C842,,missing_pdb,False
A0A4V1C875,,missing_pdb,False
A0A4V1C889,,missing_pdb,False
A0A4V1C895,,missing_pdb,False
A0A4V1C8C2,,missing_pdb,False
A0A4V1C8C6,,missing_pdb,False
A0A4V3WIQ0,,missing_pdb,False
A0A4V3WIT6,,missing_pdb,False
A0A4V3WJ03,,missing_pdb,False
A0A4V3WJ05,,missing_pdb,False
A0A4V3WJ39,,missing_pdb,False
A0A4V3WJ53,,missing_pdb,False
A0A4V3WJ65,,missing_pdb,False
A0A4V3WJ75,,missing_pdb,False
A0A4V3WJ77,,missing_pdb,False
A0A4V3WJI7,,missing_pdb,False
A0A4V3WJM3,,missing_pdb,False
A0A4V3WJN4,,missing_pdb,False
A0A4V3WJS0,,missing_pdb,False
A0A4V3WJV6,,missing_pdb,False
A0A4V3WJW6,,missing_pdb,False
A0A4V3WK12,,missing_pdb,False
A0A4V3WK21,,missing_pdb,False
A0A4V3WK29,,missing_pdb,False
A0A4V3WK32,,missing_pdb,False
A0A4V3WK35,,missing_pdb,False
A0A4V3WK48,,missing_pdb,False
A0A4V3WK75,,missing_pdb,False
A0A4V3WK79,,missing_pdb,False
A0A4V3WK84,,missing_pdb,False
A0A4V3WKB0,,missing_pdb,False
A0A4V3WKB6,,missing_pdb,False
A0A4V3WKG0,,missing_pdb,False
A0A4V3WKK9,,missing_pdb,False
A0A4V3WKP2,,missing_pdb,False
A0A4V3WKP8,,missing_pdb,False
A0A4V3WKT1,,missing_pdb,False
A0A4V3WKT9,,missing_pdb,False
A0A4V3WKU0,,missing_pdb,False
A0A4V3WKW9,,missing_pdb,False
A0A4V3WKX6,,missing_pdb,False
A0A4V3WKZ0,,missing_pdb,False
A0A4V3WKZ6,,missing_pdb,False
A0A4V3WL19,,missing_pdb,False
A0A4V3WL32,,missing_pdb,False
A0A4V3WL55,,missing_pdb,False
A0A4V3WL68,,missing_pdb,False
A0A4V3WL86,,missing_pdb,False
A0A4V3WLD0,,missing_pdb,False
A0A4V3WLD1,,missing_pdb,False
A0A4V3WLD5,,missing_pdb,False
A0A4V3WLE2,,missing_pdb,False
A0A4V3WLF9,,missing_pdb,False
A0A4V3WLG1,,missing_pdb,False
A0A4V3WLG2,,missing_pdb,False
A0A4V3WLI2,,missing_pdb,False
A0A4V3WLK0,,missing_pdb,False
A0A4V3WLP3,,missing_pdb,False
A0A4V3WLS0,,missing_pdb,False
A0A4V3WLW4,,missing_pdb,False
A0A4V3WLX4,,missing_pdb,False
A0A4V3WLZ0,,missing_pdb,False
A0A4V3WM30,,missing_pdb,False
A0A4V3WM50,,missing_pdb,False
A0A4V3WM84,,missing_pdb,False
A0A4V3WM93,,missing_pdb,False
A0A4V3WMB2,,missing_pdb,False
A0A4V3WMC0,,missing_pdb,False
A0A4V3WMM0,,missing_pdb,False
A0A4V3WMP2,,missing_pdb,False
A0A4V3WMR6,,missing_pdb,False
A0A4V3WMS4,,missing_pdb,False
A0A4V3WMU1,,missing_pdb,False
A0A4V3WMU6,,missing_pdb,False
A0A4V3WMW0,,missing_pdb,False
A0A4V3WMX1,,missing_pdb,False
A0A4V3WMX9,,missing_pdb,False
A0A4V3WMY3,,missing_pdb,False
A0A4V3WMY9,,missing_pdb,False
A0A4V3WMZ8,,missing_pdb,False
A0A4V3WN03,,missing_pdb,False
A0A4V3WN62,,missing_pdb,False
A0A4V3WNA2,,missing_pdb,False
A0A4V3WNC3,,missing_pdb,False
A0A4V3WND0,,missing_pdb,False
A0A4V3WNI7,,missing_pdb,False
A0A4V3WNJ3,,missing_pdb,False
A0A4V3WNJ9,,missing_pdb,False
A0A4V3WNS4,,missing_pdb,False
A0A4V3WNV9,,missing_pdb,False
A0A4V3WP46,,missing_pdb,False
A0A4V3WP47,,missing_pdb,False
A0A4V3WP83,,missing_pdb,False
A0A4V3WP85,,missing_pdb,False
A0A4V3WPB7,,missing_pdb,False
A0A4V3WPC1,,missing_pdb,False
A0A4V3WPI9,,missing_pdb,False
A0A4V3WPK8,,missing_pdb,False
A0A4V3WPP6,,missing_pdb,False
A0A4V3WPQ4,,missing_pdb,False
A0A4V3WPQ8,,missing_pdb,False
A0A4V3WPU5,,missing_pdb,False
A0A4V3WPV0,,missing_pdb,False
A0A4V3WPW7,,missing_pdb,False
A0A4V3WPX1,,missing_pdb,False
A0A4V3WPY2,,missing_pdb,False
A0A4V3WQ43,,missing_pdb,False
A0A4V3WQ47,,missing_pdb,False
A0A4V3WQ74,,missing_pdb,False
A0A4V3WQ75,,missing_pdb,False
A0A4V3WQA3,,missing_pdb,False
A0A4V3WQA4,,missing_pdb,False
A0A4V3WQD1,,missing_pdb,False
A0A4V3WQL4,,missing_pdb,False
A0A4V3WQQ1,,missing_pdb,False
A0A4V3WQS3,,missing_pdb,False
A0A4V3WQS8,,missing_pdb,False
A0A4V3WQZ5,,missing_pdb,False
A0A4V3WR80,,missing_pdb,False
A0A4V3WR98,,missing_pdb,False
A0A4V6RXZ5,,missing_pdb,False
A0A4V6RY26,,missing_pdb,False
A0A4V6RY28,,missing_pdb,False
A0A4V6RY30,,missing_pdb,False
A0A4V6RY36,,missing_pdb,False
A0A4V6RY39,,missing_pdb,False
A0A4V6RY79,,missing_pdb,False
A0A4V6RY80,,missing_pdb,False
A0A4V6RY86,,missing_pdb,False
A0A4V6RYA1,,missing_pdb,False
A0A4V6RYC9,,missing_pdb,False
A0A4V6RYD2,,missing_pdb,False
A0A4V6RYD9,,missing_pdb,False
A0A4V6RYG7,,missing_pdb,False
A0A4V6RYI5,,missing_pdb,False
A0A4V6RYI7,,missing_pdb,False
A0A4V6RYJ3,,missing_pdb,False
A0A4V6RYM6,,missing_pdb,False
A0A4V6RYQ1,,missing_pdb,False
A0A4V6RYT9,,missing_pdb,False
A0A4Z9,,missing_pdb,False
A0A5S6R6V8,,missing_pdb,False
A0A5S6R7M2,,missing_pdb,False
A0A5S6R8N9,,missing_pdb,False
A0A5S6R9N5,,missing_pdb,False
A0A5S6R9T1,,missing_pdb,False
A0A5S6RAN0,,missing_pdb,False
A0A5S6RAW7,,missing_pdb,False
A0A5S6RDJ6,,missing_pdb,False
A0A649UDK6,,missing_pdb,False
A0A649UDN6,,missing_pdb,False
A0A6G7GFT7,,missing_pdb,False
A0A6G7MC48,,missing_pdb,False
A0A7H4LBG6,,missing_pdb,False
A0A7H4LCF6,,missing_pdb,False
A0A7H4LD65,,missing_pdb,False
A0A7H4LED9,,missing_pdb,False
A0A7H4LJA4,,missing_pdb,False
A0A7H4LLZ9,,missing_pdb,False
A0A7H4LNE9,,missing_pdb,False
A0A7H4LRE6,,missing_pdb,False
A0AV96,,missing_pdb,False
A0AVT1-2,,missing_pdb,False
A0JPI9-2,,missing_pdb,False
A0KEA5,,missing_pdb,False
A0KEB9,,missing_pdb,False
A0KEF3,,missing_pdb,False
A0KEK3,,missing_pdb,False
A0KEL6,,missing_pdb,False
A0KEM1,,missing_pdb,False
A0KEM5,,missing_pdb,False
A0KEM9,,missing_pdb,False
A0KEN7,,missing_pdb,False
A0KEP0,,missing_pdb,False
A0KEP2,,missing_pdb,False
A0KEP6,,missing_pdb,False
A0KEP7,,missing_pdb,False
A0KET2,,missing_pdb,False
A0KEW2,,missing_pdb,False
A0KEX0,,missing_pdb,False
A0KEZ1,,missing_pdb,False
A0KEZ7,,missing_pdb,False
A0KF06,,missing_pdb,False
A0KF20,,missing_pdb,False
A0KF29,,missing_pdb,False
A0KF32,,missing_pdb,False
A0KF54,,missing_pdb,False
A0KF56,,missing_pdb,False
A0KF66,,missing_pdb,False
A0KF70,,missing_pdb,False
A0KF78,,missing_pdb,False
A0KF83,,missing_pdb,False
A0KFA2,,missing_pdb,False
A0KFB6,,missing_pdb,False
A0KFD4,,missing_pdb,False
A0KFE5,,missing_pdb,False
A0KFF6,,missing_pdb,False
A0KFJ5,,missing_pdb,False
A0KFL1,,missing_pdb,False
A0KFM6,,missing_pdb,False
A0KFM9,,missing_pdb,False
A0KFQ0,,missing_pdb,False
A0KFR1,,missing_pdb,False
A0KFR3,,missing_pdb,False
A0KFS3,,missing_pdb,False
A0KFS8,,missing_pdb,False
A0KFU5,,missing_pdb,False
A0KFV1,,missing_pdb,False
A0KFX7,,missing_pdb,False
A0KFX9,,missing_pdb,False
A0KFY2,,missing_pdb,False
A0KFZ5,,missing_pdb,False
A0KG11,,missing_pdb,False
A0KG23,,missing_pdb,False
A0KG35,,missing_pdb,False
A0KG60,,missing_pdb,False
A0KG77,,missing_pdb,False
A0KG90,,missing_pdb,False
A0KGA6,,missing_pdb,False
A0KGC5,,missing_pdb,False
A0KGE3,,missing_pdb,False
A0KGI4,,missing_pdb,False
A0KGI6,,missing_pdb,False
A0KGJ0,,missing_pdb,False
A0KGL6,,missing_pdb,False
A0KGL7,,missing_pdb,False
A0KGM3,,missing_pdb,False
A0KGP0,,missing_pdb,False
A0KGP5,,missing_pdb,False
A0KGR3,,missing_pdb,False
A0KGR9,,missing_pdb,False
A0KGS1,,missing_pdb,False
A0KGS7,,missing_pdb,False
A0KGS9,,missing_pdb,False
A0KGU1,,missing_pdb,False
A0KGX7,,missing_pdb,False
A0KGX8,,missing_pdb,False
A0KGY6,,missing_pdb,False
A0KGZ4,,missing_pdb,False
A0KGZ6,,missing_pdb,False
A0KH03,,missing_pdb,False
A0KH04,,missing_pdb,False
A0KH32,,missing_pdb,False
A0KH83,,missing_pdb,False
A0KH89,,missing_pdb,False
A0KHC3,,missing_pdb,False
A0KHC8,,missing_pdb,False
A0KHC9,,missing_pdb,False
A0KHE5,,missing_pdb,False
A0KHF2,,missing_pdb,False
A0KHF7,,missing_pdb,False
A0KHG0,,missing_pdb,False
A0KHH2,,missing_pdb,False
A0KHH5,,missing_pdb,False
A0KHH9,,missing_pdb,False
A0KHL8,,missing_pdb,False
A0KHN0,,missing_pdb,False
A0KHS3,,missing_pdb,False
A0KHU1,,missing_pdb,False
A0KHX9,,missing_pdb,False
A0KHY1,,missing_pdb,False
A0KHZ8,,missing_pdb,False
A0KI05,,missing_pdb,False
A0KI18,,missing_pdb,False
A0KI24,,missing_pdb,False
A0KI43,,missing_pdb,False
A0KI57,,missing_pdb,False
A0KI69,,missing_pdb,False
A0KI70,,missing_pdb,False
A0KIB4,,missing_pdb,False
A0KIB5,,missing_pdb,False
A0KIB6,,missing_pdb,False
A0KIB7,,missing_pdb,False
A0KIC4,,missing_pdb,False
A0KIE0,,missing_pdb,False
A0KIE7,,missing_pdb,False
A0KIF2,,missing_pdb,False
A0KIF4,,missing_pdb,False
A0KIF8,,missing_pdb,False
A0KIG1,,missing_pdb,False
A0KIJ8,,missing_pdb,False
A0KIK5,,missing_pdb,False
A0KIL1,,missing_pdb,False
A0KIM4,,missing_pdb,False
A0KIM5,,missing_pdb,False
A0KIM7,,missing_pdb,False
A0KIM8,,missing_pdb,False
A0KIN9,,missing_pdb,False
A0KIP5,,missing_pdb,False
A0KIR3,,missing_pdb,False
A0KIT8,,missing_pdb,False
A0KIU2,,missing_pdb,False
A0KIX4,,missing_pdb,False
A0KIZ5,,missing_pdb,False
A0KIZ9,,missing_pdb,False
A0KJ11,,missing_pdb,False
A0KJ18,,missing_pdb,False
A0KJ21,,missing_pdb,False
A0KJ37,,missing_pdb,False
A0KJ38,,missing_pdb,False
A0KJ46,,missing_pdb,False
A0KJ65,,missing_pdb,False
A0KJ73,,missing_pdb,False
A0KJ75,,missing_pdb,False
A0KJ86,,missing_pdb,False
A0KJ90,,missing_pdb,False
A0KJ92,,missing_pdb,False
A0KJA0,,missing_pdb,False
A0KJB5,,missing_pdb,False
A0KJB6,,missing_pdb,False
A0KJB8,,missing_pdb,False
A0KJC4,,missing_pdb,False
A0KJC8,,missing_pdb,False
A0KJD5,,missing_pdb,False
A0KJE3,,missing_pdb,False
A0KJF1,,missing_pdb,False
A0KJF5,,missing_pdb,False
A0KJH3,,missing_pdb,False
A0KJH9,,missing_pdb,False
A0KJM1,,missing_pdb,False
A0KJM5,,missing_pdb,False
A0KJP0,,missing_pdb,False
A0KJQ9,,missing_pdb,False
A0KJS5,,missing_pdb,False
A0KJT6,,missing_pdb,False
A0KJU5,,missing_pdb,False
A0KJX6,,missing_pdb,False
A0KJY2,,missing_pdb,False
A0KJZ6,,missing_pdb,False
A0KJZ7,,missing_pdb,False
A0KJZ9,,missing_pdb,False
A0KK31,,missing_pdb,False
A0KK32,,missing_pdb,False
A0KK50,,missing_pdb,False
A0KK56,,missing_pdb,False
A0KK68,,missing_pdb,False
A0KK85,,missing_pdb,False
A0KK90,,missing_pdb,False
A0KKA8,,missing_pdb,False
A0KKB3,,missing_pdb,False
A0KKB4,,missing_pdb,False
A0KKD0,,missing_pdb,False
A0KKD4,,missing_pdb,False
A0KKD5,,missing_pdb,False
A0KKE2,,missing_pdb,False
A0KKF0,,missing_pdb,False
A0KKF9,,missing_pdb,False
A0KKG5,,missing_pdb,False
A0KKG9,,missing_pdb,False
A0KKJ3,,missing_pdb,False
A0KKJ6,,missing_pdb,False
A0KKK2,,missing_pdb,False
A0KKK3,,missing_pdb,False
A0KKM0,,missing_pdb,False
A0KKM5,,missing_pdb,False
A0KKQ3,,missing_pdb,False
A0KKQ5,,missing_pdb,False
A0KKR8,,missing_pdb,False
A0KKS8,,missing_pdb,False
A0KKT3,,missing_pdb,False
A0KKT7,,missing_pdb,False
A0KKU4,,missing_pdb,False
A0KKV0,,missing_pdb,False
A0KKX9,,missing_pdb,False
A0KKZ8,,missing_pdb,False
A0KL22,,missing_pdb,False
A0KL23,,missing_pdb,False
A0KL25,,missing_pdb,False
A0KL28,,missing_pdb,False
A0KL29,,missing_pdb,False
A0KL49,,missing_pdb,False
A0KL51,,missing_pdb,False
A0KL77,,missing_pdb,False
A0KLA4,,missing_pdb,False
A0KLB0,,missing_pdb,False
A0KLE4,,missing_pdb,False
A0KLE6,,missing_pdb,False
A0KLG0,,missing_pdb,False
A0KLG1,,missing_pdb,False
A0KLG3,,missing_pdb,False
A0KLG5,,missing_pdb,False
A0KLJ9,,missing_pdb,False
A0KLK2,,missing_pdb,False
A0KLM1,,missing_pdb,False
A0KLN3,,missing_pdb,False
A0KLR6,,missing_pdb,False
A0KLT2,,missing_pdb,False
A0KLU0,,missing_pdb,False
A0KLV2,,missing_pdb,False
A0KLX0,,missing_pdb,False
A0KLX1,,missing_pdb,False
A0KLY0,,missing_pdb,False
A0KLZ0,,missing_pdb,False
A0KLZ1,,missing_pdb,False
A0KM26,,missing_pdb,False
A0KM50,,missing_pdb,False
A0KM55,,missing_pdb,False
A0KM63,,missing_pdb,False
A0KM68,,missing_pdb,False
A0KM74,,missing_pdb,False
A0KMA1,,missing_pdb,False
A0KMC0,,missing_pdb,False
A0KMD6,,missing_pdb,False
A0KME9,,missing_pdb,False
A0KMF0,,missing_pdb,False
A0KMF1,,missing_pdb,False
A0KMG1,,missing_pdb,False
A0KMK8,,missing_pdb,False
A0KML4,,missing_pdb,False
A0KMM3,,missing_pdb,False
A0KMM5,,missing_pdb,False
A0KMN2,,missing_pdb,False
A0KMN5,,missing_pdb,False
A0KMN6,,missing_pdb,False
A0KMP2,,missing_pdb,False
A0KMP6,,missing_pdb,False
A0KMR3,,missing_pdb,False
A0KMR4,,missing_pdb,False
A0KMV0,,missing_pdb,False
A0KMX5,,missing_pdb,False
A0KMZ0,,missing_pdb,False
A0KMZ4,,missing_pdb,False
A0KN01,,missing_pdb,False
A0KN04,,missing_pdb,False
A0KN22,,missing_pdb,False
A0KN25,,missing_pdb,False
A0KN67,,missing_pdb,False
A0KN84,,missing_pdb,False
A0KN92,,missing_pdb,False
A0KNC4,,missing_pdb,False
A0KND3,,missing_pdb,False
A0KND5,,missing_pdb,False
A0KNE1,,missing_pdb,False
A0KNG2,,missing_pdb,False
A0KNG7,,missing_pdb,False
A0KNH5,,missing_pdb,False
A0KNH6,,missing_pdb,False
A0KNP3,,missing_pdb,False
A0KNP4,,missing_pdb,False
A0KNR1,,missing_pdb,False
A0KNS9,,missing_pdb,False
A0KNT5,,missing_pdb,False
A0KNT6,,missing_pdb,False
A0KNU3,,missing_pdb,False
A0KNV4,,missing_pdb,False
A0KNV7,,missing_pdb,False
A0KNW5,,missing_pdb,False
A0KP05,,missing_pdb,False
A0KP06,,missing_pdb,False
A0KP16,,missing_pdb,False
A0KP19,,missing_pdb,False
A0KP57,,missing_pdb,False
A0KP70,,missing_pdb,False
A0KP72,,missing_pdb,False
A0KP86,,missing_pdb,False
A0KP92,,missing_pdb,False
A0KPA6,,missing_pdb,False
A0KPC5,,missing_pdb,False
A0KPC8,,missing_pdb,False
A0KPD5,,missing_pdb,False
A0KPG7,,missing_pdb,False
A0KPJ3,,missing_pdb,False
A0KPJ5,,missing_pdb,False
A0KPK2,,missing_pdb,False
A0KPL7,,missing_pdb,False
A0KPL8,,missing_pdb,False
A0KPR6,,missing_pdb,False
A0KPS5,,missing_pdb,False
A0KPS7,,missing_pdb,False
A0KPU9,,missing_pdb,False
A0KPV2,,missing_pdb,False
A0KPY1,,missing_pdb,False
A0KPY6,,missing_pdb,False
A0KPY9,,missing_pdb,False
A0KPZ2,,missing_pdb,False
A0KQ05,,missing_pdb,False
A0KQ16,,missing_pdb,False
A0KQ22,,missing_pdb,False
A0KQ25,,missing_pdb,False
A0KQ27,,missing_pdb,False
A0KQ32,,missing_pdb,False
A0KQ52,,missing_pdb,False
A0KQ63,,missing_pdb,False
A0KQ91,,missing_pdb,False
A0KQ94,,missing_pdb,False
A0KQC2,,missing_pdb,False
A0KQC3,,missing_pdb,False
A0KQE7,,missing_pdb,False
A0KQE8,,missing_pdb,False
A0KQF3,,missing_pdb,False
A0KQJ1,,missing_pdb,False
A0KQJ3,,missing_pdb,False
A0KQJ4,,missing_pdb,False
A0KQK8,,missing_pdb,False
A0KQL3,,missing_pdb,False
A0KQN2,,missing_pdb,False
A0KQR3,,missing_pdb,False
A0KQT0,,missing_pdb,False
A0KQU0,,missing_pdb,False
A0KQV7,,missing_pdb,False
A0KQW2,,missing_pdb,False
A0KQY2,,missing_pdb,False
A0KQY6,,missing_pdb,False
A0KQY7,,missing_pdb,False
A0KQY8,,missing_pdb,False
A0KQZ0,,missing_pdb,False
A0KQZ9,,missing_pdb,False
A0KR23,,missing_pdb,False
A0MZ66-3,,missing_pdb,False
A0PJW6,,missing_pdb,False
A0PJY2,,missing_pdb,False
A0PJZ3,,missing_pdb,False
A0PK05,,missing_pdb,False
A0QZZ6,,missing_pdb,False
A0R5G1,,missing_pdb,False
A1A546,,missing_pdb,False
A1A5B6,,missing_pdb,False
A1A5M4,,missing_pdb,False
A1A5P0,,missing_pdb,False
A1A5P2,,missing_pdb,False
A1A5Q7,,missing_pdb,False
A1A708,,missing_pdb,False
A1BQX7,,missing_pdb,False
A1DYF1,,missing_pdb,False
A1EC95,,missing_pdb,False
A1EGX6,,missing_pdb,False
A1L020,,missing_pdb,False
A1L167,,missing_pdb,False
A1L170,,missing_pdb,False
A1L1J6,,missing_pdb,False
A1L4T4,,missing_pdb,False
A1XC18,,missing_pdb,False
A1YIY0,,missing_pdb,False
A1Z6M0,,missing_pdb,False
A1Z6M6,,missing_pdb,False
A1Z7K2,,missing_pdb,False
A1Z7U8,,missing_pdb,False
A1Z7W1,,missing_pdb,False
A1Z7X7,,missing_pdb,False
A1Z830,,missing_pdb,False
A1Z8F4,,missing_pdb,False
A1Z8S6,,missing_pdb,False
A1Z909,,missing_pdb,False
A1Z917,,missing_pdb,False
A1Z934,,missing_pdb,False
A1Z9E2,,missing_pdb,False
A1Z9S5,,missing_pdb,False
A1ZBE9,,missing_pdb,False
A1ZBU9,,missing_pdb,False
A2A274,,missing_pdb,False
A2A6Q5,,missing_pdb,False
A2A715,,missing_pdb,False
A2A761,,missing_pdb,False
A2A791,,missing_pdb,False
A2A7K5,,missing_pdb,False
A2A7S7,,missing_pdb,False
A2A995,,missing_pdb,False
A2AA59,,missing_pdb,False
A2AAE1,,missing_pdb,False
A2AAJ9,,missing_pdb,False
A2AE89,,missing_pdb,False
A2AEY4,,missing_pdb,False
A2AF73,,missing_pdb,False
A2AFI6,,missing_pdb,False
A2AFQ0,,missing_pdb,False
A2AG50,,missing_pdb,False
A2AG51,,missing_pdb,False
A2AG58,,missing_pdb,False
A2AGX3,,missing_pdb,False
A2AIL4,,missing_pdb,False
A2AJD1,,missing_pdb,False
A2AJN7,,missing_pdb,False
A2AJQ3,,missing_pdb,False
A2AJT5,,missing_pdb,False
A2AKQ0,,missing_pdb,False
A2ALK6,,missing_pdb,False
A2ALV5,,missing_pdb,False
A2AM29,,missing_pdb,False
A2AQH4,,missing_pdb,False
A2AQM9,,missing_pdb,False
A2AR39,,missing_pdb,False
A2ARI4,,missing_pdb,False
A2ARS0,,missing_pdb,False
A2ARV4,,missing_pdb,False
A2ARZ3,,missing_pdb,False
A2AU61,,missing_pdb,False
A2AUC9,,missing_pdb,False
A2AUM9,,missing_pdb,False
A2AWT3,,missing_pdb,False
A2BDX3,,missing_pdb,False
A2BE93,,missing_pdb,False
A2BG91,,missing_pdb,False
A2BG95,,missing_pdb,False
A2BI37,,missing_pdb,False
A2BI50,,missing_pdb,False
A2CES4,,missing_pdb,False
A2CG63,,missing_pdb,False
A2CJ06,,missing_pdb,False
A2PYH4,,missing_pdb,False
A2RRH5,,missing_pdb,False
A2RRP1,/data/ranran/my_ptm/croton/data/structure_pipeline/pdb/A2RRP1.pdb,exact_sequence_match,True
A2RRU1,,missing_pdb,False
A2RT67,,missing_pdb,False
A2RTY3,,missing_pdb,False
A2RUB6,,missing_pdb,False
A2RUC4,,missing_pdb,False
A2TJV2,,missing_pdb,False
A2VDJ0,,missing_pdb,False
A2ZRJ6,,missing_pdb,False
A2ZVC0,,missing_pdb,False
A2ZWC8,,missing_pdb,False
A2ZXK1,,missing_pdb,False
A2ZZB2,,missing_pdb,False
A3A1E1,,missing_pdb,False
A3A4E0,,missing_pdb,False
A3AA34,,missing_pdb,False
A3AC52,,missing_pdb,False
A3ADD4,,missing_pdb,False
A3AFB4,,missing_pdb,False
A3AFU4,,missing_pdb,False
A3AG12,,missing_pdb,False
A3AGU3,,missing_pdb,False
A3AHG5,,missing_pdb,False
A3ALA6,,missing_pdb,False
A3AM18,,missing_pdb,False
A3ANF4,,missing_pdb,False
A3ANI8,,missing_pdb,False
A3ANK5,,missing_pdb,False
A3ANV4,,missing_pdb,False
A3AQ64,,missing_pdb,False
A3AW02,,missing_pdb,False
A3AXC5,,missing_pdb,False
A3B7K0,,missing_pdb,False
A3B840,,missing_pdb,False
A3BDQ6,,missing_pdb,False
A3BG06,,missing_pdb,False
A3BH24,,missing_pdb,False
A3BIW8,,missing_pdb,False
A3BKF2,,missing_pdb,False
A3BLC4,,missing_pdb,False
A3BNI4,,missing_pdb,False
A3BP24,,missing_pdb,False
A3BPA9,,missing_pdb,False
A3BPB0,,missing_pdb,False
A3BQT1,,missing_pdb,False
A3BRQ1,,missing_pdb,False
A3BRT1,,missing_pdb,False
A3BYR8,,missing_pdb,False
A3C3S1,,missing_pdb,False
A3CAM9,,missing_pdb,False
A3CHZ2,,missing_pdb,False
A3CI32,,missing_pdb,False
A3CYJ1,,missing_pdb,False
A3CYK2,,missing_pdb,False
A3CYK9,,missing_pdb,False
A3CYM2,,missing_pdb,False
A3CYM4,,missing_pdb,False
A3CYM5,,missing_pdb,False
A3CYN6,,missing_pdb,False
A3CYP3,,missing_pdb,False
A3CYP5,,missing_pdb,False
A3CYQ0,,missing_pdb,False
A3CYQ1,,missing_pdb,False
A3CYQ4,,missing_pdb,False
A3CYQ5,,missing_pdb,False
A3CYQ7,,missing_pdb,False
A3CYR2,,missing_pdb,False
A3CYS8,,missing_pdb,False
A3CYV8,,missing_pdb,False
A3CZ00,,missing_pdb,False
A3CZ05,,missing_pdb,False
A3CZ09,,missing_pdb,False
A3CZ14,,missing_pdb,False
A3CZ40,,missing_pdb,False
A3CZ45,,missing_pdb,False
A3CZ46,,missing_pdb,False
A3CZ47,,missing_pdb,False
A3CZ51,,missing_pdb,False
A3CZ52,,missing_pdb,False
A3CZ53,,missing_pdb,False
A3CZ54,,missing_pdb,False
A3CZ56,,missing_pdb,False
A3CZ95,,missing_pdb,False
A3CZ98,,missing_pdb,False
A3CZA0,,missing_pdb,False
A3CZA2,,missing_pdb,False
A3CZA4,,missing_pdb,False
A3CZB5,,missing_pdb,False
A3CZC4,,missing_pdb,False
A3CZC9,,missing_pdb,False
A3CZD3,,missing_pdb,False
A3CZE0,,missing_pdb,False
A3CZF6,,missing_pdb,False
A3CZF9,,missing_pdb,False
A3CZG1,,missing_pdb,False
A3CZG2,,missing_pdb,False
A3CZG5,,missing_pdb,False
A3CZH6,,missing_pdb,False
A3CZH8,,missing_pdb,False
A3CZL3,,missing_pdb,False
A3CZL7,,missing_pdb,False
A3CZL8,,missing_pdb,False
A3CZM5,,missing_pdb,False
A3CZM6,,missing_pdb,False
A3CZN0,,missing_pdb,False
A3CZN6,,missing_pdb,False
A3CZP0,,missing_pdb,False
A3CZP6,,missing_pdb,False
A3CZP7,,missing_pdb,False
A3CZQ2,,missing_pdb,False
A3CZQ9,,missing_pdb,False
A3CZR8,,missing_pdb,False
A3CZR9,,missing_pdb,False
A3CZT9,,missing_pdb,False
A3CZV3,,missing_pdb,False
A3CZV8,,missing_pdb,False
A3CZW2,,missing_pdb,False
A3CZX9,,missing_pdb,False
A3CZY4,,missing_pdb,False
A3D001,,missing_pdb,False
A3D002,,missing_pdb,False
A3D003,,missing_pdb,False
A3D018,,missing_pdb,False
A3D053,,missing_pdb,False
A3D054,,missing_pdb,False
A3D060,,missing_pdb,False
A3D061,,missing_pdb,False
A3D062,,missing_pdb,False
A3D077,,missing_pdb,False
A3D081,,missing_pdb,False
A3D0A4,,missing_pdb,False
A3D0A9,,missing_pdb,False
A3D0B8,,missing_pdb,False
A3D0C9,,missing_pdb,False
A3D0D0,,missing_pdb,False
A3D0E2,,missing_pdb,False
A3D0E6,,missing_pdb,False
A3D0G2,,missing_pdb,False
A3D0H9,,missing_pdb,False
A3D0I4,,missing_pdb,False
A3D0L7,,missing_pdb,False
A3D0M4,,missing_pdb,False
A3D0M5,,missing_pdb,False
A3D0M8,,missing_pdb,False
A3D0N5,,missing_pdb,False
A3D0P9,,missing_pdb,False
A3D0S1,,missing_pdb,False
A3D0U3,,missing_pdb,False
A3D0U9,,missing_pdb,False
A3D0W1,,missing_pdb,False
A3D0X1,,missing_pdb,False
A3D0X2,,missing_pdb,False
A3D0X6,,missing_pdb,False
A3D0X7,,missing_pdb,False
A3D0Y0,,missing_pdb,False
A3D0Y2,,missing_pdb,False
A3D0Z2,,missing_pdb,False
A3D0Z6,,missing_pdb,False
A3D102,,missing_pdb,False
A3D137,,missing_pdb,False
A3D141,,missing_pdb,False
A3D150,,missing_pdb,False
A3D151,,missing_pdb,False
A3D152,,missing_pdb,False
A3D174,,missing_pdb,False
A3D185,,missing_pdb,False
A3D190,,missing_pdb,False
A3D1A2,,missing_pdb,False
A3D1B9,,missing_pdb,False
A3D1D2,,missing_pdb,False
A3D1E1,,missing_pdb,False
A3D1E8,,missing_pdb,False
A3D1F6,,missing_pdb,False
A3D1G2,,missing_pdb,False
A3D1L2,,missing_pdb,False
A3D1P7,,missing_pdb,False
A3D1Q2,,missing_pdb,False
A3D1Q9,,missing_pdb,False
A3D1R1,,missing_pdb,False
A3D1R2,,missing_pdb,False
A3D1R6,,missing_pdb,False
A3D1T5,,missing_pdb,False
A3D1V7,,missing_pdb,False
A3D1X1,,missing_pdb,False
A3D1X6,,missing_pdb,False
A3D1X8,,missing_pdb,False
A3D1Y7,,missing_pdb,False
A3D1Z4,,missing_pdb,False
A3D205,,missing_pdb,False
A3D206,,missing_pdb,False
A3D262,,missing_pdb,False
A3D264,,missing_pdb,False
A3D270,,missing_pdb,False
A3D272,,missing_pdb,False
A3D275,,missing_pdb,False
A3D283,,missing_pdb,False
A3D292,,missing_pdb,False
A3D2B1,,missing_pdb,False
A3D2B7,,missing_pdb,False
A3D2D1,,missing_pdb,False
A3D2F6,,missing_pdb,False
A3D2F8,,missing_pdb,False
A3D2H7,,missing_pdb,False
A3D2H8,,missing_pdb,False
A3D2I0,,missing_pdb,False
A3D2I6,,missing_pdb,False
A3D2K4,,missing_pdb,False
A3D2K9,,missing_pdb,False
A3D2L3,,missing_pdb,False
A3D2L5,,missing_pdb,False
A3D2L6,,missing_pdb,False
A3D2P0,,missing_pdb,False
A3D2P2,,missing_pdb,False
A3D2Q4,,missing_pdb,False
A3D2T6,,missing_pdb,False
A3D2U8,,missing_pdb,False
A3D2V2,,missing_pdb,False
A3D2X5,,missing_pdb,False
A3D2X7,,missing_pdb,False
A3D2Y7,,missing_pdb,False
A3D2Y9,,missing_pdb,False
A3D2Z0,,missing_pdb,False
A3D2Z1,,missing_pdb,False
A3D311,,missing_pdb,False
A3D317,,missing_pdb,False
A3D321,,missing_pdb,False
A3D322,,missing_pdb,False
A3D332,,missing_pdb,False
A3D340,,missing_pdb,False
A3D343,,missing_pdb,False
A3D344,,missing_pdb,False
A3D346,,missing_pdb,False
A3D353,,missing_pdb,False
A3D358,,missing_pdb,False
A3D360,,missing_pdb,False
A3D367,,missing_pdb,False
A3D370,,missing_pdb,False
A3D381,,missing_pdb,False
A3D3A3,,missing_pdb,False
A3D3A6,,missing_pdb,False
A3D3A7,,missing_pdb,False
A3D3E2,,missing_pdb,False
A3D3F3,,missing_pdb,False
A3D3F9,,missing_pdb,False
A3D3G0,,missing_pdb,False
A3D3G6,,missing_pdb,False
A3D3H5,,missing_pdb,False
A3D3I7,,missing_pdb,False
A3D3I9,,missing_pdb,False
A3D3J1,,missing_pdb,False
A3D3J4,,missing_pdb,False
A3D3J5,,missing_pdb,False
A3D3K7,,missing_pdb,False
A3D3M2,,missing_pdb,False
A3D3M4,,missing_pdb,False
A3D3M5,,missing_pdb,False
A3D3N1,,missing_pdb,False
A3D3N8,,missing_pdb,False
A3D3N9,,missing_pdb,False
A3D3P2,,missing_pdb,False
A3D3P3,,missing_pdb,False
A3D3P8,,missing_pdb,False
A3D3Q0,,missing_pdb,False
A3D3Q2,,missing_pdb,False
A3D3Q6,,missing_pdb,False
A3D3S3,,missing_pdb,False
A3D3S4,,missing_pdb,False
A3D3S7,,missing_pdb,False
A3D3S8,,missing_pdb,False
A3D3U0,,missing_pdb,False
A3D3U4,,missing_pdb,False
A3D3V6,,missing_pdb,False
A3D3W2,,missing_pdb,False
A3D432,,missing_pdb,False
A3D434,,missing_pdb,False
A3D440,,missing_pdb,False
A3D474,,missing_pdb,False
A3D480,,missing_pdb,False
A3D496,,missing_pdb,False
A3D4B4,,missing_pdb,False
A3D4D6,,missing_pdb,False
A3D4D7,,missing_pdb,False
A3D4E1,,missing_pdb,False
A3D4F9,,missing_pdb,False
A3D4I3,,missing_pdb,False
A3D4I9,,missing_pdb,False
A3D4J0,,missing_pdb,False
A3D4J1,,missing_pdb,False
A3D4Q2,,missing_pdb,False
A3D4Q5,,missing_pdb,False
A3D4Q6,,missing_pdb,False
A3D4R0,,missing_pdb,False
A3D4R7,,missing_pdb,False
A3D4S3,,missing_pdb,False
A3D4S8,,missing_pdb,False
A3D4U4,,missing_pdb,False
A3D4V5,,missing_pdb,False
A3D4W1,,missing_pdb,False
A3D4Y6,,missing_pdb,False
A3D4Y7,,missing_pdb,False
A3D4Z3,,missing_pdb,False
A3D535,,missing_pdb,False
A3D536,,missing_pdb,False
A3D538,,missing_pdb,False
A3D539,,missing_pdb,False
A3D553,,missing_pdb,False
A3D554,,missing_pdb,False
A3D558,,missing_pdb,False
A3D569,,missing_pdb,False
A3D571,,missing_pdb,False
A3D573,,missing_pdb,False
A3D574,,missing_pdb,False
A3D579,,missing_pdb,False
A3D596,,missing_pdb,False
A3D5B6,,missing_pdb,False
A3D5D5,,missing_pdb,False
A3D5E4,,missing_pdb,False
A3D5F6,,missing_pdb,False
A3D5G1,,missing_pdb,False
A3D5G2,,missing_pdb,False
A3D5H6,,missing_pdb,False
A3D5I2,,missing_pdb,False
A3D5K5,,missing_pdb,False
A3D5K9,,missing_pdb,False
A3D5L4,,missing_pdb,False
A3D5L5,,missing_pdb,False
A3D5L7,,missing_pdb,False
A3D5L9,,missing_pdb,False
A3D5M3,,missing_pdb,False
A3D5N3,,missing_pdb,False
A3D5N9,,missing_pdb,False
A3D5Q4,,missing_pdb,False
A3D5R7,,missing_pdb,False
A3D5S0,,missing_pdb,False
A3D5S7,,missing_pdb,False
A3D5T0,,missing_pdb,False
A3D5U3,,missing_pdb,False
A3D5U5,,missing_pdb,False
A3D5V9,,missing_pdb,False
A3D5W0,,missing_pdb,False
A3D5X0,,missing_pdb,False
A3D5Y3,,missing_pdb,False
A3D605,,missing_pdb,False
A3D607,,missing_pdb,False
A3D614,,missing_pdb,False
A3D629,,missing_pdb,False
A3D639,,missing_pdb,False
A3D660,,missing_pdb,False
A3D674,,missing_pdb,False
A3D680,,missing_pdb,False
A3D690,,missing_pdb,False
A3D697,,missing_pdb,False
A3D699,,missing_pdb,False
A3D6A0,,missing_pdb,False
A3D6A6,,missing_pdb,False
A3D6A8,,missing_pdb,False
A3D6B8,,missing_pdb,False
A3D6E9,,missing_pdb,False
A3D6F2,,missing_pdb,False
A3D6G5,,missing_pdb,False
A3D6I8,,missing_pdb,False
A3D6L1,,missing_pdb,False
A3D6L4,,missing_pdb,False
A3D6L5,,missing_pdb,False
A3D6M9,,missing_pdb,False
A3D6N8,,missing_pdb,False
A3D6P5,,missing_pdb,False
A3D6R3,,missing_pdb,False
A3D6R7,,missing_pdb,False
A3D6S0,,missing_pdb,False
A3D6S1,,missing_pdb,False
A3D6T8,,missing_pdb,False
A3D6U5,,missing_pdb,False
A3D6U7,,missing_pdb,False
A3D6V6,,missing_pdb,False
A3D6W1,,missing_pdb,False
A3D6W3,,missing_pdb,False
A3D6X0,,missing_pdb,False
A3D6Y5,,missing_pdb,False
A3D6Z8,,missing_pdb,False
A3D703,,missing_pdb,False
A3D709,,missing_pdb,False
A3D725,,missing_pdb,False
A3D738,,missing_pdb,False
A3D752,,missing_pdb,False
A3D767,,missing_pdb,False
A3D769,,missing_pdb,False
A3D773,,missing_pdb,False
A3D775,,missing_pdb,False
A3D781,,missing_pdb,False
A3D789,,missing_pdb,False
A3D791,,missing_pdb,False
A3D797,,missing_pdb,False
A3D799,,missing_pdb,False
A3D7B5,,missing_pdb,False
A3D7B6,,missing_pdb,False
A3D7B7,,missing_pdb,False
A3D7C5,,missing_pdb,False
A3D7G3,,missing_pdb,False
A3D7G6,,missing_pdb,False
A3D7H0,,missing_pdb,False
A3D7L5,,missing_pdb,False
A3D7N5,,missing_pdb,False
A3D7P4,,missing_pdb,False
A3D7P7,,missing_pdb,False
A3D7Q6,,missing_pdb,False
A3D7Q7,,missing_pdb,False
A3D7S5,,missing_pdb,False
A3D7S7,,missing_pdb,False
A3D7S8,,missing_pdb,False
A3D7U6,,missing_pdb,False
A3D7W9,,missing_pdb,False
A3D7X3,,missing_pdb,False
A3D7Y8,,missing_pdb,False
A3D7Z7,,missing_pdb,False
A3D801,,missing_pdb,False
A3D810,,missing_pdb,False
A3D821,,missing_pdb,False
A3D835,,missing_pdb,False
A3D839,,missing_pdb,False
A3D842,,missing_pdb,False
A3D859,,missing_pdb,False
A3D864,,missing_pdb,False
A3D868,,missing_pdb,False
A3D870,,missing_pdb,False
A3D871,,missing_pdb,False
A3D872,,missing_pdb,False
A3D874,,missing_pdb,False
A3D8D4,,missing_pdb,False
A3D8E4,,missing_pdb,False
A3D8E7,,missing_pdb,False
A3D8F2,,missing_pdb,False
A3D8H7,,missing_pdb,False
A3D8I7,,missing_pdb,False
A3D8I8,,missing_pdb,False
A3D8J3,,missing_pdb,False
A3D8L4,,missing_pdb,False
A3D8M6,,missing_pdb,False
A3D8Q1,,missing_pdb,False
A3D8S0,,missing_pdb,False
A3D8S1,,missing_pdb,False
A3D8S4,,missing_pdb,False
A3D8X2,,missing_pdb,False
A3D8Z1,,missing_pdb,False
A3D8Z6,,missing_pdb,False
A3D904,,missing_pdb,False
A3D923,,missing_pdb,False
A3D958,,missing_pdb,False
A3D973,,missing_pdb,False
A3D976,,missing_pdb,False
A3D9A6,,missing_pdb,False
A3D9B5,,missing_pdb,False
A3D9D8,,missing_pdb,False
A3D9F2,,missing_pdb,False
A3D9F6,,missing_pdb,False
A3D9F8,,missing_pdb,False
A3D9G2,,missing_pdb,False
A3D9G6,,missing_pdb,False
A3D9I1,,missing_pdb,False
A3D9I3,,missing_pdb,False
A3D9J2,,missing_pdb,False
A3D9J6,,missing_pdb,False
A3D9K5,,missing_pdb,False
A3D9R1,,missing_pdb,False
A3D9R2,,missing_pdb,False
A3D9R4,,missing_pdb,False
A3D9Z3,,missing_pdb,False
A3DA20,,missing_pdb,False
A3DA32,,missing_pdb,False
A3DA70,,missing_pdb,False
A3DA84,,missing_pdb,False
A3DA86,,missing_pdb,False
A3DAA7,,missing_pdb,False
A3DAA8,,missing_pdb,False
A3DAE1,,missing_pdb,False
A3DAF8,,missing_pdb,False
A3DAH4,,missing_pdb,False
A3DAH5,,missing_pdb,False
A3DAJ0,,missing_pdb,False
A3DAR3,,missing_pdb,False
A3KG93,,missing_pdb,False
A3KGI2,,missing_pdb,False
A3KGV1,,missing_pdb,False
A3KMH1,/data/ranran/my_ptm/croton/data/structure_pipeline/pdb/A3KMH1.pdb,exact_sequence_match,True
A3KN83,/data/ranran/my_ptm/croton/data/structure_pipeline/pdb/A3KN83.pdb,exact_sequence_match,True
A3KN83-4,,missing_pdb,False
A3RLX8,,missing_pdb,False
A4D1E9,/data/ranran/my_ptm/croton/data/structure_pipeline/pdb/A4D1E9.pdb,exact_sequence_match,True
A4D1N5,,missing_pdb,False
A4D1S0,,missing_pdb,False
A4D263,,missing_pdb,False
A4D2B8,,missing_pdb,False
A4D2E1,,missing_pdb,False
A4D2H0,,missing_pdb,False
A4D2Q0,,missing_pdb,False
A4D9A6,,missing_pdb,False
A4D9A8,,missing_pdb,False
A4D9C4,,missing_pdb,False
A4D9E7,,missing_pdb,False
A4D9G0,,missing_pdb,False
A4D9H7,,missing_pdb,False
A4D9I8,,missing_pdb,False
A4D9J5,,missing_pdb,False
A4D9K0,,missing_pdb,False
A4D9K2,,missing_pdb,False
A4D9K5,,missing_pdb,False
A4D9L0,,missing_pdb,False
A4D9M6,,missing_pdb,False
A4D9N6,,missing_pdb,False
A4D9Q9,,missing_pdb,False
A4D9U6,,missing_pdb,False
A4DA02,,missing_pdb,False
A4DA08,,missing_pdb,False
A4DA32,,missing_pdb,False
A4DA37,,missing_pdb,False
A4DA61,,missing_pdb,False
A4DA81,,missing_pdb,False
A4DA87,,missing_pdb,False
A4DA91,,missing_pdb,False
A4F3X8,,missing_pdb,False
A4F476,,missing_pdb,False
A4F5N2,,missing_pdb,False
A4F5P0,,missing_pdb,False
A4F5R2,,missing_pdb,False
A4F5V3,,missing_pdb,False
A4F5V9,,missing_pdb,False
A4F5Z9,,missing_pdb,False
A4F609,,missing_pdb,False
A4F627,,missing_pdb,False
A4F644,,missing_pdb,False
A4F645,,missing_pdb,False
A4F646,,missing_pdb,False
A4F677,,missing_pdb,False
A4F6F7,,missing_pdb,False
A4F6I4,,missing_pdb,False
A4F6I7,,missing_pdb,False
A4F6J5,,missing_pdb,False
A4F6L0,,missing_pdb,False
A4F6S0,,missing_pdb,False
A4F6S8,,missing_pdb,False
A4F6T4,,missing_pdb,False
A4F6T6,,missing_pdb,False
A4F6V6,,missing_pdb,False
A4F710,,missing_pdb,False
A4F755,,missing_pdb,False
A4F761,,missing_pdb,False
A4F782,,missing_pdb,False
A4F787,,missing_pdb,False
A4F788,,missing_pdb,False
A4F795,,missing_pdb,False
A4F7B5,,missing_pdb,False
A4F7D0,,missing_pdb,False
A4F7F1,,missing_pdb,False
A4F7G4,,missing_pdb,False
A4F7K7,,missing_pdb,False
A4F7P5,,missing_pdb,False
A4F7T4,,missing_pdb,False
A4F7U3,,missing_pdb,False
A4F7X7,,missing_pdb,False
A4F7Y5,,missing_pdb,False
A4F819,,missing_pdb,False
A4F833,,missing_pdb,False
A4F866,,missing_pdb,False
A4F868,,missing_pdb,False
A4F873,,missing_pdb,False
A4F879,,missing_pdb,False
A4F898,,missing_pdb,False
A4F8A7,,missing_pdb,False
A4F8G2,,missing_pdb,False
A4F8H0,,missing_pdb,False
A4F8I6,,missing_pdb,False
A4F8J9,,missing_pdb,False
A4F8K1,,missing_pdb,False
A4F8L7,,missing_pdb,False
A4F8P3,,missing_pdb,False
A4F8P6,,missing_pdb,False
A4F8P8,,missing_pdb,False
A4F8R1,,missing_pdb,False
A4F9C3,,missing_pdb,False
A4F9D5,,missing_pdb,False
A4F9F6,,missing_pdb,False
A4F9J6,,missing_pdb,False
A4F9K3,,missing_pdb,False
A4F9M9,,missing_pdb,False
A4F9P5,,missing_pdb,False
A4F9T0,,missing_pdb,False
A4F9T3,,missing_pdb,False
A4F9V4,,missing_pdb,False
A4F9X1,,missing_pdb,False
A4F9X3,,missing_pdb,False
A4F9X7,,missing_pdb,False
A4F9Z5,,missing_pdb,False
A4FA18,,missing_pdb,False
A4FA31,,missing_pdb,False
A4FA59,,missing_pdb,False
A4FA70,,missing_pdb,False
A4FA85,,missing_pdb,False
A4FA97,,missing_pdb,False
A4FA98,,missing_pdb,False
A4FAD1,,missing_pdb,False
A4FAD5,,missing_pdb,False
A4FAF1,,missing_pdb,False
A4FAG3,,missing_pdb,False
A4FAJ3,,missing_pdb,False
A4FAJ7,,missing_pdb,False
A4FAK6,,missing_pdb,False
A4FAL2,,missing_pdb,False
A4FAN6,,missing_pdb,False
A4FAN8,,missing_pdb,False
A4FAP5,,missing_pdb,False
A4FAP8,,missing_pdb,False
A4FAQ5,,missing_pdb,False
A4FAR3,,missing_pdb,False
A4FAU8,,missing_pdb,False
A4FAV9,,missing_pdb,False
A4FAX0,,missing_pdb,False
A4FAY1,,missing_pdb,False
A4FAZ8,,missing_pdb,False
A4FBB3,,missing_pdb,False
A4FBC4,,missing_pdb,False
A4FBF9,,missing_pdb,False
A4FBI0,,missing_pdb,False
A4FBJ9,,missing_pdb,False
A4FBL7,,missing_pdb,False
A4FBM6,,missing_pdb,False
A4FBR9,,missing_pdb,False
A4FBT3,,missing_pdb,False
A4FBY4,,missing_pdb,False
A4FBZ2,,missing_pdb,False
A4FCL3,,missing_pdb,False
A4FCW3,,missing_pdb,False
A4FD45,,missing_pdb,False
A4FD53,,missing_pdb,False
A4FDE5,,missing_pdb,False
A4FDV3,,missing_pdb,False
A4FEC7,,missing_pdb,False
A4FEK4,,missing_pdb,False
A4FEN0,,missing_pdb,False
A4FEU9,,missing_pdb,False
A4FEV0,,missing_pdb,False
A4FFJ1,,missing_pdb,False
A4FFJ2,,missing_pdb,False
A4FFJ9,,missing_pdb,False
A4FFL3,,missing_pdb,False
A4FG54,,missing_pdb,False
A4FGJ5,,missing_pdb,False
A4FGM2,,missing_pdb,False
A4FGM4,,missing_pdb,False
A4FGS4,,missing_pdb,False
A4FGU2,,missing_pdb,False
A4FGZ5,,missing_pdb,False
A4FH19,,missing_pdb,False
A4FHH4,,missing_pdb,False
A4FHP5,,missing_pdb,False
A4FIF5,,missing_pdb,False
A4FIF6,,missing_pdb,False
A4FIF7,,missing_pdb,False
A4FIG0,,missing_pdb,False
A4FIG8,,missing_pdb,False
A4FIH6,,missing_pdb,False
A4FIN0,,missing_pdb,False
A4FIQ0,,missing_pdb,False
A4FIQ9,,missing_pdb,False
A4FIS6,,missing_pdb,False
A4FIZ9,,missing_pdb,False
A4FK67,,missing_pdb,False
A4FKM6,,missing_pdb,False
A4FKT7,,missing_pdb,False
A4FKU1,,missing_pdb,False
A4FLE4,,missing_pdb,False
A4FLK7,,missing_pdb,False
A4FLU1,,missing_pdb,False
A4FLW0,,missing_pdb,False
A4FLY0,,missing_pdb,False
A4FM00,,missing_pdb,False
A4FM08,,missing_pdb,False
A4FM20,,missing_pdb,False
A4FM34,,missing_pdb,False
A4FM73,,missing_pdb,False
A4FMK2,,missing_pdb,False
A4FMP0,,missing_pdb,False
A4FMY9,,missing_pdb,False
A4FN85,,missing_pdb,False
A4FNB9,,missing_pdb,False
A4FNC9,,missing_pdb,False
A4FNF0,,missing_pdb,False
A4FNG4,,missing_pdb,False
A4FNI7,,missing_pdb,False
A4FNI8,,missing_pdb,False
A4FNV9,,missing_pdb,False
A4FNX7,,missing_pdb,False
A4FP29,,missing_pdb,False
A4FP30,,missing_pdb,False
A4FP56,,missing_pdb,False
A4FP76,,missing_pdb,False
A4FP81,,missing_pdb,False
A4FPA3,,missing_pdb,False
A4FPD9,,missing_pdb,False
A4FPF1,,missing_pdb,False
A4FPG2,,missing_pdb,False
A4FPG3,,missing_pdb,False
A4FPI6,,missing_pdb,False
A4FPJ2,,missing_pdb,False
A4FPK9,,missing_pdb,False
A4FPL2,,missing_pdb,False
A4FPL7,,missing_pdb,False
A4FPL9,,missing_pdb,False
A4FPM0,,missing_pdb,False
A4FPR5,,missing_pdb,False
A4FPT5,,missing_pdb,False
A4FPU2,,missing_pdb,False
A4FPW7,,missing_pdb,False
A4FQ01,,missing_pdb,False
A4FQ26,,missing_pdb,False
A4FQB9,,missing_pdb,False
A4FQE2,,missing_pdb,False
A4FQQ4,,missing_pdb,False
A4FQX7,,missing_pdb,False
A4FU69,,missing_pdb,False
A4GU99,,missing_pdb,False
A4GYZ3,,missing_pdb,False
A4GYZ5,,missing_pdb,False
A4Q9E8,,missing_pdb,False
A4QXX4,,missing_pdb,False
A4R6S0,,missing_pdb,False
A4UQN7,,missing_pdb,False
A4V310,,missing_pdb,False
A4Z6H0,,missing_pdb,False
A5A3E0,,missing_pdb,False
A5D8V6,/data/ranran/my_ptm/croton/data/structure_pipeline/pdb/A5D8V6.pdb,exact_sequence_match,True
A5D8V7,,missing_pdb,False
A5HK05,,missing_pdb,False
A5PLK6,,missing_pdb,False
A5PLL7,,missing_pdb,False
A5YKK6,/data/ranran/my_ptm/croton/data/structure_pipeline/pdb/A5YKK6.pdb,exact_sequence_match,True
A6H5X4,,missing_pdb,False
A6H8H5,,missing_pdb,False
A6N861,,missing_pdb,False
A6NC57,,missing_pdb,False
A6NCI4,/data/ranran/my_ptm/croton/data/structure_pipeline/pdb/A6NCI4.pdb,exact_sequence_match,True
A6NCI8,,missing_pdb,False
A6NCL7,,missing_pdb,False
A6NCW7,,missing_pdb,False
A6ND36,/data/ranran/my_ptm/croton/data/structure_pipeline/pdb/A6ND36.pdb,exact_sequence_match,True
A6NDG6,/data/ranran/my_ptm/croton/data/structure_pipeline/pdb/A6NDG6.pdb,exact_sequence_match,True
A6NDI0,,missing_pdb,False
A6NDK9,,missing_pdb,False
A6NDU8,/data/ranran/my_ptm/croton/data/structure_pipeline/pdb/A6NDU8.pdb,exact_sequence_match,True
A6NDY0-4,,missing_pdb,False
A6NE01,,missing_pdb,False
A6NE21,,missing_pdb,False
A6NEC2,,missing_pdb,False
A6NEE1,,missing_pdb,False
A6NEL0,,missing_pdb,False
A6NEN9,,missing_pdb,False
A6NFI3,,missing_pdb,False
A6NFQ2,,missing_pdb,False
A6NFX8,,missing_pdb,False
A6NGA9,,missing_pdb,False
A6NGH7,,missing_pdb,False
A6NGY1,,missing_pdb,False
A6NHB5,,missing_pdb,False
A6NHG4,,missing_pdb,False
A6NHN0,,missing_pdb,False
A6NHR9-3,,missing_pdb,False
A6NHX0,/data/ranran/my_ptm/croton/data/structure_pipeline/pdb/A6NHX0.pdb,exact_sequence_match,True
A6NI28,,missing_pdb,False
A6NJ78,,missing_pdb,False
A6NJV1,,missing_pdb,False
A6NKF1,,missing_pdb,False
A6NKP2,,missing_pdb,False
A6NLF2,,missing_pdb,False
A6NMK7,,missing_pdb,False
A6NMN0,,missing_pdb,False
A6NMZ2,,missing_pdb,False
A6NNL0,,missing_pdb,False
A6NNM8,,missing_pdb,False
A6NNT2,,missing_pdb,False
A6NNW6,,missing_pdb,False
A6NNY8,,missing_pdb,False
A6PVC2,,missing_pdb,False
A6PWD2,,missing_pdb,False
A6PWX7,,missing_pdb,False
A6Q0N8,,missing_pdb,False
A6QRJ6,,missing_pdb,False
A6QRK4,,missing_pdb,False
A6QS77,,missing_pdb,False
A6QSB1,,missing_pdb,False
A6QSE5,,missing_pdb,False
A6QSJ7,,missing_pdb,False
A6QSP8,,missing_pdb,False
A6QSY0,,missing_pdb,False
A6QSY1,,missing_pdb,False
A6QT51,,missing_pdb,False
A6QT79,,missing_pdb,False
A6QTG5,,missing_pdb,False
A6QTH7,,missing_pdb,False
A6QTM9,,missing_pdb,False
A6QTT6,,missing_pdb,False
A6QTV8,,missing_pdb,False
A6QUC4,,missing_pdb,False
A6QUE9,,missing_pdb,False
A6QUJ3,,missing_pdb,False
A6QUS9,,missing_pdb,False
A6QV61,,missing_pdb,False
A6QV98,,missing_pdb,False
A6QVB1,,missing_pdb,False
A6QVE0,,missing_pdb,False
A6QVF2,,missing_pdb,False
A6QVG1,,missing_pdb,False
A6QVP4,,missing_pdb,False
A6QVY6,,missing_pdb,False
A6QWM7,,missing_pdb,False
A6QWN7,,missing_pdb,False
A6QWU0,,missing_pdb,False
A6QWV4,,missing_pdb,False
A6QX52,,missing_pdb,False
A6QXG1,,missing_pdb,False
A6QXN6,,missing_pdb,False
A6QYE5,,missing_pdb,False
A6QYE7,,missing_pdb,False
A6QYM5,,missing_pdb,False
A6QYR2,,missing_pdb,False
A6QYW3,,missing_pdb,False
A6QYZ4,,missing_pdb,False
A6QZF7,,missing_pdb,False
A6QZM3,,missing_pdb,False
A6QZN9,,missing_pdb,False
A6QZQ6,,missing_pdb,False
A6R047,,missing_pdb,False
A6R048,,missing_pdb,False
A6R051,,missing_pdb,False
A6R0S4,,missing_pdb,False
A6R164,,missing_pdb,False
A6R1E8,,missing_pdb,False
A6R1Z2,,missing_pdb,False
A6R263,,missing_pdb,False
A6R2M2,,missing_pdb,False
A6R341,,missing_pdb,False
A6R393,,missing_pdb,False
A6R3G5,,missing_pdb,False
A6R3L6,,missing_pdb,False
A6R3L9,,missing_pdb,False
A6R3M3,,missing_pdb,False
A6R3V5,,missing_pdb,False
A6R3X9,,missing_pdb,False
A6R3Y5,,missing_pdb,False
A6R400,,missing_pdb,False
A6R403,,missing_pdb,False
A6R410,,missing_pdb,False
A6R474,,missing_pdb,False
A6R495,,missing_pdb,False
A6R4A3,,missing_pdb,False
A6R4F7,,missing_pdb,False
A6R4X5,,missing_pdb,False
A6R533,,missing_pdb,False
A6R598,,missing_pdb,False
A6R5K3,,missing_pdb,False
A6R5S8,,missing_pdb,False
A6R5S9,,missing_pdb,False
A6R5Y5,,missing_pdb,False
A6R617,,missing_pdb,False
A6R642,,missing_pdb,False
A6R6C9,,missing_pdb,False
A6R749,,missing_pdb,False
A6R7B6,,missing_pdb,False
A6R7P3,,missing_pdb,False
A6R7S8,,missing_pdb,False
A6R7Z0,,missing_pdb,False
A6R807,,missing_pdb,False
A6R821,,missing_pdb,False
A6R863,,missing_pdb,False
A6R8G9,,missing_pdb,False
A6R8V0,,missing_pdb,False
A6R971,,missing_pdb,False
A6R9G9,,missing_pdb,False
A6R9X6,,missing_pdb,False
A6RA39,,missing_pdb,False
A6RAC7,,missing_pdb,False
A6RAH2,,missing_pdb,False
A6RAK0,,missing_pdb,False
A6RAU8,,missing_pdb,False
A6RAW2,,missing_pdb,False
A6RAX2,,missing_pdb,False
A6RB25,,missing_pdb,False
A6RB27,,missing_pdb,False
A6RBB8,,missing_pdb,False
A6RBG4,,missing_pdb,False
A6RBH0,,missing_pdb,False
A6RBM0,,missing_pdb,False
A6RBU0,,missing_pdb,False
A6RBU7,,missing_pdb,False
A6RC31,,missing_pdb,False
A6RCH2,,missing_pdb,False
A6RCH3,,missing_pdb,False
A6RCI7,,missing_pdb,False
A6RD03,,missing_pdb,False
A6RD79,,missing_pdb,False
A6RDC8,,missing_pdb,False
A6RDR9,,missing_pdb,False
A6RE01,,missing_pdb,False
A6RE95,,missing_pdb,False
A6REI8,,missing_pdb,False
A6REL5,,missing_pdb,False
A6REZ0,,missing_pdb,False
A6RF89,,missing_pdb,False
A6RFE3,,missing_pdb,False
A6RFF3,,missing_pdb,False
A6RFN8,,missing_pdb,False
A6RG50,,missing_pdb,False
A6RG55,,missing_pdb,False
A6RG78,,missing_pdb,False
A6RGA2,,missing_pdb,False
A6RGC0,,missing_pdb,False
A6RGC2,,missing_pdb,False
A6RGU0,,missing_pdb,False
A6RH25,,missing_pdb,False
A6RH28,,missing_pdb,False
A6RHI1,,missing_pdb,False
A6RMI1,,missing_pdb,False
A6S146,,missing_pdb,False
A6S544,,missing_pdb,False
A6SEH9,,missing_pdb,False
A6SFV4,,missing_pdb,False
A6SIJ6,,missing_pdb,False
A6SK81,,missing_pdb,False
A6XPK3,,missing_pdb,False
A6ZKI3,,missing_pdb,False
A7BFV9,,missing_pdb,False
A7E2U8,,missing_pdb,False
A7E2V4,,missing_pdb,False
A7KAX9,,missing_pdb,False
A7M7Q8,,missing_pdb,False
A7U7N4,,missing_pdb,False
A7UDW6,,missing_pdb,False
A7WQ42,,missing_pdb,False
A7XGN8,,missing_pdb,False
A7XV14,,missing_pdb,False
A8DUK4,,missing_pdb,False
A8IHN8,,missing_pdb,False
A8JUV0,,missing_pdb,False
A8K855,,missing_pdb,False
A8MT69,,missing_pdb,False
A8MTZ0,,missing_pdb,False
A8MU46,,missing_pdb,False
A8MU93,,missing_pdb,False
A8MUS3,,missing_pdb,False
A8MUU1,,missing_pdb,False
A8MV65,,missing_pdb,False
A8MVJ9,,missing_pdb,False
A8MW92,,missing_pdb,False
A8MX80,,missing_pdb,False
A8MXB7,,missing_pdb,False
A8MXP9,,missing_pdb,False
A8MXV4,,missing_pdb,False
A8MYA2,,missing_pdb,False
A8MYV0,,missing_pdb,False
A8MZA4,,missing_pdb,False
A8QQC6,,missing_pdb,False
A8R5V3,,missing_pdb,False
A8Y5N8,,missing_pdb,False
A9IYQ1,,missing_pdb,False
A9LNM8,,missing_pdb,False
A9U8G4,,missing_pdb,False
A9UHW6,/data/ranran/my_ptm/croton/data/structure_pipeline/pdb/A9UHW6.pdb,exact_sequence_match,True
A9UMW3,,missing_pdb,False
A9YTQ3,,missing_pdb,False
A9ZPI6,,missing_pdb,False
B0BN18,,missing_pdb,False
B0BN72,,missing_pdb,False
B0BN73,,missing_pdb,False
B0BNB8,,missing_pdb,False
B0BND2,,missing_pdb,False
B0BNE3,,missing_pdb,False
B0BNL7,,missing_pdb,False
B0BNM9,,missing_pdb,False
B0BNN3,,missing_pdb,False
B0F9S8,,missing_pdb,False
B0F9T0,,missing_pdb,False
B0K014,,missing_pdb,False
B0K019,,missing_pdb,False
B0K020,,missing_pdb,False
B0K026,,missing_pdb,False
B0K034,,missing_pdb,False
B0QYN7,,missing_pdb,False
B0XS74,,missing_pdb,False
B0XYY2,,missing_pdb,False
B0Y4I9,,missing_pdb,False
B0ZF09,,missing_pdb,False
B1AHD1,,missing_pdb,False
B1AKR6,,missing_pdb,False
B1AL88,,missing_pdb,False
B1ANH3,,missing_pdb,False
B1AP13,,missing_pdb,False
B1AR13,,missing_pdb,False
B1AR17,,missing_pdb,False
B1AT82,,missing_pdb,False
B1AUH1,,missing_pdb,False
B1AUX2,,missing_pdb,False
B1AWN8,,missing_pdb,False
B1AWZ3,,missing_pdb,False
B1AX33,,missing_pdb,False
B1AYU4,,missing_pdb,False
B1B1D3,,missing_pdb,False
B1H228,,missing_pdb,False
B1H273,,missing_pdb,False
B1H286,,missing_pdb,False
B1H288,,missing_pdb,False
B1MAD5,,missing_pdb,False
B1MAV0,,missing_pdb,False
B1MB20,,missing_pdb,False
B1MB47,,missing_pdb,False
B1MB85,,missing_pdb,False
B1MBG1,,missing_pdb,False
B1MC25,,missing_pdb,False
B1MC37,,missing_pdb,False
B1MC71,,missing_pdb,False
B1MCF1,,missing_pdb,False
B1MCH9,,missing_pdb,False
B1MCI2,,missing_pdb,False
B1MCU2,,missing_pdb,False
B1MCV1,,missing_pdb,False
B1MD34,,missing_pdb,False
B1MD35,,missing_pdb,False
B1MD48,,missing_pdb,False
B1MD66,,missing_pdb,False
B1MDH8,,missing_pdb,False
B1MDL3,,missing_pdb,False
B1MDM6,,missing_pdb,False
B1MDT7,,missing_pdb,False
B1MED3,,missing_pdb,False
B1MEF6,,missing_pdb,False
B1MEF9,,missing_pdb,False
B1MEK6,,missing_pdb,False
B1MEL6,,missing_pdb,False
B1MEM8,,missing_pdb,False
B1MET7,,missing_pdb,False
B1MEV1,,missing_pdb,False
B1MEV6,,missing_pdb,False
B1MEW2,,missing_pdb,False
B1MEZ8,,missing_pdb,False
B1MF26,,missing_pdb,False
B1MF62,,missing_pdb,False
B1MF99,,missing_pdb,False
B1MFA0,,missing_pdb,False
B1MFL7,,missing_pdb,False
B1MFV4,,missing_pdb,False
B1MFW7,,missing_pdb,False
B1MG17,,missing_pdb,False
B1MG22,,missing_pdb,False
B1MG49,,missing_pdb,False
B1MG73,,missing_pdb,False
B1MG83,,missing_pdb,False
B1MGS5,,missing_pdb,False
B1MGY1,,missing_pdb,False
B1MH90,,missing_pdb,False
B1MH93,,missing_pdb,False
B1MHD5,,missing_pdb,False
B1MHH3,,missing_pdb,False
B1MHJ1,,missing_pdb,False
B1MHQ8,,missing_pdb,False
B1MIG7,,missing_pdb,False
B1MIN6,,missing_pdb,False
B1MIN7,,missing_pdb,False
B1MIP1,,missing_pdb,False
B1MIT2,,missing_pdb,False
B1MIU5,,missing_pdb,False
B1MJ90,,missing_pdb,False
B1MJA0,,missing_pdb,False
B1MJB0,,missing_pdb,False
B1MJH5,,missing_pdb,False
B1MJI6,,missing_pdb,False
B1MJQ0,,missing_pdb,False
B1MJV1,,missing_pdb,False
B1MJY3,,missing_pdb,False
B1MJY4,,missing_pdb,False
B1MJY6,,missing_pdb,False
B1MK07,,missing_pdb,False
B1MK30,,missing_pdb,False
B1MK96,,missing_pdb,False
B1MKN2,,missing_pdb,False
B1MKV6,,missing_pdb,False
B1MKW1,,missing_pdb,False
B1ML32,,missing_pdb,False
B1ML36,,missing_pdb,False
B1MLD7,,missing_pdb,False
B1MLJ7,,missing_pdb,False
B1MLQ2,,missing_pdb,False
B1MLT5,,missing_pdb,False
B1MLX8,,missing_pdb,False
B1MMI1,,missing_pdb,False
B1MMJ3,,missing_pdb,False
B1MMN0,,missing_pdb,False
B1MMX5,,missing_pdb,False
B1MMY3,,missing_pdb,False
B1MMY9,,missing_pdb,False
B1MN03,,missing_pdb,False
B1MN51,,missing_pdb,False
B1MNW4,,missing_pdb,False
B1MP48,,missing_pdb,False
B1MPB3,,missing_pdb,False
B1MPD9,,missing_pdb,False
B1PLB1,,missing_pdb,False
B1WBY7,,missing_pdb,False
B1WC26,,missing_pdb,False
B1WC28,,missing_pdb,False
B1WC37,,missing_pdb,False
B1WC45,,missing_pdb,False
B1WC69,,missing_pdb,False
B1XHW6,,missing_pdb,False
B1XHY6,,missing_pdb,False
B1XHZ1,,missing_pdb,False
B1XHZ7,,missing_pdb,False
B1XI94,,missing_pdb,False
B1XIA1,,missing_pdb,False
B1XIZ3,,missing_pdb,False
B1XJH0,,missing_pdb,False
B1XJH1,,missing_pdb,False
B1XJH8,,missing_pdb,False
B1XJP0,,missing_pdb,False
B1XJS6,,missing_pdb,False
B1XJS8,,missing_pdb,False
B1XK79,,missing_pdb,False
B1XKA0,,missing_pdb,False
B1XKH1,,missing_pdb,False
B1XKY8,,missing_pdb,False
B1XL01,,missing_pdb,False
B1XLP1,,missing_pdb,False
B1XM20,,missing_pdb,False
B1XM24,,missing_pdb,False
B1XMP0,,missing_pdb,False
B1XN58,,missing_pdb,False
B1XNE8,,missing_pdb,False
B1XNN1,,missing_pdb,False
B1XP08,,missing_pdb,False
B1XPE2,,missing_pdb,False
B1XQQ0,,missing_pdb,False
B2GUZ6,,missing_pdb,False
B2GUZ9,,missing_pdb,False
B2GV14,,missing_pdb,False
B2GV25,,missing_pdb,False
B2GV89,,missing_pdb,False
B2GV97,,missing_pdb,False
B2KFW1-2,,missing_pdb,False
B2RR24,,missing_pdb,False
B2RRE4,,missing_pdb,False
B2RS91,,missing_pdb,False
B2RT41,,missing_pdb,False
B2RTY4,,missing_pdb,False
B2RU90,,missing_pdb,False
B2RUR4,,missing_pdb,False
B2RV13,,missing_pdb,False
B2RWQ8,,missing_pdb,False
B2RX14,,missing_pdb,False
B2RXC6,,missing_pdb,False
B2RYJ1,,missing_pdb,False
B2RYJ2,,missing_pdb,False
B2RYJ4,,missing_pdb,False
B2RYJ6,,missing_pdb,False
B2RYN2,,missing_pdb,False
B2RYN3,,missing_pdb,False
B2RYP3,,missing_pdb,False
B2RYS3,,missing_pdb,False
B2RYS8,,missing_pdb,False
B2RYT0,,missing_pdb,False
B2RYT7,,missing_pdb,False
B2RYW3,,missing_pdb,False
B2RYW4,,missing_pdb,False
B2RZ11,,missing_pdb,False
B2RZ17,,missing_pdb,False
B2RZ21,,missing_pdb,False
B2RZ38,,missing_pdb,False
B2RZ74,,missing_pdb,False
B2RZ86,,missing_pdb,False
B2RZA5,,missing_pdb,False
B2RZB7,,missing_pdb,False
B2RZD6,,missing_pdb,False
B2RZD7,,missing_pdb,False
B3GLJ6,,missing_pdb,False
B3KPL2,,missing_pdb,False
B3KSH1,,missing_pdb,False
B3KT37,,missing_pdb,False
B3KUP0,,missing_pdb,False
B3KW44,,missing_pdb,False
B3TN47,,missing_pdb,False
B3TN49,,missing_pdb,False
B3TN71,,missing_pdb,False
B3TN78,,missing_pdb,False
B3TN89,,missing_pdb,False
B3TN96,,missing_pdb,False
B3TNB8,,missing_pdb,False
B3TNB9,,missing_pdb,False
B3W655,,missing_pdb,False
B4DJL6,,missing_pdb,False
B4DL54,,missing_pdb,False
B4DLN1,,missing_pdb,False
B4DN88,,missing_pdb,False
B4DUT8,,missing_pdb,False
B4DXI4,,missing_pdb,False
B4DZM6,,missing_pdb,False
B4E3W4,,missing_pdb,False
B4F777,,missing_pdb,False
B4F789,,missing_pdb,False
B4F7A1,,missing_pdb,False
B4F7B2,,missing_pdb,False
B5B7Q2,,missing_pdb,False
B5DEL3,,missing_pdb,False
B5DEM5,,missing_pdb,False
B5DES0,,missing_pdb,False
B5DF05,,missing_pdb,False
B5DF13,,missing_pdb,False
B5DF24,,missing_pdb,False
B5DF51,,missing_pdb,False
B5DF65,,missing_pdb,False
B5DF85,,missing_pdb,False
B5DF96,,missing_pdb,False
B5DFC6,,missing_pdb,False
B5DFC9,,missing_pdb,False
B5DFD8,,missing_pdb,False
B5DFI8,,missing_pdb,False
B5DFK2,,missing_pdb,False
B5DFL5,,missing_pdb,False
B5DFL9,,missing_pdb,False
B5DFN3,,missing_pdb,False
B5FVB3,,missing_pdb,False
B5FVC6,,missing_pdb,False
B5FVD3,,missing_pdb,False
B5FVG1,,missing_pdb,False
B5FVG6,,missing_pdb,False
B5MDF5,,missing_pdb,False
B5ME97,,missing_pdb,False
B5RSJ5,,missing_pdb,False
B5RSJ8,,missing_pdb,False
B5RSM3,,missing_pdb,False
B5TV66,,missing_pdb,False
B5TVM2,,missing_pdb,False
B6K8K9,,missing_pdb,False
B6K901,,missing_pdb,False
B6K917,,missing_pdb,False
B6K922,,missing_pdb,False
B6K967,,missing_pdb,False
B6K9C3,,missing_pdb,False
B6K9T8,,missing_pdb,False
B6K9Y8,,missing_pdb,False
B6KA42,,missing_pdb,False
B6KA45,,missing_pdb,False
B6KA83,,missing_pdb,False
B6KAF0,,missing_pdb,False
B6KB88,,missing_pdb,False
B6KBH4,,missing_pdb,False
B6KBI1,,missing_pdb,False
B6KDA4,,missing_pdb,False
B6KDT5,,missing_pdb,False
B6KDU7,,missing_pdb,False
B6KFE8,,missing_pdb,False
B6KFK3,,missing_pdb,False
B6KGF8,,missing_pdb,False
B6KGG5,,missing_pdb,False
B6KGP5,,missing_pdb,False
B6KGU7,,missing_pdb,False
B6KGY9,,missing_pdb,False
B6KH14,,missing_pdb,False
B6KHG4,,missing_pdb,False
B6KHI4,,missing_pdb,False
B6KHI8,,missing_pdb,False
B6KHN2,,missing_pdb,False
B6KHR7,,missing_pdb,False
B6KHT0,,missing_pdb,False
B6KJ31,,missing_pdb,False
B6KJ66,,missing_pdb,False
B6KJA4,,missing_pdb,False
B6KJD4,,missing_pdb,False
B6KJP8,,missing_pdb,False
B6KJT4,,missing_pdb,False
B6KJW4,,missing_pdb,False
B6KK02,,missing_pdb,False
B6KKZ2,,missing_pdb,False
B6KKZ7,,missing_pdb,False
B6KL12,,missing_pdb,False
B6KNZ3,,missing_pdb,False
B6KP56,,missing_pdb,False
B6KP76,,missing_pdb,False
B6KP77,,missing_pdb,False
B6KRY2,,missing_pdb,False
B6KSU6,,missing_pdb,False
B6KSV8,,missing_pdb,False
B6KT42,,missing_pdb,False
B6KT44,,missing_pdb,False
B6KU18,,missing_pdb,False
B6KUG4,,missing_pdb,False
B6KVH5,,missing_pdb,False
B6KVK1,,missing_pdb,False
B7EHG8,,missing_pdb,False
B7EJ81,,missing_pdb,False
B7ERZ5,,missing_pdb,False
B7F3S5,,missing_pdb,False
B7F6T2,,missing_pdb,False
B7F8F4,,missing_pdb,False
B7FA44,,missing_pdb,False
B7Z0I8,,missing_pdb,False
B7Z596,,missing_pdb,False
B7Z6Z4,,missing_pdb,False
B7ZAQ6,/data/ranran/my_ptm/croton/data/structure_pipeline/pdb/B7ZAQ6.pdb,exact_sequence_match,True
B7ZB46,,missing_pdb,False
B7ZBB8,,missing_pdb,False
B7ZCD1,,missing_pdb,False
B7ZCI2,,missing_pdb,False
B7ZME0,,missing_pdb,False
B8JJC1,,missing_pdb,False
B8MVZ9,,missing_pdb,False
B8MW01,,missing_pdb,False
B8MW24,,missing_pdb,False
B8MWJ7,,missing_pdb,False
B8MWT1,,missing_pdb,False
B8MX19,,missing_pdb,False
B8MX84,,missing_pdb,False
B8MXA6,,missing_pdb,False
B8MXA7,,missing_pdb,False
B8MXB1,,missing_pdb,False
B8MXS8,,missing_pdb,False
B8MXT0,,missing_pdb,False
B8MXT1,,missing_pdb,False
B8MY54,,missing_pdb,False
B8MY86,,missing_pdb,False
B8MY92,,missing_pdb,False
B8MYC6,,missing_pdb,False
B8MYF2,,missing_pdb,False
B8MYL7,,missing_pdb,False
B8MZD4,,missing_pdb,False
B8MZV2,,missing_pdb,False
B8N001,,missing_pdb,False
B8N014,,missing_pdb,False
B8N0D0,,missing_pdb,False
B8N0J5,,missing_pdb,False
B8N0R2,,missing_pdb,False
B8N106,,missing_pdb,False
B8N170,,missing_pdb,False
B8N180,,missing_pdb,False
B8N1D7,,missing_pdb,False
B8N1I1,,missing_pdb,False
B8N1N5,,missing_pdb,False
B8N1R2,,missing_pdb,False
B8N1U3,,missing_pdb,False
B8N226,,missing_pdb,False
B8N234,,missing_pdb,False
B8N240,,missing_pdb,False
B8N283,,missing_pdb,False
B8N286,,missing_pdb,False
B8N2H5,,missing_pdb,False
B8N2K3,,missing_pdb,False
B8N327,,missing_pdb,False
B8N338,,missing_pdb,False
B8N391,,missing_pdb,False
B8N3E1,,missing_pdb,False
B8N3M3,,missing_pdb,False
B8N3Q2,,missing_pdb,False
B8N3Q4,,missing_pdb,False
B8N3U7,,missing_pdb,False
B8N465,,missing_pdb,False
B8N4F0,,missing_pdb,False
B8N4G1,,missing_pdb,False
B8N4H7,,missing_pdb,False
B8N4S4,,missing_pdb,False
B8N4T3,,missing_pdb,False
B8N4V5,,missing_pdb,False
B8N508,,missing_pdb,False
B8N540,,missing_pdb,False
B8N589,,missing_pdb,False
B8N5L3,,missing_pdb,False
B8N5M8,,missing_pdb,False
B8N5Z4,,missing_pdb,False
B8N6U0,,missing_pdb,False
B8N716,,missing_pdb,False
B8N7D0,,missing_pdb,False
B8N8D6,,missing_pdb,False
B8N8V0,,missing_pdb,False
B8N940,,missing_pdb,False
B8N9G4,,missing_pdb,False
B8N9L3,,missing_pdb,False
B8N9S3,,missing_pdb,False
B8N9T9,,missing_pdb,False
B8N9W7,,missing_pdb,False
B8NA08,,missing_pdb,False
B8NA13,,missing_pdb,False
B8NA87,,missing_pdb,False
B8NAS7,,missing_pdb,False
B8NAS8,,missing_pdb,False
B8NB18,,missing_pdb,False
B8NB23,,missing_pdb,False
B8NBL0,,missing_pdb,False
B8NBN0,,missing_pdb,False
B8NBX2,,missing_pdb,False
B8NBY1,,missing_pdb,False
B8NC16,,missing_pdb,False
B8NCW4,,missing_pdb,False
B8ND05,,missing_pdb,False
B8ND30,,missing_pdb,False
B8NDA6,,missing_pdb,False
B8NDC1,,missing_pdb,False
B8NDW6,,missing_pdb,False
B8NDY4,,missing_pdb,False
B8NDZ3,,missing_pdb,False
B8NEG2,,missing_pdb,False
B8NEL2,,missing_pdb,False
B8NEN9,,missing_pdb,False
B8NES9,,missing_pdb,False
B8NFF2,,missing_pdb,False
B8NFF8,,missing_pdb,False
B8NG77,,missing_pdb,False
B8NGA5,,missing_pdb,False
B8NGD9,,missing_pdb,False
B8NGH4,,missing_pdb,False
B8NGL0,,missing_pdb,False
B8NGP4,,missing_pdb,False
B8NGR8,,missing_pdb,False
B8NH51,,missing_pdb,False
B8NHB5,,missing_pdb,False
B8NHF8,,missing_pdb,False
B8NHK7,,missing_pdb,False
B8NHT9,,missing_pdb,False
B8NHW6,,missing_pdb,False
B8NI19,,missing_pdb,False
B8NI20,,missing_pdb,False
B8NI22,,missing_pdb,False
B8NI24,,missing_pdb,False
B8NI45,,missing_pdb,False
B8NIA0,,missing_pdb,False
B8NIF2,,missing_pdb,False
B8NIJ3,,missing_pdb,False
B8NIP0,,missing_pdb,False
B8NIW7,,missing_pdb,False
B8NJ02,,missing_pdb,False
B8NJ04,,missing_pdb,False
B8NJ12,,missing_pdb,False
B8NJ19,,missing_pdb,False
B8NJ39,,missing_pdb,False
B8NJB2,,missing_pdb,False
B8NJL2,,missing_pdb,False
B8NK53,,missing_pdb,False
B8NKB3,,missing_pdb,False
B8NKF3,,missing_pdb,False
B8NKR8,,missing_pdb,False
B8NL20,,missing_pdb,False
B8NL21,,missing_pdb,False
B8NMA3,,missing_pdb,False
B8NMC7,,missing_pdb,False
B8NMV8,,missing_pdb,False
B8NNB5,,missing_pdb,False
B8NP75,,missing_pdb,False
B8NPA7,,missing_pdb,False
B8NPC0,,missing_pdb,False
B8NPE5,,missing_pdb,False
B8NPG7,,missing_pdb,False
B8NPW6,,missing_pdb,False
B8NQ19,,missing_pdb,False
B8NQ74,,missing_pdb,False
B8NQA5,,missing_pdb,False
B8NQD0,,missing_pdb,False
B8NQL8,,missing_pdb,False
B8NQM9,,missing_pdb,False
B8NQS9,,missing_pdb,False
B8NQW9,,missing_pdb,False
B8NR11,,missing_pdb,False
B8NR18,,missing_pdb,False
B8NR95,,missing_pdb,False
B8NRV2,,missing_pdb,False
B8NRV3,,missing_pdb,False
B8NS36,,missing_pdb,False
B8NSD6,,missing_pdb,False
B8NSG4,,missing_pdb,False
B8NSN2,,missing_pdb,False
B8NSS8,,missing_pdb,False
B8NT52,,missing_pdb,False
B8NU07,,missing_pdb,False
B8NU85,,missing_pdb,False
B8NUA8,,missing_pdb,False
B8NUC3,,missing_pdb,False
B8NV11,,missing_pdb,False
B8NV28,,missing_pdb,False
B8NVA7,,missing_pdb,False
B8NVB0,,missing_pdb,False
B8NVG9,,missing_pdb,False
B8NVI0,,missing_pdb,False
B8NVP7,,missing_pdb,False
B8NVQ0,,missing_pdb,False
B8NW05,,missing_pdb,False
B8NW18,,missing_pdb,False
B8NW28,,missing_pdb,False
B8NW31,,missing_pdb,False
B8NWB0,,missing_pdb,False
B8NWD0,,missing_pdb,False
B8NWI9,,missing_pdb,False
B8NX24,,missing_pdb,False
B8NXI0,,missing_pdb,False
B8NXN0,,missing_pdb,False
B8NYQ1,,missing_pdb,False
B8NZ05,,missing_pdb,False
B8ZZN6,,missing_pdb,False
B9EJ86,,missing_pdb,False
B9ETR7,,missing_pdb,False
B9EUK1,,missing_pdb,False
B9EVB6,,missing_pdb,False
B9EWQ9,,missing_pdb,False
B9EWX0,,missing_pdb,False
B9EXJ7,,missing_pdb,False
B9EZ83,,missing_pdb,False
B9EZQ3,,missing_pdb,False
B9F032,,missing_pdb,False
B9F058,,missing_pdb,False
B9F0Q1,,missing_pdb,False
B9F0Z2,,missing_pdb,False
B9F1Z3,,missing_pdb,False
B9F269,,missing_pdb,False
B9F274,,missing_pdb,False
B9F2B2,,missing_pdb,False
B9F2K2,,missing_pdb,False
B9F2U3,,missing_pdb,False
B9F355,,missing_pdb,False
B9F3K3,,missing_pdb,False
B9F3Z5,,missing_pdb,False
B9F3Z7,,missing_pdb,False
B9F478,,missing_pdb,False
B9F4A1,,missing_pdb,False
B9F4M9,,missing_pdb,False
B9F522,,missing_pdb,False
B9F578,,missing_pdb,False
B9F5C6,,missing_pdb,False
B9F5T2,,missing_pdb,False
B9F6P5,,missing_pdb,False
B9F6U9,,missing_pdb,False
B9F6V5,,missing_pdb,False
B9F7D0,,missing_pdb,False
B9FBA1,,missing_pdb,False
B9FBS2,,missing_pdb,False
B9FBT3,,missing_pdb,False
B9FBT5,,missing_pdb,False
B9FBU4,,missing_pdb,False
B9FBW1,,missing_pdb,False
B9FCM4,,missing_pdb,False
B9FDD7,,missing_pdb,False
B9FDT1,,missing_pdb,False
B9FI52,,missing_pdb,False
B9FIN1,,missing_pdb,False
B9FJ04,,missing_pdb,False
B9FKC8,,missing_pdb,False
B9FKZ8,,missing_pdb,False
B9FLE3,,missing_pdb,False
B9FLJ3,,missing_pdb,False
B9FLP4,,missing_pdb,False
B9FM10,,missing_pdb,False
B9FN21,,missing_pdb,False
B9FNA7,,missing_pdb,False
B9FPQ9,,missing_pdb,False
B9FPV2,,missing_pdb,False
B9FPV8,,missing_pdb,False
B9FQ86,,missing_pdb,False
B9FQG5,,missing_pdb,False
B9FQW5,,missing_pdb,False
B9FRJ7,,missing_pdb,False
B9FRM3,,missing_pdb,False
B9FRN8,,missing_pdb,False
B9FRT6,,missing_pdb,False
B9FSJ7,,missing_pdb,False
B9FTD5,,missing_pdb,False
B9FTM3,,missing_pdb,False
B9FU33,,missing_pdb,False
B9FU45,,missing_pdb,False
B9FU57,,missing_pdb,False
B9FUF8,,missing_pdb,False
B9FUR1,,missing_pdb,False
B9FV18,,missing_pdb,False
B9FVA9,,missing_pdb,False
B9FVX6,,missing_pdb,False
B9FW41,,missing_pdb,False
B9FW46,,missing_pdb,False
B9FW82,,missing_pdb,False
B9FX68,,missing_pdb,False
B9FXK7,,missing_pdb,False
B9FXK8,,missing_pdb,False
B9FXS4,,missing_pdb,False
B9FXT8,,missing_pdb,False
B9FXV5,,missing_pdb,False
B9FY61,,missing_pdb,False
B9FYJ7,,missing_pdb,False
B9FYK6,,missing_pdb,False
B9FYP9,,missing_pdb,False
B9FYS5,,missing_pdb,False
B9FZ46,,missing_pdb,False
B9FZA2,,missing_pdb,False
B9FZE8,,missing_pdb,False
B9FZQ4,,missing_pdb,False
B9FZS8,,missing_pdb,False
B9G0C7,,missing_pdb,False
B9G1B1,,missing_pdb,False
B9G1F2,,missing_pdb,False
B9G2A8,,missing_pdb,False
B9G366,,missing_pdb,False
B9G449,,missing_pdb,False
B9G476,,missing_pdb,False
B9G4P9,,missing_pdb,False
B9G4Y2,,missing_pdb,False
B9G6C5,,missing_pdb,False
B9G6C9,,missing_pdb,False
B9G6J4,,missing_pdb,False
B9G842,,missing_pdb,False
B9G8Z6,,missing_pdb,False
B9G903,,missing_pdb,False
B9G9G1,,missing_pdb,False
B9GAZ0,,missing_pdb,False
B9GBC5,,missing_pdb,False
B9GBH9,,missing_pdb,False
B9GCT2,,missing_pdb,False
B9GDE8,,missing_pdb,False
B9GEF7,,missing_pdb,False
B9GEH8,,missing_pdb,False
B9P3Q9,,missing_pdb,False
B9PFX5,,missing_pdb,False
B9PGH2,,missing_pdb,False
B9PGI8,,missing_pdb,False
B9PH26,,missing_pdb,False
B9PHG6,,missing_pdb,False
B9PHR9,,missing_pdb,False
B9PHT2,,missing_pdb,False
B9PIN1,,missing_pdb,False
B9PIV3,,missing_pdb,False
B9PJ63,,missing_pdb,False
B9PJJ4,,missing_pdb,False
B9PKU3,,missing_pdb,False
B9PLT1,,missing_pdb,False
B9PMU8,,missing_pdb,False
B9PN09,,missing_pdb,False
B9PN38,,missing_pdb,False
B9PNE7,,missing_pdb,False
B9PPW8,,missing_pdb,False
B9PQQ9,,missing_pdb,False
B9PR34,,missing_pdb,False
B9PRJ2,,missing_pdb,False
B9PRN1,,missing_pdb,False
B9PS36,,missing_pdb,False
B9PSH4,,missing_pdb,False
B9PTG9,,missing_pdb,False
B9PTP1,,missing_pdb,False
B9PTY1,,missing_pdb,False
B9PU09,,missing_pdb,False
B9PUJ6,,missing_pdb,False
B9PUV6,,missing_pdb,False
B9PUW8,,missing_pdb,False
B9PV52,,missing_pdb,False
B9PV74,,missing_pdb,False
B9PVN7,,missing_pdb,False
B9PW35,,missing_pdb,False
B9PWR9,,missing_pdb,False
B9PXV0,,missing_pdb,False
B9PYD2,,missing_pdb,False
B9PYE9,,missing_pdb,False
B9PYY9,,missing_pdb,False
B9PZC9,,missing_pdb,False
B9PZL6,,missing_pdb,False
B9Q018,,missing_pdb,False
B9Q019,,missing_pdb,False
B9Q0C2,,missing_pdb,False
B9Q0K7,,missing_pdb,False
B9Q0L9,,missing_pdb,False
B9Q0Q9,,missing_pdb,False
B9Q0T7,,missing_pdb,False
B9Q1S8,,missing_pdb,False
B9Q2C8,,missing_pdb,False
B9Q2S1,,missing_pdb,False
B9Q3J6,,missing_pdb,False
B9Q5F3,,missing_pdb,False
B9Q5H6,,missing_pdb,False
B9Q5Y8,,missing_pdb,False
B9Q5Z1,,missing_pdb,False
B9Q605,,missing_pdb,False
B9Q6A0,,missing_pdb,False
B9Q6B6,,missing_pdb,False
B9Q6I4,,missing_pdb,False
B9Q6L3,,missing_pdb,False
B9Q6N4,,missing_pdb,False
B9Q6Q9,,missing_pdb,False
B9Q6U0,,missing_pdb,False
B9Q780,,missing_pdb,False
B9Q788,,missing_pdb,False
B9Q792,,missing_pdb,False
B9Q7H1,,missing_pdb,False
B9Q7I1,,missing_pdb,False
B9Q7K4,,missing_pdb,False
B9Q851,,missing_pdb,False
B9Q8A2,,missing_pdb,False
B9Q8D8,,missing_pdb,False
B9Q8Z2,,missing_pdb,False
B9QAR3,,missing_pdb,False
B9QB36,,missing_pdb,False
B9QB54,,missing_pdb,False
B9QBS0,,missing_pdb,False
B9QBW5,,missing_pdb,False
B9QCQ8,,missing_pdb,False
B9QDS4,,missing_pdb,False
B9QDT9,,missing_pdb,False
B9QDU2,,missing_pdb,False
B9QE30,,missing_pdb,False
B9QE80,,missing_pdb,False
B9QEX3,,missing_pdb,False
B9QEZ3,,missing_pdb,False
B9QF04,,missing_pdb,False
B9QFB6,,missing_pdb,False
B9QFC8,,missing_pdb,False
B9QFR6,,missing_pdb,False
B9QFU9,,missing_pdb,False
B9QFW3,,missing_pdb,False
B9QG08,,missing_pdb,False
B9QGS9,,missing_pdb,False
B9QH60,,missing_pdb,False
B9QHE3,,missing_pdb,False
B9QHN7,,missing_pdb,False
B9QHQ3,,missing_pdb,False
B9QHY8,,missing_pdb,False
B9QI05,,missing_pdb,False
B9QI06,,missing_pdb,False
B9QIG0,,missing_pdb,False
B9QIG1,,missing_pdb,False
B9QJ77,,missing_pdb,False
B9QJI0,,missing_pdb,False
B9QJJ0,,missing_pdb,False
B9QJN0,,missing_pdb,False
B9QJX3,,missing_pdb,False
B9QKQ0,,missing_pdb,False
B9QN68,,missing_pdb,False
B9QNA3,,missing_pdb,False
B9QNI0,,missing_pdb,False
B9QNR2,,missing_pdb,False
B9QNS7,,missing_pdb,False
B9QNW8,,missing_pdb,False
B9QNW9,,missing_pdb,False
B9QNY7,,missing_pdb,False
B9QP11,,missing_pdb,False
B9QPP0,,missing_pdb,False
B9QPR3,,missing_pdb,False
B9QQG8,,missing_pdb,False
B9QQH7,,missing_pdb,False
B9QR13,,missing_pdb,False
B9VGW2,,missing_pdb,False
B9ZSH9,,missing_pdb,False
B9ZSI0,,missing_pdb,False
B9ZSI9,,missing_pdb,False
B9ZSJ1,,missing_pdb,False
B9ZSJ6,,missing_pdb,False
C0H3S9,,missing_pdb,False
C0H3V8,,missing_pdb,False
C0H3X4,,missing_pdb,False
C0H3Z2,,missing_pdb,False
C0H405,,missing_pdb,False
C0H415,,missing_pdb,False
C0H453,,missing_pdb,False
C0H480,,missing_pdb,False
C0H483,,missing_pdb,False
C0H484,,missing_pdb,False
C0H489,,missing_pdb,False
C0H491,,missing_pdb,False
C0H492,,missing_pdb,False
C0H493,,missing_pdb,False
C0H496,,missing_pdb,False
C0H4A5,,missing_pdb,False
C0H4A7,,missing_pdb,False
C0H4A8,,missing_pdb,False
C0H4A9,,missing_pdb,False
C0H4B3,,missing_pdb,False
C0H4B8,,missing_pdb,False
C0H4C4,,missing_pdb,False
C0H4C5,,missing_pdb,False
C0H4C9,,missing_pdb,False
C0H4F1,,missing_pdb,False
C0H4F8,,missing_pdb,False
C0H4G4,,missing_pdb,False
C0H4K2,,missing_pdb,False
C0H4K3,,missing_pdb,False
C0H4K4,,missing_pdb,False
C0H4K6,,missing_pdb,False
C0H4L6,,missing_pdb,False
C0H4M0,,missing_pdb,False
C0H4M1,,missing_pdb,False
C0H4M6,,missing_pdb,False
C0H4M8,,missing_pdb,False
C0H4N5,,missing_pdb,False
C0H4P2,,missing_pdb,False
C0H4Q1,,missing_pdb,False
C0H4R0,,missing_pdb,False
C0H4R1,,missing_pdb,False
C0H4S3,,missing_pdb,False
C0H4S8,,missing_pdb,False
C0H4T3,,missing_pdb,False
C0H4U1,,missing_pdb,False
C0H4U4,,missing_pdb,False
C0H4U5,,missing_pdb,False
C0H4V4,,missing_pdb,False
C0H4W5,,missing_pdb,False
C0H4X0,,missing_pdb,False
C0H4X4,,missing_pdb,False
C0H4X7,,missing_pdb,False
C0H4Y0,,missing_pdb,False
C0H517,,missing_pdb,False
C0H530,,missing_pdb,False
C0H535,,missing_pdb,False
C0H536,,missing_pdb,False
C0H539,,missing_pdb,False
C0H544,,missing_pdb,False
C0H549,,missing_pdb,False
C0H551,,missing_pdb,False
C0H552,,missing_pdb,False
C0H566,,missing_pdb,False
C0H567,,missing_pdb,False
C0H571,,missing_pdb,False
C0H577,,missing_pdb,False
C0H579,,missing_pdb,False
C0H584,,missing_pdb,False
C0H586,,missing_pdb,False
C0H598,,missing_pdb,False
C0H5A0,,missing_pdb,False
C0H5A3,,missing_pdb,False
C0H5A5,,missing_pdb,False
C0H5A6,,missing_pdb,False
C0H5C0,,missing_pdb,False
C0H5E0,,missing_pdb,False
C0H5G0,,missing_pdb,False
C0H5G5,,missing_pdb,False
C0H5G6,,missing_pdb,False
C0H5G9,,missing_pdb,False
C0H5H0,,missing_pdb,False
C0H5H1,,missing_pdb,False
C0H5H2,,missing_pdb,False
C0H5H6,,missing_pdb,False
C0H5I8,,missing_pdb,False
C0H5J3,,missing_pdb,False
C0H5K3,,missing_pdb,False
C0H5L6,,missing_pdb,False
C0H6F9,,missing_pdb,False
C0H6N4,,missing_pdb,False
C0H6T2,,missing_pdb,False
C0H6U3,,missing_pdb,False
C0H6Z2,,missing_pdb,False
C0SP85,,missing_pdb,False
C0SP93,,missing_pdb,False
C0SPA0,,missing_pdb,False
C0SPA7,,missing_pdb,False
C0SPB1,,missing_pdb,False
C0SPB5,,missing_pdb,False
C0SPB6,,missing_pdb,False
C1K5B8,,missing_pdb,False
C1L3P6,,missing_pdb,False
C1L3Q0,,missing_pdb,False
C1L3T4,,missing_pdb,False
C1L3Z5,,missing_pdb,False
C1L499,,missing_pdb,False
C1L4F5,,missing_pdb,False
C1L4V0,,missing_pdb,False
C1L572,,missing_pdb,False
C1L595,,missing_pdb,False
C1L5M0,,missing_pdb,False
C1L5N4,,missing_pdb,False
C1L5Q0,,missing_pdb,False
C1L631,,missing_pdb,False
C1L6B1,,missing_pdb,False
C1L7A3,,missing_pdb,False
C1L7K2,,missing_pdb,False
C1L7V3,,missing_pdb,False
C1L883,,missing_pdb,False
C1L8G1,,missing_pdb,False
C1L8P2,,missing_pdb,False
C1L8Z5,,missing_pdb,False
C1L8Z6,,missing_pdb,False
C1L9N2,,missing_pdb,False
C1LD68,,missing_pdb,False
C1LD73,,missing_pdb,False
C1LDP9,,missing_pdb,False
C1LDW8,,missing_pdb,False
C1LE56,,missing_pdb,False
C1LED2,,missing_pdb,False
C1LEE1,,missing_pdb,False
C1LEE6,,missing_pdb,False
C1LEP3,,missing_pdb,False
C1LEQ4,,missing_pdb,False
C1LEW6,,missing_pdb,False
C1LEX0,,missing_pdb,False
C1LF85,,missing_pdb,False
C1LF96,,missing_pdb,False
C1LFA7,,missing_pdb,False
C1LFG5,,missing_pdb,False
C1LFI2,,missing_pdb,False
C1LFJ1,,missing_pdb,False
C1LFL1,,missing_pdb,False
C1LFV5,,missing_pdb,False
C1LG51,,missing_pdb,False
C1LG63,,missing_pdb,False
C1LG64,,missing_pdb,False
C1LGC4,,missing_pdb,False
C1LGN3,,missing_pdb,False
C1LH22,,missing_pdb,False
C1LHD3,,missing_pdb,False
C1LHH0,,missing_pdb,False
C1LHQ5,,missing_pdb,False
C1LIQ0,,missing_pdb,False
C1LJB3,,missing_pdb,False
C1LKP3,,missing_pdb,False
C1LLN4,,missing_pdb,False
C1LLZ2,,missing_pdb,False
C1LM95,,missing_pdb,False
C1LN45,,missing_pdb,False
C1LP58,,missing_pdb,False
C1LS66,,missing_pdb,False
C1LYI9,,missing_pdb,False
C1LYL4,,missing_pdb,False
C3RZA5,,missing_pdb,False
C4PEE4,,missing_pdb,False
C6GKN5,,missing_pdb,False
C6KSM6,,missing_pdb,False
C6KSN9,,missing_pdb,False
C6KSP3,,missing_pdb,False
C6KSP4,,missing_pdb,False
C6KSQ4,,missing_pdb,False
C6KSQ6,,missing_pdb,False
C6KSQ9,,missing_pdb,False
C6KSR2,,missing_pdb,False
C6KSR3,,missing_pdb,False
C6KSR4,,missing_pdb,False
C6KSS9,,missing_pdb,False
C6KST7,,missing_pdb,False
C6KSU6,,missing_pdb,False
C6KSW2,,missing_pdb,False
C6KSW6,,missing_pdb,False
C6KSX6,,missing_pdb,False
C6KSX9,,missing_pdb,False
C6KSY0,,missing_pdb,False
C6KSY1,,missing_pdb,False
C6KSY4,,missing_pdb,False
C6KSY5,,missing_pdb,False
C6KSZ0,,missing_pdb,False
C6KSZ5,,missing_pdb,False
C6KT05,,missing_pdb,False
C6KT06,,missing_pdb,False
C6KT20,,missing_pdb,False
C6KT32,,missing_pdb,False
C6KT33,,missing_pdb,False
C6KT35,,missing_pdb,False
C6KT51,,missing_pdb,False
C6KT55,,missing_pdb,False
C6KT65,,missing_pdb,False
C6KT66,,missing_pdb,False
C6KT74,,missing_pdb,False
C6KT82,,missing_pdb,False
C6KT90,,missing_pdb,False
C6KT91,,missing_pdb,False
C6KTA1,,missing_pdb,False
C6KTB4,,missing_pdb,False
C6KTB7,,missing_pdb,False
C6KTC6,,missing_pdb,False
C6KTC9,,missing_pdb,False
C6KTD2,,missing_pdb,False
C6KTD8,,missing_pdb,False
C6KTE1,,missing_pdb,False
C6KTF7,,missing_pdb,False
C6S3B8,,missing_pdb,False
C6S3C9,,missing_pdb,False
C6S3D4,,missing_pdb,False
C6S3E1,,missing_pdb,False
C6S3F0,,missing_pdb,False
C6S3F2,,missing_pdb,False
C6YXK8,,missing_pdb,False
C7C1Z4,,missing_pdb,False
C7C204,,missing_pdb,False
C7IWB6,,missing_pdb,False
C7IWD0,,missing_pdb,False
C7IXC8,,missing_pdb,False
C7IXK1,,missing_pdb,False
C7IY35,,missing_pdb,False
C7IYB8,,missing_pdb,False
C7IYE2,,missing_pdb,False
C7J0T3,,missing_pdb,False
C7J0V9,,missing_pdb,False
C7J112,,missing_pdb,False
C7J1G9,,missing_pdb,False
C7J287,,missing_pdb,False
C7J2M5,,missing_pdb,False
C7J424,,missing_pdb,False
C7J4C8,,missing_pdb,False
C7J4U1,,missing_pdb,False
C7J514,,missing_pdb,False
C7J524,,missing_pdb,False
C7J528,,missing_pdb,False
C7J5E8,,missing_pdb,False
C7J6A9,,missing_pdb,False
C7J719,,missing_pdb,False
C7J748,,missing_pdb,False
C7J7Y5,,missing_pdb,False
C7J823,,missing_pdb,False
C7J8C9,,missing_pdb,False
C7J9I3,,missing_pdb,False
C7J9W5,,missing_pdb,False
C7JA05,,missing_pdb,False
C7JAA4,,missing_pdb,False
C7LAH9,,missing_pdb,False
C7SUQ3,,missing_pdb,False
C7TXR6,,missing_pdb,False
C7TXS7,,missing_pdb,False
C7TXS9,,missing_pdb,False
C7TXZ0,,missing_pdb,False
C7TY87,,missing_pdb,False
C7TZM7,,missing_pdb,False
C7TZN5,,missing_pdb,False
C7TZQ3,,missing_pdb,False
C9J3I9,,missing_pdb,False
C9J6P4,,missing_pdb,False
C9J7E5,,missing_pdb,False
C9J7S3,,missing_pdb,False
C9J8T6,,missing_pdb,False
C9JCC6,,missing_pdb,False
C9JEH3,,missing_pdb,False
C9JKI3,,missing_pdb,False
C9JNK6,,missing_pdb,False
C9JRZ8-2,,missing_pdb,False
C9JVQ0,,missing_pdb,False
C9JXA7,,missing_pdb,False
C9K0J5,,missing_pdb,False
C9K5U2,,missing_pdb,False
D0NPN8,,missing_pdb,False
D2KFG8,,missing_pdb,False
D2KMR5,,missing_pdb,False
D3DRW8,,missing_pdb,False
D3YTS1,,missing_pdb,False
D3YTY9,,missing_pdb,False
D3YU60,,missing_pdb,False
D3YU81,,missing_pdb,False
D3YUD4,,missing_pdb,False
D3YUJ3,,missing_pdb,False
D3YVM1,,missing_pdb,False
D3YVS0,,missing_pdb,False
D3YWJ0,,missing_pdb,False
D3YWM4,,missing_pdb,False
D3YXF5,,missing_pdb,False
D3YY23,,missing_pdb,False
D3YY91,,missing_pdb,False
D3YYU7,,missing_pdb,False
D3YZA1,,missing_pdb,False
D3YZC1,,missing_pdb,False
D3YZR0,,missing_pdb,False
D3YZR1,,missing_pdb,False
D3YZU1,,missing_pdb,False
D3Z017,,missing_pdb,False
D3Z0B3,,missing_pdb,False
D3Z1A9,,missing_pdb,False
D3Z1F5,,missing_pdb,False
D3Z1L4,,missing_pdb,False
D3Z1T8,,missing_pdb,False
D3Z1V4,,missing_pdb,False
D3Z1Z4,,missing_pdb,False
D3Z2J5,,missing_pdb,False
D3Z2P8,,missing_pdb,False
D3Z3C6,,missing_pdb,False
D3Z420,,missing_pdb,False
D3Z4B2,,missing_pdb,False
D3Z4C0,,missing_pdb,False
D3Z4J1,,missing_pdb,False
D3Z5B7,,missing_pdb,False
D3Z5N2,,missing_pdb,False
D3Z5T8,,missing_pdb,False
D3Z6S9,,missing_pdb,False
D3Z6W1,,missing_pdb,False
D3Z720,,missing_pdb,False
D3Z794,,missing_pdb,False
D3Z7B5,,missing_pdb,False
D3Z7G8,,missing_pdb,False
D3Z7P3,,missing_pdb,False
D3Z7X0,,missing_pdb,False
D3Z7Z0,,missing_pdb,False
D3Z874,,missing_pdb,False
D3Z8B0,,missing_pdb,False
D3Z8H9,,missing_pdb,False
D3Z8I7,,missing_pdb,False
D3Z8N9,,missing_pdb,False
D3Z8X6,,missing_pdb,False
D3Z914,,missing_pdb,False
D3Z956,,missing_pdb,False
D3Z973,,missing_pdb,False
D3Z9B0,,missing_pdb,False
D3Z9E6,,missing_pdb,False
D3Z9F9,,missing_pdb,False
D3Z9K5,,missing_pdb,False
D3Z9L5,,missing_pdb,False
D3Z9R8,,missing_pdb,False
D3ZA72,,missing_pdb,False
D3ZA84,,missing_pdb,False
D3ZA85,,missing_pdb,False
D3ZA93,,missing_pdb,False
D3ZAA3,,missing_pdb,False
D3ZAI0,,missing_pdb,False
D3ZB65,,missing_pdb,False
D3ZBG6,,missing_pdb,False
D3ZBJ0,,missing_pdb,False
D3ZBZ9,,missing_pdb,False
D3ZC49,,missing_pdb,False
D3ZC63,,missing_pdb,False
D3ZC92,,missing_pdb,False
D3ZCC2,,missing_pdb,False
D3ZCD2,,missing_pdb,False
D3ZCG4,,missing_pdb,False
D3ZCH5,,missing_pdb,False
D3ZCI3,,missing_pdb,False
D3ZCL3,,missing_pdb,False
D3ZCP0,,missing_pdb,False
D3ZCQ9,,missing_pdb,False
D3ZCS3,,missing_pdb,False
D3ZCS9,,missing_pdb,False
D3ZD11,,missing_pdb,False
D3ZD52,,missing_pdb,False
D3ZD71,,missing_pdb,False
D3ZD84,,missing_pdb,False
D3ZD97,,missing_pdb,False
D3ZDC2,,missing_pdb,False
D3ZDE4,,missing_pdb,False
D3ZDP2,,missing_pdb,False
D3ZDR8,,missing_pdb,False
D3ZDS0,,missing_pdb,False
D3ZDU5,,missing_pdb,False
D3ZDY4,,missing_pdb,False
D3ZDY5,,missing_pdb,False
D3ZE10,,missing_pdb,False
D3ZE15,,missing_pdb,False
D3ZE17,,missing_pdb,False
D3ZE63,,missing_pdb,False
D3ZEM0,,missing_pdb,False
D3ZES2,,missing_pdb,False
D3ZEW7,,missing_pdb,False
D3ZF12,,missing_pdb,False
D3ZF13,,missing_pdb,False
D3ZF54,,missing_pdb,False
D3ZFB2,,missing_pdb,False
D3ZFQ3,,missing_pdb,False
D3ZFU9,,missing_pdb,False
D3ZG90,,missing_pdb,False
D3ZGB8,,missing_pdb,False
D3ZGE2,,missing_pdb,False
D3ZGX8,,missing_pdb,False
D3ZHA0,,missing_pdb,False
D3ZHA1,,missing_pdb,False
D3ZHD7,,missing_pdb,False
D3ZHG7,,missing_pdb,False
D3ZHI6,,missing_pdb,False
D3ZHI9,,missing_pdb,False
D3ZHT3,,missing_pdb,False
D3ZHV2,,missing_pdb,False
D3ZI75,,missing_pdb,False
D3ZIA7,,missing_pdb,False
D3ZIE9,,missing_pdb,False
D3ZIK1,,missing_pdb,False
D3ZJ54,,missing_pdb,False
D3ZJB1,,missing_pdb,False
D3ZJF1,,missing_pdb,False
D3ZJY1,,missing_pdb,False
D3ZJZ0,,missing_pdb,False
D3ZK35,,missing_pdb,False
D3ZK73,,missing_pdb,False
D3ZKG1,,missing_pdb,False
D3ZKT0,,missing_pdb,False
D3ZKY5,,missing_pdb,False
D3ZKZ0,,missing_pdb,False
D3ZL95,,missing_pdb,False
D3ZLH8,,missing_pdb,False
D3ZLK9,,missing_pdb,False
D3ZMD4,,missing_pdb,False
D3ZML4,,missing_pdb,False
D3ZMS0,,missing_pdb,False
D3ZND9,,missing_pdb,False
D3ZNJ5,,missing_pdb,False
D3ZNU5,,missing_pdb,False
D3ZNY8,,missing_pdb,False
D3ZP78,,missing_pdb,False
D3ZP96,,missing_pdb,False
D3ZPE5,,missing_pdb,False
D3ZPI2,,missing_pdb,False
D3ZPI4,,missing_pdb,False
D3ZPJ1,,missing_pdb,False
D3ZPP0,,missing_pdb,False
D3ZPP2,,missing_pdb,False
D3ZPU4,,missing_pdb,False
D3ZPV8,,missing_pdb,False
D3ZQ80,,missing_pdb,False
D3ZQ91,,missing_pdb,False
D3ZQH7,,missing_pdb,False
D3ZQI9,,missing_pdb,False
D3ZQJ3,,missing_pdb,False
D3ZQK8,,missing_pdb,False
D3ZQP5,,missing_pdb,False
D3ZQQ2,,missing_pdb,False
D3ZQR7,,missing_pdb,False
D3ZQT7,,missing_pdb,False
D3ZQU7,,missing_pdb,False
D3ZQY4,,missing_pdb,False
D3ZR17,,missing_pdb,False
D3ZRD9,,missing_pdb,False
D3ZRL8,,missing_pdb,False
D3ZS02,,missing_pdb,False
D3ZS41,,missing_pdb,False
D3ZS75,,missing_pdb,False
D3ZSI8,,missing_pdb,False
D3ZSL2,,missing_pdb,False
D3ZSV1,,missing_pdb,False
D3ZT16,,missing_pdb,False
D3ZT52,,missing_pdb,False
D3ZT98,,missing_pdb,False
D3ZTL2,,missing_pdb,False
D3ZTW8,,missing_pdb,False
D3ZTW9,,missing_pdb,False
D3ZTZ0,,missing_pdb,False
D3ZTZ1,,missing_pdb,False
D3ZU21,,missing_pdb,False
D3ZU42,,missing_pdb,False
D3ZU51,,missing_pdb,False
D3ZU64,,missing_pdb,False
D3ZUA2,,missing_pdb,False
D3ZUC2,,missing_pdb,False
D3ZUC6,,missing_pdb,False
D3ZUK4,,missing_pdb,False
D3ZUL4,,missing_pdb,False
D3ZUU5,,missing_pdb,False
D3ZUX1,,missing_pdb,False
D3ZUY8,,missing_pdb,False
D3ZUZ4,,missing_pdb,False
D3ZV08,,missing_pdb,False
D3ZV39,,missing_pdb,False
D3ZV76,,missing_pdb,False
D3ZV91,,missing_pdb,False
D3ZVB7,,missing_pdb,False
D3ZVI9,,missing_pdb,False
D3ZVM5,,missing_pdb,False
D3ZVN7,,missing_pdb,False
D3ZVT1,,missing_pdb,False
D3ZVU4,,missing_pdb,False
D3ZWB1,,missing_pdb,False
D3ZWE3,,missing_pdb,False
D3ZWF5,,missing_pdb,False
D3ZWH2,,missing_pdb,False
D3ZX82,,missing_pdb,False
D3ZXF9,,missing_pdb,False
D3ZXH7,,missing_pdb,False
D3ZXS7,,missing_pdb,False
D3ZXS8,,missing_pdb,False
D3ZXX7,,missing_pdb,False
D3ZY08,,missing_pdb,False
D3ZY50,,missing_pdb,False
D3ZYC4,,missing_pdb,False
D3ZYL4,,missing_pdb,False
D3ZYQ4,,missing_pdb,False
D3ZYS1,,missing_pdb,False
D3ZYX8,,missing_pdb,False
D3ZYY0,,missing_pdb,False
D3ZZ21,,missing_pdb,False
D3ZZ44,,missing_pdb,False
D3ZZ65,,missing_pdb,False
D3ZZK5,,missing_pdb,False
D3ZZQ4,,missing_pdb,False
D3ZZS8,,missing_pdb,False
D3ZZV1,,missing_pdb,False
D3ZZX1,,missing_pdb,False
D4A001,,missing_pdb,False
D4A048,,missing_pdb,False
D4A0A1,,missing_pdb,False
D4A0C8,,missing_pdb,False
D4A0M2,,missing_pdb,False
D4A0T8,,missing_pdb,False
D4A0U9,,missing_pdb,False
D4A0W4,,missing_pdb,False
D4A197,,missing_pdb,False
D4A1B0,,missing_pdb,False
D4A1B8,,missing_pdb,False
D4A1D3,,missing_pdb,False
D4A1H7,,missing_pdb,False
D4A1K4,,missing_pdb,False
D4A1T8,,missing_pdb,False
D4A1W8,,missing_pdb,False
D4A224,,missing_pdb,False
D4A249,,missing_pdb,False
D4A254,,missing_pdb,False
D4A260,,missing_pdb,False
D4A264,,missing_pdb,False
D4A266,,missing_pdb,False
D4A2G7,,missing_pdb,False
D4A2H8,,missing_pdb,False
D4A2J9,,missing_pdb,False
D4A2K1,,missing_pdb,False
D4A305,,missing_pdb,False
D4A397,,missing_pdb,False
D4A3A9,,missing_pdb,False
D4A3E2,,missing_pdb,False
D4A3X0,,missing_pdb,False
D4A434,,missing_pdb,False
D4A4A9,,missing_pdb,False
D4A4I9,,missing_pdb,False
D4A4V1,,missing_pdb,False
D4A4X4,,missing_pdb,False
D4A4Y3,,missing_pdb,False
D4A500,,missing_pdb,False
D4A511,,missing_pdb,False
D4A538,,missing_pdb,False
D4A540,,missing_pdb,False
D4A544,,missing_pdb,False
D4A565,,missing_pdb,False
D4A5H0,,missing_pdb,False
D4A702,,missing_pdb,False
D4A7B6,,missing_pdb,False
D4A7D7,,missing_pdb,False
D4A7F2,,missing_pdb,False
D4A7I7,,missing_pdb,False
D4A7N1,,missing_pdb,False
D4A7S4,,missing_pdb,False
D4A7V9,,missing_pdb,False
D4A7W8,,missing_pdb,False
D4A7Y7,,missing_pdb,False
D4A883,,missing_pdb,False
D4A899,,missing_pdb,False
D4A8B1,,missing_pdb,False
D4A8F2,,missing_pdb,False
D4A8N2,,missing_pdb,False
D4A8R9,,missing_pdb,False
D4A8U7,,missing_pdb,False
D4A8Y1,,missing_pdb,False
D4A930,,missing_pdb,False
D4A944,,missing_pdb,False
D4A962,,missing_pdb,False
D4A997,,missing_pdb,False
D4A9E9,,missing_pdb,False
D4A9I4,,missing_pdb,False
D4A9L9,,missing_pdb,False
D4A9N5,,missing_pdb,False
D4A9P7,,missing_pdb,False
D4A9U4,,missing_pdb,False
D4A9W3,,missing_pdb,False
D4AA35,,missing_pdb,False
D4AAE9,,missing_pdb,False
D4AAL1,,missing_pdb,False
D4AAN8,,missing_pdb,False
D4AAR7,,missing_pdb,False
D4AAT4,,missing_pdb,False
D4AAU7,,missing_pdb,False
D4AB01,,missing_pdb,False
D4AB20,,missing_pdb,False
D4ABA3,,missing_pdb,False
D4ABS0,,missing_pdb,False
D4ABS5,,missing_pdb,False
D4ABX9,,missing_pdb,False
D4ABY7,,missing_pdb,False
D4AC54,,missing_pdb,False
D4AC65,,missing_pdb,False
D4ACB6,,missing_pdb,False
D4ACD5,,missing_pdb,False
D4ACG2,,missing_pdb,False
D4ACM2,,missing_pdb,False
D4AD01,,missing_pdb,False
D4AD29,,missing_pdb,False
D4AD58,,missing_pdb,False
D4ADG2,,missing_pdb,False
D4ADT5,,missing_pdb,False
D4AE09,,missing_pdb,False
D4AE56,,missing_pdb,False
D4AE58,,missing_pdb,False
D4AE69,,missing_pdb,False
D4AE97,,missing_pdb,False
D4AEL0,,missing_pdb,False
D4AFX7,,missing_pdb,False
D4N4Z9,,missing_pdb,False
D4NXB5,,missing_pdb,False
D4NXB7,,missing_pdb,False
D4NXD8,,missing_pdb,False
D4NXG1,,missing_pdb,False
D4NXI1,,missing_pdb,False
D4NXI4,,missing_pdb,False
D4NYD5,,missing_pdb,False
D6R967,,missing_pdb,False
D6R9Z3,,missing_pdb,False
D6RA62,,missing_pdb,False
D6RCZ0,,missing_pdb,False
D6RDD1,,missing_pdb,False
D6REA1,,missing_pdb,False
D6RFG8,,missing_pdb,False
D6RG70,,missing_pdb,False
D6RG95,,missing_pdb,False
D6RGB1,,missing_pdb,False
D6RGG5,,missing_pdb,False
D6RGV5,,missing_pdb,False
D6RGV6,,missing_pdb,False
D6RIA3,,missing_pdb,False
D6RIQ0,,missing_pdb,False
D6W196,,missing_pdb,False
E0CY49,,missing_pdb,False
E0CYM0,,missing_pdb,False
E0CYU2,,missing_pdb,False
E0CYV0,,missing_pdb,False
E0CZ22,,missing_pdb,False
E1WAC0,,missing_pdb,False
E1WAC8,,missing_pdb,False
E5LAN2,,missing_pdb,False
E5RGG1,,missing_pdb,False
E5RGW4,,missing_pdb,False
E5RH50,,missing_pdb,False
E5RI56,,missing_pdb,False
E5RIF2,,missing_pdb,False
E5RIM7,,missing_pdb,False
E5RYD6,,missing_pdb,False
E5RYV9,,missing_pdb,False
E5RZ82,,missing_pdb,False
E5RZJ1,,missing_pdb,False
E5RZL5,,missing_pdb,False
E5RZQ6,,missing_pdb,False
E5S0I4,,missing_pdb,False
E5S1B0,,missing_pdb,False
E5S263,,missing_pdb,False
E5S2W1,,missing_pdb,False
E5S345,,missing_pdb,False
E5S3B2,,missing_pdb,False
E5S3D3,,missing_pdb,False
E5S3I7,,missing_pdb,False
E5S4A4,,missing_pdb,False
E5S4J6,,missing_pdb,False
E5S4U6,,missing_pdb,False
E5S506,,missing_pdb,False
E5S5L6,,missing_pdb,False
E5S5Z6,,missing_pdb,False
E5S632,,missing_pdb,False
E5S6A1,,missing_pdb,False
E5S6M4,,missing_pdb,False
E5S6P3,,missing_pdb,False
E5S6W3,,missing_pdb,False
E5S7B3,,missing_pdb,False
E5S7I4,,missing_pdb,False
E5S7W5,,missing_pdb,False
E5S8I3,,missing_pdb,False
E5S8T5,,missing_pdb,False
E5S9D6,,missing_pdb,False
E5S9I9,,missing_pdb,False
E5S9J0,,missing_pdb,False
E5S9R1,,missing_pdb,False
E5S9R2,,missing_pdb,False
E5SA50,,missing_pdb,False
E5SAF0,,missing_pdb,False
E5SAP2,,missing_pdb,False
E5SAS6,,missing_pdb,False
E5SAT0,,missing_pdb,False
E5SAU3,,missing_pdb,False
E5SAZ9,,missing_pdb,False
E5SB28,,missing_pdb,False
E5SBK0,,missing_pdb,False
E5SBQ2,,missing_pdb,False
E5SC04,,missing_pdb,False
E5SC10,,missing_pdb,False
E5SCA4,,missing_pdb,False
E5SCT2,,missing_pdb,False
E5SCV1,,missing_pdb,False
E5SDE3,,missing_pdb,False
E5SDP0,,missing_pdb,False
E5SDR8,,missing_pdb,False
E5SDX7,,missing_pdb,False
E5SEL9,,missing_pdb,False
E5SEN7,,missing_pdb,False
E5SFM6,,missing_pdb,False
E5SFS7,,missing_pdb,False
E5SFV5,,missing_pdb,False
E5SFY3,,missing_pdb,False
E5SGA8,,missing_pdb,False
E5SGJ6,,missing_pdb,False
E5SGN2,,missing_pdb,False
E5SIJ8,,missing_pdb,False
E5SJ21,,missing_pdb,False
E5SJD0,,missing_pdb,False
E5SK74,,missing_pdb,False
E5SKC4,,missing_pdb,False
E5SKH0,,missing_pdb,False
E5SKN5,,missing_pdb,False
E5SKP6,,missing_pdb,False
E5SKP8,,missing_pdb,False
E5SKQ0,,missing_pdb,False
E5SKS3,,missing_pdb,False
E5SKV8,,missing_pdb,False
E5SL20,,missing_pdb,False
E5SLI6,,missing_pdb,False
E5SLN3,,missing_pdb,False
E5SMI4,,missing_pdb,False
E5SMT2,,missing_pdb,False
E5SNM1,,missing_pdb,False
E5SPA6,,missing_pdb,False
E5SQW9,,missing_pdb,False
E5SQZ6,,missing_pdb,False
E5SR33,,missing_pdb,False
E5SRG5,,missing_pdb,False
E5SS72,,missing_pdb,False
E5SSB2,,missing_pdb,False
E5SSK2,,missing_pdb,False
E5SSW3,,missing_pdb,False
E5ST10,,missing_pdb,False
E5STA5,,missing_pdb,False
E5STC2,,missing_pdb,False
E5STQ3,,missing_pdb,False
E5STY5,,missing_pdb,False
E5SUT7,,missing_pdb,False
E5SVD8,,missing_pdb,False
E5SX05,,missing_pdb,False
E5SX48,,missing_pdb,False
E5SX57,,missing_pdb,False
E5SXB9,,missing_pdb,False
E5SXN8,,missing_pdb,False
E5SXQ9,,missing_pdb,False
E5SY19,,missing_pdb,False
E5SY67,,missing_pdb,False
E5SY77,,missing_pdb,False
E5SY88,,missing_pdb,False
E5SYG4,,missing_pdb,False
E6Y6L2,,missing_pdb,False
E7EBY5,,missing_pdb,False
E7EMK3,,missing_pdb,False
E7EQ45,,missing_pdb,False
E7ERS3,,missing_pdb,False
E7ERZ2,,missing_pdb,False
E7ESA6,,missing_pdb,False
E7ESG8,,missing_pdb,False
E7ESL0,,missing_pdb,False
E7ESZ7,,missing_pdb,False
E7ETU7,,missing_pdb,False
E7EUT5,,missing_pdb,False
E7EVA0,,missing_pdb,False
E7EW31,,missing_pdb,False
E7EWW0,,missing_pdb,False
E7EX17,,missing_pdb,False
E9FT00,,missing_pdb,False
E9FV57,,missing_pdb,False
E9G583,,missing_pdb,False
E9G620,,missing_pdb,False
E9GEQ2,,missing_pdb,False
E9GMN0,,missing_pdb,False
E9GSD5,,missing_pdb,False
E9GVW7,,missing_pdb,False
E9H2T9,,missing_pdb,False
E9H8Q4,,missing_pdb,False
E9HA01,,missing_pdb,False
E9HBC4,,missing_pdb,False
E9HEE5,,missing_pdb,False
E9HGQ3,,missing_pdb,False
E9HXG0,,missing_pdb,False
E9PAU2,,missing_pdb,False
E9PDP5,,missing_pdb,False
E9PIE3,,missing_pdb,False
E9PJA7,,missing_pdb,False
E9PK25,,missing_pdb,False
E9PKR5,,missing_pdb,False
E9PL17,,missing_pdb,False
E9PL57,,missing_pdb,False
E9PMS6,,missing_pdb,False
E9PN17,,missing_pdb,False
E9PN70,,missing_pdb,False
E9PQG4,,missing_pdb,False
E9PR30,,missing_pdb,False
E9PRG8,,missing_pdb,False
E9PRY8,,missing_pdb,False
E9PRZ1,,missing_pdb,False
E9PSI1,,missing_pdb,False
E9PT23,,missing_pdb,False
E9PT49,,missing_pdb,False
E9PT90,,missing_pdb,False
E9PTC3,,missing_pdb,False
E9PTN1,,missing_pdb,False
E9PU03,,missing_pdb,False
E9PU34,,missing_pdb,False
E9PUM6,,missing_pdb,False
E9PV44,,missing_pdb,False
E9PV66,,missing_pdb,False
E9PV87,,missing_pdb,False
E9PV95,,missing_pdb,False
E9PVB3,,missing_pdb,False
E9PVP0,,missing_pdb,False
E9PVU7,,missing_pdb,False
E9PVW0,,missing_pdb,False
E9PWB6,,missing_pdb,False
E9PWE8,,missing_pdb,False
E9PWH2,,missing_pdb,False
E9PWW9,,missing_pdb,False
E9PX25,,missing_pdb,False
E9PX57,,missing_pdb,False
E9PY14,,missing_pdb,False
E9PY46,,missing_pdb,False
E9PYB0,,missing_pdb,False
E9PYC6,,missing_pdb,False
E9PYK3,,missing_pdb,False
E9PYT0,,missing_pdb,False
E9PZW0,,missing_pdb,False
E9Q007,,missing_pdb,False
E9Q0C6,,missing_pdb,False
E9Q109,,missing_pdb,False
E9Q1G1,,missing_pdb,False
E9Q1W3,,missing_pdb,False
E9Q2E4,,missing_pdb,False
E9Q3F7,,missing_pdb,False
E9Q3I3,,missing_pdb,False
E9Q3L2,,missing_pdb,False
E9Q3M9,,missing_pdb,False
E9Q3S4,,missing_pdb,False
E9Q4N6,,missing_pdb,False
E9Q4N9,,missing_pdb,False
E9Q4P0,,missing_pdb,False
E9Q4T0,,missing_pdb,False
E9Q4T4,,missing_pdb,False
E9Q4Y4,,missing_pdb,False
E9Q557,,missing_pdb,False
E9Q5G1,,missing_pdb,False
E9Q784,,missing_pdb,False
E9Q7L1,,missing_pdb,False
E9Q7Q0,,missing_pdb,False
E9Q7X6,,missing_pdb,False
E9Q805,,missing_pdb,False
E9Q827,,missing_pdb,False
E9Q876,,missing_pdb,False
E9Q8Y1,,missing_pdb,False
E9QA90,,missing_pdb,False
E9QAH2,,missing_pdb,False
E9QJR0,,missing_pdb,False
E9QJT5,,missing_pdb,False
E9QLM4,,missing_pdb,False
E9QMB7,,missing_pdb,False
E9QN01,,missing_pdb,False
E9QPR7,,missing_pdb,False
E9QQQ8,,missing_pdb,False
E9QTS9,,missing_pdb,False
E9QVH3,,missing_pdb,False
E9QYB5,,missing_pdb,False
E9QYP0,,missing_pdb,False
E9R2S1,,missing_pdb,False
E9R337,,missing_pdb,False
E9R3D7,,missing_pdb,False
E9R4B8,,missing_pdb,False
E9R5T0,,missing_pdb,False
E9R5U7,,missing_pdb,False
E9R6J7,,missing_pdb,False
E9R8E7,,missing_pdb,False
E9R8H0,,missing_pdb,False
E9R903,,missing_pdb,False
E9R966,,missing_pdb,False
E9R9L4,,missing_pdb,False
E9RBN4,,missing_pdb,False
E9RC36,,missing_pdb,False
F0NB93,,missing_pdb,False
F0NB98,,missing_pdb,False
F0NB99,,missing_pdb,False
F0NBA0,,missing_pdb,False
F0NBA4,,missing_pdb,False
F0NBA5,,missing_pdb,False
F0NBA6,,missing_pdb,False
F0NBA7,,missing_pdb,False
F0NBA9,,missing_pdb,False
F0NBB1,,missing_pdb,False
F0NBC0,,missing_pdb,False
F0NBC3,,missing_pdb,False
F0NBD4,,missing_pdb,False
F0NBD8,,missing_pdb,False
F0NBE3,,missing_pdb,False
F0NBF1,,missing_pdb,False
F0NBF3,,missing_pdb,False
F0NBF6,,missing_pdb,False
F0NBG0,,missing_pdb,False
F0NBG4,,missing_pdb,False
F0NBG7,,missing_pdb,False
F0NBG8,,missing_pdb,False
F0NBH1,,missing_pdb,False
F0NBH3,,missing_pdb,False
F0NBH9,,missing_pdb,False
F0NBI0,,missing_pdb,False
F0NBI2,,missing_pdb,False
F0NBI5,,missing_pdb,False
F0NBI7,,missing_pdb,False
F0NBI8,,missing_pdb,False
F0NBJ1,,missing_pdb,False
F0NBK6,,missing_pdb,False
F0NBL8,,missing_pdb,False
F0NBM2,,missing_pdb,False
F0NBP0,,missing_pdb,False
F0NBQ1,,missing_pdb,False
F0NBQ3,,missing_pdb,False
F0NBQ7,,missing_pdb,False
F0NBQ8,,missing_pdb,False
F0NBQ9,,missing_pdb,False
F0NBR1,,missing_pdb,False
F0NBS2,,missing_pdb,False
F0NBS3,,missing_pdb,False
F0NBS4,,missing_pdb,False
F0NBS6,,missing_pdb,False
F0NBU1,,missing_pdb,False
F0NBV4,,missing_pdb,False
F0NBV7,,missing_pdb,False
F0NBV9,,missing_pdb,False
F0NBW6,,missing_pdb,False
F0NBW7,,missing_pdb,False
F0NBW8,,missing_pdb,False
F0NBX8,,missing_pdb,False
F0NBY1,,missing_pdb,False
F0NBZ0,,missing_pdb,False
F0NBZ5,,missing_pdb,False
F0NBZ6,,missing_pdb,False
F0NC06,,missing_pdb,False
F0NC08,,missing_pdb,False
F0NC11,,missing_pdb,False
F0NC14,,missing_pdb,False
F0NC18,,missing_pdb,False
F0NC25,,missing_pdb,False
F0NC30,,missing_pdb,False
F0NC55,,missing_pdb,False
F0NC61,,missing_pdb,False
F0NC65,,missing_pdb,False
F0NC67,,missing_pdb,False
F0NC70,,missing_pdb,False
F0NC72,,missing_pdb,False
F0NC98,,missing_pdb,False
F0NCB4,,missing_pdb,False
F0NCB5,,missing_pdb,False
F0NCC1,,missing_pdb,False
F0NCC2,,missing_pdb,False
F0NCC7,,missing_pdb,False
F0NCC9,,missing_pdb,False
F0NCD8,,missing_pdb,False
F0NCE4,,missing_pdb,False
F0NCF0,,missing_pdb,False
F0NCF1,,missing_pdb,False
F0NCF3,,missing_pdb,False
F0NCG2,,missing_pdb,False
F0NCG4,,missing_pdb,False
F0NCJ7,,missing_pdb,False
F0NCK7,,missing_pdb,False
F0NCM2,,missing_pdb,False
F0NCM3,,missing_pdb,False
F0NCM4,,missing_pdb,False
F0NCN0,,missing_pdb,False
F0NCN2,,missing_pdb,False
F0NCN7,,missing_pdb,False
F0NCP0,,missing_pdb,False
F0NCQ1,,missing_pdb,False
F0NCQ5,,missing_pdb,False
F0NCQ9,,missing_pdb,False
F0NCR1,,missing_pdb,False
F0NCR6,,missing_pdb,False
F0NCR7,,missing_pdb,False
F0NCS4,,missing_pdb,False
F0NCT1,,missing_pdb,False
F0NCT8,,missing_pdb,False
F0NCU0,,missing_pdb,False
F0NCU1,,missing_pdb,False
F0NCV4,,missing_pdb,False
F0NCV7,,missing_pdb,False
F0NCV8,,missing_pdb,False
F0NCV9,,missing_pdb,False
F0NCW0,,missing_pdb,False
F0NCW3,,missing_pdb,False
F0NCW5,,missing_pdb,False
F0NCW8,,missing_pdb,False
F0NCW9,,missing_pdb,False
F0NCZ5,,missing_pdb,False
F0ND08,,missing_pdb,False
F0ND17,,missing_pdb,False
F0ND21,,missing_pdb,False
F0ND61,,missing_pdb,False
F0ND69,,missing_pdb,False
F0ND70,,missing_pdb,False
F0ND73,,missing_pdb,False
F0ND85,,missing_pdb,False
F0ND87,,missing_pdb,False
F0NDA2,,missing_pdb,False
F0NDA6,,missing_pdb,False
F0NDC4,,missing_pdb,False
F0NDC5,,missing_pdb,False
F0NDC6,,missing_pdb,False
F0NDD7,,missing_pdb,False
F0NDE9,,missing_pdb,False
F0NDF6,,missing_pdb,False
F0NDF7,,missing_pdb,False
F0NDG2,,missing_pdb,False
F0NDG3,,missing_pdb,False
F0NDG7,,missing_pdb,False
F0NDG9,,missing_pdb,False
F0NDH0,,missing_pdb,False
F0NDH1,,missing_pdb,False
F0NDH6,,missing_pdb,False
F0NDH8,,missing_pdb,False
F0NDI2,,missing_pdb,False
F0NDI4,,missing_pdb,False
F0NDJ1,,missing_pdb,False
F0NDJ3,,missing_pdb,False
F0NDJ5,,missing_pdb,False
F0NDJ9,,missing_pdb,False
F0NDK2,,missing_pdb,False
F0NDK5,,missing_pdb,False
F0NDL5,,missing_pdb,False
F0NDL6,,missing_pdb,False
F0NDM5,,missing_pdb,False
F0NDM6,,missing_pdb,False
F0NDP8,,missing_pdb,False
F0NDS4,,missing_pdb,False
F0NDS8,,missing_pdb,False
F0NDT2,,missing_pdb,False
F0NDU4,,missing_pdb,False
F0NDU6,,missing_pdb,False
F0NDV0,,missing_pdb,False
F0NDV2,,missing_pdb,False
F0NDV5,,missing_pdb,False
F0NDW5,,missing_pdb,False
F0NDW7,,missing_pdb,False
F0NDW8,,missing_pdb,False
F0NDX2,,missing_pdb,False
F0NDX3,,missing_pdb,False
F0NDX4,,missing_pdb,False
F0NDX5,,missing_pdb,False
F0NDX6,,missing_pdb,False
F0NDX7,,missing_pdb,False
F0NDZ2,,missing_pdb,False
F0NDZ9,,missing_pdb,False
F0NE05,,missing_pdb,False
F0NE06,,missing_pdb,False
F0NE14,,missing_pdb,False
F0NE16,,missing_pdb,False
F0NE21,,missing_pdb,False
F0NE28,,missing_pdb,False
F0NE29,,missing_pdb,False
F0NE31,,missing_pdb,False
F0NE45,,missing_pdb,False
F0NE63,,missing_pdb,False
F0NE65,,missing_pdb,False
F0NE71,,missing_pdb,False
F0NE72,,missing_pdb,False
F0NE77,,missing_pdb,False
F0NE87,,missing_pdb,False
F0NE88,,missing_pdb,False
F0NEB4,,missing_pdb,False
F0NEB6,,missing_pdb,False
F0NEB9,,missing_pdb,False
F0NEC9,,missing_pdb,False
F0NED1,,missing_pdb,False
F0NEF5,,missing_pdb,False
F0NEF6,,missing_pdb,False
F0NEH0,,missing_pdb,False
F0NEI9,,missing_pdb,False
F0NEK9,,missing_pdb,False
F0NEM2,,missing_pdb,False
F0NEM9,,missing_pdb,False
F0NEN4,,missing_pdb,False
F0NEN6,,missing_pdb,False
F0NEN7,,missing_pdb,False
F0NEP3,,missing_pdb,False
F0NER2,,missing_pdb,False
F0NER5,,missing_pdb,False
F0NER7,,missing_pdb,False
F0NES3,,missing_pdb,False
F0NES5,,missing_pdb,False
F0NES6,,missing_pdb,False
F0NES9,,missing_pdb,False
F0NET0,,missing_pdb,False
F0NET6,,missing_pdb,False
F0NET7,,missing_pdb,False
F0NET9,,missing_pdb,False
F0NEU0,,missing_pdb,False
F0NEU5,,missing_pdb,False
F0NEU8,,missing_pdb,False
F0NEU9,,missing_pdb,False
F0NEV0,,missing_pdb,False
F0NEV2,,missing_pdb,False
F0NEV3,,missing_pdb,False
F0NEV4,,missing_pdb,False
F0NEW9,,missing_pdb,False
F0NEX5,,missing_pdb,False
F0NEY6,,missing_pdb,False
F0NEZ1,,missing_pdb,False
F0NEZ6,,missing_pdb,False
F0NEZ9,,missing_pdb,False
F0NF18,,missing_pdb,False
F0NF20,,missing_pdb,False
F0NF23,,missing_pdb,False
F0NF24,,missing_pdb,False
F0NF39,,missing_pdb,False
F0NF45,,missing_pdb,False
F0NF46,,missing_pdb,False
F0NF60,,missing_pdb,False
F0NF61,,missing_pdb,False
F0NF63,,missing_pdb,False
F0NF66,,missing_pdb,False
F0NF67,,missing_pdb,False
F0NF69,,missing_pdb,False
F0NF70,,missing_pdb,False
F0NF72,,missing_pdb,False
F0NF89,,missing_pdb,False
F0NF93,,missing_pdb,False
F0NFA3,,missing_pdb,False
F0NFA4,,missing_pdb,False
F0NFB1,,missing_pdb,False
F0NFB6,,missing_pdb,False
F0NFB8,,missing_pdb,False
F0NFC6,,missing_pdb,False
F0NFC7,,missing_pdb,False
F0NFD4,,missing_pdb,False
F0NFD5,,missing_pdb,False
F0NFE0,,missing_pdb,False
F0NFE1,,missing_pdb,False
F0NFE3,,missing_pdb,False
F0NFF1,,missing_pdb,False
F0NFG1,,missing_pdb,False
F0NFG7,,missing_pdb,False
F0NFH9,,missing_pdb,False
F0NFI6,,missing_pdb,False
F0NFI7,,missing_pdb,False
F0NFJ0,,missing_pdb,False
F0NFJ2,,missing_pdb,False
F0NFJ4,,missing_pdb,False
F0NFJ5,,missing_pdb,False
F0NFK5,,missing_pdb,False
F0NFK6,,missing_pdb,False
F0NFK8,,missing_pdb,False
F0NFK9,,missing_pdb,False
F0NFL0,,missing_pdb,False
F0NFM2,,missing_pdb,False
F0NFM4,,missing_pdb,False
F0NFN5,,missing_pdb,False
F0NFP1,,missing_pdb,False
F0NFQ0,,missing_pdb,False
F0NFQ1,,missing_pdb,False
F0NFR3,,missing_pdb,False
F0NFU6,,missing_pdb,False
F0NFU8,,missing_pdb,False
F0NFV4,,missing_pdb,False
F0NFW2,,missing_pdb,False
F0NFW4,,missing_pdb,False
F0NFW8,,missing_pdb,False
F0NFX2,,missing_pdb,False
F0NFX5,,missing_pdb,False
F0NFX6,,missing_pdb,False
F0NFY9,,missing_pdb,False
F0NFZ6,,missing_pdb,False
F0NG17,,missing_pdb,False
F0NG34,,missing_pdb,False
F0NG40,,missing_pdb,False
F0NG41,,missing_pdb,False
F0NG46,,missing_pdb,False
F0NG58,,missing_pdb,False
F0NG82,,missing_pdb,False
F0NGB8,,missing_pdb,False
F0NGD6,,missing_pdb,False
F0NGE4,,missing_pdb,False
F0NGF1,,missing_pdb,False
F0NGG9,,missing_pdb,False
F0NGJ8,,missing_pdb,False
F0NGJ9,,missing_pdb,False
F0NGK0,,missing_pdb,False
F0NGM4,,missing_pdb,False
F0NGM7,,missing_pdb,False
F0NGP7,,missing_pdb,False
F0NGQ5,,missing_pdb,False
F0NGQ9,,missing_pdb,False
F0NGR5,,missing_pdb,False
F0NGS4,,missing_pdb,False
F0NGT0,,missing_pdb,False
F0NGT3,,missing_pdb,False
F0NGT4,,missing_pdb,False
F0NGU2,,missing_pdb,False
F0NGU4,,missing_pdb,False
F0NGU5,,missing_pdb,False
F0NGU6,,missing_pdb,False
F0NGU9,,missing_pdb,False
F0NGV1,,missing_pdb,False
F0NGV5,,missing_pdb,False
F0NGX0,,missing_pdb,False
F0NGX4,,missing_pdb,False
F0NGX6,,missing_pdb,False
F0NGY1,,missing_pdb,False
F0NGY8,,missing_pdb,False
F0NGZ9,,missing_pdb,False
F0NH02,,missing_pdb,False
F0NH10,,missing_pdb,False
F0NH26,,missing_pdb,False
F0NH33,,missing_pdb,False
F0NH48,,missing_pdb,False
F0NH49,,missing_pdb,False
F0NH53,,missing_pdb,False
F0NH56,,missing_pdb,False
F0NH64,,missing_pdb,False
F0NH84,,missing_pdb,False
F0NH89,,missing_pdb,False
F0NHB0,,missing_pdb,False
F0NHB4,,missing_pdb,False
F0NHE3,,missing_pdb,False
F0NHE4,,missing_pdb,False
F0NHE5,,missing_pdb,False
F0NHE7,,missing_pdb,False
F0NHF6,,missing_pdb,False
F0NHF7,,missing_pdb,False
F0NHG2,,missing_pdb,False
F0NHG4,,missing_pdb,False
F0NHG5,,missing_pdb,False
F0NHH1,,missing_pdb,False
F0NHH7,,missing_pdb,False
F0NHI5,,missing_pdb,False
F0NHI9,,missing_pdb,False
F0NHJ2,,missing_pdb,False
F0NHJ3,,missing_pdb,False
F0NHJ6,,missing_pdb,False
F0NHJ7,,missing_pdb,False
F0NHJ8,,missing_pdb,False
F0NHK2,,missing_pdb,False
F0NHK3,,missing_pdb,False
F0NHK4,,missing_pdb,False
F0NHK5,,missing_pdb,False
F0NHK8,,missing_pdb,False
F0NHK9,,missing_pdb,False
F0NHL0,,missing_pdb,False
F0NHL1,,missing_pdb,False
F0NHL2,,missing_pdb,False
F0NHL3,,missing_pdb,False
F0NHL5,,missing_pdb,False
F0NHL7,,missing_pdb,False
F0NHL8,,missing_pdb,False
F0NHP2,,missing_pdb,False
F0NHP8,,missing_pdb,False
F0NHQ3,,missing_pdb,False
F0NHQ5,,missing_pdb,False
F0NHQ6,,missing_pdb,False
F0NHQ9,,missing_pdb,False
F0NHR0,,missing_pdb,False
F0NHR3,,missing_pdb,False
F0NHR4,,missing_pdb,False
F0NHR6,,missing_pdb,False
F0NHR8,,missing_pdb,False
F0NHS0,,missing_pdb,False
F0NHS1,,missing_pdb,False
F0NHS7,,missing_pdb,False
F0NHT1,,missing_pdb,False
F0NHT3,,missing_pdb,False
F0NHU2,,missing_pdb,False
F0NHU3,,missing_pdb,False
F0NHU7,,missing_pdb,False
F0NHV6,,missing_pdb,False
F0NHV9,,missing_pdb,False
F0NHW3,,missing_pdb,False
F0NHW9,,missing_pdb,False
F0NHX1,,missing_pdb,False
F0NHX2,,missing_pdb,False
F0NHX5,,missing_pdb,False
F0NHX7,,missing_pdb,False
F0NHX8,,missing_pdb,False
F0NHX9,,missing_pdb,False
F0NHY2,,missing_pdb,False
F0NHY3,,missing_pdb,False
F0NHY4,,missing_pdb,False
F0NHY5,,missing_pdb,False
F0NHY6,,missing_pdb,False
F0NI08,,missing_pdb,False
F0NI10,,missing_pdb,False
F0NI18,,missing_pdb,False
F0NI19,,missing_pdb,False
F0NI25,,missing_pdb,False
F0NI32,,missing_pdb,False
F0NI36,,missing_pdb,False
F0NI39,,missing_pdb,False
F0NI40,,missing_pdb,False
F0NI41,,missing_pdb,False
F0NI43,,missing_pdb,False
F0NI53,,missing_pdb,False
F0NI64,,missing_pdb,False
F0NI86,,missing_pdb,False
F0NI96,,missing_pdb,False
F0NIA5,,missing_pdb,False
F0NIB9,,missing_pdb,False
F0NID6,,missing_pdb,False
F0NIE8,,missing_pdb,False
F0NIF4,,missing_pdb,False
F0NIF5,,missing_pdb,False
F0NIF9,,missing_pdb,False
F0NIG0,,missing_pdb,False
F0NIH0,,missing_pdb,False
F0NIH1,,missing_pdb,False
F0NII1,,missing_pdb,False
F0NII8,,missing_pdb,False
F0NII9,,missing_pdb,False
F0NIJ6,,missing_pdb,False
F0NIJ9,,missing_pdb,False
F0NIK2,,missing_pdb,False
F0NIK4,,missing_pdb,False
F0NIK7,,missing_pdb,False
F0NIK9,,missing_pdb,False
F0NIL9,,missing_pdb,False
F0NIM0,,missing_pdb,False
F0NIM3,,missing_pdb,False
F0NIM6,,missing_pdb,False
F0NIM7,,missing_pdb,False
F0NIM9,,missing_pdb,False
F0NIN0,,missing_pdb,False
F0NIN1,,missing_pdb,False
F0NIN3,,missing_pdb,False
F0NIN4,,missing_pdb,False
F0NIN5,,missing_pdb,False
F0NIP3,,missing_pdb,False
F0NIP4,,missing_pdb,False
F0NIQ2,,missing_pdb,False
F0NIQ3,,missing_pdb,False
F0NIQ4,,missing_pdb,False
F0NIQ5,,missing_pdb,False
F0NIQ7,,missing_pdb,False
F0NIQ8,,missing_pdb,False
F0NIR1,,missing_pdb,False
F0NIS6,,missing_pdb,False
F0NIS7,,missing_pdb,False
F1LM37,,missing_pdb,False
F1LM87,,missing_pdb,False
F1LMQ3,,missing_pdb,False
F1LN42,,missing_pdb,False
F1LN46,,missing_pdb,False
F1LN76,,missing_pdb,False
F1LND1,,missing_pdb,False
F1LNK0,,missing_pdb,False
F1LNW6,,missing_pdb,False
F1LNY6,,missing_pdb,False
F1LP64,,missing_pdb,False
F1LPC6,,missing_pdb,False
F1LPR6,,missing_pdb,False
F1LQ09,,missing_pdb,False
F1LQ48,,missing_pdb,False
F1LQH9,,missing_pdb,False
F1LQI6,,missing_pdb,False
F1LQK6,,missing_pdb,False
F1LQZ9,,missing_pdb,False
F1LR11,,missing_pdb,False
F1LR36,,missing_pdb,False
F1LRA5,,missing_pdb,False
F1LRE1,,missing_pdb,False
F1LRH9,,missing_pdb,False
F1LRP9,,missing_pdb,False
F1LS65,,missing_pdb,False
F1LS86,,missing_pdb,False
F1LSG3,,missing_pdb,False
F1LSP2,,missing_pdb,False
F1LTC1,,missing_pdb,False
F1LTF8,,missing_pdb,False
F1LTJ5,,missing_pdb,False
F1LUD9,,missing_pdb,False
F1LUP3,,missing_pdb,False
F1LV89,,missing_pdb,False
F1LV96,,missing_pdb,False
F1LVG9,,missing_pdb,False
F1LW77,,missing_pdb,False
F1LWG2,,missing_pdb,False
F1LXN4,,missing_pdb,False
F1LY09,,missing_pdb,False
F1LYI7,,missing_pdb,False
F1LYX1,,missing_pdb,False
F1LYZ8,,missing_pdb,False
F1LZB0,,missing_pdb,False
F1LZI7,,missing_pdb,False
F1LZJ4,,missing_pdb,False
F1LZW6,,missing_pdb,False
F1M076,,missing_pdb,False
F1M0C4,,missing_pdb,False
F1M0F5,,missing_pdb,False
F1M182,,missing_pdb,False
F1M1B3,,missing_pdb,False
F1M1R4,,missing_pdb,False
F1M3L7,,missing_pdb,False
F1M3M7,,missing_pdb,False
F1M3W5,,missing_pdb,False
F1M4M5,,missing_pdb,False
F1M4N6,,missing_pdb,False
F1M5N4,,missing_pdb,False
F1M6B3,,missing_pdb,False
F1M6C2,,missing_pdb,False
F1M6I9,,missing_pdb,False
F1M6S6,,missing_pdb,False
F1M790,,missing_pdb,False
F1M7A9,,missing_pdb,False
F1M7Y5,,missing_pdb,False
F1M8A5,,missing_pdb,False
F1M8B7,,missing_pdb,False
F1M8F6,,missing_pdb,False
F1M8T4,,missing_pdb,False
F1M923,,missing_pdb,False
F1M9H4,,missing_pdb,False
F1M9Y9,,missing_pdb,False
F1MA46,,missing_pdb,False
F1MA87,,missing_pdb,False
F1MAF5,,missing_pdb,False
F1MAM2,,missing_pdb,False
F1RIH5,,missing_pdb,False
F1RVL5,,missing_pdb,False
F1S4D5,,missing_pdb,False
F1SHL9,,missing_pdb,False
F2YBS8,,missing_pdb,False
F2Z3U1,,missing_pdb,False
F2Z443,,missing_pdb,False
F2Z5Q7,,missing_pdb,False
F2Z5V0,,missing_pdb,False
F2Z619,,missing_pdb,False
F2Z673,,missing_pdb,False
F2Z6B2,,missing_pdb,False
F2Z6C9,,missing_pdb,False
F2Z6D0,,missing_pdb,False
F3YDF1,,missing_pdb,False
F4HP88,,missing_pdb,False
F4HYQ1,,missing_pdb,False
F4ICS8,,missing_pdb,False
F4IDY7,,missing_pdb,False
F4IMF6,,missing_pdb,False
F4INA9,,missing_pdb,False
F4JSV3,,missing_pdb,False
F4JTP6,,missing_pdb,False
F4K786,,missing_pdb,False
F4YF87,,missing_pdb,False
F4YFA8,,missing_pdb,False
F4YFF6,,missing_pdb,False
F4YFG6,,missing_pdb,False
F5GY05,,missing_pdb,False
F5H0C4,,missing_pdb,False
F5H2G6,,missing_pdb,False
F5H4B4,,missing_pdb,False
F5H5P2,,missing_pdb,False
F5H5R8,,missing_pdb,False
F5H608,,missing_pdb,False
F5H948,,missing_pdb,False
F5HFD5,,missing_pdb,False
F5HI79,,missing_pdb,False
F6Q5G6,,missing_pdb,False
F6QBN8,,missing_pdb,False
F6QTQ3,,missing_pdb,False
F6R307,,missing_pdb,False
F6R9G0,,missing_pdb,False
F6RSH1,,missing_pdb,False
F6ST92,,missing_pdb,False
F6SXM5,,missing_pdb,False
F6T1W7,,missing_pdb,False
F6TNE3,,missing_pdb,False
F6U238,,missing_pdb,False
F6UY95,,missing_pdb,False
F6V6B6,,missing_pdb,False
F6V8A7,,missing_pdb,False
F6VIG0,,missing_pdb,False
F6VMK9,,missing_pdb,False
F6VVY4,,missing_pdb,False
F6W623,,missing_pdb,False
F6W7D6,,missing_pdb,False
F6WN43,,missing_pdb,False
F6X3S4,,missing_pdb,False
F6X9I3,,missing_pdb,False
F6XDW8,,missing_pdb,False
F6XEV2,,missing_pdb,False
F6XPZ0,,missing_pdb,False
F6XXE6,,missing_pdb,False
F6Y6L6,,missing_pdb,False
F6YQT7,,missing_pdb,False
F6ZDS4,,missing_pdb,False
F6ZFU0,,missing_pdb,False
F7B9R2,,missing_pdb,False
F7CB97,,missing_pdb,False
F7CU63,,missing_pdb,False
F7EUU4,,missing_pdb,False
F7EXQ7,,missing_pdb,False
F7EYB9,,missing_pdb,False
F7F7H4,,missing_pdb,False
F7FA68,,missing_pdb,False
F7FFR1,,missing_pdb,False
F7FHF3,,missing_pdb,False
F7FJQ3,,missing_pdb,False
F7FM87,,missing_pdb,False
F8VPT3,,missing_pdb,False
F8VPW2,,missing_pdb,False
F8VPZ9,,missing_pdb,False
F8VQ39,,missing_pdb,False
F8VQ93,,missing_pdb,False
F8VQB6,,missing_pdb,False
F8VQC1,,missing_pdb,False
F8VQE1,,missing_pdb,False
F8VXU5,,missing_pdb,False
F8W031,,missing_pdb,False
F8W6G1,,missing_pdb,False
F8W727,,missing_pdb,False
F8W930,,missing_pdb,False
F8WA39,,missing_pdb,False
F8WAJ7,,missing_pdb,False
F8WBW6,,missing_pdb,False
F8WFW5,,missing_pdb,False
F8WGL3,,missing_pdb,False
F8WHU5,,missing_pdb,False
F8WID5,,missing_pdb,False
F8WJG3,,missing_pdb,False
F8WJI0,,missing_pdb,False
G0Z6F3,,missing_pdb,False
G1UAZ9,,missing_pdb,False
G1UB67,,missing_pdb,False
G3F4I6,,missing_pdb,False
G3K725,,missing_pdb,False
G3UW85,,missing_pdb,False
G3UWC3,,missing_pdb,False
G3UWD4,,missing_pdb,False
G3UWH0,,missing_pdb,False
G3UWL2,,missing_pdb,False
G3UXB3,,missing_pdb,False
G3UXF4,,missing_pdb,False
G3UXT7,,missing_pdb,False
G3UY42,,missing_pdb,False
G3UYN0,,missing_pdb,False
G3UYQ9,,missing_pdb,False
G3UZ39,,missing_pdb,False
G3UZB0,,missing_pdb,False
G3UZY2,,missing_pdb,False
G3V1L9,,missing_pdb,False
G3V1M7,,missing_pdb,False
G3V325,,missing_pdb,False
G3V379,,missing_pdb,False
G3V3A5,,missing_pdb,False
G3V4K3,,missing_pdb,False
G3V556,,missing_pdb,False
G3V672,,missing_pdb,False
G3V6A2,,missing_pdb,False
G3V6B8,,missing_pdb,False
G3V6C3,,missing_pdb,False
G3V6C5,,missing_pdb,False
G3V6K3,,missing_pdb,False
G3V6K4,,missing_pdb,False
G3V6L9,,missing_pdb,False
G3V6P4,,missing_pdb,False
G3V6R4,,missing_pdb,False
G3V6R9,,missing_pdb,False
G3V739,,missing_pdb,False
G3V751,,missing_pdb,False
G3V779,,missing_pdb,False
G3V7B6,,missing_pdb,False
G3V7G9,,missing_pdb,False
G3V7L4,,missing_pdb,False
G3V7N5,,missing_pdb,False
G3V7Q7,,missing_pdb,False
G3V7T2,,missing_pdb,False
G3V7T6,,missing_pdb,False
G3V7V5,,missing_pdb,False
G3V7W1,,missing_pdb,False
G3V7X0,,missing_pdb,False
G3V810,,missing_pdb,False
G3V826,,missing_pdb,False
G3V8C0,,missing_pdb,False
G3V8D4,,missing_pdb,False
G3V8S9,,missing_pdb,False
G3V918,,missing_pdb,False
G3V955,,missing_pdb,False
G3V960,,missing_pdb,False
G3V9J9,,missing_pdb,False
G3V9S6,,missing_pdb,False
G3X8S5,,missing_pdb,False
G3X8U2,,missing_pdb,False
G3X914,,missing_pdb,False
G3X934,,missing_pdb,False
G3X970,,missing_pdb,False
G3X972,,missing_pdb,False
G3X981,,missing_pdb,False
G3X9I7,,missing_pdb,False
G3XAI2,,missing_pdb,False
G3XCR5,,missing_pdb,False
G4MKV6,,missing_pdb,False
G4MKV8,,missing_pdb,False
G4ML15,,missing_pdb,False
G4MLJ4,,missing_pdb,False
G4MLW0,,missing_pdb,False
G4MNH6,,missing_pdb,False
G4MNN7,,missing_pdb,False
G4MNY6,,missing_pdb,False
G4MQ72,,missing_pdb,False
G4MQF7,,missing_pdb,False
G4MQZ8,,missing_pdb,False
G4MR32,,missing_pdb,False
G4MR54,,missing_pdb,False
G4MRK8,,missing_pdb,False
G4MRQ3,,missing_pdb,False
G4MT13,,missing_pdb,False
G4MUJ0,,missing_pdb,False
G4MUM3,,missing_pdb,False
G4MVF1,,missing_pdb,False
G4MW05,,missing_pdb,False
G4MW58,,missing_pdb,False
G4MWD1,,missing_pdb,False
G4MX16,,missing_pdb,False
G4MX88,,missing_pdb,False
G4MXF3,,missing_pdb,False
G4MY07,,missing_pdb,False
G4MY67,,missing_pdb,False
G4MY81,,missing_pdb,False
G4MZ22,,missing_pdb,False
G4MZ65,,missing_pdb,False
G4MZB3,,missing_pdb,False
G4MZY7,,missing_pdb,False
G4N014,,missing_pdb,False
G4N137,,missing_pdb,False
G4N193,,missing_pdb,False
G4N1C3,,missing_pdb,False
G4N1P5,,missing_pdb,False
G4N2S3,,missing_pdb,False
G4N3D8,,missing_pdb,False
G4N4T4,,missing_pdb,False
G4N5E2,,missing_pdb,False
G4N5Q9,,missing_pdb,False
G4N6A6,,missing_pdb,False
G4N6C2,,missing_pdb,False
G4N6I5,,missing_pdb,False
G4N6P5,,missing_pdb,False
G4N6U2,,missing_pdb,False
G4N6W4,,missing_pdb,False
G4N6Z7,,missing_pdb,False
G4N6Z9,,missing_pdb,False
G4N751,,missing_pdb,False
G4N8C1,,missing_pdb,False
G4N9G7,,missing_pdb,False
G4N9H6,,missing_pdb,False
G4N9V3,,missing_pdb,False
G4NCA6,,missing_pdb,False
G4NCA7,,missing_pdb,False
G4NE13,,missing_pdb,False
G4NEB2,,missing_pdb,False
G4NEK2,,missing_pdb,False
G4NET0,,missing_pdb,False
G4NF74,,missing_pdb,False
G4NH07,,missing_pdb,False
G4NH78,,missing_pdb,False
G4NIR8,,missing_pdb,False
G4NIW8,,missing_pdb,False
G4NJW1,,missing_pdb,False
G4NKG0,,missing_pdb,False
G4NKL7,,missing_pdb,False
G4NKV5,,missing_pdb,False
G4NLM7,,missing_pdb,False
G4WF77,,missing_pdb,False
G4YDW8,,missing_pdb,False
G4YDZ2,,missing_pdb,False
G4YE49,,missing_pdb,False
G4YEB7,,missing_pdb,False
G4YED3,,missing_pdb,False
G4YEL6,,missing_pdb,False
G4YEN8,,missing_pdb,False
G4YER7,,missing_pdb,False
G4YEZ4,,missing_pdb,False
G4YF28,,missing_pdb,False
G4YF46,,missing_pdb,False
G4YFA4,,missing_pdb,False
G4YFF7,,missing_pdb,False
G4YFF8,,missing_pdb,False
G4YFH0,,missing_pdb,False
G4YFJ8,,missing_pdb,False
G4YFX1,,missing_pdb,False
G4YFX9,,missing_pdb,False
G4YG28,,missing_pdb,False
G4YG36,,missing_pdb,False
G4YG60,,missing_pdb,False
G4YG82,,missing_pdb,False
G4YG86,,missing_pdb,False
G4YG92,,missing_pdb,False
G4YG94,,missing_pdb,False
G4YGA6,,missing_pdb,False
G4YGB7,,missing_pdb,False
G4YGG1,,missing_pdb,False
G4YGH8,,missing_pdb,False
G4YGI1,,missing_pdb,False
G4YGW2,,missing_pdb,False
G4YGY7,,missing_pdb,False
G4YH03,,missing_pdb,False
G4YH39,,missing_pdb,False
G4YH56,,missing_pdb,False
G4YH96,,missing_pdb,False
G4YH99,,missing_pdb,False
G4YHC1,,missing_pdb,False
G4YHC3,,missing_pdb,False
G4YHC4,,missing_pdb,False
G4YHG5,,missing_pdb,False
G4YHU2,,missing_pdb,False
G4YI15,,missing_pdb,False
G4YIC9,,missing_pdb,False
G4YID4,,missing_pdb,False
G4YID5,,missing_pdb,False
G4YIF9,,missing_pdb,False
G4YIG7,,missing_pdb,False
G4YIH2,,missing_pdb,False
G4YIH6,,missing_pdb,False
G4YIK7,,missing_pdb,False
G4YIP5,,missing_pdb,False
G4YIQ9,,missing_pdb,False
G4YIR5,,missing_pdb,False
G4YIS6,,missing_pdb,False
G4YIV8,,missing_pdb,False
G4YIW2,,missing_pdb,False
G4YJ63,,missing_pdb,False
G4YJ64,,missing_pdb,False
G4YJ93,,missing_pdb,False
G4YJK0,,missing_pdb,False
G4YJK9,,missing_pdb,False
G4YJL4,,missing_pdb,False
G4YJL5,,missing_pdb,False
G4YJT8,,missing_pdb,False
G4YJU0,,missing_pdb,False
G4YJV5,,missing_pdb,False
G4YJY6,,missing_pdb,False
G4YK12,,missing_pdb,False
G4YK80,,missing_pdb,False
G4YK86,,missing_pdb,False
G4YK88,,missing_pdb,False
G4YK96,,missing_pdb,False
G4YKA3,,missing_pdb,False
G4YKC4,,missing_pdb,False
G4YKF0,,missing_pdb,False
G4YKF9,,missing_pdb,False
G4YKY9,,missing_pdb,False
G4YL66,,missing_pdb,False
G4YL75,,missing_pdb,False
G4YLF7,,missing_pdb,False
G4YLM4,,missing_pdb,False
G4YLN5,,missing_pdb,False
G4YLN7,,missing_pdb,False
G4YLQ1,,missing_pdb,False
G4YM20,,missing_pdb,False
G4YM33,,missing_pdb,False
G4YM52,,missing_pdb,False
G4YM53,,missing_pdb,False
G4YM73,,missing_pdb,False
G4YM85,,missing_pdb,False
G4YMC6,,missing_pdb,False
G4YMK4,,missing_pdb,False
G4YMK7,,missing_pdb,False
G4YMK8,,missing_pdb,False
G4YMR4,,missing_pdb,False
G4YN11,,missing_pdb,False
G4YN31,,missing_pdb,False
G4YN76,,missing_pdb,False
G4YNC3,,missing_pdb,False
G4YNG4,,missing_pdb,False
G4YNH8,,missing_pdb,False
G4YNI4,,missing_pdb,False
G4YNN1,,missing_pdb,False
G4YNQ2,,missing_pdb,False
G4YNU7,,missing_pdb,False
G4YNY4,,missing_pdb,False
G4YNZ6,,missing_pdb,False
G4YP23,,missing_pdb,False
G4YP71,,missing_pdb,False
G4YP82,,missing_pdb,False
G4YP98,,missing_pdb,False
G4YPC7,,missing_pdb,False
G4YPK4,,missing_pdb,False
G4YPK8,,missing_pdb,False
G4YPP9,,missing_pdb,False
G4YPU0,,missing_pdb,False
G4YPV0,,missing_pdb,False
G4YPX1,,missing_pdb,False
G4YPY5,,missing_pdb,False
G4YQ00,,missing_pdb,False
G4YQ52,,missing_pdb,False
G4YQA7,,missing_pdb,False
G4YQB5,,missing_pdb,False
G4YQD3,,missing_pdb,False
G4YQE1,,missing_pdb,False
G4YQK2,,missing_pdb,False
G4YQK6,,missing_pdb,False
G4YQK7,,missing_pdb,False
G4YQM5,,missing_pdb,False
G4YQN8,,missing_pdb,False
G4YQV4,,missing_pdb,False
G4YQZ3,,missing_pdb,False
G4YR88,,missing_pdb,False
G4YRA3,,missing_pdb,False
G4YRZ0,,missing_pdb,False
G4YS84,,missing_pdb,False
G4YSP1,,missing_pdb,False
G4YSS1,,missing_pdb,False
G4YSW0,,missing_pdb,False
G4YSZ3,,missing_pdb,False
G4YT05,,missing_pdb,False
G4YT67,,missing_pdb,False
G4YT74,,missing_pdb,False
G4YT78,,missing_pdb,False
G4YT82,,missing_pdb,False
G4YT83,,missing_pdb,False
G4YTD4,,missing_pdb,False
G4YTE4,,missing_pdb,False
G4YTJ1,,missing_pdb,False
G4YTK2,,missing_pdb,False
G4YTL7,,missing_pdb,False
G4YTM1,,missing_pdb,False
G4YTN5,,missing_pdb,False
G4YTU9,,missing_pdb,False
G4YU16,,missing_pdb,False
G4YU19,,missing_pdb,False
G4YU43,,missing_pdb,False
G4YU48,,missing_pdb,False
G4YUB4,,missing_pdb,False
G4YUB5,,missing_pdb,False
G4YUB6,,missing_pdb,False
G4YUI1,,missing_pdb,False
G4YUK2,,missing_pdb,False
G4YUU4,,missing_pdb,False
G4YUW9,,missing_pdb,False
G4YUZ2,,missing_pdb,False
G4YV92,,missing_pdb,False
G4YV98,,missing_pdb,False
G4YVA0,,missing_pdb,False
G4YVC5,,missing_pdb,False
G4YVC9,,missing_pdb,False
G4YVI4,,missing_pdb,False
G4YVI7,,missing_pdb,False
G4YVQ4,,missing_pdb,False
G4YVV3,,missing_pdb,False
G4YVV4,,missing_pdb,False
G4YVW3,,missing_pdb,False
G4YVY4,,missing_pdb,False
G4YVZ5,,missing_pdb,False
G4YW12,,missing_pdb,False
G4YW40,,missing_pdb,False
G4YW93,,missing_pdb,False
G4YWA4,,missing_pdb,False
G4YWJ2,,missing_pdb,False
G4YWP9,,missing_pdb,False
G4YWQ9,,missing_pdb,False
G4YXA1,,missing_pdb,False
G4YXB6,,missing_pdb,False
G4YXF0,,missing_pdb,False
G4YXG9,,missing_pdb,False
G4YXH4,,missing_pdb,False
G4YXI9,,missing_pdb,False
G4YXS9,,missing_pdb,False
G4YXU9,,missing_pdb,False
G4YY58,,missing_pdb,False
G4YYA1,,missing_pdb,False
G4YYE4,,missing_pdb,False
G4YYF0,,missing_pdb,False
G4YYM9,,missing_pdb,False
G4YYS8,,missing_pdb,False
G4YYU5,,missing_pdb,False
G4YYY0,,missing_pdb,False
G4YYZ0,,missing_pdb,False
G4YZ30,,missing_pdb,False
G4YZ81,,missing_pdb,False
G4YZ85,,missing_pdb,False
G4YZC6,,missing_pdb,False
G4YZF1,,missing_pdb,False
G4YZF6,,missing_pdb,False
G4YZG5,,missing_pdb,False
G4YZI6,,missing_pdb,False
G4YZL1,,missing_pdb,False
G4YZS6,,missing_pdb,False
G4Z031,,missing_pdb,False
G4Z039,,missing_pdb,False
G4Z044,,missing_pdb,False
G4Z061,,missing_pdb,False
G4Z0B7,,missing_pdb,False
G4Z0F6,,missing_pdb,False
G4Z0J2,,missing_pdb,False
G4Z0V0,,missing_pdb,False
G4Z108,,missing_pdb,False
G4Z120,,missing_pdb,False
G4Z121,,missing_pdb,False
G4Z125,,missing_pdb,False
G4Z1M1,,missing_pdb,False
G4Z1N1,,missing_pdb,False
G4Z1P2,,missing_pdb,False
G4Z1W4,,missing_pdb,False
G4Z1Y8,,missing_pdb,False
G4Z209,,missing_pdb,False
G4Z2B0,,missing_pdb,False
G4Z2L7,,missing_pdb,False
G4Z344,,missing_pdb,False
G4Z3A4,,missing_pdb,False
G4Z3A6,,missing_pdb,False
G4Z3C7,,missing_pdb,False
G4Z3D1,,missing_pdb,False
G4Z3F4,,missing_pdb,False
G4Z3P0,,missing_pdb,False
G4Z3T1,,missing_pdb,False
G4Z494,,missing_pdb,False
G4Z4A1,,missing_pdb,False
G4Z4C0,,missing_pdb,False
G4Z4E6,,missing_pdb,False
G4Z4F4,,missing_pdb,False
G4Z4F6,,missing_pdb,False
G4Z4L5,,missing_pdb,False
G4Z4R4,,missing_pdb,False
G4Z4R7,,missing_pdb,False
G4Z521,,missing_pdb,False
G4Z526,,missing_pdb,False
G4Z5A9,,missing_pdb,False
G4Z5K4,,missing_pdb,False
G4Z5L9,,missing_pdb,False
G4Z5S6,,missing_pdb,False
G4Z5V1,,missing_pdb,False
G4Z610,,missing_pdb,False
G4Z626,,missing_pdb,False
G4Z635,,missing_pdb,False
G4Z698,,missing_pdb,False
G4Z6I0,,missing_pdb,False
G4Z6N7,,missing_pdb,False
G4Z6P0,,missing_pdb,False
G4Z6S8,,missing_pdb,False
G4Z6U2,,missing_pdb,False
G4Z6U6,,missing_pdb,False
G4Z6Z6,,missing_pdb,False
G4Z6Z7,,missing_pdb,False
G4Z719,,missing_pdb,False
G4Z734,,missing_pdb,False
G4Z761,,missing_pdb,False
G4Z769,,missing_pdb,False
G4Z771,,missing_pdb,False
G4Z7J2,,missing_pdb,False
G4Z7L4,,missing_pdb,False
G4Z863,,missing_pdb,False
G4Z894,,missing_pdb,False
G4Z8B6,,missing_pdb,False
G4Z8B7,,missing_pdb,False
G4Z8L6,,missing_pdb,False
G4Z906,,missing_pdb,False
G4Z9S7,,missing_pdb,False
G4Z9U6,,missing_pdb,False
G4Z9W6,,missing_pdb,False
G4ZAF6,,missing_pdb,False
G4ZAL2,,missing_pdb,False
G4ZAQ5,,missing_pdb,False
G4ZAR8,,missing_pdb,False
G4ZAU5,,missing_pdb,False
G4ZB84,,missing_pdb,False
G4ZB91,,missing_pdb,False
G4ZB96,,missing_pdb,False
G4ZBC3,,missing_pdb,False
G4ZBN5,,missing_pdb,False
G4ZBR5,,missing_pdb,False
G4ZBV3,,missing_pdb,False
G4ZC23,,missing_pdb,False
G4ZC24,,missing_pdb,False
G4ZC26,,missing_pdb,False
G4ZC50,,missing_pdb,False
G4ZCI4,,missing_pdb,False
G4ZCI9,,missing_pdb,False
G4ZCK6,,missing_pdb,False
G4ZCL1,,missing_pdb,False
G4ZCM9,,missing_pdb,False
G4ZCQ5,,missing_pdb,False
G4ZCU5,,missing_pdb,False
G4ZCZ8,,missing_pdb,False
G4ZD06,,missing_pdb,False
G4ZD07,,missing_pdb,False
G4ZD26,,missing_pdb,False
G4ZD97,,missing_pdb,False
G4ZDD7,,missing_pdb,False
G4ZDF0,,missing_pdb,False
G4ZDH4,,missing_pdb,False
G4ZDH7,,missing_pdb,False
G4ZDJ8,,missing_pdb,False
G4ZDU2,,missing_pdb,False
G4ZDW6,,missing_pdb,False
G4ZE11,,missing_pdb,False
G4ZEA7,,missing_pdb,False
G4ZED6,,missing_pdb,False
G4ZEN1,,missing_pdb,False
G4ZET7,,missing_pdb,False
G4ZEU1,,missing_pdb,False
G4ZEX1,,missing_pdb,False
G4ZFB3,,missing_pdb,False
G4ZFL0,,missing_pdb,False
G4ZFS2,,missing_pdb,False
G4ZG16,,missing_pdb,False
G4ZG33,,missing_pdb,False
G4ZG65,,missing_pdb,False
G4ZGG5,,missing_pdb,False
G4ZGH5,,missing_pdb,False
G4ZGI9,,missing_pdb,False
G4ZGJ7,,missing_pdb,False
G4ZGN7,,missing_pdb,False
G4ZGN8,,missing_pdb,False
G4ZH13,,missing_pdb,False
G4ZH80,,missing_pdb,False
G4ZHC0,,missing_pdb,False
G4ZHU5,,missing_pdb,False
G4ZHV2,,missing_pdb,False
G4ZHX5,,missing_pdb,False
G4ZHX8,,missing_pdb,False
G4ZHX9,,missing_pdb,False
G4ZHY4,,missing_pdb,False
G4ZHY8,,missing_pdb,False
G4ZI89,,missing_pdb,False
G4ZIE3,,missing_pdb,False
G4ZIE8,,missing_pdb,False
G4ZII5,,missing_pdb,False
G4ZJ38,,missing_pdb,False
G4ZJ44,,missing_pdb,False
G4ZJ49,,missing_pdb,False
G4ZJ68,,missing_pdb,False
G4ZJ82,,missing_pdb,False
G4ZJC4,,missing_pdb,False
G4ZJT9,,missing_pdb,False
G4ZK13,,missing_pdb,False
G4ZK14,,missing_pdb,False
G4ZK16,,missing_pdb,False
G4ZKB8,,missing_pdb,False
G4ZKC2,,missing_pdb,False
G4ZKD9,,missing_pdb,False
G4ZKE1,,missing_pdb,False
G4ZKH5,,missing_pdb,False
G4ZKL8,,missing_pdb,False
G4ZKP7,,missing_pdb,False
G4ZL63,,missing_pdb,False
G4ZL66,,missing_pdb,False
G4ZLE6,,missing_pdb,False
G4ZLQ3,,missing_pdb,False
G4ZLR2,,missing_pdb,False
G4ZLX2,,missing_pdb,False
G4ZLY8,,missing_pdb,False
G4ZM48,,missing_pdb,False
G4ZM51,,missing_pdb,False
G4ZM52,,missing_pdb,False
G4ZM62,,missing_pdb,False
G4ZMA9,,missing_pdb,False
G4ZML3,,missing_pdb,False
G4ZML9,,missing_pdb,False
G4ZMM7,,missing_pdb,False
G4ZMR8,,missing_pdb,False
G4ZMR9,,missing_pdb,False
G4ZMS1,,missing_pdb,False
G4ZMZ0,,missing_pdb,False
G4ZN16,,missing_pdb,False
G4ZN50,,missing_pdb,False
G4ZN54,,missing_pdb,False
G4ZN55,,missing_pdb,False
G4ZN95,,missing_pdb,False
G4ZNE5,,missing_pdb,False
G4ZNE7,,missing_pdb,False
G4ZNF6,,missing_pdb,False
G4ZNI6,,missing_pdb,False
G4ZNI8,,missing_pdb,False
G4ZNX2,,missing_pdb,False
G4ZNY2,,missing_pdb,False
G4ZP23,,missing_pdb,False
G4ZP54,,missing_pdb,False
G4ZP72,,missing_pdb,False
G4ZPB3,,missing_pdb,False
G4ZPF6,,missing_pdb,False
G4ZPF9,,missing_pdb,False
G4ZPG1,,missing_pdb,False
G4ZPP4,,missing_pdb,False
G4ZPR3,,missing_pdb,False
G4ZPW3,,missing_pdb,False
G4ZPY3,,missing_pdb,False
G4ZQ28,,missing_pdb,False
G4ZQ98,,missing_pdb,False
G4ZQI8,,missing_pdb,False
G4ZQN4,,missing_pdb,False
G4ZQR4,,missing_pdb,False
G4ZQT0,,missing_pdb,False
G4ZQV3,,missing_pdb,False
G4ZQV9,,missing_pdb,False
G4ZQZ1,,missing_pdb,False
G4ZR09,,missing_pdb,False
G4ZR26,,missing_pdb,False
G4ZRD8,,missing_pdb,False
G4ZRF0,,missing_pdb,False
G4ZRN9,,missing_pdb,False
G4ZRT8,,missing_pdb,False
G4ZSG6,,missing_pdb,False
G4ZSH6,,missing_pdb,False
G4ZSJ0,,missing_pdb,False
G4ZSJ7,,missing_pdb,False
G4ZSR6,,missing_pdb,False
G4ZT00,,missing_pdb,False
G4ZT11,,missing_pdb,False
G4ZT57,,missing_pdb,False
G4ZTB6,,missing_pdb,False
G4ZTI1,,missing_pdb,False
G4ZTK7,,missing_pdb,False
G4ZTR4,,missing_pdb,False
G4ZTS2,,missing_pdb,False
G4ZTS3,,missing_pdb,False
G4ZTV8,,missing_pdb,False
G4ZU80,,missing_pdb,False
G4ZUB0,,missing_pdb,False
G4ZUB7,,missing_pdb,False
G4ZUD0,,missing_pdb,False
G4ZUD3,,missing_pdb,False
G4ZUE3,,missing_pdb,False
G4ZUH6,,missing_pdb,False
G4ZUH7,,missing_pdb,False
G4ZUJ1,,missing_pdb,False
G4ZVH0,,missing_pdb,False
G4ZVJ1,,missing_pdb,False
G4ZVK0,,missing_pdb,False
G4ZVS2,,missing_pdb,False
G4ZVU6,,missing_pdb,False
G4ZW62,,missing_pdb,False
G4ZW67,,missing_pdb,False
G4ZW95,,missing_pdb,False
G4ZW98,,missing_pdb,False
G4ZWA2,,missing_pdb,False
G4ZWA4,,missing_pdb,False
G4ZWD2,,missing_pdb,False
G4ZWG8,,missing_pdb,False
G4ZWK5,,missing_pdb,False
G4ZWK9,,missing_pdb,False
G4ZWT3,,missing_pdb,False
G4ZX50,,missing_pdb,False
G4ZXB0,,missing_pdb,False
G4ZXL1,,missing_pdb,False
G4ZXP6,,missing_pdb,False
G4ZXR0,,missing_pdb,False
G4ZXW7,,missing_pdb,False
G4ZXW8,,missing_pdb,False
G4ZY60,,missing_pdb,False
G4ZYD1,,missing_pdb,False
G4ZYJ7,,missing_pdb,False
G4ZYR5,,missing_pdb,False
G4ZZ21,,missing_pdb,False
G4ZZ71,,missing_pdb,False
G4ZZ75,,missing_pdb,False
G4ZZ97,,missing_pdb,False
G4ZZC8,,missing_pdb,False
G4ZZC9,,missing_pdb,False
G4ZZH9,,missing_pdb,False
G4ZZU1,,missing_pdb,False
G4ZZV5,,missing_pdb,False
G5A0B2,,missing_pdb,False
G5A0B3,,missing_pdb,False
G5A0E6,,missing_pdb,False
G5A0Q8,,missing_pdb,False
G5A0X6,,missing_pdb,False
G5A1C9,,missing_pdb,False
G5A1L2,,missing_pdb,False
G5A1M1,,missing_pdb,False
G5A1M2,,missing_pdb,False
G5A1S5,,missing_pdb,False
G5A1V6,,missing_pdb,False
G5A232,,missing_pdb,False
G5A273,,missing_pdb,False
G5A274,,missing_pdb,False
G5A283,,missing_pdb,False
G5A2A3,,missing_pdb,False
G5A2D8,,missing_pdb,False
G5A2G9,,missing_pdb,False
G5A2H4,,missing_pdb,False
G5A2N5,,missing_pdb,False
G5A2R9,,missing_pdb,False
G5A2U4,,missing_pdb,False
G5A3J1,,missing_pdb,False
G5A3P2,,missing_pdb,False
G5A3R4,,missing_pdb,False
G5A3T4,,missing_pdb,False
G5A3W3,,missing_pdb,False
G5A3X6,,missing_pdb,False
G5A3Y0,,missing_pdb,False
G5A403,,missing_pdb,False
G5A410,,missing_pdb,False
G5A426,,missing_pdb,False
G5A4A0,,missing_pdb,False
G5A4L7,,missing_pdb,False
G5A4L8,,missing_pdb,False
G5A4R0,,missing_pdb,False
G5A4X3,,missing_pdb,False
G5A511,,missing_pdb,False
G5A581,,missing_pdb,False
G5A5A2,,missing_pdb,False
G5A5E0,,missing_pdb,False
G5A5F0,,missing_pdb,False
G5A5K8,,missing_pdb,False
G5A5Q4,,missing_pdb,False
G5A5R1,,missing_pdb,False
G5A5V6,,missing_pdb,False
G5A5W2,,missing_pdb,False
G5A5Y4,,missing_pdb,False
G5A5Z5,,missing_pdb,False
G5A624,,missing_pdb,False
G5A632,,missing_pdb,False
G5A6Y2,,missing_pdb,False
G5A6Y8,,missing_pdb,False
G5A723,,missing_pdb,False
G5A748,,missing_pdb,False
G5A790,,missing_pdb,False
G5A7B6,,missing_pdb,False
G5A7B8,,missing_pdb,False
G5A7C0,,missing_pdb,False
G5A7C1,,missing_pdb,False
G5A7F9,,missing_pdb,False
G5A7I7,,missing_pdb,False
G5A7L1,,missing_pdb,False
G5A7P6,,missing_pdb,False
G5A7T1,,missing_pdb,False
G5A7X5,,missing_pdb,False
G5A7Y7,,missing_pdb,False
G5A8T2,,missing_pdb,False
G5A9E8,,missing_pdb,False
G5A9U1,,missing_pdb,False
G5A9X1,,missing_pdb,False
G5A9Z1,,missing_pdb,False
G5AA24,,missing_pdb,False
G5AA31,,missing_pdb,False
G5AA41,,missing_pdb,False
G5AA60,,missing_pdb,False
G5AAH9,,missing_pdb,False
G5AAI6,,missing_pdb,False
G5AAU0,,missing_pdb,False
G5AAV9,,missing_pdb,False
G5AB07,,missing_pdb,False
G5AB13,,missing_pdb,False
G5AB53,,missing_pdb,False
G5AB74,,missing_pdb,False
G5ABI6,,missing_pdb,False
G5ABJ1,,missing_pdb,False
G5ABJ2,,missing_pdb,False
G5ABL3,,missing_pdb,False
G5ABQ2,,missing_pdb,False
G5ABZ6,,missing_pdb,False
G5ABZ7,,missing_pdb,False
G5AC48,,missing_pdb,False
G5AC51,,missing_pdb,False
G5AC87,,missing_pdb,False
G5ACF8,,missing_pdb,False
G5ACH7,,missing_pdb,False
G5ACI0,,missing_pdb,False
G5ACJ4,,missing_pdb,False
G5ACK1,,missing_pdb,False
G5ACZ8,,missing_pdb,False
G5ADA1,,missing_pdb,False
G5ADS5,,missing_pdb,False
G5ADV1,,missing_pdb,False
G5AEA8,,missing_pdb,False
G5AEB2,,missing_pdb,False
G5AEB4,,missing_pdb,False
G5AEF1,,missing_pdb,False
G5AEN5,,missing_pdb,False
G5AEQ3,,missing_pdb,False
G5AER0,,missing_pdb,False
G5AET0,,missing_pdb,False
G5AF42,,missing_pdb,False
G5AF60,,missing_pdb,False
G5AF70,,missing_pdb,False
G5AF97,,missing_pdb,False
G5AFB0,,missing_pdb,False
G5AFC6,,missing_pdb,False
G5AFD5,,missing_pdb,False
G5AFK3,,missing_pdb,False
G5AFV4,,missing_pdb,False
G5AFX0,,missing_pdb,False
G5AGW9,,missing_pdb,False
G5AGX1,,missing_pdb,False
G5AHT0,,missing_pdb,False
G5AHT2,,missing_pdb,False
G5AHT5,,missing_pdb,False
G5AI54,,missing_pdb,False
G5AI59,,missing_pdb,False
G5AIZ7,,missing_pdb,False
G5AJA1,,missing_pdb,False
G5E861,,missing_pdb,False
G5E8C2,,missing_pdb,False
G5E8Q5,,missing_pdb,False
G5E8T9,,missing_pdb,False
G5E975,,missing_pdb,False
G5EBC7,,missing_pdb,False
G5EHB0,,missing_pdb,False
G5EHF9,,missing_pdb,False
G7LJP7,,missing_pdb,False
G7LJW1,,missing_pdb,False
G7LJW3,,missing_pdb,False
G7LK46,,missing_pdb,False
G7LK59,,missing_pdb,False
G7LK81,,missing_pdb,False
G7LKC2,,missing_pdb,False
G7LKD1,,missing_pdb,False
G7LKI3,,missing_pdb,False
G7LKI9,,missing_pdb,False
G7LKJ5,,missing_pdb,False
G7LKJ8,,missing_pdb,False
G7LKL9,,missing_pdb,False
G7LKN1,,missing_pdb,False
G7LKQ0,,missing_pdb,False
G7LKS7,,missing_pdb,False
G7LL04,,missing_pdb,False
G7LL13,,missing_pdb,False
G7LL21,,missing_pdb,False
G7LL54,,missing_pdb,False
G7LL74,,missing_pdb,False
G7LLI6,,missing_pdb,False
G7LLJ2,,missing_pdb,False
G7LLJ5,,missing_pdb,False
G7LLK1,,missing_pdb,False
G7LLK2,,missing_pdb,False
G7LLQ1,,missing_pdb,False
G7LLR0,,missing_pdb,False
G7LLU1,,missing_pdb,False
G7LLU9,,missing_pdb,False
G7LLV0,,missing_pdb,False
G7LLV1,,missing_pdb,False
G7LLW3,,missing_pdb,False
G7LM14,,missing_pdb,False
G7LM30,,missing_pdb,False
G7LM34,,missing_pdb,False
G7LM74,,missing_pdb,False
G7LMB1,,missing_pdb,False
G7LME9,,missing_pdb,False
G7LMF3,,missing_pdb,False
G7LMG0,,missing_pdb,False
G7LMG4,,missing_pdb,False
G7LMI2,,missing_pdb,False
G7LMK5,,missing_pdb,False
G7LML5,,missing_pdb,False
G7LMS3,,missing_pdb,False
G7LMY5,,missing_pdb,False
G7LMY9,,missing_pdb,False
G7LN00,,missing_pdb,False
G7LN09,,missing_pdb,False
G7LN26,,missing_pdb,False
G7LN42,,missing_pdb,False
G7LN67,,missing_pdb,False
G7LN89,,missing_pdb,False
G7LNA3,,missing_pdb,False
G7LNC8,,missing_pdb,False
G7LNE9,,missing_pdb,False
G7LNI0,,missing_pdb,False
G7LNJ0,,missing_pdb,False
G7LNJ5,,missing_pdb,False
G7LNK5,,missing_pdb,False
G7LNK6,,missing_pdb,False
G7LNQ6,,missing_pdb,False
G7LNT3,,missing_pdb,False
G7LP15,,missing_pdb,False
G7LP20,,missing_pdb,False
G7LP21,,missing_pdb,False
G7LP72,,missing_pdb,False
G7LP77,,missing_pdb,False
G7LPA7,,missing_pdb,False
G7LPC4,,missing_pdb,False
G7LPC9,,missing_pdb,False
G7LPD3,,missing_pdb,False
G7LPE5,,missing_pdb,False
G7LPH8,,missing_pdb,False
G7LPI8,,missing_pdb,False
G7LPK0,,missing_pdb,False
G7LPM0,,missing_pdb,False
G7LPM9,,missing_pdb,False
G7LPN9,,missing_pdb,False
G7LPP0,,missing_pdb,False
G7LPP3,,missing_pdb,False
G7LPT3,,missing_pdb,False
G7LPT4,,missing_pdb,False
G7LPT9,,missing_pdb,False
G7LPU3,,missing_pdb,False
G7LPU5,,missing_pdb,False
G7LPV2,,missing_pdb,False
G7LQ01,,missing_pdb,False
G7LQ14,,missing_pdb,False
G7LQ18,,missing_pdb,False
G7LQ35,,missing_pdb,False
G7LQC0,,missing_pdb,False
G7LQI2,,missing_pdb,False
G7LQI9,,missing_pdb,False
G7LQJ5,,missing_pdb,False
G7LQK0,,missing_pdb,False
G7LQL6,,missing_pdb,False
G7LQM1,,missing_pdb,False
G7LQM3,,missing_pdb,False
G7LQQ4,,missing_pdb,False
G7LQQ8,,missing_pdb,False
G7LQS8,,missing_pdb,False
G7LQS9,,missing_pdb,False
G7LQV4,,missing_pdb,False
G7LQV8,,missing_pdb,False
G7LQV9,,missing_pdb,False
G7LR01,,missing_pdb,False
G7LR10,,missing_pdb,False
G7LR79,,missing_pdb,False
G7LR92,,missing_pdb,False
G7LRA4,,missing_pdb,False
G7LRB3,,missing_pdb,False
G7LRB7,,missing_pdb,False
G7LRC3,,missing_pdb,False
G7LRD9,,missing_pdb,False
G7LRF9,,missing_pdb,False
G7LRI7,,missing_pdb,False
G7LRP3,,missing_pdb,False
G7LRU0,,missing_pdb,False
G7LRU1,,missing_pdb,False
G7LRZ0,,missing_pdb,False
G7LRZ2,,missing_pdb,False
G7LRZ7,,missing_pdb,False
G7LS00,,missing_pdb,False
G7LS12,,missing_pdb,False
G7LS17,,missing_pdb,False
G7LS25,,missing_pdb,False
G7LS58,,missing_pdb,False
G7LS69,,missing_pdb,False
G7LS83,,missing_pdb,False
G7LS97,,missing_pdb,False
G7LSA2,,missing_pdb,False
G7LSA9,,missing_pdb,False
G7LSC1,,missing_pdb,False
G7LSD9,,missing_pdb,False
G7LSE2,,missing_pdb,False
G7LSF3,,missing_pdb,False
G7LSF6,,missing_pdb,False
G7LSI1,,missing_pdb,False
G7LSK3,,missing_pdb,False
G7LSL2,,missing_pdb,False
G7LSN4,,missing_pdb,False
G7LSU8,,missing_pdb,False
G7LT37,,missing_pdb,False
G7LT60,,missing_pdb,False
G7LT68,,missing_pdb,False
G7LT72,,missing_pdb,False
G7LTC3,,missing_pdb,False
G7LTH6,,missing_pdb,False
G7LTH9,,missing_pdb,False
G7LTJ0,,missing_pdb,False
G7LTK4,,missing_pdb,False
G7LTL8,,missing_pdb,False
G7LTM0,,missing_pdb,False
G7LTM1,,missing_pdb,False
G7LTQ1,,missing_pdb,False
G7LTS7,,missing_pdb,False
G7LTU8,,missing_pdb,False
G7LTW7,,missing_pdb,False
G7LTY5,,missing_pdb,False
G7LTY9,,missing_pdb,False
G7LTZ1,,missing_pdb,False
G7LTZ2,,missing_pdb,False
G7LTZ4,,missing_pdb,False
G7LU03,,missing_pdb,False
G7LU24,,missing_pdb,False
G7LU27,,missing_pdb,False
G7LU28,,missing_pdb,False
G7LU34,,missing_pdb,False
G7LU36,,missing_pdb,False
G7LU40,,missing_pdb,False
G7LU50,,missing_pdb,False
G7LUC1,,missing_pdb,False
G7LUD5,,missing_pdb,False
G7LUF0,,missing_pdb,False
G7LUF1,,missing_pdb,False
G7LUF6,,missing_pdb,False
G7LUI8,,missing_pdb,False
G7LUL2,,missing_pdb,False
G7LUL3,,missing_pdb,False
G7LUL7,,missing_pdb,False
G7LUL9,,missing_pdb,False
G7LUV5,,missing_pdb,False
G7LUZ3,,missing_pdb,False
G7LV08,,missing_pdb,False
G7LV22,,missing_pdb,False
G7LV32,,missing_pdb,False
G7LV40,,missing_pdb,False
G7LV83,,missing_pdb,False
G7LVC2,,missing_pdb,False
G7LVC8,,missing_pdb,False
G7LVE9,,missing_pdb,False
G7LVF8,,missing_pdb,False
G7LVH3,,missing_pdb,False
G7LVH5,,missing_pdb,False
G7LVI2,,missing_pdb,False
G7LVJ8,,missing_pdb,False
G7LVM9,,missing_pdb,False
G7LVN8,,missing_pdb,False
G7LVN9,,missing_pdb,False
G7LVT9,,missing_pdb,False
G7LW01,,missing_pdb,False
G7LW19,,missing_pdb,False
G7LW29,,missing_pdb,False
G7LW37,,missing_pdb,False
G7LW42,,missing_pdb,False
G7LW74,,missing_pdb,False
G7LWD5,,missing_pdb,False
G7LWE5,,missing_pdb,False
G7LWF4,,missing_pdb,False
G7LWI1,,missing_pdb,False
G7LWK3,,missing_pdb,False
G7LWL4,,missing_pdb,False
G7LWS3,,missing_pdb,False
G7LWV1,,missing_pdb,False
G7LWV6,,missing_pdb,False
G7LX18,,missing_pdb,False
G7LX30,,missing_pdb,False
G7LX31,,missing_pdb,False
G8HM71,,missing_pdb,False
G8JLB6,,missing_pdb,False
H0UXG8,,missing_pdb,False
H0UY46,,missing_pdb,False
H0UY83,,missing_pdb,False
H0UZ85,,missing_pdb,False
H0UZW0,,missing_pdb,False
H0V3E0,,missing_pdb,False
H0V525,,missing_pdb,False
H0V7M3,,missing_pdb,False
H0V8C7,,missing_pdb,False
H0V8K0,,missing_pdb,False
H0V8S3,,missing_pdb,False
H0VAK6,,missing_pdb,False
H0VDW6,,missing_pdb,False
H0VFK7,,missing_pdb,False
H0VLV4,,missing_pdb,False
H0VN89,,missing_pdb,False
H0VPC5,,missing_pdb,False
H0VZK4,,missing_pdb,False
H0W737,,missing_pdb,False
H0W8S1,,missing_pdb,False
H0WCS9,,missing_pdb,False
H0Y2P9,,missing_pdb,False
H0Y2S9,,missing_pdb,False
H0Y3J4,,missing_pdb,False
H0Y3M2,,missing_pdb,False
H0Y449,,missing_pdb,False
H0Y4T6,,missing_pdb,False
H0Y4Y4,,missing_pdb,False
H0Y5B4,,missing_pdb,False
H0Y626,,missing_pdb,False
H0Y6T0,,missing_pdb,False
H0Y8U3,,missing_pdb,False
H0Y969,,missing_pdb,False
H0Y9L1,,missing_pdb,False
H0Y9P3,,missing_pdb,False
H0YA41,,missing_pdb,False
H0YA96,,missing_pdb,False
H0YAA8,,missing_pdb,False
H0YAB3,,missing_pdb,False
H0YCB1,,missing_pdb,False
H0YEF7,,missing_pdb,False
H0YEP2,,missing_pdb,False
H0YET3,,missing_pdb,False
H0YHL7,,missing_pdb,False
H0YI09,,missing_pdb,False
H0YJP3,,missing_pdb,False
H0YKD8,,missing_pdb,False
H0YKU1,,missing_pdb,False
H0YL09,,missing_pdb,False
H0YL70,,missing_pdb,False
H0YM31,,missing_pdb,False
H0YMD1,,missing_pdb,False
H0YMV8,,missing_pdb,False
H2EMQ0,,missing_pdb,False
H2KW56,,missing_pdb,False
H3BIX0,,missing_pdb,False
H3BJ94,,missing_pdb,False
H3BJB6,,missing_pdb,False
H3BKC5,,missing_pdb,False
H3BKK2,,missing_pdb,False
H3BM74,,missing_pdb,False
H3BN98,,missing_pdb,False
H3BNB9,,missing_pdb,False
H3BND4,,missing_pdb,False
H3BQK9,,missing_pdb,False
H3BS89,,missing_pdb,False
H3BU22,,missing_pdb,False
H6VMG0,,missing_pdb,False
H7BWX1,,missing_pdb,False
H7BWX9,,missing_pdb,False
H7BX94,,missing_pdb,False
H7BYG8,,missing_pdb,False
H7BYJ1,,missing_pdb,False
H7BZJ3,,missing_pdb,False
H7C007,,missing_pdb,False
H7C068,,missing_pdb,False
H7C086,,missing_pdb,False
H7C2Q8,,missing_pdb,False
H7C4R5,,missing_pdb,False
H7C6C4,,missing_pdb,False
H7C6C7,,missing_pdb,False
H9B445,,missing_pdb,False
H9B457,,missing_pdb,False
H9CJQ7,,missing_pdb,False
H9CJR3,,missing_pdb,False
H9CJR9,,missing_pdb,False
H9IS92,,missing_pdb,False
H9ISH9,,missing_pdb,False
H9IT39,,missing_pdb,False
H9ITN2,,missing_pdb,False
H9ITN3,,missing_pdb,False
H9ITP2,,missing_pdb,False
H9IUC3,,missing_pdb,False
H9IUV0,,missing_pdb,False
H9IUV1,,missing_pdb,False
H9IV84,,missing_pdb,False
H9IVC2,,missing_pdb,False
H9IVG3,,missing_pdb,False
H9IVX1,,missing_pdb,False
H9IWF3,,missing_pdb,False
H9IXK0,,missing_pdb,False
H9IXT4,,missing_pdb,False
H9IXV2,,missing_pdb,False
H9IYH6,,missing_pdb,False
H9IYQ0,,missing_pdb,False
H9IZ17,,missing_pdb,False
H9IZ42,,missing_pdb,False
H9IZE1,,missing_pdb,False
H9IZH6,,missing_pdb,False
H9IZK4,,missing_pdb,False
H9IZL8,,missing_pdb,False
H9J011,,missing_pdb,False
H9J0J5,,missing_pdb,False
H9J0S9,,missing_pdb,False
H9J1G3,,missing_pdb,False
H9J1Y4,,missing_pdb,False
H9J2C3,,missing_pdb,False
H9J2K4,,missing_pdb,False
H9J3D2,,missing_pdb,False
H9J3H3,,missing_pdb,False
H9J3M9,,missing_pdb,False
H9J3S0,,missing_pdb,False
H9J4G0,,missing_pdb,False
H9J4V7,,missing_pdb,False
H9J5D8,,missing_pdb,False
H9J5S5,,missing_pdb,False
H9J5W5,,missing_pdb,False
H9J6C7,,missing_pdb,False
H9J6I8,,missing_pdb,False
H9J6P0,,missing_pdb,False
H9J709,,missing_pdb,False
H9J859,,missing_pdb,False
H9J8B3,,missing_pdb,False
H9J8H0,,missing_pdb,False
H9J8P1,,missing_pdb,False
H9J907,,missing_pdb,False
H9J947,,missing_pdb,False
H9J951,,missing_pdb,False
H9J9K3,,missing_pdb,False
H9JAS8,,missing_pdb,False
H9JB42,,missing_pdb,False
H9JB82,,missing_pdb,False
H9JBE0,,missing_pdb,False
H9JBF1,,missing_pdb,False
H9JBG1,,missing_pdb,False
H9JBQ0,,missing_pdb,False
H9JBS7,,missing_pdb,False
H9JBZ4,,missing_pdb,False
H9JC66,,missing_pdb,False
H9JC75,,missing_pdb,False
H9JC76,,missing_pdb,False
H9JCB5,,missing_pdb,False
H9JD12,,missing_pdb,False
H9JDF6,,missing_pdb,False
H9JDH4,,missing_pdb,False
H9JE12,,missing_pdb,False
H9JEA0,,missing_pdb,False
H9JEF2,,missing_pdb,False
H9JEF9,,missing_pdb,False
H9JEH3,,missing_pdb,False
H9JFA8,,missing_pdb,False
H9JFR5,,missing_pdb,False
H9JG85,,missing_pdb,False
H9JG91,,missing_pdb,False
H9JGX1,,missing_pdb,False
H9JGY3,,missing_pdb,False
H9JHP7,,missing_pdb,False
H9JHU7,,missing_pdb,False
H9JHV8,,missing_pdb,False
H9JIW2,,missing_pdb,False
H9JJG2,,missing_pdb,False
H9JJS7,,missing_pdb,False
H9JJX7,,missing_pdb,False
H9JK52,,missing_pdb,False
H9JKH3,,missing_pdb,False
H9JKT7,,missing_pdb,False
H9JL35,,missing_pdb,False
H9JL39,,missing_pdb,False
H9JL57,,missing_pdb,False
H9JLR9,,missing_pdb,False
H9JLS3,,missing_pdb,False
H9JM26,,missing_pdb,False
H9JM69,,missing_pdb,False
H9JNL3,,missing_pdb,False
H9JNV5,,missing_pdb,False
H9JP54,,missing_pdb,False
H9JP80,,missing_pdb,False
H9JPA8,,missing_pdb,False
H9JPG9,,missing_pdb,False
H9JPM7,,missing_pdb,False
H9JPS0,,missing_pdb,False
H9JPY4,,missing_pdb,False
H9JPZ6,,missing_pdb,False
H9JQ71,,missing_pdb,False
H9JQ89,,missing_pdb,False
H9JQC7,,missing_pdb,False
H9JQJ2,,missing_pdb,False
H9JQU5,,missing_pdb,False
H9JR74,,missing_pdb,False
H9JRT0,,missing_pdb,False
H9JRY2,,missing_pdb,False
H9JRZ9,,missing_pdb,False
H9JS23,,missing_pdb,False
H9JSD9,,missing_pdb,False
H9JSG3,,missing_pdb,False
H9JSH5,,missing_pdb,False
H9JT18,,missing_pdb,False
H9JTY5,,missing_pdb,False
H9JU13,,missing_pdb,False
H9JU35,,missing_pdb,False
H9JU96,,missing_pdb,False
H9JUX8,,missing_pdb,False
H9JUX9,,missing_pdb,False
H9JV55,,missing_pdb,False
H9JVG8,,missing_pdb,False
H9JVG9,,missing_pdb,False
H9JVP4,,missing_pdb,False
H9JVS2,,missing_pdb,False
H9JVY7,,missing_pdb,False
H9JW87,,missing_pdb,False
H9JWW0,,missing_pdb,False
H9JXA9,,missing_pdb,False
H9JXB6,,missing_pdb,False
H9JXE5,,missing_pdb,False
H9JXF1,,missing_pdb,False
H9JXF5,,missing_pdb,False
H9JXG0,,missing_pdb,False
H9JXG1,,missing_pdb,False
H9JXH5,,missing_pdb,False
H9JXM7,,missing_pdb,False
H9JYF8,,missing_pdb,False
H9KV00,,missing_pdb,False
H9KVA9,,missing_pdb,False
I1E4X0,,missing_pdb,False
I1E4Y6,,missing_pdb,False
I1GLN7,,missing_pdb,False
I1GLW6,,missing_pdb,False
I1GM59,,missing_pdb,False
I1GMA8,,missing_pdb,False
I1GNN3,,missing_pdb,False
I1GP66,,missing_pdb,False
I1GPW7,,missing_pdb,False
I1GR80,,missing_pdb,False
I1GRE7,,missing_pdb,False
I1GXJ3,,missing_pdb,False
I1H198,,missing_pdb,False
I1H1G1,,missing_pdb,False
I1H1R3,,missing_pdb,False
I1H316,,missing_pdb,False
I1H3B2,,missing_pdb,False
I1H3M4,,missing_pdb,False
I1H5D5,,missing_pdb,False
I1H8Y3,,missing_pdb,False
I1H8Z3,,missing_pdb,False
I1HAH5,,missing_pdb,False
I1HEN6,,missing_pdb,False
I1HF56,,missing_pdb,False
I1HGU5,,missing_pdb,False
I1HGZ3,,missing_pdb,False
I1HKH5,,missing_pdb,False
I1HLP4,,missing_pdb,False
I1HNX6,,missing_pdb,False
I1HQD2,,missing_pdb,False
I1HVL8,,missing_pdb,False
I1HWL6,,missing_pdb,False
I1I014,,missing_pdb,False
I1I090,,missing_pdb,False
I1I0Y3,,missing_pdb,False
I1I2I7,,missing_pdb,False
I1I4C8,,missing_pdb,False
I1I508,,missing_pdb,False
I1I6Z1,,missing_pdb,False
I1IEX5,,missing_pdb,False
I1IFB8,,missing_pdb,False
I1IFS6,,missing_pdb,False
I1IFX1,,missing_pdb,False
I1IIF6,,missing_pdb,False
I1IKN0,,missing_pdb,False
I1ILF6,,missing_pdb,False
I1IQK7,,missing_pdb,False
I1ITE0,,missing_pdb,False
I1ITT3,,missing_pdb,False
I1IZW3,,missing_pdb,False
I1J1E6,,missing_pdb,False
I1J2I2,,missing_pdb,False
I3L0E3,,missing_pdb,False
I3L170,,missing_pdb,False
I3L1Z0,,missing_pdb,False
I3L3L1,,missing_pdb,False
I3L3Y9,,missing_pdb,False
I3L4C2,,missing_pdb,False
I3L4M2,,missing_pdb,False
I3L4R4,,missing_pdb,False
I3L4U6,,missing_pdb,False
I3LUP6,,missing_pdb,False
I3NM41,,missing_pdb,False
I3R0J7,,missing_pdb,False
I3R0K0,,missing_pdb,False
I3R0N0,,missing_pdb,False
I3R0N6,,missing_pdb,False
I3R0N8,,missing_pdb,False
I3R0N9,,missing_pdb,False
I3R0P2,,missing_pdb,False
I3R0P6,,missing_pdb,False
I3R0P9,,missing_pdb,False
I3R0Q4,,missing_pdb,False
I3R0R2,,missing_pdb,False
I3R0S0,,missing_pdb,False
I3R0T9,,missing_pdb,False
I3R0U4,,missing_pdb,False
I3R0U5,,missing_pdb,False
I3R0U6,,missing_pdb,False
I3R0U8,,missing_pdb,False
I3R0V2,,missing_pdb,False
I3R0V4,,missing_pdb,False
I3R0V9,,missing_pdb,False
I3R0W1,,missing_pdb,False
I3R0W3,,missing_pdb,False
I3R0W9,,missing_pdb,False
I3R0X5,,missing_pdb,False
I3R0X7,,missing_pdb,False
I3R0Z1,,missing_pdb,False
I3R0Z6,,missing_pdb,False
I3R105,,missing_pdb,False
I3R109,,missing_pdb,False
I3R115,,missing_pdb,False
I3R120,,missing_pdb,False
I3R139,,missing_pdb,False
I3R149,,missing_pdb,False
I3R155,,missing_pdb,False
I3R177,,missing_pdb,False
I3R1A1,,missing_pdb,False
I3R1A7,,missing_pdb,False
I3R1A9,,missing_pdb,False
I3R1C4,,missing_pdb,False
I3R1C6,,missing_pdb,False
I3R1C8,,missing_pdb,False
I3R1D3,,missing_pdb,False
I3R1D4,,missing_pdb,False
I3R1D6,,missing_pdb,False
I3R1E2,,missing_pdb,False
I3R1E3,,missing_pdb,False
I3R1G0,,missing_pdb,False
I3R1G1,,missing_pdb,False
I3R1H9,,missing_pdb,False
I3R1I3,,missing_pdb,False
I3R1J1,,missing_pdb,False
I3R1J3,,missing_pdb,False
I3R1J4,,missing_pdb,False
I3R1J5,,missing_pdb,False
I3R1K0,,missing_pdb,False
I3R1M1,,missing_pdb,False
I3R1Q8,,missing_pdb,False
I3R1R0,,missing_pdb,False
I3R1R5,,missing_pdb,False
I3R1S4,,missing_pdb,False
I3R1S5,,missing_pdb,False
I3R1T5,,missing_pdb,False
I3R1V5,,missing_pdb,False
I3R1V6,,missing_pdb,False
I3R1V7,,missing_pdb,False
I3R1Y4,,missing_pdb,False
I3R1Y6,,missing_pdb,False
I3R209,,missing_pdb,False
I3R224,,missing_pdb,False
I3R227,,missing_pdb,False
I3R246,,missing_pdb,False
I3R253,,missing_pdb,False
I3R256,,missing_pdb,False
I3R270,,missing_pdb,False
I3R287,,missing_pdb,False
I3R290,,missing_pdb,False
I3R2A8,,missing_pdb,False
I3R2B2,,missing_pdb,False
I3R2B7,,missing_pdb,False
I3R2C2,,missing_pdb,False
I3R2E1,,missing_pdb,False
I3R2F3,,missing_pdb,False
I3R2G1,,missing_pdb,False
I3R2G4,,missing_pdb,False
I3R2G5,,missing_pdb,False
I3R2J1,,missing_pdb,False
I3R2K5,,missing_pdb,False
I3R2K7,,missing_pdb,False
I3R2M7,,missing_pdb,False
I3R2N0,,missing_pdb,False
I3R2P1,,missing_pdb,False
I3R2P7,,missing_pdb,False
I3R2P9,,missing_pdb,False
I3R2Q0,,missing_pdb,False
I3R2Q5,,missing_pdb,False
I3R2Q9,,missing_pdb,False
I3R2R2,,missing_pdb,False
I3R2R5,,missing_pdb,False
I3R2R8,,missing_pdb,False
I3R2S4,,missing_pdb,False
I3R2S5,,missing_pdb,False
I3R2S9,,missing_pdb,False
I3R2T8,,missing_pdb,False
I3R2T9,,missing_pdb,False
I3R2U3,,missing_pdb,False
I3R2V6,,missing_pdb,False
I3R2V9,,missing_pdb,False
I3R2W5,,missing_pdb,False
I3R2Y0,,missing_pdb,False
I3R2Y5,,missing_pdb,False
I3R2Z5,,missing_pdb,False
I3R310,,missing_pdb,False
I3R316,,missing_pdb,False
I3R341,,missing_pdb,False
I3R346,,missing_pdb,False
I3R356,,missing_pdb,False
I3R363,,missing_pdb,False
I3R375,,missing_pdb,False
I3R385,,missing_pdb,False
I3R388,,missing_pdb,False
I3R3A5,,missing_pdb,False
I3R3A6,,missing_pdb,False
I3R3C4,,missing_pdb,False
I3R3C6,,missing_pdb,False
I3R3E4,,missing_pdb,False
I3R3E8,,missing_pdb,False
I3R3F4,,missing_pdb,False
I3R3F5,,missing_pdb,False
I3R3G5,,missing_pdb,False
I3R3I7,,missing_pdb,False
I3R3I9,,missing_pdb,False
I3R3J5,,missing_pdb,False
I3R3J9,,missing_pdb,False
I3R3K0,,missing_pdb,False
I3R3K1,,missing_pdb,False
I3R3M2,,missing_pdb,False
I3R3M4,,missing_pdb,False
I3R3N5,,missing_pdb,False
I3R3P7,,missing_pdb,False
I3R3P9,,missing_pdb,False
I3R3R3,,missing_pdb,False
I3R3S9,,missing_pdb,False
I3R3T0,,missing_pdb,False
I3R3T1,,missing_pdb,False
I3R3T4,,missing_pdb,False
I3R3T6,,missing_pdb,False
I3R3T7,,missing_pdb,False
I3R3T9,,missing_pdb,False
I3R3W0,,missing_pdb,False
I3R3X0,,missing_pdb,False
I3R3X1,,missing_pdb,False
I3R3X5,,missing_pdb,False
I3R3Y4,,missing_pdb,False
I3R3Z2,,missing_pdb,False
I3R410,,missing_pdb,False
I3R425,,missing_pdb,False
I3R445,,missing_pdb,False
I3R473,,missing_pdb,False
I3R4A3,,missing_pdb,False
I3R4C0,,missing_pdb,False
I3R4C1,,missing_pdb,False
I3R4C2,,missing_pdb,False
I3R4C4,,missing_pdb,False
I3R4C8,,missing_pdb,False
I3R4D4,,missing_pdb,False
I3R4D6,,missing_pdb,False
I3R4F0,,missing_pdb,False
I3R4F3,,missing_pdb,False
I3R4F7,,missing_pdb,False
I3R4F8,,missing_pdb,False
I3R4G4,,missing_pdb,False
I3R4H4,,missing_pdb,False
I3R4I0,,missing_pdb,False
I3R4I3,,missing_pdb,False
I3R4I6,,missing_pdb,False
I3R4L5,,missing_pdb,False
I3R4M1,,missing_pdb,False
I3R4M5,,missing_pdb,False
I3R4N0,,missing_pdb,False
I3R4Q2,,missing_pdb,False
I3R4T3,,missing_pdb,False
I3R4T4,,missing_pdb,False
I3R4U3,,missing_pdb,False
I3R4U6,,missing_pdb,False
I3R4V3,,missing_pdb,False
I3R4V5,,missing_pdb,False
I3R4W8,,missing_pdb,False
I3R4Y0,,missing_pdb,False
I3R4Z6,,missing_pdb,False
I3R502,,missing_pdb,False
I3R518,,missing_pdb,False
I3R519,,missing_pdb,False
I3R525,,missing_pdb,False
I3R532,,missing_pdb,False
I3R533,,missing_pdb,False
I3R550,,missing_pdb,False
I3R553,,missing_pdb,False
I3R582,,missing_pdb,False
I3R5B0,,missing_pdb,False
I3R5B8,,missing_pdb,False
I3R5D4,,missing_pdb,False
I3R5E7,,missing_pdb,False
I3R5G3,,missing_pdb,False
I3R5H5,,missing_pdb,False
I3R5H6,,missing_pdb,False
I3R5J7,,missing_pdb,False
I3R5K4,,missing_pdb,False
I3R5K8,,missing_pdb,False
I3R5L3,,missing_pdb,False
I3R5P0,,missing_pdb,False
I3R5R7,,missing_pdb,False
I3R5R8,,missing_pdb,False
I3R5R9,,missing_pdb,False
I3R5S4,,missing_pdb,False
I3R5T2,,missing_pdb,False
I3R5U2,,missing_pdb,False
I3R5V4,,missing_pdb,False
I3R5V5,,missing_pdb,False
I3R5V8,,missing_pdb,False
I3R5W0,,missing_pdb,False
I3R5W1,,missing_pdb,False
I3R5X6,,missing_pdb,False
I3R5Y2,,missing_pdb,False
I3R5Y4,,missing_pdb,False
I3R5Y6,,missing_pdb,False
I3R5Y9,,missing_pdb,False
I3R5Z4,,missing_pdb,False
I3R623,,missing_pdb,False
I3R631,,missing_pdb,False
I3R633,,missing_pdb,False
I3R642,,missing_pdb,False
I3R655,,missing_pdb,False
I3R664,,missing_pdb,False
I3R666,,missing_pdb,False
I3R683,,missing_pdb,False
I3R6A3,,missing_pdb,False
I3R6C1,,missing_pdb,False
I3R6D1,,missing_pdb,False
I3R6J4,,missing_pdb,False
I3R6J8,,missing_pdb,False
I3R6M2,,missing_pdb,False
I3R6M7,,missing_pdb,False
I3R6R2,,missing_pdb,False
I3R6S2,,missing_pdb,False
I3R6S5,,missing_pdb,False
I3R6T9,,missing_pdb,False
I3R6V0,,missing_pdb,False
I3R6V5,,missing_pdb,False
I3R6V6,,missing_pdb,False
I3R6V9,,missing_pdb,False
I3R6Y4,,missing_pdb,False
I3R6Z8,,missing_pdb,False
I3R702,,missing_pdb,False
I3R707,,missing_pdb,False
I3R708,,missing_pdb,False
I3R711,,missing_pdb,False
I3R713,,missing_pdb,False
I3R720,,missing_pdb,False
I3R723,,missing_pdb,False
I3R727,,missing_pdb,False
I3R730,,missing_pdb,False
I3R731,,missing_pdb,False
I3R734,,missing_pdb,False
I3R735,,missing_pdb,False
I3R739,,missing_pdb,False
I3R742,,missing_pdb,False
I3R750,,missing_pdb,False
I3R756,,missing_pdb,False
I3R763,,missing_pdb,False
I3R765,,missing_pdb,False
I3R789,,missing_pdb,False
I3R7A6,,missing_pdb,False
I3R7B2,,missing_pdb,False
I3R7D4,,missing_pdb,False
I3R7D5,,missing_pdb,False
I3R7J1,,missing_pdb,False
I3R7K9,,missing_pdb,False
I3R7M2,,missing_pdb,False
I3R7N7,,missing_pdb,False
I3R7N8,,missing_pdb,False
I3R7P2,,missing_pdb,False
I3R7P7,,missing_pdb,False
I3R7Q0,,missing_pdb,False
I3R7Q1,,missing_pdb,False
I3R7Q3,,missing_pdb,False
I3R7Q4,,missing_pdb,False
I3R7Q7,,missing_pdb,False
I3R7R6,,missing_pdb,False
I3R7U0,,missing_pdb,False
I3R7U1,,missing_pdb,False
I3R7V0,,missing_pdb,False
I3R7V3,,missing_pdb,False
I3R7X6,,missing_pdb,False
I3R7X9,,missing_pdb,False
I3R7Y8,,missing_pdb,False
I3R819,,missing_pdb,False
I3R823,,missing_pdb,False
I3R826,,missing_pdb,False
I3R828,,missing_pdb,False
I3R836,,missing_pdb,False
I3R837,,missing_pdb,False
I3R838,,missing_pdb,False
I3R851,,missing_pdb,False
I3R852,,missing_pdb,False
I3R864,,missing_pdb,False
I3R865,,missing_pdb,False
I3R866,,missing_pdb,False
I3R867,,missing_pdb,False
I3R870,,missing_pdb,False
I3R871,,missing_pdb,False
I3R875,,missing_pdb,False
I3R877,,missing_pdb,False
I3R884,,missing_pdb,False
I3R890,,missing_pdb,False
I3R899,,missing_pdb,False
I3R8A5,,missing_pdb,False
I3R8B9,,missing_pdb,False
I3R8D6,,missing_pdb,False
I3R8E0,,missing_pdb,False
I3R8E7,,missing_pdb,False
I3R8E9,,missing_pdb,False
I3R8G3,,missing_pdb,False
I3R8I4,,missing_pdb,False
I3R8I7,,missing_pdb,False
I3R8L4,,missing_pdb,False
I3R8M8,,missing_pdb,False
I3R8P2,,missing_pdb,False
I3R8P9,,missing_pdb,False
I3R8Q4,,missing_pdb,False
I3R8R7,,missing_pdb,False
I3R8R8,,missing_pdb,False
I3R8T3,,missing_pdb,False
I3R8U3,,missing_pdb,False
I3R8V3,,missing_pdb,False
I3R8V4,,missing_pdb,False
I3R8V5,,missing_pdb,False
I3R8V7,,missing_pdb,False
I3R8W4,,missing_pdb,False
I3R8Y0,,missing_pdb,False
I3R8Y3,,missing_pdb,False
I3R8Y6,,missing_pdb,False
I3R8Y8,,missing_pdb,False
I3R902,,missing_pdb,False
I3R973,,missing_pdb,False
I3R978,,missing_pdb,False
I3R986,,missing_pdb,False
I3R9C0,,missing_pdb,False
I3R9C9,,missing_pdb,False
I3R9F4,,missing_pdb,False
I3R9G9,,missing_pdb,False
I3R9H0,,missing_pdb,False
I3R9I0,,missing_pdb,False
I3R9I1,,missing_pdb,False
I3R9I8,,missing_pdb,False
I3R9J0,,missing_pdb,False
I3R9L6,,missing_pdb,False
I3R9M8,,missing_pdb,False
I3R9M9,,missing_pdb,False
I3R9S3,,missing_pdb,False
I3R9T9,,missing_pdb,False
I3R9U2,,missing_pdb,False
I3R9W5,,missing_pdb,False
I3R9Z2,,missing_pdb,False
I3R9Z3,,missing_pdb,False
I3RA03,,missing_pdb,False
I3RA43,,missing_pdb,False
I3RA83,,missing_pdb,False
I3RAB2,,missing_pdb,False
I3RAD1,,missing_pdb,False
I3RAM1,,missing_pdb,False
I3RAP0,,missing_pdb,False
I3RAW6,,missing_pdb,False
I3RAZ3,,missing_pdb,False
I3RB03,,missing_pdb,False
I3RB04,,missing_pdb,False
I3RB23,,missing_pdb,False
I3RB27,,missing_pdb,False
I3RB31,,missing_pdb,False
I3RB63,,missing_pdb,False
I3RBA7,,missing_pdb,False
I3RBI3,,missing_pdb,False
I3RUB2,,missing_pdb,False
I6P0D2,,missing_pdb,False
I6WYU2,,missing_pdb,False
I6WZG6,,missing_pdb,False
I6X4K0,,missing_pdb,False
I6X562,,missing_pdb,False
I6X579,,missing_pdb,False
I6X5G8,,missing_pdb,False
I6X666,,missing_pdb,False
I6X7W8,,missing_pdb,False
I6X9E2,,missing_pdb,False
I6X9J0,,missing_pdb,False
I6X9T8,,missing_pdb,False
I6XD69,,missing_pdb,False
I6XES4,,missing_pdb,False
I6XF52,,missing_pdb,False
I6XFZ8,,missing_pdb,False
I6XI16,,missing_pdb,False
I6XVW9,,missing_pdb,False
I6XWG2,,missing_pdb,False
I6Y0X6,,missing_pdb,False
I6Y1G8,,missing_pdb,False
I6Y1I5,,missing_pdb,False
I6Y204,,missing_pdb,False
I6Y231,,missing_pdb,False
I6Y242,,missing_pdb,False
I6Y2E2,,missing_pdb,False
I6Y3S9,,missing_pdb,False
I6Y3U6,,missing_pdb,False
I6Y498,,missing_pdb,False
I6Y4C7,,missing_pdb,False
I6Y4E8,,missing_pdb,False
I6Y4U4,,missing_pdb,False
I6Y4V6,,missing_pdb,False
I6Y4Z4,,missing_pdb,False
I6Y778,,missing_pdb,False
I6Y8B5,,missing_pdb,False
I6Y946,,missing_pdb,False
I6Y9E8,,missing_pdb,False
I6Y9H2,,missing_pdb,False
I6Y9I3,,missing_pdb,False
I6Y9K2,,missing_pdb,False
I6YA93,,missing_pdb,False
I6YC44,,missing_pdb,False
I6YCA3,,missing_pdb,False
I6YCP0,,missing_pdb,False
I6YDI9,,missing_pdb,False
I6YEW1,,missing_pdb,False
I6YF40,,missing_pdb,False
I6YGE4,,missing_pdb,False
I6YGX2,,missing_pdb,False
J3KP02,,missing_pdb,False
J3KRF5,,missing_pdb,False
J3QP53,,missing_pdb,False
J9VD06,,missing_pdb,False
J9VD25,,missing_pdb,False
J9VD36,,missing_pdb,False
J9VDA7,,missing_pdb,False
J9VDD3,,missing_pdb,False
J9VDJ2,,missing_pdb,False
J9VDJ7,,missing_pdb,False
J9VDN6,,missing_pdb,False
J9VDS6,,missing_pdb,False
J9VDT0,,missing_pdb,False
J9VDT9,,missing_pdb,False
J9VDV4,,missing_pdb,False
J9VDV9,,missing_pdb,False
J9VDW0,,missing_pdb,False
J9VDW3,,missing_pdb,False
J9VDY8,,missing_pdb,False
J9VE33,,missing_pdb,False
J9VE41,,missing_pdb,False
J9VE82,,missing_pdb,False
J9VE95,,missing_pdb,False
J9VED8,,missing_pdb,False
J9VEH4,,missing_pdb,False
J9VEH5,,missing_pdb,False
J9VEH7,,missing_pdb,False
J9VEI9,,missing_pdb,False
J9VEJ2,,missing_pdb,False
J9VEJ4,,missing_pdb,False
J9VEJ6,,missing_pdb,False
J9VEP9,,missing_pdb,False
J9VER4,,missing_pdb,False
J9VEV2,,missing_pdb,False
J9VEV6,,missing_pdb,False
J9VEY5,,missing_pdb,False
J9VEZ7,,missing_pdb,False
J9VF01,,missing_pdb,False
J9VF09,,missing_pdb,False
J9VF13,,missing_pdb,False
J9VF71,,missing_pdb,False
J9VF89,,missing_pdb,False
J9VFC7,,missing_pdb,False
J9VFG8,,missing_pdb,False
J9VFK6,,missing_pdb,False
J9VFN3,,missing_pdb,False
J9VFU2,,missing_pdb,False
J9VFV2,,missing_pdb,False
J9VFZ1,,missing_pdb,False
J9VG04,,missing_pdb,False
J9VG09,,missing_pdb,False
J9VG15,,missing_pdb,False
J9VG20,,missing_pdb,False
J9VG27,,missing_pdb,False
J9VG42,,missing_pdb,False
J9VG46,,missing_pdb,False
J9VG54,,missing_pdb,False
J9VGA2,,missing_pdb,False
J9VGA4,,missing_pdb,False
J9VGA9,,missing_pdb,False
J9VGE0,,missing_pdb,False
J9VGG4,,missing_pdb,False
J9VGK8,,missing_pdb,False
J9VGK9,,missing_pdb,False
J9VGL2,,missing_pdb,False
J9VGL3,,missing_pdb,False
J9VGM7,,missing_pdb,False
J9VGR3,,missing_pdb,False
J9VGU1,,missing_pdb,False
J9VGU8,,missing_pdb,False
J9VGW0,,missing_pdb,False
J9VGW6,,missing_pdb,False
J9VGX5,,missing_pdb,False
J9VGY3,,missing_pdb,False
J9VGY7,,missing_pdb,False
J9VH09,,missing_pdb,False
J9VH15,,missing_pdb,False
J9VH18,,missing_pdb,False
J9VH22,,missing_pdb,False
J9VH59,,missing_pdb,False
J9VH84,,missing_pdb,False
J9VHB6,,missing_pdb,False
J9VHG5,,missing_pdb,False
J9VHH2,,missing_pdb,False
J9VHH7,,missing_pdb,False
J9VHI0,,missing_pdb,False
J9VHK7,,missing_pdb,False
J9VHN0,,missing_pdb,False
J9VHQ1,,missing_pdb,False
J9VHQ8,,missing_pdb,False
J9VHR5,,missing_pdb,False
J9VHS0,,missing_pdb,False
J9VHT1,,missing_pdb,False
J9VHU0,,missing_pdb,False
J9VHU7,,missing_pdb,False
J9VHW3,,missing_pdb,False
J9VHW8,,missing_pdb,False
J9VI14,,missing_pdb,False
J9VI31,,missing_pdb,False
J9VI43,,missing_pdb,False
J9VI45,,missing_pdb,False
J9VI50,,missing_pdb,False
J9VI77,,missing_pdb,False
J9VI89,,missing_pdb,False
J9VI96,,missing_pdb,False
J9VIA6,,missing_pdb,False
J9VIA8,,missing_pdb,False
J9VIC0,,missing_pdb,False
J9VIE9,,missing_pdb,False
J9VIG6,,missing_pdb,False
J9VIG8,,missing_pdb,False
J9VIJ3,,missing_pdb,False
J9VIJ6,,missing_pdb,False
J9VIK6,,missing_pdb,False
J9VIK7,,missing_pdb,False
J9VIM2,,missing_pdb,False
J9VIP1,,missing_pdb,False
J9VIP2,,missing_pdb,False
J9VIP7,,missing_pdb,False
J9VIQ2,,missing_pdb,False
J9VIR8,,missing_pdb,False
J9VIT9,,missing_pdb,False
J9VIW2,,missing_pdb,False
J9VIW7,,missing_pdb,False
J9VIY0,,missing_pdb,False
J9VIY8,,missing_pdb,False
J9VIZ4,,missing_pdb,False
J9VJ17,,missing_pdb,False
J9VJ23,,missing_pdb,False
J9VJ27,,missing_pdb,False
J9VJ28,,missing_pdb,False
J9VJ33,,missing_pdb,False
J9VJ78,,missing_pdb,False
J9VJ84,,missing_pdb,False
J9VJ87,,missing_pdb,False
J9VJB1,,missing_pdb,False
J9VJB5,,missing_pdb,False
J9VJC8,,missing_pdb,False
J9VJD2,,missing_pdb,False
J9VJD7,,missing_pdb,False
J9VJD9,,missing_pdb,False
J9VJE0,,missing_pdb,False
J9VJF3,,missing_pdb,False
J9VJG0,,missing_pdb,False
J9VJG7,,missing_pdb,False
J9VJH9,,missing_pdb,False
J9VJI8,,missing_pdb,False
J9VJM8,,missing_pdb,False
J9VJN2,,missing_pdb,False
J9VJQ1,,missing_pdb,False
J9VJU0,,missing_pdb,False
J9VJV1,,missing_pdb,False
J9VJV4,,missing_pdb,False
J9VJV7,,missing_pdb,False
J9VJW7,,missing_pdb,False
J9VJW9,,missing_pdb,False
J9VJX4,,missing_pdb,False
J9VJX6,,missing_pdb,False
J9VJX9,,missing_pdb,False
J9VJY9,,missing_pdb,False
J9VJZ1,,missing_pdb,False
J9VJZ6,,missing_pdb,False
J9VJZ7,,missing_pdb,False
J9VK01,,missing_pdb,False
J9VK10,,missing_pdb,False
J9VK11,,missing_pdb,False
J9VK19,,missing_pdb,False
J9VK27,,missing_pdb,False
J9VK44,,missing_pdb,False
J9VK51,,missing_pdb,False
J9VK56,,missing_pdb,False
J9VK61,,missing_pdb,False
J9VK82,,missing_pdb,False
J9VK83,,missing_pdb,False
J9VK91,,missing_pdb,False
J9VKD1,,missing_pdb,False
J9VKE1,,missing_pdb,False
J9VKF1,,missing_pdb,False
J9VKG0,,missing_pdb,False
J9VKJ7,,missing_pdb,False
J9VKK9,,missing_pdb,False
J9VKM5,,missing_pdb,False
J9VKN6,,missing_pdb,False
J9VKP9,,missing_pdb,False
J9VKR2,,missing_pdb,False
J9VKR3,,missing_pdb,False
J9VKS0,,missing_pdb,False
J9VKS6,,missing_pdb,False
J9VKT1,,missing_pdb,False
J9VKT5,,missing_pdb,False
J9VKW5,,missing_pdb,False
J9VKW7,,missing_pdb,False
J9VKY1,,missing_pdb,False
J9VKY2,,missing_pdb,False
J9VKY4,,missing_pdb,False
J9VKY5,,missing_pdb,False
J9VKZ6,,missing_pdb,False
J9VL03,,missing_pdb,False
J9VL20,,missing_pdb,False
J9VL49,,missing_pdb,False
J9VL50,,missing_pdb,False
J9VL75,,missing_pdb,False
J9VL95,,missing_pdb,False
J9VLA1,,missing_pdb,False
J9VLB4,,missing_pdb,False
J9VLB6,,missing_pdb,False
J9VLC4,,missing_pdb,False
J9VLD1,,missing_pdb,False
J9VLD5,,missing_pdb,False
J9VLF1,,missing_pdb,False
J9VLF3,,missing_pdb,False
J9VLH1,,missing_pdb,False
J9VLH3,,missing_pdb,False
J9VLH6,,missing_pdb,False
J9VLJ5,,missing_pdb,False
J9VLK7,,missing_pdb,False
J9VLL1,,missing_pdb,False
J9VLL7,,missing_pdb,False
J9VLM3,,missing_pdb,False
J9VLN7,,missing_pdb,False
J9VLN9,,missing_pdb,False
J9VLP1,,missing_pdb,False
J9VLQ5,,missing_pdb,False
J9VLR0,,missing_pdb,False
J9VLR3,,missing_pdb,False
J9VLR5,,missing_pdb,False
J9VLS0,,missing_pdb,False
J9VLS1,,missing_pdb,False
J9VLS3,,missing_pdb,False
J9VLS7,,missing_pdb,False
J9VLT3,,missing_pdb,False
J9VLT6,,missing_pdb,False
J9VLU9,,missing_pdb,False
J9VLV3,,missing_pdb,False
J9VLV6,,missing_pdb,False
J9VLV7,,missing_pdb,False
J9VLW1,,missing_pdb,False
J9VLZ3,,missing_pdb,False
J9VM07,,missing_pdb,False
J9VM22,,missing_pdb,False
J9VM32,,missing_pdb,False
J9VM38,,missing_pdb,False
J9VM46,,missing_pdb,False
J9VM52,,missing_pdb,False
J9VM65,,missing_pdb,False
J9VM70,,missing_pdb,False
J9VM77,,missing_pdb,False
J9VM98,,missing_pdb,False
J9VMA8,,missing_pdb,False
J9VMB7,,missing_pdb,False
J9VMC0,,missing_pdb,False
J9VMC5,,missing_pdb,False
J9VMD6,,missing_pdb,False
J9VME0,,missing_pdb,False
J9VME1,,missing_pdb,False
J9VMF4,,missing_pdb,False
J9VMG0,,missing_pdb,False
J9VMI1,,missing_pdb,False
J9VMK1,,missing_pdb,False
J9VMK4,,missing_pdb,False
J9VMK5,,missing_pdb,False
J9VML7,,missing_pdb,False
J9VMQ3,,missing_pdb,False
J9VMU7,,missing_pdb,False
J9VMW1,,missing_pdb,False
J9VMX9,,missing_pdb,False
J9VMY2,,missing_pdb,False
J9VMZ4,,missing_pdb,False
J9VMZ8,,missing_pdb,False
J9VN06,,missing_pdb,False
J9VN14,,missing_pdb,False
J9VN29,,missing_pdb,False
J9VN33,,missing_pdb,False
J9VN44,,missing_pdb,False
J9VN49,,missing_pdb,False
J9VN50,,missing_pdb,False
J9VN52,,missing_pdb,False
J9VN72,,missing_pdb,False
J9VN83,,missing_pdb,False
J9VN96,,missing_pdb,False
J9VN98,,missing_pdb,False
J9VNA1,,missing_pdb,False
J9VNB2,,missing_pdb,False
J9VND1,,missing_pdb,False
J9VNF3,,missing_pdb,False
J9VNG2,,missing_pdb,False
J9VNK1,,missing_pdb,False
J9VNM2,,missing_pdb,False
J9VNR0,,missing_pdb,False
J9VNR3,,missing_pdb,False
J9VNR7,,missing_pdb,False
J9VNT5,,missing_pdb,False
J9VNU3,,missing_pdb,False
J9VNV1,,missing_pdb,False
J9VNV6,,missing_pdb,False
J9VNW1,,missing_pdb,False
J9VNX6,,missing_pdb,False
J9VNZ0,,missing_pdb,False
J9VNZ1,,missing_pdb,False
J9VNZ3,,missing_pdb,False
J9VNZ6,,missing_pdb,False
J9VP10,,missing_pdb,False
J9VP12,,missing_pdb,False
J9VP14,,missing_pdb,False
J9VP30,,missing_pdb,False
J9VP38,,missing_pdb,False
J9VP42,,missing_pdb,False
J9VP44,,missing_pdb,False
J9VP46,,missing_pdb,False
J9VP49,,missing_pdb,False
J9VP61,,missing_pdb,False
J9VP65,,missing_pdb,False
J9VP67,,missing_pdb,False
J9VP70,,missing_pdb,False
J9VP75,,missing_pdb,False
J9VP84,,missing_pdb,False
J9VP93,,missing_pdb,False
J9VPA5,,missing_pdb,False
J9VPA6,,missing_pdb,False
J9VPA9,,missing_pdb,False
J9VPB2,,missing_pdb,False
J9VPC4,,missing_pdb,False
J9VPD8,,missing_pdb,False
J9VPG5,,missing_pdb,False
J9VPH1,,missing_pdb,False
J9VPI8,,missing_pdb,False
J9VPL5,,missing_pdb,False
J9VPM5,,missing_pdb,False
J9VPP1,,missing_pdb,False
J9VPP8,,missing_pdb,False
J9VPQ3,,missing_pdb,False
J9VPR1,,missing_pdb,False
J9VPR8,,missing_pdb,False
J9VPT9,,missing_pdb,False
J9VPU9,,missing_pdb,False
J9VPV9,,missing_pdb,False
J9VPY8,,missing_pdb,False
J9VQ02,,missing_pdb,False
J9VQ06,,missing_pdb,False
J9VQ09,,missing_pdb,False
J9VQ16,,missing_pdb,False
J9VQ21,,missing_pdb,False
J9VQ25,,missing_pdb,False
J9VQ27,,missing_pdb,False
J9VQ28,,missing_pdb,False
J9VQ34,,missing_pdb,False
J9VQ39,,missing_pdb,False
J9VQ45,,missing_pdb,False
J9VQ46,,missing_pdb,False
J9VQ47,,missing_pdb,False
J9VQ57,,missing_pdb,False
J9VQ69,,missing_pdb,False
J9VQ78,,missing_pdb,False
J9VQ80,,missing_pdb,False
J9VQ96,,missing_pdb,False
J9VQC2,,missing_pdb,False
J9VQC8,,missing_pdb,False
J9VQC9,,missing_pdb,False
J9VQE6,,missing_pdb,False
J9VQF1,,missing_pdb,False
J9VQF6,,missing_pdb,False
J9VQG8,,missing_pdb,False
J9VQH4,,missing_pdb,False
J9VQI2,,missing_pdb,False
J9VQJ2,,missing_pdb,False
J9VQJ7,,missing_pdb,False
J9VQL2,,missing_pdb,False
J9VQM2,,missing_pdb,False
J9VQM9,,missing_pdb,False
J9VQP6,,missing_pdb,False
J9VQQ7,,missing_pdb,False
J9VQQ8,,missing_pdb,False
J9VQR2,,missing_pdb,False
J9VQR8,,missing_pdb,False
J9VQS6,,missing_pdb,False
J9VQT3,,missing_pdb,False
J9VQU2,,missing_pdb,False
J9VQU8,,missing_pdb,False
J9VQW4,,missing_pdb,False
J9VQY1,,missing_pdb,False
J9VQY7,,missing_pdb,False
J9VQZ0,,missing_pdb,False
J9VQZ2,,missing_pdb,False
J9VR47,,missing_pdb,False
J9VR84,,missing_pdb,False
J9VRA0,,missing_pdb,False
J9VRA2,,missing_pdb,False
J9VRB2,,missing_pdb,False
J9VRB3,,missing_pdb,False
J9VRB9,,missing_pdb,False
J9VRC0,,missing_pdb,False
J9VRF0,,missing_pdb,False
J9VRF2,,missing_pdb,False
J9VRF4,,missing_pdb,False
J9VRH3,,missing_pdb,False
J9VRH5,,missing_pdb,False
J9VRI4,,missing_pdb,False
J9VRL2,,missing_pdb,False
J9VRL6,,missing_pdb,False
J9VRL7,,missing_pdb,False
J9VRL8,,missing_pdb,False
J9VRM8,,missing_pdb,False
J9VRN4,,missing_pdb,False
J9VRN6,,missing_pdb,False
J9VRN8,,missing_pdb,False
J9VRP1,,missing_pdb,False
J9VRQ3,,missing_pdb,False
J9VRR9,,missing_pdb,False
J9VRS0,,missing_pdb,False
J9VRS5,,missing_pdb,False
J9VRT4,,missing_pdb,False
J9VRU6,,missing_pdb,False
J9VRV1,,missing_pdb,False
J9VRV6,,missing_pdb,False
J9VRV8,,missing_pdb,False
J9VRW7,,missing_pdb,False
J9VRX7,,missing_pdb,False
J9VRY3,,missing_pdb,False
J9VRZ2,,missing_pdb,False
J9VS18,,missing_pdb,False
J9VS21,,missing_pdb,False
J9VS43,,missing_pdb,False
J9VS47,,missing_pdb,False
J9VS53,,missing_pdb,False
J9VS54,,missing_pdb,False
J9VS64,,missing_pdb,False
J9VS83,,missing_pdb,False
J9VS87,,missing_pdb,False
J9VS94,,missing_pdb,False
J9VSA6,,missing_pdb,False
J9VSB5,,missing_pdb,False
J9VSB8,,missing_pdb,False
J9VSC0,,missing_pdb,False
J9VSC3,,missing_pdb,False
J9VSE2,,missing_pdb,False
J9VSF2,,missing_pdb,False
J9VSG5,,missing_pdb,False
J9VSH3,,missing_pdb,False
J9VSI6,,missing_pdb,False
J9VSK5,,missing_pdb,False
J9VSN4,,missing_pdb,False
J9VSN7,,missing_pdb,False
J9VSR4,,missing_pdb,False
J9VSR9,,missing_pdb,False
J9VSU3,,missing_pdb,False
J9VSW0,,missing_pdb,False
J9VSW4,,missing_pdb,False
J9VSX5,,missing_pdb,False
J9VSZ8,,missing_pdb,False
J9VT28,,missing_pdb,False
J9VT39,,missing_pdb,False
J9VT46,,missing_pdb,False
J9VT50,,missing_pdb,False
J9VT51,,missing_pdb,False
J9VT67,,missing_pdb,False
J9VTB8,,missing_pdb,False
J9VTC0,,missing_pdb,False
J9VTC2,,missing_pdb,False
J9VTE7,,missing_pdb,False
J9VTF3,,missing_pdb,False
J9VTF4,,missing_pdb,False
J9VTG3,,missing_pdb,False
J9VTI3,,missing_pdb,False
J9VTI7,,missing_pdb,False
J9VTI9,,missing_pdb,False
J9VTK2,,missing_pdb,False
J9VTL1,,missing_pdb,False
J9VTL4,,missing_pdb,False
J9VTL5,,missing_pdb,False
J9VTL8,,missing_pdb,False
J9VTL9,,missing_pdb,False
J9VTM3,,missing_pdb,False
J9VTP9,,missing_pdb,False
J9VTQ6,,missing_pdb,False
J9VTR0,,missing_pdb,False
J9VTR8,,missing_pdb,False
J9VTS0,,missing_pdb,False
J9VTT4,,missing_pdb,False
J9VTU1,,missing_pdb,False
J9VTU6,,missing_pdb,False
J9VTV3,,missing_pdb,False
J9VTV6,,missing_pdb,False
J9VTV8,,missing_pdb,False
J9VTV9,,missing_pdb,False
J9VTW1,,missing_pdb,False
J9VTW3,,missing_pdb,False
J9VTW8,,missing_pdb,False
J9VTX1,,missing_pdb,False
J9VTY7,,missing_pdb,False
J9VTY8,,missing_pdb,False
J9VU15,,missing_pdb,False
J9VU19,,missing_pdb,False
J9VU20,,missing_pdb,False
J9VU31,,missing_pdb,False
J9VU41,,missing_pdb,False
J9VU42,,missing_pdb,False
J9VU44,,missing_pdb,False
J9VU46,,missing_pdb,False
J9VU55,,missing_pdb,False
J9VU57,,missing_pdb,False
J9VU82,,missing_pdb,False
J9VU84,,missing_pdb,False
J9VU85,,missing_pdb,False
J9VUB3,,missing_pdb,False
J9VUC7,,missing_pdb,False
J9VUE7,,missing_pdb,False
J9VUE8,,missing_pdb,False
J9VUF1,,missing_pdb,False
J9VUG0,,missing_pdb,False
J9VUH1,,missing_pdb,False
J9VUH5,,missing_pdb,False
J9VUI3,,missing_pdb,False
J9VUI4,,missing_pdb,False
J9VUK9,,missing_pdb,False
J9VUL3,,missing_pdb,False
J9VUN4,,missing_pdb,False
J9VUQ3,,missing_pdb,False
J9VUQ5,,missing_pdb,False
J9VUR0,,missing_pdb,False
J9VUR6,,missing_pdb,False
J9VUS1,,missing_pdb,False
J9VUT1,,missing_pdb,False
J9VUV8,,missing_pdb,False
J9VUX2,,missing_pdb,False
J9VUX5,,missing_pdb,False
J9VUY1,,missing_pdb,False
J9VUZ1,,missing_pdb,False
J9VV01,,missing_pdb,False
J9VV06,,missing_pdb,False
J9VV07,,missing_pdb,False
J9VV11,,missing_pdb,False
J9VV35,,missing_pdb,False
J9VV41,,missing_pdb,False
J9VV69,,missing_pdb,False
J9VV90,,missing_pdb,False
J9VV99,,missing_pdb,False
J9VVA1,,missing_pdb,False
J9VVB7,,missing_pdb,False
J9VVC3,,missing_pdb,False
J9VVD7,,missing_pdb,False
J9VVE0,,missing_pdb,False
J9VVE7,,missing_pdb,False
J9VVG9,,missing_pdb,False
J9VVH4,,missing_pdb,False
J9VVH9,,missing_pdb,False
J9VVI2,,missing_pdb,False
J9VVJ4,,missing_pdb,False
J9VVJ7,,missing_pdb,False
J9VVL7,,missing_pdb,False
J9VVM5,,missing_pdb,False
J9VVM7,,missing_pdb,False
J9VVN8,,missing_pdb,False
J9VVQ1,,missing_pdb,False
J9VVQ9,,missing_pdb,False
J9VVR7,,missing_pdb,False
J9VVS4,,missing_pdb,False
J9VVT6,,missing_pdb,False
J9VVT7,,missing_pdb,False
J9VVU3,,missing_pdb,False
J9VVU6,,missing_pdb,False
J9VVV4,,missing_pdb,False
J9VVV5,,missing_pdb,False
J9VVW6,,missing_pdb,False
J9VVY2,,missing_pdb,False
J9VVY7,,missing_pdb,False
J9VVZ6,,missing_pdb,False
J9VW00,,missing_pdb,False
J9VW03,,missing_pdb,False
J9VW04,,missing_pdb,False
J9VW13,,missing_pdb,False
J9VW18,,missing_pdb,False
J9VW21,,missing_pdb,False
J9VW25,,missing_pdb,False
J9VW33,,missing_pdb,False
J9VW35,,missing_pdb,False
J9VW36,,missing_pdb,False
J9VW45,,missing_pdb,False
J9VW63,,missing_pdb,False
J9VW68,,missing_pdb,False
J9VW74,,missing_pdb,False
J9VW78,,missing_pdb,False
J9VW84,,missing_pdb,False
J9VW85,,missing_pdb,False
J9VW97,,missing_pdb,False
J9VWB4,,missing_pdb,False
J9VWB9,,missing_pdb,False
J9VWD3,,missing_pdb,False
J9VWD5,,missing_pdb,False
J9VWD7,,missing_pdb,False
J9VWE8,,missing_pdb,False
J9VWF7,,missing_pdb,False
J9VWH6,,missing_pdb,False
J9VWI9,,missing_pdb,False
J9VWK8,,missing_pdb,False
J9VWL0,,missing_pdb,False
J9VWL5,,missing_pdb,False
J9VWM2,,missing_pdb,False
J9VWN5,,missing_pdb,False
J9VWN6,,missing_pdb,False
J9VWP3,,missing_pdb,False
J9VWP9,,missing_pdb,False
J9VWQ3,,missing_pdb,False
J9VWQ4,,missing_pdb,False
J9VWQ7,,missing_pdb,False
J9VWS9,,missing_pdb,False
J9VWT4,,missing_pdb,False
J9VWT6,,missing_pdb,False
J9VWT9,,missing_pdb,False
J9VWU8,,missing_pdb,False
J9VWV1,,missing_pdb,False
J9VWW5,,missing_pdb,False
J9VWZ6,,missing_pdb,False
J9VX12,,missing_pdb,False
J9VX17,,missing_pdb,False
J9VX25,,missing_pdb,False
J9VX38,,missing_pdb,False
J9VX68,,missing_pdb,False
J9VX71,,missing_pdb,False
J9VX74,,missing_pdb,False
J9VX75,,missing_pdb,False
J9VX83,,missing_pdb,False
J9VX84,,missing_pdb,False
J9VX93,,missing_pdb,False
J9VXB3,,missing_pdb,False
J9VXB8,,missing_pdb,False
J9VXD1,,missing_pdb,False
J9VXD7,,missing_pdb,False
J9VXE3,,missing_pdb,False
J9VXE4,,missing_pdb,False
J9VXF9,,missing_pdb,False
J9VXG1,,missing_pdb,False
J9VXG5,,missing_pdb,False
J9VXG9,,missing_pdb,False
J9VXI9,,missing_pdb,False
J9VXK4,,missing_pdb,False
J9VXM1,,missing_pdb,False
J9VXM4,,missing_pdb,False
J9VXM5,,missing_pdb,False
J9VXP0,,missing_pdb,False
J9VXQ3,,missing_pdb,False
J9VXR2,,missing_pdb,False
J9VXS6,,missing_pdb,False
J9VXT2,,missing_pdb,False
J9VXT4,,missing_pdb,False
J9VXU3,,missing_pdb,False
J9VXU8,,missing_pdb,False
J9VXV8,,missing_pdb,False
J9VXW7,,missing_pdb,False
J9VXY5,,missing_pdb,False
J9VY17,,missing_pdb,False
J9VY31,,missing_pdb,False
J9VY45,,missing_pdb,False
J9VY51,,missing_pdb,False
J9VY60,,missing_pdb,False
J9VY66,,missing_pdb,False
J9VY72,,missing_pdb,False
J9VY76,,missing_pdb,False
J9VYB5,,missing_pdb,False
J9VYD7,,missing_pdb,False
J9VYG0,,missing_pdb,False
J9VYI2,,missing_pdb,False
J9VYI4,,missing_pdb,False
J9VYL0,,missing_pdb,False
J9VYL1,,missing_pdb,False
J9VYL3,,missing_pdb,False
J9VYN9,,missing_pdb,False
J9VYR6,,missing_pdb,False
J9VYT3,,missing_pdb,False
J9VYU0,,missing_pdb,False
J9VYU2,,missing_pdb,False
J9VYX5,,missing_pdb,False
J9VYY7,,missing_pdb,False
J9VZ03,,missing_pdb,False
J9VZ15,,missing_pdb,False
J9VZ27,,missing_pdb,False
J9VZ34,,missing_pdb,False
J9VZ55,,missing_pdb,False
J9VZ58,,missing_pdb,False
J9VZ65,,missing_pdb,False
J9VZ68,,missing_pdb,False
J9VZ79,,missing_pdb,False
J9VZ97,,missing_pdb,False
J9VZA0,,missing_pdb,False
J9VZA3,,missing_pdb,False
J9VZB9,,missing_pdb,False
J9VZE2,,missing_pdb,False
J9VZE9,,missing_pdb,False
J9VZK2,,missing_pdb,False
J9VZK6,,missing_pdb,False
J9VZL1,,missing_pdb,False
J9VZM2,,missing_pdb,False
J9VZP7,,missing_pdb,False
J9VZT6,,missing_pdb,False
J9VZU6,,missing_pdb,False
J9VZX9,,missing_pdb,False
J9W001,,missing_pdb,False
J9W025,,missing_pdb,False
J9W028,,missing_pdb,False
J9W0B4,,missing_pdb,False
J9W0E6,,missing_pdb,False
J9W0G1,,missing_pdb,False
J9W0G9,,missing_pdb,False
J9W0I2,,missing_pdb,False
J9W0I3,,missing_pdb,False
J9W0I8,,missing_pdb,False
J9W0K1,,missing_pdb,False
J9W0P8,,missing_pdb,False
J9W0Q4,,missing_pdb,False
J9W0Q9,,missing_pdb,False
J9W0R4,,missing_pdb,False
J9W0U2,,missing_pdb,False
J9W0X6,,missing_pdb,False
J9W0X7,,missing_pdb,False
J9W102,,missing_pdb,False
J9W140,,missing_pdb,False
J9W144,,missing_pdb,False
J9W146,,missing_pdb,False
J9W1B8,,missing_pdb,False
J9W1E5,,missing_pdb,False
J9W1E8,,missing_pdb,False
J9W1F0,,missing_pdb,False
J9W1G2,,missing_pdb,False
J9W1H7,,missing_pdb,False
J9W1I1,,missing_pdb,False
J9W1P7,,missing_pdb,False
J9W1P9,,missing_pdb,False
J9W1V2,,missing_pdb,False
J9W1X8,,missing_pdb,False
J9W204,,missing_pdb,False
J9W214,,missing_pdb,False
J9W282,,missing_pdb,False
J9W286,,missing_pdb,False
J9W2D7,,missing_pdb,False
J9W2I2,,missing_pdb,False
J9W340,,missing_pdb,False
J9W343,,missing_pdb,False
J9W370,,missing_pdb,False
J9W3A6,,missing_pdb,False
J9W3C9,,missing_pdb,False
J9W3E2,,missing_pdb,False
J9W3N0,,missing_pdb,False
J9W3P6,,missing_pdb,False
J9W3R3,,missing_pdb,False
J9W420,,missing_pdb,False
J9W431,,missing_pdb,False
J9W451,,missing_pdb,False
J9W480,,missing_pdb,False
J9W494,,missing_pdb,False
J9W498,,missing_pdb,False
J9W4B8,,missing_pdb,False
J9W4C6,,missing_pdb,False
K3W4P2,,missing_pdb,False
K7EIH8,,missing_pdb,False
K7EJ42,,missing_pdb,False
K7EJJ5,,missing_pdb,False
K7EMW6,,missing_pdb,False
K7EMZ9,,missing_pdb,False
K7EQG2,,missing_pdb,False
K9IW80,,missing_pdb,False
L0L9Z4,,missing_pdb,False
L0TAD5,,missing_pdb,False
L7N658,,missing_pdb,False
L7N668,,missing_pdb,False
L7N672,,missing_pdb,False
L7N675,,missing_pdb,False
L7N686,,missing_pdb,False
L7N6B0,,missing_pdb,False
M0IKZ7,,missing_pdb,False
M0ILG0,,missing_pdb,False
M0IN22,,missing_pdb,False
M0INK4,,missing_pdb,False
M0INM1,,missing_pdb,False
M0INP6,,missing_pdb,False
M0IQ54,,missing_pdb,False
M0IQJ7,,missing_pdb,False
M0IR97,,missing_pdb,False
M0IRM1,,missing_pdb,False
M0IS05,,missing_pdb,False
M0IST6,,missing_pdb,False
M0ITD1,,missing_pdb,False
M0ITS4,,missing_pdb,False
M0IUG4,,missing_pdb,False
M0IUQ8,,missing_pdb,False
M0IVB2,,missing_pdb,False
M0IVV0,,missing_pdb,False
M0IVX1,,missing_pdb,False
M0IW76,,missing_pdb,False
M0IWE1,,missing_pdb,False
M0IWE7,,missing_pdb,False
M0IZA1,,missing_pdb,False
M0IZG1,,missing_pdb,False
M0IZH4,,missing_pdb,False
M0J032,,missing_pdb,False
M0J0C0,,missing_pdb,False
M0J0K1,,missing_pdb,False
M0J1E5,,missing_pdb,False
M0J1P8,,missing_pdb,False
M0J3I1,,missing_pdb,False
M0J4B3,,missing_pdb,False
M0J4J1,,missing_pdb,False
M0J4J8,,missing_pdb,False
M0J587,,missing_pdb,False
M0J5H3,,missing_pdb,False
M0J5K1,,missing_pdb,False
M0J5P1,,missing_pdb,False
M0J5Q2,,missing_pdb,False
M0J645,,missing_pdb,False
M0J6E3,,missing_pdb,False
M0J6F0,,missing_pdb,False
M0J6F4,,missing_pdb,False
M0J6I5,,missing_pdb,False
M0J7L4,,missing_pdb,False
M0J9K1,,missing_pdb,False
M0JB88,,missing_pdb,False
M0JC35,,missing_pdb,False
M0QWX4,,missing_pdb,False
M0QWZ1,,missing_pdb,False
M0QYT0,,missing_pdb,False
M0R2J8,,missing_pdb,False
M0R4I3,,missing_pdb,False
M0R515,,missing_pdb,False
M0R5H1,,missing_pdb,False
M0R5L5,,missing_pdb,False
M0R5N4,,missing_pdb,False
M0R682,,missing_pdb,False
M0R6B9,,missing_pdb,False
M0R6E0,,missing_pdb,False
M0R6E6,,missing_pdb,False
M0R6K6,,missing_pdb,False
M0R6R9,,missing_pdb,False
M0R6W5,,missing_pdb,False
M0R7B3,,missing_pdb,False
M0R7E6,,missing_pdb,False
M0R7R2,,missing_pdb,False
M0R885,,missing_pdb,False
M0R8C5,,missing_pdb,False
M0R952,,missing_pdb,False
M0R971,,missing_pdb,False
M0R9B9,,missing_pdb,False
M0R9C6,,missing_pdb,False
M0R9N9,,missing_pdb,False
M0R9Q1,,missing_pdb,False
M0RA08,,missing_pdb,False
M0RAB9,,missing_pdb,False
M0RAD8,,missing_pdb,False
M0RAR2,,missing_pdb,False
M0RBE0,,missing_pdb,False
M0RBF1,,missing_pdb,False
M0RBV9,,missing_pdb,False
M0RC77,,missing_pdb,False
M0RD40,,missing_pdb,False
M0RDP0,,missing_pdb,False
M0ZQF4,,missing_pdb,False
M1A154,,missing_pdb,False
M1A457,,missing_pdb,False
M1AQS1,,missing_pdb,False
M1MQ51,,missing_pdb,False
M1MQ57,,missing_pdb,False
M1MQ64,,missing_pdb,False
M1NJV3,,missing_pdb,False
M1NQF1,,missing_pdb,False
M1NZ63,,missing_pdb,False
M1R985,,missing_pdb,False
M3TYQ8,,missing_pdb,False
M9MRD1,,missing_pdb,False
M9PDU4,,missing_pdb,False
M9PGG7,,missing_pdb,False
M9TG60,,missing_pdb,False
O00115,,missing_pdb,False
O00116,/data/ranran/my_ptm/croton/data/structure_pipeline/pdb/O00116.pdb,exact_sequence_match,True
O00148-2,,missing_pdb,False
O00154-3,,missing_pdb,False
O00161,/data/ranran/my_ptm/croton/data/structure_pipeline/pdb/O00161.pdb,exact_sequence_match,True
O00165,,missing_pdb,False
O00170,/data/ranran/my_ptm/croton/data/structure_pipeline/pdb/O00170.pdb;/data/ranran/my_ptm/croton/data/structure_pipeline/pdb/AF-O00170-F1-model_v6.pdb,sequence_mismatch,False
O00178,,missing_pdb,False
O00193,/data/ranran/my_ptm/croton/data/structure_pipeline/pdb/O00193.pdb,exact_sequence_match,True
O00220,/data/ranran/my_ptm/croton/data/structure_pipeline/pdb/O00220.pdb,exact_sequence_match,True
O00221,,missing_pdb,False
O00233,/data/ranran/my_ptm/croton/data/structure_pipeline/pdb/O00233.pdb,exact_sequence_match,True
O00237,,missing_pdb,False
O00255,,missing_pdb,False
O00257,,missing_pdb,False
O00264,,missing_pdb,False
O00267,/data/ranran/my_ptm/croton/data/structure_pipeline/pdb/O00267.pdb,exact_sequence_match,True
O00268,,missing_pdb,False
O00273,,missing_pdb,False
O00294,,missing_pdb,False
O00305,,missing_pdb,False
O00311,,missing_pdb,False
O00339,,missing_pdb,False
O00358,,missing_pdb,False
O00360,,missing_pdb,False
O00399,/data/ranran/my_ptm/croton/data/structure_pipeline/pdb/O00399.pdb,exact_sequence_match,True
O00400,,missing_pdb,False
O00401,/data/ranran/my_ptm/croton/data/structure_pipeline/pdb/O00401.pdb,exact_sequence_match,True
O00411,/data/ranran/my_ptm/croton/data/structure_pipeline/pdb/O00411.pdb,exact_sequence_match,True
O00418,,missing_pdb,False
O00422,/data/ranran/my_ptm/croton/data/structure_pipeline/pdb/O00422.pdb,exact_sequence_match,True
O00429-7,,missing_pdb,False
O00442,/data/ranran/my_ptm/croton/data/structure_pipeline/pdb/O00442.pdb,exact_sequence_match,True
O00443,/data/ranran/my_ptm/croton/data/structure_pipeline/pdb/O00443.pdb,exact_sequence_match,True
O00444,,missing_pdb,False
O00461,/data/ranran/my_ptm/croton/data/structure_pipeline/pdb/O00461.pdb,exact_sequence_match,True
O00462,,missing_pdb,False
O00468,,missing_pdb,False
O00471,/data/ranran/my_ptm/croton/data/structure_pipeline/pdb/O00471.pdb,exact_sequence_match,True
O00472,,missing_pdb,False
O00488,,missing_pdb,False
O00499-2,,missing_pdb,False
O00522,,missing_pdb,False
O00548,,missing_pdb,False
O00559,,missing_pdb,False
O00566,/data/ranran/my_ptm/croton/data/structure_pipeline/pdb/O00566.pdb,exact_sequence_match,True
O00570,,missing_pdb,False
O00584,,missing_pdb,False
O00585,,missing_pdb,False
O00592,/data/ranran/my_ptm/croton/data/structure_pipeline/pdb/O00592.pdb,exact_sequence_match,True
O00622,,missing_pdb,False
O00623,,missing_pdb,False
O00628,,missing_pdb,False
O00712,,missing_pdb,False
O00716,,missing_pdb,False
O00743-3,,missing_pdb,False
O00746,,missing_pdb,False
O00746-2,,missing_pdb,False
O00762,/data/ranran/my_ptm/croton/data/structure_pipeline/pdb/O00762.pdb,exact_sequence_match,True
O00767,/data/ranran/my_ptm/croton/data/structure_pipeline/pdb/O00767.pdb,exact_sequence_match,True
O01372,,missing_pdb,False
O02193,,missing_pdb,False
O04985,,missing_pdb,False
O05098,,missing_pdb,False
O05217,,missing_pdb,False
O05236,,missing_pdb,False
O05248,,missing_pdb,False
O05272,,missing_pdb,False
O05294,,missing_pdb,False
O05307,,missing_pdb,False
O05311,,missing_pdb,False
O05405,,missing_pdb,False
O05413,,missing_pdb,False
O05450,,missing_pdb,False
O05501,,missing_pdb,False
O05592,,missing_pdb,False
O05598,,missing_pdb,False
O05797,,missing_pdb,False
O05842,,missing_pdb,False
O05858,,missing_pdb,False
O05873,,missing_pdb,False
O05894,,missing_pdb,False
O05895,,missing_pdb,False
O06195,,missing_pdb,False
O06216,,missing_pdb,False
O06298,,missing_pdb,False
O06308,,missing_pdb,False
O06348,,missing_pdb,False
O06403,,missing_pdb,False
O06409,,missing_pdb,False
O06413,,missing_pdb,False
O06474,,missing_pdb,False
O06477,,missing_pdb,False
O06490,,missing_pdb,False
O06562,,missing_pdb,False
O06574,,missing_pdb,False
O06578,,missing_pdb,False
O06582,,missing_pdb,False
O06592,,missing_pdb,False
O06597,,missing_pdb,False
O06633,,missing_pdb,False
O06714,,missing_pdb,False
O06734,,missing_pdb,False
O06747,,missing_pdb,False
O06769,,missing_pdb,False
O06790,,missing_pdb,False
O06797,,missing_pdb,False
O06802,,missing_pdb,False
O06803,,missing_pdb,False
O06806,,missing_pdb,False
O06820,,missing_pdb,False
O06827,,missing_pdb,False
O06965,,missing_pdb,False
O06966,,missing_pdb,False
O06972,,missing_pdb,False
O06974,,missing_pdb,False
O06977,,missing_pdb,False
O06993,,missing_pdb,False
O06996,,missing_pdb,False
O06997,,missing_pdb,False
O07001,,missing_pdb,False
O07003,,missing_pdb,False
O07006,,missing_pdb,False
O07008,,missing_pdb,False
O07012,,missing_pdb,False
O07021,,missing_pdb,False
O07079,,missing_pdb,False
O07081,,missing_pdb,False
O07173,,missing_pdb,False
O07177,,missing_pdb,False
O07178,,missing_pdb,False
O07196,,missing_pdb,False
O07411,,missing_pdb,False
O07414,,missing_pdb,False
O07416,,missing_pdb,False
O07417,,missing_pdb,False
O07420,,missing_pdb,False
O07424,,missing_pdb,False
O07434,,missing_pdb,False
O07513,,missing_pdb,False
O07516,,missing_pdb,False
O07541,,missing_pdb,False
O07543,,missing_pdb,False
O07548,,missing_pdb,False
O07561,,missing_pdb,False
O07565,,missing_pdb,False
O07566,,missing_pdb,False
O07576,,missing_pdb,False
O07584,,missing_pdb,False
O07585,,missing_pdb,False
O07595,,missing_pdb,False
O07598,,missing_pdb,False
O07603,,missing_pdb,False
O07604,,missing_pdb,False
O07607,,missing_pdb,False
O07621,,missing_pdb,False
O07636,,missing_pdb,False
O07638,,missing_pdb,False
O07719,,missing_pdb,False
O07738,,missing_pdb,False
O07739,,missing_pdb,False
O07742,,missing_pdb,False
O07745,,missing_pdb,False
O07749,,missing_pdb,False
O07806,,missing_pdb,False
O07817,,missing_pdb,False
O07918,,missing_pdb,False
O07921,,missing_pdb,False
O08530,,missing_pdb,False
O08532,,missing_pdb,False
O08538,,missing_pdb,False
O08557,,missing_pdb,False
O08573,,missing_pdb,False
O08586,,missing_pdb,False
O08599,,missing_pdb,False
O08600,,missing_pdb,False
O08602,,missing_pdb,False
O08629,,missing_pdb,False
O08653,,missing_pdb,False
O08654,,missing_pdb,False
O08677,,missing_pdb,False
O08710,,missing_pdb,False
O08719,,missing_pdb,False
O08756,,missing_pdb,False
O08770,,missing_pdb,False
O08792,,missing_pdb,False
O08807,,missing_pdb,False
O08863,,missing_pdb,False
O08918,,missing_pdb,False
O08949,,missing_pdb,False
O09100,,missing_pdb,False
O09172,,missing_pdb,False
O13297,,missing_pdb,False
O13410,,missing_pdb,False
O13525,,missing_pdb,False
O13527,,missing_pdb,False
O13535,,missing_pdb,False
O13539,,missing_pdb,False
O13547,,missing_pdb,False
O13563,,missing_pdb,False
O13569,,missing_pdb,False
O13585,,missing_pdb,False
O13587,,missing_pdb,False
O14468,,missing_pdb,False
O14512,,missing_pdb,False
O14513,,missing_pdb,False
O14514,,missing_pdb,False
O14521-2,,missing_pdb,False
O14523,,missing_pdb,False
O14524,,missing_pdb,False
O14526,,missing_pdb,False
O14530,/data/ranran/my_ptm/croton/data/structure_pipeline/pdb/O14530.pdb,exact_sequence_match,True
O14545,/data/ranran/my_ptm/croton/data/structure_pipeline/pdb/O14545.pdb,exact_sequence_match,True
O14558,,missing_pdb,False
O14562,/data/ranran/my_ptm/croton/data/structure_pipeline/pdb/O14562.pdb,exact_sequence_match,True
O14569,,missing_pdb,False
O14578-3,,missing_pdb,False
O14578-4,,missing_pdb,False
O14579,/data/ranran/my_ptm/croton/data/structure_pipeline/pdb/O14579.pdb,exact_sequence_match,True
O14617-5,,missing_pdb,False
O14641,,missing_pdb,False
O14653,,missing_pdb,False
O14654,,missing_pdb,False
O14657,,missing_pdb,False
O14662,,missing_pdb,False
O14715,,missing_pdb,False
O14733,,missing_pdb,False
O14737-2,,missing_pdb,False
O14745,/data/ranran/my_ptm/croton/data/structure_pipeline/pdb/O14745.pdb,exact_sequence_match,True
O14746,,missing_pdb,False
O14757,/data/ranran/my_ptm/croton/data/structure_pipeline/pdb/O14757.pdb,exact_sequence_match,True
O14772,,missing_pdb,False
O14775,,missing_pdb,False
O14777,/data/ranran/my_ptm/croton/data/structure_pipeline/pdb/O14777.pdb,exact_sequence_match,True
O14782,,missing_pdb,False
O14786,,missing_pdb,False
O14810,,missing_pdb,False
O14818-2,,missing_pdb,False
O14832,,missing_pdb,False
O14862,,missing_pdb,False
O14879,,missing_pdb,False
O14893,,missing_pdb,False
O14907,/data/ranran/my_ptm/croton/data/structure_pipeline/pdb/O14907.pdb,exact_sequence_match,True
O14908,/data/ranran/my_ptm/croton/data/structure_pipeline/pdb/O14908.pdb,exact_sequence_match,True
O14920,,missing_pdb,False
O14924,,missing_pdb,False
O14929,/data/ranran/my_ptm/croton/data/structure_pipeline/pdb/O14929.pdb;/data/ranran/my_ptm/croton/data/structure_pipeline/pdb/AF-O14929-F1-model_v6.pdb,sequence_mismatch,False
O14936,/data/ranran/my_ptm/croton/data/structure_pipeline/pdb/O14936.pdb,exact_sequence_match,True
O14964,/data/ranran/my_ptm/croton/data/structure_pipeline/pdb/O14964.pdb,exact_sequence_match,True
O14965,/data/ranran/my_ptm/croton/data/structure_pipeline/pdb/O14965.pdb;/data/ranran/my_ptm/croton/data/structure_pipeline/pdb/AF-O14965-F1-model_v6.pdb,sequence_mismatch,False
O14972,,missing_pdb,False
O14976,,missing_pdb,False
O14979,/data/ranran/my_ptm/croton/data/structure_pipeline/pdb/O14979.pdb,exact_sequence_match,True
O15018,,missing_pdb,False
O15027-5,,missing_pdb,False
O15042-3,,missing_pdb,False
O15054,,missing_pdb,False
O15061,/data/ranran/my_ptm/croton/data/structure_pipeline/pdb/O15061.pdb;/data/ranran/my_ptm/croton/data/structure_pipeline/pdb/AF-O15061-F1-model_v6.pdb,sequence_mismatch,False
O15062,,missing_pdb,False
O15063,,missing_pdb,False
O15079,,missing_pdb,False
O15084-1,,missing_pdb,False
O15090,,missing_pdb,False
O15091,/data/ranran/my_ptm/croton/data/structure_pipeline/pdb/O15091.pdb,exact_sequence_match,True
O15091-3,,missing_pdb,False
O15105,,missing_pdb,False
O15117-3,,missing_pdb,False
O15118,,missing_pdb,False
O15119,,missing_pdb,False
O15121,/data/ranran/my_ptm/croton/data/structure_pipeline/pdb/O15121.pdb,exact_sequence_match,True
O15126,,missing_pdb,False
O15162,/data/ranran/my_ptm/croton/data/structure_pipeline/pdb/O15162.pdb,exact_sequence_match,True
O15173,/data/ranran/my_ptm/croton/data/structure_pipeline/pdb/O15173.pdb,exact_sequence_match,True
O15226,/data/ranran/my_ptm/croton/data/structure_pipeline/pdb/O15226.pdb,exact_sequence_match,True
O15228,,missing_pdb,False
O15231,,missing_pdb,False
O15234,,missing_pdb,False
O15259,,missing_pdb,False
O15265,,missing_pdb,False
O15270,/data/ranran/my_ptm/croton/data/structure_pipeline/pdb/O15270.pdb,exact_sequence_match,True
O15296,,missing_pdb,False
O15297,,missing_pdb,False
O15318,,missing_pdb,False
O15357,/data/ranran/my_ptm/croton/data/structure_pipeline/pdb/O15357.pdb,exact_sequence_match,True
O15374,,missing_pdb,False
O15381,,missing_pdb,False
O15392,,missing_pdb,False
O15403,,missing_pdb,False
O15417,,missing_pdb,False
O15446,,missing_pdb,False
O15455,,missing_pdb,False
O15488,,missing_pdb,False
O15492,,missing_pdb,False
O15514,,missing_pdb,False
O15516,,missing_pdb,False
O15527,,missing_pdb,False
O15530-4,,missing_pdb,False
O15533,,missing_pdb,False
O15534,,missing_pdb,False
O15541,/data/ranran/my_ptm/croton/data/structure_pipeline/pdb/O15541.pdb,exact_sequence_match,True
O15553,,missing_pdb,False
O16043,,missing_pdb,False
O22593,,missing_pdb,False
O23487,,missing_pdb,False
O24748,,missing_pdb,False
O30709,,missing_pdb,False
O30881,,missing_pdb,False
O31398,,missing_pdb,False
O31421,,missing_pdb,False
O31423,,missing_pdb,False
O31425,,missing_pdb,False
O31429,,missing_pdb,False
O31430,,missing_pdb,False
O31443,,missing_pdb,False
O31449,,missing_pdb,False
O31457,,missing_pdb,False
O31467,,missing_pdb,False
O31474,,missing_pdb,False
O31475,,missing_pdb,False
O31480,,missing_pdb,False
O31494,,missing_pdb,False
O31501,,missing_pdb,False
O31502,,missing_pdb,False
O31506,,missing_pdb,False
O31512,,missing_pdb,False
O31534,,missing_pdb,False
O31547,,missing_pdb,False
O31553,,missing_pdb,False
O31556,,missing_pdb,False
O31560,,missing_pdb,False
O31562,,missing_pdb,False
O31567,,missing_pdb,False
O31570,,missing_pdb,False
O31571,,missing_pdb,False
O31575,,missing_pdb,False
O31582,,missing_pdb,False
O31601,,missing_pdb,False
O31607,,missing_pdb,False
O31609,,missing_pdb,False
O31611,,missing_pdb,False
O31614,,missing_pdb,False
O31616,,missing_pdb,False
O31620,,missing_pdb,False
O31625,,missing_pdb,False
O31630,,missing_pdb,False
O31633,,missing_pdb,False
O31638,,missing_pdb,False
O31639,,missing_pdb,False
O31641,,missing_pdb,False
O31642,,missing_pdb,False
O31645,,missing_pdb,False
O31656,,missing_pdb,False
O31664,,missing_pdb,False
O31666,,missing_pdb,False
O31667,,missing_pdb,False
O31668,,missing_pdb,False
O31669,,missing_pdb,False
O31678,,missing_pdb,False
O31684,,missing_pdb,False
O31691,,missing_pdb,False
O31698,,missing_pdb,False
O31700,,missing_pdb,False
O31702,,missing_pdb,False
O31703,,missing_pdb,False
O31705,,missing_pdb,False
O31709,,missing_pdb,False
O31713,,missing_pdb,False
O31718,,missing_pdb,False
O31723,,missing_pdb,False
O31727,,missing_pdb,False
O31761,,missing_pdb,False
O31764,,missing_pdb,False
O31766,,missing_pdb,False
O31779,,missing_pdb,False
O31785,,missing_pdb,False
O31787,,missing_pdb,False
O31790,,missing_pdb,False
O31796,,missing_pdb,False
O31806,,missing_pdb,False
O31808,,missing_pdb,False
O31829,,missing_pdb,False
O31850,,missing_pdb,False
O31853,,missing_pdb,False
O31858,,missing_pdb,False
O31902,,missing_pdb,False
O31910,,missing_pdb,False
O31929,,missing_pdb,False
O31935,,missing_pdb,False
O31937,,missing_pdb,False
O31940,,missing_pdb,False
O31949,,missing_pdb,False
O31957,,missing_pdb,False
O31962,,missing_pdb,False
O31974,,missing_pdb,False
O31982,,missing_pdb,False
O31986,,missing_pdb,False
O31989,,missing_pdb,False
O31995,,missing_pdb,False
O31997,,missing_pdb,False
O31999,,missing_pdb,False
O32000,,missing_pdb,False
O32002,,missing_pdb,False
O32003,,missing_pdb,False
O32006,,missing_pdb,False
O32030,,missing_pdb,False
O32036,,missing_pdb,False
O32037,,missing_pdb,False
O32044,,missing_pdb,False
O32045,,missing_pdb,False
O32049,,missing_pdb,False
O32052,,missing_pdb,False
O32062,,missing_pdb,False
O32065,,missing_pdb,False
O32072,,missing_pdb,False
O32075,,missing_pdb,False
O32078,,missing_pdb,False
O32079,,missing_pdb,False
O32083,,missing_pdb,False
O32090,,missing_pdb,False
O32091,,missing_pdb,False
O32095,,missing_pdb,False
O32097,,missing_pdb,False
O32105,,missing_pdb,False
O32115,,missing_pdb,False
O32119,,missing_pdb,False
O32126,,missing_pdb,False
O32138,,missing_pdb,False
O32153,,missing_pdb,False
O32156,,missing_pdb,False
O32157,,missing_pdb,False
O32158,,missing_pdb,False
O32159,,missing_pdb,False
O32161,,missing_pdb,False
O32165,,missing_pdb,False
O32168,,missing_pdb,False
O32175,,missing_pdb,False
O32176,,missing_pdb,False
O32178,,missing_pdb,False
O32187,,missing_pdb,False
O32193,,missing_pdb,False
O32198,,missing_pdb,False
O32201,,missing_pdb,False
O32215,,missing_pdb,False
O32221,,missing_pdb,False
O32222,,missing_pdb,False
O32232,,missing_pdb,False
O32236,,missing_pdb,False
O32241,,missing_pdb,False
O32242,,missing_pdb,False
O32248,,missing_pdb,False
O32259,,missing_pdb,False
O32268,,missing_pdb,False
O32296,,missing_pdb,False
O32437,,missing_pdb,False
O33182,,missing_pdb,False
O33249,,missing_pdb,False
O33263,,missing_pdb,False
O33268,,missing_pdb,False
O33269,,missing_pdb,False
O33283,,missing_pdb,False
O33291,,missing_pdb,False
O33317,,missing_pdb,False
O33319,,missing_pdb,False
O33465,,missing_pdb,False
O33752,,missing_pdb,False
O34313,,missing_pdb,False
O34330,,missing_pdb,False
O34338,,missing_pdb,False
O34351,,missing_pdb,False
O34357,,missing_pdb,False
O34362,,missing_pdb,False
O34365,,missing_pdb,False
O34366,,missing_pdb,False
O34380,,missing_pdb,False
O34381,,missing_pdb,False
O34412,,missing_pdb,False
O34413,,missing_pdb,False
O34424,,missing_pdb,False
O34433,,missing_pdb,False
O34442,,missing_pdb,False
O34445,,missing_pdb,False
O34447,,missing_pdb,False
O34448,,missing_pdb,False
O34454,,missing_pdb,False
O34459,,missing_pdb,False
O34468,,missing_pdb,False
O34469,,missing_pdb,False
O34475,,missing_pdb,False
O34483,,missing_pdb,False
O34496,,missing_pdb,False
O34502,,missing_pdb,False
O34508,,missing_pdb,False
O34520,,missing_pdb,False
O34530,,missing_pdb,False
O34565,,missing_pdb,False
O34588,,missing_pdb,False
O34591,,missing_pdb,False
O34593,,missing_pdb,False
O34608,,missing_pdb,False
O34614,,missing_pdb,False
O34628,,missing_pdb,False
O34632,,missing_pdb,False
O34633,,missing_pdb,False
O34634,,missing_pdb,False
O34635,,missing_pdb,False
O34640,,missing_pdb,False
O34658,,missing_pdb,False
O34661,,missing_pdb,False
O34681,,missing_pdb,False
O34689,,missing_pdb,False
O34703,,missing_pdb,False
O34704,,missing_pdb,False
O34705,,missing_pdb,False
O34722,,missing_pdb,False
O34726,,missing_pdb,False
O34743,,missing_pdb,False
O34745,,missing_pdb,False
O34760,,missing_pdb,False
O34766,,missing_pdb,False
O34774,,missing_pdb,False
O34784,,missing_pdb,False
O34808,,missing_pdb,False
O34827,,missing_pdb,False
O34833,,missing_pdb,False
O34835,,missing_pdb,False
O34842,,missing_pdb,False
O34877,,missing_pdb,False
O34878,,missing_pdb,False
O34885,,missing_pdb,False
O34899,,missing_pdb,False
O34906,,missing_pdb,False
O34909,,missing_pdb,False
O34911,,missing_pdb,False
O34926,,missing_pdb,False
O34930,,missing_pdb,False
O34947,,missing_pdb,False
O34949,,missing_pdb,False
O34951,,missing_pdb,False
O34966,,missing_pdb,False
O34969,,missing_pdb,False
O34981,,missing_pdb,False
O34984,,missing_pdb,False
O34990,,missing_pdb,False
O35010,,missing_pdb,False
O35011,,missing_pdb,False
O35014,,missing_pdb,False
O35023,,missing_pdb,False
O35025,,missing_pdb,False
O35029,,missing_pdb,False
O35041,,missing_pdb,False
O35046,,missing_pdb,False
O35078,,missing_pdb,False
O35094,,missing_pdb,False
O35095,,missing_pdb,False
O35112,,missing_pdb,False
O35206,,missing_pdb,False
O35207,,missing_pdb,False
O35317,,missing_pdb,False
O35382,,missing_pdb,False
O35412,,missing_pdb,False
O35413,,missing_pdb,False
O35423,,missing_pdb,False
O35430,,missing_pdb,False
O35493,,missing_pdb,False
O35550,,missing_pdb,False
O35598,,missing_pdb,False
O35625,,missing_pdb,False
O35633,,missing_pdb,False
O35657,,missing_pdb,False
O35680,,missing_pdb,False
O35691,,missing_pdb,False
O35745,,missing_pdb,False
O35760,,missing_pdb,False
O35798,,missing_pdb,False
O35821,,missing_pdb,False
O35889,,missing_pdb,False
O35927,,missing_pdb,False
O35964,,missing_pdb,False
O35986,,missing_pdb,False
O42831,,missing_pdb,False
O43102,,missing_pdb,False
O43148-2,,missing_pdb,False
O43149,,missing_pdb,False
O43164,,missing_pdb,False
O43167,,missing_pdb,False
O43169,,missing_pdb,False
O43181,/data/ranran/my_ptm/croton/data/structure_pipeline/pdb/O43181.pdb,exact_sequence_match,True
O43182,,missing_pdb,False
O43252,/data/ranran/my_ptm/croton/data/structure_pipeline/pdb/O43252.pdb,exact_sequence_match,True
O43264,/data/ranran/my_ptm/croton/data/structure_pipeline/pdb/O43264.pdb,exact_sequence_match,True
O43283,,missing_pdb,False
O43291,,missing_pdb,False
O43295,,missing_pdb,False
O43299,,missing_pdb,False
O43303,,missing_pdb,False
O43310,/data/ranran/my_ptm/croton/data/structure_pipeline/pdb/O43310.pdb,exact_sequence_match,True
O43312,,missing_pdb,False
O43314,/data/ranran/my_ptm/croton/data/structure_pipeline/pdb/O43314.pdb,exact_sequence_match,True
O43318,/data/ranran/my_ptm/croton/data/structure_pipeline/pdb/O43318.pdb,exact_sequence_match,True
O43324-2,,missing_pdb,False
O43345,/data/ranran/my_ptm/croton/data/structure_pipeline/pdb/O43345.pdb,exact_sequence_match,True
O43364,,missing_pdb,False
O43379,,missing_pdb,False
O43390-2,,missing_pdb,False
O43395,/data/ranran/my_ptm/croton/data/structure_pipeline/pdb/O43395.pdb,exact_sequence_match,True
O43396,/data/ranran/my_ptm/croton/data/structure_pipeline/pdb/O43396.pdb,exact_sequence_match,True
O43399-5,,missing_pdb,False
O43402,,missing_pdb,False
O43422,,missing_pdb,False
O43427,/data/ranran/my_ptm/croton/data/structure_pipeline/pdb/O43427.pdb,exact_sequence_match,True
O43435,,missing_pdb,False
O43439,,missing_pdb,False
O43464,,missing_pdb,False
O43474,,missing_pdb,False
O43490,,missing_pdb,False
O43502,,missing_pdb,False
O43504,,missing_pdb,False
O43513,/data/ranran/my_ptm/croton/data/structure_pipeline/pdb/O43513.pdb,exact_sequence_match,True
O43521,,missing_pdb,False
O43524,,missing_pdb,False
O43570,,missing_pdb,False
O43583,/data/ranran/my_ptm/croton/data/structure_pipeline/pdb/O43583.pdb,exact_sequence_match,True
O43586,,missing_pdb,False
O43598,/data/ranran/my_ptm/croton/data/structure_pipeline/pdb/O43598.pdb,exact_sequence_match,True
O43602,,missing_pdb,False
O43623,,missing_pdb,False
O43639,,missing_pdb,False
O43660,/data/ranran/my_ptm/croton/data/structure_pipeline/pdb/O43660.pdb,exact_sequence_match,True
O43663,/data/ranran/my_ptm/croton/data/structure_pipeline/pdb/O43663.pdb,exact_sequence_match,True
O43665,,missing_pdb,False
O43683,,missing_pdb,False
O43699,,missing_pdb,False
O43707-2,,missing_pdb,False
O43709,,missing_pdb,False
O43715,,missing_pdb,False
O43739,/data/ranran/my_ptm/croton/data/structure_pipeline/pdb/O43739.pdb,exact_sequence_match,True
O43741,,missing_pdb,False
O43781,,missing_pdb,False
O43795,/data/ranran/my_ptm/croton/data/structure_pipeline/pdb/O43795.pdb,exact_sequence_match,True
O43808,,missing_pdb,False
O43809,/data/ranran/my_ptm/croton/data/structure_pipeline/pdb/O43809.pdb,exact_sequence_match,True
O43819,,missing_pdb,False
O43822,,missing_pdb,False
O43823,/data/ranran/my_ptm/croton/data/structure_pipeline/pdb/O43823.pdb,exact_sequence_match,True
O43829,,missing_pdb,False
O43837-3,,missing_pdb,False
O43896,/data/ranran/my_ptm/croton/data/structure_pipeline/pdb/O43896.pdb,exact_sequence_match,True
O43909,,missing_pdb,False
O43913,/data/ranran/my_ptm/croton/data/structure_pipeline/pdb/O43913.pdb,exact_sequence_match,True
O43918,,missing_pdb,False
O43921,,missing_pdb,False
O43924,,missing_pdb,False
O43929,,missing_pdb,False
O45026,,missing_pdb,False
O45037,,missing_pdb,False
O48587,,missing_pdb,False
O49543,,missing_pdb,False
O50398,,missing_pdb,False
O50423,,missing_pdb,False
O50432,,missing_pdb,False
O50455,,missing_pdb,False
O50467,,missing_pdb,False
O52324,,missing_pdb,False
O53156,,missing_pdb,False
O53161,,missing_pdb,False
O53182,,missing_pdb,False
O53190,,missing_pdb,False
O53240,,missing_pdb,False
O53281,,missing_pdb,False
O53287,,missing_pdb,False
O53319,,missing_pdb,False
O53340,,missing_pdb,False
O53343,,missing_pdb,False
O53346,,missing_pdb,False
O53348,,missing_pdb,False
O53362,,missing_pdb,False
O53379,,missing_pdb,False
O53408,,missing_pdb,False
O53431,,missing_pdb,False
O53445,,missing_pdb,False
O53459,,missing_pdb,False
O53463,,missing_pdb,False
O53468,,missing_pdb,False
O53493,,missing_pdb,False
O53506,,missing_pdb,False
O53519,,missing_pdb,False
O53554,,missing_pdb,False
O53564,,missing_pdb,False
O53565,,missing_pdb,False
O53580,,missing_pdb,False
O53594,,missing_pdb,False
O53605,,missing_pdb,False
O53612,,missing_pdb,False
O53623,,missing_pdb,False
O53651,,missing_pdb,False
O53666,,missing_pdb,False
O53670,,missing_pdb,False
O53673,,missing_pdb,False
O53749,,missing_pdb,False
O53751,,missing_pdb,False
O53772,,missing_pdb,False
O53777,,missing_pdb,False
O53779,,missing_pdb,False
O53807,,missing_pdb,False
O53830,,missing_pdb,False
O53842,,missing_pdb,False
O53873,,missing_pdb,False
O53926,,missing_pdb,False
O53961,,missing_pdb,False
O53978,,missing_pdb,False
O53979,,missing_pdb,False
O54724,,missing_pdb,False
O54732,,missing_pdb,False
O54748,,missing_pdb,False
O54772,,missing_pdb,False
O54821,,missing_pdb,False
O54898,,missing_pdb,False
O54909,,missing_pdb,False
O54921,,missing_pdb,False
O54941,,missing_pdb,False
O54983,,missing_pdb,False
O54992,,missing_pdb,False
O55042,,missing_pdb,False
O55043,,missing_pdb,False
O55055,,missing_pdb,False
O55082,,missing_pdb,False
O55135,,missing_pdb,False
O55154,,missing_pdb,False
O55166,,missing_pdb,False
O55173,,missing_pdb,False
O55213,,missing_pdb,False
O55222,,missing_pdb,False
O55225,,missing_pdb,False
O60024,,missing_pdb,False
O60224,,missing_pdb,False
O60234,,missing_pdb,False
O60238,,missing_pdb,False
O60244,/data/ranran/my_ptm/croton/data/structure_pipeline/pdb/O60244.pdb,exact_sequence_match,True
O60245,,missing_pdb,False
O60256-4,,missing_pdb,False
O60268,,missing_pdb,False
O60271,/data/ranran/my_ptm/croton/data/structure_pipeline/pdb/O60271.pdb,exact_sequence_match,True
O60279,,missing_pdb,False
O60281,,missing_pdb,False
O60290,,missing_pdb,False
O60291,,missing_pdb,False
O60294,,missing_pdb,False
O60303,,missing_pdb,False
O60306,/data/ranran/my_ptm/croton/data/structure_pipeline/pdb/O60306.pdb,exact_sequence_match,True
O60308,,missing_pdb,False
O60313-10,,missing_pdb,False
O60318,,missing_pdb,False
O60333,/data/ranran/my_ptm/croton/data/structure_pipeline/pdb/O60333.pdb,exact_sequence_match,True
O60347,,missing_pdb,False
O60356,,missing_pdb,False
O60381,,missing_pdb,False
O60397,,missing_pdb,False
O60422,,missing_pdb,False
O60443,/data/ranran/my_ptm/croton/data/structure_pipeline/pdb/O60443.pdb,exact_sequence_match,True
O60447,,missing_pdb,False
O60499,,missing_pdb,False
O60502,/data/ranran/my_ptm/croton/data/structure_pipeline/pdb/O60502.pdb,exact_sequence_match,True
O60503,/data/ranran/my_ptm/croton/data/structure_pipeline/pdb/O60503.pdb,exact_sequence_match,True
O60506-5,,missing_pdb,False
O60547,/data/ranran/my_ptm/croton/data/structure_pipeline/pdb/O60547.pdb,exact_sequence_match,True
O60566-3,,missing_pdb,False
O60573,,missing_pdb,False
O60583,,missing_pdb,False
O60602,,missing_pdb,False
O60613,,missing_pdb,False
O60663,,missing_pdb,False
O60671,,missing_pdb,False
O60673,,missing_pdb,False
O60676,,missing_pdb,False
O60701,/data/ranran/my_ptm/croton/data/structure_pipeline/pdb/O60701.pdb,exact_sequence_match,True
O60711,,missing_pdb,False
O60716,/data/ranran/my_ptm/croton/data/structure_pipeline/pdb/O60716.pdb,exact_sequence_match,True
O60721,,missing_pdb,False
O60763-2,,missing_pdb,False
O60784,,missing_pdb,False
O60826,/data/ranran/my_ptm/croton/data/structure_pipeline/pdb/O60826.pdb,exact_sequence_match,True
O60828,/data/ranran/my_ptm/croton/data/structure_pipeline/pdb/O60828.pdb,exact_sequence_match,True
O60832-2,,missing_pdb,False
O60861,,missing_pdb,False
O60870,/data/ranran/my_ptm/croton/data/structure_pipeline/pdb/O60870.pdb,exact_sequence_match,True
O60880,,missing_pdb,False
O60930,,missing_pdb,False
O60934,/data/ranran/my_ptm/croton/data/structure_pipeline/pdb/O60934.pdb,exact_sequence_match,True
O60939,,missing_pdb,False
O60941,,missing_pdb,False
O60942,,missing_pdb,False
O60942-3,,missing_pdb,False
O61345,,missing_pdb,False
O61380,,missing_pdb,False
O64482,,missing_pdb,False
O65037,,missing_pdb,False
O65931,,missing_pdb,False
O65934,,missing_pdb,False
O65936,,missing_pdb,False
O65979,,missing_pdb,False
O66041,,missing_pdb,False
O68260,,missing_pdb,False
O68616,,missing_pdb,False
O68967,,missing_pdb,False
O69637,,missing_pdb,False
O69652,,missing_pdb,False
O69686,,missing_pdb,False
O69689,,missing_pdb,False
O69729,,missing_pdb,False
O70145,,missing_pdb,False
O70153,,missing_pdb,False
O70157,,missing_pdb,False
O70167,,missing_pdb,False
O70174,,missing_pdb,False
O70191,,missing_pdb,False
O70210,,missing_pdb,False
O70255,,missing_pdb,False
O70258,,missing_pdb,False
O70352,,missing_pdb,False
O70405,,missing_pdb,False
O70437,,missing_pdb,False
O70460,,missing_pdb,False
O70479,,missing_pdb,False
O70480,,missing_pdb,False
O70511,,missing_pdb,False
O70511-2,,missing_pdb,False
O70511-4,,missing_pdb,False
O70546-2,,missing_pdb,False
O70601,,missing_pdb,False
O70628,,missing_pdb,False
O74189,,missing_pdb,False
O74302,,missing_pdb,False
O75027-2,,missing_pdb,False
O75031,,missing_pdb,False
O75038,,missing_pdb,False
O75052,,missing_pdb,False
O75054,,missing_pdb,False
O75064,,missing_pdb,False
O75069,,missing_pdb,False
O75071,,missing_pdb,False
O75072,,missing_pdb,False
O75083-3,,missing_pdb,False
O75093,,missing_pdb,False
O75112,,missing_pdb,False
O75132,,missing_pdb,False
O75143,/data/ranran/my_ptm/croton/data/structure_pipeline/pdb/O75143.pdb,exact_sequence_match,True
O75146,/data/ranran/my_ptm/croton/data/structure_pipeline/pdb/O75146.pdb,exact_sequence_match,True
O75151,,missing_pdb,False
O75152,/data/ranran/my_ptm/croton/data/structure_pipeline/pdb/O75152.pdb,exact_sequence_match,True
O75170,,missing_pdb,False
O75175,/data/ranran/my_ptm/croton/data/structure_pipeline/pdb/O75175.pdb,exact_sequence_match,True
O75185,,missing_pdb,False
O75190,/data/ranran/my_ptm/croton/data/structure_pipeline/pdb/O75190.pdb,exact_sequence_match,True
O75200,,missing_pdb,False
O75264,,missing_pdb,False
O75298,,missing_pdb,False
O75319,,missing_pdb,False
O75323,/data/ranran/my_ptm/croton/data/structure_pipeline/pdb/O75323.pdb,exact_sequence_match,True
O75334,/data/ranran/my_ptm/croton/data/structure_pipeline/pdb/O75334.pdb,exact_sequence_match,True
O75344,,missing_pdb,False
O75347-2,,missing_pdb,False
O75351,/data/ranran/my_ptm/croton/data/structure_pipeline/pdb/O75351.pdb,exact_sequence_match,True
O75352,,missing_pdb,False
O75355,,missing_pdb,False
O75362,,missing_pdb,False
O75365,,missing_pdb,False
O75366,,missing_pdb,False
O75380,/data/ranran/my_ptm/croton/data/structure_pipeline/pdb/O75380.pdb,exact_sequence_match,True
O75381,,missing_pdb,False
O75394,,missing_pdb,False
O75400,/data/ranran/my_ptm/croton/data/structure_pipeline/pdb/O75400.pdb,exact_sequence_match,True
O75410-2,,missing_pdb,False
O75417,,missing_pdb,False
O75431,,missing_pdb,False
O75446,/data/ranran/my_ptm/croton/data/structure_pipeline/pdb/O75446.pdb,exact_sequence_match,True
O75448,/data/ranran/my_ptm/croton/data/structure_pipeline/pdb/O75448.pdb,exact_sequence_match,True
O75459,/data/ranran/my_ptm/croton/data/structure_pipeline/pdb/O75459.pdb,exact_sequence_match,True
O75460,,missing_pdb,False
O75461,,missing_pdb,False
O75469,,missing_pdb,False
O75475,/data/ranran/my_ptm/croton/data/structure_pipeline/pdb/O75475.pdb,exact_sequence_match,True
O75478,,missing_pdb,False
O75494,,missing_pdb,False
O75496,/data/ranran/my_ptm/croton/data/structure_pipeline/pdb/O75496.pdb,exact_sequence_match,True
O75506,,missing_pdb,False
O75509,,missing_pdb,False
O75521,/data/ranran/my_ptm/croton/data/structure_pipeline/pdb/O75521.pdb,exact_sequence_match,True
O75525-2,,missing_pdb,False
O75526,/data/ranran/my_ptm/croton/data/structure_pipeline/pdb/O75526.pdb,exact_sequence_match,True
O75529,,missing_pdb,False
O75534,/data/ranran/my_ptm/croton/data/structure_pipeline/pdb/O75534.pdb,exact_sequence_match,True
O75554,/data/ranran/my_ptm/croton/data/structure_pipeline/pdb/O75554.pdb,exact_sequence_match,True
O75575,,missing_pdb,False
O75582,,missing_pdb,False
O75586-2,,missing_pdb,False
O75592,,missing_pdb,False
O75600,,missing_pdb,False
O75607,,missing_pdb,False
O75616,,missing_pdb,False
O75618,,missing_pdb,False
O75626,,missing_pdb,False
O75631,,missing_pdb,False
O75638,,missing_pdb,False
O75643-2,,missing_pdb,False
O75663-2,,missing_pdb,False
O75674,/data/ranran/my_ptm/croton/data/structure_pipeline/pdb/O75674.pdb,exact_sequence_match,True
O75683,/data/ranran/my_ptm/croton/data/structure_pipeline/pdb/O75683.pdb,exact_sequence_match,True
O75688,,missing_pdb,False
O75689-2,,missing_pdb,False
O75689-3,,missing_pdb,False
O75694,/data/ranran/my_ptm/croton/data/structure_pipeline/pdb/O75694.pdb,exact_sequence_match,True
O75717,/data/ranran/my_ptm/croton/data/structure_pipeline/pdb/O75717.pdb,exact_sequence_match,True
O75718,/data/ranran/my_ptm/croton/data/structure_pipeline/pdb/O75718.pdb,exact_sequence_match,True
O75752,,missing_pdb,False
O75764,,missing_pdb,False
O75771,,missing_pdb,False
O75781,,missing_pdb,False
O75791,,missing_pdb,False
O75792,/data/ranran/my_ptm/croton/data/structure_pipeline/pdb/O75792.pdb,exact_sequence_match,True
O75794,/data/ranran/my_ptm/croton/data/structure_pipeline/pdb/O75794.pdb,exact_sequence_match,True
O75808,,missing_pdb,False
O75817,,missing_pdb,False
O75818,/data/ranran/my_ptm/croton/data/structure_pipeline/pdb/O75818.pdb,exact_sequence_match,True
O75829,,missing_pdb,False
O75832,/data/ranran/my_ptm/croton/data/structure_pipeline/pdb/O75832.pdb,exact_sequence_match,True
O75840,,missing_pdb,False
O75845,,missing_pdb,False
O75879,,missing_pdb,False
O75882,,missing_pdb,False
O75884,,missing_pdb,False
O75886,,missing_pdb,False
O75888,,missing_pdb,False
O75896,,missing_pdb,False
O75899,,missing_pdb,False
O75900,,missing_pdb,False
O75912,,missing_pdb,False
O75914-3,,missing_pdb,False
O75915,,missing_pdb,False
O75916,,missing_pdb,False
O75925,,missing_pdb,False
O75934,/data/ranran/my_ptm/croton/data/structure_pipeline/pdb/O75934.pdb,exact_sequence_match,True
O75936,,missing_pdb,False
O75937,/data/ranran/my_ptm/croton/data/structure_pipeline/pdb/O75937.pdb,exact_sequence_match,True
O75952,,missing_pdb,False
O75964,/data/ranran/my_ptm/croton/data/structure_pipeline/pdb/O75964.pdb,exact_sequence_match,True
O75970,,missing_pdb,False
O76021,/data/ranran/my_ptm/croton/data/structure_pipeline/pdb/O76021.pdb,exact_sequence_match,True
O76024,,missing_pdb,False
O76039,,missing_pdb,False
O76054,,missing_pdb,False
O76071,,missing_pdb,False
O76095,,missing_pdb,False
O77134,,missing_pdb,False
O77259,,missing_pdb,False
O77309,,missing_pdb,False
O77328,,missing_pdb,False
O77336,,missing_pdb,False
O77338,,missing_pdb,False
O77343,,missing_pdb,False
O77349,,missing_pdb,False
O77351,,missing_pdb,False
O77353,,missing_pdb,False
O77355,,missing_pdb,False
O77363,,missing_pdb,False
O77365,,missing_pdb,False
O77368,,missing_pdb,False
O77375,,missing_pdb,False
O77379,,missing_pdb,False
O77380,,missing_pdb,False
O77384,,missing_pdb,False
O77385,,missing_pdb,False
O77389,,missing_pdb,False
O77390,,missing_pdb,False
O77477,,missing_pdb,False
O80705,,missing_pdb,False
O81027,,missing_pdb,False
O82117,,missing_pdb,False
O82118,,missing_pdb,False
O82790,,missing_pdb,False
O86311,,missing_pdb,False
O86312,,missing_pdb,False
O86315,,missing_pdb,False
O86337,,missing_pdb,False
O86340,,missing_pdb,False
O88202,,missing_pdb,False
O88286,,missing_pdb,False
O88307,,missing_pdb,False
O88466,,missing_pdb,False
O88508,,missing_pdb,False
O88532,,missing_pdb,False
O88553,,missing_pdb,False
O88618,,missing_pdb,False
O88664,,missing_pdb,False
O88693,,missing_pdb,False
O88737,,missing_pdb,False
O88738,,missing_pdb,False
O88760,,missing_pdb,False
O88794,,missing_pdb,False
O88856,,missing_pdb,False
O88873-3,,missing_pdb,False
O88908,,missing_pdb,False
O88923,,missing_pdb,False
O88933,,missing_pdb,False
O88942,,missing_pdb,False
O88983,,missing_pdb,False
O88987,,missing_pdb,False
O88998,,missing_pdb,False
O89006,,missing_pdb,False
O89037,,missing_pdb,False
O89050,,missing_pdb,False
O94030,,missing_pdb,False
O94742,,missing_pdb,False
O94759,,missing_pdb,False
O94759-3,,missing_pdb,False
O94761,,missing_pdb,False
O94762,,missing_pdb,False
O94763,,missing_pdb,False
O94766,,missing_pdb,False
O94768,,missing_pdb,False
O94779,,missing_pdb,False
O94782,,missing_pdb,False
O94804,/data/ranran/my_ptm/croton/data/structure_pipeline/pdb/O94804.pdb,exact_sequence_match,True
O94811,,missing_pdb,False
O94812,,missing_pdb,False
O94817,,missing_pdb,False
O94818,,missing_pdb,False
O94819,,missing_pdb,False
O94822-2,,missing_pdb,False
O94822-3,,missing_pdb,False
O94842,,missing_pdb,False
O94850,,missing_pdb,False
O94851,,missing_pdb,False
O94856,,missing_pdb,False
O94868,,missing_pdb,False
O94874,/data/ranran/my_ptm/croton/data/structure_pipeline/pdb/O94874.pdb,exact_sequence_match,True
O94875-12,,missing_pdb,False
O94880,/data/ranran/my_ptm/croton/data/structure_pipeline/pdb/O94880.pdb;/data/ranran/my_ptm/croton/data/structure_pipeline/pdb/AF-O94880-F1-model_v6.pdb,sequence_mismatch,False
O94885,,missing_pdb,False
O94913,,missing_pdb,False
O94919,,missing_pdb,False
O94953,,missing_pdb,False
O94955,,missing_pdb,False
O94964,,missing_pdb,False
O94966,/data/ranran/my_ptm/croton/data/structure_pipeline/pdb/O94966.pdb,exact_sequence_match,True
O94967,,missing_pdb,False
O94973-3,,missing_pdb,False
O94983,,missing_pdb,False
O94985,,missing_pdb,False
O94988,,missing_pdb,False
O94992,/data/ranran/my_ptm/croton/data/structure_pipeline/pdb/O94992.pdb,exact_sequence_match,True
O95070,/data/ranran/my_ptm/croton/data/structure_pipeline/pdb/O95070.pdb,exact_sequence_match,True
O95071,,missing_pdb,False
O95140,/data/ranran/my_ptm/croton/data/structure_pipeline/pdb/O95140.pdb,exact_sequence_match,True
O95149,,missing_pdb,False
O95155,/data/ranran/my_ptm/croton/data/structure_pipeline/pdb/O95155.pdb,exact_sequence_match,True
O95158,,missing_pdb,False
O95182,/data/ranran/my_ptm/croton/data/structure_pipeline/pdb/O95182.pdb,exact_sequence_match,True
O95183,,missing_pdb,False
O95197,/data/ranran/my_ptm/croton/data/structure_pipeline/pdb/O95197.pdb,exact_sequence_match,True
O95201,,missing_pdb,False
O95202,/data/ranran/my_ptm/croton/data/structure_pipeline/pdb/O95202.pdb,exact_sequence_match,True
O95219,,missing_pdb,False
O95235,/data/ranran/my_ptm/croton/data/structure_pipeline/pdb/O95235.pdb,exact_sequence_match,True
O95237,,missing_pdb,False
O95243,,missing_pdb,False
O95248,,missing_pdb,False
O95251-5,,missing_pdb,False
O95255,,missing_pdb,False
O95256,,missing_pdb,False
O95259,,missing_pdb,False
O95260,,missing_pdb,False
O95271,,missing_pdb,False
O95294,,missing_pdb,False
O95295,/data/ranran/my_ptm/croton/data/structure_pipeline/pdb/O95295.pdb,exact_sequence_match,True
O95319-3,,missing_pdb,False
O95359,,missing_pdb,False
O95359-2,,missing_pdb,False
O95359-5,,missing_pdb,False
O95361,/data/ranran/my_ptm/croton/data/structure_pipeline/pdb/O95361.pdb,exact_sequence_match,True
O95365,,missing_pdb,False
O95379,/data/ranran/my_ptm/croton/data/structure_pipeline/pdb/O95379.pdb,exact_sequence_match,True
O95391,,missing_pdb,False
O95397,,missing_pdb,False
O95402,,missing_pdb,False
O95409,,missing_pdb,False
O95425,,missing_pdb,False
O95429,,missing_pdb,False
O95447,,missing_pdb,False
O95453,/data/ranran/my_ptm/croton/data/structure_pipeline/pdb/O95453.pdb,exact_sequence_match,True
O95453-4,,missing_pdb,False
O95466-3,,missing_pdb,False
O95487,/data/ranran/my_ptm/croton/data/structure_pipeline/pdb/O95487.pdb,exact_sequence_match,True
O95497,,missing_pdb,False
O95544,,missing_pdb,False
O95561,,missing_pdb,False
O95563,,missing_pdb,False
O95567,,missing_pdb,False
O95573,/data/ranran/my_ptm/croton/data/structure_pipeline/pdb/O95573.pdb,exact_sequence_match,True
O95600,,missing_pdb,False
O95613,,missing_pdb,False
O95625,,missing_pdb,False
O95626,,missing_pdb,False
O95628-4,,missing_pdb,False
O95630,/data/ranran/my_ptm/croton/data/structure_pipeline/pdb/O95630.pdb,exact_sequence_match,True
O95639,,missing_pdb,False
O95661,,missing_pdb,False
O95671,,missing_pdb,False
O95672,,missing_pdb,False
O95677,,missing_pdb,False
O95684,/data/ranran/my_ptm/croton/data/structure_pipeline/pdb/O95684.pdb,exact_sequence_match,True
O95685,,missing_pdb,False
O95707,/data/ranran/my_ptm/croton/data/structure_pipeline/pdb/O95707.pdb,exact_sequence_match,True
O95721,/data/ranran/my_ptm/croton/data/structure_pipeline/pdb/O95721.pdb,exact_sequence_match,True
O95758-4,,missing_pdb,False
O95760,,missing_pdb,False
O95772,,missing_pdb,False
O95789,,missing_pdb,False
O95793,,missing_pdb,False
O95810,,missing_pdb,False
O95822,,missing_pdb,False
O95825,,missing_pdb,False
O95831,/data/ranran/my_ptm/croton/data/structure_pipeline/pdb/O95831.pdb,exact_sequence_match,True
O95831-4,,missing_pdb,False
O95831-6,,missing_pdb,False
O95834,,missing_pdb,False
O95858,,missing_pdb,False
O95861,/data/ranran/my_ptm/croton/data/structure_pipeline/pdb/O95861.pdb,exact_sequence_match,True
O95864,,missing_pdb,False
O95870,,missing_pdb,False
O95873,,missing_pdb,False
O95881,,missing_pdb,False
O95905,,missing_pdb,False
O95926,,missing_pdb,False
O95931,,missing_pdb,False
O95936,,missing_pdb,False
O95983,,missing_pdb,False
O95985,/data/ranran/my_ptm/croton/data/structure_pipeline/pdb/O95985.pdb,exact_sequence_match,True
O95995,,missing_pdb,False
O95997,,missing_pdb,False
O95999,,missing_pdb,False
O96005,/data/ranran/my_ptm/croton/data/structure_pipeline/pdb/O96005.pdb,exact_sequence_match,True
O96006,,missing_pdb,False
O96007,,missing_pdb,False
O96008,,missing_pdb,False
O96011,,missing_pdb,False
O96017,,missing_pdb,False
O96028-2,,missing_pdb,False
O96108,,missing_pdb,False
O96118,,missing_pdb,False
O96124,,missing_pdb,False
O96127,,missing_pdb,False
O96128,,missing_pdb,False
O96129,,missing_pdb,False
O96134,,missing_pdb,False
O96141,,missing_pdb,False
O96148,,missing_pdb,False
O96158,,missing_pdb,False
O96160,,missing_pdb,False
O96168,,missing_pdb,False
O96171,,missing_pdb,False
O96175,,missing_pdb,False
O96177,,missing_pdb,False
O96179,,missing_pdb,False
O96187,,missing_pdb,False
O96191,,missing_pdb,False
O96196,,missing_pdb,False
O96201,,missing_pdb,False
O96204,,missing_pdb,False
O96205,,missing_pdb,False
O96224,,missing_pdb,False
O96226,,missing_pdb,False
O96229,,missing_pdb,False
O96233,,missing_pdb,False
O96243,,missing_pdb,False
O96244,,missing_pdb,False
O96259,,missing_pdb,False
O96271,,missing_pdb,False
O96275,,missing_pdb,False
O96276,,missing_pdb,False
O96398,,missing_pdb,False
O97227,,missing_pdb,False
O97236,,missing_pdb,False
O97237,,missing_pdb,False
O97238,,missing_pdb,False
O97239,,missing_pdb,False
O97242,,missing_pdb,False
O97244,,missing_pdb,False
O97266,,missing_pdb,False
O97271,,missing_pdb,False
O97276,,missing_pdb,False
O97283,,missing_pdb,False
O97287,,missing_pdb,False
O97288,,missing_pdb,False
O97291,,missing_pdb,False
O97292,,missing_pdb,False
O97303,,missing_pdb,False
O97428,,missing_pdb,False
O97771,,missing_pdb,False
P00091,,missing_pdb,False
P00127,,missing_pdb,False
P00149,,missing_pdb,False
P00167-2,,missing_pdb,False
P00338-5,,missing_pdb,False
P00367-3,,missing_pdb,False
P00451,,missing_pdb,False
P00488,,missing_pdb,False
P00550,,missing_pdb,False
P00697,,missing_pdb,False
P00734,,missing_pdb,False
P00738,,missing_pdb,False
P00751,,missing_pdb,False
P00803,,missing_pdb,False
P00813,,missing_pdb,False
P00885,,missing_pdb,False
P00893,,missing_pdb,False
P00895,,missing_pdb,False
P00904,,missing_pdb,False
P00927,,missing_pdb,False
P00936,,missing_pdb,False
P00937,,missing_pdb,False
P00958,,missing_pdb,False
P00963,,missing_pdb,False
P00967,,missing_pdb,False
P00973,,missing_pdb,False
P01019,,missing_pdb,False
P01041,,missing_pdb,False
P01075,,missing_pdb,False
P01094,,missing_pdb,False
P01098,,missing_pdb,False
P01100,,missing_pdb,False
P01120,,missing_pdb,False
P01150,,missing_pdb,False
P01161,,missing_pdb,False
P01213,,missing_pdb,False
P01215,,missing_pdb,False
P01241,,missing_pdb,False
P01282,,missing_pdb,False
P01315,,missing_pdb,False
P01379,,missing_pdb,False
P01427,,missing_pdb,False
P01468,,missing_pdb,False
P01522,,missing_pdb,False
P01562,,missing_pdb,False
P01584,,missing_pdb,False
P01601,,missing_pdb,False
P01830,,missing_pdb,False
P01835,,missing_pdb,False
P01876,,missing_pdb,False
P02317,,missing_pdb,False
P02358,,missing_pdb,False
P02359,,missing_pdb,False
P02381,,missing_pdb,False
P02400,,missing_pdb,False
P02458,,missing_pdb,False
P02625,,missing_pdb,False
P02647,,missing_pdb,False
P02649,,missing_pdb,False
P02664,,missing_pdb,False
P02671,,missing_pdb,False
P02679,,missing_pdb,False
P02688,,missing_pdb,False
P02693,,missing_pdb,False
P02708,,missing_pdb,False
P02751,,missing_pdb,False
P02753,,missing_pdb,False
P02764,,missing_pdb,False
P02765,,missing_pdb,False
P02766,,missing_pdb,False
P02768-2,,missing_pdb,False
P02773,,missing_pdb,False
P02778,,missing_pdb,False
P02780,,missing_pdb,False
P02786,/data/ranran/my_ptm/croton/data/structure_pipeline/pdb/P02786.pdb,exact_sequence_match,True
P02790,,missing_pdb,False
P02793,,missing_pdb,False
P02795,,missing_pdb,False
P02918,,missing_pdb,False
P02919,,missing_pdb,False
P02924,,missing_pdb,False
P02925,,missing_pdb,False
P02929,,missing_pdb,False
P02930,,missing_pdb,False
P02945,,missing_pdb,False
P03004,,missing_pdb,False
P03023,,missing_pdb,False
P03030,,missing_pdb,False
P03070,,missing_pdb,False
P03122,,missing_pdb,False
P03254,,missing_pdb,False
P03369,,missing_pdb,False
P03409,,missing_pdb,False
P03813,,missing_pdb,False
P03817,,missing_pdb,False
P03819,,missing_pdb,False
P03871,,missing_pdb,False
P03872,,missing_pdb,False
P03878,,missing_pdb,False
P03928,,missing_pdb,False
P03943,,missing_pdb,False
P03951,,missing_pdb,False
P03960,,missing_pdb,False
P03994,,missing_pdb,False
P04001,,missing_pdb,False
P04004,,missing_pdb,False
P04053,,missing_pdb,False
P04062,,missing_pdb,False
P04141,,missing_pdb,False
P04143,,missing_pdb,False
P04147,,missing_pdb,False
P04179-2,,missing_pdb,False
P04183,/data/ranran/my_ptm/croton/data/structure_pipeline/pdb/P04183.pdb,exact_sequence_match,True
P04198,,missing_pdb,False
P04264,,missing_pdb,False
P04276,,missing_pdb,False
P04279,,missing_pdb,False
P04367,,missing_pdb,False
P04370,,missing_pdb,False
P04462,,missing_pdb,False
P04550,,missing_pdb,False
P04614,,missing_pdb,False
P04637,,missing_pdb,False
P04637-6,,missing_pdb,False
P04637-7,,missing_pdb,False
P04638,,missing_pdb,False
P04808,,missing_pdb,False
P04816,,missing_pdb,False
P04821,,missing_pdb,False
P04920,/data/ranran/my_ptm/croton/data/structure_pipeline/pdb/P04920.pdb,exact_sequence_match,True
P04939,,missing_pdb,False
P04964,,missing_pdb,False
P04982,,missing_pdb,False
P04993,,missing_pdb,False
P04994,,missing_pdb,False
P05052,,missing_pdb,False
P05060,,missing_pdb,False
P05066,,missing_pdb,False
P05067,,missing_pdb,False
P05093,,missing_pdb,False
P05109,,missing_pdb,False
P05129,,missing_pdb,False
P05155,,missing_pdb,False
P05161,,missing_pdb,False
P05164,,missing_pdb,False
P05183,,missing_pdb,False
P05187,/data/ranran/my_ptm/croton/data/structure_pipeline/pdb/P05187.pdb,exact_sequence_match,True
P05205,,missing_pdb,False
P05362,,missing_pdb,False
P05373,,missing_pdb,False
P05423,,missing_pdb,False
P05458,,missing_pdb,False
P05505,,missing_pdb,False
P05532,,missing_pdb,False
P05552,,missing_pdb,False
P05626,,missing_pdb,False
P05637,,missing_pdb,False
P05649,,missing_pdb,False
P05651,,missing_pdb,False
P05707,,missing_pdb,False
P05813,,missing_pdb,False
P05827,,missing_pdb,False
P05942,,missing_pdb,False
P05982,,missing_pdb,False
P05986,,missing_pdb,False
P06100,,missing_pdb,False
P06101,,missing_pdb,False
P06102,,missing_pdb,False
P06103,,missing_pdb,False
P06105,,missing_pdb,False
P06115,,missing_pdb,False
P06136,,missing_pdb,False
P06149,,missing_pdb,False
P06174,,missing_pdb,False
P06187,,missing_pdb,False
P06188,,missing_pdb,False
P06197,,missing_pdb,False
P06239-2,,missing_pdb,False
P06276,,missing_pdb,False
P06302,,missing_pdb,False
P06349,,missing_pdb,False
P06400,,missing_pdb,False
P06401,,missing_pdb,False
P06534,,missing_pdb,False
P06535,,missing_pdb,False
P06536,,missing_pdb,False
P06559,,missing_pdb,False
P06562,,missing_pdb,False
P06567,,missing_pdb,False
P06611,,missing_pdb,False
P06628,,missing_pdb,False
P06629,,missing_pdb,False
P06683,,missing_pdb,False
P06684,,missing_pdb,False
P06701,,missing_pdb,False
P06702,,missing_pdb,False
P06709,,missing_pdb,False
P06710,,missing_pdb,False
P06720,,missing_pdb,False
P06728,,missing_pdb,False
P06733-2,,missing_pdb,False
P06746,,missing_pdb,False
P06753-7,,missing_pdb,False
P06759,,missing_pdb,False
P06765,,missing_pdb,False
P06776,,missing_pdb,False
P06778,,missing_pdb,False
P06782,,missing_pdb,False
P06783,,missing_pdb,False
P06797,,missing_pdb,False
P06839,,missing_pdb,False
P06843,,missing_pdb,False
P06907,,missing_pdb,False
P06911,,missing_pdb,False
P06966,,missing_pdb,False
P06993,,missing_pdb,False
P06996,,missing_pdb,False
P07000,,missing_pdb,False
P07001,,missing_pdb,False
P07021,,missing_pdb,False
P07024,,missing_pdb,False
P07050,,missing_pdb,False
P07099,/data/ranran/my_ptm/croton/data/structure_pipeline/pdb/P07099.pdb,exact_sequence_match,True
P07108-2,,missing_pdb,False
P07108-5,,missing_pdb,False
P07108-6,,missing_pdb,False
P07151,,missing_pdb,False
P07196,,missing_pdb,False
P07199,,missing_pdb,False
P07203,,missing_pdb,False
P07252,,missing_pdb,False
P07253,,missing_pdb,False
P07256,,missing_pdb,False
P07258,,missing_pdb,False
P07261,,missing_pdb,False
P07264,,missing_pdb,False
P07266,,missing_pdb,False
P07269,,missing_pdb,False
P07273,,missing_pdb,False
P07277,,missing_pdb,False
P07285,,missing_pdb,False
P07305,/data/ranran/my_ptm/croton/data/structure_pipeline/pdb/P07305.pdb,exact_sequence_match,True
P07307,,missing_pdb,False
P07311,/data/ranran/my_ptm/croton/data/structure_pipeline/pdb/P07311.pdb,exact_sequence_match,True
P07340,,missing_pdb,False
P07347,,missing_pdb,False
P07358,,missing_pdb,False
P07398,,missing_pdb,False
P07476,,missing_pdb,False
P07492,,missing_pdb,False
P07623,,missing_pdb,False
P07654,,missing_pdb,False
P07686,/data/ranran/my_ptm/croton/data/structure_pipeline/pdb/P07686.pdb;/data/ranran/my_ptm/croton/data/structure_pipeline/pdb/AF-P07686-F1-model_v6.pdb,sequence_mismatch,False
P07722,,missing_pdb,False
P07741-2,,missing_pdb,False
P07756,,missing_pdb,False
P07825,,missing_pdb,False
P07834,,missing_pdb,False
P07862,,missing_pdb,False
P07936,,missing_pdb,False
P07947,,missing_pdb,False
P07992-3,,missing_pdb,False
P07996,,missing_pdb,False
P08004,,missing_pdb,False
P08011,,missing_pdb,False
P08048,,missing_pdb,False
P08066,,missing_pdb,False
P08081,,missing_pdb,False
P08111,,missing_pdb,False
P08153,,missing_pdb,False
P08179,,missing_pdb,False
P08192,,missing_pdb,False
P08195,,missing_pdb,False
P08235,,missing_pdb,False
P08236,,missing_pdb,False
P08244,,missing_pdb,False
P08337,,missing_pdb,False
P08390,,missing_pdb,False
P08394,,missing_pdb,False
P08395,,missing_pdb,False
P08400,,missing_pdb,False
P08432,,missing_pdb,False
P08456,,missing_pdb,False
P08458,,missing_pdb,False
P08459,,missing_pdb,False
P08468,,missing_pdb,False
P08499,,missing_pdb,False
P08525,,missing_pdb,False
P08539,,missing_pdb,False
P08559-4,,missing_pdb,False
P08572,,missing_pdb,False
P08575,,missing_pdb,False
P08581-2,,missing_pdb,False
P08582,,missing_pdb,False
P08603,,missing_pdb,False
P08621-3,,missing_pdb,False
P08678,,missing_pdb,False
P08877,,missing_pdb,False
P08921,,missing_pdb,False
P08922,,missing_pdb,False
P08937,,missing_pdb,False
P08956,,missing_pdb,False
P08970,,missing_pdb,False
P08F94,,missing_pdb,False
P09005,,missing_pdb,False
P09007,,missing_pdb,False
P09038,/data/ranran/my_ptm/croton/data/structure_pipeline/pdb/P09038.pdb,exact_sequence_match,True
P09053,,missing_pdb,False
P09064,,missing_pdb,False
P09126,,missing_pdb,False
P09127,,missing_pdb,False
P09132,/data/ranran/my_ptm/croton/data/structure_pipeline/pdb/P09132.pdb,exact_sequence_match,True
P09155,,missing_pdb,False
P09163,,missing_pdb,False
P09179,,missing_pdb,False
P09229,,missing_pdb,False
P09232,,missing_pdb,False
P09237,,missing_pdb,False
P09335,,missing_pdb,False
P09382,/data/ranran/my_ptm/croton/data/structure_pipeline/pdb/P09382.pdb,exact_sequence_match,True
P09456,,missing_pdb,False
P09466,,missing_pdb,False
P09470,,missing_pdb,False
P09542,,missing_pdb,False
P09543,/data/ranran/my_ptm/croton/data/structure_pipeline/pdb/P09543.pdb,exact_sequence_match,True
P09546,,missing_pdb,False
P09547,,missing_pdb,False
P09549,,missing_pdb,False
P09551,,missing_pdb,False
P09620,,missing_pdb,False
P09651-3,,missing_pdb,False
P09655,,missing_pdb,False
P09681,,missing_pdb,False
P09758,,missing_pdb,False
P09798,,missing_pdb,False
P09832,,missing_pdb,False
P09833,,missing_pdb,False
P09864,,missing_pdb,False
P09871,,missing_pdb,False
P09874,/data/ranran/my_ptm/croton/data/structure_pipeline/pdb/P09874.pdb,exact_sequence_match,True
P09950,,missing_pdb,False
P09951,,missing_pdb,False
P09958,,missing_pdb,False
P09959,,missing_pdb,False
P09996,,missing_pdb,False
P0A0U3,,missing_pdb,False
P0A123,,missing_pdb,False
P0A141,,missing_pdb,False
P0A148,,missing_pdb,False
P0A172,,missing_pdb,False
P0A1G3,,missing_pdb,False
P0A1Q4,,missing_pdb,False
P0A1T8,,missing_pdb,False
P0A2H5,,missing_pdb,False
P0A2N2,,missing_pdb,False
P0A2N8,,missing_pdb,False
P0A6A0,,missing_pdb,False
P0A6C1,,missing_pdb,False
P0A6C5,,missing_pdb,False
P0A6E9,,missing_pdb,False
P0A6H8,,missing_pdb,False
P0A6I9,,missing_pdb,False
P0A6J3,,missing_pdb,False
P0A6J5,,missing_pdb,False
P0A6L4,,missing_pdb,False
P0A6N8,,missing_pdb,False
P0A6S5,,missing_pdb,False
P0A6T5,,missing_pdb,False
P0A6U8,,missing_pdb,False
P0A6V1,,missing_pdb,False
P0A6Z6,,missing_pdb,False
P0A729,,missing_pdb,False
P0A752,,missing_pdb,False
P0A756,,missing_pdb,False
P0A761,,missing_pdb,False
P0A776,,missing_pdb,False
P0A780,,missing_pdb,False
P0A7A2,,missing_pdb,False
P0A7B3,,missing_pdb,False
P0A7C2,,missing_pdb,False
P0A7F9,,missing_pdb,False
P0A7G2,,missing_pdb,False
P0A7H0,,missing_pdb,False
P0A7N4,,missing_pdb,False
P0A821,,missing_pdb,False
P0A823,,missing_pdb,False
P0A873,,missing_pdb,False
P0A881,,missing_pdb,False
P0A890,,missing_pdb,False
P0A898,,missing_pdb,False
P0A8A4,,missing_pdb,False
P0A8B2,,missing_pdb,False
P0A8C4,,missing_pdb,False
P0A8E5,,missing_pdb,False
P0A8I3,,missing_pdb,False
P0A8I8,,missing_pdb,False
P0A8J2,,missing_pdb,False
P0A8K5,,missing_pdb,False
P0A8N0,,missing_pdb,False
P0A8Q3,,missing_pdb,False
P0A8Q6,,missing_pdb,False
P0A8R4,,missing_pdb,False
P0A8S1,,missing_pdb,False
P0A8U0,,missing_pdb,False
P0A8U2,,missing_pdb,False
P0A8V6,,missing_pdb,False
P0A8W0,,missing_pdb,False
P0A8W5,,missing_pdb,False
P0A8X2,,missing_pdb,False
P0A8Y3,,missing_pdb,False
P0A8Z3,,missing_pdb,False
P0A901,,missing_pdb,False
P0A903,,missing_pdb,False
P0A905,,missing_pdb,False
P0A915,,missing_pdb,False
P0A937,,missing_pdb,False
P0A951,,missing_pdb,False
P0A962,,missing_pdb,False
P0A991,,missing_pdb,False
P0A9A2,,missing_pdb,False
P0A9D4,,missing_pdb,False
P0A9F1,,missing_pdb,False
P0A9F6,,missing_pdb,False
P0A9G2,,missing_pdb,False
P0A9G4,,missing_pdb,False
P0A9G8,,missing_pdb,False
P0A9H1,,missing_pdb,False
P0A9H5,,missing_pdb,False
P0A9H9,,missing_pdb,False
P0A9J4,,missing_pdb,False
P0A9L3,,missing_pdb,False
P0A9L5,,missing_pdb,False
P0A9U1,,missing_pdb,False
P0A9W0,,missing_pdb,False
P0A9W9,,missing_pdb,False
P0AA41,,missing_pdb,False
P0AA47,,missing_pdb,False
P0AA60,,missing_pdb,False
P0AA84,,missing_pdb,False
P0AA89,,missing_pdb,False
P0AA99,,missing_pdb,False
P0AAD2,,missing_pdb,False
P0AAF1,,missing_pdb,False
P0AAH8,,missing_pdb,False
P0AAN3,,missing_pdb,False
P0AAN5,,missing_pdb,False
P0AAN9,,missing_pdb,False
P0AAQ6,,missing_pdb,False
P0AAS7,,missing_pdb,False
P0AAT2,,missing_pdb,False
P0AAT4,,missing_pdb,False
P0AAT9,,missing_pdb,False
P0AAU2,,missing_pdb,False
P0AAU7,,missing_pdb,False
P0AAV6,,missing_pdb,False
P0AAW1,,missing_pdb,False
P0AAZ4,,missing_pdb,False
P0AB03,,missing_pdb,False
P0AB14,,missing_pdb,False
P0AB20,,missing_pdb,False
P0AB24,,missing_pdb,False
P0AB43,,missing_pdb,False
P0AB52,,missing_pdb,False
P0AB58,,missing_pdb,False
P0AB61,,missing_pdb,False
P0AB65,,missing_pdb,False
P0AB85,,missing_pdb,False
P0AB96,,missing_pdb,False
P0AB98,,missing_pdb,False
P0ABC3,,missing_pdb,False
P0ABE2,,missing_pdb,False
P0ABF6,,missing_pdb,False
P0ABR1,,missing_pdb,False
P0ABS8,,missing_pdb,False
P0ABU9,,missing_pdb,False
P0AC02,,missing_pdb,False
P0AC51,,missing_pdb,False
P0AC62,,missing_pdb,False
P0AC75,,missing_pdb,False
P0AC78,,missing_pdb,False
P0AC92,,missing_pdb,False
P0ACA1,,missing_pdb,False
P0ACA7,,missing_pdb,False
P0ACE3,,missing_pdb,False
P0ACG8,,missing_pdb,False
P0ACI0,,missing_pdb,False
P0ACI3,,missing_pdb,False
P0ACI6,,missing_pdb,False
P0ACK2,,missing_pdb,False
P0ACK5,,missing_pdb,False
P0ACL0,,missing_pdb,False
P0ACL2,,missing_pdb,False
P0ACM2,,missing_pdb,False
P0ACM5,,missing_pdb,False
P0ACM9,,missing_pdb,False
P0ACR9,,missing_pdb,False
P0ACS7,,missing_pdb,False
P0ACS9,,missing_pdb,False
P0ACU0,,missing_pdb,False
P0ACU5,,missing_pdb,False
P0ACU7,,missing_pdb,False
P0ACV4,,missing_pdb,False
P0ACV6,,missing_pdb,False
P0ACW6,,missing_pdb,False
P0ACX3,,missing_pdb,False
P0ACX5,,missing_pdb,False
P0ACY1,,missing_pdb,False
P0ACY9,,missing_pdb,False
P0AD05,,missing_pdb,False
P0AD07,,missing_pdb,False
P0AD10,,missing_pdb,False
P0AD12,,missing_pdb,False
P0AD40,,missing_pdb,False
P0AD44,,missing_pdb,False
P0AD59,,missing_pdb,False
P0ADA1,,missing_pdb,False
P0ADA3,,missing_pdb,False
P0ADA5,,missing_pdb,False
P0ADE6,,missing_pdb,False
P0ADF8,,missing_pdb,False
P0ADI7,,missing_pdb,False
P0ADK6,,missing_pdb,False
P0ADN0,,missing_pdb,False
P0ADN2,,missing_pdb,False
P0ADP0,,missing_pdb,False
P0ADP2,,missing_pdb,False
P0ADP7,,missing_pdb,False
P0ADP9,,missing_pdb,False
P0ADQ2,,missing_pdb,False
P0ADQ7,,missing_pdb,False
P0ADR6,,missing_pdb,False
P0ADS6,,missing_pdb,False
P0ADS9,,missing_pdb,False
P0ADT2,,missing_pdb,False
P0ADU2,,missing_pdb,False
P0ADU5,,missing_pdb,False
P0ADV1,,missing_pdb,False
P0ADW8,,missing_pdb,False
P0ADX5,,missing_pdb,False
P0ADX9,,missing_pdb,False
P0AE01,,missing_pdb,False
P0AE06,,missing_pdb,False
P0AE22,,missing_pdb,False
P0AE28,,missing_pdb,False
P0AE37,,missing_pdb,False
P0AE39,,missing_pdb,False
P0AE45,,missing_pdb,False
P0AE63,,missing_pdb,False
P0AE70,,missing_pdb,False
P0AE82,,missing_pdb,False
P0AE85,,missing_pdb,False
P0AEA2,,missing_pdb,False
P0AEB0,,missing_pdb,False
P0AEB7,,missing_pdb,False
P0AED9,,missing_pdb,False
P0AEE5,,missing_pdb,False
P0AEE8,,missing_pdb,False
P0AEF0,,missing_pdb,False
P0AEG4,,missing_pdb,False
P0AEG6,,missing_pdb,False
P0AEI6,,missing_pdb,False
P0AEJ6,,missing_pdb,False
P0AEK0,,missing_pdb,False
P0AEL6,,missing_pdb,False
P0AEM9,,missing_pdb,False
P0AEQ1,,missing_pdb,False
P0AEQ6,,missing_pdb,False
P0AER8,,missing_pdb,False
P0AES0,,missing_pdb,False
P0AES2,,missing_pdb,False
P0AES9,,missing_pdb,False
P0AET2,,missing_pdb,False
P0AET5,,missing_pdb,False
P0AEV1,,missing_pdb,False
P0AEX5,,missing_pdb,False
P0AEX9,,missing_pdb,False
P0AF03,,missing_pdb,False
P0AF06,,missing_pdb,False
P0AF26,,missing_pdb,False
P0AF36,,missing_pdb,False
P0AF43,,missing_pdb,False
P0AF50,,missing_pdb,False
P0AF59,,missing_pdb,False
P0AF96,,missing_pdb,False
P0AFA2,,missing_pdb,False
P0AFA7,,missing_pdb,False
P0AFB5,,missing_pdb,False
P0AFC0,,missing_pdb,False
P0AFC7,,missing_pdb,False
P0AFD6,,missing_pdb,False
P0AFH0,,missing_pdb,False
P0AFJ1,,missing_pdb,False
P0AFJ7,,missing_pdb,False
P0AFK2,,missing_pdb,False
P0AFK4,,missing_pdb,False
P0AFL3,,missing_pdb,False
P0AFL6,,missing_pdb,False
P0AFM4,,missing_pdb,False
P0AFM9,,missing_pdb,False
P0AFP4,,missing_pdb,False
P0AFQ5,,missing_pdb,False
P0AFU2,,missing_pdb,False
P0AFU8,,missing_pdb,False
P0AFW0,,missing_pdb,False
P0AFX7,,missing_pdb,False
P0AFX9,,missing_pdb,False
P0AFY8,,missing_pdb,False
P0AFZ1,,missing_pdb,False
P0AFZ7,,missing_pdb,False
P0AG00,,missing_pdb,False
P0AG14,,missing_pdb,False
P0AG71,,missing_pdb,False
P0AG80,,missing_pdb,False
P0AG90,,missing_pdb,False
P0AGC3,,missing_pdb,False
P0AGD1,,missing_pdb,False
P0AGE4,,missing_pdb,False
P0AGE6,,missing_pdb,False
P0AGF2,,missing_pdb,False
P0AGH1,,missing_pdb,False
P0AGJ2,,missing_pdb,False
P0AGJ5,,missing_pdb,False
P0AGK8,,missing_pdb,False
P0AGL5,,missing_pdb,False
P0C066,,missing_pdb,False
P0C074,,missing_pdb,False
P0C077,,missing_pdb,False
P0C079,,missing_pdb,False
P0C0K3,,missing_pdb,False
P0C0L0,,missing_pdb,False
P0C0L2,,missing_pdb,False
P0C0L4,,missing_pdb,False
P0C0L7,,missing_pdb,False
P0C0L9,,missing_pdb,False
P0C0S1,,missing_pdb,False
P0C1E6,,missing_pdb,False
P0C1E8,,missing_pdb,False
P0C219,,missing_pdb,False
P0C2C4,,missing_pdb,False
P0C2Z3,,missing_pdb,False
P0C383,,missing_pdb,False
P0C410,,missing_pdb,False
P0C506,,missing_pdb,False
P0C5E3,,missing_pdb,False
P0C5K2,,missing_pdb,False
P0C5K3,,missing_pdb,False
P0C5N3,,missing_pdb,False
P0C6A0,,missing_pdb,False
P0C6L3,,missing_pdb,False
P0C6R4,,missing_pdb,False
P0C7A0,,missing_pdb,False
P0C7A3,,missing_pdb,False
P0C7P1,,missing_pdb,False
P0C7P4,/data/ranran/my_ptm/croton/data/structure_pipeline/pdb/P0C7P4.pdb,exact_sequence_match,True
P0C7T5,,missing_pdb,False
P0C860,,missing_pdb,False
P0C871,,missing_pdb,False
P0C8J6,,missing_pdb,False
P0C8J8,,missing_pdb,False
P0C960,,missing_pdb,False
P0CAP2,,missing_pdb,False
P0CB21,,missing_pdb,False
P0CB39,,missing_pdb,False
P0CB48,,missing_pdb,False
P0CE49,,missing_pdb,False
P0CF24,,missing_pdb,False
P0CF40,,missing_pdb,False
P0CF66,,missing_pdb,False
P0CF75,,missing_pdb,False
P0CF88,,missing_pdb,False
P0CG13,,missing_pdb,False
P0CG22,,missing_pdb,False
P0CG24,,missing_pdb,False
P0CG31,,missing_pdb,False
P0CG68,,missing_pdb,False
P0CH34,,missing_pdb,False
P0CI75,,missing_pdb,False
P0CJ64,,missing_pdb,False
P0CJ81,,missing_pdb,False
P0CK95,,missing_pdb,False
P0CL83,,missing_pdb,False
P0CT04,,missing_pdb,False
P0CT51,,missing_pdb,False
P0CY34,,missing_pdb,False
P0DI81,,missing_pdb,False
P0DKL9,,missing_pdb,False
P0DKS9,,missing_pdb,False
P0DMC5,,missing_pdb,False
P0DME0,,missing_pdb,False
P0DMU7,/data/ranran/my_ptm/croton/data/structure_pipeline/pdb/P0DMU7.pdb,exact_sequence_match,True
P0DN86,,missing_pdb,False
P0DOV2,,missing_pdb,False
P0DPB4,,missing_pdb,False
P0DPB5,,missing_pdb,False
P0DPF3,,missing_pdb,False
P0DPR8,,missing_pdb,False
P10070,,missing_pdb,False
P10074,,missing_pdb,False
P10080,,missing_pdb,False
P10093,,missing_pdb,False
P10100,,missing_pdb,False
P10121,,missing_pdb,False
P10155,/data/ranran/my_ptm/croton/data/structure_pipeline/pdb/P10155.pdb,exact_sequence_match,True
P10174,,missing_pdb,False
P10180,,missing_pdb,False
P10243,,missing_pdb,False
P10247,,missing_pdb,False
P10247-2,,missing_pdb,False
P10252,,missing_pdb,False
P10275-2,,missing_pdb,False
P10300,,missing_pdb,False
P10323,,missing_pdb,False
P10354,,missing_pdb,False
P10356,,missing_pdb,False
P10362,,missing_pdb,False
P10441,,missing_pdb,False
P10475,,missing_pdb,False
P10515,/data/ranran/my_ptm/croton/data/structure_pipeline/pdb/P10515.pdb,exact_sequence_match,True
P10549,,missing_pdb,False
P10589,,missing_pdb,False
P10614,,missing_pdb,False
P10622,,missing_pdb,False
P10636,,missing_pdb,False
P10636-8,,missing_pdb,False
P10646,,missing_pdb,False
P10662,,missing_pdb,False
P10674,,missing_pdb,False
P10727,,missing_pdb,False
P10746,,missing_pdb,False
P10809-2,,missing_pdb,False
P10827,,missing_pdb,False
P10834,,missing_pdb,False
P10862,,missing_pdb,False
P10869,,missing_pdb,False
P10908,,missing_pdb,False
P10909-2,,missing_pdb,False
P10911,,missing_pdb,False
P10914,,missing_pdb,False
P10961,,missing_pdb,False
P11031,,missing_pdb,False
P11047,/data/ranran/my_ptm/croton/data/structure_pipeline/pdb/P11047.pdb,exact_sequence_match,True
P11065,,missing_pdb,False
P11117,/data/ranran/my_ptm/croton/data/structure_pipeline/pdb/P11117.pdb,exact_sequence_match,True
P11150,,missing_pdb,False
P11260,,missing_pdb,False
P11274,,missing_pdb,False
P11279,,missing_pdb,False
P11308,,missing_pdb,False
P11378,,missing_pdb,False
P11413-2,,missing_pdb,False
P11433,,missing_pdb,False
P11454,,missing_pdb,False
P11469,,missing_pdb,False
P11491,,missing_pdb,False
P11532,,missing_pdb,False
P11557,,missing_pdb,False
P11655,,missing_pdb,False
P11661,,missing_pdb,False
P11680,,missing_pdb,False
P11709,,missing_pdb,False
P11717,/data/ranran/my_ptm/croton/data/structure_pipeline/pdb/P11717.pdb,exact_sequence_match,True
P11747,,missing_pdb,False
P11792,,missing_pdb,False
P11914,,missing_pdb,False
P11915,,missing_pdb,False
P11938,,missing_pdb,False
P11950,,missing_pdb,False
P11972,,missing_pdb,False
P11978,,missing_pdb,False
P12040,,missing_pdb,False
P12046,,missing_pdb,False
P12049,,missing_pdb,False
P12111,,missing_pdb,False
P12119,,missing_pdb,False
P12246,,missing_pdb,False
P12295,,missing_pdb,False
P12314,,missing_pdb,False
P12346-2,,missing_pdb,False
P12369,,missing_pdb,False
P12383,,missing_pdb,False
P12524,,missing_pdb,False
P12532-2,,missing_pdb,False
P12611,,missing_pdb,False
P12669,,missing_pdb,False
P12686,,missing_pdb,False
P12687,,missing_pdb,False
P12688,,missing_pdb,False
P12695,,missing_pdb,False
P12754,,missing_pdb,False
P12755,,missing_pdb,False
P12795,,missing_pdb,False
P12813,,missing_pdb,False
P12814-4,,missing_pdb,False
P12868,,missing_pdb,False
P12887,,missing_pdb,False
P12902,,missing_pdb,False
P12904,,missing_pdb,False
P12945,,missing_pdb,False
P12954,,missing_pdb,False
P13001,,missing_pdb,False
P13010,/data/ranran/my_ptm/croton/data/structure_pipeline/pdb/P13010.pdb,exact_sequence_match,True
P13016,,missing_pdb,False
P13024,,missing_pdb,False
P13039,,missing_pdb,False
P13056,,missing_pdb,False
P13185,,missing_pdb,False
P13234,,missing_pdb,False
P13234-2,,missing_pdb,False
P13259,,missing_pdb,False
P13284,/data/ranran/my_ptm/croton/data/structure_pipeline/pdb/P13284.pdb,exact_sequence_match,True
P13298,,missing_pdb,False
P13364,,missing_pdb,False
P13383,,missing_pdb,False
P13433,,missing_pdb,False
P13445,,missing_pdb,False
P13469,,missing_pdb,False
P13482,,missing_pdb,False
P13483,,missing_pdb,False
P13484,,missing_pdb,False
P13485,,missing_pdb,False
P13489,/data/ranran/my_ptm/croton/data/structure_pipeline/pdb/P13489.pdb,exact_sequence_match,True
P13518,,missing_pdb,False
P13574,,missing_pdb,False
P13591,,missing_pdb,False
P13595,,missing_pdb,False
P13611,,missing_pdb,False
P13656,,missing_pdb,False
P13667,/data/ranran/my_ptm/croton/data/structure_pipeline/pdb/P13667.pdb,exact_sequence_match,True
P13682,,missing_pdb,False
P13711,,missing_pdb,False
P13712,,missing_pdb,False
P13796-2,,missing_pdb,False
P13800,,missing_pdb,False
P13902,,missing_pdb,False
P13987,/data/ranran/my_ptm/croton/data/structure_pipeline/pdb/P13987.pdb,exact_sequence_match,True
P13995,/data/ranran/my_ptm/croton/data/structure_pipeline/pdb/P13995.pdb,exact_sequence_match,True
P14016,,missing_pdb,False
P14020,,missing_pdb,False
P14066,,missing_pdb,False
P14081,,missing_pdb,False
P14091,,missing_pdb,False
P14137,,missing_pdb,False
P14164,,missing_pdb,False
P14173,,missing_pdb,False
P14204,,missing_pdb,False
P14205,,missing_pdb,False
P14209,/data/ranran/my_ptm/croton/data/structure_pipeline/pdb/P14209.pdb,exact_sequence_match,True
P14242,,missing_pdb,False
P14306,,missing_pdb,False
P14316,,missing_pdb,False
P14317,/data/ranran/my_ptm/croton/data/structure_pipeline/pdb/P14317.pdb,exact_sequence_match,True
P14317-2,,missing_pdb,False
P14324,/data/ranran/my_ptm/croton/data/structure_pipeline/pdb/P14324.pdb,exact_sequence_match,True
P14377,,missing_pdb,False
P14406,,missing_pdb,False
P14577,,missing_pdb,False
P14602,,missing_pdb,False
P14635,/data/ranran/my_ptm/croton/data/structure_pipeline/pdb/P14635.pdb,exact_sequence_match,True
P14653,,missing_pdb,False
P14678-3,,missing_pdb,False
P14680,,missing_pdb,False
P14682,,missing_pdb,False
P14719,,missing_pdb,False
P14736,,missing_pdb,False
P14742,,missing_pdb,False
P14743,,missing_pdb,False
P14785,,missing_pdb,False
P14802,,missing_pdb,False
P14859,,missing_pdb,False
P14866-2,,missing_pdb,False
P14907,,missing_pdb,False
P14908,,missing_pdb,False
P14922,,missing_pdb,False
P14925,,missing_pdb,False
P14927-2,,missing_pdb,False
P15036,,missing_pdb,False
P15038,,missing_pdb,False
P15056,/data/ranran/my_ptm/croton/data/structure_pipeline/pdb/P15056.pdb,exact_sequence_match,True
P15067,,missing_pdb,False
P15078,,missing_pdb,False
P15151,,missing_pdb,False
P15172,,missing_pdb,False
P15226,,missing_pdb,False
P15248,,missing_pdb,False
P15274,,missing_pdb,False
P15291,,missing_pdb,False
P15315,,missing_pdb,False
P15336,,missing_pdb,False
P15337,,missing_pdb,False
P15424,,missing_pdb,False
P15442,,missing_pdb,False
P15496,,missing_pdb,False
P15514,,missing_pdb,False
P15529-2,,missing_pdb,False
P15531-2,,missing_pdb,False
P15586,,missing_pdb,False
P15619,,missing_pdb,False
P15692,,missing_pdb,False
P15703,,missing_pdb,False
P15735,/data/ranran/my_ptm/croton/data/structure_pipeline/pdb/P15735.pdb,exact_sequence_match,True
P15801,,missing_pdb,False
P15822,,missing_pdb,False
P15822-3,,missing_pdb,False
P15880,/data/ranran/my_ptm/croton/data/structure_pipeline/pdb/P15880.pdb,exact_sequence_match,True
P15882,,missing_pdb,False
P15918,,missing_pdb,False
P15927,/data/ranran/my_ptm/croton/data/structure_pipeline/pdb/P15927.pdb,exact_sequence_match,True
P15927-3,,missing_pdb,False
P15954,,missing_pdb,False
P15975,,missing_pdb,False
P15992,,missing_pdb,False
P16066,,missing_pdb,False
P16070,/data/ranran/my_ptm/croton/data/structure_pipeline/pdb/P16070.pdb,exact_sequence_match,True
P16109,,missing_pdb,False
P16110,,missing_pdb,False
P16144,,missing_pdb,False
P16233,,missing_pdb,False
P16278,/data/ranran/my_ptm/croton/data/structure_pipeline/pdb/P16278.pdb,exact_sequence_match,True
P16284,,missing_pdb,False
P16455,,missing_pdb,False
P16471,,missing_pdb,False
P16520-2,,missing_pdb,False
P16522,,missing_pdb,False
P16525,,missing_pdb,False
P16528,,missing_pdb,False
P16547,,missing_pdb,False
P16550,,missing_pdb,False
P16649,,missing_pdb,False
P16664,,missing_pdb,False
P16676,,missing_pdb,False
P16681,,missing_pdb,False
P16691,,missing_pdb,False
P16692,,missing_pdb,False
P16861,,missing_pdb,False
P16870,,missing_pdb,False
P16919,,missing_pdb,False
P17020,,missing_pdb,False
P17028,,missing_pdb,False
P17065,,missing_pdb,False
P17095,,missing_pdb,False
P17096-3,,missing_pdb,False
P17106,,missing_pdb,False
P17119,,missing_pdb,False
P17121,,missing_pdb,False
P17152,,missing_pdb,False
P17213,,missing_pdb,False
P17255,,missing_pdb,False
P17275,,missing_pdb,False
P17314,,missing_pdb,False
P17315,,missing_pdb,False
P17411,,missing_pdb,False
P17442,,missing_pdb,False
P17481,,missing_pdb,False
P17536,,missing_pdb,False
P17542,,missing_pdb,False
P17542-3,,missing_pdb,False
P17558,,missing_pdb,False
P17559,,missing_pdb,False
P17568,/data/ranran/my_ptm/croton/data/structure_pipeline/pdb/P17568.pdb,exact_sequence_match,True
P17585,,missing_pdb,False
P17622,,missing_pdb,False
P17629,,missing_pdb,False
P17658,,missing_pdb,False
P17676-3,,missing_pdb,False
P17678,,missing_pdb,False
P17707,,missing_pdb,False
P17709,,missing_pdb,False
P17710,,missing_pdb,False
P17735,,missing_pdb,False
P17802,,missing_pdb,False
P17813,,missing_pdb,False
P17844-2,,missing_pdb,False
P17883,,missing_pdb,False
P17890,,missing_pdb,False
P17891,,missing_pdb,False
P17894,,missing_pdb,False
P17904,,missing_pdb,False
P17906,,missing_pdb,False
P17927,,missing_pdb,False
P17952,,missing_pdb,False
P17981,,missing_pdb,False
P18031,/data/ranran/my_ptm/croton/data/structure_pipeline/pdb/P18031.pdb,exact_sequence_match,True
P18052,,missing_pdb,False
P18065,,missing_pdb,False
P18084,,missing_pdb,False
P18088,,missing_pdb,False
P18146,,missing_pdb,False
P18158,,missing_pdb,False
P18195,,missing_pdb,False
P18196,,missing_pdb,False
P18206,/data/ranran/my_ptm/croton/data/structure_pipeline/pdb/P18206.pdb,exact_sequence_match,True
P18206-3,,missing_pdb,False
P18211,,missing_pdb,False
P18289,,missing_pdb,False
P18390,,missing_pdb,False
P18480,,missing_pdb,False
P18496,,missing_pdb,False
P18583-8,,missing_pdb,False
P18615,,missing_pdb,False
P18754-2,,missing_pdb,False
P18775,,missing_pdb,False
P18846,,missing_pdb,False
P18847,,missing_pdb,False
P18848,,missing_pdb,False
P18850,,missing_pdb,False
P18859-2,,missing_pdb,False
P18887,/data/ranran/my_ptm/croton/data/structure_pipeline/pdb/P18887.pdb;/data/ranran/my_ptm/croton/data/structure_pipeline/pdb/AF-P18887-F1-model_v6.pdb,sequence_mismatch,False
P18888,,missing_pdb,False
P18898,,missing_pdb,False
P18899,,missing_pdb,False
P18900,,missing_pdb,False
P18911,,missing_pdb,False
P18956,,missing_pdb,False
P18963,,missing_pdb,False
P19103,,missing_pdb,False
P19109,,missing_pdb,False
P19112,,missing_pdb,False
P19125,,missing_pdb,False
P19246,,missing_pdb,False
P19263,,missing_pdb,False
P19323,,missing_pdb,False
P19436,,missing_pdb,False
P19466,,missing_pdb,False
P19525,/data/ranran/my_ptm/croton/data/structure_pipeline/pdb/P19525.pdb,exact_sequence_match,True
P19532,/data/ranran/my_ptm/croton/data/structure_pipeline/pdb/P19532.pdb,exact_sequence_match,True
P19569,,missing_pdb,False
P19636,,missing_pdb,False
P19659,,missing_pdb,False
P19669,,missing_pdb,False
P19808,,missing_pdb,False
P19812,,missing_pdb,False
P19814,,missing_pdb,False
P19926,,missing_pdb,False
P19934,,missing_pdb,False
P19939,,missing_pdb,False
P19955,,missing_pdb,False
P19969,,missing_pdb,False
P19971,,missing_pdb,False
P20023,,missing_pdb,False
P20037,,missing_pdb,False
P20049,,missing_pdb,False
P20050,,missing_pdb,False
P20053,,missing_pdb,False
P20065,,missing_pdb,False
P20108,,missing_pdb,False
P20134,,missing_pdb,False
P20166,,missing_pdb,False
P20226,/data/ranran/my_ptm/croton/data/structure_pipeline/pdb/P20226.pdb,exact_sequence_match,True
P20290,/data/ranran/my_ptm/croton/data/structure_pipeline/pdb/P20290.pdb,exact_sequence_match,True
P20348,,missing_pdb,False
P20393,,missing_pdb,False
P20424,,missing_pdb,False
P20434,,missing_pdb,False
P20477,,missing_pdb,False
P20480,,missing_pdb,False
P20484,,missing_pdb,False
P20485,,missing_pdb,False
P20486,,missing_pdb,False
P20585,/data/ranran/my_ptm/croton/data/structure_pipeline/pdb/P20585.pdb,exact_sequence_match,True
P20591,,missing_pdb,False
P20605,,missing_pdb,False
P20613,,missing_pdb,False
P20645,/data/ranran/my_ptm/croton/data/structure_pipeline/pdb/P20645.pdb,exact_sequence_match,True
P20674,/data/ranran/my_ptm/croton/data/structure_pipeline/pdb/P20674.pdb,exact_sequence_match,True
P20676,,missing_pdb,False
P20692,,missing_pdb,False
P20795,,missing_pdb,False
P20807-5,,missing_pdb,False
P20810-6,,missing_pdb,False
P20930,,missing_pdb,False
P20933,,missing_pdb,False
P20936,,missing_pdb,False
P20963,,missing_pdb,False
P21127-10,,missing_pdb,False
P21128,,missing_pdb,False
P21147,,missing_pdb,False
P21179,,missing_pdb,False
P21183,,missing_pdb,False
P21213,,missing_pdb,False
P21237,,missing_pdb,False
P21339,,missing_pdb,False
P21340,,missing_pdb,False
P21361,,missing_pdb,False
P21362,,missing_pdb,False
P21363,,missing_pdb,False
P21372,,missing_pdb,False
P21397,,missing_pdb,False
P21418,,missing_pdb,False
P21463,,missing_pdb,False
P21475,,missing_pdb,False
P21514,,missing_pdb,False
P21525,,missing_pdb,False
P21533,,missing_pdb,False
P21538,,missing_pdb,False
P21554,,missing_pdb,False
P21560,,missing_pdb,False
P21579,,missing_pdb,False
P21580,,missing_pdb,False
P21589,,missing_pdb,False
P21657,,missing_pdb,False
P21697,,missing_pdb,False
P21741,,missing_pdb,False
P21771,,missing_pdb,False
P21781,,missing_pdb,False
P21817,,missing_pdb,False
P21825,,missing_pdb,False
P21865,,missing_pdb,False
P21885,,missing_pdb,False
P21957,,missing_pdb,False
P21964,/data/ranran/my_ptm/croton/data/structure_pipeline/pdb/P21964.pdb,exact_sequence_match,True
P21995,,missing_pdb,False
P22023,,missing_pdb,False
P22035,,missing_pdb,False
P22058,,missing_pdb,False
P22059,/data/ranran/my_ptm/croton/data/structure_pipeline/pdb/P22059.pdb,exact_sequence_match,True
P22082,,missing_pdb,False
P22133,,missing_pdb,False
P22134,,missing_pdb,False
P22135,,missing_pdb,False
P22139,,missing_pdb,False
P22146,,missing_pdb,False
P22147,,missing_pdb,False
P22204,,missing_pdb,False
P22216,,missing_pdb,False
P22224,,missing_pdb,False
P22234-2,,missing_pdb,False
P22307-5,,missing_pdb,False
P22354,,missing_pdb,False
P22413,/data/ranran/my_ptm/croton/data/structure_pipeline/pdb/P22413.pdb,exact_sequence_match,True
P22449,,missing_pdb,False
P22459,,missing_pdb,False
P22460,,missing_pdb,False
P22460-2,,missing_pdb,False
P22470,,missing_pdb,False
P22517,,missing_pdb,False
P22523,,missing_pdb,False
P22525,,missing_pdb,False
P22579,,missing_pdb,False
P22634,,missing_pdb,False
P22670,,missing_pdb,False
P22676,,missing_pdb,False
P22694-2,,missing_pdb,False
P22756,,missing_pdb,False
P22804,,missing_pdb,False
P22813,,missing_pdb,False
P22935,,missing_pdb,False
P22936,,missing_pdb,False
P22939,,missing_pdb,False
P22943,,missing_pdb,False
P23025,,missing_pdb,False
P23109,,missing_pdb,False
P23142,/data/ranran/my_ptm/croton/data/structure_pipeline/pdb/P23142.pdb,exact_sequence_match,True
P23180,,missing_pdb,False
P23201,,missing_pdb,False
P23202,,missing_pdb,False
P23219,,missing_pdb,False
P23226,,missing_pdb,False
P23246,/data/ranran/my_ptm/croton/data/structure_pipeline/pdb/P23246.pdb,exact_sequence_match,True
P23255,,missing_pdb,False
P23261,,missing_pdb,False
P23287,,missing_pdb,False
P23291,,missing_pdb,False
P23293,,missing_pdb,False
P23331,,missing_pdb,False
P23352,,missing_pdb,False
P23394,,missing_pdb,False
P23434,,missing_pdb,False
P23441,,missing_pdb,False
P23443,,missing_pdb,False
P23448,,missing_pdb,False
P23452,,missing_pdb,False
P23453,,missing_pdb,False
P23470,,missing_pdb,False
P23477,,missing_pdb,False
P23497,/data/ranran/my_ptm/croton/data/structure_pipeline/pdb/P23497.pdb,exact_sequence_match,True
P23511,/data/ranran/my_ptm/croton/data/structure_pipeline/pdb/P23511.pdb,exact_sequence_match,True
P23522,,missing_pdb,False
P23524,,missing_pdb,False
P23545,,missing_pdb,False
P23582,,missing_pdb,False
P23591,,missing_pdb,False
P23615,,missing_pdb,False
P23642,,missing_pdb,False
P23643,,missing_pdb,False
P23647,,missing_pdb,False
P23670,,missing_pdb,False
P23677,,missing_pdb,False
P23739,,missing_pdb,False
P23743,,missing_pdb,False
P23748,,missing_pdb,False
P23759,,missing_pdb,False
P23763,/data/ranran/my_ptm/croton/data/structure_pipeline/pdb/P23763.pdb,exact_sequence_match,True
P23764,,missing_pdb,False
P23776,,missing_pdb,False
P23837,,missing_pdb,False
P23857,,missing_pdb,False
P23862,,missing_pdb,False
P23865,,missing_pdb,False
P23873,,missing_pdb,False
P23874,,missing_pdb,False
P23886,,missing_pdb,False
P23908,,missing_pdb,False
P23914,,missing_pdb,False
P23970,,missing_pdb,False
P24004,,missing_pdb,False
P24013,,missing_pdb,False
P24031,,missing_pdb,False
P24136,,missing_pdb,False
P24139,,missing_pdb,False
P24141,,missing_pdb,False
P24178,,missing_pdb,False
P24188,,missing_pdb,False
P24211,,missing_pdb,False
P24215,,missing_pdb,False
P24218,,missing_pdb,False
P24228,,missing_pdb,False
P24251,,missing_pdb,False
P24252,,missing_pdb,False
P24279,,missing_pdb,False
P24321,,missing_pdb,False
P24384,,missing_pdb,False
P24452,,missing_pdb,False
P24482,,missing_pdb,False
P24483,,missing_pdb,False
P24554,,missing_pdb,False
P24587,,missing_pdb,False
P24752-2,,missing_pdb,False
P24809,,missing_pdb,False
P24813,,missing_pdb,False
P24821,,missing_pdb,False
P25030,,missing_pdb,False
P25037,,missing_pdb,False
P25038,,missing_pdb,False
P25040,,missing_pdb,False
P25044,,missing_pdb,False
P25045,,missing_pdb,False
P25052,,missing_pdb,False
P25053,,missing_pdb,False
P25085,,missing_pdb,False
P25087,,missing_pdb,False
P25098,/data/ranran/my_ptm/croton/data/structure_pipeline/pdb/P25098.pdb,exact_sequence_match,True
P25101,,missing_pdb,False
P25171,,missing_pdb,False
P25205-2,,missing_pdb,False
P25208,,missing_pdb,False
P25298,,missing_pdb,False
P25299,,missing_pdb,False
P25302,,missing_pdb,False
P25325-2,,missing_pdb,False
P25334,,missing_pdb,False
P25337,,missing_pdb,False
P25339,,missing_pdb,False
P25340,,missing_pdb,False
P25343,,missing_pdb,False
P25344,,missing_pdb,False
P25348,,missing_pdb,False
P25349,,missing_pdb,False
P25353,,missing_pdb,False
P25355,,missing_pdb,False
P25356,,missing_pdb,False
P25357,,missing_pdb,False
P25358,,missing_pdb,False
P25360,,missing_pdb,False
P25365,,missing_pdb,False
P25367,,missing_pdb,False
P25368,,missing_pdb,False
P25369,,missing_pdb,False
P25379,,missing_pdb,False
P25385,,missing_pdb,False
P25386,,missing_pdb,False
P25389,,missing_pdb,False
P25397,,missing_pdb,False
P25440,/data/ranran/my_ptm/croton/data/structure_pipeline/pdb/P25440.pdb,exact_sequence_match,True
P25441,,missing_pdb,False
P25445,,missing_pdb,False
P25490,/data/ranran/my_ptm/croton/data/structure_pipeline/pdb/P25490.pdb,exact_sequence_match,True
P25499,,missing_pdb,False
P25502,,missing_pdb,False
P25524,,missing_pdb,False
P25558,,missing_pdb,False
P25560,,missing_pdb,False
P25567,,missing_pdb,False
P25569,,missing_pdb,False
P25572,,missing_pdb,False
P25573,,missing_pdb,False
P25574,,missing_pdb,False
P25576,,missing_pdb,False
P25588,,missing_pdb,False
P25616,,missing_pdb,False
P25617,,missing_pdb,False
P25618,,missing_pdb,False
P25623,,missing_pdb,False
P25631,,missing_pdb,False
P25642,,missing_pdb,False
P25644,,missing_pdb,False
P25646,,missing_pdb,False
P25655,,missing_pdb,False
P25666,,missing_pdb,False
P25740,,missing_pdb,False
P25746,,missing_pdb,False
P25799,,missing_pdb,False
P25806,,missing_pdb,False
P25811,,missing_pdb,False
P25813,,missing_pdb,False
P25889,,missing_pdb,False
P25894,,missing_pdb,False
P25906,,missing_pdb,False
P25953,,missing_pdb,False
P25972,,missing_pdb,False
P25976,,missing_pdb,False
P26045,,missing_pdb,False
P26219,,missing_pdb,False
P26232,/data/ranran/my_ptm/croton/data/structure_pipeline/pdb/P26232.pdb,exact_sequence_match,True
P26290,,missing_pdb,False
P26293,,missing_pdb,False
P26309,,missing_pdb,False
P26365,,missing_pdb,False
P26368,/data/ranran/my_ptm/croton/data/structure_pipeline/pdb/P26368.pdb,exact_sequence_match,True
P26374,/data/ranran/my_ptm/croton/data/structure_pipeline/pdb/P26374.pdb,exact_sequence_match,True
P26378,,missing_pdb,False
P26380,,missing_pdb,False
P26436,,missing_pdb,False
P26462,,missing_pdb,False
P26466,,missing_pdb,False
P26570,,missing_pdb,False
P26640,/data/ranran/my_ptm/croton/data/structure_pipeline/pdb/P26640.pdb,exact_sequence_match,True
P26641-2,,missing_pdb,False
P26644,,missing_pdb,False
P26651,,missing_pdb,False
P26686,,missing_pdb,False
P26715,,missing_pdb,False
P26725,,missing_pdb,False
P26754,,missing_pdb,False
P26801,,missing_pdb,False
P26902,,missing_pdb,False
P26907,,missing_pdb,False
P27105,/data/ranran/my_ptm/croton/data/structure_pipeline/pdb/P27105.pdb,exact_sequence_match,True
P27125,,missing_pdb,False
P27126,,missing_pdb,False
P27127,,missing_pdb,False
P27181,,missing_pdb,False
P27240,,missing_pdb,False
P27241,,missing_pdb,False
P27242,,missing_pdb,False
P27243,,missing_pdb,False
P27247,,missing_pdb,False
P27278,,missing_pdb,False
P27294,,missing_pdb,False
P27300,,missing_pdb,False
P27305,,missing_pdb,False
P27434,,missing_pdb,False
P27619,,missing_pdb,False
P27623,,missing_pdb,False
P27637,,missing_pdb,False
P27658,,missing_pdb,False
P27671,,missing_pdb,False
P27692,,missing_pdb,False
P27695,/data/ranran/my_ptm/croton/data/structure_pipeline/pdb/P27695.pdb,exact_sequence_match,True
P27704,,missing_pdb,False
P27705,,missing_pdb,False
P27801,,missing_pdb,False
P27816,/data/ranran/my_ptm/croton/data/structure_pipeline/pdb/P27816.pdb,exact_sequence_match,True
P27824-2,,missing_pdb,False
P27824-3,,missing_pdb,False
P27832,,missing_pdb,False
P27836,,missing_pdb,False
P27838,,missing_pdb,False
P27848,,missing_pdb,False
P27864,,missing_pdb,False
P27882,,missing_pdb,False
P27986-4,,missing_pdb,False
P27986-5,,missing_pdb,False
P28000,,missing_pdb,False
P28004,,missing_pdb,False
P28005,,missing_pdb,False
P28078,,missing_pdb,False
P28167,,missing_pdb,False
P28224,,missing_pdb,False
P28246,,missing_pdb,False
P28263,,missing_pdb,False
P28264,,missing_pdb,False
P28272,,missing_pdb,False
P28290,,missing_pdb,False
P28309,,missing_pdb,False
P28320,,missing_pdb,False
P28321,,missing_pdb,False
P28322,,missing_pdb,False
P28324,,missing_pdb,False
P28328,,missing_pdb,False
P28329,,missing_pdb,False
P28335,,missing_pdb,False
P28340,/data/ranran/my_ptm/croton/data/structure_pipeline/pdb/P28340.pdb,exact_sequence_match,True
P28355,,missing_pdb,False
P28356,,missing_pdb,False
P28496,,missing_pdb,False
P28611,,missing_pdb,False
P28618,,missing_pdb,False
P28619,,missing_pdb,False
P28625,,missing_pdb,False
P28630,,missing_pdb,False
P28658,,missing_pdb,False
P28663,,missing_pdb,False
P28667,,missing_pdb,False
P28668,,missing_pdb,False
P28676,,missing_pdb,False
P28702,/data/ranran/my_ptm/croton/data/structure_pipeline/pdb/P28702.pdb,exact_sequence_match,True
P28707,,missing_pdb,False
P28708,,missing_pdb,False
P28715,/data/ranran/my_ptm/croton/data/structure_pipeline/pdb/P28715.pdb,exact_sequence_match,True
P28715-3,,missing_pdb,False
P28743,,missing_pdb,False
P28778,,missing_pdb,False
P28791,,missing_pdb,False
P28799,,missing_pdb,False
P28817,,missing_pdb,False
P28823,,missing_pdb,False
P28870,,missing_pdb,False
P28905,,missing_pdb,False
P29029,,missing_pdb,False
P29033,,missing_pdb,False
P29055,,missing_pdb,False
P29056,,missing_pdb,False
P29066,,missing_pdb,False
P29121,,missing_pdb,False
P29147,,missing_pdb,False
P29208,,missing_pdb,False
P29254,,missing_pdb,False
P29256,,missing_pdb,False
P29273,,missing_pdb,False
P29276,,missing_pdb,False
P29323,,missing_pdb,False
P29350-4,,missing_pdb,False
P29375,,missing_pdb,False
P29410,,missing_pdb,False
P29419,,missing_pdb,False
P29452,,missing_pdb,False
P29465,,missing_pdb,False
P29478,,missing_pdb,False
P29496,,missing_pdb,False
P29536,,missing_pdb,False
P29539,,missing_pdb,False
P29692,/data/ranran/my_ptm/croton/data/structure_pipeline/pdb/P29692.pdb,exact_sequence_match,True
P29728,,missing_pdb,False
P29768,,missing_pdb,False
P29966,/data/ranran/my_ptm/croton/data/structure_pipeline/pdb/P29966.pdb,exact_sequence_match,True
P30044-3,,missing_pdb,False
P30047,/data/ranran/my_ptm/croton/data/structure_pipeline/pdb/P30047.pdb,exact_sequence_match,True
P30050-2,,missing_pdb,False
P30082,,missing_pdb,False
P30085-3,,missing_pdb,False
P30110,,missing_pdb,False
P30126,,missing_pdb,False
P30137,,missing_pdb,False
P30152,,missing_pdb,False
P30176,,missing_pdb,False
P30177,,missing_pdb,False
P30178,,missing_pdb,False
P30304,,missing_pdb,False
P30307,,missing_pdb,False
P30337,,missing_pdb,False
P30405-2,,missing_pdb,False
P30414,/data/ranran/my_ptm/croton/data/structure_pipeline/pdb/P30414.pdb,exact_sequence_match,True
P30519,/data/ranran/my_ptm/croton/data/structure_pipeline/pdb/P30519.pdb,exact_sequence_match,True
P30550,,missing_pdb,False
P30605,,missing_pdb,False
P30619,,missing_pdb,False
P30622,/data/ranran/my_ptm/croton/data/structure_pipeline/pdb/P30622.pdb,exact_sequence_match,True
P30726,,missing_pdb,False
P30749,,missing_pdb,False
P30750,,missing_pdb,False
P30771,,missing_pdb,False
P30855,,missing_pdb,False
P30863,,missing_pdb,False
P30864,,missing_pdb,False
P30871,,missing_pdb,False
P30874,,missing_pdb,False
P30952,,missing_pdb,False
P31032,,missing_pdb,False
P31040-3,,missing_pdb,False
P31060,,missing_pdb,False
P31063,,missing_pdb,False
P31069,,missing_pdb,False
P31109,,missing_pdb,False
P31115,,missing_pdb,False
P31119,,missing_pdb,False
P31130,,missing_pdb,False
P31131,,missing_pdb,False
P31133,,missing_pdb,False
P31153-2,,missing_pdb,False
P31157,,missing_pdb,False
P31181,,missing_pdb,False
P31225,,missing_pdb,False
P31260,,missing_pdb,False
P31266,,missing_pdb,False
P31270,,missing_pdb,False
P31274,,missing_pdb,False
P31314,,missing_pdb,False
P31314-2,,missing_pdb,False
P31376,,missing_pdb,False
P31378,,missing_pdb,False
P31384,,missing_pdb,False
P31385,,missing_pdb,False
P31433,,missing_pdb,False
P31441,,missing_pdb,False
P31450,,missing_pdb,False
P31455,,missing_pdb,False
P31463,,missing_pdb,False
P31470,,missing_pdb,False
P31473,,missing_pdb,False
P31475,,missing_pdb,False
P31572,,missing_pdb,False
P31596,,missing_pdb,False
P31629,,missing_pdb,False
P31678,,missing_pdb,False
P31695,,missing_pdb,False
P31697,,missing_pdb,False
P31721,,missing_pdb,False
P31751,/data/ranran/my_ptm/croton/data/structure_pipeline/pdb/P31751.pdb,exact_sequence_match,True
P31755,,missing_pdb,False
P31801,,missing_pdb,False
P31806,,missing_pdb,False
P31808,,missing_pdb,False
P31828,,missing_pdb,False
P31937,/data/ranran/my_ptm/croton/data/structure_pipeline/pdb/P31937.pdb,exact_sequence_match,True
P31942,,missing_pdb,False
P31949,/data/ranran/my_ptm/croton/data/structure_pipeline/pdb/P31949.pdb,exact_sequence_match,True
P31969,,missing_pdb,False
P31992,,missing_pdb,False
P31995,,missing_pdb,False
P32019,,missing_pdb,False
P32047,,missing_pdb,False
P32067,,missing_pdb,False
P32074,,missing_pdb,False
P32125,,missing_pdb,False
P32135,,missing_pdb,False
P32141,,missing_pdb,False
P32162,,missing_pdb,False
P32177,,missing_pdb,False
P32238,,missing_pdb,False
P32259,,missing_pdb,False
P32264,,missing_pdb,False
P32319,,missing_pdb,False
P32321-2,,missing_pdb,False
P32325,,missing_pdb,False
P32329,,missing_pdb,False
P32330,,missing_pdb,False
P32332,,missing_pdb,False
P32335,,missing_pdb,False
P32336,,missing_pdb,False
P32342,,missing_pdb,False
P32349,,missing_pdb,False
P32351,,missing_pdb,False
P32354,,missing_pdb,False
P32380,,missing_pdb,False
P32387,,missing_pdb,False
P32388,,missing_pdb,False
P32389,,missing_pdb,False
P32393,,missing_pdb,False
P32432,,missing_pdb,False
P32437,,missing_pdb,False
P32445,,missing_pdb,False
P32447,,missing_pdb,False
P32452,,missing_pdb,False
P32458,,missing_pdb,False
P32461,,missing_pdb,False
P32465,,missing_pdb,False
P32474,,missing_pdb,False
P32477,,missing_pdb,False
P32478,,missing_pdb,False
P32479,,missing_pdb,False
P32480,,missing_pdb,False
P32486,,missing_pdb,False
P32487,,missing_pdb,False
P32492,,missing_pdb,False
P32494,,missing_pdb,False
P32497,,missing_pdb,False
P32499,,missing_pdb,False
P32500,,missing_pdb,False
P32504,,missing_pdb,False
P32505,,missing_pdb,False
P32519,,missing_pdb,False
P32521,,missing_pdb,False
P32523,,missing_pdb,False
P32524,,missing_pdb,False
P32528,,missing_pdb,False
P32561,,missing_pdb,False
P32566,,missing_pdb,False
P32569,,missing_pdb,False
P32571,,missing_pdb,False
P32578,,missing_pdb,False
P32580,,missing_pdb,False
P32583,,missing_pdb,False
P32588,,missing_pdb,False
P32597,,missing_pdb,False
P32607,,missing_pdb,False
P32608,,missing_pdb,False
P32618,,missing_pdb,False
P32621,,missing_pdb,False
P32641,,missing_pdb,False
P32644,,missing_pdb,False
P32657,,missing_pdb,False
P32662,,missing_pdb,False
P32677,,missing_pdb,False
P32685,,missing_pdb,False
P32695,,missing_pdb,False
P32726,,missing_pdb,False
P32729,,missing_pdb,False
P32730,,missing_pdb,False
P32732,,missing_pdb,False
P32767,,missing_pdb,False
P32773,,missing_pdb,False
P32774,,missing_pdb,False
P32776,,missing_pdb,False
P32784,,missing_pdb,False
P32785,,missing_pdb,False
P32787,,missing_pdb,False
P32790,,missing_pdb,False
P32794,,missing_pdb,False
P32804,,missing_pdb,False
P32806,,missing_pdb,False
P32831,,missing_pdb,False
P32832,,missing_pdb,False
P32833,,missing_pdb,False
P32839,,missing_pdb,False
P32842,,missing_pdb,False
P32844,,missing_pdb,False
P32849,,missing_pdb,False
P32854,,missing_pdb,False
P32857,,missing_pdb,False
P32860,,missing_pdb,False
P32864,,missing_pdb,False
P32893,,missing_pdb,False
P32896,,missing_pdb,False
P32897,,missing_pdb,False
P32900,,missing_pdb,False
P32901,,missing_pdb,False
P32904,,missing_pdb,False
P32906,,missing_pdb,False
P32912,,missing_pdb,False
P32913,,missing_pdb,False
P32916,,missing_pdb,False
P32917,,missing_pdb,False
P32958,,missing_pdb,False
P32959,,missing_pdb,False
P32960,,missing_pdb,False
P33011,,missing_pdb,False
P33012,,missing_pdb,False
P33030,,missing_pdb,False
P33076,,missing_pdb,False
P33076-2,,missing_pdb,False
P33076-3,,missing_pdb,False
P33201,,missing_pdb,False
P33202,,missing_pdb,False
P33203,,missing_pdb,False
P33218,,missing_pdb,False
P33219,,missing_pdb,False
P33228,,missing_pdb,False
P33241,,missing_pdb,False
P33241-3,,missing_pdb,False
P33301,,missing_pdb,False
P33308,,missing_pdb,False
P33316,/data/ranran/my_ptm/croton/data/structure_pipeline/pdb/P33316.pdb,exact_sequence_match,True
P33332,,missing_pdb,False
P33339,,missing_pdb,False
P33358,,missing_pdb,False
P33362,,missing_pdb,False
P33363,,missing_pdb,False
P33369,,missing_pdb,False
P33371,,missing_pdb,False
P33399,,missing_pdb,False
P33400,,missing_pdb,False
P33417,,missing_pdb,False
P33421,,missing_pdb,False
P33441,,missing_pdb,False
P33595,,missing_pdb,False
P33596,,missing_pdb,False
P33602,,missing_pdb,False
P33650,,missing_pdb,False
P33667,,missing_pdb,False
P33681,,missing_pdb,False
P33690,,missing_pdb,False
P33748,,missing_pdb,False
P33750,,missing_pdb,False
P33753,,missing_pdb,False
P33754,,missing_pdb,False
P33891,,missing_pdb,False
P33897,/data/ranran/my_ptm/croton/data/structure_pipeline/pdb/P33897.pdb,exact_sequence_match,True
P33911,,missing_pdb,False
P33919,,missing_pdb,False
P33940,,missing_pdb,False
P33941,,missing_pdb,False
P33981,,missing_pdb,False
P34078,,missing_pdb,False
P34161,,missing_pdb,False
P34164,,missing_pdb,False
P34167,,missing_pdb,False
P34216,,missing_pdb,False
P34217,,missing_pdb,False
P34218,,missing_pdb,False
P34219,,missing_pdb,False
P34220,,missing_pdb,False
P34221,,missing_pdb,False
P34226,,missing_pdb,False
P34233,,missing_pdb,False
P34241,,missing_pdb,False
P34244,,missing_pdb,False
P34248,,missing_pdb,False
P34252,,missing_pdb,False
P34761,,missing_pdb,False
P34882,,missing_pdb,False
P34909,,missing_pdb,False
P34913,/data/ranran/my_ptm/croton/data/structure_pipeline/pdb/P34913.pdb,exact_sequence_match,True
P34947,,missing_pdb,False
P35030,,missing_pdb,False
P35052,,missing_pdb,False
P35056,,missing_pdb,False
P35137,,missing_pdb,False
P35146,,missing_pdb,False
P35161,,missing_pdb,False
P35177,,missing_pdb,False
P35178,,missing_pdb,False
P35180,,missing_pdb,False
P35182,,missing_pdb,False
P35183,,missing_pdb,False
P35187,,missing_pdb,False
P35189,,missing_pdb,False
P35195,,missing_pdb,False
P35197,,missing_pdb,False
P35202,,missing_pdb,False
P35210,,missing_pdb,False
P35221-3,,missing_pdb,False
P35222,/data/ranran/my_ptm/croton/data/structure_pipeline/pdb/P35222.pdb,exact_sequence_match,True
P35227,,missing_pdb,False
P35228,,missing_pdb,False
P35236,,missing_pdb,False
P35241-3,,missing_pdb,False
P35241-4,,missing_pdb,False
P35250,/data/ranran/my_ptm/croton/data/structure_pipeline/pdb/P35250.pdb,exact_sequence_match,True
P35269,/data/ranran/my_ptm/croton/data/structure_pipeline/pdb/P35269.pdb,exact_sequence_match,True
P35270,/data/ranran/my_ptm/croton/data/structure_pipeline/pdb/P35270.pdb,exact_sequence_match,True
P35348,,missing_pdb,False
P35443,,missing_pdb,False
P35446,,missing_pdb,False
P35520-2,,missing_pdb,False
P35527,/data/ranran/my_ptm/croton/data/structure_pipeline/pdb/P35527.pdb,exact_sequence_match,True
P35548,,missing_pdb,False
P35556,,missing_pdb,False
P35568,,missing_pdb,False
P35576,,missing_pdb,False
P35584,,missing_pdb,False
P35610,/data/ranran/my_ptm/croton/data/structure_pipeline/pdb/P35610.pdb,exact_sequence_match,True
P35611-3,,missing_pdb,False
P35625,,missing_pdb,False
P35637,,missing_pdb,False
P35658-5,,missing_pdb,False
P35663,,missing_pdb,False
P35686,,missing_pdb,False
P35688,,missing_pdb,False
P35718,,missing_pdb,False
P35719,,missing_pdb,False
P35723,,missing_pdb,False
P35724,,missing_pdb,False
P35725,,missing_pdb,False
P35732,,missing_pdb,False
P35790,,missing_pdb,False
P35813,/data/ranran/my_ptm/croton/data/structure_pipeline/pdb/P35813.pdb,exact_sequence_match,True
P35817,,missing_pdb,False
P35819,,missing_pdb,False
P35843,,missing_pdb,False
P35914-2,,missing_pdb,False
P35914-3,,missing_pdb,False
P35918,,missing_pdb,False
P36002,,missing_pdb,False
P36013,,missing_pdb,False
P36016,,missing_pdb,False
P36023,,missing_pdb,False
P36029,,missing_pdb,False
P36034,,missing_pdb,False
P36036,,missing_pdb,False
P36041,,missing_pdb,False
P36051,,missing_pdb,False
P36057,,missing_pdb,False
P36060,,missing_pdb,False
P36064,,missing_pdb,False
P36075,,missing_pdb,False
P36076,,missing_pdb,False
P36081,,missing_pdb,False
P36083,,missing_pdb,False
P36084,,missing_pdb,False
P36088,,missing_pdb,False
P36094,,missing_pdb,False
P36095,,missing_pdb,False
P36097,,missing_pdb,False
P36100,,missing_pdb,False
P36103,,missing_pdb,False
P36106,,missing_pdb,False
P36112,,missing_pdb,False
P36116,,missing_pdb,False
P36118,,missing_pdb,False
P36119,,missing_pdb,False
P36121,,missing_pdb,False
P36124,,missing_pdb,False
P36126,,missing_pdb,False
P36131,,missing_pdb,False
P36132,,missing_pdb,False
P36136,,missing_pdb,False
P36139,,missing_pdb,False
P36141,,missing_pdb,False
P36144,,missing_pdb,False
P36145,,missing_pdb,False
P36146,,missing_pdb,False
P36147,,missing_pdb,False
P36149,,missing_pdb,False
P36152,,missing_pdb,False
P36154,,missing_pdb,False
P36156,,missing_pdb,False
P36158,,missing_pdb,False
P36159,,missing_pdb,False
P36161,,missing_pdb,False
P36163,,missing_pdb,False
P36201,,missing_pdb,False
P36239,,missing_pdb,False
P36383,,missing_pdb,False
P36406,,missing_pdb,False
P36516,,missing_pdb,False
P36520,,missing_pdb,False
P36521,,missing_pdb,False
P36523,,missing_pdb,False
P36525,,missing_pdb,False
P36534,,missing_pdb,False
P36551,,missing_pdb,False
P36555,,missing_pdb,False
P36566,,missing_pdb,False
P36639,,missing_pdb,False
P36649,,missing_pdb,False
P36673,,missing_pdb,False
P36677,,missing_pdb,False
P36871-3,,missing_pdb,False
P36897,/data/ranran/my_ptm/croton/data/structure_pipeline/pdb/P36897.pdb,exact_sequence_match,True
P36915,,missing_pdb,False
P36928,,missing_pdb,False
P36948,,missing_pdb,False
P36956,,missing_pdb,False
P36979,,missing_pdb,False
P37013,,missing_pdb,False
P37019,,missing_pdb,False
P37023,,missing_pdb,False
P37024,,missing_pdb,False
P37059,,missing_pdb,False
P37101,,missing_pdb,False
P37108,/data/ranran/my_ptm/croton/data/structure_pipeline/pdb/P37108.pdb,exact_sequence_match,True
P37147,,missing_pdb,False
P37177,,missing_pdb,False
P37188,,missing_pdb,False
P37195,,missing_pdb,False
P37238,,missing_pdb,False
P37252,,missing_pdb,False
P37253,,missing_pdb,False
P37254,,missing_pdb,False
P37263,,missing_pdb,False
P37268,/data/ranran/my_ptm/croton/data/structure_pipeline/pdb/P37268.pdb,exact_sequence_match,True
P37287,,missing_pdb,False
P37293,,missing_pdb,False
P37298,,missing_pdb,False
P37300,,missing_pdb,False
P37302,,missing_pdb,False
P37303,,missing_pdb,False
P37304,,missing_pdb,False
P37313,,missing_pdb,False
P37327,,missing_pdb,False
P37338,,missing_pdb,False
P37349,,missing_pdb,False
P37353,,missing_pdb,False
P37370,,missing_pdb,False
P37433,,missing_pdb,False
P37494,,missing_pdb,False
P37502,,missing_pdb,False
P37503,,missing_pdb,False
P37524,,missing_pdb,False
P37535,,missing_pdb,False
P37538,,missing_pdb,False
P37540,,missing_pdb,False
P37541,,missing_pdb,False
P37551,,missing_pdb,False
P37558,,missing_pdb,False
P37560,,missing_pdb,False
P37561,,missing_pdb,False
P37564,,missing_pdb,False
P37565,,missing_pdb,False
P37568,,missing_pdb,False
P37570,,missing_pdb,False
P37582,,missing_pdb,False
P37584,,missing_pdb,False
P37590,,missing_pdb,False
P37600,,missing_pdb,False
P37602,,missing_pdb,False
P37610,,missing_pdb,False
P37613,,missing_pdb,False
P37615,,missing_pdb,False
P37619,,missing_pdb,False
P37624,,missing_pdb,False
P37626,,missing_pdb,False
P37629,,missing_pdb,False
P37642,,missing_pdb,False
P37647,,missing_pdb,False
P37648,,missing_pdb,False
P37650,,missing_pdb,False
P37651,,missing_pdb,False
P37671,,missing_pdb,False
P37682,,missing_pdb,False
P37746,,missing_pdb,False
P37749,,missing_pdb,False
P37750,,missing_pdb,False
P37751,,missing_pdb,False
P37758,,missing_pdb,False
P37760,,missing_pdb,False
P37811,,missing_pdb,False
P37814,,missing_pdb,False
P37815,,missing_pdb,False
P37838,,missing_pdb,False
P37872,,missing_pdb,False
P37874,,missing_pdb,False
P37876,,missing_pdb,False
P37889,,missing_pdb,False
P37903,,missing_pdb,False
P38013,,missing_pdb,False
P38049,,missing_pdb,False
P38051,,missing_pdb,False
P38064,,missing_pdb,False
P38066,,missing_pdb,False
P38069,,missing_pdb,False
P38070,,missing_pdb,False
P38072,,missing_pdb,False
P38074,,missing_pdb,False
P38079,,missing_pdb,False
P38080,,missing_pdb,False
P38081,,missing_pdb,False
P38085,,missing_pdb,False
P38097,,missing_pdb,False
P38109,,missing_pdb,False
P38115,,missing_pdb,False
P38120,,missing_pdb,False
P38131,,missing_pdb,False
P38138,,missing_pdb,False
P38144,,missing_pdb,False
P38153,,missing_pdb,False
P38159-3,,missing_pdb,False
P38177,,missing_pdb,False
P38181,,missing_pdb,False
P38196,,missing_pdb,False
P38198,,missing_pdb,False
P38199,,missing_pdb,False
P38200,,missing_pdb,False
P38202,,missing_pdb,False
P38205,,missing_pdb,False
P38207,,missing_pdb,False
P38213,,missing_pdb,False
P38216,,missing_pdb,False
P38221,,missing_pdb,False
P38222,,missing_pdb,False
P38225,,missing_pdb,False
P38227,,missing_pdb,False
P38228,,missing_pdb,False
P38229,,missing_pdb,False
P38231,,missing_pdb,False
P38235,,missing_pdb,False
P38241,,missing_pdb,False
P38242,,missing_pdb,False
P38244,,missing_pdb,False
P38249,,missing_pdb,False
P38250,,missing_pdb,False
P38255,,missing_pdb,False
P38260,,missing_pdb,False
P38261,,missing_pdb,False
P38266,,missing_pdb,False
P38271,,missing_pdb,False
P38272,,missing_pdb,False
P38281,,missing_pdb,False
P38282,,missing_pdb,False
P38283,,missing_pdb,False
P38295,,missing_pdb,False
P38300,,missing_pdb,False
P38302,,missing_pdb,False
P38304,,missing_pdb,False
P38313,,missing_pdb,False
P38314,,missing_pdb,False
P38315,,missing_pdb,False
P38319,,missing_pdb,False
P38323,,missing_pdb,False
P38325,,missing_pdb,False
P38326,,missing_pdb,False
P38328,,missing_pdb,False
P38331,,missing_pdb,False
P38345,,missing_pdb,False
P38349,,missing_pdb,False
P38351,,missing_pdb,False
P38374,,missing_pdb,False
P38382,,missing_pdb,False
P38385,,missing_pdb,False
P38392,,missing_pdb,False
P38398,,missing_pdb,False
P38427,,missing_pdb,False
P38429,,missing_pdb,False
P38432,,missing_pdb,False
P38435,/data/ranran/my_ptm/croton/data/structure_pipeline/pdb/P38435.pdb,exact_sequence_match,True
P38439,,missing_pdb,False
P38506,,missing_pdb,False
P38570,,missing_pdb,False
P38632,,missing_pdb,False
P38634,,missing_pdb,False
P38682,,missing_pdb,False
P38687,,missing_pdb,False
P38688,,missing_pdb,False
P38691,,missing_pdb,False
P38694,,missing_pdb,False
P38698,,missing_pdb,False
P38700,,missing_pdb,False
P38713,,missing_pdb,False
P38732,,missing_pdb,False
P38736,,missing_pdb,False
P38737,,missing_pdb,False
P38744,,missing_pdb,False
P38749,,missing_pdb,False
P38753,,missing_pdb,False
P38756,,missing_pdb,False
P38758,,missing_pdb,False
P38759,,missing_pdb,False
P38760,,missing_pdb,False
P38765,,missing_pdb,False
P38768,,missing_pdb,False
P38771,,missing_pdb,False
P38772,,missing_pdb,False
P38775,,missing_pdb,False
P38777,,missing_pdb,False
P38779,,missing_pdb,False
P38780,,missing_pdb,False
P38783,,missing_pdb,False
P38786,,missing_pdb,False
P38787,,missing_pdb,False
P38789,,missing_pdb,False
P38793,,missing_pdb,False
P38795,,missing_pdb,False
P38796,,missing_pdb,False
P38797,,missing_pdb,False
P38798,,missing_pdb,False
P38801,,missing_pdb,False
P38804,,missing_pdb,False
P38806,,missing_pdb,False
P38809,,missing_pdb,False
P38810,,missing_pdb,False
P38812,,missing_pdb,False
P38818,,missing_pdb,False
P38823,,missing_pdb,False
P38825,,missing_pdb,False
P38826,,missing_pdb,False
P38827,,missing_pdb,False
P38828,,missing_pdb,False
P38829,,missing_pdb,False
P38833,,missing_pdb,False
P38835,,missing_pdb,False
P38836,,missing_pdb,False
P38840,,missing_pdb,False
P38845,,missing_pdb,False
P38850,,missing_pdb,False
P38853,,missing_pdb,False
P38859,,missing_pdb,False
P38863,,missing_pdb,False
P38869,,missing_pdb,False
P38878,,missing_pdb,False
P38882,,missing_pdb,False
P38883,,missing_pdb,False
P38884,,missing_pdb,False
P38890,,missing_pdb,False
P38904,,missing_pdb,False
P38913,,missing_pdb,False
P38920,,missing_pdb,False
P38922,,missing_pdb,False
P38928,,missing_pdb,False
P38930,,missing_pdb,False
P38931,,missing_pdb,False
P38934,,missing_pdb,False
P38935,,missing_pdb,False
P38936,,missing_pdb,False
P38966,,missing_pdb,False
P38970,,missing_pdb,False
P38985,,missing_pdb,False
P38986,,missing_pdb,False
P38990,,missing_pdb,False
P38993,,missing_pdb,False
P38996,,missing_pdb,False
P39001,,missing_pdb,False
P39009,,missing_pdb,False
P39010,,missing_pdb,False
P39014,,missing_pdb,False
P39073,,missing_pdb,False
P39081,,missing_pdb,False
P39101,,missing_pdb,False
P39104,,missing_pdb,False
P39106,,missing_pdb,False
P39126,,missing_pdb,False
P39153,,missing_pdb,False
P39157,,missing_pdb,False
P39173,,missing_pdb,False
P39180,,missing_pdb,False
P39196,,missing_pdb,False
P39211,,missing_pdb,False
P39212,,missing_pdb,False
P39274,,missing_pdb,False
P39280,,missing_pdb,False
P39298,,missing_pdb,False
P39310,,missing_pdb,False
P39315,,missing_pdb,False
P39321,,missing_pdb,False
P39325,,missing_pdb,False
P39353,,missing_pdb,False
P39356,,missing_pdb,False
P39358,,missing_pdb,False
P39364,,missing_pdb,False
P39371,,missing_pdb,False
P39377,,missing_pdb,False
P39401,,missing_pdb,False
P39407,,missing_pdb,False
P39408,,missing_pdb,False
P39411,,missing_pdb,False
P39520,,missing_pdb,False
P39521,,missing_pdb,False
P39523,,missing_pdb,False
P39529,,missing_pdb,False
P39531,,missing_pdb,False
P39538,,missing_pdb,False
P39542,,missing_pdb,False
P39543,,missing_pdb,False
P39580,,missing_pdb,False
P39620,,missing_pdb,False
P39639,,missing_pdb,False
P39645,,missing_pdb,False
P39647,,missing_pdb,False
P39651,,missing_pdb,False
P39667,,missing_pdb,False
P39676,,missing_pdb,False
P39677,,missing_pdb,False
P39678,,missing_pdb,False
P39682,,missing_pdb,False
P39685,,missing_pdb,False
P39705,,missing_pdb,False
P39715,,missing_pdb,False
P39719,,missing_pdb,False
P39722,,missing_pdb,False
P39723,,missing_pdb,False
P39725,,missing_pdb,False
P39726,,missing_pdb,False
P39742,,missing_pdb,False
P39743,,missing_pdb,False
P39744,,missing_pdb,False
P39759,,missing_pdb,False
P39762,,missing_pdb,False
P39769,,missing_pdb,False
P39779,,missing_pdb,False
P39804,,missing_pdb,False
P39807,,missing_pdb,False
P39808,,missing_pdb,False
P39830,,missing_pdb,False
P39835,,missing_pdb,False
P39838,,missing_pdb,False
P39840,,missing_pdb,False
P39841,,missing_pdb,False
P39845,,missing_pdb,False
P39875,,missing_pdb,False
P39914,,missing_pdb,False
P39927,,missing_pdb,False
P39931,,missing_pdb,False
P39935,,missing_pdb,False
P39952,,missing_pdb,False
P39955,,missing_pdb,False
P39960,,missing_pdb,False
P39969,,missing_pdb,False
P39970,,missing_pdb,False
P39979,,missing_pdb,False
P39993,,missing_pdb,False
P39995,,missing_pdb,False
P39998,,missing_pdb,False
P40002,,missing_pdb,False
P40005,,missing_pdb,False
P40006,,missing_pdb,False
P40008,,missing_pdb,False
P40010,,missing_pdb,False
P40012,,missing_pdb,False
P40013,,missing_pdb,False
P40016,,missing_pdb,False
P40017,,missing_pdb,False
P40018,,missing_pdb,False
P40021,,missing_pdb,False
P40022,,missing_pdb,False
P40025,,missing_pdb,False
P40029,,missing_pdb,False
P40038,,missing_pdb,False
P40040,,missing_pdb,False
P40043,,missing_pdb,False
P40045,,missing_pdb,False
P40046,,missing_pdb,False
P40050,,missing_pdb,False
P40051,,missing_pdb,False
P40052,,missing_pdb,False
P40053,,missing_pdb,False
P40055,,missing_pdb,False
P40056,,missing_pdb,False
P40059,,missing_pdb,False
P40065,,missing_pdb,False
P40069,,missing_pdb,False
P40070,,missing_pdb,False
P40073,,missing_pdb,False
P40075,,missing_pdb,False
P40078,,missing_pdb,False
P40079,,missing_pdb,False
P40084,,missing_pdb,False
P40088,,missing_pdb,False
P40094,,missing_pdb,False
P40096,,missing_pdb,False
P40106,,missing_pdb,False
P40151,,missing_pdb,False
P40152,,missing_pdb,False
P40154,,missing_pdb,False
P40159,,missing_pdb,False
P40160,,missing_pdb,False
P40161,,missing_pdb,False
P40164,,missing_pdb,False
P40167,,missing_pdb,False
P40189,,missing_pdb,False
P40191,,missing_pdb,False
P40195,,missing_pdb,False
P40206,,missing_pdb,False
P40208,,missing_pdb,False
P40214,,missing_pdb,False
P40308,,missing_pdb,False
P40316,,missing_pdb,False
P40317,,missing_pdb,False
P40318,,missing_pdb,False
P40329,,missing_pdb,False
P40335,,missing_pdb,False
P40340,,missing_pdb,False
P40347,,missing_pdb,False
P40350,,missing_pdb,False
P40357,,missing_pdb,False
P40358,,missing_pdb,False
P40360,,missing_pdb,False
P40362,,missing_pdb,False
P40368,,missing_pdb,False
P40395,,missing_pdb,False
P40407,,missing_pdb,False
P40422,,missing_pdb,False
P40433,,missing_pdb,False
P40457,,missing_pdb,False
P40460,,missing_pdb,False
P40462,,missing_pdb,False
P40466,,missing_pdb,False
P40469,,missing_pdb,False
P40471,,missing_pdb,False
P40477,,missing_pdb,False
P40480,,missing_pdb,False
P40483,,missing_pdb,False
P40484,,missing_pdb,False
P40485,,missing_pdb,False
P40489,,missing_pdb,False
P40491,,missing_pdb,False
P40493,,missing_pdb,False
P40496,,missing_pdb,False
P40498,,missing_pdb,False
P40499,,missing_pdb,False
P40504,,missing_pdb,False
P40505,,missing_pdb,False
P40509,,missing_pdb,False
P40513,,missing_pdb,False
P40515,,missing_pdb,False
P40517,,missing_pdb,False
P40518,,missing_pdb,False
P40522,,missing_pdb,False
P40527,,missing_pdb,False
P40529,,missing_pdb,False
P40531,,missing_pdb,False
P40533,,missing_pdb,False
P40535,,missing_pdb,False
P40537,,missing_pdb,False
P40540,,missing_pdb,False
P40541,,missing_pdb,False
P40546,,missing_pdb,False
P40548,,missing_pdb,False
P40549,,missing_pdb,False
P40553,,missing_pdb,False
P40554,,missing_pdb,False
P40557,,missing_pdb,False
P40559,,missing_pdb,False
P40561,,missing_pdb,False
P40562,,missing_pdb,False
P40563,,missing_pdb,False
P40576,,missing_pdb,False
P40580,,missing_pdb,False
P40613,,missing_pdb,False
P40645,,missing_pdb,False
P40693,,missing_pdb,False
P40702,,missing_pdb,False
P40737,,missing_pdb,False
P40746,,missing_pdb,False
P40749,,missing_pdb,False
P40763,/data/ranran/my_ptm/croton/data/structure_pipeline/pdb/P40763.pdb,exact_sequence_match,True
P40779,,missing_pdb,False
P40780,,missing_pdb,False
P40796,,missing_pdb,False
P40802,,missing_pdb,False
P40813,,missing_pdb,False
P40815,,missing_pdb,False
P40818,/data/ranran/my_ptm/croton/data/structure_pipeline/pdb/P40818.pdb,exact_sequence_match,True
P40822,,missing_pdb,False
P40850,,missing_pdb,False
P40855,,missing_pdb,False
P40856,,missing_pdb,False
P40869,,missing_pdb,False
P40872,,missing_pdb,False
P40893,,missing_pdb,False
P40925-2,,missing_pdb,False
P40925-3,,missing_pdb,False
P40939,/data/ranran/my_ptm/croton/data/structure_pipeline/pdb/P40939.pdb,exact_sequence_match,True
P40950,,missing_pdb,False
P40956,,missing_pdb,False
P40957,,missing_pdb,False
P40959,,missing_pdb,False
P40962,,missing_pdb,False
P40968,,missing_pdb,False
P40986,,missing_pdb,False
P40987,,missing_pdb,False
P40990,,missing_pdb,False
P40993,,missing_pdb,False
P41002,,missing_pdb,False
P41034,,missing_pdb,False
P41073,,missing_pdb,False
P41134,,missing_pdb,False
P41142,,missing_pdb,False
P41180,,missing_pdb,False
P41182,,missing_pdb,False
P41205,,missing_pdb,False
P41214,,missing_pdb,False
P41214-2,,missing_pdb,False
P41350,,missing_pdb,False
P41539,,missing_pdb,False
P41546,,missing_pdb,False
P41594,,missing_pdb,False
P41696,,missing_pdb,False
P41697,,missing_pdb,False
P41735,,missing_pdb,False
P41738,,missing_pdb,False
P41739,,missing_pdb,False
P41777,,missing_pdb,False
P41800,,missing_pdb,False
P41807,,missing_pdb,False
P41810,,missing_pdb,False
P41812,,missing_pdb,False
P41813,,missing_pdb,False
P41814,,missing_pdb,False
P41818,,missing_pdb,False
P41832,,missing_pdb,False
P41835,,missing_pdb,False
P41895,,missing_pdb,False
P41896,,missing_pdb,False
P41900,,missing_pdb,False
P41903,,missing_pdb,False
P41913,,missing_pdb,False
P41929,,missing_pdb,False
P42073,,missing_pdb,False
P42081,,missing_pdb,False
P42085,,missing_pdb,False
P42101,,missing_pdb,False
P42103,,missing_pdb,False
P42113,,missing_pdb,False
P42124,,missing_pdb,False
P42126,/data/ranran/my_ptm/croton/data/structure_pipeline/pdb/P42126.pdb,exact_sequence_match,True
P42166,/data/ranran/my_ptm/croton/data/structure_pipeline/pdb/P42166.pdb,exact_sequence_match,True
P42167,,missing_pdb,False
P42178,,missing_pdb,False
P42226,,missing_pdb,False
P42250,,missing_pdb,False
P42251,,missing_pdb,False
P42253,,missing_pdb,False
P42294,,missing_pdb,False
P42295,,missing_pdb,False
P42296,,missing_pdb,False
P42297,,missing_pdb,False
P42298,,missing_pdb,False
P42320,,missing_pdb,False
P42345,/data/ranran/my_ptm/croton/data/structure_pipeline/pdb/P42345.pdb,exact_sequence_match,True
P42352,,missing_pdb,False
P42406,,missing_pdb,False
P42409,,missing_pdb,False
P42411,,missing_pdb,False
P42436,,missing_pdb,False
P42442,,missing_pdb,False
P42575,,missing_pdb,False
P42589,,missing_pdb,False
P42597,,missing_pdb,False
P42604,,missing_pdb,False
P42616,,missing_pdb,False
P42624,,missing_pdb,False
P42658,,missing_pdb,False
P42684,/data/ranran/my_ptm/croton/data/structure_pipeline/pdb/P42684.pdb,exact_sequence_match,True
P42694,,missing_pdb,False
P42702,,missing_pdb,False
P42704,/data/ranran/my_ptm/croton/data/structure_pipeline/pdb/P42704.pdb,exact_sequence_match,True
P42763,,missing_pdb,False
P42786,,missing_pdb,False
P42834,,missing_pdb,False
P42838,,missing_pdb,False
P42839,,missing_pdb,False
P42846,,missing_pdb,False
P42847,,missing_pdb,False
P42858,,missing_pdb,False
P42909,,missing_pdb,False
P42941,,missing_pdb,False
P42944,,missing_pdb,False
P42945,,missing_pdb,False
P42949,,missing_pdb,False
P42954,,missing_pdb,False
P42955,,missing_pdb,False
P42956,,missing_pdb,False
P42963,,missing_pdb,False
P42971,,missing_pdb,False
P42972,,missing_pdb,False
P42977,,missing_pdb,False
P42980,,missing_pdb,False
P42982,,missing_pdb,False
P43020,,missing_pdb,False
P43027,,missing_pdb,False
P43073,,missing_pdb,False
P43120,,missing_pdb,False
P43121-2,,missing_pdb,False
P43243-2,,missing_pdb,False
P43301,,missing_pdb,False
P43307,,missing_pdb,False
P43308,,missing_pdb,False
P43329,,missing_pdb,False
P43340,,missing_pdb,False
P43341,,missing_pdb,False
P43352,,missing_pdb,False
P43364,,missing_pdb,False
P43405,,missing_pdb,False
P43432,,missing_pdb,False
P43490,/data/ranran/my_ptm/croton/data/structure_pipeline/pdb/P43490.pdb,exact_sequence_match,True
P43531,,missing_pdb,False
P43547,,missing_pdb,False
P43555,,missing_pdb,False
P43556,,missing_pdb,False
P43569,,missing_pdb,False
P43570,,missing_pdb,False
P43573,,missing_pdb,False
P43577,,missing_pdb,False
P43579,,missing_pdb,False
P43582,,missing_pdb,False
P43586,,missing_pdb,False
P43589,,missing_pdb,False
P43594,,missing_pdb,False
P43596,,missing_pdb,False
P43597,,missing_pdb,False
P43598,,missing_pdb,False
P43601,,missing_pdb,False
P43605,,missing_pdb,False
P43633,,missing_pdb,False
P43638,,missing_pdb,False
P43639,,missing_pdb,False
P43671,,missing_pdb,False
P43682,,missing_pdb,False
P43694,,missing_pdb,False
P43884,,missing_pdb,False
P43897-2,,missing_pdb,False
P45451,,missing_pdb,False
P45469,,missing_pdb,False
P45523,,missing_pdb,False
P45524,,missing_pdb,False
P45530,,missing_pdb,False
P45537,,missing_pdb,False
P45544,,missing_pdb,False
P45565,,missing_pdb,False
P45573,,missing_pdb,False
P45577,,missing_pdb,False
P45579,,missing_pdb,False
P45693,,missing_pdb,False
P45744,,missing_pdb,False
P45748,,missing_pdb,False
P45799,,missing_pdb,False
P45807,,missing_pdb,False
P45816,,missing_pdb,False
P45818,,missing_pdb,False
P45870,,missing_pdb,False
P45904,,missing_pdb,False
P45913,,missing_pdb,False
P45919,,missing_pdb,False
P45921,,missing_pdb,False
P45941,,missing_pdb,False
P45955,,missing_pdb,False
P45976,,missing_pdb,False
P45978,,missing_pdb,False
P45985-2,,missing_pdb,False
P46013,,missing_pdb,False
P46061,,missing_pdb,False
P46063,/data/ranran/my_ptm/croton/data/structure_pipeline/pdb/P46063.pdb,exact_sequence_match,True
P46092,,missing_pdb,False
P46098,,missing_pdb,False
P46100,/data/ranran/my_ptm/croton/data/structure_pipeline/pdb/P46100.pdb;/data/ranran/my_ptm/croton/data/structure_pipeline/pdb/AF-P46100-F1-model_v6.pdb,sequence_mismatch,False
P46100-6,,missing_pdb,False
P46108,/data/ranran/my_ptm/croton/data/structure_pipeline/pdb/P46108.pdb,exact_sequence_match,True
P46125,,missing_pdb,False
P46139,,missing_pdb,False
P46144,,missing_pdb,False
P46199,/data/ranran/my_ptm/croton/data/structure_pipeline/pdb/P46199.pdb,exact_sequence_match,True
P46326,,missing_pdb,False
P46327,,missing_pdb,False
P46337,,missing_pdb,False
P46338,,missing_pdb,False
P46344,,missing_pdb,False
P46347,,missing_pdb,False
P46379,/data/ranran/my_ptm/croton/data/structure_pipeline/pdb/P46379.pdb,exact_sequence_match,True
P46395,,missing_pdb,False
P46468,,missing_pdb,False
P46520,,missing_pdb,False
P46527,,missing_pdb,False
P46531,,missing_pdb,False
P46669,,missing_pdb,False
P46670,,missing_pdb,False
P46671,,missing_pdb,False
P46674,,missing_pdb,False
P46676,,missing_pdb,False
P46678,,missing_pdb,False
P46682,,missing_pdb,False
P46683,,missing_pdb,False
P46686,,missing_pdb,False
P46773,,missing_pdb,False
P46854,,missing_pdb,False
P46887,,missing_pdb,False
P46889,,missing_pdb,False
P46913,,missing_pdb,False
P46918,,missing_pdb,False
P46920,,missing_pdb,False
P46926-2,,missing_pdb,False
P46934,/data/ranran/my_ptm/croton/data/structure_pipeline/pdb/P46934.pdb,exact_sequence_match,True
P46937,/data/ranran/my_ptm/croton/data/structure_pipeline/pdb/P46937.pdb,exact_sequence_match,True
P46946,,missing_pdb,False
P46947,,missing_pdb,False
P46949,,missing_pdb,False
P46953,,missing_pdb,False
P46956,,missing_pdb,False
P46974,,missing_pdb,False
P46984,,missing_pdb,False
P46985,,missing_pdb,False
P46988,,missing_pdb,False
P46989,,missing_pdb,False
P47001,,missing_pdb,False
P47008,,missing_pdb,False
P47011,,missing_pdb,False
P47017,,missing_pdb,False
P47018,,missing_pdb,False
P47019,,missing_pdb,False
P47023,,missing_pdb,False
P47029,,missing_pdb,False
P47031,,missing_pdb,False
P47035,,missing_pdb,False
P47037,,missing_pdb,False
P47043,,missing_pdb,False
P47048,,missing_pdb,False
P47050,,missing_pdb,False
P47051,,missing_pdb,False
P47054,,missing_pdb,False
P47061,,missing_pdb,False
P47064,,missing_pdb,False
P47068,,missing_pdb,False
P47069,,missing_pdb,False
P47074,,missing_pdb,False
P47079,,missing_pdb,False
P47082,,missing_pdb,False
P47083,,missing_pdb,False
P47084,,missing_pdb,False
P47103,,missing_pdb,False
P47104,,missing_pdb,False
P47108,,missing_pdb,False
P47110,,missing_pdb,False
P47113,,missing_pdb,False
P47116,,missing_pdb,False
P47117,,missing_pdb,False
P47124,,missing_pdb,False
P47125,,missing_pdb,False
P47127,,missing_pdb,False
P47128,,missing_pdb,False
P47133,,missing_pdb,False
P47134,,missing_pdb,False
P47135,,missing_pdb,False
P47136,,missing_pdb,False
P47148,,missing_pdb,False
P47158,,missing_pdb,False
P47166,,missing_pdb,False
P47199,,missing_pdb,False
P47226,,missing_pdb,False
P47245,,missing_pdb,False
P47712,/data/ranran/my_ptm/croton/data/structure_pipeline/pdb/P47712.pdb,exact_sequence_match,True
P47755-2,,missing_pdb,False
P47802,,missing_pdb,False
P47806,,missing_pdb,False
P47825,,missing_pdb,False
P47863,,missing_pdb,False
P47879,,missing_pdb,False
P47915,,missing_pdb,False
P47936,,missing_pdb,False
P48029,,missing_pdb,False
P48048,,missing_pdb,False
P48059-3,,missing_pdb,False
P48061,,missing_pdb,False
P48067,,missing_pdb,False
P48167,,missing_pdb,False
P48236,,missing_pdb,False
P48240,,missing_pdb,False
P48284,,missing_pdb,False
P48298,,missing_pdb,False
P48301,,missing_pdb,False
P48353,,missing_pdb,False
P48361,,missing_pdb,False
P48362,,missing_pdb,False
P48412,,missing_pdb,False
P48415,,missing_pdb,False
P48436,,missing_pdb,False
P48439,,missing_pdb,False
P48444-2,,missing_pdb,False
P48509,/data/ranran/my_ptm/croton/data/structure_pipeline/pdb/P48509.pdb,exact_sequence_match,True
P48524,,missing_pdb,False
P48525,,missing_pdb,False
P48549,,missing_pdb,False
P48551,,missing_pdb,False
P48553,/data/ranran/my_ptm/croton/data/structure_pipeline/pdb/P48553.pdb,exact_sequence_match,True
P48561,,missing_pdb,False
P48563,,missing_pdb,False
P48566,,missing_pdb,False
P48569,,missing_pdb,False
P48582,,missing_pdb,False
P48634-4,,missing_pdb,False
P48651,/data/ranran/my_ptm/croton/data/structure_pipeline/pdb/P48651.pdb,exact_sequence_match,True
P48678,,missing_pdb,False
P48723,/data/ranran/my_ptm/croton/data/structure_pipeline/pdb/P48723.pdb,exact_sequence_match,True
P48736,,missing_pdb,False
P48743,,missing_pdb,False
P48760,,missing_pdb,False
P48764,,missing_pdb,False
P48813,,missing_pdb,False
P48837,,missing_pdb,False
P48862,,missing_pdb,False
P48949,,missing_pdb,False
P48959,,missing_pdb,False
P48960,/data/ranran/my_ptm/croton/data/structure_pipeline/pdb/P48960.pdb,exact_sequence_match,True
P48990,,missing_pdb,False
P48998,,missing_pdb,False
P49023,/data/ranran/my_ptm/croton/data/structure_pipeline/pdb/P49023.pdb,exact_sequence_match,True
P49069,,missing_pdb,False
P49137,,missing_pdb,False
P49182,,missing_pdb,False
P49184,,missing_pdb,False
P49187,,missing_pdb,False
P49247,/data/ranran/my_ptm/croton/data/structure_pipeline/pdb/P49247.pdb,exact_sequence_match,True
P49321,/data/ranran/my_ptm/croton/data/structure_pipeline/pdb/P49321.pdb,exact_sequence_match,True
P49334,,missing_pdb,False
P49354,,missing_pdb,False
P49418,/data/ranran/my_ptm/croton/data/structure_pipeline/pdb/P49418.pdb,exact_sequence_match,True
P49454,,missing_pdb,False
P49573,,missing_pdb,False
P49641,/data/ranran/my_ptm/croton/data/structure_pipeline/pdb/P49641.pdb,exact_sequence_match,True
P49642,/data/ranran/my_ptm/croton/data/structure_pipeline/pdb/P49642.pdb,exact_sequence_match,True
P49643,/data/ranran/my_ptm/croton/data/structure_pipeline/pdb/P49643.pdb,exact_sequence_match,True
P49665,,missing_pdb,False
P49675,,missing_pdb,False
P49687,,missing_pdb,False
P49715-3,,missing_pdb,False
P49715-4,,missing_pdb,False
P49748-3,,missing_pdb,False
P49750,/data/ranran/my_ptm/croton/data/structure_pipeline/pdb/P49750.pdb,exact_sequence_match,True
P49753,/data/ranran/my_ptm/croton/data/structure_pipeline/pdb/P49753.pdb,exact_sequence_match,True
P49754,/data/ranran/my_ptm/croton/data/structure_pipeline/pdb/P49754.pdb,exact_sequence_match,True
P49756,/data/ranran/my_ptm/croton/data/structure_pipeline/pdb/P49756.pdb,exact_sequence_match,True
P49757,,missing_pdb,False
P49761,,missing_pdb,False
P49768,,missing_pdb,False
P49775,,missing_pdb,False
P49786,,missing_pdb,False
P49790-3,,missing_pdb,False
P49792,,missing_pdb,False
P49796,,missing_pdb,False
P49796-7,,missing_pdb,False
P49802,,missing_pdb,False
P49848-3,,missing_pdb,False
P49851,,missing_pdb,False
P49854,,missing_pdb,False
P49866,,missing_pdb,False
P49914,/data/ranran/my_ptm/croton/data/structure_pipeline/pdb/P49914.pdb,exact_sequence_match,True
P49917,,missing_pdb,False
P49918,,missing_pdb,False
P49957,,missing_pdb,False
P49959,/data/ranran/my_ptm/croton/data/structure_pipeline/pdb/P49959.pdb,exact_sequence_match,True
P49960,,missing_pdb,False
P50052,,missing_pdb,False
P50053,,missing_pdb,False
P50087,,missing_pdb,False
P50089,,missing_pdb,False
P50101,,missing_pdb,False
P50105,,missing_pdb,False
P50106,,missing_pdb,False
P50108,,missing_pdb,False
P50109,,missing_pdb,False
P50172,,missing_pdb,False
P50219,,missing_pdb,False
P50237,,missing_pdb,False
P50238,,missing_pdb,False
P50263,,missing_pdb,False
P50284,,missing_pdb,False
P50402,/data/ranran/my_ptm/croton/data/structure_pipeline/pdb/P50402.pdb,exact_sequence_match,True
P50440,,missing_pdb,False
P50454,/data/ranran/my_ptm/croton/data/structure_pipeline/pdb/P50454.pdb,exact_sequence_match,True
P50465,,missing_pdb,False
P50535,,missing_pdb,False
P50539,,missing_pdb,False
P50583,,missing_pdb,False
P50636,,missing_pdb,False
P50637,,missing_pdb,False
P50727,,missing_pdb,False
P50733,,missing_pdb,False
P50736,,missing_pdb,False
P50748,/data/ranran/my_ptm/croton/data/structure_pipeline/pdb/P50748.pdb,exact_sequence_match,True
P50750-2,,missing_pdb,False
P50752,,missing_pdb,False
P50833,,missing_pdb,False
P50843,,missing_pdb,False
P50861,,missing_pdb,False
P50873,,missing_pdb,False
P50874,,missing_pdb,False
P50875,,missing_pdb,False
P50887,,missing_pdb,False
P50896,,missing_pdb,False
P50942,,missing_pdb,False
P50947,,missing_pdb,False
P50995,/data/ranran/my_ptm/croton/data/structure_pipeline/pdb/P50995.pdb,exact_sequence_match,True
P51023,,missing_pdb,False
P51067,,missing_pdb,False
P51156,,missing_pdb,False
P51157,,missing_pdb,False
P51161,,missing_pdb,False
P51397,,missing_pdb,False
P51452,/data/ranran/my_ptm/croton/data/structure_pipeline/pdb/P51452.pdb,exact_sequence_match,True
P51514,,missing_pdb,False
P51522,,missing_pdb,False
P51534,,missing_pdb,False
P51571,,missing_pdb,False
P51572,/data/ranran/my_ptm/croton/data/structure_pipeline/pdb/P51572.pdb,exact_sequence_match,True
P51572-2,,missing_pdb,False
P51575,,missing_pdb,False
P51587,,missing_pdb,False
P51593,,missing_pdb,False
P51606,,missing_pdb,False
P51608-2,,missing_pdb,False
P51610-3,,missing_pdb,False
P51617,,missing_pdb,False
P51659-2,,missing_pdb,False
P51688,,missing_pdb,False
P51790,,missing_pdb,False
P51798,,missing_pdb,False
P51813,,missing_pdb,False
P51816,,missing_pdb,False
P51842,,missing_pdb,False
P51858,,missing_pdb,False
P51862,,missing_pdb,False
P51868,,missing_pdb,False
P51888,,missing_pdb,False
P51948,,missing_pdb,False
P51955,,missing_pdb,False
P51957,,missing_pdb,False
P51998,,missing_pdb,False
P52019,,missing_pdb,False
P52060,,missing_pdb,False
P52096,,missing_pdb,False
P52101,,missing_pdb,False
P52102,,missing_pdb,False
P52106,,missing_pdb,False
P52129,,missing_pdb,False
P52306,,missing_pdb,False
P52429,,missing_pdb,False
P52483,,missing_pdb,False
P52553,,missing_pdb,False
P52565,/data/ranran/my_ptm/croton/data/structure_pipeline/pdb/P52565.pdb,exact_sequence_match,True
P52565-2,,missing_pdb,False
P52569,,missing_pdb,False
P52590,,missing_pdb,False
P52593,,missing_pdb,False
P52594,/data/ranran/my_ptm/croton/data/structure_pipeline/pdb/P52594.pdb,exact_sequence_match,True
P52630,,missing_pdb,False
P52697,,missing_pdb,False
P52701-2,,missing_pdb,False
P52701-4,,missing_pdb,False
P52735,/data/ranran/my_ptm/croton/data/structure_pipeline/pdb/P52735.pdb,exact_sequence_match,True
P52739,,missing_pdb,False
P52741,,missing_pdb,False
P52744,,missing_pdb,False
P52746,,missing_pdb,False
P52747,,missing_pdb,False
P52758,,missing_pdb,False
P52849,,missing_pdb,False
P52888-2,,missing_pdb,False
P52893,,missing_pdb,False
P52895-2,,missing_pdb,False
P52918,,missing_pdb,False
P52926,,missing_pdb,False
P52943-2,,missing_pdb,False
P52960,,missing_pdb,False
P52981,,missing_pdb,False
P53004,/data/ranran/my_ptm/croton/data/structure_pipeline/pdb/P53004.pdb,exact_sequence_match,True
P53009,,missing_pdb,False
P53011,,missing_pdb,False
P53035,,missing_pdb,False
P53036,,missing_pdb,False
P53049,,missing_pdb,False
P53063,,missing_pdb,False
P53064,,missing_pdb,False
P53067,,missing_pdb,False
P53072,,missing_pdb,False
P53073,,missing_pdb,False
P53075,,missing_pdb,False
P53081,,missing_pdb,False
P53086,,missing_pdb,False
P53091,,missing_pdb,False
P53094,,missing_pdb,False
P53108,,missing_pdb,False
P53114,,missing_pdb,False
P53115,,missing_pdb,False
P53119,,missing_pdb,False
P53120,,missing_pdb,False
P53123,,missing_pdb,False
P53125,,missing_pdb,False
P53133,,missing_pdb,False
P53135,,missing_pdb,False
P53136,,missing_pdb,False
P53137,,missing_pdb,False
P53139,,missing_pdb,False
P53140,,missing_pdb,False
P53148,,missing_pdb,False
P53150,,missing_pdb,False
P53155,,missing_pdb,False
P53163,,missing_pdb,False
P53165,,missing_pdb,False
P53168,,missing_pdb,False
P53179,,missing_pdb,False
P53184,,missing_pdb,False
P53185,,missing_pdb,False
P53188,,missing_pdb,False
P53191,,missing_pdb,False
P53192,,missing_pdb,False
P53200,,missing_pdb,False
P53207,,missing_pdb,False
P53210,,missing_pdb,False
P53215,,missing_pdb,False
P53217,,missing_pdb,False
P53219,,missing_pdb,False
P53220,,missing_pdb,False
P53224,,missing_pdb,False
P53227,,missing_pdb,False
P53230,,missing_pdb,False
P53236,,missing_pdb,False
P53238,,missing_pdb,False
P53244,,missing_pdb,False
P53250,,missing_pdb,False
P53251,,missing_pdb,False
P53253,,missing_pdb,False
P53254,,missing_pdb,False
P53255,,missing_pdb,False
P53265,,missing_pdb,False
P53267,,missing_pdb,False
P53272,,missing_pdb,False
P53274,,missing_pdb,False
P53276,,missing_pdb,False
P53277,,missing_pdb,False
P53278,,missing_pdb,False
P53292,,missing_pdb,False
P53294,,missing_pdb,False
P53297,,missing_pdb,False
P53299,,missing_pdb,False
P53301,,missing_pdb,False
P53309,,missing_pdb,False
P53318,,missing_pdb,False
P53326,,missing_pdb,False
P53327,,missing_pdb,False
P53330,,missing_pdb,False
P53334,,missing_pdb,False
P53337,,missing_pdb,False
P53351,,missing_pdb,False
P53355,,missing_pdb,False
P53367,/data/ranran/my_ptm/croton/data/structure_pipeline/pdb/P53367.pdb,exact_sequence_match,True
P53389,,missing_pdb,False
P53438,,missing_pdb,False
P53540,,missing_pdb,False
P53541,,missing_pdb,False
P53550,,missing_pdb,False
P53551,,missing_pdb,False
P53552,,missing_pdb,False
P53559,,missing_pdb,False
P53560,,missing_pdb,False
P53564,,missing_pdb,False
P53609,/data/ranran/my_ptm/croton/data/structure_pipeline/pdb/P53609.pdb,exact_sequence_match,True
P53611,/data/ranran/my_ptm/croton/data/structure_pipeline/pdb/P53611.pdb,exact_sequence_match,True
P53628,,missing_pdb,False
P53629,,missing_pdb,False
P53633,,missing_pdb,False
P53634,,missing_pdb,False
P53671,,missing_pdb,False
P53674,,missing_pdb,False
P53677,,missing_pdb,False
P53680,,missing_pdb,False
P53686,,missing_pdb,False
P53688,,missing_pdb,False
P53718,,missing_pdb,False
P53723,,missing_pdb,False
P53724,,missing_pdb,False
P53725,,missing_pdb,False
P53727,,missing_pdb,False
P53729,,missing_pdb,False
P53734,,missing_pdb,False
P53735,,missing_pdb,False
P53736,,missing_pdb,False
P53738,,missing_pdb,False
P53739,,missing_pdb,False
P53741,,missing_pdb,False
P53743,,missing_pdb,False
P53753,,missing_pdb,False
P53759,,missing_pdb,False
P53769,,missing_pdb,False
P53801,/data/ranran/my_ptm/croton/data/structure_pipeline/pdb/P53801.pdb,exact_sequence_match,True
P53804,/data/ranran/my_ptm/croton/data/structure_pipeline/pdb/P53804.pdb,exact_sequence_match,True
P53808,,missing_pdb,False
P53829,,missing_pdb,False
P53834,,missing_pdb,False
P53839,,missing_pdb,False
P53840,,missing_pdb,False
P53847,,missing_pdb,False
P53848,,missing_pdb,False
P53849,,missing_pdb,False
P53850,,missing_pdb,False
P53851,,missing_pdb,False
P53853,,missing_pdb,False
P53854,,missing_pdb,False
P53855,,missing_pdb,False
P53856,,missing_pdb,False
P53857,,missing_pdb,False
P53858,,missing_pdb,False
P53859,,missing_pdb,False
P53865,,missing_pdb,False
P53868,,missing_pdb,False
P53874,,missing_pdb,False
P53875,,missing_pdb,False
P53877,,missing_pdb,False
P53879,,missing_pdb,False
P53881,,missing_pdb,False
P53885,,missing_pdb,False
P53889,,missing_pdb,False
P53890,,missing_pdb,False
P53894,,missing_pdb,False
P53897,,missing_pdb,False
P53898,,missing_pdb,False
P53903,,missing_pdb,False
P53905,,missing_pdb,False
P53909,,missing_pdb,False
P53911,,missing_pdb,False
P53912,,missing_pdb,False
P53913,,missing_pdb,False
P53915,,missing_pdb,False
P53916,,missing_pdb,False
P53923,,missing_pdb,False
P53925,,missing_pdb,False
P53929,,missing_pdb,False
P53947,,missing_pdb,False
P53950,,missing_pdb,False
P53952,,missing_pdb,False
P53953,,missing_pdb,False
P53954,,missing_pdb,False
P53959,,missing_pdb,False
P53962,,missing_pdb,False
P53968,,missing_pdb,False
P53969,,missing_pdb,False
P53972,,missing_pdb,False
P53985,/data/ranran/my_ptm/croton/data/structure_pipeline/pdb/P53985.pdb,exact_sequence_match,True
P53992-2,,missing_pdb,False
P54000,,missing_pdb,False
P54070,,missing_pdb,False
P54099,,missing_pdb,False
P54107,,missing_pdb,False
P54122,,missing_pdb,False
P54125,,missing_pdb,False
P54132,,missing_pdb,False
P54154,,missing_pdb,False
P54159,,missing_pdb,False
P54164,,missing_pdb,False
P54169,,missing_pdb,False
P54173,,missing_pdb,False
P54179,,missing_pdb,False
P54182,,missing_pdb,False
P54198,,missing_pdb,False
P54252,/data/ranran/my_ptm/croton/data/structure_pipeline/pdb/P54252.pdb,exact_sequence_match,True
P54259,,missing_pdb,False
P54274,,missing_pdb,False
P54277,,missing_pdb,False
P54350,,missing_pdb,False
P54374,,missing_pdb,False
P54385,,missing_pdb,False
P54389,,missing_pdb,False
P54391,,missing_pdb,False
P54394,,missing_pdb,False
P54421,,missing_pdb,False
P54423,,missing_pdb,False
P54441,,missing_pdb,False
P54454,,missing_pdb,False
P54456,,missing_pdb,False
P54457,,missing_pdb,False
P54461,,missing_pdb,False
P54465,,missing_pdb,False
P54466,,missing_pdb,False
P54470,,missing_pdb,False
P54472,,missing_pdb,False
P54477,,missing_pdb,False
P54495,,missing_pdb,False
P54499,,missing_pdb,False
P54507,,missing_pdb,False
P54511,,missing_pdb,False
P54512,,missing_pdb,False
P54522,,missing_pdb,False
P54527,,missing_pdb,False
P54529,,missing_pdb,False
P54534,,missing_pdb,False
P54538,,missing_pdb,False
P54542,,missing_pdb,False
P54555,,missing_pdb,False
P54556,,missing_pdb,False
P54562,,missing_pdb,False
P54564,,missing_pdb,False
P54576,,missing_pdb,False
P54590,,missing_pdb,False
P54599,,missing_pdb,False
P54622,,missing_pdb,False
P54716,,missing_pdb,False
P54717,,missing_pdb,False
P54722,,missing_pdb,False
P54728,,missing_pdb,False
P54730,,missing_pdb,False
P54750,,missing_pdb,False
P54781,,missing_pdb,False
P54783,,missing_pdb,False
P54785,,missing_pdb,False
P54787,,missing_pdb,False
P54791,,missing_pdb,False
P54793,,missing_pdb,False
P54803,,missing_pdb,False
P54851,/data/ranran/my_ptm/croton/data/structure_pipeline/pdb/P54851.pdb,exact_sequence_match,True
P54858,,missing_pdb,False
P54885,,missing_pdb,False
P54901,,missing_pdb,False
P54923,,missing_pdb,False
P54950,,missing_pdb,False
P54983,,missing_pdb,False
P55011,/data/ranran/my_ptm/croton/data/structure_pipeline/pdb/P55011.pdb,exact_sequence_match,True
P55014-2,,missing_pdb,False
P55040,,missing_pdb,False
P55060-2,,missing_pdb,False
P55075,,missing_pdb,False
P55103,,missing_pdb,False
P55107,,missing_pdb,False
P55144,,missing_pdb,False
P55159,,missing_pdb,False
P55198,,missing_pdb,False
P55210-3,,missing_pdb,False
P55211,,missing_pdb,False
P55212,,missing_pdb,False
P55265,/data/ranran/my_ptm/croton/data/structure_pipeline/pdb/P55265.pdb,exact_sequence_match,True
P55302,,missing_pdb,False
P55316,,missing_pdb,False
P55317,,missing_pdb,False
P55327,/data/ranran/my_ptm/croton/data/structure_pipeline/pdb/P55327.pdb,exact_sequence_match,True
P55734,,missing_pdb,False
P55874,,missing_pdb,False
P55884-2,,missing_pdb,False
P56134,,missing_pdb,False
P56181-2,,missing_pdb,False
P56182,,missing_pdb,False
P56202,,missing_pdb,False
P56211,,missing_pdb,False
P56213,,missing_pdb,False
P56258,,missing_pdb,False
P56262,,missing_pdb,False
P56270,/data/ranran/my_ptm/croton/data/structure_pipeline/pdb/P56270.pdb,exact_sequence_match,True
P56277,,missing_pdb,False
P56282,,missing_pdb,False
P56382,,missing_pdb,False
P56545,/data/ranran/my_ptm/croton/data/structure_pipeline/pdb/P56545.pdb,exact_sequence_match,True
P56572,,missing_pdb,False
P56581,,missing_pdb,False
P56589,,missing_pdb,False
P56597,,missing_pdb,False
P56715,/data/ranran/my_ptm/croton/data/structure_pipeline/pdb/P56715.pdb,exact_sequence_match,True
P56741,,missing_pdb,False
P56817,,missing_pdb,False
P56857,,missing_pdb,False
P56915,,missing_pdb,False
P56930,,missing_pdb,False
P56937,/data/ranran/my_ptm/croton/data/structure_pipeline/pdb/P56937.pdb,exact_sequence_match,True
P56945,/data/ranran/my_ptm/croton/data/structure_pipeline/pdb/P56945.pdb,exact_sequence_match,True
P56960,,missing_pdb,False
P56962,,missing_pdb,False
P57015,,missing_pdb,False
P57058,,missing_pdb,False
P57075,,missing_pdb,False
P57076,/data/ranran/my_ptm/croton/data/structure_pipeline/pdb/P57076.pdb,exact_sequence_match,True
P57077,,missing_pdb,False
P57081,/data/ranran/my_ptm/croton/data/structure_pipeline/pdb/P57081.pdb,exact_sequence_match,True
P57088,,missing_pdb,False
P57678,/data/ranran/my_ptm/croton/data/structure_pipeline/pdb/P57678.pdb,exact_sequence_match,True
P57721,,missing_pdb,False
P57730,,missing_pdb,False
P57759,,missing_pdb,False
P57768,,missing_pdb,False
P57772,,missing_pdb,False
P57790,,missing_pdb,False
P58107,,missing_pdb,False
P58137,,missing_pdb,False
P58255,,missing_pdb,False
P58258,,missing_pdb,False
P58365,,missing_pdb,False
P58397,,missing_pdb,False
P58434,,missing_pdb,False
P58501,,missing_pdb,False
P58511,,missing_pdb,False
P58545,,missing_pdb,False
P58546,/data/ranran/my_ptm/croton/data/structure_pipeline/pdb/P58546.pdb,exact_sequence_match,True
P58962,,missing_pdb,False
P59074,,missing_pdb,False
P59240,,missing_pdb,False
P59266,,missing_pdb,False
P59280,,missing_pdb,False
P59281,,missing_pdb,False
P59382,,missing_pdb,False
P59510,,missing_pdb,False
P59696,,missing_pdb,False
P59729,,missing_pdb,False
P59915,,missing_pdb,False
P59923,,missing_pdb,False
P59998-2,,missing_pdb,False
P59998-3,,missing_pdb,False
P60002,/data/ranran/my_ptm/croton/data/structure_pipeline/pdb/P60002.pdb,exact_sequence_match,True
P60042,,missing_pdb,False
P60174-4,,missing_pdb,False
P60293,,missing_pdb,False
P60468,,missing_pdb,False
P60531,,missing_pdb,False
P60544,,missing_pdb,False
P60651,,missing_pdb,False
P60720,,missing_pdb,False
P60761,,missing_pdb,False
P60842-2,,missing_pdb,False
P60866-2,,missing_pdb,False
P60896,/data/ranran/my_ptm/croton/data/structure_pipeline/pdb/P60896.pdb,exact_sequence_match,True
P60900-3,,missing_pdb,False
P61002,,missing_pdb,False
P61016,,missing_pdb,False
P61074,,missing_pdb,False
P61086-3,,missing_pdb,False
P61204-2,,missing_pdb,False
P61289-2,,missing_pdb,False
P61296,,missing_pdb,False
P61313-2,,missing_pdb,False
P61320,,missing_pdb,False
P61326-2,,missing_pdb,False
P61375,,missing_pdb,False
P61407,,missing_pdb,False
P61457,/data/ranran/my_ptm/croton/data/structure_pipeline/pdb/P61457.pdb,exact_sequence_match,True
P61565,,missing_pdb,False
P61647,,missing_pdb,False
P61812-2,,missing_pdb,False
P61927,/data/ranran/my_ptm/croton/data/structure_pipeline/pdb/P61927.pdb,exact_sequence_match,True
P61943,,missing_pdb,False
P61949,,missing_pdb,False
P61952,,missing_pdb,False
P61960,,missing_pdb,False
P61964,/data/ranran/my_ptm/croton/data/structure_pipeline/pdb/P61964.pdb,exact_sequence_match,True
P61978-2,,missing_pdb,False
P62072,/data/ranran/my_ptm/croton/data/structure_pipeline/pdb/P62072.pdb,exact_sequence_match,True
P62075,,missing_pdb,False
P62077,,missing_pdb,False
P62136-2,,missing_pdb,False
P62279,,missing_pdb,False
P62517,,missing_pdb,False
P62628,,missing_pdb,False
P62723,,missing_pdb,False
P62789,,missing_pdb,False
P62899-2,,missing_pdb,False
P62937-2,,missing_pdb,False
P62993,/data/ranran/my_ptm/croton/data/structure_pipeline/pdb/P62993.pdb,exact_sequence_match,True
P62995,,missing_pdb,False
P63010-2,,missing_pdb,False
P63013,,missing_pdb,False
P63030,,missing_pdb,False
P63038-2,,missing_pdb,False
P63043,,missing_pdb,False
P63104-2,,missing_pdb,False
P63165,,missing_pdb,False
P63183,,missing_pdb,False
P63204,,missing_pdb,False
P63215,,missing_pdb,False
P63235,,missing_pdb,False
P63241-2,,missing_pdb,False
P63272,/data/ranran/my_ptm/croton/data/structure_pipeline/pdb/P63272.pdb,exact_sequence_match,True
P63300,,missing_pdb,False
P63417,,missing_pdb,False
P63883,,missing_pdb,False
P64451,,missing_pdb,False
P64455,,missing_pdb,False
P64461,,missing_pdb,False
P64463,,missing_pdb,False
P64467,,missing_pdb,False
P64476,,missing_pdb,False
P64483,,missing_pdb,False
P64534,,missing_pdb,False
P64554,,missing_pdb,False
P64578,,missing_pdb,False
P64588,,missing_pdb,False
P64602,,missing_pdb,False
P64606,,missing_pdb,False
P64616,,missing_pdb,False
P64624,,missing_pdb,False
P64636,,missing_pdb,False
P65870,,missing_pdb,False
P66455,,missing_pdb,False
P66948,,missing_pdb,False
P67087,,missing_pdb,False
P67095,,missing_pdb,False
P67338,,missing_pdb,False
P67430,,missing_pdb,False
P67553,,missing_pdb,False
P67601,,missing_pdb,False
P67603,,missing_pdb,False
P67624,,missing_pdb,False
P67662,,missing_pdb,False
P67875,,missing_pdb,False
P68036-2,,missing_pdb,False
P68036-3,,missing_pdb,False
P68206,,missing_pdb,False
P68363-2,,missing_pdb,False
P68567,,missing_pdb,False
P68575,,missing_pdb,False
P68729,,missing_pdb,False
P68739,,missing_pdb,False
P68799,,missing_pdb,False
P68874,,missing_pdb,False
P68950,,missing_pdb,False
P69209,,missing_pdb,False
P69346,,missing_pdb,False
P69425,,missing_pdb,False
P69428,,missing_pdb,False
P69488,,missing_pdb,False
P69506,,missing_pdb,False
P69735,,missing_pdb,False
P69771,,missing_pdb,False
P69776,,missing_pdb,False
P69795,,missing_pdb,False
P69797,,missing_pdb,False
P69805,,missing_pdb,False
P69822,,missing_pdb,False
P69828,,missing_pdb,False
P69829,,missing_pdb,False
P69831,,missing_pdb,False
P69853,,missing_pdb,False
P69922,,missing_pdb,False
P69931,,missing_pdb,False
P70120,,missing_pdb,False
P70122,,missing_pdb,False
P70126,,missing_pdb,False
P70174,,missing_pdb,False
P70217,,missing_pdb,False
P70261,,missing_pdb,False
P70278,,missing_pdb,False
P70302,,missing_pdb,False
P70312,,missing_pdb,False
P70318,,missing_pdb,False
P70348,,missing_pdb,False
P70362,,missing_pdb,False
P70390,,missing_pdb,False
P70396,,missing_pdb,False
P70426,,missing_pdb,False
P70451,,missing_pdb,False
P70453,,missing_pdb,False
P70475,,missing_pdb,False
P70537,,missing_pdb,False
P70562,,missing_pdb,False
P70563,,missing_pdb,False
P70662,,missing_pdb,False
P70670,,missing_pdb,False
P70685,,missing_pdb,False
P70699,,missing_pdb,False
P70945,,missing_pdb,False
P70948,,missing_pdb,False
P70964,,missing_pdb,False
P70993,,missing_pdb,False
P70996,,missing_pdb,False
P71007,,missing_pdb,False
P71009,,missing_pdb,False
P71011,,missing_pdb,False
P71015,,missing_pdb,False
P71017,,missing_pdb,False
P71019,,missing_pdb,False
P71021,,missing_pdb,False
P71035,,missing_pdb,False
P71040,,missing_pdb,False
P71063,,missing_pdb,False
P71066,,missing_pdb,False
P71070,,missing_pdb,False
P71088,,missing_pdb,False
P71121,,missing_pdb,False
P71237,,missing_pdb,False
P71242,,missing_pdb,False
P71552,,missing_pdb,False
P71590,,missing_pdb,False
P71629,,missing_pdb,False
P71635,,missing_pdb,False
P71658,,missing_pdb,False
P71699,,missing_pdb,False
P71701,,missing_pdb,False
P71707,,missing_pdb,False
P71719,,missing_pdb,False
P71730,,missing_pdb,False
P71733,,missing_pdb,False
P71734,,missing_pdb,False
P71737,,missing_pdb,False
P71741,,missing_pdb,False
P71784,,missing_pdb,False
P71795,,missing_pdb,False
P71804,,missing_pdb,False
P71847,,missing_pdb,False
P71853,,missing_pdb,False
P71875,,missing_pdb,False
P71898,,missing_pdb,False
P71906,,missing_pdb,False
P71925,,missing_pdb,False
P71990,,missing_pdb,False
P72040,,missing_pdb,False
P72041,,missing_pdb,False
P72047,,missing_pdb,False
P72641,,missing_pdb,False
P72649,,missing_pdb,False
P72656,,missing_pdb,False
P72673,,missing_pdb,False
P72675,,missing_pdb,False
P72688,,missing_pdb,False
P72692,,missing_pdb,False
P72699,,missing_pdb,False
P72700,,missing_pdb,False
P72703,,missing_pdb,False
P72705,,missing_pdb,False
P72714,,missing_pdb,False
P72742,,missing_pdb,False
P72746,,missing_pdb,False
P72754,,missing_pdb,False
P72757,,missing_pdb,False
P72758,,missing_pdb,False
P72772,,missing_pdb,False
P72777,,missing_pdb,False
P72779,,missing_pdb,False
P72781,,missing_pdb,False
P72787,,missing_pdb,False
P72790,,missing_pdb,False
P72797,,missing_pdb,False
P72798,,missing_pdb,False
P72807,,missing_pdb,False
P72808,,missing_pdb,False
P72827,,missing_pdb,False
P72839,,missing_pdb,False
P72845,,missing_pdb,False
P72848,,missing_pdb,False
P72849,,missing_pdb,False
P72868,,missing_pdb,False
P72871,,missing_pdb,False
P72890,,missing_pdb,False
P72897,,missing_pdb,False
P72899,,missing_pdb,False
P72912,,missing_pdb,False
P72929,,missing_pdb,False
P72937,,missing_pdb,False
P72939,,missing_pdb,False
P72944,,missing_pdb,False
P72963,,missing_pdb,False
P72965,,missing_pdb,False
P72967,,missing_pdb,False
P72968,,missing_pdb,False
P73004,,missing_pdb,False
P73019,,missing_pdb,False
P73037,,missing_pdb,False
P73040,,missing_pdb,False
P73048,,missing_pdb,False
P73049,,missing_pdb,False
P73057,,missing_pdb,False
P73083,,missing_pdb,False
P73103,,missing_pdb,False
P73114,,missing_pdb,False
P73120,,missing_pdb,False
P73123,,missing_pdb,False
P73129,,missing_pdb,False
P73141,,missing_pdb,False
P73143,,missing_pdb,False
P73152,,missing_pdb,False
P73173,,missing_pdb,False
P73194,,missing_pdb,False
P73195,,missing_pdb,False
P73203,,missing_pdb,False
P73219,,missing_pdb,False
P73221,,missing_pdb,False
P73234,,missing_pdb,False
P73237,,missing_pdb,False
P73243,,missing_pdb,False
P73253,,missing_pdb,False
P73294,,missing_pdb,False
P73297,,missing_pdb,False
P73299,,missing_pdb,False
P73312,,missing_pdb,False
P73321,,missing_pdb,False
P73328,,missing_pdb,False
P73385,,missing_pdb,False
P73390,,missing_pdb,False
P73393,,missing_pdb,False
P73424,,missing_pdb,False
P73445,,missing_pdb,False
P73448,,missing_pdb,False
P73450,,missing_pdb,False
P73452,,missing_pdb,False
P73458,,missing_pdb,False
P73461,,missing_pdb,False
P73469,,missing_pdb,False
P73482,,missing_pdb,False
P73497,,missing_pdb,False
P73516,,missing_pdb,False
P73525,,missing_pdb,False
P73530,,missing_pdb,False
P73537,,missing_pdb,False
P73541,,missing_pdb,False
P73550,,missing_pdb,False
P73561,,missing_pdb,False
P73599,,missing_pdb,False
P73600,,missing_pdb,False
P73606,,missing_pdb,False
P73628,,missing_pdb,False
P73633,,missing_pdb,False
P73643,,missing_pdb,False
P73652,,missing_pdb,False
P73663,,missing_pdb,False
P73679,,missing_pdb,False
P73701,,missing_pdb,False
P73710,,missing_pdb,False
P73713,,missing_pdb,False
P73722,,missing_pdb,False
P73728,,missing_pdb,False
P73734,,missing_pdb,False
P73740,,missing_pdb,False
P73765,,missing_pdb,False
P73790,,missing_pdb,False
P73837,,missing_pdb,False
P73875,,missing_pdb,False
P73941,,missing_pdb,False
P73942,,missing_pdb,False
P73946,,missing_pdb,False
P73952,,missing_pdb,False
P73953,,missing_pdb,False
P73954,,missing_pdb,False
P74015,,missing_pdb,False
P74041,,missing_pdb,False
P74060,,missing_pdb,False
P74081,,missing_pdb,False
P74102,,missing_pdb,False
P74103,,missing_pdb,False
P74121,,missing_pdb,False
P74128,,missing_pdb,False
P74135,,missing_pdb,False
P74138,,missing_pdb,False
P74154,,missing_pdb,False
P74155,,missing_pdb,False
P74172,,missing_pdb,False
P74176,,missing_pdb,False
P74186,,missing_pdb,False
P74214,,missing_pdb,False
P74216,,missing_pdb,False
P74236,,missing_pdb,False
P74254,,missing_pdb,False
P74264,,missing_pdb,False
P74275,,missing_pdb,False
P74282,,missing_pdb,False
P74283,,missing_pdb,False
P74285,,missing_pdb,False
P74292,,missing_pdb,False
P74299,,missing_pdb,False
P74305,,missing_pdb,False
P74338,,missing_pdb,False
P74352,,missing_pdb,False
P74360,,missing_pdb,False
P74426,,missing_pdb,False
P74433,,missing_pdb,False
P74454,,missing_pdb,False
P74457,,missing_pdb,False
P74462,,missing_pdb,False
P74474,,missing_pdb,False
P74490,,missing_pdb,False
P74506,,missing_pdb,False
P74529,,missing_pdb,False
P74558,,missing_pdb,False
P74569,,missing_pdb,False
P74583,,missing_pdb,False
P74607,,missing_pdb,False
P74614,,missing_pdb,False
P74630,,missing_pdb,False
P74640,,missing_pdb,False
P74645,,missing_pdb,False
P74646,,missing_pdb,False
P74649,,missing_pdb,False
P74656,,missing_pdb,False
P74675,,missing_pdb,False
P74682,,missing_pdb,False
P74702,,missing_pdb,False
P74718,,missing_pdb,False
P74720,,missing_pdb,False
P74729,,missing_pdb,False
P74739,,missing_pdb,False
P74746,,missing_pdb,False
P74750,,missing_pdb,False
P74753,,missing_pdb,False
P74765,,missing_pdb,False
P74769,,missing_pdb,False
P74795,,missing_pdb,False
P74890,,missing_pdb,False
P75033,,missing_pdb,False
P75039,,missing_pdb,False
P75049,,missing_pdb,False
P75059,,missing_pdb,False
P75061,,missing_pdb,False
P75063,,missing_pdb,False
P75084,,missing_pdb,False
P75085,,missing_pdb,False
P75087,,missing_pdb,False
P75093,,missing_pdb,False
P75095,,missing_pdb,False
P75098,,missing_pdb,False
P75107,,missing_pdb,False
P75115,,missing_pdb,False
P75118,,missing_pdb,False
P75120,,missing_pdb,False
P75121,,missing_pdb,False
P75125,,missing_pdb,False
P75129,,missing_pdb,False
P75159,,missing_pdb,False
P75170,,missing_pdb,False
P75174,,missing_pdb,False
P75185,,missing_pdb,False
P75186,,missing_pdb,False
P75187,,missing_pdb,False
P75205,,missing_pdb,False
P75206,,missing_pdb,False
P75212,,missing_pdb,False
P75220,,missing_pdb,False
P75222,,missing_pdb,False
P75223,,missing_pdb,False
P75231,,missing_pdb,False
P75232,,missing_pdb,False
P75233,,missing_pdb,False
P75237,,missing_pdb,False
P75240,,missing_pdb,False
P75248,,missing_pdb,False
P75249,,missing_pdb,False
P75252,,missing_pdb,False
P75257,,missing_pdb,False
P75269,,missing_pdb,False
P75270,,missing_pdb,False
P75288,,missing_pdb,False
P75294,,missing_pdb,False
P75306,,missing_pdb,False
P75310,,missing_pdb,False
P75322,,missing_pdb,False
P75352,,missing_pdb,False
P75353,,missing_pdb,False
P75354,,missing_pdb,False
P75362,,missing_pdb,False
P75382,,missing_pdb,False
P75386,,missing_pdb,False
P75389,,missing_pdb,False
P75394,,missing_pdb,False
P75395,,missing_pdb,False
P75396,,missing_pdb,False
P75398,,missing_pdb,False
P75401,,missing_pdb,False
P75403,,missing_pdb,False
P75409,,missing_pdb,False
P75421,,missing_pdb,False
P75426,,missing_pdb,False
P75429,,missing_pdb,False
P75430,,missing_pdb,False
P75440,,missing_pdb,False
P75441,,missing_pdb,False
P75453,,missing_pdb,False
P75454,,missing_pdb,False
P75455,,missing_pdb,False
P75460,,missing_pdb,False
P75467,,missing_pdb,False
P75471,,missing_pdb,False
P75479,,missing_pdb,False
P75481,,missing_pdb,False
P75482,,missing_pdb,False
P75483,,missing_pdb,False
P75486,,missing_pdb,False
P75497,,missing_pdb,False
P75502,,missing_pdb,False
P75506,,missing_pdb,False
P75508,,missing_pdb,False
P75509,,missing_pdb,False
P75510,,missing_pdb,False
P75512,,missing_pdb,False
P75513,,missing_pdb,False
P75519,,missing_pdb,False
P75527,,missing_pdb,False
P75529,,missing_pdb,False
P75532,,missing_pdb,False
P75539,,missing_pdb,False
P75541,,missing_pdb,False
P75542,,missing_pdb,False
P75551,,missing_pdb,False
P75553,,missing_pdb,False
P75560,,missing_pdb,False
P75569,,missing_pdb,False
P75578,,missing_pdb,False
P75579,,missing_pdb,False
P75580,,missing_pdb,False
P75584,,missing_pdb,False
P75588,,missing_pdb,False
P75591,,missing_pdb,False
P75672,,missing_pdb,False
P75682,,missing_pdb,False
P75685,,missing_pdb,False
P75694,,missing_pdb,False
P75713,,missing_pdb,False
P75757,,missing_pdb,False
P75767,,missing_pdb,False
P75779,,missing_pdb,False
P75780,,missing_pdb,False
P75782,,missing_pdb,False
P75783,,missing_pdb,False
P75791,,missing_pdb,False
P75792,,missing_pdb,False
P75796,,missing_pdb,False
P75800,,missing_pdb,False
P75801,,missing_pdb,False
P75821,,missing_pdb,False
P75822,,missing_pdb,False
P75826,,missing_pdb,False
P75829,,missing_pdb,False
P75830,,missing_pdb,False
P75849,,missing_pdb,False
P75863,,missing_pdb,False
P75867,,missing_pdb,False
P75870,,missing_pdb,False
P75874,,missing_pdb,False
P75898,,missing_pdb,False
P75913,,missing_pdb,False
P75914,,missing_pdb,False
P75931,,missing_pdb,False
P75952,,missing_pdb,False
P76002,,missing_pdb,False
P76008,,missing_pdb,False
P76010,,missing_pdb,False
P76053,,missing_pdb,False
P76055,,missing_pdb,False
P76056,,missing_pdb,False
P76062,,missing_pdb,False
P76073,,missing_pdb,False
P76086,,missing_pdb,False
P76102,,missing_pdb,False
P76104,,missing_pdb,False
P76108,,missing_pdb,False
P76114,,missing_pdb,False
P76116,,missing_pdb,False
P76117,,missing_pdb,False
P76121,,missing_pdb,False
P76128,,missing_pdb,False
P76129,,missing_pdb,False
P76141,,missing_pdb,False
P76142,,missing_pdb,False
P76143,,missing_pdb,False
P76149,,missing_pdb,False
P76155,,missing_pdb,False
P76177,,missing_pdb,False
P76193,,missing_pdb,False
P76208,,missing_pdb,False
P76213,,missing_pdb,False
P76216,,missing_pdb,False
P76217,,missing_pdb,False
P76220,,missing_pdb,False
P76223,,missing_pdb,False
P76231,,missing_pdb,False
P76243,,missing_pdb,False
P76261,,missing_pdb,False
P76318,,missing_pdb,False
P76319,,missing_pdb,False
P76329,,missing_pdb,False
P76339,,missing_pdb,False
P76344,,missing_pdb,False
P76372,,missing_pdb,False
P76389,,missing_pdb,False
P76402,,missing_pdb,False
P76407,,missing_pdb,False
P76445,,missing_pdb,False
P76446,,missing_pdb,False
P76471,,missing_pdb,False
P76472,,missing_pdb,False
P76481,,missing_pdb,False
P76524,,missing_pdb,False
P76539,,missing_pdb,False
P76542,,missing_pdb,False
P76543,,missing_pdb,False
P76545,,missing_pdb,False
P76550,,missing_pdb,False
P76577,,missing_pdb,False
P76578,,missing_pdb,False
P76585,,missing_pdb,False
P76621,,missing_pdb,False
P76641,,missing_pdb,False
P76938,,missing_pdb,False
P77148,,missing_pdb,False
P77150,,missing_pdb,False
P77181,,missing_pdb,False
P77182,,missing_pdb,False
P77202,,missing_pdb,False
P77213,,missing_pdb,False
P77215,,missing_pdb,False
P77239,,missing_pdb,False
P77247,,missing_pdb,False
P77252,,missing_pdb,False
P77277,,missing_pdb,False
P77285,,missing_pdb,False
P77301,,missing_pdb,False
P77333,,missing_pdb,False
P77335,,missing_pdb,False
P77338,,missing_pdb,False
P77395,,missing_pdb,False
P77400,,missing_pdb,False
P77434,,missing_pdb,False
P77454,,missing_pdb,False
P77473,,missing_pdb,False
P77485,,missing_pdb,False
P77529,,missing_pdb,False
P77544,,missing_pdb,False
P77554,,missing_pdb,False
P77569,,missing_pdb,False
P77609,,missing_pdb,False
P77649,,missing_pdb,False
P77689,,missing_pdb,False
P77712,,missing_pdb,False
P77713,,missing_pdb,False
P77726,,missing_pdb,False
P77748,,missing_pdb,False
P77766,,missing_pdb,False
P77781,,missing_pdb,False
P77808,,missing_pdb,False
P77966,,missing_pdb,False
P77970,,missing_pdb,False
P78004,,missing_pdb,False
P78013,,missing_pdb,False
P78017,,missing_pdb,False
P78020,,missing_pdb,False
P78022,,missing_pdb,False
P78024,,missing_pdb,False
P78031,,missing_pdb,False
P78032,,missing_pdb,False
P78061,,missing_pdb,False
P78067,,missing_pdb,False
P78310,/data/ranran/my_ptm/croton/data/structure_pipeline/pdb/P78310.pdb,exact_sequence_match,True
P78330,/data/ranran/my_ptm/croton/data/structure_pipeline/pdb/P78330.pdb,exact_sequence_match,True
P78332,,missing_pdb,False
P78344,/data/ranran/my_ptm/croton/data/structure_pipeline/pdb/P78344.pdb,exact_sequence_match,True
P78345,/data/ranran/my_ptm/croton/data/structure_pipeline/pdb/P78345.pdb,exact_sequence_match,True
P78347,/data/ranran/my_ptm/croton/data/structure_pipeline/pdb/P78347.pdb,exact_sequence_match,True
P78356-2,,missing_pdb,False
P78362-2,,missing_pdb,False
P78364,,missing_pdb,False
P78380,,missing_pdb,False
P78395,,missing_pdb,False
P78411,,missing_pdb,False
P78426,,missing_pdb,False
P78504,,missing_pdb,False
P78524,,missing_pdb,False
P78527,,missing_pdb,False
P78536,,missing_pdb,False
P78545,,missing_pdb,False
P78559,,missing_pdb,False
P78563,,missing_pdb,False
P78978,,missing_pdb,False
P80108,,missing_pdb,False
P80192,,missing_pdb,False
P80217-2,,missing_pdb,False
P80237,,missing_pdb,False
P80238,,missing_pdb,False
P80241,,missing_pdb,False
P80347,,missing_pdb,False
P80349,,missing_pdb,False
P80382,,missing_pdb,False
P80431,,missing_pdb,False
P80723,/data/ranran/my_ptm/croton/data/structure_pipeline/pdb/P80723.pdb,exact_sequence_match,True
P80860,,missing_pdb,False
P80861,,missing_pdb,False
P80872,,missing_pdb,False
P80874,,missing_pdb,False
P80878,,missing_pdb,False
P80885,,missing_pdb,False
P80967,,missing_pdb,False
P81100,,missing_pdb,False
P81450,,missing_pdb,False
P81534,,missing_pdb,False
P81605-2,,missing_pdb,False
P82094-2,,missing_pdb,False
P82210,,missing_pdb,False
P82650,/data/ranran/my_ptm/croton/data/structure_pipeline/pdb/P82650.pdb,exact_sequence_match,True
P82663,/data/ranran/my_ptm/croton/data/structure_pipeline/pdb/P82663.pdb,exact_sequence_match,True
P82664,,missing_pdb,False
P82874,,missing_pdb,False
P82912,,missing_pdb,False
P82932,,missing_pdb,False
P82933,/data/ranran/my_ptm/croton/data/structure_pipeline/pdb/P82933.pdb,exact_sequence_match,True
P82970,/data/ranran/my_ptm/croton/data/structure_pipeline/pdb/P82970.pdb,exact_sequence_match,True
P82979,/data/ranran/my_ptm/croton/data/structure_pipeline/pdb/P82979.pdb,exact_sequence_match,True
P82987,,missing_pdb,False
P83111-2,,missing_pdb,False
P83436,/data/ranran/my_ptm/croton/data/structure_pipeline/pdb/P83436.pdb,exact_sequence_match,True
P83868,,missing_pdb,False
P83940,,missing_pdb,False
P84022-3,,missing_pdb,False
P84022-4,,missing_pdb,False
P84103,,missing_pdb,False
P84103-2,,missing_pdb,False
P84157,,missing_pdb,False
P84188,,missing_pdb,False
P84309,,missing_pdb,False
P84550,,missing_pdb,False
P84817,,missing_pdb,False
P85037,,missing_pdb,False
P85298,,missing_pdb,False
P85299,,missing_pdb,False
P86148,,missing_pdb,False
P86172,,missing_pdb,False
P86252,,missing_pdb,False
P86790,,missing_pdb,False
P87200,,missing_pdb,False
P87889,,missing_pdb,False
P91664,,missing_pdb,False
P91928,,missing_pdb,False
P91943,,missing_pdb,False
P92812,,missing_pdb,False
P93292,,missing_pdb,False
P93303,,missing_pdb,False
P93422,,missing_pdb,False
P94337,,missing_pdb,False
P94388,,missing_pdb,False
P94393,,missing_pdb,False
P94398,,missing_pdb,False
P94400,,missing_pdb,False
P94407,,missing_pdb,False
P94414,,missing_pdb,False
P94415,,missing_pdb,False
P94424,,missing_pdb,False
P94425,,missing_pdb,False
P94459,,missing_pdb,False
P94461,,missing_pdb,False
P94464,,missing_pdb,False
P94512,,missing_pdb,False
P94520,,missing_pdb,False
P94531,,missing_pdb,False
P94541,,missing_pdb,False
P94545,,missing_pdb,False
P94556,,missing_pdb,False
P95017,,missing_pdb,False
P95029,,missing_pdb,False
P95087,,missing_pdb,False
P95105,,missing_pdb,False
P95125,,missing_pdb,False
P95184,,missing_pdb,False
P95197,,missing_pdb,False
P95200,,missing_pdb,False
P95202,,missing_pdb,False
P95228,,missing_pdb,False
P95270,,missing_pdb,False
P95287,,missing_pdb,False
P95493,,missing_pdb,False
P96227,,missing_pdb,False
P96235,,missing_pdb,False
P96272,,missing_pdb,False
P96276,,missing_pdb,False
P96285,,missing_pdb,False
P96379,,missing_pdb,False
P96396,,missing_pdb,False
P96397,,missing_pdb,False
P96402,,missing_pdb,False
P96409,,missing_pdb,False
P96578,,missing_pdb,False
P96589,,missing_pdb,False
P96596,,missing_pdb,False
P96608,,missing_pdb,False
P96611,,missing_pdb,False
P96622,,missing_pdb,False
P96642,,missing_pdb,False
P96648,,missing_pdb,False
P96662,,missing_pdb,False
P96672,,missing_pdb,False
P96673,,missing_pdb,False
P96676,,missing_pdb,False
P96687,,missing_pdb,False
P96701,,missing_pdb,False
P96703,,missing_pdb,False
P96721,,missing_pdb,False
P96723,,missing_pdb,False
P96741,,missing_pdb,False
P96808,,missing_pdb,False
P96815,,missing_pdb,False
P96877,,missing_pdb,False
P96890,,missing_pdb,False
P96900,,missing_pdb,False
P96901,,missing_pdb,False
P96923,,missing_pdb,False
P97247,,missing_pdb,False
P97360,,missing_pdb,False
P97364,,missing_pdb,False
P97369,,missing_pdb,False
P97378,,missing_pdb,False
P97379,,missing_pdb,False
P97386,,missing_pdb,False
P97402,,missing_pdb,False
P97414,,missing_pdb,False
P97432,,missing_pdb,False
P97465,,missing_pdb,False
P97479,,missing_pdb,False
P97493,,missing_pdb,False
P97564,,missing_pdb,False
P97570,,missing_pdb,False
P97629,,missing_pdb,False
P97710,,missing_pdb,False
P97717,,missing_pdb,False
P97738,,missing_pdb,False
P97784,,missing_pdb,False
P97793,,missing_pdb,False
P97798,,missing_pdb,False
P97863,,missing_pdb,False
P98073,,missing_pdb,False
P98082,/data/ranran/my_ptm/croton/data/structure_pipeline/pdb/P98082.pdb,exact_sequence_match,True
P98092,,missing_pdb,False
P98153,,missing_pdb,False
P98168,,missing_pdb,False
P98172,,missing_pdb,False
P98175-5,,missing_pdb,False
P98177,,missing_pdb,False
P9WF45,,missing_pdb,False
P9WF61,,missing_pdb,False
P9WFC7,,missing_pdb,False
P9WFD5,,missing_pdb,False
P9WFF5,,missing_pdb,False
P9WFH5,,missing_pdb,False
P9WFJ5,,missing_pdb,False
P9WFJ7,,missing_pdb,False
P9WFJ9,,missing_pdb,False
P9WFL3,,missing_pdb,False
P9WFN1,,missing_pdb,False
P9WFP7,,missing_pdb,False
P9WFR1,,missing_pdb,False
P9WFU7,,missing_pdb,False
P9WFV7,,missing_pdb,False
P9WFY5,,missing_pdb,False
P9WFZ3,,missing_pdb,False
P9WFZ7,,missing_pdb,False
P9WG19,,missing_pdb,False
P9WG61,,missing_pdb,False
P9WG79,,missing_pdb,False
P9WG83,,missing_pdb,False
P9WGA1,,missing_pdb,False
P9WGA5,,missing_pdb,False
P9WGF3,,missing_pdb,False
P9WGF9,,missing_pdb,False
P9WGG5,,missing_pdb,False
P9WGH9,,missing_pdb,False
P9WGI1,,missing_pdb,False
P9WGJ3,,missing_pdb,False
P9WGJ9,,missing_pdb,False
P9WGK5,,missing_pdb,False
P9WGL5,,missing_pdb,False
P9WGM3,,missing_pdb,False
P9WGN7,,missing_pdb,False
P9WGS9,,missing_pdb,False
P9WGT5,,missing_pdb,False
P9WGU1,,missing_pdb,False
P9WGU5,,missing_pdb,False
P9WGX5,,missing_pdb,False
P9WGY5,,missing_pdb,False
P9WGZ3,,missing_pdb,False
P9WH05,,missing_pdb,False
P9WH07,,missing_pdb,False
P9WH17,,missing_pdb,False
P9WH21,,missing_pdb,False
P9WH23,,missing_pdb,False
P9WH31,,missing_pdb,False
P9WH33,,missing_pdb,False
P9WH39,,missing_pdb,False
P9WH51,,missing_pdb,False
P9WH69,,missing_pdb,False
P9WH75,,missing_pdb,False
P9WH77,,missing_pdb,False
P9WH95,,missing_pdb,False
P9WH99,,missing_pdb,False
P9WHA5,,missing_pdb,False
P9WHB9,,missing_pdb,False
P9WHD3,,missing_pdb,False
P9WHE3,,missing_pdb,False
P9WHE7,,missing_pdb,False
P9WHF1,,missing_pdb,False
P9WHG1,,missing_pdb,False
P9WHI3,,missing_pdb,False
P9WHK3,,missing_pdb,False
P9WHL7,,missing_pdb,False
P9WHM1,,missing_pdb,False
P9WHN9,,missing_pdb,False
P9WHP7,,missing_pdb,False
P9WHQ1,,missing_pdb,False
P9WHQ7,,missing_pdb,False
P9WHS3,,missing_pdb,False
P9WHT3,,missing_pdb,False
P9WHU1,,missing_pdb,False
P9WHV9,,missing_pdb,False
P9WHW3,,missing_pdb,False
P9WI61,,missing_pdb,False
P9WI71,,missing_pdb,False
P9WI73,,missing_pdb,False
P9WI75,,missing_pdb,False
P9WI79,,missing_pdb,False
P9WI83,,missing_pdb,False
P9WI99,,missing_pdb,False
P9WIB7,,missing_pdb,False
P9WIC5,,missing_pdb,False
P9WIJ1,,missing_pdb,False
P9WIL7,,missing_pdb,False
P9WIM7,,missing_pdb,False
P9WIM9,,missing_pdb,False
P9WIN7,,missing_pdb,False
P9WIN9,,missing_pdb,False
P9WIP5,,missing_pdb,False
P9WIP9,,missing_pdb,False
P9WIR7,,missing_pdb,False
P9WIR9,,missing_pdb,False
P9WIS9,,missing_pdb,False
P9WIT1,,missing_pdb,False
P9WIT5,,missing_pdb,False
P9WIU1,,missing_pdb,False
P9WIV1,,missing_pdb,False
P9WIV5,,missing_pdb,False
P9WIY3,,missing_pdb,False
P9WIZ7,,missing_pdb,False
P9WJ05,,missing_pdb,False
P9WJ53,,missing_pdb,False
P9WJ93,,missing_pdb,False
P9WJ99,,missing_pdb,False
P9WJA7,,missing_pdb,False
P9WJA9,,missing_pdb,False
P9WJB7,,missing_pdb,False
P9WJB9,,missing_pdb,False
P9WJC5,,missing_pdb,False
P9WJD1,,missing_pdb,False
P9WJD3,,missing_pdb,False
P9WJE9,,missing_pdb,False
P9WJG1,,missing_pdb,False
P9WJG9,,missing_pdb,False
P9WJH1,,missing_pdb,False
P9WJI5,,missing_pdb,False
P9WJI7,,missing_pdb,False
P9WJK3,,missing_pdb,False
P9WJL3,,missing_pdb,False
P9WJM3,,missing_pdb,False
P9WJM7,,missing_pdb,False
P9WJM9,,missing_pdb,False
P9WJN5,,missing_pdb,False
P9WJN7,,missing_pdb,False
P9WJQ1,,missing_pdb,False
P9WJV5,,missing_pdb,False
P9WK17,,missing_pdb,False
P9WK55,,missing_pdb,False
P9WK59,,missing_pdb,False
P9WK89,,missing_pdb,False
P9WKB1,,missing_pdb,False
P9WKC7,,missing_pdb,False
P9WKC9,,missing_pdb,False
P9WKG9,,missing_pdb,False
P9WKI1,,missing_pdb,False
P9WKJ9,,missing_pdb,False
P9WKL5,,missing_pdb,False
P9WKL9,,missing_pdb,False
P9WKT7,,missing_pdb,False
P9WKU9,,missing_pdb,False
P9WKV5,,missing_pdb,False
P9WKV7,,missing_pdb,False
P9WKW1,,missing_pdb,False
P9WKW7,,missing_pdb,False
P9WKX3,,missing_pdb,False
P9WKX5,,missing_pdb,False
P9WL35,,missing_pdb,False
P9WL47,,missing_pdb,False
P9WL63,,missing_pdb,False
P9WL67,,missing_pdb,False
P9WL97,,missing_pdb,False
P9WLB5,,missing_pdb,False
P9WLD1,,missing_pdb,False
P9WLD7,,missing_pdb,False
P9WLD9,,missing_pdb,False
P9WLE7,,missing_pdb,False
P9WLF7,,missing_pdb,False
P9WLG7,,missing_pdb,False
P9WLG9,,missing_pdb,False
P9WLI1,,missing_pdb,False
P9WLI5,,missing_pdb,False
P9WLL7,,missing_pdb,False
P9WLL9,,missing_pdb,False
P9WLN3,,missing_pdb,False
P9WLP1,,missing_pdb,False
P9WLR5,,missing_pdb,False
P9WLW5,,missing_pdb,False
P9WLW9,,missing_pdb,False
P9WLZ5,,missing_pdb,False
P9WM25,,missing_pdb,False
P9WM31,,missing_pdb,False
P9WM41,,missing_pdb,False
P9WM45,,missing_pdb,False
P9WM49,,missing_pdb,False
P9WM53,,missing_pdb,False
P9WM73,,missing_pdb,False
P9WM79,,missing_pdb,False
P9WM81,,missing_pdb,False
P9WM83,,missing_pdb,False
P9WMA1,,missing_pdb,False
P9WME5,,missing_pdb,False
P9WMH1,,missing_pdb,False
P9WMH3,,missing_pdb,False
P9WMI7,,missing_pdb,False
P9WMK1,,missing_pdb,False
P9WMK3,,missing_pdb,False
P9WMK9,,missing_pdb,False
P9WML9,,missing_pdb,False
P9WMP9,,missing_pdb,False
P9WMQ5,,missing_pdb,False
P9WMS3,,missing_pdb,False
P9WMT5,,missing_pdb,False
P9WN13,,missing_pdb,False
P9WN21,,missing_pdb,False
P9WN33,,missing_pdb,False
P9WN35,,missing_pdb,False
P9WNA9,,missing_pdb,False
P9WNB1,,missing_pdb,False
P9WNB3,,missing_pdb,False
P9WND5,,missing_pdb,False
P9WNE7,,missing_pdb,False
P9WNF9,,missing_pdb,False
P9WNG7,,missing_pdb,False
P9WNH5,,missing_pdb,False
P9WNK5,,missing_pdb,False
P9WNL7,,missing_pdb,False
P9WNM9,,missing_pdb,False
P9WNP1,,missing_pdb,False
P9WNP5,,missing_pdb,False
P9WNR9,,missing_pdb,False
P9WNS7,,missing_pdb,False
P9WNU1,,missing_pdb,False
P9WNV3,,missing_pdb,False
P9WNV9,,missing_pdb,False
P9WNZ3,,missing_pdb,False
P9WNZ5,,missing_pdb,False
P9WNZ7,,missing_pdb,False
P9WP07,,missing_pdb,False
P9WP09,,missing_pdb,False
P9WP15,,missing_pdb,False
P9WP31,,missing_pdb,False
P9WP41,,missing_pdb,False
P9WP69,,missing_pdb,False
P9WP77,,missing_pdb,False
P9WP89,,missing_pdb,False
P9WPA3,,missing_pdb,False
P9WPB5,,missing_pdb,False
P9WPE1,,missing_pdb,False
P9WPE3,,missing_pdb,False
P9WPF5,,missing_pdb,False
P9WPG1,,missing_pdb,False
P9WPH5,,missing_pdb,False
P9WPI3,,missing_pdb,False
P9WPJ7,,missing_pdb,False
P9WPJ9,,missing_pdb,False
P9WPK9,,missing_pdb,False
P9WPL5,,missing_pdb,False
P9WPM9,,missing_pdb,False
P9WPP1,,missing_pdb,False
P9WPT1,,missing_pdb,False
P9WPT5,,missing_pdb,False
P9WPV1,,missing_pdb,False
P9WPV3,,missing_pdb,False
P9WPV5,,missing_pdb,False
P9WPW5,,missing_pdb,False
P9WQ31,,missing_pdb,False
P9WQ51,,missing_pdb,False
P9WQ77,,missing_pdb,False
P9WQ83,,missing_pdb,False
P9WQ91,,missing_pdb,False
P9WQA7,,missing_pdb,False
P9WQB3,,missing_pdb,False
P9WQB5,,missing_pdb,False
P9WQB7,,missing_pdb,False
P9WQD3,,missing_pdb,False
P9WQE1,,missing_pdb,False
P9WQF3,,missing_pdb,False
P9WQF7,,missing_pdb,False
P9WQF9,,missing_pdb,False
P9WQG3,,missing_pdb,False
P9WQI1,,missing_pdb,False
P9WQI5,,missing_pdb,False
P9WQL5,,missing_pdb,False
P9WQL9,,missing_pdb,False
P9WQN5,,missing_pdb,False
P9WQP1,,missing_pdb,False
Q00059,/data/ranran/my_ptm/croton/data/structure_pipeline/pdb/Q00059.pdb,exact_sequence_match,True
Q00245,,missing_pdb,False
Q00310,,missing_pdb,False
Q00362,,missing_pdb,False
Q00402,,missing_pdb,False
Q00416,,missing_pdb,False
Q00422,,missing_pdb,False
Q00537,/data/ranran/my_ptm/croton/data/structure_pipeline/pdb/Q00537.pdb,exact_sequence_match,True
Q00547,,missing_pdb,False
Q00690,,missing_pdb,False
Q00715,,missing_pdb,False
Q00772,,missing_pdb,False
Q00816,,missing_pdb,False
Q00954,,missing_pdb,False
Q00987,,missing_pdb,False
Q00G26,,missing_pdb,False
Q01080,,missing_pdb,False
Q01159,,missing_pdb,False
Q01163,,missing_pdb,False
Q01196-4,,missing_pdb,False
Q01196-6,,missing_pdb,False
Q01329,,missing_pdb,False
Q01433,,missing_pdb,False
Q01448,,missing_pdb,False
Q01454,,missing_pdb,False
Q01476,,missing_pdb,False
Q01477,,missing_pdb,False
Q01560,,missing_pdb,False
Q01637,,missing_pdb,False
Q01658,,missing_pdb,False
Q01664,,missing_pdb,False
Q01714,,missing_pdb,False
Q01722,,missing_pdb,False
Q01728,,missing_pdb,False
Q01804,/data/ranran/my_ptm/croton/data/structure_pipeline/pdb/Q01804.pdb,exact_sequence_match,True
Q01826,,missing_pdb,False
Q01831,/data/ranran/my_ptm/croton/data/structure_pipeline/pdb/Q01831.pdb,exact_sequence_match,True
Q01842,,missing_pdb,False
Q01844-5,,missing_pdb,False
Q01860,,missing_pdb,False
Q01903,,missing_pdb,False
Q01919,,missing_pdb,False
Q01960,,missing_pdb,False
Q01968,,missing_pdb,False
Q01976,,missing_pdb,False
Q01984,,missing_pdb,False
Q02067,,missing_pdb,False
Q02100,,missing_pdb,False
Q02152,,missing_pdb,False
Q02156,,missing_pdb,False
Q02199,,missing_pdb,False
Q02204,,missing_pdb,False
Q02206,,missing_pdb,False
Q02208,,missing_pdb,False
Q02223,,missing_pdb,False
Q02224,,missing_pdb,False
Q02241,/data/ranran/my_ptm/croton/data/structure_pipeline/pdb/Q02241.pdb,exact_sequence_match,True
Q02260,,missing_pdb,False
Q02383,,missing_pdb,False
Q02388,,missing_pdb,False
Q02395,,missing_pdb,False
Q02455,,missing_pdb,False
Q02457,,missing_pdb,False
Q02486,,missing_pdb,False
Q02487,,missing_pdb,False
Q02496,,missing_pdb,False
Q02521,,missing_pdb,False
Q02535,,missing_pdb,False
Q02554,,missing_pdb,False
Q02555,,missing_pdb,False
Q02563,,missing_pdb,False
Q02630,,missing_pdb,False
Q02645,,missing_pdb,False
Q02648,,missing_pdb,False
Q02724,,missing_pdb,False
Q02725,,missing_pdb,False
Q02754,,missing_pdb,False
Q02770,,missing_pdb,False
Q02771,,missing_pdb,False
Q02773,,missing_pdb,False
Q02775,,missing_pdb,False
Q02776,,missing_pdb,False
Q02788,,missing_pdb,False
Q02789,,missing_pdb,False
Q02793,,missing_pdb,False
Q02795,,missing_pdb,False
Q02818,/data/ranran/my_ptm/croton/data/structure_pipeline/pdb/Q02818.pdb,exact_sequence_match,True
Q02825,,missing_pdb,False
Q02875,,missing_pdb,False
Q02886,,missing_pdb,False
Q02887,,missing_pdb,False
Q02890,,missing_pdb,False
Q02926,,missing_pdb,False
Q02931,,missing_pdb,False
Q02932,,missing_pdb,False
Q02939,,missing_pdb,False
Q02952,,missing_pdb,False
Q02959,,missing_pdb,False
Q02961,,missing_pdb,False
Q02962,,missing_pdb,False
Q02981,,missing_pdb,False
Q02DF1,,missing_pdb,False
Q02DZ3,,missing_pdb,False
Q02E40,,missing_pdb,False
Q02EN8,,missing_pdb,False
Q02I11,,missing_pdb,False
Q02IC9,,missing_pdb,False
Q02K12,,missing_pdb,False
Q02KZ2,,missing_pdb,False
Q02MM1,,missing_pdb,False
Q02QW9,,missing_pdb,False
Q02RV6,,missing_pdb,False
Q02SM4,,missing_pdb,False
Q02T96,,missing_pdb,False
Q02U32,,missing_pdb,False
Q03012,,missing_pdb,False
Q03016,,missing_pdb,False
Q03018,,missing_pdb,False
Q03020,,missing_pdb,False
Q03028,,missing_pdb,False
Q03034,,missing_pdb,False
Q03036,,missing_pdb,False
Q03063,,missing_pdb,False
Q03104,,missing_pdb,False
Q03153,,missing_pdb,False
Q03161,,missing_pdb,False
Q03164-3,,missing_pdb,False
Q03167,,missing_pdb,False
Q03169,,missing_pdb,False
Q03173,,missing_pdb,False
Q03188,,missing_pdb,False
Q03213,,missing_pdb,False
Q03233,,missing_pdb,False
Q03246,,missing_pdb,False
Q03262,,missing_pdb,False
Q03264,,missing_pdb,False
Q03266,,missing_pdb,False
Q03281,,missing_pdb,False
Q03288,,missing_pdb,False
Q03305,,missing_pdb,False
Q03323,,missing_pdb,False
Q03337,,missing_pdb,False
Q03338,,missing_pdb,False
Q03344,,missing_pdb,False
Q03362,,missing_pdb,False
Q03373,,missing_pdb,False
Q03375,,missing_pdb,False
Q03388,,missing_pdb,False
Q03390,,missing_pdb,False
Q03391,,missing_pdb,False
Q03393,,missing_pdb,False
Q03407,,missing_pdb,False
Q03430,,missing_pdb,False
Q03468,/data/ranran/my_ptm/croton/data/structure_pipeline/pdb/Q03468.pdb,exact_sequence_match,True
Q03496,,missing_pdb,False
Q03516,,missing_pdb,False
Q03518,,missing_pdb,False
Q03525,,missing_pdb,False
Q03529,,missing_pdb,False
Q03557,,missing_pdb,False
Q03559,,missing_pdb,False
Q03629,,missing_pdb,False
Q03640,,missing_pdb,False
Q03653,,missing_pdb,False
Q03654,,missing_pdb,False
Q03656,,missing_pdb,False
Q03661,,missing_pdb,False
Q03674,,missing_pdb,False
Q03687,,missing_pdb,False
Q03690,,missing_pdb,False
Q03705,,missing_pdb,False
Q03707,,missing_pdb,False
Q03713,,missing_pdb,False
Q03714,,missing_pdb,False
Q03735,,missing_pdb,False
Q03750,,missing_pdb,False
Q03751,,missing_pdb,False
Q03759,,missing_pdb,False
Q03761,,missing_pdb,False
Q03768,,missing_pdb,False
Q03769,,missing_pdb,False
Q03771,,missing_pdb,False
Q03772,,missing_pdb,False
Q03774,,missing_pdb,False
Q03780,,missing_pdb,False
Q03786,,missing_pdb,False
Q03790,,missing_pdb,False
Q03792,,missing_pdb,False
Q03796,,missing_pdb,False
Q03824,,missing_pdb,False
Q03833,,missing_pdb,False
Q03835,,missing_pdb,False
Q03862,,missing_pdb,False
Q03868,,missing_pdb,False
Q03897,,missing_pdb,False
Q03913,,missing_pdb,False
Q03920,,missing_pdb,False
Q03921,,missing_pdb,False
Q03928,,missing_pdb,False
Q03933,,missing_pdb,False
Q03941,,missing_pdb,False
Q03954,,missing_pdb,False
Q03973,,missing_pdb,False
Q03989,,missing_pdb,False
Q04002,,missing_pdb,False
Q04003,,missing_pdb,False
Q04031,,missing_pdb,False
Q04047,,missing_pdb,False
Q04049,,missing_pdb,False
Q04052,,missing_pdb,False
Q04066,,missing_pdb,False
Q04080,,missing_pdb,False
Q04087,,missing_pdb,False
Q04089,,missing_pdb,False
Q04149,,missing_pdb,False
Q04170,,missing_pdb,False
Q04177,,missing_pdb,False
Q04178,,missing_pdb,False
Q04195,,missing_pdb,False
Q04199,,missing_pdb,False
Q04206,,missing_pdb,False
Q04213,,missing_pdb,False
Q04223,,missing_pdb,False
Q04226,,missing_pdb,False
Q04228,,missing_pdb,False
Q04235,,missing_pdb,False
Q04264,,missing_pdb,False
Q04279,,missing_pdb,False
Q04311,,missing_pdb,False
Q04336,,missing_pdb,False
Q04344,,missing_pdb,False
Q04347,,missing_pdb,False
Q04354,,missing_pdb,False
Q04364,,missing_pdb,False
Q04372,,missing_pdb,False
Q04383,,missing_pdb,False
Q04385,,missing_pdb,False
Q04401,,missing_pdb,False
Q04410,,missing_pdb,False
Q04430,,missing_pdb,False
Q04431,,missing_pdb,False
Q04458,,missing_pdb,False
Q04461,,missing_pdb,False
Q04477,,missing_pdb,False
Q04499,,missing_pdb,False
Q04511,,missing_pdb,False
Q04513,,missing_pdb,False
Q04533,,missing_pdb,False
Q04600,,missing_pdb,False
Q04601,,missing_pdb,False
Q04602,,missing_pdb,False
Q04603,,missing_pdb,False
Q04651,,missing_pdb,False
Q04673,,missing_pdb,False
Q04690,,missing_pdb,False
Q04693,,missing_pdb,False
Q04697,,missing_pdb,False
Q04737,,missing_pdb,False
Q04744,,missing_pdb,False
Q04748,,missing_pdb,False
Q04751,,missing_pdb,False
Q04772,,missing_pdb,False
Q04773,,missing_pdb,False
Q04777,,missing_pdb,False
Q04779,,missing_pdb,False
Q04781,,missing_pdb,False
Q04792,,missing_pdb,False
Q04847,,missing_pdb,False
Q04864,/data/ranran/my_ptm/croton/data/structure_pipeline/pdb/Q04864.pdb,exact_sequence_match,True
Q04867,,missing_pdb,False
Q04869,,missing_pdb,False
Q04898,,missing_pdb,False
Q04924,,missing_pdb,False
Q04925,,missing_pdb,False
Q04930,,missing_pdb,False
Q04935,,missing_pdb,False
Q04947,,missing_pdb,False
Q04958,,missing_pdb,False
Q04964,,missing_pdb,False
Q04969,,missing_pdb,False
Q05015,,missing_pdb,False
Q05016,,missing_pdb,False
Q05024,,missing_pdb,False
Q05029,,missing_pdb,False
Q05040,,missing_pdb,False
Q05048,,missing_pdb,False
Q05050,,missing_pdb,False
Q05066,,missing_pdb,False
Q05084-2,,missing_pdb,False
Q05086,/data/ranran/my_ptm/croton/data/structure_pipeline/pdb/Q05086.pdb,exact_sequence_match,True
Q05117,,missing_pdb,False
Q05123,,missing_pdb,False
Q05140,,missing_pdb,False
Q05166,,missing_pdb,False
Q05238,,missing_pdb,False
Q05315,,missing_pdb,False
Q05344,,missing_pdb,False
Q05468,,missing_pdb,False
Q05515,,missing_pdb,False
Q05516,,missing_pdb,False
Q05518,,missing_pdb,False
Q05519,/data/ranran/my_ptm/croton/data/structure_pipeline/pdb/Q05519.pdb,exact_sequence_match,True
Q05541,,missing_pdb,False
Q05543,,missing_pdb,False
Q05546,,missing_pdb,False
Q05567,,missing_pdb,False
Q05580,,missing_pdb,False
Q05584,,missing_pdb,False
Q05586,,missing_pdb,False
Q05592,,missing_pdb,False
Q05635,,missing_pdb,False
Q05636,,missing_pdb,False
Q05670,,missing_pdb,False
Q05682,/data/ranran/my_ptm/croton/data/structure_pipeline/pdb/Q05682.pdb,exact_sequence_match,True
Q05682-3,,missing_pdb,False
Q05707,,missing_pdb,False
Q05738,,missing_pdb,False
Q05775,,missing_pdb,False
Q05776,,missing_pdb,False
Q05778,,missing_pdb,False
Q05779,,missing_pdb,False
Q05785,,missing_pdb,False
Q05787,,missing_pdb,False
Q05793,,missing_pdb,False
Q05812,,missing_pdb,False
Q05823,,missing_pdb,False
Q05854,,missing_pdb,False
Q05860,,missing_pdb,False
Q05870,,missing_pdb,False
Q05881,,missing_pdb,False
Q05905,,missing_pdb,False
Q05926,,missing_pdb,False
Q05937,,missing_pdb,False
Q05942,,missing_pdb,False
Q05946,,missing_pdb,False
Q05949,,missing_pdb,False
Q05996,,missing_pdb,False
Q059G6,,missing_pdb,False
Q059U7,,missing_pdb,False
Q05BJ7,,missing_pdb,False
Q05C16,,missing_pdb,False
Q05CX5,,missing_pdb,False
Q05D32,,missing_pdb,False
Q05D57,,missing_pdb,False
Q05DJ9,,missing_pdb,False
Q06005,,missing_pdb,False
Q06063,,missing_pdb,False
Q06070,,missing_pdb,False
Q06071,,missing_pdb,False
Q06096,,missing_pdb,False
Q06107,,missing_pdb,False
Q06124-3,,missing_pdb,False
Q06132,,missing_pdb,False
Q06146,,missing_pdb,False
Q06148,,missing_pdb,False
Q06150,,missing_pdb,False
Q06151,,missing_pdb,False
Q06168,,missing_pdb,False
Q06169,,missing_pdb,False
Q06177,,missing_pdb,False
Q06178,,missing_pdb,False
Q06179,,missing_pdb,False
Q06186,,missing_pdb,False
Q06188,,missing_pdb,False
Q06190,,missing_pdb,False
Q06214,,missing_pdb,False
Q06224,,missing_pdb,False
Q06245,,missing_pdb,False
Q06263,,missing_pdb,False
Q06265-2,,missing_pdb,False
Q06315,,missing_pdb,False
Q06337,,missing_pdb,False
Q06338,,missing_pdb,False
Q06340,,missing_pdb,False
Q06350,,missing_pdb,False
Q06385,,missing_pdb,False
Q06406,,missing_pdb,False
Q06408,,missing_pdb,False
Q06410,,missing_pdb,False
Q06411,,missing_pdb,False
Q06412,,missing_pdb,False
Q06436,,missing_pdb,False
Q06449,,missing_pdb,False
Q06497,,missing_pdb,False
Q06504,,missing_pdb,False
Q06505,,missing_pdb,False
Q06508,,missing_pdb,False
Q06523,,missing_pdb,False
Q06525,,missing_pdb,False
Q06538,,missing_pdb,False
Q06554,,missing_pdb,False
Q06568,,missing_pdb,False
Q06580,,missing_pdb,False
Q06581,,missing_pdb,False
Q06587,/data/ranran/my_ptm/croton/data/structure_pipeline/pdb/Q06587.pdb,exact_sequence_match,True
Q06604,,missing_pdb,False
Q06608,,missing_pdb,False
Q06616,,missing_pdb,False
Q06623,,missing_pdb,False
Q06628,,missing_pdb,False
Q06629,,missing_pdb,False
Q06630,,missing_pdb,False
Q06631,,missing_pdb,False
Q06639,,missing_pdb,False
Q06665,,missing_pdb,False
Q06668,,missing_pdb,False
Q06672,,missing_pdb,False
Q06673,,missing_pdb,False
Q06677,,missing_pdb,False
Q06678,,missing_pdb,False
Q06679,,missing_pdb,False
Q06689,,missing_pdb,False
Q06697,,missing_pdb,False
Q06704,,missing_pdb,False
Q06706,,missing_pdb,False
Q06708,,missing_pdb,False
Q06709,,missing_pdb,False
Q06799,,missing_pdb,False
Q06815,,missing_pdb,False
Q06833,,missing_pdb,False
Q06839,,missing_pdb,False
Q06892,,missing_pdb,False
Q06943,,missing_pdb,False
Q06945,,missing_pdb,False
Q07021,/data/ranran/my_ptm/croton/data/structure_pipeline/pdb/Q07021.pdb,exact_sequence_match,True
Q07065,/data/ranran/my_ptm/croton/data/structure_pipeline/pdb/Q07065.pdb,exact_sequence_match,True
Q07071,,missing_pdb,False
Q07116,,missing_pdb,False
Q07325,,missing_pdb,False
Q07352,,missing_pdb,False
Q07362,,missing_pdb,False
Q07379,,missing_pdb,False
Q07395,,missing_pdb,False
Q07418,,missing_pdb,False
Q07428,,missing_pdb,False
Q07442,,missing_pdb,False
Q07457,,missing_pdb,False
Q07458,,missing_pdb,False
Q07527,,missing_pdb,False
Q07528,,missing_pdb,False
Q07533,,missing_pdb,False
Q07540,,missing_pdb,False
Q07541,,missing_pdb,False
Q07617,,missing_pdb,False
Q07623,,missing_pdb,False
Q07648,,missing_pdb,False
Q07666,/data/ranran/my_ptm/croton/data/structure_pipeline/pdb/Q07666.pdb,exact_sequence_match,True
Q07688,,missing_pdb,False
Q07716,,missing_pdb,False
Q07794,,missing_pdb,False
Q07800,,missing_pdb,False
Q07804,,missing_pdb,False
Q07807,,missing_pdb,False
Q07812-2,,missing_pdb,False
Q07825,,missing_pdb,False
Q07830,,missing_pdb,False
Q07834,,missing_pdb,False
Q07836,,missing_pdb,False
Q07844,,missing_pdb,False
Q07864,/data/ranran/my_ptm/croton/data/structure_pipeline/pdb/Q07864.pdb,exact_sequence_match,True
Q07866-6,,missing_pdb,False
Q07886,,missing_pdb,False
Q07889,,missing_pdb,False
Q07895,,missing_pdb,False
Q07896,,missing_pdb,False
Q07897,,missing_pdb,False
Q07914,,missing_pdb,False
Q07938,,missing_pdb,False
Q07951,,missing_pdb,False
Q07955-2,,missing_pdb,False
Q07955-3,,missing_pdb,False
Q07979,,missing_pdb,False
Q08024,,missing_pdb,False
Q08045,,missing_pdb,False
Q08050,,missing_pdb,False
Q08117,,missing_pdb,False
Q08144,,missing_pdb,False
Q08170,/data/ranran/my_ptm/croton/data/structure_pipeline/pdb/Q08170.pdb,exact_sequence_match,True
Q08179,,missing_pdb,False
Q08199,,missing_pdb,False
Q08202,,missing_pdb,False
Q08208,,missing_pdb,False
Q08213,,missing_pdb,False
Q08227,,missing_pdb,False
Q08229,,missing_pdb,False
Q08230,,missing_pdb,False
Q08235,,missing_pdb,False
Q08237,,missing_pdb,False
Q08245,,missing_pdb,False
Q08257-2,,missing_pdb,False
Q08285,,missing_pdb,False
Q08287,,missing_pdb,False
Q08288,,missing_pdb,False
Q08311,,missing_pdb,False
Q08352,,missing_pdb,False
Q08378,/data/ranran/my_ptm/croton/data/structure_pipeline/pdb/Q08378.pdb,exact_sequence_match,True
Q08379,/data/ranran/my_ptm/croton/data/structure_pipeline/pdb/Q08379.pdb,exact_sequence_match,True
Q08380,,missing_pdb,False
Q08412,,missing_pdb,False
Q08421,,missing_pdb,False
Q08422,,missing_pdb,False
Q08429,,missing_pdb,False
Q08431,,missing_pdb,False
Q08438,,missing_pdb,False
Q08444,,missing_pdb,False
Q08460,,missing_pdb,False
Q08491,,missing_pdb,False
Q08492,,missing_pdb,False
Q08495,,missing_pdb,False
Q08548,,missing_pdb,False
Q08550,,missing_pdb,False
Q08553,,missing_pdb,False
Q08561,,missing_pdb,False
Q08581,,missing_pdb,False
Q08605,,missing_pdb,False
Q08620,,missing_pdb,False
Q08623,/data/ranran/my_ptm/croton/data/structure_pipeline/pdb/Q08623.pdb,exact_sequence_match,True
Q08629,,missing_pdb,False
Q08634,,missing_pdb,False
Q08639,,missing_pdb,False
Q08641,,missing_pdb,False
Q08642,,missing_pdb,False
Q08645,,missing_pdb,False
Q08687,,missing_pdb,False
Q08689,,missing_pdb,False
Q08693,,missing_pdb,False
Q08722,,missing_pdb,False
Q08738,,missing_pdb,False
Q08742,,missing_pdb,False
Q08792,,missing_pdb,False
Q08818,,missing_pdb,False
Q08831,,missing_pdb,False
Q08850,,missing_pdb,False
Q08873,,missing_pdb,False
Q08920,,missing_pdb,False
Q08921,,missing_pdb,False
Q08923,,missing_pdb,False
Q08924,,missing_pdb,False
Q08925,,missing_pdb,False
Q08926,,missing_pdb,False
Q08932,,missing_pdb,False
Q08949,,missing_pdb,False
Q08951,,missing_pdb,False
Q08954,,missing_pdb,False
Q08961,,missing_pdb,False
Q08962,,missing_pdb,False
Q08968,,missing_pdb,False
Q08969,,missing_pdb,False
Q08972,,missing_pdb,False
Q08979,,missing_pdb,False
Q08981,,missing_pdb,False
Q08AE8,,missing_pdb,False
Q09005,,missing_pdb,False
Q09019,,missing_pdb,False
Q09327,,missing_pdb,False
Q09328,,missing_pdb,False
Q09666,,missing_pdb,False
Q09FC8,,missing_pdb,False
Q09M02,,missing_pdb,False
Q09MP3,,missing_pdb,False
Q09PK2,,missing_pdb,False
Q0D4Z6,,missing_pdb,False
Q0D5I5,,missing_pdb,False
Q0D673,,missing_pdb,False
Q0D6K1,,missing_pdb,False
Q0D6K2,,missing_pdb,False
Q0D6L9,,missing_pdb,False
Q0D6V8,,missing_pdb,False
Q0D7H8,,missing_pdb,False
Q0D8H0,,missing_pdb,False
Q0DA85,,missing_pdb,False
Q0DAE4,,missing_pdb,False
Q0DAL0,,missing_pdb,False
Q0DBI4,,missing_pdb,False
Q0DBR2,,missing_pdb,False
Q0DBY0,,missing_pdb,False
Q0DBY7,,missing_pdb,False
Q0DC80,,missing_pdb,False
Q0DCD8,,missing_pdb,False
Q0DD13,,missing_pdb,False
Q0DD57,,missing_pdb,False
Q0DD75,,missing_pdb,False
Q0DDI3,,missing_pdb,False
Q0DEC8,,missing_pdb,False
Q0DEV5,,missing_pdb,False
Q0DEV8,,missing_pdb,False
Q0DF63,,missing_pdb,False
Q0DFB8,,missing_pdb,False
Q0DG77,,missing_pdb,False
Q0DG78,,missing_pdb,False
Q0DGE9,,missing_pdb,False
Q0DIU1,,missing_pdb,False
Q0DIV0,,missing_pdb,False
Q0DJB2,,missing_pdb,False
Q0DJG9,,missing_pdb,False
Q0DK63,,missing_pdb,False
Q0DKZ2,,missing_pdb,False
Q0DL70,,missing_pdb,False
Q0DLK3,,missing_pdb,False
Q0DLP2,,missing_pdb,False
Q0DLR3,,missing_pdb,False
Q0DLW3,,missing_pdb,False
Q0DLY4,,missing_pdb,False
Q0DM09,,missing_pdb,False
Q0DMD3,,missing_pdb,False
Q0DMI2,,missing_pdb,False
Q0DN53,,missing_pdb,False
Q0DNI8,,missing_pdb,False
Q0DNJ4,,missing_pdb,False
Q0DNR9,,missing_pdb,False
Q0DP12,,missing_pdb,False
Q0DQ04,,missing_pdb,False
Q0DQH0,,missing_pdb,False
Q0DQM6,,missing_pdb,False
Q0DR08,,missing_pdb,False
Q0DR25,,missing_pdb,False
Q0DRU6,,missing_pdb,False
Q0DS36,,missing_pdb,False
Q0DSR5,,missing_pdb,False
Q0DST6,,missing_pdb,False
Q0DSY0,,missing_pdb,False
Q0DTF5,,missing_pdb,False
Q0DU17,,missing_pdb,False
Q0DU30,,missing_pdb,False
Q0DU33,,missing_pdb,False
Q0DU37,,missing_pdb,False
Q0DUV2,,missing_pdb,False
Q0DX84,,missing_pdb,False
Q0DXV3,,missing_pdb,False
Q0DYB1,,missing_pdb,False
Q0DYP4,,missing_pdb,False
Q0DZF7,,missing_pdb,False
Q0E032,,missing_pdb,False
Q0E0B4,,missing_pdb,False
Q0E0Z4,,missing_pdb,False
Q0E1G6,,missing_pdb,False
Q0E1I7,,missing_pdb,False
Q0E283,,missing_pdb,False
Q0E2A9,,missing_pdb,False
Q0E2W7,,missing_pdb,False
Q0E3B7,,missing_pdb,False
Q0E3F2,,missing_pdb,False
Q0E4T4,,missing_pdb,False
Q0E8J0,,missing_pdb,False
Q0E8X8,,missing_pdb,False
Q0E9A1,,missing_pdb,False
Q0E9C2,,missing_pdb,False
Q0GE24,,missing_pdb,False
Q0GGX2,,missing_pdb,False
Q0H8V1,,missing_pdb,False
Q0ILK1,,missing_pdb,False
Q0ILV0,,missing_pdb,False
Q0IMC6,,missing_pdb,False
Q0IML7,,missing_pdb,False
Q0IMW0,,missing_pdb,False
Q0IMY3,,missing_pdb,False
Q0INA3,,missing_pdb,False
Q0INM3,,missing_pdb,False
Q0INU5,,missing_pdb,False
Q0IPF7,,missing_pdb,False
Q0IQ65,,missing_pdb,False
Q0IR78,,missing_pdb,False
Q0IRV4,,missing_pdb,False
Q0ISA2,,missing_pdb,False
Q0ISB6,,missing_pdb,False
Q0ISQ1,,missing_pdb,False
Q0ISQ7,,missing_pdb,False
Q0ISV6,,missing_pdb,False
Q0IU52,,missing_pdb,False
Q0IUB6,,missing_pdb,False
Q0IUZ8,,missing_pdb,False
Q0IV61,,missing_pdb,False
Q0IV63,,missing_pdb,False
Q0IVE4,,missing_pdb,False
Q0IVQ6,,missing_pdb,False
Q0IW91,,missing_pdb,False
Q0IWH8,,missing_pdb,False
Q0IWR7,,missing_pdb,False
Q0IWS0,,missing_pdb,False
Q0IWU7,,missing_pdb,False
Q0IXE8,,missing_pdb,False
Q0IXI6,,missing_pdb,False
Q0IXP9,,missing_pdb,False
Q0IY45,,missing_pdb,False
Q0IYQ0,,missing_pdb,False
Q0IZE6,,missing_pdb,False
Q0IZQ2,,missing_pdb,False
Q0IZQ5,,missing_pdb,False
Q0J0R2,,missing_pdb,False
Q0J2C7,,missing_pdb,False
Q0J4E6,,missing_pdb,False
Q0J4G5,,missing_pdb,False
Q0J4L7,,missing_pdb,False
Q0J4U2,,missing_pdb,False
Q0J528,,missing_pdb,False
Q0J546,,missing_pdb,False
Q0J5Y3,,missing_pdb,False
Q0J6G9,,missing_pdb,False
Q0J6P7,,missing_pdb,False
Q0J6U8,,missing_pdb,False
Q0J771,,missing_pdb,False
Q0J7R9,,missing_pdb,False
Q0J8G4,,missing_pdb,False
Q0J8M2,,missing_pdb,False
Q0J8Z3,,missing_pdb,False
Q0J907,,missing_pdb,False
Q0J9L0,,missing_pdb,False
Q0J9P0,,missing_pdb,False
Q0J9W2,,missing_pdb,False
Q0JAA9,,missing_pdb,False
Q0JAB0,,missing_pdb,False
Q0JAF4,,missing_pdb,False
Q0JAJ6,,missing_pdb,False
Q0JBC9,,missing_pdb,False
Q0JBX3,,missing_pdb,False
Q0JCJ9,,missing_pdb,False
Q0JCQ8,,missing_pdb,False
Q0JCW3,,missing_pdb,False
Q0JD44,,missing_pdb,False
Q0JDA2,,missing_pdb,False
Q0JDG9,,missing_pdb,False
Q0JE28,,missing_pdb,False
Q0JE83,,missing_pdb,False
Q0JEK3,,missing_pdb,False
Q0JEM8,,missing_pdb,False
Q0JEQ9,,missing_pdb,False
Q0JFH5,,missing_pdb,False
Q0JFN9,,missing_pdb,False
Q0JG75,,missing_pdb,False
Q0JGG3,,missing_pdb,False
Q0JGQ4,,missing_pdb,False
Q0JH89,,missing_pdb,False
Q0JHJ4,,missing_pdb,False
Q0JIL9,,missing_pdb,False
Q0JKL8,,missing_pdb,False
Q0JLC0,,missing_pdb,False
Q0JLN6,,missing_pdb,False
Q0JLS6,,missing_pdb,False
Q0JM76,,missing_pdb,False
Q0JMC4,,missing_pdb,False
Q0JMV9,,missing_pdb,False
Q0JMZ4,,missing_pdb,False
Q0JNJ3,,missing_pdb,False
Q0JNL1,,missing_pdb,False
Q0JNQ7,,missing_pdb,False
Q0JPA6,,missing_pdb,False
Q0JQ64,,missing_pdb,False
Q0JQ90,,missing_pdb,False
Q0JQL0,,missing_pdb,False
Q0JQP0,,missing_pdb,False
Q0JQS5,,missing_pdb,False
Q0KI34,,missing_pdb,False
Q0KI68,,missing_pdb,False
Q0KL02,,missing_pdb,False
Q0P5X5,,missing_pdb,False
Q0PMD2,,missing_pdb,False
Q0Q5E3,,missing_pdb,False
Q0R3W8,,missing_pdb,False
Q0VAF8,,missing_pdb,False
Q0VBD2,,missing_pdb,False
Q0VBL1,,missing_pdb,False
Q0VBM2,,missing_pdb,False
Q0VD86,,missing_pdb,False
Q0VDD8,,missing_pdb,False
Q0VF96,,missing_pdb,False
Q0VFZ6,,missing_pdb,False
Q0VG34,,missing_pdb,False
Q0VG51,,missing_pdb,False
Q0VGB7,,missing_pdb,False
Q0VGD4,,missing_pdb,False
Q0VGK3,,missing_pdb,False
Q0VGU8,,missing_pdb,False
Q0WPQ2,,missing_pdb,False
Q0WPX9,,missing_pdb,False
Q0WRF4,,missing_pdb,False
Q0ZGT2,,missing_pdb,False
Q0ZLH3,,missing_pdb,False
Q10469,,missing_pdb,False
Q10471,/data/ranran/my_ptm/croton/data/structure_pipeline/pdb/Q10471.pdb,exact_sequence_match,True
Q10571,,missing_pdb,False
Q10586,,missing_pdb,False
Q10587,,missing_pdb,False
Q10589,,missing_pdb,False
Q10713-2,,missing_pdb,False
Q10728,,missing_pdb,False
Q10740,,missing_pdb,False
Q109G2,,missing_pdb,False
Q109S2,,missing_pdb,False
Q109U0,,missing_pdb,False
Q10BR5,,missing_pdb,False
Q10BX9,,missing_pdb,False
Q10CJ2,,missing_pdb,False
Q10CK6,,missing_pdb,False
Q10E52,,missing_pdb,False
Q10G16,,missing_pdb,False
Q10HE8,,missing_pdb,False
Q10HT1,,missing_pdb,False
Q10I42,,missing_pdb,False
Q10JD1,,missing_pdb,False
Q10JF7,,missing_pdb,False
Q10JQ0,,missing_pdb,False
Q10KG1,,missing_pdb,False
Q10KT9,,missing_pdb,False
Q10LJ0,,missing_pdb,False
Q10LP1,,missing_pdb,False
Q10LQ3,,missing_pdb,False
Q10LR0,,missing_pdb,False
Q10LU2,,missing_pdb,False
Q10LX5,,missing_pdb,False
Q10LY8,,missing_pdb,False
Q10M11,,missing_pdb,False
Q10M50,,missing_pdb,False
Q10M57,,missing_pdb,False
Q10MD0,,missing_pdb,False
Q10MD5,,missing_pdb,False
Q10MJ1,,missing_pdb,False
Q10MK4,,missing_pdb,False
Q10MK5,,missing_pdb,False
Q10MS3,,missing_pdb,False
Q10MY0,,missing_pdb,False
Q10N09,,missing_pdb,False
Q10N28,,missing_pdb,False
Q10N30,,missing_pdb,False
Q10N63,,missing_pdb,False
Q10N94,,missing_pdb,False
Q10PB0,,missing_pdb,False
Q10PB2,,missing_pdb,False
Q10PW8,,missing_pdb,False
Q10Q42,,missing_pdb,False
Q10QH0,,missing_pdb,False
Q10QQ8,,missing_pdb,False
Q10QT7,,missing_pdb,False
Q10QW1,,missing_pdb,False
Q10QZ5,,missing_pdb,False
Q10R02,,missing_pdb,False
Q10RM9,,missing_pdb,False
Q10S92,,missing_pdb,False
Q10SK0,,missing_pdb,False
Q10SK1,,missing_pdb,False
Q10T66,,missing_pdb,False
Q12008,,missing_pdb,False
Q12009,,missing_pdb,False
Q12012,,missing_pdb,False
Q12017,,missing_pdb,False
Q12018,,missing_pdb,False
Q12020,,missing_pdb,False
Q12030,,missing_pdb,False
Q12032,,missing_pdb,False
Q12033,,missing_pdb,False
Q12035,,missing_pdb,False
Q12038,,missing_pdb,False
Q12040,,missing_pdb,False
Q12044,,missing_pdb,False
Q12046,,missing_pdb,False
Q12050,,missing_pdb,False
Q12051,,missing_pdb,False
Q12055,,missing_pdb,False
Q12060,,missing_pdb,False
Q12063,,missing_pdb,False
Q12069,,missing_pdb,False
Q12071,,missing_pdb,False
Q12072,,missing_pdb,False
Q12080,,missing_pdb,False
Q12082,,missing_pdb,False
Q12090,,missing_pdb,False
Q12091,,missing_pdb,False
Q12094,,missing_pdb,False
Q12096,,missing_pdb,False
Q12100,,missing_pdb,False
Q12102,,missing_pdb,False
Q12104,,missing_pdb,False
Q12108,,missing_pdb,False
Q12114,,missing_pdb,False
Q12125,,missing_pdb,False
Q12129,,missing_pdb,False
Q12133,,missing_pdb,False
Q12139,,missing_pdb,False
Q12142,,missing_pdb,False
Q12144,,missing_pdb,False
Q12151,,missing_pdb,False
Q12154,,missing_pdb,False
Q12156,,missing_pdb,False
Q12158,,missing_pdb,False
Q12161,,missing_pdb,False
Q12172,,missing_pdb,False
Q12178,,missing_pdb,False
Q12179,,missing_pdb,False
Q12180,,missing_pdb,False
Q12184,,missing_pdb,False
Q12191,,missing_pdb,False
Q12192,,missing_pdb,False
Q12206,,missing_pdb,False
Q12208,,missing_pdb,False
Q12223,,missing_pdb,False
Q12224,,missing_pdb,False
Q12230,,missing_pdb,False
Q12233,,missing_pdb,False
Q12234,,missing_pdb,False
Q12236,,missing_pdb,False
Q12241,,missing_pdb,False
Q12242,,missing_pdb,False
Q12245,,missing_pdb,False
Q12246,,missing_pdb,False
Q12247,,missing_pdb,False
Q12262,,missing_pdb,False
Q12270,,missing_pdb,False
Q12272,,missing_pdb,False
Q12275,,missing_pdb,False
Q12277,,missing_pdb,False
Q12283,,missing_pdb,False
Q12285,,missing_pdb,False
Q12287,,missing_pdb,False
Q12288,,missing_pdb,False
Q12291,,missing_pdb,False
Q12297,,missing_pdb,False
Q12298,,missing_pdb,False
Q12305,,missing_pdb,False
Q12308,,missing_pdb,False
Q12311,,missing_pdb,False
Q12314,,missing_pdb,False
Q12315,,missing_pdb,False
Q12321,,missing_pdb,False
Q12322,,missing_pdb,False
Q12329,,missing_pdb,False
Q12334,,missing_pdb,False
Q12339,,missing_pdb,False
Q12343,,missing_pdb,False
Q12344,,missing_pdb,False
Q12345,,missing_pdb,False
Q12349,,missing_pdb,False
Q12361,,missing_pdb,False
Q12362,,missing_pdb,False
Q12365,,missing_pdb,False
Q12368,,missing_pdb,False
Q12369,,missing_pdb,False
Q12373,,missing_pdb,False
Q12382,,missing_pdb,False
Q12387,,missing_pdb,False
Q12389,,missing_pdb,False
Q12404,,missing_pdb,False
Q12406,,missing_pdb,False
Q12411,,missing_pdb,False
Q12416,,missing_pdb,False
Q12417,,missing_pdb,False
Q12420,,missing_pdb,False
Q12425,,missing_pdb,False
Q12427,,missing_pdb,False
Q12431,,missing_pdb,False
Q12432,,missing_pdb,False
Q12433,,missing_pdb,False
Q12438,,missing_pdb,False
Q12443,,missing_pdb,False
Q12449,,missing_pdb,False
Q12452,,missing_pdb,False
Q12453,,missing_pdb,False
Q12457,,missing_pdb,False
Q12466,,missing_pdb,False
Q12481,,missing_pdb,False
Q12486,,missing_pdb,False
Q12494,,missing_pdb,False
Q12495,,missing_pdb,False
Q12497,,missing_pdb,False
Q12500,,missing_pdb,False
Q12504,,missing_pdb,False
Q12508,,missing_pdb,False
Q12511,,missing_pdb,False
Q12512,,missing_pdb,False
Q12513,,missing_pdb,False
Q12514,,missing_pdb,False
Q12515,,missing_pdb,False
Q12516,,missing_pdb,False
Q12518,,missing_pdb,False
Q12523,,missing_pdb,False
Q12745,,missing_pdb,False
Q12746,,missing_pdb,False
Q12766,,missing_pdb,False
Q12769,/data/ranran/my_ptm/croton/data/structure_pipeline/pdb/Q12769.pdb,exact_sequence_match,True
Q12789,/data/ranran/my_ptm/croton/data/structure_pipeline/pdb/Q12789.pdb,exact_sequence_match,True
Q12792,/data/ranran/my_ptm/croton/data/structure_pipeline/pdb/Q12792.pdb,exact_sequence_match,True
Q12797,/data/ranran/my_ptm/croton/data/structure_pipeline/pdb/Q12797.pdb,exact_sequence_match,True
Q12799,,missing_pdb,False
Q12802-2,,missing_pdb,False
Q12815,,missing_pdb,False
Q12816,/data/ranran/my_ptm/croton/data/structure_pipeline/pdb/Q12816.pdb,exact_sequence_match,True
Q12830,,missing_pdb,False
Q12834,/data/ranran/my_ptm/croton/data/structure_pipeline/pdb/Q12834.pdb,exact_sequence_match,True
Q12840,/data/ranran/my_ptm/croton/data/structure_pipeline/pdb/Q12840.pdb,exact_sequence_match,True
Q12849,/data/ranran/my_ptm/croton/data/structure_pipeline/pdb/Q12849.pdb,exact_sequence_match,True
Q12870,,missing_pdb,False
Q12872-2,,missing_pdb,False
Q12888-2,,missing_pdb,False
Q12894,,missing_pdb,False
Q12899,,missing_pdb,False
Q12904-2,,missing_pdb,False
Q12905,/data/ranran/my_ptm/croton/data/structure_pipeline/pdb/Q12905.pdb,exact_sequence_match,True
Q12906-6,,missing_pdb,False
Q12906-7,,missing_pdb,False
Q12912,,missing_pdb,False
Q12913,,missing_pdb,False
Q12923,,missing_pdb,False
Q12934,,missing_pdb,False
Q12947,,missing_pdb,False
Q12955,,missing_pdb,False
Q12959-2,,missing_pdb,False
Q12967,,missing_pdb,False
Q12968,,missing_pdb,False
Q12972,/data/ranran/my_ptm/croton/data/structure_pipeline/pdb/Q12972.pdb,exact_sequence_match,True
Q12979,/data/ranran/my_ptm/croton/data/structure_pipeline/pdb/Q12979.pdb,exact_sequence_match,True
Q12980,,missing_pdb,False
Q12981,,missing_pdb,False
Q12982,,missing_pdb,False
Q12983,,missing_pdb,False
Q12986,,missing_pdb,False
Q12996,/data/ranran/my_ptm/croton/data/structure_pipeline/pdb/Q12996.pdb,exact_sequence_match,True
Q13009,,missing_pdb,False
Q13015,,missing_pdb,False
Q13023,,missing_pdb,False
Q13029,,missing_pdb,False
Q13033,/data/ranran/my_ptm/croton/data/structure_pipeline/pdb/Q13033.pdb,exact_sequence_match,True
Q13049,/data/ranran/my_ptm/croton/data/structure_pipeline/pdb/Q13049.pdb,exact_sequence_match,True
Q13057-2,,missing_pdb,False
Q13061,,missing_pdb,False
Q13098-7,,missing_pdb,False
Q13105,,missing_pdb,False
Q13111,,missing_pdb,False
Q13114,,missing_pdb,False
Q13118,,missing_pdb,False
Q13123,/data/ranran/my_ptm/croton/data/structure_pipeline/pdb/Q13123.pdb,exact_sequence_match,True
Q13127,,missing_pdb,False
Q13129,,missing_pdb,False
Q13137,/data/ranran/my_ptm/croton/data/structure_pipeline/pdb/Q13137.pdb,exact_sequence_match,True
Q13148,/data/ranran/my_ptm/croton/data/structure_pipeline/pdb/Q13148.pdb,exact_sequence_match,True
Q13155,/data/ranran/my_ptm/croton/data/structure_pipeline/pdb/Q13155.pdb,exact_sequence_match,True
Q13158,/data/ranran/my_ptm/croton/data/structure_pipeline/pdb/Q13158.pdb,exact_sequence_match,True
Q13164,,missing_pdb,False
Q13190,,missing_pdb,False
Q13191,/data/ranran/my_ptm/croton/data/structure_pipeline/pdb/Q13191.pdb,exact_sequence_match,True
Q13201,,missing_pdb,False
Q13206,/data/ranran/my_ptm/croton/data/structure_pipeline/pdb/Q13206.pdb,exact_sequence_match,True
Q13216,,missing_pdb,False
Q13217,/data/ranran/my_ptm/croton/data/structure_pipeline/pdb/Q13217.pdb,exact_sequence_match,True
Q13224,,missing_pdb,False
Q13239,,missing_pdb,False
Q13275,,missing_pdb,False
Q13287,/data/ranran/my_ptm/croton/data/structure_pipeline/pdb/Q13287.pdb,exact_sequence_match,True
Q13308,,missing_pdb,False
Q13309,,missing_pdb,False
Q13316,,missing_pdb,False
Q13319,,missing_pdb,False
Q13322,,missing_pdb,False
Q13330,,missing_pdb,False
Q13332,,missing_pdb,False
Q13342,,missing_pdb,False
Q13351,,missing_pdb,False
Q13362,,missing_pdb,False
Q13393,,missing_pdb,False
Q13395,/data/ranran/my_ptm/croton/data/structure_pipeline/pdb/Q13395.pdb,exact_sequence_match,True
Q13415,,missing_pdb,False
Q13416,/data/ranran/my_ptm/croton/data/structure_pipeline/pdb/Q13416.pdb,exact_sequence_match,True
Q13421,,missing_pdb,False
Q13425,,missing_pdb,False
Q13426,,missing_pdb,False
Q13427,,missing_pdb,False
Q13428-3,,missing_pdb,False
Q13435,/data/ranran/my_ptm/croton/data/structure_pipeline/pdb/Q13435.pdb,exact_sequence_match,True
Q13454,,missing_pdb,False
Q13492,/data/ranran/my_ptm/croton/data/structure_pipeline/pdb/Q13492.pdb,exact_sequence_match,True
Q13495,,missing_pdb,False
Q13501,/data/ranran/my_ptm/croton/data/structure_pipeline/pdb/Q13501.pdb,exact_sequence_match,True
Q13505,,missing_pdb,False
Q13508,,missing_pdb,False
Q13510,,missing_pdb,False
Q13523,/data/ranran/my_ptm/croton/data/structure_pipeline/pdb/Q13523.pdb,exact_sequence_match,True
Q13535,/data/ranran/my_ptm/croton/data/structure_pipeline/pdb/Q13535.pdb,exact_sequence_match,True
Q13546,,missing_pdb,False
Q13554,/data/ranran/my_ptm/croton/data/structure_pipeline/pdb/Q13554.pdb,exact_sequence_match,True
Q13572,,missing_pdb,False
Q13576-2,,missing_pdb,False
Q13596-3,,missing_pdb,False
Q13601,/data/ranran/my_ptm/croton/data/structure_pipeline/pdb/Q13601.pdb,exact_sequence_match,True
Q13625-3,,missing_pdb,False
Q13627,,missing_pdb,False
Q13642,/data/ranran/my_ptm/croton/data/structure_pipeline/pdb/Q13642.pdb,exact_sequence_match,True
Q13651,,missing_pdb,False
Q13724,/data/ranran/my_ptm/croton/data/structure_pipeline/pdb/Q13724.pdb,exact_sequence_match,True
Q13753,,missing_pdb,False
Q13761,,missing_pdb,False
Q13769,,missing_pdb,False
Q13795,,missing_pdb,False
Q13797,,missing_pdb,False
Q13823,/data/ranran/my_ptm/croton/data/structure_pipeline/pdb/Q13823.pdb,exact_sequence_match,True
Q13825,,missing_pdb,False
Q13873,,missing_pdb,False
Q13887,,missing_pdb,False
Q13889,,missing_pdb,False
Q13901,/data/ranran/my_ptm/croton/data/structure_pipeline/pdb/Q13901.pdb,exact_sequence_match,True
Q13905,,missing_pdb,False
Q13907-2,,missing_pdb,False
Q13936,,missing_pdb,False
Q13939,,missing_pdb,False
Q13950,,missing_pdb,False
Q13952,/data/ranran/my_ptm/croton/data/structure_pipeline/pdb/Q13952.pdb,exact_sequence_match,True
Q14004,/data/ranran/my_ptm/croton/data/structure_pipeline/pdb/Q14004.pdb,exact_sequence_match,True
Q14055,,missing_pdb,False
Q14103,,missing_pdb,False
Q14106,,missing_pdb,False
Q14116,/data/ranran/my_ptm/croton/data/structure_pipeline/pdb/Q14116.pdb,exact_sequence_match,True
Q14117,,missing_pdb,False
Q14118,/data/ranran/my_ptm/croton/data/structure_pipeline/pdb/Q14118.pdb,exact_sequence_match,True
Q14119,/data/ranran/my_ptm/croton/data/structure_pipeline/pdb/Q14119.pdb,exact_sequence_match,True
Q14126,/data/ranran/my_ptm/croton/data/structure_pipeline/pdb/Q14126.pdb,exact_sequence_match,True
Q14139-2,,missing_pdb,False
Q14140,,missing_pdb,False
Q14141-3,,missing_pdb,False
Q14149,,missing_pdb,False
Q14152,/data/ranran/my_ptm/croton/data/structure_pipeline/pdb/Q14152.pdb,exact_sequence_match,True
Q14156,,missing_pdb,False
Q14160-3,,missing_pdb,False
Q14165,,missing_pdb,False
Q14166,,missing_pdb,False
Q14181,/data/ranran/my_ptm/croton/data/structure_pipeline/pdb/Q14181.pdb,exact_sequence_match,True
Q14191,,missing_pdb,False
Q14207,,missing_pdb,False
Q14232-2,,missing_pdb,False
Q14241,,missing_pdb,False
Q14244,/data/ranran/my_ptm/croton/data/structure_pipeline/pdb/Q14244.pdb,exact_sequence_match,True
Q14247-2,,missing_pdb,False
Q14318-2,,missing_pdb,False
Q14318-3,,missing_pdb,False
Q14344,,missing_pdb,False
Q14432,,missing_pdb,False
Q14435,,missing_pdb,False
Q14444,/data/ranran/my_ptm/croton/data/structure_pipeline/pdb/Q14444.pdb,exact_sequence_match,True
Q14457,,missing_pdb,False
Q14494,,missing_pdb,False
Q14498,/data/ranran/my_ptm/croton/data/structure_pipeline/pdb/Q14498.pdb,exact_sequence_match,True
Q14507,,missing_pdb,False
Q14512,,missing_pdb,False
Q14517,,missing_pdb,False
Q14526,,missing_pdb,False
Q14527,/data/ranran/my_ptm/croton/data/structure_pipeline/pdb/Q14527.pdb,exact_sequence_match,True
Q14549,,missing_pdb,False
Q14554,/data/ranran/my_ptm/croton/data/structure_pipeline/pdb/Q14554.pdb,exact_sequence_match,True
Q14568,,missing_pdb,False
Q14624,,missing_pdb,False
Q14643,,missing_pdb,False
Q14657,/data/ranran/my_ptm/croton/data/structure_pipeline/pdb/Q14657.pdb,exact_sequence_match,True
Q14667,,missing_pdb,False
Q14674,,missing_pdb,False
Q14676,,missing_pdb,False
Q14677-3,,missing_pdb,False
Q14679,,missing_pdb,False
Q14680,,missing_pdb,False
Q14684,/data/ranran/my_ptm/croton/data/structure_pipeline/pdb/Q14684.pdb,exact_sequence_match,True
Q14687,,missing_pdb,False
Q14690,/data/ranran/my_ptm/croton/data/structure_pipeline/pdb/Q14690.pdb,exact_sequence_match,True
Q14691,,missing_pdb,False
Q14693,,missing_pdb,False
Q14694-2,,missing_pdb,False
Q14696,,missing_pdb,False
Q14703,,missing_pdb,False
Q14714,/data/ranran/my_ptm/croton/data/structure_pipeline/pdb/Q14714.pdb,exact_sequence_match,True
Q14722,,missing_pdb,False
Q14746,,missing_pdb,False
Q14749,,missing_pdb,False
Q14764,/data/ranran/my_ptm/croton/data/structure_pipeline/pdb/Q14764.pdb,exact_sequence_match,True
Q14789,,missing_pdb,False
Q14807,/data/ranran/my_ptm/croton/data/structure_pipeline/pdb/Q14807.pdb,exact_sequence_match,True
Q14814,,missing_pdb,False
Q14863,,missing_pdb,False
Q14865,,missing_pdb,False
Q14872,,missing_pdb,False
Q148A4,,missing_pdb,False
Q148V7,,missing_pdb,False
Q148V8,,missing_pdb,False
Q14934,,missing_pdb,False
Q14966,/data/ranran/my_ptm/croton/data/structure_pipeline/pdb/Q14966.pdb,exact_sequence_match,True
Q14980,/data/ranran/my_ptm/croton/data/structure_pipeline/pdb/Q14980.pdb,exact_sequence_match,True
Q14990,,missing_pdb,False
Q14993,,missing_pdb,False
Q149G0,,missing_pdb,False
Q149M9,,missing_pdb,False
Q149N8,,missing_pdb,False
Q149T8,,missing_pdb,False
Q14AN0,,missing_pdb,False
Q14AT2,,missing_pdb,False
Q14B62,,missing_pdb,False
Q14BN4-6,,missing_pdb,False
Q14BP7,,missing_pdb,False
Q14C86-6,,missing_pdb,False
Q14C87,,missing_pdb,False
Q14CB8,,missing_pdb,False
Q14CH0,,missing_pdb,False
Q14CM0,,missing_pdb,False
Q14CX7,/data/ranran/my_ptm/croton/data/structure_pipeline/pdb/Q14CX7.pdb,exact_sequence_match,True
Q14CZ7,,missing_pdb,False
Q14DL3,,missing_pdb,False
Q15003,/data/ranran/my_ptm/croton/data/structure_pipeline/pdb/Q15003.pdb,exact_sequence_match,True
Q15004,/data/ranran/my_ptm/croton/data/structure_pipeline/pdb/Q15004.pdb,exact_sequence_match,True
Q15006,,missing_pdb,False
Q15007,/data/ranran/my_ptm/croton/data/structure_pipeline/pdb/Q15007.pdb,exact_sequence_match,True
Q15014,,missing_pdb,False
Q15018,/data/ranran/my_ptm/croton/data/structure_pipeline/pdb/Q15018.pdb,exact_sequence_match,True
Q15019-2,,missing_pdb,False
Q15020,/data/ranran/my_ptm/croton/data/structure_pipeline/pdb/Q15020.pdb,exact_sequence_match,True
Q15021,/data/ranran/my_ptm/croton/data/structure_pipeline/pdb/Q15021.pdb,exact_sequence_match,True
Q15025,,missing_pdb,False
Q15032,,missing_pdb,False
Q15036,/data/ranran/my_ptm/croton/data/structure_pipeline/pdb/Q15036.pdb,exact_sequence_match,True
Q15042,/data/ranran/my_ptm/croton/data/structure_pipeline/pdb/Q15042.pdb,exact_sequence_match,True
Q15043,,missing_pdb,False
Q15051,,missing_pdb,False
Q15056,/data/ranran/my_ptm/croton/data/structure_pipeline/pdb/Q15056.pdb,exact_sequence_match,True
Q15058,/data/ranran/my_ptm/croton/data/structure_pipeline/pdb/Q15058.pdb,exact_sequence_match,True
Q15061,/data/ranran/my_ptm/croton/data/structure_pipeline/pdb/Q15061.pdb,exact_sequence_match,True
Q15063,,missing_pdb,False
Q15072,,missing_pdb,False
Q15084-2,,missing_pdb,False
Q15102,,missing_pdb,False
Q15121,/data/ranran/my_ptm/croton/data/structure_pipeline/pdb/Q15121.pdb,exact_sequence_match,True
Q15125,/data/ranran/my_ptm/croton/data/structure_pipeline/pdb/Q15125.pdb,exact_sequence_match,True
Q15126,/data/ranran/my_ptm/croton/data/structure_pipeline/pdb/Q15126.pdb,exact_sequence_match,True
Q15139,,missing_pdb,False
Q15170,,missing_pdb,False
Q15185-2,,missing_pdb,False
Q15198,,missing_pdb,False
Q15257-4,,missing_pdb,False
Q15283,,missing_pdb,False
Q15287,/data/ranran/my_ptm/croton/data/structure_pipeline/pdb/Q15287.pdb,exact_sequence_match,True
Q15293,/data/ranran/my_ptm/croton/data/structure_pipeline/pdb/Q15293.pdb,exact_sequence_match,True
Q15300,,missing_pdb,False
Q15303,,missing_pdb,False
Q15306,,missing_pdb,False
Q15311,/data/ranran/my_ptm/croton/data/structure_pipeline/pdb/Q15311.pdb,exact_sequence_match,True
Q15326,,missing_pdb,False
Q15345,/data/ranran/my_ptm/croton/data/structure_pipeline/pdb/Q15345.pdb,exact_sequence_match,True
Q15361,/data/ranran/my_ptm/croton/data/structure_pipeline/pdb/Q15361.pdb,exact_sequence_match,True
Q15386,,missing_pdb,False
Q15388,/data/ranran/my_ptm/croton/data/structure_pipeline/pdb/Q15388.pdb,exact_sequence_match,True
Q15393-2,,missing_pdb,False
Q15393-3,,missing_pdb,False
Q15398,,missing_pdb,False
Q15427,/data/ranran/my_ptm/croton/data/structure_pipeline/pdb/Q15427.pdb,exact_sequence_match,True
Q15459,/data/ranran/my_ptm/croton/data/structure_pipeline/pdb/Q15459.pdb,exact_sequence_match,True
Q15464,,missing_pdb,False
Q15465,,missing_pdb,False
Q15466,,missing_pdb,False
Q15468,,missing_pdb,False
Q15477,,missing_pdb,False
Q15506,,missing_pdb,False
Q15527,,missing_pdb,False
Q15542,,missing_pdb,False
Q15544,,missing_pdb,False
Q15545,/data/ranran/my_ptm/croton/data/structure_pipeline/pdb/Q15545.pdb,exact_sequence_match,True
Q15554,,missing_pdb,False
Q15554-4,,missing_pdb,False
Q15555,/data/ranran/my_ptm/croton/data/structure_pipeline/pdb/Q15555.pdb,exact_sequence_match,True
Q15569,,missing_pdb,False
Q15573,,missing_pdb,False
Q15582,,missing_pdb,False
Q15583,,missing_pdb,False
Q155Q3,,missing_pdb,False
Q15633,,missing_pdb,False
Q15643,/data/ranran/my_ptm/croton/data/structure_pipeline/pdb/Q15643.pdb,exact_sequence_match,True
Q15645,,missing_pdb,False
Q15648,,missing_pdb,False
Q15648-3,,missing_pdb,False
Q15650,/data/ranran/my_ptm/croton/data/structure_pipeline/pdb/Q15650.pdb,exact_sequence_match,True
Q15651-2,,missing_pdb,False
Q15652,/data/ranran/my_ptm/croton/data/structure_pipeline/pdb/Q15652.pdb,exact_sequence_match,True
Q15652-2,,missing_pdb,False
Q15653,/data/ranran/my_ptm/croton/data/structure_pipeline/pdb/Q15653.pdb,exact_sequence_match,True
Q15654,,missing_pdb,False
Q15672,,missing_pdb,False
Q15695,,missing_pdb,False
Q15699,,missing_pdb,False
Q15714,/data/ranran/my_ptm/croton/data/structure_pipeline/pdb/Q15714.pdb,exact_sequence_match,True
Q15742,,missing_pdb,False
Q15744,,missing_pdb,False
Q15751,,missing_pdb,False
Q15758,/data/ranran/my_ptm/croton/data/structure_pipeline/pdb/Q15758.pdb,exact_sequence_match,True
Q15760,,missing_pdb,False
Q15772,,missing_pdb,False
Q15776,,missing_pdb,False
Q15785,/data/ranran/my_ptm/croton/data/structure_pipeline/pdb/Q15785.pdb,exact_sequence_match,True
Q15800,/data/ranran/my_ptm/croton/data/structure_pipeline/pdb/Q15800.pdb,exact_sequence_match,True
Q15811,,missing_pdb,False
Q15811-13,,missing_pdb,False
Q15811-2,,missing_pdb,False
Q15813-2,,missing_pdb,False
Q15831,,missing_pdb,False
Q15842,,missing_pdb,False
Q15847,,missing_pdb,False
Q15853,,missing_pdb,False
Q15911,,missing_pdb,False
Q15942-2,,missing_pdb,False
Q15973,,missing_pdb,False
Q16186,/data/ranran/my_ptm/croton/data/structure_pipeline/pdb/Q16186.pdb,exact_sequence_match,True
Q16204,/data/ranran/my_ptm/croton/data/structure_pipeline/pdb/Q16204.pdb,exact_sequence_match,True
Q16206,,missing_pdb,False
Q16236,,missing_pdb,False
Q16254,,missing_pdb,False
Q16281,,missing_pdb,False
Q16288,,missing_pdb,False
Q16322,,missing_pdb,False
Q16348,,missing_pdb,False
Q16401,/data/ranran/my_ptm/croton/data/structure_pipeline/pdb/Q16401.pdb,exact_sequence_match,True
Q16512-3,,missing_pdb,False
Q16513,/data/ranran/my_ptm/croton/data/structure_pipeline/pdb/Q16513.pdb,exact_sequence_match,True
Q16514,/data/ranran/my_ptm/croton/data/structure_pipeline/pdb/Q16514.pdb,exact_sequence_match,True
Q16520,,missing_pdb,False
Q16531,/data/ranran/my_ptm/croton/data/structure_pipeline/pdb/Q16531.pdb,exact_sequence_match,True
Q16531-2,,missing_pdb,False
Q16533,,missing_pdb,False
Q16540,,missing_pdb,False
Q16548,,missing_pdb,False
Q16559,,missing_pdb,False
Q16560,,missing_pdb,False
Q16594,,missing_pdb,False
Q16595,,missing_pdb,False
Q16600,,missing_pdb,False
Q16612,,missing_pdb,False
Q16630-2,,missing_pdb,False
Q16635,,missing_pdb,False
Q16637,/data/ranran/my_ptm/croton/data/structure_pipeline/pdb/Q16637.pdb,exact_sequence_match,True
Q16649,,missing_pdb,False
Q16656,,missing_pdb,False
Q16666,/data/ranran/my_ptm/croton/data/structure_pipeline/pdb/Q16666.pdb,exact_sequence_match,True
Q16698,,missing_pdb,False
Q16740,,missing_pdb,False
Q16799,,missing_pdb,False
Q16832,,missing_pdb,False
Q16854-2,,missing_pdb,False
Q16890,,missing_pdb,False
Q16891,/data/ranran/my_ptm/croton/data/structure_pipeline/pdb/Q16891.pdb,exact_sequence_match,True
Q17RS7,,missing_pdb,False
Q17RY0,,missing_pdb,False
Q18PE0,,missing_pdb,False
Q1A5X7,,missing_pdb,False
Q1AE95,,missing_pdb,False
Q1ERP8,,missing_pdb,False
Q1HL02,,missing_pdb,False
Q1HN45,,missing_pdb,False
Q1HQA8,,missing_pdb,False
Q1MSJ5,,missing_pdb,False
Q1MX18,,missing_pdb,False
Q1RMZ1,,missing_pdb,False
Q1RP77,,missing_pdb,False
Q1XH04,,missing_pdb,False
Q24141,,missing_pdb,False
Q24251,,missing_pdb,False
Q24318,,missing_pdb,False
Q24478,,missing_pdb,False
Q24535,,missing_pdb,False
Q25815,,missing_pdb,False
Q27073,,missing_pdb,False
Q27272,,missing_pdb,False
Q27294,,missing_pdb,False
Q27309,,missing_pdb,False
Q27J81,/data/ranran/my_ptm/croton/data/structure_pipeline/pdb/Q27J81.pdb,exact_sequence_match,True
Q29117,,missing_pdb,False
Q29197,,missing_pdb,False
Q29983,,missing_pdb,False
Q29R02,,missing_pdb,False
Q29TV8,,missing_pdb,False
Q2EEQ2,,missing_pdb,False
Q2EES0,,missing_pdb,False
Q2EG98,,missing_pdb,False
Q2EMV9,,missing_pdb,False
Q2I7J3,,missing_pdb,False
Q2KEI3,,missing_pdb,False
Q2KEV7,,missing_pdb,False
Q2KF40,,missing_pdb,False
Q2KFG0,,missing_pdb,False
Q2KFL9,,missing_pdb,False
Q2KFN5,,missing_pdb,False
Q2KFP4,,missing_pdb,False
Q2KFY0,,missing_pdb,False
Q2KGD1,,missing_pdb,False
Q2KGD3,,missing_pdb,False
Q2KGD9,,missing_pdb,False
Q2KGE3,,missing_pdb,False
Q2KGF5,,missing_pdb,False
Q2KGF7,,missing_pdb,False
Q2KGM2,,missing_pdb,False
Q2KGQ2,,missing_pdb,False
Q2KGQ4,,missing_pdb,False
Q2KHM9,,missing_pdb,False
Q2KJ09,,missing_pdb,False
Q2KJY2,,missing_pdb,False
Q2KN98,,missing_pdb,False
Q2M1J6,,missing_pdb,False
Q2M2I3,,missing_pdb,False
Q2M2I8,,missing_pdb,False
Q2M2R8,,missing_pdb,False
Q2M2Y9,,missing_pdb,False
Q2M389,/data/ranran/my_ptm/croton/data/structure_pipeline/pdb/Q2M389.pdb,exact_sequence_match,True
Q2M3C7,,missing_pdb,False
Q2M3W8,,missing_pdb,False
Q2M7R5,,missing_pdb,False
Q2MDF7,,missing_pdb,False
Q2NKX8,/data/ranran/my_ptm/croton/data/structure_pipeline/pdb/Q2NKX8.pdb,exact_sequence_match,True
Q2NL51,,missing_pdb,False
Q2PZL6,,missing_pdb,False
Q2Q0I9,,missing_pdb,False
Q2QI47,,missing_pdb,False
Q2QMK2,,missing_pdb,False
Q2QN08,,missing_pdb,False
Q2QNI4,,missing_pdb,False
Q2QNL0,,missing_pdb,False
Q2QNN5,,missing_pdb,False
Q2QNS7,,missing_pdb,False
Q2QNX5,,missing_pdb,False
Q2QP54,,missing_pdb,False
Q2QPW1,,missing_pdb,False
Q2QQK8,,missing_pdb,False
Q2QRA2,,missing_pdb,False
Q2QRV3,,missing_pdb,False
Q2QS77,,missing_pdb,False
Q2QSH6,,missing_pdb,False
Q2QT46,,missing_pdb,False
Q2QTC2,,missing_pdb,False
Q2QV94,,missing_pdb,False
Q2QVL8,,missing_pdb,False
Q2QW44,,missing_pdb,False
Q2QWM6,,missing_pdb,False
Q2QX01,,missing_pdb,False
Q2QX07,,missing_pdb,False
Q2QX42,,missing_pdb,False
Q2QXR7,,missing_pdb,False
Q2QXY9,,missing_pdb,False
Q2QY88,,missing_pdb,False
Q2QYK3,,missing_pdb,False
Q2QYL3,,missing_pdb,False
Q2QZ88,,missing_pdb,False
Q2R1G5,,missing_pdb,False
Q2R223,,missing_pdb,False
Q2R255,,missing_pdb,False
Q2R2E7,,missing_pdb,False
Q2R588,,missing_pdb,False
Q2R5H4,,missing_pdb,False
Q2R5T5,,missing_pdb,False
Q2R6J7,,missing_pdb,False
Q2R6R2,,missing_pdb,False
Q2R815,,missing_pdb,False
Q2R8U4,,missing_pdb,False
Q2R9Y6,,missing_pdb,False
Q2RBC6,,missing_pdb,False
Q2RBM8,,missing_pdb,False
Q2RVM4,,missing_pdb,False
Q2TAY7,/data/ranran/my_ptm/croton/data/structure_pipeline/pdb/Q2TAY7.pdb,exact_sequence_match,True
Q2TB10,,missing_pdb,False
Q2TBE0,/data/ranran/my_ptm/croton/data/structure_pipeline/pdb/Q2TBE0.pdb,exact_sequence_match,True
Q2TJI9,,missing_pdb,False
Q2TV84,,missing_pdb,False
Q2UY09,,missing_pdb,False
Q2V057,,missing_pdb,False
Q2V2P7,,missing_pdb,False
Q2V2Q1,,missing_pdb,False
Q2VIQ3,/data/ranran/my_ptm/croton/data/structure_pipeline/pdb/Q2VIQ3.pdb,exact_sequence_match,True
Q2VIS4,,missing_pdb,False
Q2VPK5,/data/ranran/my_ptm/croton/data/structure_pipeline/pdb/Q2VPK5.pdb,exact_sequence_match,True
Q2VPU4,,missing_pdb,False
Q2VYF4,,missing_pdb,False
Q2YD98,,missing_pdb,False
Q2YDU9,,missing_pdb,False
Q306J3,,missing_pdb,False
Q32M84,,missing_pdb,False
Q32MD9,,missing_pdb,False
Q32MH5,,missing_pdb,False
Q32MZ4,/data/ranran/my_ptm/croton/data/structure_pipeline/pdb/Q32MZ4.pdb,exact_sequence_match,True
Q32NB8,,missing_pdb,False
Q32P28-3,,missing_pdb,False
Q32P41,,missing_pdb,False
Q32Q12,,missing_pdb,False
Q32Q54,,missing_pdb,False
Q32WR5,,missing_pdb,False
Q32ZG2,,missing_pdb,False
Q337B8,,missing_pdb,False
Q337E0,,missing_pdb,False
Q338E2,,missing_pdb,False
Q339M5,,missing_pdb,False
Q339Q2,,missing_pdb,False
Q33BE1,,missing_pdb,False
Q38SD2,,missing_pdb,False
Q3B726,,missing_pdb,False
Q3B7D1,,missing_pdb,False
Q3B7L3,,missing_pdb,False
Q3B820,,missing_pdb,False
Q3B8N9,,missing_pdb,False
Q3B8P6,,missing_pdb,False
Q3B8R7,,missing_pdb,False
Q3BBV0,,missing_pdb,False
Q3BBV2,,missing_pdb,False
Q3E705,,missing_pdb,False
Q3E731,,missing_pdb,False
Q3E772,,missing_pdb,False
Q3E793,,missing_pdb,False
Q3E795,,missing_pdb,False
Q3E7A4,,missing_pdb,False
Q3E7B7,,missing_pdb,False
Q3E7Z5,,missing_pdb,False
Q3E824,,missing_pdb,False
Q3E833,,missing_pdb,False
Q3E8E5,,missing_pdb,False
Q3KNE1,,missing_pdb,False
Q3KNI6,,missing_pdb,False
Q3KNV1,,missing_pdb,False
Q3KNV8,,missing_pdb,False
Q3KQU3,,missing_pdb,False
Q3KR63,,missing_pdb,False
Q3KR71,,missing_pdb,False
Q3KR84,,missing_pdb,False
Q3KRA6,/data/ranran/my_ptm/croton/data/structure_pipeline/pdb/Q3KRA6.pdb,exact_sequence_match,True
Q3KRA9,,missing_pdb,False
Q3KTF2,,missing_pdb,False
Q3KTI0,,missing_pdb,False
Q3KZ47,,missing_pdb,False
Q3KZ56,,missing_pdb,False
Q3KZ66,,missing_pdb,False
Q3KZ69,,missing_pdb,False
Q3KZC4,,missing_pdb,False
Q3KZF3,,missing_pdb,False
Q3KZF8,,missing_pdb,False
Q3KZH9,,missing_pdb,False
Q3LB95,,missing_pdb,False
Q3LB98,,missing_pdb,False
Q3MHD2-2,,missing_pdb,False
Q3MIT2,,missing_pdb,False
Q3MJS5,,missing_pdb,False
Q3MKQ2,,missing_pdb,False
Q3SWT5,,missing_pdb,False
Q3SWU3,,missing_pdb,False
Q3SXM5,/data/ranran/my_ptm/croton/data/structure_pipeline/pdb/Q3SXM5.pdb,exact_sequence_match,True
Q3SXZ7,,missing_pdb,False
Q3SY17,,missing_pdb,False
Q3SY69,,missing_pdb,False
Q3SYG4,,missing_pdb,False
Q3T1H5,,missing_pdb,False
Q3T1J5,,missing_pdb,False
Q3T1L0,,missing_pdb,False
Q3T8J9,,missing_pdb,False
Q3TBU7,,missing_pdb,False
Q3TC33,,missing_pdb,False
Q3TC93,,missing_pdb,False
Q3TCN2,,missing_pdb,False
Q3TDN2,,missing_pdb,False
Q3TDX8,,missing_pdb,False
Q3TEA8,,missing_pdb,False
Q3TG45,,missing_pdb,False
Q3TG90,,missing_pdb,False
Q3TGF2,,missing_pdb,False
Q3TH34,,missing_pdb,False
Q3TH63,,missing_pdb,False
Q3THJ3,,missing_pdb,False
Q3TIV5,,missing_pdb,False
Q3TIX6,,missing_pdb,False
Q3TJ56,,missing_pdb,False
Q3TJW2,,missing_pdb,False
Q3TKD0,,missing_pdb,False
Q3TM89,,missing_pdb,False
Q3TML4,,missing_pdb,False
Q3TMS7,,missing_pdb,False
Q3TNQ6,,missing_pdb,False
Q3TTF6,,missing_pdb,False
Q3TTY0,,missing_pdb,False
Q3TWI9,,missing_pdb,False
Q3TWN3,,missing_pdb,False
Q3TX08,,missing_pdb,False
Q3TXZ1,,missing_pdb,False
Q3TYW4,,missing_pdb,False
Q3TYX4,,missing_pdb,False
Q3U034,,missing_pdb,False
Q3U0V1,,missing_pdb,False
Q3U125,,missing_pdb,False
Q3U1G5,,missing_pdb,False
Q3U1U4,,missing_pdb,False
Q3U1V6,,missing_pdb,False
Q3U3Q1,,missing_pdb,False
Q3U4I7,,missing_pdb,False
Q3U4X8,,missing_pdb,False
Q3U5C8,,missing_pdb,False
Q3U6Q4,,missing_pdb,False
Q3U821,,missing_pdb,False
Q3U827,,missing_pdb,False
Q3U9G9,,missing_pdb,False
Q3UA37,,missing_pdb,False
Q3UB74,,missing_pdb,False
Q3UBX0,,missing_pdb,False
Q3UC65,,missing_pdb,False
Q3UD01,,missing_pdb,False
Q3UDM0,,missing_pdb,False
Q3UDW8,,missing_pdb,False
Q3UEB3,,missing_pdb,False
Q3UEL5,,missing_pdb,False
Q3UEN2,,missing_pdb,False
Q3UFY8,,missing_pdb,False
Q3UGA5,,missing_pdb,False
Q3UGC7,,missing_pdb,False
Q3UGR5,,missing_pdb,False
Q3UH06,,missing_pdb,False
Q3UH93,,missing_pdb,False
Q3UHD3,,missing_pdb,False
Q3UHF3,,missing_pdb,False
Q3UHH4,,missing_pdb,False
Q3UHK6,,missing_pdb,False
Q3UHL1,,missing_pdb,False
Q3UJH4,,missing_pdb,False
Q3UJU9,,missing_pdb,False
Q3UK02,,missing_pdb,False
Q3UKC1,,missing_pdb,False
Q3UKW2,,missing_pdb,False
Q3ULM0,,missing_pdb,False
Q3ULW8,,missing_pdb,False
Q3UM45,,missing_pdb,False
Q3UM89,,missing_pdb,False
Q3UMF0,,missing_pdb,False
Q3UMR5-2,,missing_pdb,False
Q3UN08,,missing_pdb,False
Q3UN16,,missing_pdb,False
Q3UNN8,,missing_pdb,False
Q3UNS8,,missing_pdb,False
Q3UNX5,,missing_pdb,False
Q3UP24,,missing_pdb,False
Q3UPH7,,missing_pdb,False
Q3UPI1,,missing_pdb,False
Q3UPP8,,missing_pdb,False
Q3UQI9,,missing_pdb,False
Q3UQS2,,missing_pdb,False
Q3URJ7,,missing_pdb,False
Q3URK1,,missing_pdb,False
Q3URU2-2,,missing_pdb,False
Q3USS3,,missing_pdb,False
Q3USZ8,,missing_pdb,False
Q3UT76,,missing_pdb,False
Q3UTH8,,missing_pdb,False
Q3UTQ7,,missing_pdb,False
Q3UU73,,missing_pdb,False
Q3UUJ4,,missing_pdb,False
Q3UUQ7,,missing_pdb,False
Q3UUW5,,missing_pdb,False
Q3UUX7,,missing_pdb,False
Q3UV48,,missing_pdb,False
Q3UW64,,missing_pdb,False
Q3UWK9,,missing_pdb,False
Q3UXQ3,,missing_pdb,False
Q3UYI1,,missing_pdb,False
Q3UZV7,,missing_pdb,False
Q3V040,,missing_pdb,False
Q3V079,,missing_pdb,False
Q3V086,,missing_pdb,False
Q3V0C1,,missing_pdb,False
Q3V0C5,,missing_pdb,False
Q3V0G7,,missing_pdb,False
Q3V0K6,,missing_pdb,False
Q3V0L5,,missing_pdb,False
Q3V0M1,,missing_pdb,False
Q3V0M2,,missing_pdb,False
Q3V0Q1,,missing_pdb,False
Q3V0X7,,missing_pdb,False
Q3V118,,missing_pdb,False
Q3V125,,missing_pdb,False
Q3V161,,missing_pdb,False
Q3V1N5,,missing_pdb,False
Q3V209,,missing_pdb,False
Q3V3C7,,missing_pdb,False
Q3V3G7,,missing_pdb,False
Q3V3G9,,missing_pdb,False
Q3V3K3,,missing_pdb,False
Q3V4B5,,missing_pdb,False
Q3V7R9,,missing_pdb,False
Q3YEC7,,missing_pdb,False
Q3ZCN8,,missing_pdb,False
Q3ZCQ8,/data/ranran/my_ptm/croton/data/structure_pipeline/pdb/Q3ZCQ8.pdb,exact_sequence_match,True
Q3ZCV2,,missing_pdb,False
Q3ZLR7,,missing_pdb,False
Q3ZN08,,missing_pdb,False
Q3ZT31,,missing_pdb,False
Q41516,,missing_pdb,False
Q41554,,missing_pdb,False
Q42456,,missing_pdb,False
Q42980,,missing_pdb,False
Q43301,,missing_pdb,False
Q43658,,missing_pdb,False
Q43661,,missing_pdb,False
Q45061,,missing_pdb,False
Q45063,,missing_pdb,False
Q45069,,missing_pdb,False
Q45497,,missing_pdb,False
Q45498,,missing_pdb,False
Q45514,,missing_pdb,False
Q45539,,missing_pdb,False
Q45589,,missing_pdb,False
Q45593,,missing_pdb,False
Q45595,,missing_pdb,False
Q45597,,missing_pdb,False
Q45598,,missing_pdb,False
Q45600,,missing_pdb,False
Q45601,,missing_pdb,False
Q45614,,missing_pdb,False
Q45QJ4,,missing_pdb,False
Q45R42,,missing_pdb,False
Q46072,,missing_pdb,False
Q460N3,,missing_pdb,False
Q46802,,missing_pdb,False
Q46803,,missing_pdb,False
Q46817,,missing_pdb,False
Q46822,,missing_pdb,False
Q46864,,missing_pdb,False
Q46865,,missing_pdb,False
Q46868,,missing_pdb,False
Q46871,,missing_pdb,False
Q46893,,missing_pdb,False
Q46919,,missing_pdb,False
Q46948,,missing_pdb,False
Q47005,,missing_pdb,False
Q47150,,missing_pdb,False
Q47156,,missing_pdb,False
Q47157,,missing_pdb,False
Q47158,,missing_pdb,False
Q494G8,,missing_pdb,False
Q495M9,,missing_pdb,False
Q495V5,,missing_pdb,False
Q496A3,,missing_pdb,False
Q497A9,,missing_pdb,False
Q497H4,,missing_pdb,False
Q497U6,,missing_pdb,False
Q498E2,,missing_pdb,False
Q498E3,,missing_pdb,False
Q498T2,,missing_pdb,False
Q498T3,,missing_pdb,False
Q499M5,,missing_pdb,False
Q499V1,,missing_pdb,False
Q499V8,,missing_pdb,False
Q499Z3,,missing_pdb,False
Q499Z4,,missing_pdb,False
Q49A26,/data/ranran/my_ptm/croton/data/structure_pipeline/pdb/Q49A26.pdb,exact_sequence_match,True
Q49A88,,missing_pdb,False
Q49AI2,,missing_pdb,False
Q49AM3,,missing_pdb,False
Q49MG5,,missing_pdb,False
Q4AC94,,missing_pdb,False
Q4CXR1,,missing_pdb,False
Q4FZB7,,missing_pdb,False
Q4FZB7-2,,missing_pdb,False
Q4FZR7,,missing_pdb,False
Q4FZT8,,missing_pdb,False
Q4FZZ1,,missing_pdb,False
Q4G012,,missing_pdb,False
Q4G0J3-2,,missing_pdb,False
Q4G0J3-3,,missing_pdb,False
Q4G148,/data/ranran/my_ptm/croton/data/structure_pipeline/pdb/Q4G148.pdb,exact_sequence_match,True
Q4J6C6,/data/ranran/my_ptm/croton/data/structure_pipeline/pdb/Q4J6C6.pdb,exact_sequence_match,True
Q4JFC6,,missing_pdb,False
Q4JI71,,missing_pdb,False
Q4JJC0,,missing_pdb,False
Q4JL32,,missing_pdb,False
Q4KL35,,missing_pdb,False
Q4KLH6,,missing_pdb,False
Q4KLM9,,missing_pdb,False
Q4KLN4,,missing_pdb,False
Q4KLN7,,missing_pdb,False
Q4KLZ1,,missing_pdb,False
Q4KM31,,missing_pdb,False
Q4KM52,,missing_pdb,False
Q4KM62,,missing_pdb,False
Q4KMP7,,missing_pdb,False
Q4L180-7,,missing_pdb,False
Q4LDD4,,missing_pdb,False
Q4LE60,,missing_pdb,False
Q4PLS0,,missing_pdb,False
Q4QQU5,,missing_pdb,False
Q4QQV3,,missing_pdb,False
Q4QQV8,,missing_pdb,False
Q4QR73,,missing_pdb,False
Q4QR78,,missing_pdb,False
Q4QRL3,,missing_pdb,False
Q4U2Q5,,missing_pdb,False
Q4U2R1,,missing_pdb,False
Q4U2R6,/data/ranran/my_ptm/croton/data/structure_pipeline/pdb/Q4U2R6.pdb,exact_sequence_match,True
Q4U4S6,,missing_pdb,False
Q4V328,/data/ranran/my_ptm/croton/data/structure_pipeline/pdb/Q4V328.pdb,exact_sequence_match,True
Q4V7B1,,missing_pdb,False
Q4V7D7,,missing_pdb,False
Q4V7E8,,missing_pdb,False
Q4V893,,missing_pdb,False
Q4V8A6,,missing_pdb,False
Q4V8B4,,missing_pdb,False
Q4V8C6,,missing_pdb,False
Q4V8D0,,missing_pdb,False
Q4V8D6,,missing_pdb,False
Q4V8E4,,missing_pdb,False
Q4V8F8,,missing_pdb,False
Q4V8F9,,missing_pdb,False
Q4V8G8,,missing_pdb,False
Q4V8H2,,missing_pdb,False
Q4V8I5,,missing_pdb,False
Q4V8J7,,missing_pdb,False
Q4V8K3,,missing_pdb,False
Q4V8P1,,missing_pdb,False
Q4VA36,,missing_pdb,False
Q4VBG2,,missing_pdb,False
Q4VXH1,,missing_pdb,False
Q4W5N1,,missing_pdb,False
Q4W8E7,,missing_pdb,False
Q4W943,,missing_pdb,False
Q4W946,,missing_pdb,False
Q4W979,,missing_pdb,False
Q4W986,,missing_pdb,False
Q4W989,,missing_pdb,False
Q4W9B7,,missing_pdb,False
Q4W9B8,,missing_pdb,False
Q4W9B9,,missing_pdb,False
Q4W9J7,,missing_pdb,False
Q4W9J8,,missing_pdb,False
Q4W9K3,,missing_pdb,False
Q4W9M1,,missing_pdb,False
Q4W9M2,,missing_pdb,False
Q4W9M5,,missing_pdb,False
Q4W9N8,,missing_pdb,False
Q4W9N9,,missing_pdb,False
Q4W9Q2,,missing_pdb,False
Q4W9Q3,,missing_pdb,False
Q4W9Q4,,missing_pdb,False
Q4W9R6,,missing_pdb,False
Q4W9S0,,missing_pdb,False
Q4W9S1,,missing_pdb,False
Q4W9S6,,missing_pdb,False
Q4W9W8,,missing_pdb,False
Q4W9Z9,,missing_pdb,False
Q4WA10,,missing_pdb,False
Q4WA16,,missing_pdb,False
Q4WA17,,missing_pdb,False
Q4WA31,,missing_pdb,False
Q4WA34,,missing_pdb,False
Q4WA80,,missing_pdb,False
Q4WAG4,,missing_pdb,False
Q4WAG8,,missing_pdb,False
Q4WAH3,,missing_pdb,False
Q4WAI2,,missing_pdb,False
Q4WAJ3,,missing_pdb,False
Q4WAJ5,,missing_pdb,False
Q4WAJ7,,missing_pdb,False
Q4WAL7,,missing_pdb,False
Q4WAN0,,missing_pdb,False
Q4WAN3,,missing_pdb,False
Q4WAN6,,missing_pdb,False
Q4WAP5,,missing_pdb,False
Q4WAQ1,,missing_pdb,False
Q4WAR3,,missing_pdb,False
Q4WAR5,,missing_pdb,False
Q4WAS1,,missing_pdb,False
Q4WAS3,,missing_pdb,False
Q4WAS6,,missing_pdb,False
Q4WAS8,,missing_pdb,False
Q4WAS9,,missing_pdb,False
Q4WAU1,,missing_pdb,False
Q4WAU3,,missing_pdb,False
Q4WAU8,,missing_pdb,False
Q4WAU9,,missing_pdb,False
Q4WAV3,,missing_pdb,False
Q4WAV4,,missing_pdb,False
Q4WAV7,,missing_pdb,False
Q4WAV8,,missing_pdb,False
Q4WAW2,,missing_pdb,False
Q4WAW5,,missing_pdb,False
Q4WAW7,,missing_pdb,False
Q4WAX0,,missing_pdb,False
Q4WAY8,,missing_pdb,False
Q4WAY9,,missing_pdb,False
Q4WAZ0,,missing_pdb,False
Q4WAZ6,,missing_pdb,False
Q4WB00,,missing_pdb,False
Q4WB01,,missing_pdb,False
Q4WB06,,missing_pdb,False
Q4WB16,,missing_pdb,False
Q4WB23,,missing_pdb,False
Q4WB30,,missing_pdb,False
Q4WB35,,missing_pdb,False
Q4WB75,,missing_pdb,False
Q4WB80,,missing_pdb,False
Q4WBD8,,missing_pdb,False
Q4WBF4,,missing_pdb,False
Q4WBM0,,missing_pdb,False
Q4WBM4,,missing_pdb,False
Q4WBQ4,,missing_pdb,False
Q4WBR1,,missing_pdb,False
Q4WBR3,,missing_pdb,False
Q4WBU2,,missing_pdb,False
Q4WC18,,missing_pdb,False
Q4WC19,,missing_pdb,False
Q4WC49,,missing_pdb,False
Q4WC54,,missing_pdb,False
Q4WC56,,missing_pdb,False
Q4WC60,,missing_pdb,False
Q4WC61,,missing_pdb,False
Q4WC71,,missing_pdb,False
Q4WC76,,missing_pdb,False
Q4WC77,,missing_pdb,False
Q4WC83,,missing_pdb,False
Q4WC86,,missing_pdb,False
Q4WC93,,missing_pdb,False
Q4WCC2,,missing_pdb,False
Q4WCE2,,missing_pdb,False
Q4WCE9,,missing_pdb,False
Q4WCF0,,missing_pdb,False
Q4WCF2,,missing_pdb,False
Q4WCF5,,missing_pdb,False
Q4WCF8,,missing_pdb,False
Q4WCG5,,missing_pdb,False
Q4WCG6,,missing_pdb,False
Q4WCH3,,missing_pdb,False
Q4WCH4,,missing_pdb,False
Q4WCH5,,missing_pdb,False
Q4WCH7,,missing_pdb,False
Q4WCI4,,missing_pdb,False
Q4WCI9,,missing_pdb,False
Q4WCJ3,,missing_pdb,False
Q4WCJ5,,missing_pdb,False
Q4WCJ8,,missing_pdb,False
Q4WCK1,,missing_pdb,False
Q4WCL6,,missing_pdb,False
Q4WCM0,,missing_pdb,False
Q4WCM1,,missing_pdb,False
Q4WCP3,,missing_pdb,False
Q4WCQ5,,missing_pdb,False
Q4WCR0,,missing_pdb,False
Q4WCR1,,missing_pdb,False
Q4WCR5,,missing_pdb,False
Q4WCR8,,missing_pdb,False
Q4WCS5,,missing_pdb,False
Q4WCT4,,missing_pdb,False
Q4WCT8,,missing_pdb,False
Q4WCU0,,missing_pdb,False
Q4WCU6,,missing_pdb,False
Q4WCW5,,missing_pdb,False
Q4WCW9,,missing_pdb,False
Q4WCX3,,missing_pdb,False
Q4WCX4,,missing_pdb,False
Q4WCX7,,missing_pdb,False
Q4WCY6,,missing_pdb,False
Q4WD10,,missing_pdb,False
Q4WD43,,missing_pdb,False
Q4WD47,,missing_pdb,False
Q4WD49,,missing_pdb,False
Q4WD52,,missing_pdb,False
Q4WD63,,missing_pdb,False
Q4WD66,,missing_pdb,False
Q4WD74,,missing_pdb,False
Q4WD75,,missing_pdb,False
Q4WD80,,missing_pdb,False
Q4WD84,,missing_pdb,False
Q4WD99,,missing_pdb,False
Q4WDA3,,missing_pdb,False
Q4WDC9,,missing_pdb,False
Q4WDD0,,missing_pdb,False
Q4WDD8,,missing_pdb,False
Q4WDD9,,missing_pdb,False
Q4WDF1,,missing_pdb,False
Q4WDF4,,missing_pdb,False
Q4WDF7,,missing_pdb,False
Q4WDG0,,missing_pdb,False
Q4WDG2,,missing_pdb,False
Q4WDG4,,missing_pdb,False
Q4WDG7,,missing_pdb,False
Q4WDG8,,missing_pdb,False
Q4WDH1,,missing_pdb,False
Q4WDH8,,missing_pdb,False
Q4WDI3,,missing_pdb,False
Q4WDI9,,missing_pdb,False
Q4WDJ2,,missing_pdb,False
Q4WDJ3,,missing_pdb,False
Q4WDJ5,,missing_pdb,False
Q4WDL1,,missing_pdb,False
Q4WDL2,,missing_pdb,False
Q4WDN0,,missing_pdb,False
Q4WDN2,,missing_pdb,False
Q4WDN3,,missing_pdb,False
Q4WDU1,,missing_pdb,False
Q4WDU8,,missing_pdb,False
Q4WDX6,,missing_pdb,False
Q4WDZ1,,missing_pdb,False
Q4WE17,,missing_pdb,False
Q4WE19,,missing_pdb,False
Q4WE25,,missing_pdb,False
Q4WE50,,missing_pdb,False
Q4WE51,,missing_pdb,False
Q4WE57,,missing_pdb,False
Q4WE59,,missing_pdb,False
Q4WE62,,missing_pdb,False
Q4WE63,,missing_pdb,False
Q4WE76,,missing_pdb,False
Q4WE85,,missing_pdb,False
Q4WE89,,missing_pdb,False
Q4WE94,,missing_pdb,False
Q4WEB3,,missing_pdb,False
Q4WED4,,missing_pdb,False
Q4WEE7,,missing_pdb,False
Q4WEE8,,missing_pdb,False
Q4WEF2,,missing_pdb,False
Q4WEF3,,missing_pdb,False
Q4WEH4,,missing_pdb,False
Q4WEI1,,missing_pdb,False
Q4WEJ4,,missing_pdb,False
Q4WEK1,,missing_pdb,False
Q4WEK3,,missing_pdb,False
Q4WEL1,,missing_pdb,False
Q4WEL2,,missing_pdb,False
Q4WEL5,,missing_pdb,False
Q4WEL9,,missing_pdb,False
Q4WEM8,,missing_pdb,False
Q4WEN5,,missing_pdb,False
Q4WEN7,,missing_pdb,False
Q4WEP6,,missing_pdb,False
Q4WEP8,,missing_pdb,False
Q4WER0,,missing_pdb,False
Q4WER1,,missing_pdb,False
Q4WES7,,missing_pdb,False
Q4WES9,,missing_pdb,False
Q4WET0,,missing_pdb,False
Q4WET4,,missing_pdb,False
Q4WEU6,,missing_pdb,False
Q4WEV2,,missing_pdb,False
Q4WEW0,,missing_pdb,False
Q4WEW8,,missing_pdb,False
Q4WEX5,,missing_pdb,False
Q4WEX8,,missing_pdb,False
Q4WEY0,,missing_pdb,False
Q4WEY3,,missing_pdb,False
Q4WEY6,,missing_pdb,False
Q4WEZ3,,missing_pdb,False
Q4WF21,,missing_pdb,False
Q4WF33,,missing_pdb,False
Q4WF35,,missing_pdb,False
Q4WF53,,missing_pdb,False
Q4WF61,,missing_pdb,False
Q4WF62,,missing_pdb,False
Q4WF91,,missing_pdb,False
Q4WFD9,,missing_pdb,False
Q4WFF9,,missing_pdb,False
Q4WFG0,,missing_pdb,False
Q4WFJ0,,missing_pdb,False
Q4WFK5,,missing_pdb,False
Q4WFL1,,missing_pdb,False
Q4WFN7,,missing_pdb,False
Q4WFR0,,missing_pdb,False
Q4WFR1,,missing_pdb,False
Q4WFT3,,missing_pdb,False
Q4WFT7,,missing_pdb,False
Q4WFW0,,missing_pdb,False
Q4WFW5,,missing_pdb,False
Q4WFZ3,,missing_pdb,False
Q4WG26,,missing_pdb,False
Q4WG36,,missing_pdb,False
Q4WG41,,missing_pdb,False
Q4WG43,,missing_pdb,False
Q4WG46,,missing_pdb,False
Q4WG51,,missing_pdb,False
Q4WG54,,missing_pdb,False
Q4WG57,,missing_pdb,False
Q4WG65,,missing_pdb,False
Q4WG69,,missing_pdb,False
Q4WG77,,missing_pdb,False
Q4WG84,,missing_pdb,False
Q4WG85,,missing_pdb,False
Q4WG86,,missing_pdb,False
Q4WGA1,,missing_pdb,False
Q4WGA2,,missing_pdb,False
Q4WGA3,,missing_pdb,False
Q4WGC6,,missing_pdb,False
Q4WGD8,,missing_pdb,False
Q4WGD9,,missing_pdb,False
Q4WGE0,,missing_pdb,False
Q4WGF5,,missing_pdb,False
Q4WGK1,,missing_pdb,False
Q4WGK2,,missing_pdb,False
Q4WGK7,,missing_pdb,False
Q4WGL0,,missing_pdb,False
Q4WGL1,,missing_pdb,False
Q4WGL4,,missing_pdb,False
Q4WGL6,,missing_pdb,False
Q4WGL7,,missing_pdb,False
Q4WGN0,,missing_pdb,False
Q4WGN2,,missing_pdb,False
Q4WGN8,,missing_pdb,False
Q4WGP2,,missing_pdb,False
Q4WGP9,,missing_pdb,False
Q4WGQ0,,missing_pdb,False
Q4WGR3,,missing_pdb,False
Q4WGR8,,missing_pdb,False
Q4WGS0,,missing_pdb,False
Q4WGS8,,missing_pdb,False
Q4WGW2,,missing_pdb,False
Q4WGX9,,missing_pdb,False
Q4WGY1,,missing_pdb,False
Q4WGY8,,missing_pdb,False
Q4WH48,,missing_pdb,False
Q4WH89,,missing_pdb,False
Q4WH92,,missing_pdb,False
Q4WHA0,,missing_pdb,False
Q4WHA5,,missing_pdb,False
Q4WHB2,,missing_pdb,False
Q4WHB5,,missing_pdb,False
Q4WHD7,,missing_pdb,False
Q4WHE2,,missing_pdb,False
Q4WHE7,,missing_pdb,False
Q4WHF5,,missing_pdb,False
Q4WHG2,,missing_pdb,False
Q4WHG4,,missing_pdb,False
Q4WHG8,,missing_pdb,False
Q4WHH3,,missing_pdb,False
Q4WHK3,,missing_pdb,False
Q4WHL4,,missing_pdb,False
Q4WHL9,,missing_pdb,False
Q4WHM0,,missing_pdb,False
Q4WHN8,,missing_pdb,False
Q4WHP0,,missing_pdb,False
Q4WHP1,,missing_pdb,False
Q4WHR0,,missing_pdb,False
Q4WHR6,,missing_pdb,False
Q4WHR9,,missing_pdb,False
Q4WHT8,,missing_pdb,False
Q4WHU0,,missing_pdb,False
Q4WHU8,,missing_pdb,False
Q4WHV7,,missing_pdb,False
Q4WHW4,,missing_pdb,False
Q4WHW6,,missing_pdb,False
Q4WHW8,,missing_pdb,False
Q4WHX7,,missing_pdb,False
Q4WHY7,,missing_pdb,False
Q4WHZ1,,missing_pdb,False
Q4WI04,,missing_pdb,False
Q4WI09,,missing_pdb,False
Q4WI12,,missing_pdb,False
Q4WI19,,missing_pdb,False
Q4WI27,,missing_pdb,False
Q4WI47,,missing_pdb,False
Q4WI54,,missing_pdb,False
Q4WI55,,missing_pdb,False
Q4WI57,,missing_pdb,False
Q4WI62,,missing_pdb,False
Q4WI65,,missing_pdb,False
Q4WI85,,missing_pdb,False
Q4WI90,,missing_pdb,False
Q4WI95,,missing_pdb,False
Q4WIA3,,missing_pdb,False
Q4WIA8,,missing_pdb,False
Q4WIB1,,missing_pdb,False
Q4WIB5,,missing_pdb,False
Q4WIC3,,missing_pdb,False
Q4WIC9,,missing_pdb,False
Q4WID5,,missing_pdb,False
Q4WID7,,missing_pdb,False
Q4WID9,,missing_pdb,False
Q4WIE1,,missing_pdb,False
Q4WIE4,,missing_pdb,False
Q4WIF7,,missing_pdb,False
Q4WIF8,,missing_pdb,False
Q4WIF9,,missing_pdb,False
Q4WIG6,,missing_pdb,False
Q4WIH5,,missing_pdb,False
Q4WIH6,,missing_pdb,False
Q4WII3,,missing_pdb,False
Q4WII7,,missing_pdb,False
Q4WII8,,missing_pdb,False
Q4WIK9,,missing_pdb,False
Q4WIL2,,missing_pdb,False
Q4WIM1,,missing_pdb,False
Q4WIM2,,missing_pdb,False
Q4WIM4,,missing_pdb,False
Q4WIM6,,missing_pdb,False
Q4WIN5,,missing_pdb,False
Q4WIN7,,missing_pdb,False
Q4WIP8,,missing_pdb,False
Q4WIT1,,missing_pdb,False
Q4WIV3,,missing_pdb,False
Q4WIZ9,,missing_pdb,False
Q4WJ04,,missing_pdb,False
Q4WJ08,,missing_pdb,False
Q4WJ11,,missing_pdb,False
Q4WJ16,,missing_pdb,False
Q4WJ22,,missing_pdb,False
Q4WJ26,,missing_pdb,False
Q4WJ29,,missing_pdb,False
Q4WJ41,,missing_pdb,False
Q4WJ48,,missing_pdb,False
Q4WJ57,,missing_pdb,False
Q4WJ67,,missing_pdb,False
Q4WJ68,,missing_pdb,False
Q4WJ81,,missing_pdb,False
Q4WJ86,,missing_pdb,False
Q4WJ89,,missing_pdb,False
Q4WJA5,,missing_pdb,False
Q4WJA9,,missing_pdb,False
Q4WJB1,,missing_pdb,False
Q4WJB9,,missing_pdb,False
Q4WJC1,,missing_pdb,False
Q4WJD0,,missing_pdb,False
Q4WJD3,,missing_pdb,False
Q4WJD7,,missing_pdb,False
Q4WJE0,,missing_pdb,False
Q4WJF0,,missing_pdb,False
Q4WJF3,,missing_pdb,False
Q4WJH3,,missing_pdb,False
Q4WJH7,,missing_pdb,False
Q4WJI6,,missing_pdb,False
Q4WJI7,,missing_pdb,False
Q4WJK7,,missing_pdb,False
Q4WJM2,,missing_pdb,False
Q4WJM6,,missing_pdb,False
Q4WJN5,,missing_pdb,False
Q4WJN7,,missing_pdb,False
Q4WJN9,,missing_pdb,False
Q4WJP3,,missing_pdb,False
Q4WJP7,,missing_pdb,False
Q4WJQ5,,missing_pdb,False
Q4WJQ8,,missing_pdb,False
Q4WJQ9,,missing_pdb,False
Q4WJR4,,missing_pdb,False
Q4WJS4,,missing_pdb,False
Q4WJV0,,missing_pdb,False
Q4WJV3,,missing_pdb,False
Q4WJW0,,missing_pdb,False
Q4WJX7,,missing_pdb,False
Q4WJY2,,missing_pdb,False
Q4WJY6,,missing_pdb,False
Q4WJZ1,,missing_pdb,False
Q4WJZ5,,missing_pdb,False
Q4WJZ9,,missing_pdb,False
Q4WK12,,missing_pdb,False
Q4WK14,,missing_pdb,False
Q4WK26,,missing_pdb,False
Q4WK36,,missing_pdb,False
Q4WK38,,missing_pdb,False
Q4WK50,,missing_pdb,False
Q4WK56,,missing_pdb,False
Q4WK59,,missing_pdb,False
Q4WK61,,missing_pdb,False
Q4WK66,,missing_pdb,False
Q4WK70,,missing_pdb,False
Q4WK81,,missing_pdb,False
Q4WKA5,,missing_pdb,False
Q4WKB4,,missing_pdb,False
Q4WKB5,,missing_pdb,False
Q4WKB7,,missing_pdb,False
Q4WKC1,,missing_pdb,False
Q4WKD7,,missing_pdb,False
Q4WKF2,,missing_pdb,False
Q4WKF8,,missing_pdb,False
Q4WKF9,,missing_pdb,False
Q4WKG6,,missing_pdb,False
Q4WKG9,,missing_pdb,False
Q4WKH7,,missing_pdb,False
Q4WKJ9,,missing_pdb,False
Q4WKL2,,missing_pdb,False
Q4WKL8,,missing_pdb,False
Q4WKQ2,,missing_pdb,False
Q4WKQ6,,missing_pdb,False
Q4WKX1,,missing_pdb,False
Q4WKZ2,,missing_pdb,False
Q4WL18,,missing_pdb,False
Q4WL45,,missing_pdb,False
Q4WLA0,,missing_pdb,False
Q4WLB6,,missing_pdb,False
Q4WLF1,,missing_pdb,False
Q4WLH3,,missing_pdb,False
Q4WLH6,,missing_pdb,False
Q4WLI9,,missing_pdb,False
Q4WLJ8,,missing_pdb,False
Q4WLK0,,missing_pdb,False
Q4WLK7,,missing_pdb,False
Q4WLK8,,missing_pdb,False
Q4WLL1,,missing_pdb,False
Q4WLM1,,missing_pdb,False
Q4WLM6,,missing_pdb,False
Q4WLM8,,missing_pdb,False
Q4WLM9,,missing_pdb,False
Q4WLN2,,missing_pdb,False
Q4WLN9,,missing_pdb,False
Q4WLP7,,missing_pdb,False
Q4WLQ2,,missing_pdb,False
Q4WLQ5,,missing_pdb,False
Q4WLR2,,missing_pdb,False
Q4WLR4,,missing_pdb,False
Q4WLS1,,missing_pdb,False
Q4WLS6,,missing_pdb,False
Q4WLT1,,missing_pdb,False
Q4WLT8,,missing_pdb,False
Q4WLU0,,missing_pdb,False
Q4WLU4,,missing_pdb,False
Q4WLU6,,missing_pdb,False
Q4WLU7,,missing_pdb,False
Q4WLU9,,missing_pdb,False
Q4WLW5,,missing_pdb,False
Q4WLW8,,missing_pdb,False
Q4WLY3,,missing_pdb,False
Q4WLY7,,missing_pdb,False
Q4WM18,,missing_pdb,False
Q4WM42,,missing_pdb,False
Q4WM65,,missing_pdb,False
Q4WM68,,missing_pdb,False
Q4WM88,,missing_pdb,False
Q4WM94,,missing_pdb,False
Q4WM99,,missing_pdb,False
Q4WMA3,,missing_pdb,False
Q4WMA8,,missing_pdb,False
Q4WMB2,,missing_pdb,False
Q4WMB3,,missing_pdb,False
Q4WMD0,,missing_pdb,False
Q4WMD1,,missing_pdb,False
Q4WMD5,,missing_pdb,False
Q4WMF5,,missing_pdb,False
Q4WMH0,,missing_pdb,False
Q4WMJ0,,missing_pdb,False
Q4WMK3,,missing_pdb,False
Q4WML7,,missing_pdb,False
Q4WML8,,missing_pdb,False
Q4WMN4,,missing_pdb,False
Q4WMP1,,missing_pdb,False
Q4WMP2,,missing_pdb,False
Q4WMP6,,missing_pdb,False
Q4WMQ2,,missing_pdb,False
Q4WMQ6,,missing_pdb,False
Q4WMR3,,missing_pdb,False
Q4WMR4,,missing_pdb,False
Q4WMT1,,missing_pdb,False
Q4WMU5,,missing_pdb,False
Q4WMU7,,missing_pdb,False
Q4WMU9,,missing_pdb,False
Q4WMV0,,missing_pdb,False
Q4WMV3,,missing_pdb,False
Q4WMV5,,missing_pdb,False
Q4WMW0,,missing_pdb,False
Q4WMX1,,missing_pdb,False
Q4WMX2,,missing_pdb,False
Q4WMY9,,missing_pdb,False
Q4WMZ0,,missing_pdb,False
Q4WMZ5,,missing_pdb,False
Q4WN00,,missing_pdb,False
Q4WN01,,missing_pdb,False
Q4WN21,,missing_pdb,False
Q4WN28,,missing_pdb,False
Q4WN30,,missing_pdb,False
Q4WN42,,missing_pdb,False
Q4WN49,,missing_pdb,False
Q4WN53,,missing_pdb,False
Q4WN71,,missing_pdb,False
Q4WN72,,missing_pdb,False
Q4WN73,,missing_pdb,False
Q4WN76,,missing_pdb,False
Q4WN81,,missing_pdb,False
Q4WNA1,,missing_pdb,False
Q4WNA3,,missing_pdb,False
Q4WNA7,,missing_pdb,False
Q4WNB0,,missing_pdb,False
Q4WNB7,,missing_pdb,False
Q4WNE6,,missing_pdb,False
Q4WNF3,,missing_pdb,False
Q4WNF6,,missing_pdb,False
Q4WNF8,,missing_pdb,False
Q4WNH3,,missing_pdb,False
Q4WNH5,,missing_pdb,False
Q4WNH8,,missing_pdb,False
Q4WNJ2,,missing_pdb,False
Q4WNJ4,,missing_pdb,False
Q4WNJ6,,missing_pdb,False
Q4WNJ7,,missing_pdb,False
Q4WNJ8,,missing_pdb,False
Q4WNL1,,missing_pdb,False
Q4WNL6,,missing_pdb,False
Q4WNN3,,missing_pdb,False
Q4WNN6,,missing_pdb,False
Q4WNP7,,missing_pdb,False
Q4WNQ2,,missing_pdb,False
Q4WNR6,,missing_pdb,False
Q4WNS3,,missing_pdb,False
Q4WNS5,,missing_pdb,False
Q4WNS9,,missing_pdb,False
Q4WNT6,,missing_pdb,False
Q4WNU1,,missing_pdb,False
Q4WNU3,,missing_pdb,False
Q4WNV3,,missing_pdb,False
Q4WNV4,,missing_pdb,False
Q4WNV6,,missing_pdb,False
Q4WNW5,,missing_pdb,False
Q4WNW7,,missing_pdb,False
Q4WNX2,,missing_pdb,False
Q4WNY0,,missing_pdb,False
Q4WNY4,,missing_pdb,False
Q4WNY9,,missing_pdb,False
Q4WNZ0,,missing_pdb,False
Q4WNZ1,,missing_pdb,False
Q4WNZ3,,missing_pdb,False
Q4WP03,,missing_pdb,False
Q4WP07,,missing_pdb,False
Q4WP10,,missing_pdb,False
Q4WP11,,missing_pdb,False
Q4WP21,,missing_pdb,False
Q4WP25,,missing_pdb,False
Q4WP38,,missing_pdb,False
Q4WP44,,missing_pdb,False
Q4WP59,,missing_pdb,False
Q4WP95,,missing_pdb,False
Q4WP97,,missing_pdb,False
Q4WPB3,,missing_pdb,False
Q4WPC5,,missing_pdb,False
Q4WPC9,,missing_pdb,False
Q4WPD0,,missing_pdb,False
Q4WPE2,,missing_pdb,False
Q4WPE8,,missing_pdb,False
Q4WPF3,,missing_pdb,False
Q4WPI0,,missing_pdb,False
Q4WPI6,,missing_pdb,False
Q4WPK2,,missing_pdb,False
Q4WPL7,,missing_pdb,False
Q4WPM5,,missing_pdb,False
Q4WPN3,,missing_pdb,False
Q4WPP1,,missing_pdb,False
Q4WPP9,,missing_pdb,False
Q4WPQ6,,missing_pdb,False
Q4WPR6,,missing_pdb,False
Q4WPS4,,missing_pdb,False
Q4WPU0,,missing_pdb,False
Q4WPU7,,missing_pdb,False
Q4WPV0,,missing_pdb,False
Q4WPV6,,missing_pdb,False
Q4WPW5,,missing_pdb,False
Q4WPX0,,missing_pdb,False
Q4WPX7,,missing_pdb,False
Q4WQ06,,missing_pdb,False
Q4WQ08,,missing_pdb,False
Q4WQ17,,missing_pdb,False
Q4WQ18,,missing_pdb,False
Q4WQ22,,missing_pdb,False
Q4WQ32,,missing_pdb,False
Q4WQ37,,missing_pdb,False
Q4WQ38,,missing_pdb,False
Q4WQ45,,missing_pdb,False
Q4WQ46,,missing_pdb,False
Q4WQ55,,missing_pdb,False
Q4WQ57,,missing_pdb,False
Q4WQ64,,missing_pdb,False
Q4WQ77,,missing_pdb,False
Q4WQ79,,missing_pdb,False
Q4WQ80,,missing_pdb,False
Q4WQA0,,missing_pdb,False
Q4WQA4,,missing_pdb,False
Q4WQA5,,missing_pdb,False
Q4WQA7,,missing_pdb,False
Q4WQB0,,missing_pdb,False
Q4WQB3,,missing_pdb,False
Q4WQB8,,missing_pdb,False
Q4WQE0,,missing_pdb,False
Q4WQE5,,missing_pdb,False
Q4WQF0,,missing_pdb,False
Q4WQG1,,missing_pdb,False
Q4WQH8,,missing_pdb,False
Q4WQI8,,missing_pdb,False
Q4WQJ0,,missing_pdb,False
Q4WQJ1,,missing_pdb,False
Q4WQJ2,,missing_pdb,False
Q4WQK9,,missing_pdb,False
Q4WQL9,,missing_pdb,False
Q4WQM3,,missing_pdb,False
Q4WQM6,,missing_pdb,False
Q4WQN2,,missing_pdb,False
Q4WQP4,,missing_pdb,False
Q4WQP7,,missing_pdb,False
Q4WQQ4,,missing_pdb,False
Q4WQT1,,missing_pdb,False
Q4WQU4,,missing_pdb,False
Q4WQU5,,missing_pdb,False
Q4WQV0,,missing_pdb,False
Q4WQX8,,missing_pdb,False
Q4WR17,,missing_pdb,False
Q4WR19,,missing_pdb,False
Q4WR82,,missing_pdb,False
Q4WR94,,missing_pdb,False
Q4WRA3,,missing_pdb,False
Q4WRB7,,missing_pdb,False
Q4WRC4,,missing_pdb,False
Q4WRD2,,missing_pdb,False
Q4WRD3,,missing_pdb,False
Q4WRE5,,missing_pdb,False
Q4WRF3,,missing_pdb,False
Q4WRF4,,missing_pdb,False
Q4WRF6,,missing_pdb,False
Q4WRH5,,missing_pdb,False
Q4WRI3,,missing_pdb,False
Q4WRK5,,missing_pdb,False
Q4WRL8,,missing_pdb,False
Q4WRM1,,missing_pdb,False
Q4WRQ3,,missing_pdb,False
Q4WRR8,,missing_pdb,False
Q4WRS3,,missing_pdb,False
Q4WRS4,,missing_pdb,False
Q4WRS5,,missing_pdb,False
Q4WRT9,,missing_pdb,False
Q4WRU3,,missing_pdb,False
Q4WRU4,,missing_pdb,False
Q4WRU9,,missing_pdb,False
Q4WRV0,,missing_pdb,False
Q4WRV2,,missing_pdb,False
Q4WRV5,,missing_pdb,False
Q4WRV7,,missing_pdb,False
Q4WRW2,,missing_pdb,False
Q4WRX3,,missing_pdb,False
Q4WRX6,,missing_pdb,False
Q4WRY3,,missing_pdb,False
Q4WRZ3,,missing_pdb,False
Q4WRZ4,,missing_pdb,False
Q4WRZ5,,missing_pdb,False
Q4WRZ7,,missing_pdb,False
Q4WS01,,missing_pdb,False
Q4WS22,,missing_pdb,False
Q4WS24,,missing_pdb,False
Q4WS32,,missing_pdb,False
Q4WS39,,missing_pdb,False
Q4WS57,,missing_pdb,False
Q4WS58,,missing_pdb,False
Q4WS91,,missing_pdb,False
Q4WSA8,,missing_pdb,False
Q4WSB0,,missing_pdb,False
Q4WSB8,,missing_pdb,False
Q4WSC1,,missing_pdb,False
Q4WSD2,,missing_pdb,False
Q4WSI0,,missing_pdb,False
Q4WSJ3,,missing_pdb,False
Q4WSL7,,missing_pdb,False
Q4WSM7,,missing_pdb,False
Q4WSP1,,missing_pdb,False
Q4WSQ0,,missing_pdb,False
Q4WSQ7,,missing_pdb,False
Q4WSR0,,missing_pdb,False
Q4WSV1,,missing_pdb,False
Q4WSV7,,missing_pdb,False
Q4WSV8,,missing_pdb,False
Q4WSW3,,missing_pdb,False
Q4WSY9,,missing_pdb,False
Q4WSZ8,,missing_pdb,False
Q4WT07,,missing_pdb,False
Q4WT11,,missing_pdb,False
Q4WT13,,missing_pdb,False
Q4WT23,,missing_pdb,False
Q4WT29,,missing_pdb,False
Q4WT31,,missing_pdb,False
Q4WT34,,missing_pdb,False
Q4WT37,,missing_pdb,False
Q4WT44,,missing_pdb,False
Q4WT50,,missing_pdb,False
Q4WT53,,missing_pdb,False
Q4WT55,,missing_pdb,False
Q4WT57,,missing_pdb,False
Q4WT58,,missing_pdb,False
Q4WT60,,missing_pdb,False
Q4WT65,,missing_pdb,False
Q4WT66,,missing_pdb,False
Q4WT72,,missing_pdb,False
Q4WT73,,missing_pdb,False
Q4WT85,,missing_pdb,False
Q4WTA0,,missing_pdb,False
Q4WTA7,,missing_pdb,False
Q4WTB1,,missing_pdb,False
Q4WTB4,,missing_pdb,False
Q4WTB8,,missing_pdb,False
Q4WTB9,,missing_pdb,False
Q4WTC6,,missing_pdb,False
Q4WTD9,,missing_pdb,False
Q4WTE0,,missing_pdb,False
Q4WTE1,,missing_pdb,False
Q4WTE7,,missing_pdb,False
Q4WTE8,,missing_pdb,False
Q4WTF0,,missing_pdb,False
Q4WTF4,,missing_pdb,False
Q4WTG8,,missing_pdb,False
Q4WTH5,,missing_pdb,False
Q4WTJ6,,missing_pdb,False
Q4WTK7,,missing_pdb,False
Q4WTL0,,missing_pdb,False
Q4WTM6,,missing_pdb,False
Q4WTQ5,,missing_pdb,False
Q4WTQ8,,missing_pdb,False
Q4WTR5,,missing_pdb,False
Q4WTR9,,missing_pdb,False
Q4WTS0,,missing_pdb,False
Q4WTS5,,missing_pdb,False
Q4WTS9,,missing_pdb,False
Q4WTU2,,missing_pdb,False
Q4WTU4,,missing_pdb,False
Q4WTV9,,missing_pdb,False
Q4WTX3,,missing_pdb,False
Q4WTY6,,missing_pdb,False
Q4WTY7,,missing_pdb,False
Q4WTZ6,,missing_pdb,False
Q4WU07,,missing_pdb,False
Q4WU26,,missing_pdb,False
Q4WU33,,missing_pdb,False
Q4WU35,,missing_pdb,False
Q4WU45,,missing_pdb,False
Q4WU54,,missing_pdb,False
Q4WU59,,missing_pdb,False
Q4WU67,,missing_pdb,False
Q4WU71,,missing_pdb,False
Q4WU78,,missing_pdb,False
Q4WU98,,missing_pdb,False
Q4WU99,,missing_pdb,False
Q4WUA2,,missing_pdb,False
Q4WUA8,,missing_pdb,False
Q4WUA9,,missing_pdb,False
Q4WUB4,,missing_pdb,False
Q4WUB7,,missing_pdb,False
Q4WUD0,,missing_pdb,False
Q4WUD4,,missing_pdb,False
Q4WUD9,,missing_pdb,False
Q4WUE9,,missing_pdb,False
Q4WUF6,,missing_pdb,False
Q4WUF8,,missing_pdb,False
Q4WUG6,,missing_pdb,False
Q4WUG7,,missing_pdb,False
Q4WUI2,,missing_pdb,False
Q4WUI8,,missing_pdb,False
Q4WUJ4,,missing_pdb,False
Q4WUJ6,,missing_pdb,False
Q4WUK8,,missing_pdb,False
Q4WUL0,,missing_pdb,False
Q4WUL6,,missing_pdb,False
Q4WUN5,,missing_pdb,False
Q4WUP4,,missing_pdb,False
Q4WUQ1,,missing_pdb,False
Q4WUR0,,missing_pdb,False
Q4WUS4,,missing_pdb,False
Q4WUS5,,missing_pdb,False
Q4WUS6,,missing_pdb,False
Q4WUS8,,missing_pdb,False
Q4WUT0,,missing_pdb,False
Q4WUT7,,missing_pdb,False
Q4WUT9,,missing_pdb,False
Q4WUV9,,missing_pdb,False
Q4WUY4,,missing_pdb,False
Q4WV01,,missing_pdb,False
Q4WV08,,missing_pdb,False
Q4WV26,,missing_pdb,False
Q4WV27,,missing_pdb,False
Q4WV30,,missing_pdb,False
Q4WV31,,missing_pdb,False
Q4WV38,,missing_pdb,False
Q4WV43,,missing_pdb,False
Q4WV45,,missing_pdb,False
Q4WV50,,missing_pdb,False
Q4WV52,,missing_pdb,False
Q4WV54,,missing_pdb,False
Q4WV70,,missing_pdb,False
Q4WV71,,missing_pdb,False
Q4WV79,,missing_pdb,False
Q4WV82,,missing_pdb,False
Q4WV89,,missing_pdb,False
Q4WV93,,missing_pdb,False
Q4WV94,,missing_pdb,False
Q4WVA0,,missing_pdb,False
Q4WVA5,,missing_pdb,False
Q4WVB0,,missing_pdb,False
Q4WVB2,,missing_pdb,False
Q4WVC3,,missing_pdb,False
Q4WVC8,,missing_pdb,False
Q4WVD9,,missing_pdb,False
Q4WVE8,,missing_pdb,False
Q4WVF5,,missing_pdb,False
Q4WVH1,,missing_pdb,False
Q4WVH4,,missing_pdb,False
Q4WVI7,,missing_pdb,False
Q4WVI8,,missing_pdb,False
Q4WVJ5,,missing_pdb,False
Q4WVK1,,missing_pdb,False
Q4WVL5,,missing_pdb,False
Q4WVM8,,missing_pdb,False
Q4WVM9,,missing_pdb,False
Q4WVN0,,missing_pdb,False
Q4WVP0,,missing_pdb,False
Q4WVR4,,missing_pdb,False
Q4WVS2,,missing_pdb,False
Q4WVS9,,missing_pdb,False
Q4WVU3,,missing_pdb,False
Q4WVU5,,missing_pdb,False
Q4WVV9,,missing_pdb,False
Q4WVZ7,,missing_pdb,False
Q4WW01,,missing_pdb,False
Q4WW73,,missing_pdb,False
Q4WW75,,missing_pdb,False
Q4WWA3,,missing_pdb,False
Q4WWC9,,missing_pdb,False
Q4WWD6,,missing_pdb,False
Q4WWE2,,missing_pdb,False
Q4WWE3,,missing_pdb,False
Q4WWE7,,missing_pdb,False
Q4WWE8,,missing_pdb,False
Q4WWF1,,missing_pdb,False
Q4WWF3,,missing_pdb,False
Q4WWG1,,missing_pdb,False
Q4WWG6,,missing_pdb,False
Q4WWG9,,missing_pdb,False
Q4WWH1,,missing_pdb,False
Q4WWH7,,missing_pdb,False
Q4WWI1,,missing_pdb,False
Q4WWJ3,,missing_pdb,False
Q4WWJ6,,missing_pdb,False
Q4WWK3,,missing_pdb,False
Q4WWL2,,missing_pdb,False
Q4WWL6,,missing_pdb,False
Q4WWL7,,missing_pdb,False
Q4WWM2,,missing_pdb,False
Q4WWM4,,missing_pdb,False
Q4WWM9,,missing_pdb,False
Q4WWP0,,missing_pdb,False
Q4WWQ7,,missing_pdb,False
Q4WWR1,,missing_pdb,False
Q4WWS5,,missing_pdb,False
Q4WWT0,,missing_pdb,False
Q4WWT2,,missing_pdb,False
Q4WWT4,,missing_pdb,False
Q4WWU9,,missing_pdb,False
Q4WWV7,,missing_pdb,False
Q4WWW4,,missing_pdb,False
Q4WWX0,,missing_pdb,False
Q4WWX9,,missing_pdb,False
Q4WWZ9,,missing_pdb,False
Q4WX14,,missing_pdb,False
Q4WX15,,missing_pdb,False
Q4WX20,,missing_pdb,False
Q4WX21,,missing_pdb,False
Q4WX25,,missing_pdb,False
Q4WX28,,missing_pdb,False
Q4WX29,,missing_pdb,False
Q4WX46,,missing_pdb,False
Q4WX50,,missing_pdb,False
Q4WX51,,missing_pdb,False
Q4WX53,,missing_pdb,False
Q4WX54,,missing_pdb,False
Q4WX57,,missing_pdb,False
Q4WX66,,missing_pdb,False
Q4WX67,,missing_pdb,False
Q4WX69,,missing_pdb,False
Q4WX70,,missing_pdb,False
Q4WX77,,missing_pdb,False
Q4WX92,,missing_pdb,False
Q4WXA0,,missing_pdb,False
Q4WXA1,,missing_pdb,False
Q4WXA2,,missing_pdb,False
Q4WXA6,,missing_pdb,False
Q4WXB5,,missing_pdb,False
Q4WXC5,,missing_pdb,False
Q4WXC6,,missing_pdb,False
Q4WXC8,,missing_pdb,False
Q4WXF7,,missing_pdb,False
Q4WXG1,,missing_pdb,False
Q4WXI9,,missing_pdb,False
Q4WXJ4,,missing_pdb,False
Q4WXK0,,missing_pdb,False
Q4WXM1,,missing_pdb,False
Q4WXM4,,missing_pdb,False
Q4WXN0,,missing_pdb,False
Q4WXN2,,missing_pdb,False
Q4WXN3,,missing_pdb,False
Q4WXN8,,missing_pdb,False
Q4WXP4,,missing_pdb,False
Q4WXP6,,missing_pdb,False
Q4WXP7,,missing_pdb,False
Q4WXP9,,missing_pdb,False
Q4WXQ0,,missing_pdb,False
Q4WXQ2,,missing_pdb,False
Q4WXQ3,,missing_pdb,False
Q4WXQ5,,missing_pdb,False
Q4WXQ7,,missing_pdb,False
Q4WXR7,,missing_pdb,False
Q4WXS0,,missing_pdb,False
Q4WXS3,,missing_pdb,False
Q4WXS4,,missing_pdb,False
Q4WXT3,,missing_pdb,False
Q4WXT4,,missing_pdb,False
Q4WXT7,,missing_pdb,False
Q4WXU3,,missing_pdb,False
Q4WXU7,,missing_pdb,False
Q4WXW2,,missing_pdb,False
Q4WXW4,,missing_pdb,False
Q4WXW5,,missing_pdb,False
Q4WXW9,,missing_pdb,False
Q4WXX2,,missing_pdb,False
Q4WXX4,,missing_pdb,False
Q4WXY0,,missing_pdb,False
Q4WXY2,,missing_pdb,False
Q4WXY3,,missing_pdb,False
Q4WXY5,,missing_pdb,False
Q4WXY9,,missing_pdb,False
Q4WXZ5,,missing_pdb,False
Q4WY04,,missing_pdb,False
Q4WY23,,missing_pdb,False
Q4WY26,,missing_pdb,False
Q4WY40,,missing_pdb,False
Q4WY44,,missing_pdb,False
Q4WY51,,missing_pdb,False
Q4WY67,,missing_pdb,False
Q4WY69,,missing_pdb,False
Q4WY82,,missing_pdb,False
Q4WY85,,missing_pdb,False
Q4WYB7,,missing_pdb,False
Q4WYB9,,missing_pdb,False
Q4WYC6,,missing_pdb,False
Q4WYC7,,missing_pdb,False
Q4WYD7,,missing_pdb,False
Q4WYD9,,missing_pdb,False
Q4WYE3,,missing_pdb,False
Q4WYE7,,missing_pdb,False
Q4WYF0,,missing_pdb,False
Q4WYF4,,missing_pdb,False
Q4WYG2,,missing_pdb,False
Q4WYH6,,missing_pdb,False
Q4WYI4,,missing_pdb,False
Q4WYJ6,,missing_pdb,False
Q4WYK4,,missing_pdb,False
Q4WYN3,,missing_pdb,False
Q4WYN4,,missing_pdb,False
Q4WYN6,,missing_pdb,False
Q4WYQ2,,missing_pdb,False
Q4WYQ8,,missing_pdb,False
Q4WYR4,,missing_pdb,False
Q4WYR7,,missing_pdb,False
Q4WYS5,,missing_pdb,False
Q4WYT9,,missing_pdb,False
Q4WYU3,,missing_pdb,False
Q4WYU4,,missing_pdb,False
Q4WYW4,,missing_pdb,False
Q4WYW9,,missing_pdb,False
Q4WZ82,,missing_pdb,False
Q4WZA8,,missing_pdb,False
Q4WZB3,,missing_pdb,False
Q4WZE9,,missing_pdb,False
Q4WZF0,,missing_pdb,False
Q4WZF1,,missing_pdb,False
Q4WZG6,,missing_pdb,False
Q4WZG9,,missing_pdb,False
Q4WZH7,,missing_pdb,False
Q4WZI6,,missing_pdb,False
Q4WZI8,,missing_pdb,False
Q4WZI9,,missing_pdb,False
Q4WZJ5,,missing_pdb,False
Q4WZJ6,,missing_pdb,False
Q4WZJ9,,missing_pdb,False
Q4WZK0,,missing_pdb,False
Q4WZL5,,missing_pdb,False
Q4WZL8,,missing_pdb,False
Q4WZM7,,missing_pdb,False
Q4WZN1,,missing_pdb,False
Q4WZP4,,missing_pdb,False
Q4WZQ9,,missing_pdb,False
Q4WZR0,,missing_pdb,False
Q4WZR4,,missing_pdb,False
Q4WZR7,,missing_pdb,False
Q4WZR9,,missing_pdb,False
Q4WZS0,,missing_pdb,False
Q4WZS4,,missing_pdb,False
Q4WZS8,,missing_pdb,False
Q4WZT0,,missing_pdb,False
Q4WZT1,,missing_pdb,False
Q4WZU0,,missing_pdb,False
Q4WZU1,,missing_pdb,False
Q4WZU8,,missing_pdb,False
Q4WZV9,,missing_pdb,False
Q4X014,,missing_pdb,False
Q4X015,,missing_pdb,False
Q4X017,,missing_pdb,False
Q4X023,,missing_pdb,False
Q4X025,,missing_pdb,False
Q4X028,,missing_pdb,False
Q4X030,,missing_pdb,False
Q4X046,,missing_pdb,False
Q4X050,,missing_pdb,False
Q4X053,,missing_pdb,False
Q4X059,,missing_pdb,False
Q4X071,,missing_pdb,False
Q4X077,,missing_pdb,False
Q4X081,,missing_pdb,False
Q4X083,,missing_pdb,False
Q4X0A0,,missing_pdb,False
Q4X0A2,,missing_pdb,False
Q4X0A4,,missing_pdb,False
Q4X0A7,,missing_pdb,False
Q4X0B3,,missing_pdb,False
Q4X0C2,,missing_pdb,False
Q4X0D8,,missing_pdb,False
Q4X0E8,,missing_pdb,False
Q4X0F2,,missing_pdb,False
Q4X0G1,,missing_pdb,False
Q4X0H1,,missing_pdb,False
Q4X0H4,,missing_pdb,False
Q4X0H5,,missing_pdb,False
Q4X0H7,,missing_pdb,False
Q4X0I2,,missing_pdb,False
Q4X0J6,,missing_pdb,False
Q4X0K9,,missing_pdb,False
Q4X0L0,,missing_pdb,False
Q4X0L2,,missing_pdb,False
Q4X0L4,,missing_pdb,False
Q4X0N0,,missing_pdb,False
Q4X0P4,,missing_pdb,False
Q4X0R3,,missing_pdb,False
Q4X0R4,,missing_pdb,False
Q4X0R9,,missing_pdb,False
Q4X0V1,,missing_pdb,False
Q4X0V5,,missing_pdb,False
Q4X0V8,,missing_pdb,False
Q4X0V9,,missing_pdb,False
Q4X0W0,,missing_pdb,False
Q4X0W1,,missing_pdb,False
Q4X0W5,,missing_pdb,False
Q4X0X3,,missing_pdb,False
Q4X0Z1,,missing_pdb,False
Q4X0Z3,,missing_pdb,False
Q4X0Z6,,missing_pdb,False
Q4X125,,missing_pdb,False
Q4X126,,missing_pdb,False
Q4X137,,missing_pdb,False
Q4X153,,missing_pdb,False
Q4X156,,missing_pdb,False
Q4X158,,missing_pdb,False
Q4X164,,missing_pdb,False
Q4X169,,missing_pdb,False
Q4X170,,missing_pdb,False
Q4X181,,missing_pdb,False
Q4X191,,missing_pdb,False
Q4X193,,missing_pdb,False
Q4X196,,missing_pdb,False
Q4X1B1,,missing_pdb,False
Q4X1D8,,missing_pdb,False
Q4X1E0,,missing_pdb,False
Q4X1E1,,missing_pdb,False
Q4X1F3,,missing_pdb,False
Q4X1F9,,missing_pdb,False
Q4X1H6,,missing_pdb,False
Q4X1J0,,missing_pdb,False
Q4X1J4,,missing_pdb,False
Q4X1J9,,missing_pdb,False
Q4X1K5,,missing_pdb,False
Q4X1L3,,missing_pdb,False
Q4X1L4,,missing_pdb,False
Q4X1M0,,missing_pdb,False
Q4X1Q3,,missing_pdb,False
Q4X1Q5,,missing_pdb,False
Q4X1Q7,,missing_pdb,False
Q4X1R0,,missing_pdb,False
Q4X1R4,,missing_pdb,False
Q4X1T1,,missing_pdb,False
Q4X1T4,,missing_pdb,False
Q4X1T7,,missing_pdb,False
Q4X1U3,,missing_pdb,False
Q4X1U4,,missing_pdb,False
Q4X1U6,,missing_pdb,False
Q4X1W6,,missing_pdb,False
Q4X1W7,,missing_pdb,False
Q4X1X0,,missing_pdb,False
Q4X1X3,,missing_pdb,False
Q4X1X5,,missing_pdb,False
Q4X1Y0,,missing_pdb,False
Q4X1Y1,,missing_pdb,False
Q4X1Z0,,missing_pdb,False
Q4X1Z9,,missing_pdb,False
Q4X209,,missing_pdb,False
Q4X217,,missing_pdb,False
Q4X230,,missing_pdb,False
Q4X247,,missing_pdb,False
Q4X256,,missing_pdb,False
Q4X258,,missing_pdb,False
Q4X268,,missing_pdb,False
Q4X271,,missing_pdb,False
Q4X274,,missing_pdb,False
Q4X276,,missing_pdb,False
Q4X283,,missing_pdb,False
Q501M9,,missing_pdb,False
Q50294,,missing_pdb,False
Q50298,,missing_pdb,False
Q502W7,,missing_pdb,False
Q50301,,missing_pdb,False
Q50303,,missing_pdb,False
Q50307,,missing_pdb,False
Q50313,,missing_pdb,False
Q50314,,missing_pdb,False
Q50327,,missing_pdb,False
Q50328,,missing_pdb,False
Q50330,,missing_pdb,False
Q50360,,missing_pdb,False
Q50365,,missing_pdb,False
Q504Q3,,missing_pdb,False
Q50584,,missing_pdb,False
Q505G8,,missing_pdb,False
Q505K2,,missing_pdb,False
Q50681,,missing_pdb,False
Q50699,,missing_pdb,False
Q50732,,missing_pdb,False
Q50947,,missing_pdb,False
Q50967,,missing_pdb,False
Q50973,,missing_pdb,False
Q50974,,missing_pdb,False
Q50H33,,missing_pdb,False
Q51061,,missing_pdb,False
Q51LD2,,missing_pdb,False
Q51WZ9,,missing_pdb,False
Q52KE7,,missing_pdb,False
Q52KI8,,missing_pdb,False
Q52KR3,,missing_pdb,False
Q52KR6,,missing_pdb,False
Q52L67,,missing_pdb,False
Q52LA3,,missing_pdb,False
Q52LW3,,missing_pdb,False
Q53005,,missing_pdb,False
Q537H9,,missing_pdb,False
Q53AN3,,missing_pdb,False
Q53EL6,/data/ranran/my_ptm/croton/data/structure_pipeline/pdb/Q53EL6.pdb,exact_sequence_match,True
Q53EP0,,missing_pdb,False
Q53EQ6,,missing_pdb,False
Q53ET0,,missing_pdb,False
Q53EZ4,/data/ranran/my_ptm/croton/data/structure_pipeline/pdb/Q53EZ4.pdb,exact_sequence_match,True
Q53F19,/data/ranran/my_ptm/croton/data/structure_pipeline/pdb/Q53F19.pdb,exact_sequence_match,True
Q53FT3,,missing_pdb,False
Q53GA4,,missing_pdb,False
Q53GD3,,missing_pdb,False
Q53GL7,,missing_pdb,False
Q53GS9,/data/ranran/my_ptm/croton/data/structure_pipeline/pdb/Q53GS9.pdb,exact_sequence_match,True
Q53H12,/data/ranran/my_ptm/croton/data/structure_pipeline/pdb/Q53H12.pdb,exact_sequence_match,True
Q53H47,,missing_pdb,False
Q53H47-3,,missing_pdb,False
Q53H82,/data/ranran/my_ptm/croton/data/structure_pipeline/pdb/Q53H82.pdb,exact_sequence_match,True
Q53HC9,,missing_pdb,False
Q53J68,,missing_pdb,False
Q53JF7,,missing_pdb,False
Q53LU9,,missing_pdb,False
Q53Q16,,missing_pdb,False
Q53QZ3,,missing_pdb,False
Q53R41,,missing_pdb,False
Q53RN8,,missing_pdb,False
Q53T94,,missing_pdb,False
Q53T94-3,,missing_pdb,False
Q53TQ3,,missing_pdb,False
Q53VX0,,missing_pdb,False
Q53VY7,,missing_pdb,False
Q53W18,,missing_pdb,False
Q53W96,,missing_pdb,False
Q53WA3,,missing_pdb,False
Q53WA6,,missing_pdb,False
Q53WH5,,missing_pdb,False
Q54714,,missing_pdb,False
Q55137,,missing_pdb,False
Q55151,,missing_pdb,False
Q55167,,missing_pdb,False
Q55171,,missing_pdb,False
Q55177,,missing_pdb,False
Q55199,,missing_pdb,False
Q55200,,missing_pdb,False
Q55210,,missing_pdb,False
Q55233,,missing_pdb,False
Q55318,,missing_pdb,False
Q55332,,missing_pdb,False
Q55365,,missing_pdb,False
Q55368,,missing_pdb,False
Q55375,,missing_pdb,False
Q55385,,missing_pdb,False
Q55387,,missing_pdb,False
Q55389,,missing_pdb,False
Q55392,,missing_pdb,False
Q55393,,missing_pdb,False
Q55395,,missing_pdb,False
Q55427,,missing_pdb,False
Q55434,,missing_pdb,False
Q55436,,missing_pdb,False
Q55437,,missing_pdb,False
Q55445,,missing_pdb,False
Q55447,,missing_pdb,False
Q55451,,missing_pdb,False
Q55467,,missing_pdb,False
Q55496,,missing_pdb,False
Q55510,,missing_pdb,False
Q55511,,missing_pdb,False
Q55514,,missing_pdb,False
Q55517,,missing_pdb,False
Q55527,,missing_pdb,False
Q55533,,missing_pdb,False
Q55541,,missing_pdb,False
Q55544,,missing_pdb,False
Q55547,,missing_pdb,False
Q55548,,missing_pdb,False
Q55551,,missing_pdb,False
Q55554,,missing_pdb,False
Q55563,,missing_pdb,False
Q55564,,missing_pdb,False
Q55574,,missing_pdb,False
Q55589,,missing_pdb,False
Q55590,,missing_pdb,False
Q55648,,missing_pdb,False
Q55667,,missing_pdb,False
Q55682,,missing_pdb,False
Q55683,,missing_pdb,False
Q55688,,missing_pdb,False
Q55707,,missing_pdb,False
Q55730,,missing_pdb,False
Q55765,,missing_pdb,False
Q55770,,missing_pdb,False
Q55779,,missing_pdb,False
Q55780,,missing_pdb,False
Q55788,,missing_pdb,False
Q55794,,missing_pdb,False
Q55799,,missing_pdb,False
Q55804,,missing_pdb,False
Q55847,,missing_pdb,False
Q55874,,missing_pdb,False
Q55875,,missing_pdb,False
Q55877,,missing_pdb,False
Q55891,,missing_pdb,False
Q55894,,missing_pdb,False
Q55953,,missing_pdb,False
Q56029,,missing_pdb,False
Q561R4,,missing_pdb,False
Q56216,,missing_pdb,False
Q562C6,,missing_pdb,False
Q562F6,,missing_pdb,False
Q566D6,,missing_pdb,False
Q566Q9,,missing_pdb,False
Q567U6,/data/ranran/my_ptm/croton/data/structure_pipeline/pdb/Q567U6.pdb,exact_sequence_match,True
Q568Z5,,missing_pdb,False
Q568Z6,,missing_pdb,False
Q56NI9,,missing_pdb,False
Q56UQ5,,missing_pdb,False
Q56VL3,/data/ranran/my_ptm/croton/data/structure_pipeline/pdb/Q56VL3.pdb,exact_sequence_match,True
Q56VL3-2,,missing_pdb,False
Q57038,,missing_pdb,False
Q570Y9,,missing_pdb,False
Q570Z6,,missing_pdb,False
Q571B6,,missing_pdb,False
Q571G4,,missing_pdb,False
Q588V7,,missing_pdb,False
Q58EX2,,missing_pdb,False
Q58F21,,missing_pdb,False
Q58FF3,,missing_pdb,False
Q58FF6,/data/ranran/my_ptm/croton/data/structure_pipeline/pdb/Q58FF6.pdb,exact_sequence_match,True
Q58FF8,/data/ranran/my_ptm/croton/data/structure_pipeline/pdb/Q58FF8.pdb,exact_sequence_match,True
Q58FG0,,missing_pdb,False
Q58Z64,,missing_pdb,False
Q59200,,missing_pdb,False
Q59385,,missing_pdb,False
Q59547,,missing_pdb,False
Q59548,,missing_pdb,False
Q59601,,missing_pdb,False
Q59605,,missing_pdb,False
Q59978,,missing_pdb,False
Q59987,,missing_pdb,False
Q59993,,missing_pdb,False
Q59EQ8,,missing_pdb,False
Q59F66,,missing_pdb,False
Q59IW6,,missing_pdb,False
Q59JU3,,missing_pdb,False
Q59KG2,,missing_pdb,False
Q59KQ3,,missing_pdb,False
Q59KS8,,missing_pdb,False
Q59LN9,,missing_pdb,False
Q59MD2,,missing_pdb,False
Q59MI8,,missing_pdb,False
Q59NB3,,missing_pdb,False
Q59NP1,,missing_pdb,False
Q59PD3,,missing_pdb,False
Q59PG6,,missing_pdb,False
Q59PT7,,missing_pdb,False
Q59PU1,,missing_pdb,False
Q59QB8,,missing_pdb,False
Q59QC2,,missing_pdb,False
Q59QT4,,missing_pdb,False
Q59QW5,,missing_pdb,False
Q59RN6,,missing_pdb,False
Q59RQ0,,missing_pdb,False
Q59RQ1,,missing_pdb,False
Q59RQ4,,missing_pdb,False
Q59RR7,,missing_pdb,False
Q59S45,,missing_pdb,False
Q59S59,,missing_pdb,False
Q59S77,,missing_pdb,False
Q59ST9,,missing_pdb,False
Q59T30,,missing_pdb,False
Q59T35,,missing_pdb,False
Q59T36,,missing_pdb,False
Q59T87,,missing_pdb,False
Q59TB0,,missing_pdb,False
Q59TB4,,missing_pdb,False
Q59TT2,,missing_pdb,False
Q59U54,,missing_pdb,False
Q59U89,,missing_pdb,False
Q59UG2,,missing_pdb,False
Q59UQ4,,missing_pdb,False
Q59V93,,missing_pdb,False
Q59VP7,,missing_pdb,False
Q59VQ8,,missing_pdb,False
Q59VR1,,missing_pdb,False
Q59VX8,,missing_pdb,False
Q59W33,,missing_pdb,False
Q59W48,,missing_pdb,False
Q59W62,,missing_pdb,False
Q59WD5,,missing_pdb,False
Q59WE1,,missing_pdb,False
Q59WE5,,missing_pdb,False
Q59Y38,,missing_pdb,False
Q59Y41,,missing_pdb,False
Q59YF0,,missing_pdb,False
Q59YH1,,missing_pdb,False
Q59ZG1,,missing_pdb,False
Q59ZH9,,missing_pdb,False
Q59ZI7,,missing_pdb,False
Q59ZI8,,missing_pdb,False
Q5A006,,missing_pdb,False
Q5A015,,missing_pdb,False
Q5A044,,missing_pdb,False
Q5A0J3,,missing_pdb,False
Q5A0L0,,missing_pdb,False
Q5A0N4,,missing_pdb,False
Q5A0W1,,missing_pdb,False
Q5A109,,missing_pdb,False
Q5A1E3,,missing_pdb,False
Q5A1M1,,missing_pdb,False
Q5A1Z1,,missing_pdb,False
Q5A201,,missing_pdb,False
Q5A217,,missing_pdb,False
Q5A222,,missing_pdb,False
Q5A2B9,,missing_pdb,False
Q5A2J7,,missing_pdb,False
Q5A2K4,,missing_pdb,False
Q5A2T3,,missing_pdb,False
Q5A2U9,,missing_pdb,False
Q5A315,,missing_pdb,False
Q5A328,,missing_pdb,False
Q5A339,,missing_pdb,False
Q5A3K1,,missing_pdb,False
Q5A4H5,,missing_pdb,False
Q5A4K7,,missing_pdb,False
Q5A4L3,,missing_pdb,False
Q5A4M8,,missing_pdb,False
Q5A5E0,,missing_pdb,False
Q5A647,,missing_pdb,False
Q5A6L0,,missing_pdb,False
Q5A6Q0,,missing_pdb,False
Q5A6S0,,missing_pdb,False
Q5A6S7,,missing_pdb,False
Q5A782,,missing_pdb,False
Q5A784,,missing_pdb,False
Q5A798,,missing_pdb,False
Q5A7B3,,missing_pdb,False
Q5A7K3,,missing_pdb,False
Q5A7P9,,missing_pdb,False
Q5A7Q8,,missing_pdb,False
Q5A884,,missing_pdb,False
Q5A8Z9,,missing_pdb,False
Q5A925,,missing_pdb,False
Q5A934,,missing_pdb,False
Q5A960,,missing_pdb,False
Q5A9C3,,missing_pdb,False
Q5A9D4,,missing_pdb,False
Q5A9E1,,missing_pdb,False
Q5A9Y1,,missing_pdb,False
Q5AA01,,missing_pdb,False
Q5AA15,,missing_pdb,False
Q5AA47,,missing_pdb,False
Q5AAG1,,missing_pdb,False
Q5AAI8,,missing_pdb,False
Q5AAJ7,,missing_pdb,False
Q5AAJ8,,missing_pdb,False
Q5AB69,,missing_pdb,False
Q5ABB1,,missing_pdb,False
Q5ABE0,,missing_pdb,False
Q5ABZ2,,missing_pdb,False
Q5ACM4,,missing_pdb,False
Q5ACY2,,missing_pdb,False
Q5AD07,,missing_pdb,False
Q5ADN2,,missing_pdb,False
Q5ADT0,,missing_pdb,False
Q5ADU3,,missing_pdb,False
Q5ADW1,,missing_pdb,False
Q5ADX5,,missing_pdb,False
Q5AEI1,,missing_pdb,False
Q5AEI3,,missing_pdb,False
Q5AEL8,,missing_pdb,False
Q5AFA8,,missing_pdb,False
Q5AFB3,,missing_pdb,False
Q5AFD2,,missing_pdb,False
Q5AFT3,,missing_pdb,False
Q5AFV3,,missing_pdb,False
Q5AG31,,missing_pdb,False
Q5AG96,,missing_pdb,False
Q5AG97,,missing_pdb,False
Q5AGA2,,missing_pdb,False
Q5AGF6,,missing_pdb,False
Q5AGZ9,,missing_pdb,False
Q5AH14,,missing_pdb,False
Q5AHH4,,missing_pdb,False
Q5AHI3,,missing_pdb,False
Q5AHJ5,,missing_pdb,False
Q5AI68,,missing_pdb,False
Q5AJD0,,missing_pdb,False
Q5AJH3,,missing_pdb,False
Q5AK57,,missing_pdb,False
Q5AK88,,missing_pdb,False
Q5AKU2,,missing_pdb,False
Q5AKU7,,missing_pdb,False
Q5AKV6,,missing_pdb,False
Q5AKX1,,missing_pdb,False
Q5AKX2,,missing_pdb,False
Q5AKY8,,missing_pdb,False
Q5AL11,,missing_pdb,False
Q5ALJ2,,missing_pdb,False
Q5ALM6,,missing_pdb,False
Q5ALN5,,missing_pdb,False
Q5ALU1,,missing_pdb,False
Q5ALV9,,missing_pdb,False
Q5AMH0,,missing_pdb,False
Q5AMH3,,missing_pdb,False
Q5AMN1,,missing_pdb,False
Q5ANC8,,missing_pdb,False
Q5ANE7,,missing_pdb,False
Q5ANP6,,missing_pdb,False
Q5AP67,,missing_pdb,False
Q5APB5,,missing_pdb,False
Q5APC1,,missing_pdb,False
Q5APF8,,missing_pdb,False
Q5AQ12,,missing_pdb,False
Q5BJE1,,missing_pdb,False
Q5BJF2,/data/ranran/my_ptm/croton/data/structure_pipeline/pdb/Q5BJF2.pdb,exact_sequence_match,True
Q5BJQ0,,missing_pdb,False
Q5BJX2,,missing_pdb,False
Q5BK11,,missing_pdb,False
Q5BK17,,missing_pdb,False
Q5BK20,,missing_pdb,False
Q5BK47,,missing_pdb,False
Q5BK48,,missing_pdb,False
Q5BKS4,,missing_pdb,False
Q5BKT4,/data/ranran/my_ptm/croton/data/structure_pipeline/pdb/Q5BKT4.pdb,exact_sequence_match,True
Q5BKX8,,missing_pdb,False
Q5BKZ1-3,,missing_pdb,False
Q5BL07,,missing_pdb,False
Q5BQV5,,missing_pdb,False
Q5BQW4,,missing_pdb,False
Q5BQX8,,missing_pdb,False
Q5BQY1,,missing_pdb,False
Q5BR22,,missing_pdb,False
Q5BR23,,missing_pdb,False
Q5BRA7,,missing_pdb,False
Q5BRB6,,missing_pdb,False
Q5BRJ3,,missing_pdb,False
Q5BRK6,,missing_pdb,False
Q5BRN1,,missing_pdb,False
Q5BRP2,,missing_pdb,False
Q5BRS6,,missing_pdb,False
Q5BS17,,missing_pdb,False
Q5BS25,,missing_pdb,False
Q5BS50,,missing_pdb,False
Q5BS59,,missing_pdb,False
Q5BS62,,missing_pdb,False
Q5BS63,,missing_pdb,False
Q5BS84,,missing_pdb,False
Q5BS96,,missing_pdb,False
Q5BSA7,,missing_pdb,False
Q5BSG7,,missing_pdb,False
Q5BSH4,,missing_pdb,False
Q5BSJ4,,missing_pdb,False
Q5BSJ7,,missing_pdb,False
Q5BSL1,,missing_pdb,False
Q5BSQ1,,missing_pdb,False
Q5BST4,,missing_pdb,False
Q5BSU9,,missing_pdb,False
Q5BSZ7,,missing_pdb,False
Q5BT32,,missing_pdb,False
Q5BT65,,missing_pdb,False
Q5BT73,,missing_pdb,False
Q5BT87,,missing_pdb,False
Q5BTH9,,missing_pdb,False
Q5BTJ4,,missing_pdb,False
Q5BTJ8,,missing_pdb,False
Q5BTK5,,missing_pdb,False
Q5BTN1,,missing_pdb,False
Q5BVI6,,missing_pdb,False
Q5BVJ2,,missing_pdb,False
Q5BVK0,,missing_pdb,False
Q5BVK2,,missing_pdb,False
Q5BVL8,,missing_pdb,False
Q5BVM2,,missing_pdb,False
Q5BVP0,,missing_pdb,False
Q5BVQ9,,missing_pdb,False
Q5BVR0,,missing_pdb,False
Q5BVR8,,missing_pdb,False
Q5BVV3,,missing_pdb,False
Q5BVV6,,missing_pdb,False
Q5BVW6,,missing_pdb,False
Q5BVY0,,missing_pdb,False
Q5BVY5,,missing_pdb,False
Q5BW03,,missing_pdb,False
Q5BW06,,missing_pdb,False
Q5BW15,,missing_pdb,False
Q5BW35,,missing_pdb,False
Q5BW48,,missing_pdb,False
Q5BW61,,missing_pdb,False
Q5BW73,,missing_pdb,False
Q5BW77,,missing_pdb,False
Q5BW92,,missing_pdb,False
Q5BWA0,,missing_pdb,False
Q5BWA1,,missing_pdb,False
Q5BWC4,,missing_pdb,False
Q5BWC6,,missing_pdb,False
Q5BWD9,,missing_pdb,False
Q5BWE1,,missing_pdb,False
Q5BWF1,,missing_pdb,False
Q5BWF5,,missing_pdb,False
Q5BWS4,,missing_pdb,False
Q5BWT4,,missing_pdb,False
Q5BWZ1,,missing_pdb,False
Q5BX25,,missing_pdb,False
Q5BX67,,missing_pdb,False
Q5BXB5,,missing_pdb,False
Q5BXC3,,missing_pdb,False
Q5BXD3,,missing_pdb,False
Q5BXD7,,missing_pdb,False
Q5BXD8,,missing_pdb,False
Q5BXE1,,missing_pdb,False
Q5BXF1,,missing_pdb,False
Q5BXJ2,,missing_pdb,False
Q5BXK4,,missing_pdb,False
Q5BXM5,,missing_pdb,False
Q5BXN6,,missing_pdb,False
Q5BXP5,,missing_pdb,False
Q5BXQ2,,missing_pdb,False
Q5BXQ9,,missing_pdb,False
Q5BXR1,,missing_pdb,False
Q5BXT9,,missing_pdb,False
Q5BXU0,,missing_pdb,False
Q5BXX3,,missing_pdb,False
Q5BXZ0,,missing_pdb,False
Q5BXZ9,,missing_pdb,False
Q5BY00,,missing_pdb,False
Q5BY06,,missing_pdb,False
Q5BY35,,missing_pdb,False
Q5BY36,,missing_pdb,False
Q5BY45,,missing_pdb,False
Q5BY55,,missing_pdb,False
Q5BY66,,missing_pdb,False
Q5BY76,,missing_pdb,False
Q5BY85,,missing_pdb,False
Q5BY90,,missing_pdb,False
Q5BY91,,missing_pdb,False
Q5BYC6,,missing_pdb,False
Q5BYD1,,missing_pdb,False
Q5BYD6,,missing_pdb,False
Q5BYD9,,missing_pdb,False
Q5BYE8,,missing_pdb,False
Q5BYG4,,missing_pdb,False
Q5BYH2,,missing_pdb,False
Q5BYI4,,missing_pdb,False
Q5BYI5,,missing_pdb,False
Q5BYJ0,,missing_pdb,False
Q5BYJ6,,missing_pdb,False
Q5BYK5,,missing_pdb,False
Q5BYK6,,missing_pdb,False
Q5BYK8,,missing_pdb,False
Q5BYL3,,missing_pdb,False
Q5BYL4,,missing_pdb,False
Q5BYM9,,missing_pdb,False
Q5BYN9,,missing_pdb,False
Q5BYQ0,,missing_pdb,False
Q5BYQ2,,missing_pdb,False
Q5BYQ5,,missing_pdb,False
Q5BYR5,,missing_pdb,False
Q5BYS9,,missing_pdb,False
Q5BYU1,,missing_pdb,False
Q5BYU8,,missing_pdb,False
Q5BYW6,,missing_pdb,False
Q5BYX1,,missing_pdb,False
Q5BYY5,,missing_pdb,False
Q5BYY7,,missing_pdb,False
Q5BYZ1,,missing_pdb,False
Q5BYZ9,,missing_pdb,False
Q5BZ06,,missing_pdb,False
Q5BZ26,,missing_pdb,False
Q5BZ32,,missing_pdb,False
Q5BZ34,,missing_pdb,False
Q5BZ36,,missing_pdb,False
Q5BZ40,,missing_pdb,False
Q5BZ43,,missing_pdb,False
Q5BZ44,,missing_pdb,False
Q5BZ63,,missing_pdb,False
Q5BZ69,,missing_pdb,False
Q5BZ75,,missing_pdb,False
Q5BZ78,,missing_pdb,False
Q5BZ84,,missing_pdb,False
Q5BZA2,,missing_pdb,False
Q5BZC2,,missing_pdb,False
Q5BZC8,,missing_pdb,False
Q5BZD1,,missing_pdb,False
Q5BZE7,,missing_pdb,False
Q5BZG5,,missing_pdb,False
Q5BZL4,,missing_pdb,False
Q5BZN1,,missing_pdb,False
Q5BZN5,,missing_pdb,False
Q5BZN6,,missing_pdb,False
Q5BZP6,,missing_pdb,False
Q5BZQ0,,missing_pdb,False
Q5BZS3,,missing_pdb,False
Q5BZS6,,missing_pdb,False
Q5BZS8,,missing_pdb,False
Q5BZT9,,missing_pdb,False
Q5BZU0,,missing_pdb,False
Q5BZU8,,missing_pdb,False
Q5BZZ2,,missing_pdb,False
Q5C009,,missing_pdb,False
Q5C033,,missing_pdb,False
Q5C058,,missing_pdb,False
Q5C089,,missing_pdb,False
Q5C0A7,,missing_pdb,False
Q5C0B0,,missing_pdb,False
Q5C0D1,,missing_pdb,False
Q5C0F7,,missing_pdb,False
Q5C0G8,,missing_pdb,False
Q5C0G9,,missing_pdb,False
Q5C0H0,,missing_pdb,False
Q5C0H1,,missing_pdb,False
Q5C0H7,,missing_pdb,False
Q5C0H9,,missing_pdb,False
Q5C0M4,,missing_pdb,False
Q5C0P1,,missing_pdb,False
Q5C0P6,,missing_pdb,False
Q5C0P9,,missing_pdb,False
Q5C0R1,,missing_pdb,False
Q5C0R5,,missing_pdb,False
Q5C0U9,,missing_pdb,False
Q5C0V4,,missing_pdb,False
Q5C0W2,,missing_pdb,False
Q5C0Y9,,missing_pdb,False
Q5C101,,missing_pdb,False
Q5C104,,missing_pdb,False
Q5C122,,missing_pdb,False
Q5C128,,missing_pdb,False
Q5C150,,missing_pdb,False
Q5C162,,missing_pdb,False
Q5C165,,missing_pdb,False
Q5C167,,missing_pdb,False
Q5C182,,missing_pdb,False
Q5C192,,missing_pdb,False
Q5C1B2,,missing_pdb,False
Q5C1B6,,missing_pdb,False
Q5C1B7,,missing_pdb,False
Q5C1D8,,missing_pdb,False
Q5C1E2,,missing_pdb,False
Q5C1F3,,missing_pdb,False
Q5C1F6,,missing_pdb,False
Q5C1G2,,missing_pdb,False
Q5C1G7,,missing_pdb,False
Q5C1H0,,missing_pdb,False
Q5C1I1,,missing_pdb,False
Q5C1J6,,missing_pdb,False
Q5C1K0,,missing_pdb,False
Q5C1K2,,missing_pdb,False
Q5C1K6,,missing_pdb,False
Q5C1N0,,missing_pdb,False
Q5C1P9,,missing_pdb,False
Q5C1Q7,,missing_pdb,False
Q5C1S0,,missing_pdb,False
Q5C1T1,,missing_pdb,False
Q5C1T7,,missing_pdb,False
Q5C1U5,,missing_pdb,False
Q5C1V0,,missing_pdb,False
Q5C1V5,,missing_pdb,False
Q5C1V8,,missing_pdb,False
Q5C1W3,,missing_pdb,False
Q5C1W5,,missing_pdb,False
Q5C1W7,,missing_pdb,False
Q5C1X5,,missing_pdb,False
Q5C1Y8,,missing_pdb,False
Q5C1Z2,,missing_pdb,False
Q5C1Z6,,missing_pdb,False
Q5C213,,missing_pdb,False
Q5C222,,missing_pdb,False
Q5C224,,missing_pdb,False
Q5C255,,missing_pdb,False
Q5C267,,missing_pdb,False
Q5C280,,missing_pdb,False
Q5C282,,missing_pdb,False
Q5C295,,missing_pdb,False
Q5C2B9,,missing_pdb,False
Q5C2C3,,missing_pdb,False
Q5C2C5,,missing_pdb,False
Q5C2D0,,missing_pdb,False
Q5C2H1,,missing_pdb,False
Q5C2L2,,missing_pdb,False
Q5C2L9,,missing_pdb,False
Q5C2M4,,missing_pdb,False
Q5C2N1,,missing_pdb,False
Q5C2R2,,missing_pdb,False
Q5C2R8,,missing_pdb,False
Q5C2S6,,missing_pdb,False
Q5C2T7,,missing_pdb,False
Q5C2T9,,missing_pdb,False
Q5C2U1,,missing_pdb,False
Q5C2V0,,missing_pdb,False
Q5C2V7,,missing_pdb,False
Q5C2Y2,,missing_pdb,False
Q5C2Z1,,missing_pdb,False
Q5C304,,missing_pdb,False
Q5C310,,missing_pdb,False
Q5C313,,missing_pdb,False
Q5C317,,missing_pdb,False
Q5C322,,missing_pdb,False
Q5C326,,missing_pdb,False
Q5C355,,missing_pdb,False
Q5C364,,missing_pdb,False
Q5C370,,missing_pdb,False
Q5C377,,missing_pdb,False
Q5C381,,missing_pdb,False
Q5C388,,missing_pdb,False
Q5C3B9,,missing_pdb,False
Q5C3C2,,missing_pdb,False
Q5C3D5,,missing_pdb,False
Q5C3E0,,missing_pdb,False
Q5C3E1,,missing_pdb,False
Q5C3F2,,missing_pdb,False
Q5C3G8,,missing_pdb,False
Q5C3H5,,missing_pdb,False
Q5C3H9,,missing_pdb,False
Q5C3I8,,missing_pdb,False
Q5C3J6,,missing_pdb,False
Q5C3M9,,missing_pdb,False
Q5C3N2,,missing_pdb,False
Q5C3P2,,missing_pdb,False
Q5C3P4,,missing_pdb,False
Q5C3P7,,missing_pdb,False
Q5C3Q3,,missing_pdb,False
Q5C3Q5,,missing_pdb,False
Q5C3S2,,missing_pdb,False
Q5C3S4,,missing_pdb,False
Q5C3U2,,missing_pdb,False
Q5C3V3,,missing_pdb,False
Q5C3W2,,missing_pdb,False
Q5C3W5,,missing_pdb,False
Q5C3W8,,missing_pdb,False
Q5C3X5,,missing_pdb,False
Q5C3Y5,,missing_pdb,False
Q5C3Z6,,missing_pdb,False
Q5C401,,missing_pdb,False
Q5C402,,missing_pdb,False
Q5C405,,missing_pdb,False
Q5C480,,missing_pdb,False
Q5C487,,missing_pdb,False
Q5C4D1,,missing_pdb,False
Q5C4F8,,missing_pdb,False
Q5C4P1,,missing_pdb,False
Q5C4Q0,,missing_pdb,False
Q5C4V9,,missing_pdb,False
Q5C534,,missing_pdb,False
Q5C570,,missing_pdb,False
Q5C579,,missing_pdb,False
Q5C5B9,,missing_pdb,False
Q5C5C3,,missing_pdb,False
Q5C5J3,,missing_pdb,False
Q5C5J7,,missing_pdb,False
Q5C5L3,,missing_pdb,False
Q5C5N5,,missing_pdb,False
Q5C5P0,,missing_pdb,False
Q5C5V0,,missing_pdb,False
Q5C5W8,,missing_pdb,False
Q5C5Y8,,missing_pdb,False
Q5C602,,missing_pdb,False
Q5C653,,missing_pdb,False
Q5C654,,missing_pdb,False
Q5C688,,missing_pdb,False
Q5C6A5,,missing_pdb,False
Q5C6C0,,missing_pdb,False
Q5C6F3,,missing_pdb,False
Q5C6H4,,missing_pdb,False
Q5C6T1,,missing_pdb,False
Q5C6U8,,missing_pdb,False
Q5C710,,missing_pdb,False
Q5C733,,missing_pdb,False
Q5C7A9,,missing_pdb,False
Q5C7C6,,missing_pdb,False
Q5C7E7,,missing_pdb,False
Q5C7K1,,missing_pdb,False
Q5C7K2,,missing_pdb,False
Q5C7N3,,missing_pdb,False
Q5C7U8,,missing_pdb,False
Q5C7Z6,,missing_pdb,False
Q5C7Z7,,missing_pdb,False
Q5C7Z8,,missing_pdb,False
Q5C9Z4,,missing_pdb,False
Q5CAI2,,missing_pdb,False
Q5D1E8,,missing_pdb,False
Q5D8E5,,missing_pdb,False
Q5D8E9,,missing_pdb,False
Q5D8G3,,missing_pdb,False
Q5D8H8,,missing_pdb,False
Q5D8I1,,missing_pdb,False
Q5D8I3,,missing_pdb,False
Q5D8J1,,missing_pdb,False
Q5D8K2,,missing_pdb,False
Q5D8K4,,missing_pdb,False
Q5D8L5,,missing_pdb,False
Q5D8M0,,missing_pdb,False
Q5D8P1,,missing_pdb,False
Q5D8Q7,,missing_pdb,False
Q5D8T3,,missing_pdb,False
Q5D8U3,,missing_pdb,False
Q5D8V1,,missing_pdb,False
Q5D8W3,,missing_pdb,False
Q5D8X1,,missing_pdb,False
Q5D8Y0,,missing_pdb,False
Q5D917,,missing_pdb,False
Q5D925,,missing_pdb,False
Q5D928,,missing_pdb,False
Q5D943,,missing_pdb,False
Q5D951,,missing_pdb,False
Q5D959,,missing_pdb,False
Q5D975,,missing_pdb,False
Q5D976,,missing_pdb,False
Q5D981,,missing_pdb,False
Q5D985,,missing_pdb,False
Q5D9A1,,missing_pdb,False
Q5D9A3,,missing_pdb,False
Q5D9E0,,missing_pdb,False
Q5D9F5,,missing_pdb,False
Q5D9G8,,missing_pdb,False
Q5D9K3,,missing_pdb,False
Q5D9K5,,missing_pdb,False
Q5D9L2,,missing_pdb,False
Q5D9L5,,missing_pdb,False
Q5D9P7,,missing_pdb,False
Q5D9T5,,missing_pdb,False
Q5D9T6,,missing_pdb,False
Q5D9U1,,missing_pdb,False
Q5D9U5,,missing_pdb,False
Q5D9W0,,missing_pdb,False
Q5D9W6,,missing_pdb,False
Q5D9X1,,missing_pdb,False
Q5D9X2,,missing_pdb,False
Q5D9X4,,missing_pdb,False
Q5DA00,,missing_pdb,False
Q5DA13,,missing_pdb,False
Q5DA16,,missing_pdb,False
Q5DA25,,missing_pdb,False
Q5DA35,,missing_pdb,False
Q5DA38,,missing_pdb,False
Q5DA40,,missing_pdb,False
Q5DA65,,missing_pdb,False
Q5DA66,,missing_pdb,False
Q5DA79,,missing_pdb,False
Q5DA88,,missing_pdb,False
Q5DA94,,missing_pdb,False
Q5DAA1,,missing_pdb,False
Q5DAB4,,missing_pdb,False
Q5DAB5,,missing_pdb,False
Q5DAC8,,missing_pdb,False
Q5DAE6,,missing_pdb,False
Q5DAH4,,missing_pdb,False
Q5DAI2,,missing_pdb,False
Q5DAJ0,,missing_pdb,False
Q5DAJ7,,missing_pdb,False
Q5DAL0,,missing_pdb,False
Q5DAM0,,missing_pdb,False
Q5DAN5,,missing_pdb,False
Q5DAP5,,missing_pdb,False
Q5DAQ7,,missing_pdb,False
Q5DAS7,,missing_pdb,False
Q5DAT5,,missing_pdb,False
Q5DAT7,,missing_pdb,False
Q5DAV4,,missing_pdb,False
Q5DAX1,,missing_pdb,False
Q5DAY1,,missing_pdb,False
Q5DAY9,,missing_pdb,False
Q5DB00,,missing_pdb,False
Q5DB31,,missing_pdb,False
Q5DB47,,missing_pdb,False
Q5DB79,,missing_pdb,False
Q5DB80,,missing_pdb,False
Q5DB81,,missing_pdb,False
Q5DBB2,,missing_pdb,False
Q5DBB7,,missing_pdb,False
Q5DBD8,,missing_pdb,False
Q5DBG7,,missing_pdb,False
Q5DBH4,,missing_pdb,False
Q5DBJ0,,missing_pdb,False
Q5DBK4,,missing_pdb,False
Q5DBL2,,missing_pdb,False
Q5DBM2,,missing_pdb,False
Q5DBN2,,missing_pdb,False
Q5DBN6,,missing_pdb,False
Q5DBN8,,missing_pdb,False
Q5DBP9,,missing_pdb,False
Q5DBS1,,missing_pdb,False
Q5DBS4,,missing_pdb,False
Q5DBT0,,missing_pdb,False
Q5DBT8,,missing_pdb,False
Q5DBU4,,missing_pdb,False
Q5DBV5,,missing_pdb,False
Q5DBV8,,missing_pdb,False
Q5DBX8,,missing_pdb,False
Q5DBY0,,missing_pdb,False
Q5DBY9,,missing_pdb,False
Q5DC03,,missing_pdb,False
Q5DC14,,missing_pdb,False
Q5DC16,,missing_pdb,False
Q5DC17,,missing_pdb,False
Q5DC19,,missing_pdb,False
Q5DC21,,missing_pdb,False
Q5DC25,,missing_pdb,False
Q5DC34,,missing_pdb,False
Q5DC38,,missing_pdb,False
Q5DC42,,missing_pdb,False
Q5DC49,,missing_pdb,False
Q5DC68,,missing_pdb,False
Q5DC73,,missing_pdb,False
Q5DC78,,missing_pdb,False
Q5DC85,,missing_pdb,False
Q5DC90,,missing_pdb,False
Q5DC97,,missing_pdb,False
Q5DCA6,,missing_pdb,False
Q5DCC4,,missing_pdb,False
Q5DCD2,,missing_pdb,False
Q5DCE6,,missing_pdb,False
Q5DCF1,,missing_pdb,False
Q5DCF5,,missing_pdb,False
Q5DCF6,,missing_pdb,False
Q5DCH7,,missing_pdb,False
Q5DCI0,,missing_pdb,False
Q5DCI8,,missing_pdb,False
Q5DCK2,,missing_pdb,False
Q5DCK8,,missing_pdb,False
Q5DCM2,,missing_pdb,False
Q5DCN8,,missing_pdb,False
Q5DCP2,,missing_pdb,False
Q5DCQ0,,missing_pdb,False
Q5DCQ8,,missing_pdb,False
Q5DCR9,,missing_pdb,False
Q5DCS6,,missing_pdb,False
Q5DCX4,,missing_pdb,False
Q5DCY0,,missing_pdb,False
Q5DCY5,,missing_pdb,False
Q5DD05,,missing_pdb,False
Q5DD07,,missing_pdb,False
Q5DD08,,missing_pdb,False
Q5DD25,,missing_pdb,False
Q5DD33,,missing_pdb,False
Q5DD34,,missing_pdb,False
Q5DD35,,missing_pdb,False
Q5DD37,,missing_pdb,False
Q5DD70,,missing_pdb,False
Q5DD72,,missing_pdb,False
Q5DDA0,,missing_pdb,False
Q5DDA2,,missing_pdb,False
Q5DDA6,,missing_pdb,False
Q5DDD8,,missing_pdb,False
Q5DDE1,,missing_pdb,False
Q5DDE2,,missing_pdb,False
Q5DDG5,,missing_pdb,False
Q5DDG8,,missing_pdb,False
Q5DDH3,,missing_pdb,False
Q5DDJ0,,missing_pdb,False
Q5DDK2,,missing_pdb,False
Q5DDL4,,missing_pdb,False
Q5DDP2,,missing_pdb,False
Q5DDQ4,,missing_pdb,False
Q5DDR2,,missing_pdb,False
Q5DDR5,,missing_pdb,False
Q5DDT1,,missing_pdb,False
Q5DDV4,,missing_pdb,False
Q5DDY2,,missing_pdb,False
Q5DE04,,missing_pdb,False
Q5DE12,,missing_pdb,False
Q5DE42,,missing_pdb,False
Q5DE63,,missing_pdb,False
Q5DE65,,missing_pdb,False
Q5DE75,,missing_pdb,False
Q5DEA0,,missing_pdb,False
Q5DEA2,,missing_pdb,False
Q5DEB4,,missing_pdb,False
Q5DEC6,,missing_pdb,False
Q5DEE1,,missing_pdb,False
Q5DEE5,,missing_pdb,False
Q5DEF8,,missing_pdb,False
Q5DEL3,,missing_pdb,False
Q5DEL7,,missing_pdb,False
Q5DEM4,,missing_pdb,False
Q5DEN8,,missing_pdb,False
Q5DEP2,,missing_pdb,False
Q5DEP3,,missing_pdb,False
Q5DEP7,,missing_pdb,False
Q5DEQ2,,missing_pdb,False
Q5DES4,,missing_pdb,False
Q5DEU1,,missing_pdb,False
Q5DEU9,,missing_pdb,False
Q5DEW6,,missing_pdb,False
Q5DEZ5,,missing_pdb,False
Q5DF00,,missing_pdb,False
Q5DF14,,missing_pdb,False
Q5DF24,,missing_pdb,False
Q5DF42,,missing_pdb,False
Q5DF62,,missing_pdb,False
Q5DF73,,missing_pdb,False
Q5DF90,,missing_pdb,False
Q5DFA7,,missing_pdb,False
Q5DFB1,,missing_pdb,False
Q5DFB2,,missing_pdb,False
Q5DFC2,,missing_pdb,False
Q5DFC5,,missing_pdb,False
Q5DFE1,,missing_pdb,False
Q5DFE5,,missing_pdb,False
Q5DFG6,,missing_pdb,False
Q5DFK0,,missing_pdb,False
Q5DFK3,,missing_pdb,False
Q5DFK4,,missing_pdb,False
Q5DFK7,,missing_pdb,False
Q5DFR2,,missing_pdb,False
Q5DFS8,,missing_pdb,False
Q5DFU2,,missing_pdb,False
Q5DFV6,,missing_pdb,False
Q5DFW3,,missing_pdb,False
Q5DFW9,,missing_pdb,False
Q5DFY6,,missing_pdb,False
Q5DFY7,,missing_pdb,False
Q5DG09,,missing_pdb,False
Q5DG13,,missing_pdb,False
Q5DG17,,missing_pdb,False
Q5DG23,,missing_pdb,False
Q5DG44,,missing_pdb,False
Q5DG45,,missing_pdb,False
Q5DG52,,missing_pdb,False
Q5DG57,,missing_pdb,False
Q5DG79,,missing_pdb,False
Q5DG85,,missing_pdb,False
Q5DG91,,missing_pdb,False
Q5DG99,,missing_pdb,False
Q5DGA9,,missing_pdb,False
Q5DGB2,,missing_pdb,False
Q5DGB4,,missing_pdb,False
Q5DGB7,,missing_pdb,False
Q5DGC1,,missing_pdb,False
Q5DGC3,,missing_pdb,False
Q5DGD2,,missing_pdb,False
Q5DGE5,,missing_pdb,False
Q5DGJ2,,missing_pdb,False
Q5DGK1,,missing_pdb,False
Q5DGL7,,missing_pdb,False
Q5DGM3,,missing_pdb,False
Q5DGN0,,missing_pdb,False
Q5DGQ8,,missing_pdb,False
Q5DGV1,,missing_pdb,False
Q5DGX6,,missing_pdb,False
Q5DGX7,,missing_pdb,False
Q5DGY3,,missing_pdb,False
Q5DH08,,missing_pdb,False
Q5DH32,,missing_pdb,False
Q5DH35,,missing_pdb,False
Q5DH60,,missing_pdb,False
Q5DH70,,missing_pdb,False
Q5DH92,,missing_pdb,False
Q5DHB0,,missing_pdb,False
Q5DHD1,,missing_pdb,False
Q5DHF1,,missing_pdb,False
Q5DHF3,,missing_pdb,False
Q5DHF7,,missing_pdb,False
Q5DHG4,,missing_pdb,False
Q5DHJ2,,missing_pdb,False
Q5DHJ4,,missing_pdb,False
Q5DHK1,,missing_pdb,False
Q5DHK5,,missing_pdb,False
Q5DHL0,,missing_pdb,False
Q5DHL5,,missing_pdb,False
Q5DHM3,,missing_pdb,False
Q5DHN8,,missing_pdb,False
Q5DHR8,,missing_pdb,False
Q5DHT6,,missing_pdb,False
Q5DHT7,,missing_pdb,False
Q5DHU3,,missing_pdb,False
Q5DI09,,missing_pdb,False
Q5DI11,,missing_pdb,False
Q5DI14,,missing_pdb,False
Q5DI16,,missing_pdb,False
Q5DI32,,missing_pdb,False
Q5DI56,,missing_pdb,False
Q5DI58,,missing_pdb,False
Q5DT36,,missing_pdb,False
Q5DTH5,,missing_pdb,False
Q5DTI6,,missing_pdb,False
Q5DTK1,,missing_pdb,False
Q5DTW2,,missing_pdb,False
Q5EBL8,,missing_pdb,False
Q5EG05,,missing_pdb,False
Q5F1R6-2,,missing_pdb,False
Q5F201,,missing_pdb,False
Q5F259,,missing_pdb,False
Q5FBB7,,missing_pdb,False
Q5FVF1,,missing_pdb,False
Q5FVG4,,missing_pdb,False
Q5FVI3,,missing_pdb,False
Q5FVJ1,,missing_pdb,False
Q5FVN0,,missing_pdb,False
Q5FW53,,missing_pdb,False
Q5FWF4,,missing_pdb,False
Q5FWT7,,missing_pdb,False
Q5FWU5,,missing_pdb,False
Q5GLZ8,/data/ranran/my_ptm/croton/data/structure_pipeline/pdb/Q5GLZ8.pdb,exact_sequence_match,True
Q5H8A4,,missing_pdb,False
Q5H928,,missing_pdb,False
Q5HY81,,missing_pdb,False
Q5HY92,,missing_pdb,False
Q5HYI8,/data/ranran/my_ptm/croton/data/structure_pipeline/pdb/Q5HYI8.pdb,exact_sequence_match,True
Q5HYJ3,,missing_pdb,False
Q5HYK7,,missing_pdb,False
Q5HYW3,,missing_pdb,False
Q5HZG4,,missing_pdb,False
Q5I0G5,,missing_pdb,False
Q5I0K8,,missing_pdb,False
Q5I6B8,,missing_pdb,False
Q5IR70,,missing_pdb,False
Q5J3L0,,missing_pdb,False
Q5J8M3,,missing_pdb,False
Q5JJM6,,missing_pdb,False
Q5JJV8,,missing_pdb,False
Q5JKI1,,missing_pdb,False
Q5JKN1,,missing_pdb,False
Q5JKZ9,,missing_pdb,False
Q5JLV2,,missing_pdb,False
Q5JM99,,missing_pdb,False
Q5JMA0,,missing_pdb,False
Q5JMR9,,missing_pdb,False
Q5JMS4,,missing_pdb,False
Q5JN54,,missing_pdb,False
Q5JN80,,missing_pdb,False
Q5JPB2,,missing_pdb,False
Q5JPE7,/data/ranran/my_ptm/croton/data/structure_pipeline/pdb/Q5JPE7.pdb,exact_sequence_match,True
Q5JPF3,,missing_pdb,False
Q5JPI3,,missing_pdb,False
Q5JPI9,,missing_pdb,False
Q5JQC4,,missing_pdb,False
Q5JQS6,,missing_pdb,False
Q5JR89,,missing_pdb,False
Q5JRY3,,missing_pdb,False
Q5JSP0,,missing_pdb,False
Q5JSZ5,,missing_pdb,False
Q5JTC6,,missing_pdb,False
Q5JTD0-2,,missing_pdb,False
Q5JTJ3-2,,missing_pdb,False
Q5JTW2-2,,missing_pdb,False
Q5JU67,,missing_pdb,False
Q5JUK3,,missing_pdb,False
Q5JUR7,/data/ranran/my_ptm/croton/data/structure_pipeline/pdb/Q5JUR7.pdb,exact_sequence_match,True
Q5JV20,,missing_pdb,False
Q5JV73,,missing_pdb,False
Q5JWF2,/data/ranran/my_ptm/croton/data/structure_pipeline/pdb/Q5JWF2.pdb,exact_sequence_match,True
Q5JWM4,,missing_pdb,False
Q5JWZ0,,missing_pdb,False
Q5JX44,,missing_pdb,False
Q5JX69,,missing_pdb,False
Q5JYA3,,missing_pdb,False
Q5JYT7,,missing_pdb,False
Q5JYW6,,missing_pdb,False
Q5KQL3,,missing_pdb,False
Q5KQL5,,missing_pdb,False
Q5KU26,,missing_pdb,False
Q5KUE2,,missing_pdb,False
Q5KUF3,,missing_pdb,False
Q5KUG0,,missing_pdb,False
Q5KUJ7,,missing_pdb,False
Q5KUL6,,missing_pdb,False
Q5KUM9,,missing_pdb,False
Q5KUN9,,missing_pdb,False
Q5KUR0,,missing_pdb,False
Q5KUU6,,missing_pdb,False
Q5KV36,,missing_pdb,False
Q5KV92,,missing_pdb,False
Q5KVJ2,,missing_pdb,False
Q5KW38,,missing_pdb,False
Q5KW96,,missing_pdb,False
Q5KXD0,,missing_pdb,False
Q5KXS6,,missing_pdb,False
Q5KYQ2,,missing_pdb,False
Q5KZ04,,missing_pdb,False
Q5KZM0,,missing_pdb,False
Q5L011,,missing_pdb,False
Q5L021,,missing_pdb,False
Q5L0E0,,missing_pdb,False
Q5L0I4,,missing_pdb,False
Q5L0J5,,missing_pdb,False
Q5L1C6,,missing_pdb,False
Q5L1E8,,missing_pdb,False
Q5L1I4,,missing_pdb,False
Q5L1N1,,missing_pdb,False
Q5L283,,missing_pdb,False
Q5L2P8,,missing_pdb,False
Q5L376,,missing_pdb,False
Q5L3V1,,missing_pdb,False
Q5L3W3,,missing_pdb,False
Q5L402,,missing_pdb,False
Q5M7A7,,missing_pdb,False
Q5M7T5,,missing_pdb,False
Q5M7W7,,missing_pdb,False
Q5M818,,missing_pdb,False
Q5M827,,missing_pdb,False
Q5M876,,missing_pdb,False
Q5M878,,missing_pdb,False
Q5M887,,missing_pdb,False
Q5M8Q6,,missing_pdb,False
Q5M943,,missing_pdb,False
Q5M9F4,,missing_pdb,False
Q5M9H0,,missing_pdb,False
Q5MAI5,,missing_pdb,False
Q5MB11,,missing_pdb,False
Q5MIZ7,/data/ranran/my_ptm/croton/data/structure_pipeline/pdb/Q5MIZ7.pdb,exact_sequence_match,True
Q5MJ08,,missing_pdb,False
Q5MNV8,,missing_pdb,False
Q5MPA9,,missing_pdb,False
Q5MQK5,,missing_pdb,False
Q5N6W3,,missing_pdb,False
Q5N714,,missing_pdb,False
Q5N7G0,,missing_pdb,False
Q5N7P9,,missing_pdb,False
Q5N7U2,,missing_pdb,False
Q5N7W3,,missing_pdb,False
Q5N889,,missing_pdb,False
Q5N8H6,,missing_pdb,False
Q5N8N4,,missing_pdb,False
Q5N942,,missing_pdb,False
Q5N9Z8,,missing_pdb,False
Q5NAY1,,missing_pdb,False
Q5NAY4,,missing_pdb,False
Q5NB69,,missing_pdb,False
Q5NBD5,,missing_pdb,False
Q5NBN5,,missing_pdb,False
Q5NBU5,,missing_pdb,False
Q5NBX1,,missing_pdb,False
Q5NC75,,missing_pdb,False
Q5NCC2,,missing_pdb,False
Q5NCJ1,,missing_pdb,False
Q5PPH0,,missing_pdb,False
Q5PPJ9,,missing_pdb,False
Q5PQN7,,missing_pdb,False
Q5PQN9,,missing_pdb,False
Q5PQQ2,,missing_pdb,False
Q5PQS7,,missing_pdb,False
Q5PQZ9,,missing_pdb,False
Q5PSV4,/data/ranran/my_ptm/croton/data/structure_pipeline/pdb/Q5PSV4.pdb,exact_sequence_match,True
Q5QGS0,,missing_pdb,False
Q5QJ38,,missing_pdb,False
Q5QJ74,,missing_pdb,False
Q5QLH2,,missing_pdb,False
Q5QM65,,missing_pdb,False
Q5QMY8,,missing_pdb,False
Q5QNE1,,missing_pdb,False
Q5QNG0,,missing_pdb,False
Q5QNR3,,missing_pdb,False
Q5QPA5,,missing_pdb,False
Q5QPE5,,missing_pdb,False
Q5QPE8,,missing_pdb,False
Q5R1A3,,missing_pdb,False
Q5R372,,missing_pdb,False
Q5R3I4,/data/ranran/my_ptm/croton/data/structure_pipeline/pdb/Q5R3I4.pdb,exact_sequence_match,True
Q5RHS7,,missing_pdb,False
Q5RJH2,,missing_pdb,False
Q5RJN9,,missing_pdb,False
Q5RJR8,,missing_pdb,False
Q5RJZ1,,missing_pdb,False
Q5RK03,,missing_pdb,False
Q5RKG3,,missing_pdb,False
Q5RKH3,,missing_pdb,False
Q5RKL5,,missing_pdb,False
Q5RKZ7,,missing_pdb,False
Q5RL73,,missing_pdb,False
Q5S003,,missing_pdb,False
Q5SH37,,missing_pdb,False
Q5SH66,,missing_pdb,False
Q5SHB3,,missing_pdb,False
Q5SHD1,,missing_pdb,False
Q5SHR8,,missing_pdb,False
Q5SHU6,,missing_pdb,False
Q5SHV8,,missing_pdb,False
Q5SHW7,,missing_pdb,False
Q5SI89,,missing_pdb,False
Q5SI91,,missing_pdb,False
Q5SI94,,missing_pdb,False
Q5SIA1,,missing_pdb,False
Q5SIW8,,missing_pdb,False
Q5SJ45,,missing_pdb,False
Q5SJG8,,missing_pdb,False
Q5SJJ2,,missing_pdb,False
Q5SJN6,,missing_pdb,False
Q5SL19,,missing_pdb,False
Q5SLF2,,missing_pdb,False
Q5SLM3,,missing_pdb,False
Q5SM04,,missing_pdb,False
Q5SM21,,missing_pdb,False
Q5SMQ9,,missing_pdb,False
Q5SNJ4,,missing_pdb,False
Q5SNT2,,missing_pdb,False
Q5SNV9,,missing_pdb,False
Q5SPX8,,missing_pdb,False
Q5SQI0,,missing_pdb,False
Q5SQI0-6,,missing_pdb,False
Q5SQQ1,,missing_pdb,False
Q5SQT3,,missing_pdb,False
Q5SRD0,,missing_pdb,False
Q5SRN2,,missing_pdb,False
Q5SRY7,,missing_pdb,False
Q5SS00,,missing_pdb,False
Q5SSJ5-3,,missing_pdb,False
Q5SSK3,,missing_pdb,False
Q5SSZ7,,missing_pdb,False
Q5STT6,,missing_pdb,False
Q5STZ8,,missing_pdb,False
Q5SUE5,,missing_pdb,False
Q5SUQ9,,missing_pdb,False
Q5SV16,,missing_pdb,False
Q5SVJ3,,missing_pdb,False
Q5SVQ0,,missing_pdb,False
Q5SVQ8,,missing_pdb,False
Q5SVT3-3,,missing_pdb,False
Q5SVY0,,missing_pdb,False
Q5SVZ6,,missing_pdb,False
Q5SW15,,missing_pdb,False
Q5SW24,,missing_pdb,False
Q5SWH9,,missing_pdb,False
Q5SWR0,,missing_pdb,False
Q5SWX8,,missing_pdb,False
Q5SWZ5,,missing_pdb,False
Q5SX07,,missing_pdb,False
Q5SX46,,missing_pdb,False
Q5SXC3,,missing_pdb,False
Q5SXM2,,missing_pdb,False
Q5SY16,/data/ranran/my_ptm/croton/data/structure_pipeline/pdb/Q5SY16.pdb,exact_sequence_match,True
Q5SY76,,missing_pdb,False
Q5SYB0,,missing_pdb,False
Q5SYE7,,missing_pdb,False
Q5SZK8,,missing_pdb,False
Q5SZL2,,missing_pdb,False
Q5T011,,missing_pdb,False
Q5T035,,missing_pdb,False
Q5T0J7,,missing_pdb,False
Q5T0T0,,missing_pdb,False
Q5T197,,missing_pdb,False
Q5T1B0,,missing_pdb,False
Q5T1B0-2,,missing_pdb,False
Q5T1C6,/data/ranran/my_ptm/croton/data/structure_pipeline/pdb/Q5T1C6.pdb,exact_sequence_match,True
Q5T1M5,/data/ranran/my_ptm/croton/data/structure_pipeline/pdb/Q5T1M5.pdb,exact_sequence_match,True
Q5T1M5-3,,missing_pdb,False
Q5T1V5,,missing_pdb,False
Q5T1V6,,missing_pdb,False
Q5T1Z8,,missing_pdb,False
Q5T280,/data/ranran/my_ptm/croton/data/structure_pipeline/pdb/Q5T280.pdb,exact_sequence_match,True
Q5T2E6,,missing_pdb,False
Q5T2R2,,missing_pdb,False
Q5T2S8,,missing_pdb,False
Q5T2X4,,missing_pdb,False
Q5T3I0,/data/ranran/my_ptm/croton/data/structure_pipeline/pdb/Q5T3I0.pdb,exact_sequence_match,True
Q5T3J3,/data/ranran/my_ptm/croton/data/structure_pipeline/pdb/Q5T3J3.pdb,exact_sequence_match,True
Q5T3R7,,missing_pdb,False
Q5T447,/data/ranran/my_ptm/croton/data/structure_pipeline/pdb/Q5T447.pdb,exact_sequence_match,True
Q5T481,,missing_pdb,False
Q5T4F7,,missing_pdb,False
Q5T4S7-5,,missing_pdb,False
Q5T4U5,,missing_pdb,False
Q5T5C0,,missing_pdb,False
Q5T5J6,,missing_pdb,False
Q5T5S1,,missing_pdb,False
Q5T5U3,,missing_pdb,False
Q5T5U3-3,,missing_pdb,False
Q5T5X7,,missing_pdb,False
Q5T5Y3-3,,missing_pdb,False
Q5T655,/data/ranran/my_ptm/croton/data/structure_pipeline/pdb/Q5T655.pdb,exact_sequence_match,True
Q5T6C5,,missing_pdb,False
Q5T6H2,,missing_pdb,False
Q5T6V5,/data/ranran/my_ptm/croton/data/structure_pipeline/pdb/Q5T6V5.pdb,exact_sequence_match,True
Q5T7F5,,missing_pdb,False
Q5T7P8,,missing_pdb,False
Q5T7V8,,missing_pdb,False
Q5T851,,missing_pdb,False
Q5T8A7,,missing_pdb,False
Q5T8D1,,missing_pdb,False
Q5T8D3,,missing_pdb,False
Q5T8I3,,missing_pdb,False
Q5T8P6-4,,missing_pdb,False
Q5T9A4,/data/ranran/my_ptm/croton/data/structure_pipeline/pdb/Q5T9A4.pdb,exact_sequence_match,True
Q5T9Q5,,missing_pdb,False
Q5T9S2,,missing_pdb,False
Q5TA45-5,,missing_pdb,False
Q5TAE8,,missing_pdb,False
Q5TAQ9,,missing_pdb,False
Q5TB19,,missing_pdb,False
Q5TB30,,missing_pdb,False
Q5TB53,,missing_pdb,False
Q5TBB1,/data/ranran/my_ptm/croton/data/structure_pipeline/pdb/Q5TBB1.pdb,exact_sequence_match,True
Q5TBM3,,missing_pdb,False
Q5TCS8,,missing_pdb,False
Q5TCZ1,,missing_pdb,False
Q5TDF0,,missing_pdb,False
Q5TDH0-3,,missing_pdb,False
Q5TEV0,,missing_pdb,False
Q5TFE4,/data/ranran/my_ptm/croton/data/structure_pipeline/pdb/Q5TFE4.pdb,exact_sequence_match,True
Q5TFG8,,missing_pdb,False
Q5TG36,,missing_pdb,False
Q5TGL8,,missing_pdb,False
Q5TGY3,,missing_pdb,False
Q5TGZ0,,missing_pdb,False
Q5TH69,,missing_pdb,False
Q5THJ4,,missing_pdb,False
Q5THK1,,missing_pdb,False
Q5THR3,,missing_pdb,False
Q5TID7,,missing_pdb,False
Q5TKD8,,missing_pdb,False
Q5TKF9,,missing_pdb,False
Q5TZA2,/data/ranran/my_ptm/croton/data/structure_pipeline/pdb/Q5TZA2.pdb;/data/ranran/my_ptm/croton/data/structure_pipeline/pdb/AF-Q5TZA2-F1-model_v6.pdb,sequence_mismatch,False
Q5U117,,missing_pdb,False
Q5U156,,missing_pdb,False
Q5U1X1,,missing_pdb,False
Q5U1Z8,,missing_pdb,False
Q5U204,,missing_pdb,False
Q5U2Z5,,missing_pdb,False
Q5U3X7,,missing_pdb,False
Q5U430,,missing_pdb,False
Q5U5I3,,missing_pdb,False
Q5U5J2,,missing_pdb,False
Q5U5R9,,missing_pdb,False
Q5U5Z8,,missing_pdb,False
Q5UAR7,,missing_pdb,False
Q5UCC4,,missing_pdb,False
Q5UHH5,,missing_pdb,False
Q5UIP0,/data/ranran/my_ptm/croton/data/structure_pipeline/pdb/Q5UIP0.pdb,exact_sequence_match,True
Q5VMA2,,missing_pdb,False
Q5VMY4,,missing_pdb,False
Q5VPF2,,missing_pdb,False
Q5VQU1,,missing_pdb,False
Q5VRH2,,missing_pdb,False
Q5VRL2,,missing_pdb,False
Q5VRN3,,missing_pdb,False
Q5VRT2,,missing_pdb,False
Q5VRY1,,missing_pdb,False
Q5VRZ6,,missing_pdb,False
Q5VS16,,missing_pdb,False
Q5VSC2,,missing_pdb,False
Q5VSL9,/data/ranran/my_ptm/croton/data/structure_pipeline/pdb/Q5VSL9.pdb,exact_sequence_match,True
Q5VSY0,,missing_pdb,False
Q5VT06,,missing_pdb,False
Q5VT25,/data/ranran/my_ptm/croton/data/structure_pipeline/pdb/Q5VT25.pdb,exact_sequence_match,True
Q5VT66-2,,missing_pdb,False
Q5VTB9,/data/ranran/my_ptm/croton/data/structure_pipeline/pdb/Q5VTB9.pdb,exact_sequence_match,True
Q5VTE6,,missing_pdb,False
Q5VTH2,,missing_pdb,False
Q5VTH9,,missing_pdb,False
Q5VTL8,/data/ranran/my_ptm/croton/data/structure_pipeline/pdb/Q5VTL8.pdb,exact_sequence_match,True
Q5VTL8-2,,missing_pdb,False
Q5VTT2,,missing_pdb,False
Q5VU43,/data/ranran/my_ptm/croton/data/structure_pipeline/pdb/Q5VU43.pdb,exact_sequence_match,True
Q5VU43-2,,missing_pdb,False
Q5VU65,,missing_pdb,False
Q5VU97,,missing_pdb,False
Q5VUA4,/data/ranran/my_ptm/croton/data/structure_pipeline/pdb/Q5VUA4.pdb,exact_sequence_match,True
Q5VUD6,,missing_pdb,False
Q5VUM1,,missing_pdb,False
Q5VV43,,missing_pdb,False
Q5VV52,,missing_pdb,False
Q5VV67,,missing_pdb,False
Q5VVJ2,,missing_pdb,False
Q5VVQ1,,missing_pdb,False
Q5VW22,,missing_pdb,False
Q5VW32,/data/ranran/my_ptm/croton/data/structure_pipeline/pdb/Q5VW32.pdb,exact_sequence_match,True
Q5VW36,/data/ranran/my_ptm/croton/data/structure_pipeline/pdb/Q5VW36.pdb;/data/ranran/my_ptm/croton/data/structure_pipeline/pdb/AF-Q5VW36-F1-model_v6.pdb,sequence_mismatch,False
Q5VWJ9,/data/ranran/my_ptm/croton/data/structure_pipeline/pdb/Q5VWJ9.pdb,exact_sequence_match,True
Q5VWN6,,missing_pdb,False
Q5VWQ0,,missing_pdb,False
Q5VWX1,,missing_pdb,False
Q5VY43,,missing_pdb,False
Q5VYM1,,missing_pdb,False
Q5VYS8,/data/ranran/my_ptm/croton/data/structure_pipeline/pdb/Q5VYS8.pdb,exact_sequence_match,True
Q5VZ18,,missing_pdb,False
Q5VZ52,,missing_pdb,False
Q5VZ89,,missing_pdb,False
Q5VZE5,,missing_pdb,False
Q5VZT2,,missing_pdb,False
Q5VZV1,,missing_pdb,False
Q5W010,,missing_pdb,False
Q5W012,,missing_pdb,False
Q5W041,,missing_pdb,False
Q5W0A0,,missing_pdb,False
Q5W0B1,/data/ranran/my_ptm/croton/data/structure_pipeline/pdb/Q5W0B1.pdb,exact_sequence_match,True
Q5W0J0,,missing_pdb,False
Q5W0Q7,,missing_pdb,False
Q5W6H0,,missing_pdb,False
Q5W7C5,,missing_pdb,False
Q5WA72,,missing_pdb,False
Q5XF75,,missing_pdb,False
Q5XF90-3,,missing_pdb,False
Q5XF90-4,,missing_pdb,False
Q5XFW4,,missing_pdb,False
Q5XG71,,missing_pdb,False
Q5XHZ0,,missing_pdb,False
Q5XI00,,missing_pdb,False
Q5XI02,,missing_pdb,False
Q5XI07,,missing_pdb,False
Q5XI15,,missing_pdb,False
Q5XI20,,missing_pdb,False
Q5XI46,,missing_pdb,False
Q5XI86,,missing_pdb,False
Q5XIA2,,missing_pdb,False
Q5XIA4,,missing_pdb,False
Q5XID6,,missing_pdb,False
Q5XIE3,,missing_pdb,False
Q5XIG0,,missing_pdb,False
Q5XIG1,,missing_pdb,False
Q5XIG4,,missing_pdb,False
Q5XIK6,,missing_pdb,False
Q5XIW8,,missing_pdb,False
Q5XIW9,,missing_pdb,False
Q5XIX3,,missing_pdb,False
Q5XJV5,,missing_pdb,False
Q5XJW2,,missing_pdb,False
Q5XPI4-2,,missing_pdb,False
Q5XXA6,,missing_pdb,False
Q5Z480,,missing_pdb,False
Q5Z4M1,,missing_pdb,False
Q5Z4M2,,missing_pdb,False
Q5Z4M6,,missing_pdb,False
Q5Z4U5,,missing_pdb,False
Q5Z5X5,,missing_pdb,False
Q5Z5X8,,missing_pdb,False
Q5Z5Y2,,missing_pdb,False
Q5Z6G7,,missing_pdb,False
Q5Z6P4,,missing_pdb,False
Q5Z790,,missing_pdb,False
Q5Z876,,missing_pdb,False
Q5Z904,,missing_pdb,False
Q5Z984,,missing_pdb,False
Q5Z9S4,,missing_pdb,False
Q5ZBJ1,,missing_pdb,False
Q5ZBJ3,,missing_pdb,False
Q5ZC21,,missing_pdb,False
Q5ZCK7,,missing_pdb,False
Q5ZDH2,,missing_pdb,False
Q5ZDI5,,missing_pdb,False
Q5ZDJ2,,missing_pdb,False
Q5ZDM9,,missing_pdb,False
Q5ZE11,,missing_pdb,False
Q5ZPR3,,missing_pdb,False
Q60710,,missing_pdb,False
Q60771,,missing_pdb,False
Q60847,,missing_pdb,False
Q60932,,missing_pdb,False
Q60953,,missing_pdb,False
Q60991,,missing_pdb,False
Q60DC5,,missing_pdb,False
Q60E58,,missing_pdb,False
Q60E59,,missing_pdb,False
Q60EM3,,missing_pdb,False
Q60EQ4,,missing_pdb,False
Q61001,,missing_pdb,False
Q61037,,missing_pdb,False
Q61045,,missing_pdb,False
Q61087,,missing_pdb,False
Q61091,,missing_pdb,False
Q61103,,missing_pdb,False
Q61180,,missing_pdb,False
Q61190,,missing_pdb,False
Q61207,,missing_pdb,False
Q61210,,missing_pdb,False
Q61315,,missing_pdb,False
Q61371,,missing_pdb,False
Q61387,,missing_pdb,False
Q61398,,missing_pdb,False
Q61412,,missing_pdb,False
Q61419,,missing_pdb,False
Q61473,,missing_pdb,False
Q61550,,missing_pdb,False
Q61572,,missing_pdb,False
Q61584,,missing_pdb,False
Q61609,,missing_pdb,False
Q61624,,missing_pdb,False
Q61645,,missing_pdb,False
Q61824,,missing_pdb,False
Q62052,,missing_pdb,False
Q62077,,missing_pdb,False
Q62130,,missing_pdb,False
Q62151,,missing_pdb,False
Q62203,,missing_pdb,False
Q62209,,missing_pdb,False
Q62280,,missing_pdb,False
Q62388,,missing_pdb,False
Q62422,,missing_pdb,False
Q62625,,missing_pdb,False
Q62635,,missing_pdb,False
Q62656,,missing_pdb,False
Q62720,,missing_pdb,False
Q62738,,missing_pdb,False
Q62745,,missing_pdb,False
Q62765,,missing_pdb,False
Q62768,,missing_pdb,False
Q62803,,missing_pdb,False
Q62825,,missing_pdb,False
Q62876,,missing_pdb,False
Q62910,,missing_pdb,False
Q62959,,missing_pdb,False
Q62975,,missing_pdb,False
Q629K1,,missing_pdb,False
Q63041,,missing_pdb,False
Q63065,,missing_pdb,False
Q63118,,missing_pdb,False
Q63135,,missing_pdb,False
Q63207,,missing_pdb,False
Q63258,,missing_pdb,False
Q63312,,missing_pdb,False
Q63327,,missing_pdb,False
Q63345,,missing_pdb,False
Q63374-10,,missing_pdb,False
Q63406,,missing_pdb,False
Q63421,,missing_pdb,False
Q63429,,missing_pdb,False
Q63493,,missing_pdb,False
Q63518,,missing_pdb,False
Q63520,,missing_pdb,False
Q63560-2,,missing_pdb,False
Q63617,,missing_pdb,False
Q63618,,missing_pdb,False
Q63622-4,,missing_pdb,False
Q63622-5,,missing_pdb,False
Q63625,,missing_pdb,False
Q63737,,missing_pdb,False
Q63737-2,,missing_pdb,False
Q63934,,missing_pdb,False
Q63HN8-4,,missing_pdb,False
Q63HQ2,,missing_pdb,False
Q63ZV7,,missing_pdb,False
Q63ZY3-2,,missing_pdb,False
Q640L5,,missing_pdb,False
Q640Q5,,missing_pdb,False
Q641Q2,/data/ranran/my_ptm/croton/data/structure_pipeline/pdb/Q641Q2.pdb,exact_sequence_match,True
Q641W5,,missing_pdb,False
Q641X2,,missing_pdb,False
Q641X6,,missing_pdb,False
Q641Y8,,missing_pdb,False
Q641Z9,,missing_pdb,False
Q64213,,missing_pdb,False
Q64230,,missing_pdb,False
Q64240,,missing_pdb,False
Q64244,,missing_pdb,False
Q64288,,missing_pdb,False
Q642A7,,missing_pdb,False
Q642K5,,missing_pdb,False
Q64319,,missing_pdb,False
Q64361,,missing_pdb,False
Q64380,,missing_pdb,False
Q64449,,missing_pdb,False
Q64535-2,,missing_pdb,False
Q64537,,missing_pdb,False
Q64559,,missing_pdb,False
Q64568,,missing_pdb,False
Q64644,,missing_pdb,False
Q64666,,missing_pdb,False
Q64676,,missing_pdb,False
Q64700,,missing_pdb,False
Q64GA5,,missing_pdb,False
Q64LD2,,missing_pdb,False
Q650S9,,missing_pdb,False
Q650T8,,missing_pdb,False
Q650U0,,missing_pdb,False
Q650W3,,missing_pdb,False
Q650W6,,missing_pdb,False
Q651C1,,missing_pdb,False
Q651E8,,missing_pdb,False
Q651M0,,missing_pdb,False
Q652B0,,missing_pdb,False
Q652F6,,missing_pdb,False
Q652L5,,missing_pdb,False
Q652P5,,missing_pdb,False
Q652S0,,missing_pdb,False
Q652S1,,missing_pdb,False
Q652U5,,missing_pdb,False
Q653D7,,missing_pdb,False
Q654Y9,,missing_pdb,False
Q655G1,,missing_pdb,False
Q656K0,,missing_pdb,False
Q656M8,,missing_pdb,False
Q656Y1,,missing_pdb,False
Q657L6,,missing_pdb,False
Q659A1,,missing_pdb,False
Q65X66,,missing_pdb,False
Q65X95,,missing_pdb,False
Q65XG4,,missing_pdb,False
Q65XQ8,,missing_pdb,False
Q65XW4,,missing_pdb,False
Q66GS9,,missing_pdb,False
Q66H03,,missing_pdb,False
Q66H09,,missing_pdb,False
Q66H16,,missing_pdb,False
Q66H19,,missing_pdb,False
Q66H34,,missing_pdb,False
Q66H47,,missing_pdb,False
Q66H48,,missing_pdb,False
Q66H59,,missing_pdb,False
Q66HA1,,missing_pdb,False
Q66HG6,,missing_pdb,False
Q66HP1,,missing_pdb,False
Q66JQ7,,missing_pdb,False
Q66JR8,,missing_pdb,False
Q66K41,,missing_pdb,False
Q66K64,,missing_pdb,False
Q66K74,,missing_pdb,False
Q66K89,,missing_pdb,False
Q66LM6,,missing_pdb,False
Q66PJ3,,missing_pdb,False
Q66X22,,missing_pdb,False
Q672J3,,missing_pdb,False
Q674X7,,missing_pdb,False
Q67IU5,,missing_pdb,False
Q67IX6,,missing_pdb,False
Q67J16,,missing_pdb,False
Q67UI1,,missing_pdb,False
Q67UP9,,missing_pdb,False
Q67VQ4,,missing_pdb,False
Q67W65,,missing_pdb,False
Q67WU6,,missing_pdb,False
Q688H6,,missing_pdb,False
Q688J1,,missing_pdb,False
Q688Y5,,missing_pdb,False
Q68CJ9,,missing_pdb,False
Q68CL5,,missing_pdb,False
Q68CP9,/data/ranran/my_ptm/croton/data/structure_pipeline/pdb/Q68CP9.pdb,exact_sequence_match,True
Q68CQ7,,missing_pdb,False
Q68CR1,,missing_pdb,False
Q68CR7,,missing_pdb,False
Q68CZ1,,missing_pdb,False
Q68CZ2,,missing_pdb,False
Q68CZ6,/data/ranran/my_ptm/croton/data/structure_pipeline/pdb/Q68CZ6.pdb,exact_sequence_match,True
Q68D10,,missing_pdb,False
Q68D85,,missing_pdb,False
Q68DC2,,missing_pdb,False
Q68DH5,,missing_pdb,False
Q68DK2,,missing_pdb,False
Q68DK7-2,,missing_pdb,False
Q68DL7,,missing_pdb,False
Q68DN1,,missing_pdb,False
Q68DQ2,,missing_pdb,False
Q68DW7,,missing_pdb,False
Q68E01,/data/ranran/my_ptm/croton/data/structure_pipeline/pdb/Q68E01.pdb,exact_sequence_match,True
Q68E03,,missing_pdb,False
Q68EF8,,missing_pdb,False
Q68EM7,/data/ranran/my_ptm/croton/data/structure_pipeline/pdb/Q68EM7.pdb,exact_sequence_match,True
Q68EM7-3,,missing_pdb,False
Q68EN5,,missing_pdb,False
Q68FL4,,missing_pdb,False
Q68FQ9,,missing_pdb,False
Q68FS3,,missing_pdb,False
Q68FS9,,missing_pdb,False
Q68FW2,,missing_pdb,False
Q68FX6,,missing_pdb,False
Q68FX9,,missing_pdb,False
Q68Y51,,missing_pdb,False
Q69JX7,,missing_pdb,False
Q69K00,,missing_pdb,False
Q69LE7,,missing_pdb,False
Q69LG7,,missing_pdb,False
Q69LL7,,missing_pdb,False
Q69MC9,,missing_pdb,False
Q69MF4,,missing_pdb,False
Q69N38,,missing_pdb,False
Q69NB7,,missing_pdb,False
Q69NG5,,missing_pdb,False
Q69NL0,,missing_pdb,False
Q69Q02,,missing_pdb,False
Q69QR6,,missing_pdb,False
Q69RJ0,,missing_pdb,False
Q69RN2,,missing_pdb,False
Q69S39,,missing_pdb,False
Q69SU2,,missing_pdb,False
Q69SU7,,missing_pdb,False
Q69SV0,,missing_pdb,False
Q69SX2,,missing_pdb,False
Q69T22,,missing_pdb,False
Q69T46,,missing_pdb,False
Q69TT2,,missing_pdb,False
Q69TW1,,missing_pdb,False
Q69TY5,,missing_pdb,False
Q69UF2,,missing_pdb,False
Q69V07,,missing_pdb,False
Q69VD1,,missing_pdb,False
Q69WE3,,missing_pdb,False
Q69WY2,,missing_pdb,False
Q69YH5,,missing_pdb,False
Q69YN4,/data/ranran/my_ptm/croton/data/structure_pipeline/pdb/Q69YN4.pdb,exact_sequence_match,True
Q69Z69,,missing_pdb,False
Q69ZF8,,missing_pdb,False
Q69ZG1,,missing_pdb,False
Q69ZN6,,missing_pdb,False
Q69ZP3,,missing_pdb,False
Q69ZR2,,missing_pdb,False
Q69ZT1,,missing_pdb,False
Q6A163,,missing_pdb,False
Q6A1A2,,missing_pdb,False
Q6AHZ1,/data/ranran/my_ptm/croton/data/structure_pipeline/pdb/Q6AHZ1.pdb,exact_sequence_match,True
Q6AI39,,missing_pdb,False
Q6ASZ9,,missing_pdb,False
Q6AT27,,missing_pdb,False
Q6ATB2,,missing_pdb,False
Q6ATQ2,,missing_pdb,False
Q6ATZ9,,missing_pdb,False
Q6AU00,,missing_pdb,False
Q6AUZ2,,missing_pdb,False
Q6AUZ6,,missing_pdb,False
Q6AV21,,missing_pdb,False
Q6AVA8,,missing_pdb,False
Q6AVI0,,missing_pdb,False
Q6AWC2,,missing_pdb,False
Q6AWX8,,missing_pdb,False
Q6AXM6,,missing_pdb,False
Q6AXM9,,missing_pdb,False
Q6AXN7,,missing_pdb,False
Q6AXP3,,missing_pdb,False
Q6AXT0,,missing_pdb,False
Q6AXT2,,missing_pdb,False
Q6AXT3,,missing_pdb,False
Q6AXU2,,missing_pdb,False
Q6AXV4,,missing_pdb,False
Q6AXZ2,,missing_pdb,False
Q6AXZ5,,missing_pdb,False
Q6AY04,,missing_pdb,False
Q6AY16,,missing_pdb,False
Q6AY23,,missing_pdb,False
Q6AY72,,missing_pdb,False
Q6AY90,,missing_pdb,False
Q6AYA1,,missing_pdb,False
Q6AYA6,,missing_pdb,False
Q6AYB0,,missing_pdb,False
Q6AYC7,,missing_pdb,False
Q6AYE1,,missing_pdb,False
Q6AYH5,,missing_pdb,False
Q6AYK4,,missing_pdb,False
Q6AYM8,,missing_pdb,False
Q6AYN4,,missing_pdb,False
Q6AYT7,,missing_pdb,False
Q6AZ54,,missing_pdb,False
Q6AZU4,,missing_pdb,False
Q6BAA4,,missing_pdb,False
Q6BAA4-4,,missing_pdb,False
Q6BBI8,,missing_pdb,False
Q6BZU2,,missing_pdb,False
Q6BZY5,,missing_pdb,False
Q6BZY6,,missing_pdb,False
Q6BZY9,,missing_pdb,False
Q6BZZ7,,missing_pdb,False
Q6C034,,missing_pdb,False
Q6C067,,missing_pdb,False
Q6C071,,missing_pdb,False
Q6C074,,missing_pdb,False
Q6C097,,missing_pdb,False
Q6C0B5,,missing_pdb,False
Q6C0E2,,missing_pdb,False
Q6C0F7,,missing_pdb,False
Q6C0H2,,missing_pdb,False
Q6C0H5,,missing_pdb,False
Q6C0I3,,missing_pdb,False
Q6C0I4,,missing_pdb,False
Q6C0J1,,missing_pdb,False
Q6C0J4,,missing_pdb,False
Q6C0K9,,missing_pdb,False
Q6C0N2,,missing_pdb,False
Q6C0P0,,missing_pdb,False
Q6C0P3,,missing_pdb,False
Q6C0Q1,,missing_pdb,False
Q6C0Q3,,missing_pdb,False
Q6C0R4,,missing_pdb,False
Q6C0S1,,missing_pdb,False
Q6C0S2,,missing_pdb,False
Q6C0S7,,missing_pdb,False
Q6C0U1,,missing_pdb,False
Q6C127,,missing_pdb,False
Q6C130,,missing_pdb,False
Q6C139,,missing_pdb,False
Q6C153,,missing_pdb,False
Q6C179,,missing_pdb,False
Q6C192,,missing_pdb,False
Q6C193,,missing_pdb,False
Q6C1B9,,missing_pdb,False
Q6C1C5,,missing_pdb,False
Q6C1D8,,missing_pdb,False
Q6C1E0,,missing_pdb,False
Q6C1E8,,missing_pdb,False
Q6C1G4,,missing_pdb,False
Q6C1G9,,missing_pdb,False
Q6C1H1,,missing_pdb,False
Q6C1I6,,missing_pdb,False
Q6C1I9,,missing_pdb,False
Q6C1P3,,missing_pdb,False
Q6C1P6,,missing_pdb,False
Q6C1Q2,,missing_pdb,False
Q6C1Q7,,missing_pdb,False
Q6C1R7,,missing_pdb,False
Q6C1R9,,missing_pdb,False
Q6C1T5,,missing_pdb,False
Q6C1U6,,missing_pdb,False
Q6C1V1,,missing_pdb,False
Q6C1V9,,missing_pdb,False
Q6C1W1,,missing_pdb,False
Q6C1W7,,missing_pdb,False
Q6C1Y1,,missing_pdb,False
Q6C1Z0,,missing_pdb,False
Q6C1Z8,,missing_pdb,False
Q6C202,,missing_pdb,False
Q6C205,,missing_pdb,False
Q6C207,,missing_pdb,False
Q6C218,,missing_pdb,False
Q6C241,,missing_pdb,False
Q6C256,,missing_pdb,False
Q6C272,,missing_pdb,False
Q6C292,,missing_pdb,False
Q6C2A2,,missing_pdb,False
Q6C2B2,,missing_pdb,False
Q6C2B4,,missing_pdb,False
Q6C2D0,,missing_pdb,False
Q6C2E2,,missing_pdb,False
Q6C2F0,,missing_pdb,False
Q6C2F6,,missing_pdb,False
Q6C2H0,,missing_pdb,False
Q6C2H9,,missing_pdb,False
Q6C2L6,,missing_pdb,False
Q6C2N2,,missing_pdb,False
Q6C2P3,,missing_pdb,False
Q6C2R0,,missing_pdb,False
Q6C2S0,,missing_pdb,False
Q6C2S2,,missing_pdb,False
Q6C2U0,,missing_pdb,False
Q6C2W3,,missing_pdb,False
Q6C2Y6,,missing_pdb,False
Q6C2Y7,,missing_pdb,False
Q6C309,,missing_pdb,False
Q6C325,,missing_pdb,False
Q6C332,,missing_pdb,False
Q6C365,,missing_pdb,False
Q6C383,,missing_pdb,False
Q6C390,,missing_pdb,False
Q6C3C8,,missing_pdb,False
Q6C3D2,,missing_pdb,False
Q6C3D3,,missing_pdb,False
Q6C3H9,,missing_pdb,False
Q6C3I9,,missing_pdb,False
Q6C3J9,,missing_pdb,False
Q6C3K6,,missing_pdb,False
Q6C3K7,,missing_pdb,False
Q6C3L8,,missing_pdb,False
Q6C3N8,,missing_pdb,False
Q6C3N9,,missing_pdb,False
Q6C3P5,,missing_pdb,False
Q6C3T9,,missing_pdb,False
Q6C3X4,,missing_pdb,False
Q6C405,,missing_pdb,False
Q6C418,,missing_pdb,False
Q6C424,,missing_pdb,False
Q6C438,,missing_pdb,False
Q6C487,,missing_pdb,False
Q6C492,,missing_pdb,False
Q6C4A6,,missing_pdb,False
Q6C4B5,,missing_pdb,False
Q6C4E6,,missing_pdb,False
Q6C4H3,,missing_pdb,False
Q6C4I6,,missing_pdb,False
Q6C4J2,,missing_pdb,False
Q6C4K5,,missing_pdb,False
Q6C4P3,,missing_pdb,False
Q6C4R1,,missing_pdb,False
Q6C4T5,,missing_pdb,False
Q6C4W7,,missing_pdb,False
Q6C4W9,,missing_pdb,False
Q6C501,,missing_pdb,False
Q6C517,,missing_pdb,False
Q6C525,,missing_pdb,False
Q6C535,,missing_pdb,False
Q6C542,,missing_pdb,False
Q6C547,,missing_pdb,False
Q6C549,,missing_pdb,False
Q6C553,,missing_pdb,False
Q6C568,,missing_pdb,False
Q6C577,,missing_pdb,False
Q6C5A1,,missing_pdb,False
Q6C5A2,,missing_pdb,False
Q6C5B4,,missing_pdb,False
Q6C5D5,,missing_pdb,False
Q6C5G5,,missing_pdb,False
Q6C5I9,,missing_pdb,False
Q6C5M8,,missing_pdb,False
Q6C5N2,,missing_pdb,False
Q6C5N8,,missing_pdb,False
Q6C5Q5,,missing_pdb,False
Q6C5V3,,missing_pdb,False
Q6C5V6,,missing_pdb,False
Q6C5W0,,missing_pdb,False
Q6C5X8,,missing_pdb,False
Q6C5Y2,,missing_pdb,False
Q6C5Y6,,missing_pdb,False
Q6C5Z0,,missing_pdb,False
Q6C5Z2,,missing_pdb,False
Q6C604,,missing_pdb,False
Q6C607,,missing_pdb,False
Q6C634,,missing_pdb,False
Q6C641,,missing_pdb,False
Q6C674,,missing_pdb,False
Q6C685,,missing_pdb,False
Q6C6F4,,missing_pdb,False
Q6C6G7,,missing_pdb,False
Q6C6I2,,missing_pdb,False
Q6C6J1,,missing_pdb,False
Q6C6L0,,missing_pdb,False
Q6C6M4,,missing_pdb,False
Q6C6P1,,missing_pdb,False
Q6C6P2,,missing_pdb,False
Q6C6P7,,missing_pdb,False
Q6C6R0,,missing_pdb,False
Q6C6R7,,missing_pdb,False
Q6C6T8,,missing_pdb,False
Q6C6U1,,missing_pdb,False
Q6C6U9,,missing_pdb,False
Q6C6V2,,missing_pdb,False
Q6C6W9,,missing_pdb,False
Q6C6Y6,,missing_pdb,False
Q6C6Y7,,missing_pdb,False
Q6C6Y9,,missing_pdb,False
Q6C722,,missing_pdb,False
Q6C724,,missing_pdb,False
Q6C735,,missing_pdb,False
Q6C749,,missing_pdb,False
Q6C752,,missing_pdb,False
Q6C754,,missing_pdb,False
Q6C770,,missing_pdb,False
Q6C784,,missing_pdb,False
Q6C7A3,,missing_pdb,False
Q6C7C1,,missing_pdb,False
Q6C7D2,,missing_pdb,False
Q6C7D6,,missing_pdb,False
Q6C7E2,,missing_pdb,False
Q6C7E4,,missing_pdb,False
Q6C7I9,,missing_pdb,False
Q6C7K1,,missing_pdb,False
Q6C7K6,,missing_pdb,False
Q6C7K9,,missing_pdb,False
Q6C7L6,,missing_pdb,False
Q6C7M5,,missing_pdb,False
Q6C7S8,,missing_pdb,False
Q6C7U6,,missing_pdb,False
Q6C7V2,,missing_pdb,False
Q6C7W6,,missing_pdb,False
Q6C7Y1,,missing_pdb,False
Q6C7Y7,,missing_pdb,False
Q6C7Z2,,missing_pdb,False
Q6C800,,missing_pdb,False
Q6C802,,missing_pdb,False
Q6C815,,missing_pdb,False
Q6C817,,missing_pdb,False
Q6C824,,missing_pdb,False
Q6C826,,missing_pdb,False
Q6C830,,missing_pdb,False
Q6C834,,missing_pdb,False
Q6C835,,missing_pdb,False
Q6C836,,missing_pdb,False
Q6C853,,missing_pdb,False
Q6C873,,missing_pdb,False
Q6C879,,missing_pdb,False
Q6C881,,missing_pdb,False
Q6C889,,missing_pdb,False
Q6C891,,missing_pdb,False
Q6C892,,missing_pdb,False
Q6C893,,missing_pdb,False
Q6C8A4,,missing_pdb,False
Q6C8B6,,missing_pdb,False
Q6C8C2,,missing_pdb,False
Q6C8C8,,missing_pdb,False
Q6C8F7,,missing_pdb,False
Q6C8G0,,missing_pdb,False
Q6C8I3,,missing_pdb,False
Q6C8J2,,missing_pdb,False
Q6C8J9,,missing_pdb,False
Q6C8L1,,missing_pdb,False
Q6C8M8,,missing_pdb,False
Q6C8P0,,missing_pdb,False
Q6C8P7,,missing_pdb,False
Q6C8Q2,,missing_pdb,False
Q6C8T2,,missing_pdb,False
Q6C8U5,,missing_pdb,False
Q6C8W0,,missing_pdb,False
Q6C8W2,,missing_pdb,False
Q6C8Y4,,missing_pdb,False
Q6C933,,missing_pdb,False
Q6C942,,missing_pdb,False
Q6C966,,missing_pdb,False
Q6C975,,missing_pdb,False
Q6C9B5,,missing_pdb,False
Q6C9B9,,missing_pdb,False
Q6C9C2,,missing_pdb,False
Q6C9C4,,missing_pdb,False
Q6C9E6,,missing_pdb,False
Q6C9G9,,missing_pdb,False
Q6C9H2,,missing_pdb,False
Q6C9L8,,missing_pdb,False
Q6C9M5,,missing_pdb,False
Q6C9N2,,missing_pdb,False
Q6C9P1,,missing_pdb,False
Q6C9Q1,,missing_pdb,False
Q6C9R9,,missing_pdb,False
Q6C9T1,,missing_pdb,False
Q6C9T4,,missing_pdb,False
Q6C9T7,,missing_pdb,False
Q6C9T8,,missing_pdb,False
Q6C9W6,,missing_pdb,False
Q6CA05,,missing_pdb,False
Q6CA24,,missing_pdb,False
Q6CA42,,missing_pdb,False
Q6CA65,,missing_pdb,False
Q6CA66,,missing_pdb,False
Q6CA74,,missing_pdb,False
Q6CA88,,missing_pdb,False
Q6CA90,,missing_pdb,False
Q6CA92,,missing_pdb,False
Q6CAA3,,missing_pdb,False
Q6CAE2,,missing_pdb,False
Q6CAF7,,missing_pdb,False
Q6CAH0,,missing_pdb,False
Q6CAH8,,missing_pdb,False
Q6CAI3,,missing_pdb,False
Q6CAI9,,missing_pdb,False
Q6CAJ5,,missing_pdb,False
Q6CAL3,,missing_pdb,False
Q6CAM0,,missing_pdb,False
Q6CAN2,,missing_pdb,False
Q6CAP6,,missing_pdb,False
Q6CAQ9,,missing_pdb,False
Q6CAR2,,missing_pdb,False
Q6CAR7,,missing_pdb,False
Q6CAS0,,missing_pdb,False
Q6CAS1,,missing_pdb,False
Q6CAS3,,missing_pdb,False
Q6CAT1,,missing_pdb,False
Q6CAU4,,missing_pdb,False
Q6CAV0,,missing_pdb,False
Q6CAV6,,missing_pdb,False
Q6CAW8,,missing_pdb,False
Q6CB01,,missing_pdb,False
Q6CB30,,missing_pdb,False
Q6CB51,,missing_pdb,False
Q6CB66,,missing_pdb,False
Q6CB87,,missing_pdb,False
Q6CB88,,missing_pdb,False
Q6CBB1,,missing_pdb,False
Q6CBD6,,missing_pdb,False
Q6CBG3,,missing_pdb,False
Q6CBH8,,missing_pdb,False
Q6CBJ7,,missing_pdb,False
Q6CBJ8,,missing_pdb,False
Q6CBK0,,missing_pdb,False
Q6CBM0,,missing_pdb,False
Q6CBN0,,missing_pdb,False
Q6CBP6,,missing_pdb,False
Q6CBQ1,,missing_pdb,False
Q6CBS2,,missing_pdb,False
Q6CBW3,,missing_pdb,False
Q6CBX5,,missing_pdb,False
Q6CBY6,,missing_pdb,False
Q6CBZ0,,missing_pdb,False
Q6CC10,,missing_pdb,False
Q6CC57,,missing_pdb,False
Q6CC60,,missing_pdb,False
Q6CC68,,missing_pdb,False
Q6CCA1,,missing_pdb,False
Q6CCA6,,missing_pdb,False
Q6CCA9,,missing_pdb,False
Q6CCB8,,missing_pdb,False
Q6CCC1,,missing_pdb,False
Q6CCD0,,missing_pdb,False
Q6CCF9,,missing_pdb,False
Q6CCH7,,missing_pdb,False
Q6CCK0,,missing_pdb,False
Q6CCK1,,missing_pdb,False
Q6CCM5,,missing_pdb,False
Q6CCV1,,missing_pdb,False
Q6CCV3,,missing_pdb,False
Q6CCX5,,missing_pdb,False
Q6CCY1,,missing_pdb,False
Q6CCZ2,,missing_pdb,False
Q6CCZ6,,missing_pdb,False
Q6CD08,,missing_pdb,False
Q6CD15,,missing_pdb,False
Q6CD17,,missing_pdb,False
Q6CD23,,missing_pdb,False
Q6CD38,,missing_pdb,False
Q6CD46,,missing_pdb,False
Q6CD50,,missing_pdb,False
Q6CD64,,missing_pdb,False
Q6CD86,,missing_pdb,False
Q6CDB3,,missing_pdb,False
Q6CDC4,,missing_pdb,False
Q6CDD5,,missing_pdb,False
Q6CDD9,,missing_pdb,False
Q6CDF4,,missing_pdb,False
Q6CDF7,,missing_pdb,False
Q6CDH0,,missing_pdb,False
Q6CDL1,,missing_pdb,False
Q6CDM0,,missing_pdb,False
Q6CDN6,,missing_pdb,False
Q6CDN9,,missing_pdb,False
Q6CDP7,,missing_pdb,False
Q6CDR6,,missing_pdb,False
Q6CDX5,,missing_pdb,False
Q6CDY2,,missing_pdb,False
Q6CDY4,,missing_pdb,False
Q6CDZ0,,missing_pdb,False
Q6CE07,,missing_pdb,False
Q6CE08,,missing_pdb,False
Q6CE38,,missing_pdb,False
Q6CE61,,missing_pdb,False
Q6CE66,,missing_pdb,False
Q6CE83,,missing_pdb,False
Q6CE85,,missing_pdb,False
Q6CEC5,,missing_pdb,False
Q6CEC9,,missing_pdb,False
Q6CED6,,missing_pdb,False
Q6CEE1,,missing_pdb,False
Q6CEG2,,missing_pdb,False
Q6CEG5,,missing_pdb,False
Q6CEH8,,missing_pdb,False
Q6CEJ3,,missing_pdb,False
Q6CEJ9,,missing_pdb,False
Q6CEK3,,missing_pdb,False
Q6CEK7,,missing_pdb,False
Q6CEN9,,missing_pdb,False
Q6CEP4,,missing_pdb,False
Q6CEP7,,missing_pdb,False
Q6CET0,,missing_pdb,False
Q6CEU1,,missing_pdb,False
Q6CEV5,,missing_pdb,False
Q6CEW3,,missing_pdb,False
Q6CEY0,,missing_pdb,False
Q6CEY6,,missing_pdb,False
Q6CF15,,missing_pdb,False
Q6CF17,,missing_pdb,False
Q6CF39,,missing_pdb,False
Q6CF43,,missing_pdb,False
Q6CF46,,missing_pdb,False
Q6CF55,,missing_pdb,False
Q6CF68,,missing_pdb,False
Q6CF75,,missing_pdb,False
Q6CF84,,missing_pdb,False
Q6CF86,,missing_pdb,False
Q6CF90,,missing_pdb,False
Q6CFA2,,missing_pdb,False
Q6CFA8,,missing_pdb,False
Q6CFB4,,missing_pdb,False
Q6CFC7,,missing_pdb,False
Q6CFC8,,missing_pdb,False
Q6CFD6,,missing_pdb,False
Q6CFG1,,missing_pdb,False
Q6CFH7,,missing_pdb,False
Q6CFH9,,missing_pdb,False
Q6CFL2,,missing_pdb,False
Q6CFM7,,missing_pdb,False
Q6CFN8,,missing_pdb,False
Q6CFP5,,missing_pdb,False
Q6CFT5,,missing_pdb,False
Q6CFV5,,missing_pdb,False
Q6CFV8,,missing_pdb,False
Q6CFW6,,missing_pdb,False
Q6CFW9,,missing_pdb,False
Q6CFX2,,missing_pdb,False
Q6CFX8,,missing_pdb,False
Q6CFY7,,missing_pdb,False
Q6CFZ3,,missing_pdb,False
Q6CG05,,missing_pdb,False
Q6CG08,,missing_pdb,False
Q6CG14,,missing_pdb,False
Q6CG27,,missing_pdb,False
Q6CG41,,missing_pdb,False
Q6CG47,,missing_pdb,False
Q6CG50,,missing_pdb,False
Q6CG89,,missing_pdb,False
Q6CGA1,,missing_pdb,False
Q6CGB1,,missing_pdb,False
Q6CGF0,,missing_pdb,False
Q6CGF3,,missing_pdb,False
Q6CGF8,,missing_pdb,False
Q6CGG6,,missing_pdb,False
Q6CGG9,,missing_pdb,False
Q6CGI3,,missing_pdb,False
Q6CGI6,,missing_pdb,False
Q6CGI9,,missing_pdb,False
Q6CGK1,,missing_pdb,False
Q6CGN1,,missing_pdb,False
Q6CGP7,,missing_pdb,False
Q6CGR2,,missing_pdb,False
Q6CGR5,,missing_pdb,False
Q6CGT1,,missing_pdb,False
Q6CGT7,,missing_pdb,False
Q6CGZ1,,missing_pdb,False
Q6CGZ4,,missing_pdb,False
Q6CH20,,missing_pdb,False
Q6CH33,,missing_pdb,False
Q6CH61,,missing_pdb,False
Q6CHA5,,missing_pdb,False
Q6CHC0,,missing_pdb,False
Q6CHC6,,missing_pdb,False
Q6CHE1,,missing_pdb,False
Q6CHE9,,missing_pdb,False
Q6CHH1,,missing_pdb,False
Q6CHK0,,missing_pdb,False
Q6CHK8,,missing_pdb,False
Q6CHM8,,missing_pdb,False
Q6CHN2,,missing_pdb,False
Q6CHN5,,missing_pdb,False
Q6CHP2,,missing_pdb,False
Q6CHQ2,,missing_pdb,False
Q6CHT7,,missing_pdb,False
Q6CI09,,missing_pdb,False
Q6CI32,,missing_pdb,False
Q6CI60,,missing_pdb,False
Q6CI78,,missing_pdb,False
Q6CI94,,missing_pdb,False
Q6DD87,,missing_pdb,False
Q6DFV7,,missing_pdb,False
Q6DFZ1,,missing_pdb,False
Q6DFZ2,,missing_pdb,False
Q6DGF2,,missing_pdb,False
Q6DGF4,,missing_pdb,False
Q6DGG1,,missing_pdb,False
Q6DIC6,,missing_pdb,False
Q6DKK2,,missing_pdb,False
Q6DN03,/data/ranran/my_ptm/croton/data/structure_pipeline/pdb/Q6DN03.pdb,exact_sequence_match,True
Q6DN14,,missing_pdb,False
Q6DR98,,missing_pdb,False
Q6EP75,,missing_pdb,False
Q6EQI2,,missing_pdb,False
Q6ER78,,missing_pdb,False
Q6ES10,,missing_pdb,False
Q6ES90,,missing_pdb,False
Q6ETC4,,missing_pdb,False
Q6ETK1,,missing_pdb,False
Q6ETQ7,,missing_pdb,False
Q6EUF8,,missing_pdb,False
Q6EUK4,,missing_pdb,False
Q6EUQ5,,missing_pdb,False
Q6EUT0,,missing_pdb,False
Q6F385,,missing_pdb,False
Q6F5E8,,missing_pdb,False
Q6FI81,/data/ranran/my_ptm/croton/data/structure_pipeline/pdb/Q6FI81.pdb,exact_sequence_match,True
Q6GMR7,,missing_pdb,False
Q6GMV2,/data/ranran/my_ptm/croton/data/structure_pipeline/pdb/Q6GMV2.pdb,exact_sequence_match,True
Q6GMX3,,missing_pdb,False
Q6GPH4,,missing_pdb,False
Q6GQX7,,missing_pdb,False
Q6GV27,,missing_pdb,False
Q6GYQ0-2,,missing_pdb,False
Q6H443,,missing_pdb,False
Q6H444,,missing_pdb,False
Q6H4G4,,missing_pdb,False
Q6H4P8,,missing_pdb,False
Q6H512,,missing_pdb,False
Q6H5B5,,missing_pdb,False
Q6H5D1,,missing_pdb,False
Q6H5V6,,missing_pdb,False
Q6H611,,missing_pdb,False
Q6H612,,missing_pdb,False
Q6H6D5,,missing_pdb,False
Q6H7J7,,missing_pdb,False
Q6H7M0,,missing_pdb,False
Q6H819,,missing_pdb,False
Q6H8H3,,missing_pdb,False
Q6I5G9,,missing_pdb,False
Q6I5R5,,missing_pdb,False
Q6I610,,missing_pdb,False
Q6I633,,missing_pdb,False
Q6I929,,missing_pdb,False
Q6IAA8,,missing_pdb,False
Q6IAN0,,missing_pdb,False
Q6IBW4,,missing_pdb,False
Q6IDF5,,missing_pdb,False
Q6IEE8,,missing_pdb,False
Q6IFV6,,missing_pdb,False
Q6IG08,,missing_pdb,False
Q6IMA8,,missing_pdb,False
Q6IMB1,,missing_pdb,False
Q6IMK4,,missing_pdb,False
Q6IMN6,,missing_pdb,False
Q6IMT0,,missing_pdb,False
Q6IN36,,missing_pdb,False
Q6IN37,,missing_pdb,False
Q6IN84,,missing_pdb,False
Q6IPM2,,missing_pdb,False
Q6IPR3,,missing_pdb,False
Q6IQ16,,missing_pdb,False
Q6IQ19,,missing_pdb,False
Q6IQ22,,missing_pdb,False
Q6IQ32,,missing_pdb,False
Q6IQ49,,missing_pdb,False
Q6IQ55,,missing_pdb,False
Q6IR42,,missing_pdb,False
Q6IRK9,,missing_pdb,False
Q6IRS6,,missing_pdb,False
Q6J272,,missing_pdb,False
Q6J9G1,,missing_pdb,False
Q6JAB5,,missing_pdb,False
Q6JAB8,,missing_pdb,False
Q6JAB9,,missing_pdb,False
Q6JAC0,,missing_pdb,False
Q6JAC2,,missing_pdb,False
Q6JBI7,,missing_pdb,False
Q6JBY9,,missing_pdb,False
Q6JE36,,missing_pdb,False
Q6JEL2,,missing_pdb,False
Q6JHU9,,missing_pdb,False
Q6JHY2,,missing_pdb,False
Q6JVE6-2,,missing_pdb,False
Q6K0P9,,missing_pdb,False
Q6K1T2,,missing_pdb,False
Q6K1X7,,missing_pdb,False
Q6K241,,missing_pdb,False
Q6K2T2,,missing_pdb,False
Q6K3M2,,missing_pdb,False
Q6K464,,missing_pdb,False
Q6K4D4,,missing_pdb,False
Q6K4Y6,,missing_pdb,False
Q6K5C8,,missing_pdb,False
Q6K5H8,,missing_pdb,False
Q6K5N2,,missing_pdb,False
Q6K623,,missing_pdb,False
Q6K624,,missing_pdb,False
Q6K643,,missing_pdb,False
Q6K674,,missing_pdb,False
Q6K683,,missing_pdb,False
Q6K6A8,,missing_pdb,False
Q6K6X2,,missing_pdb,False
Q6K7D6,,missing_pdb,False
Q6K7K6,,missing_pdb,False
Q6K7V6,,missing_pdb,False
Q6K850,,missing_pdb,False
Q6K8D8,,missing_pdb,False
Q6K8J4,,missing_pdb,False
Q6K8U8,,missing_pdb,False
Q6K8X7,,missing_pdb,False
Q6K950,,missing_pdb,False
Q6K965,,missing_pdb,False
Q6K9F6,,missing_pdb,False
Q6K9X9,,missing_pdb,False
Q6KA00,,missing_pdb,False
Q6KAI0,,missing_pdb,False
Q6KAQ7,,missing_pdb,False
Q6KAS7,,missing_pdb,False
Q6KB66-3,,missing_pdb,False
Q6KC79,,missing_pdb,False
Q6L4F8,,missing_pdb,False
Q6L4J1,,missing_pdb,False
Q6L4X5,,missing_pdb,False
Q6L500,,missing_pdb,False
Q6L5F8,,missing_pdb,False
Q6L5H7,,missing_pdb,False
Q6L8G4,,missing_pdb,False
Q6L8L7,,missing_pdb,False
Q6L8Q7,,missing_pdb,False
Q6LBU2,,missing_pdb,False
Q6LDZ3,,missing_pdb,False
Q6M259,,missing_pdb,False
Q6MFY6,,missing_pdb,False
Q6MFY8,,missing_pdb,False
Q6MG62,,missing_pdb,False
Q6MGD0,,missing_pdb,False
Q6MGD1,,missing_pdb,False
Q6MX34,,missing_pdb,False
Q6MX43,,missing_pdb,False
Q6MZM0,/data/ranran/my_ptm/croton/data/structure_pipeline/pdb/Q6MZM0.pdb,exact_sequence_match,True
Q6MZP7-3,,missing_pdb,False
Q6MZQ0,,missing_pdb,False
Q6N021,,missing_pdb,False
Q6N043,,missing_pdb,False
Q6N0M1,,missing_pdb,False
Q6N0S6,,missing_pdb,False
Q6N0W8,,missing_pdb,False
Q6N129,,missing_pdb,False
Q6N131,,missing_pdb,False
Q6N1B9,,missing_pdb,False
Q6N1P8,,missing_pdb,False
Q6N1U5,,missing_pdb,False
Q6N1Y0,,missing_pdb,False
Q6N223,,missing_pdb,False
Q6N226,,missing_pdb,False
Q6N265,,missing_pdb,False
Q6N2B5,,missing_pdb,False
Q6N2F3,,missing_pdb,False
Q6N2N1,,missing_pdb,False
Q6N2S5,,missing_pdb,False
Q6N2T4,,missing_pdb,False
Q6N2V4,,missing_pdb,False
Q6N342,,missing_pdb,False
Q6N397,,missing_pdb,False
Q6N3E7,,missing_pdb,False
Q6N3H1,,missing_pdb,False
Q6N3I1,,missing_pdb,False
Q6N3K1,,missing_pdb,False
Q6N3M1,,missing_pdb,False
Q6N3N7,,missing_pdb,False
Q6N3N8,,missing_pdb,False
Q6N3Q9,,missing_pdb,False
Q6N3S9,,missing_pdb,False
Q6N3X8,,missing_pdb,False
Q6N434,,missing_pdb,False
Q6N499,,missing_pdb,False
Q6N4A8,,missing_pdb,False
Q6N4P0,,missing_pdb,False
Q6N4T9,,missing_pdb,False
Q6N4V2,,missing_pdb,False
Q6N4V4,,missing_pdb,False
Q6N4W0,,missing_pdb,False
Q6N4W5,,missing_pdb,False
Q6N4X5,,missing_pdb,False
Q6N518,,missing_pdb,False
Q6N526,,missing_pdb,False
Q6N538,,missing_pdb,False
Q6N547,,missing_pdb,False
Q6N580,,missing_pdb,False
Q6N5A0,,missing_pdb,False
Q6N5J6,,missing_pdb,False
Q6N5L2,,missing_pdb,False
Q6N5N8,,missing_pdb,False
Q6N5S9,,missing_pdb,False
Q6N5T7,,missing_pdb,False
Q6N5W7,,missing_pdb,False
Q6N5Y1,,missing_pdb,False
Q6N5Y5,,missing_pdb,False
Q6N602,,missing_pdb,False
Q6N654,,missing_pdb,False
Q6N697,,missing_pdb,False
Q6N6D5,,missing_pdb,False
Q6N6F0,,missing_pdb,False
Q6N6H7,,missing_pdb,False
Q6N6Q4,,missing_pdb,False
Q6N6R1,,missing_pdb,False
Q6N6X8,,missing_pdb,False
Q6N6Y8,,missing_pdb,False
Q6N718,,missing_pdb,False
Q6N721,,missing_pdb,False
Q6N752,,missing_pdb,False
Q6N7N6,,missing_pdb,False
Q6N7S8,,missing_pdb,False
Q6N853,,missing_pdb,False
Q6N854,,missing_pdb,False
Q6N857,,missing_pdb,False
Q6N8F8,,missing_pdb,False
Q6N8P1,,missing_pdb,False
Q6N8R0,,missing_pdb,False
Q6N8U1,,missing_pdb,False
Q6N8U6,,missing_pdb,False
Q6N918,,missing_pdb,False
Q6N973,,missing_pdb,False
Q6N9C8,,missing_pdb,False
Q6N9K3,,missing_pdb,False
Q6N9P5,,missing_pdb,False
Q6N9R4,,missing_pdb,False
Q6N9T7,,missing_pdb,False
Q6N9U0,,missing_pdb,False
Q6N9W6,,missing_pdb,False
Q6NA97,,missing_pdb,False
Q6NAB1,,missing_pdb,False
Q6NAC4,,missing_pdb,False
Q6NAK2,,missing_pdb,False
Q6NAM7,,missing_pdb,False
Q6NAM9,,missing_pdb,False
Q6NAN4,,missing_pdb,False
Q6NAP8,,missing_pdb,False
Q6NAU7,,missing_pdb,False
Q6NAZ6,,missing_pdb,False
Q6NBD1,,missing_pdb,False
Q6NBL4,,missing_pdb,False
Q6NBN7,,missing_pdb,False
Q6NBP6,,missing_pdb,False
Q6NCA1,,missing_pdb,False
Q6NCC9,,missing_pdb,False
Q6NCE2,,missing_pdb,False
Q6NCG1,,missing_pdb,False
Q6NCG8,,missing_pdb,False
Q6NCH0,,missing_pdb,False
Q6NCH2,,missing_pdb,False
Q6NCN3,,missing_pdb,False
Q6NCP6,,missing_pdb,False
Q6NCX9,,missing_pdb,False
Q6ND06,,missing_pdb,False
Q6ND20,,missing_pdb,False
Q6ND52,,missing_pdb,False
Q6NDC6,,missing_pdb,False
Q6NDC9,,missing_pdb,False
Q6NDD8,,missing_pdb,False
Q6NDF1,,missing_pdb,False
Q6NDN4,,missing_pdb,False
Q6NDN7,,missing_pdb,False
Q6NN86,,missing_pdb,False
Q6NPL9,,missing_pdb,False
Q6NR22,,missing_pdb,False
Q6NS38,,missing_pdb,False
Q6NSI4,,missing_pdb,False
Q6NSI8,,missing_pdb,False
Q6NSJ0,,missing_pdb,False
Q6NSW5,,missing_pdb,False
Q6NSX1,,missing_pdb,False
Q6NT76,,missing_pdb,False
Q6NUJ5,,missing_pdb,False
Q6NUM9,/data/ranran/my_ptm/croton/data/structure_pipeline/pdb/Q6NUM9.pdb,exact_sequence_match,True
Q6NUP7,,missing_pdb,False
Q6NUQ1,/data/ranran/my_ptm/croton/data/structure_pipeline/pdb/Q6NUQ1.pdb,exact_sequence_match,True
Q6NUQ4,/data/ranran/my_ptm/croton/data/structure_pipeline/pdb/Q6NUQ4.pdb,exact_sequence_match,True
Q6NUT2,,missing_pdb,False
Q6NVF7,,missing_pdb,False
Q6NW29,,missing_pdb,False
Q6NW34,,missing_pdb,False
Q6NXE6,/data/ranran/my_ptm/croton/data/structure_pipeline/pdb/Q6NXE6.pdb,exact_sequence_match,True
Q6NXI6,,missing_pdb,False
Q6NXM3,,missing_pdb,False
Q6NXN2,,missing_pdb,False
Q6NXN4,,missing_pdb,False
Q6NXR4,/data/ranran/my_ptm/croton/data/structure_pipeline/pdb/Q6NXR4.pdb,exact_sequence_match,True
Q6NXT1,,missing_pdb,False
Q6NXT4-2,,missing_pdb,False
Q6NXT6,,missing_pdb,False
Q6NXW6,,missing_pdb,False
Q6NYC1,/data/ranran/my_ptm/croton/data/structure_pipeline/pdb/Q6NYC1.pdb,exact_sequence_match,True
Q6NYC8,,missing_pdb,False
Q6NZN1-3,,missing_pdb,False
Q6NZY4,,missing_pdb,False
Q6P087,,missing_pdb,False
Q6P0N0,,missing_pdb,False
Q6P0Q8,,missing_pdb,False
Q6P161,,missing_pdb,False
Q6P1D7,,missing_pdb,False
Q6P1J9,/data/ranran/my_ptm/croton/data/structure_pipeline/pdb/Q6P1J9.pdb,exact_sequence_match,True
Q6P1K2-5,,missing_pdb,False
Q6P1L6,,missing_pdb,False
Q6P1L8,,missing_pdb,False
Q6P1N0,/data/ranran/my_ptm/croton/data/structure_pipeline/pdb/Q6P1N0.pdb,exact_sequence_match,True
Q6P1R4,,missing_pdb,False
Q6P1S2,,missing_pdb,False
Q6P264,,missing_pdb,False
Q6P2C0,,missing_pdb,False
Q6P2C8,/data/ranran/my_ptm/croton/data/structure_pipeline/pdb/Q6P2C8.pdb,exact_sequence_match,True
Q6P2D8,,missing_pdb,False
Q6P2E9,/data/ranran/my_ptm/croton/data/structure_pipeline/pdb/Q6P2E9.pdb,exact_sequence_match,True
Q6P2I3,,missing_pdb,False
Q6P2P2,,missing_pdb,False
Q6P2R3,,missing_pdb,False
Q6P2S7,,missing_pdb,False
Q6P3D7,,missing_pdb,False
Q6P3R8,,missing_pdb,False
Q6P3S1,,missing_pdb,False
Q6P3S1-5,,missing_pdb,False
Q6P3S6,,missing_pdb,False
Q6P3W2,,missing_pdb,False
Q6P3W7,/data/ranran/my_ptm/croton/data/structure_pipeline/pdb/Q6P3W7.pdb,exact_sequence_match,True
Q6P435,,missing_pdb,False
Q6P444,,missing_pdb,False
Q6P4A7,,missing_pdb,False
Q6P4A7-3,,missing_pdb,False
Q6P4E1,/data/ranran/my_ptm/croton/data/structure_pipeline/pdb/Q6P4E1.pdb,exact_sequence_match,True
Q6P4F7,,missing_pdb,False
Q6P4H8,,missing_pdb,False
Q6P4I2,,missing_pdb,False
Q6P4R8-2,,missing_pdb,False
Q6P5D3,,missing_pdb,False
Q6P5D8,,missing_pdb,False
Q6P5H2,,missing_pdb,False
Q6P5P3,,missing_pdb,False
Q6P5S2,,missing_pdb,False
Q6P5X5,,missing_pdb,False
Q6P6C2-1,,missing_pdb,False
Q6P6S3,,missing_pdb,False
Q6P720,,missing_pdb,False
Q6P7C7,,missing_pdb,False
Q6P7D4,,missing_pdb,False
Q6P7Q0,,missing_pdb,False
Q6P7W0,,missing_pdb,False
Q6P8V7,,missing_pdb,False
Q6P926,,missing_pdb,False
Q6P9A2,,missing_pdb,False
Q6P9F0,,missing_pdb,False
Q6P9R4-2,,missing_pdb,False
Q6P9S1,,missing_pdb,False
Q6PAQ4,,missing_pdb,False
Q6PB44,,missing_pdb,False
Q6PB97,,missing_pdb,False
Q6PCB5,/data/ranran/my_ptm/croton/data/structure_pipeline/pdb/Q6PCB5.pdb,exact_sequence_match,True
Q6PCD5,,missing_pdb,False
Q6PCM1,,missing_pdb,False
Q6PCU8,,missing_pdb,False
Q6PD62,/data/ranran/my_ptm/croton/data/structure_pipeline/pdb/Q6PD62.pdb,exact_sequence_match,True
Q6PD74,/data/ranran/my_ptm/croton/data/structure_pipeline/pdb/Q6PD74.pdb,exact_sequence_match,True
Q6PDM1,,missing_pdb,False
Q6PDM1-6,,missing_pdb,False
Q6PDY2,,missing_pdb,False
Q6PE54,,missing_pdb,False
Q6PE66,,missing_pdb,False
Q6PEB4,,missing_pdb,False
Q6PFY8,,missing_pdb,False
Q6PG95,,missing_pdb,False
Q6PGB6-5,,missing_pdb,False
Q6PGF5,,missing_pdb,False
Q6PGP7,/data/ranran/my_ptm/croton/data/structure_pipeline/pdb/Q6PGP7.pdb,exact_sequence_match,True
Q6PGQ7,,missing_pdb,False
Q6PH81,,missing_pdb,False
Q6PHN1,,missing_pdb,False
Q6PI26,,missing_pdb,False
Q6PI77,,missing_pdb,False
Q6PI78,,missing_pdb,False
Q6PI98,,missing_pdb,False
Q6PIL6,,missing_pdb,False
Q6PIU2,/data/ranran/my_ptm/croton/data/structure_pipeline/pdb/Q6PIU2.pdb,exact_sequence_match,True
Q6PJG6,,missing_pdb,False
Q6PJI9,,missing_pdb,False
Q6PJP8,,missing_pdb,False
Q6PJT7,/data/ranran/my_ptm/croton/data/structure_pipeline/pdb/Q6PJT7.pdb,exact_sequence_match,True
Q6PJT7-11,,missing_pdb,False
Q6PJW8,,missing_pdb,False
Q6PKB0,,missing_pdb,False
Q6PKG0,/data/ranran/my_ptm/croton/data/structure_pipeline/pdb/Q6PKG0.pdb,exact_sequence_match,True
Q6PL18-2,,missing_pdb,False
Q6PL24,,missing_pdb,False
Q6PLQ9,,missing_pdb,False
Q6PML9,,missing_pdb,False
Q6PRD1,,missing_pdb,False
Q6PYC3,,missing_pdb,False
Q6Q0C0,/data/ranran/my_ptm/croton/data/structure_pipeline/pdb/Q6Q0C0.pdb,exact_sequence_match,True
Q6Q0N3,,missing_pdb,False
Q6Q2A2,,missing_pdb,False
Q6Q560,,missing_pdb,False
Q6Q572,,missing_pdb,False
Q6Q595,,missing_pdb,False
Q6Q6R3,,missing_pdb,False
Q6Q760,,missing_pdb,False
Q6QHK4,,missing_pdb,False
Q6QI16,,missing_pdb,False
Q6QI33,,missing_pdb,False
Q6QI84,,missing_pdb,False
Q6R2W3,,missing_pdb,False
Q6R327-3,,missing_pdb,False
Q6R5J6,,missing_pdb,False
Q6RFH5,,missing_pdb,False
Q6S5L8,,missing_pdb,False
Q6S8J7-2,,missing_pdb,False
Q6S9Z5,,missing_pdb,False
Q6SJ93,/data/ranran/my_ptm/croton/data/structure_pipeline/pdb/Q6SJ93.pdb,exact_sequence_match,True
Q6SJV7,,missing_pdb,False
Q6SPF0,,missing_pdb,False
Q6SZW1,,missing_pdb,False
Q6T423,,missing_pdb,False
Q6T4R5,,missing_pdb,False
Q6TFL3,,missing_pdb,False
Q6TUF3,,missing_pdb,False
Q6TUH3,,missing_pdb,False
Q6TUH8,,missing_pdb,False
Q6TXD4,,missing_pdb,False
Q6TXD4-2,,missing_pdb,False
Q6TXE2,,missing_pdb,False
Q6TXF6,,missing_pdb,False
Q6TXG7,,missing_pdb,False
Q6TXG8,,missing_pdb,False
Q6TXG9,,missing_pdb,False
Q6TXH8,,missing_pdb,False
Q6UA27,,missing_pdb,False
Q6UB35-2,,missing_pdb,False
Q6UB98,,missing_pdb,False
Q6UB99,,missing_pdb,False
Q6ULP2-9,,missing_pdb,False
Q6UN15,/data/ranran/my_ptm/croton/data/structure_pipeline/pdb/Q6UN15.pdb,exact_sequence_match,True
Q6UN15-4,,missing_pdb,False
Q6URB0,,missing_pdb,False
Q6URK4,,missing_pdb,False
Q6URK8,,missing_pdb,False
Q6UV40,,missing_pdb,False
Q6UVJ0,/data/ranran/my_ptm/croton/data/structure_pipeline/pdb/Q6UVJ0.pdb,exact_sequence_match,True
Q6UVK1,,missing_pdb,False
Q6UW56-3,,missing_pdb,False
Q6UWF7-2,,missing_pdb,False
Q6UWN8,,missing_pdb,False
Q6UWP7,,missing_pdb,False
Q6UWP7-2,,missing_pdb,False
Q6UWT4,,missing_pdb,False
Q6UWU4-2,,missing_pdb,False
Q6UWV6,,missing_pdb,False
Q6UWX4,,missing_pdb,False
Q6UWZ7,,missing_pdb,False
Q6UX06,,missing_pdb,False
Q6UX68,,missing_pdb,False
Q6UXH1-5,,missing_pdb,False
Q6UXH8,,missing_pdb,False
Q6UXI7,,missing_pdb,False
Q6UXV4,,missing_pdb,False
Q6UXX5,,missing_pdb,False
Q6UXY8,,missing_pdb,False
Q6V1X1,,missing_pdb,False
Q6VAB6,,missing_pdb,False
Q6VY07-2,,missing_pdb,False
Q6VYI4,,missing_pdb,False
Q6W3E5,,missing_pdb,False
Q6W4X9,,missing_pdb,False
Q6W5C0,,missing_pdb,False
Q6WCQ1-2,,missing_pdb,False
Q6WKZ4,/data/ranran/my_ptm/croton/data/structure_pipeline/pdb/Q6WKZ4.pdb,exact_sequence_match,True
Q6WKZ7,,missing_pdb,False
Q6WVG3,,missing_pdb,False
Q6X1Y6,,missing_pdb,False
Q6X734,,missing_pdb,False
Q6XEB8,,missing_pdb,False
Q6XPS7,,missing_pdb,False
Q6XUX3,,missing_pdb,False
Q6Y1H2,/data/ranran/my_ptm/croton/data/structure_pipeline/pdb/Q6Y1H2.pdb,exact_sequence_match,True
Q6Y288,,missing_pdb,False
Q6Y290,,missing_pdb,False
Q6YDN7,,missing_pdb,False
Q6YHK3,,missing_pdb,False
Q6YHU6,,missing_pdb,False
Q6YND2,,missing_pdb,False
Q6YP21-2,,missing_pdb,False
Q6YRQ7,,missing_pdb,False
Q6YRS2,,missing_pdb,False
Q6YRT3,,missing_pdb,False
Q6YRW0,,missing_pdb,False
Q6YTM4,,missing_pdb,False
Q6YTT6,,missing_pdb,False
Q6YTW6,,missing_pdb,False
Q6YTY3,,missing_pdb,False
Q6YU05,,missing_pdb,False
Q6YU88,,missing_pdb,False
Q6YUA2,,missing_pdb,False
Q6YUH7,,missing_pdb,False
Q6YUR8,,missing_pdb,False
Q6YV22,,missing_pdb,False
Q6YVH4,,missing_pdb,False
Q6YVJ0,,missing_pdb,False
Q6YW64,,missing_pdb,False
Q6YWF9,,missing_pdb,False
Q6YX79,,missing_pdb,False
Q6YXI1,,missing_pdb,False
Q6YXS1,,missing_pdb,False
Q6YXX9,,missing_pdb,False
Q6YXY3,,missing_pdb,False
Q6YXZ6,,missing_pdb,False
Q6YXZ7,,missing_pdb,False
Q6YYB9,,missing_pdb,False
Q6YYC8,,missing_pdb,False
Q6YYJ6,,missing_pdb,False
Q6YZ09,,missing_pdb,False
Q6YZE2,,missing_pdb,False
Q6YZW2,,missing_pdb,False
Q6YZX5,,missing_pdb,False
Q6Z026,,missing_pdb,False
Q6Z0G0,,missing_pdb,False
Q6Z0U9,,missing_pdb,False
Q6Z1C0,,missing_pdb,False
Q6Z2G8,,missing_pdb,False
Q6Z2H7,,missing_pdb,False
Q6Z308,,missing_pdb,False
Q6Z3W7,,missing_pdb,False
Q6Z411,,missing_pdb,False
Q6Z4A7,,missing_pdb,False
Q6Z695,,missing_pdb,False
Q6Z6G8,,missing_pdb,False
Q6Z6H2,,missing_pdb,False
Q6Z6Y2,,missing_pdb,False
Q6Z702,,missing_pdb,False
Q6Z744,,missing_pdb,False
Q6Z782,,missing_pdb,False
Q6Z7E6,,missing_pdb,False
Q6Z7R3,,missing_pdb,False
Q6Z7R6,,missing_pdb,False
Q6Z7R9,,missing_pdb,False
Q6Z8I9,,missing_pdb,False
Q6Z8J5,,missing_pdb,False
Q6Z8N7,,missing_pdb,False
Q6Z964,,missing_pdb,False
Q6Z9D2,,missing_pdb,False
Q6Z9E8,,missing_pdb,False
Q6ZB26,,missing_pdb,False
Q6ZBS5,,missing_pdb,False
Q6ZC69,,missing_pdb,False
Q6ZC70,,missing_pdb,False
Q6ZCC4,,missing_pdb,False
Q6ZD29,,missing_pdb,False
Q6ZD89,,missing_pdb,False
Q6ZDX3,,missing_pdb,False
Q6ZE43,,missing_pdb,False
Q6ZEA8,,missing_pdb,False
Q6ZEB1,,missing_pdb,False
Q6ZEB3,,missing_pdb,False
Q6ZED6,,missing_pdb,False
Q6ZEH4,,missing_pdb,False
Q6ZEL7,,missing_pdb,False
Q6ZEP7,,missing_pdb,False
Q6ZES9,,missing_pdb,False
Q6ZEX5,,missing_pdb,False
Q6ZFT5,,missing_pdb,False
Q6ZG25,,missing_pdb,False
Q6ZG42,,missing_pdb,False
Q6ZGM0,,missing_pdb,False
Q6ZGS9,,missing_pdb,False
Q6ZH84,,missing_pdb,False
Q6ZH86,,missing_pdb,False
Q6ZH90,,missing_pdb,False
Q6ZHC3,,missing_pdb,False
Q6ZHJ9,,missing_pdb,False
Q6ZHZ1,,missing_pdb,False
Q6ZJX3,,missing_pdb,False
Q6ZK86,,missing_pdb,False
Q6ZLJ0,,missing_pdb,False
Q6ZLL2,,missing_pdb,False
Q6ZMA7,,missing_pdb,False
Q6ZMP0,,missing_pdb,False
Q6ZMT9,,missing_pdb,False
Q6ZMV7,,missing_pdb,False
Q6ZMY6,,missing_pdb,False
Q6ZMZ3,,missing_pdb,False
Q6ZN18,,missing_pdb,False
Q6ZN54,,missing_pdb,False
Q6ZN55,,missing_pdb,False
Q6ZN84,,missing_pdb,False
Q6ZN96,,missing_pdb,False
Q6ZNA4,,missing_pdb,False
Q6ZNB6,,missing_pdb,False
Q6ZNE5,,missing_pdb,False
Q6ZNG2,,missing_pdb,False
Q6ZNL6,,missing_pdb,False
Q6ZNX1,,missing_pdb,False
Q6ZP01,,missing_pdb,False
Q6ZP65,,missing_pdb,False
Q6ZP82,,missing_pdb,False
Q6ZPF3,,missing_pdb,False
Q6ZPS2,,missing_pdb,False
Q6ZQ29,,missing_pdb,False
Q6ZQ93,,missing_pdb,False
Q6ZQH8,,missing_pdb,False
Q6ZQJ5,,missing_pdb,False
Q6ZQK0,,missing_pdb,False
Q6ZQQ2,,missing_pdb,False
Q6ZQQ6,,missing_pdb,False
Q6ZQR2,,missing_pdb,False
Q6ZRI6,,missing_pdb,False
Q6ZRK6,,missing_pdb,False
Q6ZRP7,/data/ranran/my_ptm/croton/data/structure_pipeline/pdb/Q6ZRP7.pdb,exact_sequence_match,True
Q6ZRQ5,,missing_pdb,False
Q6ZRS2,,missing_pdb,False
Q6ZRT1,,missing_pdb,False
Q6ZRY0,,missing_pdb,False
Q6ZSC3,,missing_pdb,False
Q6ZSR9,,missing_pdb,False
Q6ZSZ5,,missing_pdb,False
Q6ZT07,,missing_pdb,False
Q6ZT21,,missing_pdb,False
Q6ZTQ4,,missing_pdb,False
Q6ZTR7,,missing_pdb,False
Q6ZTU2,,missing_pdb,False
Q6ZTZ1,,missing_pdb,False
Q6ZU35,,missing_pdb,False
Q6ZU64,,missing_pdb,False
Q6ZU65,,missing_pdb,False
Q6ZU67,,missing_pdb,False
Q6ZUA9,,missing_pdb,False
Q6ZUB1,,missing_pdb,False
Q6ZUM4,,missing_pdb,False
Q6ZUS5,,missing_pdb,False
Q6ZUT1,,missing_pdb,False
Q6ZV29-2,,missing_pdb,False
Q6ZV73,,missing_pdb,False
Q6ZVC0,,missing_pdb,False
Q6ZVF9,,missing_pdb,False
Q6ZVL6,,missing_pdb,False
Q6ZVT6,,missing_pdb,False
Q6ZW31,,missing_pdb,False
Q6ZW33,,missing_pdb,False
Q6ZW49,,missing_pdb,False
Q6ZW97,,missing_pdb,False
Q6ZWR6,,missing_pdb,False
Q6ZWT7,,missing_pdb,False
Q701R3,,missing_pdb,False
Q704Y3,,missing_pdb,False
Q709C8,,missing_pdb,False
Q70CQ4,,missing_pdb,False
Q70EK9,,missing_pdb,False
Q70J59,,missing_pdb,False
Q70UQ0-4,,missing_pdb,False
Q70YC5,,missing_pdb,False
Q711Q0,,missing_pdb,False
Q712K3,/data/ranran/my_ptm/croton/data/structure_pipeline/pdb/Q712K3.pdb,exact_sequence_match,True
Q71F23,,missing_pdb,False
Q71FD7,,missing_pdb,False
Q71KU9,,missing_pdb,False
Q71MG1,,missing_pdb,False
Q71MM4,,missing_pdb,False
Q71SY5,,missing_pdb,False
Q71UI9-4,,missing_pdb,False
Q71V43,,missing_pdb,False
Q72CI8,,missing_pdb,False
Q72DT2,,missing_pdb,False
Q72DT3,,missing_pdb,False
Q75G86,,missing_pdb,False
Q75G87,,missing_pdb,False
Q75GN6,,missing_pdb,False
Q75GR6,,missing_pdb,False
Q75GR8,,missing_pdb,False
Q75GX1,,missing_pdb,False
Q75GX9,,missing_pdb,False
Q75H72,,missing_pdb,False
Q75HQ8,,missing_pdb,False
Q75HY4,,missing_pdb,False
Q75IQ4,,missing_pdb,False
Q75IQ9,,missing_pdb,False
Q75IZ8,,missing_pdb,False
Q75J49,,missing_pdb,False
Q75K55,,missing_pdb,False
Q75K80,,missing_pdb,False
Q75K90,,missing_pdb,False
Q75KD7,,missing_pdb,False
Q75LJ4,,missing_pdb,False
Q75LJ9,,missing_pdb,False
Q75M03,,missing_pdb,False
Q75MG1,,missing_pdb,False
Q75MM6,,missing_pdb,False
Q75N33,,missing_pdb,False
Q75QN2,,missing_pdb,False
Q75WE7,,missing_pdb,False
Q762A2,,missing_pdb,False
Q768S4,,missing_pdb,False
Q76FK4,,missing_pdb,False
Q76I76,,missing_pdb,False
Q76KF0,,missing_pdb,False
Q76KP1,,missing_pdb,False
Q76LL6,,missing_pdb,False
Q76M68,,missing_pdb,False
Q76M96,,missing_pdb,False
Q76MX4,,missing_pdb,False
Q76N32,,missing_pdb,False
Q76NI1,,missing_pdb,False
Q76NL8,,missing_pdb,False
Q76NN8,,missing_pdb,False
Q76NQ3,,missing_pdb,False
Q76NR6,,missing_pdb,False
Q78IK2,,missing_pdb,False
Q792I0,,missing_pdb,False
Q792M9,,missing_pdb,False
Q792Q4,,missing_pdb,False
Q794H2,,missing_pdb,False
Q795Q5,,missing_pdb,False
Q796P5,,missing_pdb,False
Q796S4,,missing_pdb,False
Q796V8,,missing_pdb,False
Q79FN7,,missing_pdb,False
Q79VE2,,missing_pdb,False
Q79VG9,,missing_pdb,False
Q7CPG1,,missing_pdb,False
Q7CQJ0,,missing_pdb,False
Q7D472,,missing_pdb,False
Q7DIC8,,missing_pdb,False
Q7DMV5,,missing_pdb,False
Q7DNB2,,missing_pdb,False
Q7EY18,,missing_pdb,False
Q7EY69,,missing_pdb,False
Q7EYM8,,missing_pdb,False
Q7EYM9,,missing_pdb,False
Q7EZ28,,missing_pdb,False
Q7EZC8,,missing_pdb,False
Q7EZD2,,missing_pdb,False
Q7EZS0,,missing_pdb,False
Q7F099,,missing_pdb,False
Q7F1H3,,missing_pdb,False
Q7F1J8,,missing_pdb,False
Q7F1K9,,missing_pdb,False
Q7F229,,missing_pdb,False
Q7F2G3,,missing_pdb,False
Q7F5L2,,missing_pdb,False
Q7F5M0,,missing_pdb,False
Q7F8K7,,missing_pdb,False
Q7F8T6,,missing_pdb,False
Q7F8Y3,,missing_pdb,False
Q7F941,,missing_pdb,False
Q7F9Y6,,missing_pdb,False
Q7FAY6,,missing_pdb,False
Q7G2N0,,missing_pdb,False
Q7G3N2,,missing_pdb,False
Q7G4J4,,missing_pdb,False
Q7G4R3,,missing_pdb,False
Q7G4Z7,,missing_pdb,False
Q7JNE1,,missing_pdb,False
Q7JQN4,,missing_pdb,False
Q7JQY8,,missing_pdb,False
Q7JRJ1,,missing_pdb,False
Q7JVH0,,missing_pdb,False
Q7JVP4,,missing_pdb,False
Q7JVY0,,missing_pdb,False
Q7JWP6,,missing_pdb,False
Q7JX41,,missing_pdb,False
Q7JXC4,,missing_pdb,False
Q7K0D3,,missing_pdb,False
Q7K0D8,,missing_pdb,False
Q7K0F7,,missing_pdb,False
Q7K110,,missing_pdb,False
Q7K180,,missing_pdb,False
Q7K1H5,,missing_pdb,False
Q7K1Q7,,missing_pdb,False
Q7K1V1,,missing_pdb,False
Q7K332,,missing_pdb,False
Q7K3D4,,missing_pdb,False
Q7K3E9,,missing_pdb,False
Q7K3S2,,missing_pdb,False
Q7K3W2,,missing_pdb,False
Q7K4B2,,missing_pdb,False
Q7K4G8,,missing_pdb,False
Q7K4H4,,missing_pdb,False
Q7K4N3,,missing_pdb,False
Q7K4Q5,,missing_pdb,False
Q7K5M2,,missing_pdb,False
Q7K6A5,,missing_pdb,False
Q7K6B1,,missing_pdb,False
Q7K8X7,,missing_pdb,False
Q7KJA9,,missing_pdb,False
Q7KML2,,missing_pdb,False
Q7KND8,,missing_pdb,False
Q7KQK0,,missing_pdb,False
Q7KQK3,,missing_pdb,False
Q7KQL1,,missing_pdb,False
Q7KQM8,,missing_pdb,False
Q7KSV7,,missing_pdb,False
Q7KTL4,,missing_pdb,False
Q7KTT0,,missing_pdb,False
Q7KTX8,,missing_pdb,False
Q7KU01,,missing_pdb,False
Q7KUX7,,missing_pdb,False
Q7KV69,,missing_pdb,False
Q7KVW1,,missing_pdb,False
Q7KWJ2,,missing_pdb,False
Q7KZ85-2,,missing_pdb,False
Q7KZ85-3,,missing_pdb,False
Q7L099-2,,missing_pdb,False
Q7L1Q6-3,,missing_pdb,False
Q7L1W4,,missing_pdb,False
Q7L211,,missing_pdb,False
Q7L2E3-2,,missing_pdb,False
Q7L2H7-2,,missing_pdb,False
Q7L2J0,,missing_pdb,False
Q7L2Z9,,missing_pdb,False
Q7L311,,missing_pdb,False
Q7L3B6,/data/ranran/my_ptm/croton/data/structure_pipeline/pdb/Q7L3B6.pdb,exact_sequence_match,True
Q7L3S4,,missing_pdb,False
Q7L4I2,/data/ranran/my_ptm/croton/data/structure_pipeline/pdb/Q7L4I2.pdb,exact_sequence_match,True
Q7L4P6,,missing_pdb,False
Q7L576-3,,missing_pdb,False
Q7L591,,missing_pdb,False
Q7L592,/data/ranran/my_ptm/croton/data/structure_pipeline/pdb/Q7L592.pdb,exact_sequence_match,True
Q7L5D6,/data/ranran/my_ptm/croton/data/structure_pipeline/pdb/Q7L5D6.pdb,exact_sequence_match,True
Q7L5N1,/data/ranran/my_ptm/croton/data/structure_pipeline/pdb/Q7L5N1.pdb,exact_sequence_match,True
Q7L5N7,,missing_pdb,False
Q7L5Y1,,missing_pdb,False
Q7L5Y6,,missing_pdb,False
Q7L622,,missing_pdb,False
Q7L775,,missing_pdb,False
Q7L804,,missing_pdb,False
Q7L985,,missing_pdb,False
Q7LBC6,/data/ranran/my_ptm/croton/data/structure_pipeline/pdb/Q7LBC6.pdb,exact_sequence_match,True
Q7LFL8,,missing_pdb,False
Q7LGC8,,missing_pdb,False
Q7M3Z5,,missing_pdb,False
Q7M721,,missing_pdb,False
Q7MT93,,missing_pdb,False
Q7MTC5,,missing_pdb,False
Q7MTE9,,missing_pdb,False
Q7MTH4,,missing_pdb,False
Q7MTK2,,missing_pdb,False
Q7MTR5,,missing_pdb,False
Q7MTX2,,missing_pdb,False
Q7MUB6,,missing_pdb,False
Q7MUC2,,missing_pdb,False
Q7MUZ3,,missing_pdb,False
Q7MV28,,missing_pdb,False
Q7MV40,,missing_pdb,False
Q7MVD9,,missing_pdb,False
Q7MVE4,,missing_pdb,False
Q7MVI6,,missing_pdb,False
Q7MVJ2,,missing_pdb,False
Q7MVP4,,missing_pdb,False
Q7MWD1,,missing_pdb,False
Q7MWJ4,,missing_pdb,False
Q7MWP8,,missing_pdb,False
Q7MWX7,,missing_pdb,False
Q7MWZ6,,missing_pdb,False
Q7MX11,,missing_pdb,False
Q7MXD5,,missing_pdb,False
Q7MXE8,,missing_pdb,False
Q7MXJ1,,missing_pdb,False
Q7MXJ7,,missing_pdb,False
Q7MXL4,,missing_pdb,False
Q7MXT6,,missing_pdb,False
Q7PLS1,,missing_pdb,False
Q7RTP6,,missing_pdb,False
Q7RTS3,,missing_pdb,False
Q7RTU3,,missing_pdb,False
Q7RTW8,,missing_pdb,False
Q7RTZ1,,missing_pdb,False
Q7TMA2,,missing_pdb,False
Q7TMA5,,missing_pdb,False
Q7TMB9,,missing_pdb,False
Q7TMI3,,missing_pdb,False
Q7TMQ7,,missing_pdb,False
Q7TMW6,,missing_pdb,False
Q7TMY4-2,,missing_pdb,False
Q7TN19,,missing_pdb,False
Q7TNA8,,missing_pdb,False
Q7TNB4,,missing_pdb,False
Q7TNF8,,missing_pdb,False
Q7TNH6,,missing_pdb,False
Q7TNS8,,missing_pdb,False
Q7TNV0,,missing_pdb,False
Q7TP08,,missing_pdb,False
Q7TP13,,missing_pdb,False
Q7TP15,,missing_pdb,False
Q7TP21,,missing_pdb,False
Q7TP24,,missing_pdb,False
Q7TP27,,missing_pdb,False
Q7TP40,,missing_pdb,False
Q7TP42,,missing_pdb,False
Q7TP91,,missing_pdb,False
Q7TP92,,missing_pdb,False
Q7TPD1,,missing_pdb,False
Q7TPG6,,missing_pdb,False
Q7TPI6,,missing_pdb,False
Q7TPJ1,,missing_pdb,False
Q7TPJ4,,missing_pdb,False
Q7TPJ5,,missing_pdb,False
Q7TPK5,,missing_pdb,False
Q7TPL1,,missing_pdb,False
Q7TPM5,,missing_pdb,False
Q7TPN9,,missing_pdb,False
Q7TQ85,,missing_pdb,False
Q7TQ86,,missing_pdb,False
Q7TQ90,,missing_pdb,False
Q7TQ94,,missing_pdb,False
Q7TQE6,,missing_pdb,False
Q7TQP6,,missing_pdb,False
Q7TS63,,missing_pdb,False
Q7TS99,,missing_pdb,False
Q7TSG1,,missing_pdb,False
Q7TSG5,,missing_pdb,False
Q7TSH8,,missing_pdb,False
Q7TT00,,missing_pdb,False
Q7TT18,,missing_pdb,False
Q7TT23,,missing_pdb,False
Q7TT37,,missing_pdb,False
Q7WY61,,missing_pdb,False
Q7X6J6,,missing_pdb,False
Q7X7E6,,missing_pdb,False
Q7X7G8,,missing_pdb,False
Q7X7H3,,missing_pdb,False
Q7X7K7,,missing_pdb,False
Q7X7L3,,missing_pdb,False
Q7X7V8,,missing_pdb,False
Q7X8U6,,missing_pdb,False
Q7X9K7,,missing_pdb,False
Q7X9M2,,missing_pdb,False
Q7X9M3,,missing_pdb,False
Q7X9M4,,missing_pdb,False
Q7XBZ2,,missing_pdb,False
Q7XC09,,missing_pdb,False
Q7XCL0,,missing_pdb,False
Q7XCR5,,missing_pdb,False
Q7XEL9,,missing_pdb,False
Q7XEY9,,missing_pdb,False
Q7XHN3,,missing_pdb,False
Q7XHV0,,missing_pdb,False
Q7XI14,,missing_pdb,False
Q7XI67,,missing_pdb,False
Q7XIE2,,missing_pdb,False
Q7XJJ1,,missing_pdb,False
Q7XJX6,,missing_pdb,False
Q7XKA7,,missing_pdb,False
Q7XKU5,,missing_pdb,False
Q7XLC9,,missing_pdb,False
Q7XLF5,,missing_pdb,False
Q7XLP6,,missing_pdb,False
Q7XM19,,missing_pdb,False
Q7XM27,,missing_pdb,False
Q7XM29,,missing_pdb,False
Q7XM77,,missing_pdb,False
Q7XMF6,,missing_pdb,False
Q7XMI8,,missing_pdb,False
Q7XN53,,missing_pdb,False
Q7XNX4,,missing_pdb,False
Q7XP97,,missing_pdb,False
Q7XPB5,,missing_pdb,False
Q7XPC8,,missing_pdb,False
Q7XPQ3,,missing_pdb,False
Q7XQP1,,missing_pdb,False
Q7XQQ8,,missing_pdb,False
Q7XR61,,missing_pdb,False
Q7XSG8,,missing_pdb,False
Q7XTB5,,missing_pdb,False
Q7XTG7,,missing_pdb,False
Q7XTQ1,,missing_pdb,False
Q7XUA1,,missing_pdb,False
Q7XUW0,,missing_pdb,False
Q7XVF8,,missing_pdb,False
Q7XVQ4,,missing_pdb,False
Q7XWP1,,missing_pdb,False
Q7XX31,,missing_pdb,False
Q7XXP7,,missing_pdb,False
Q7XYB6,,missing_pdb,False
Q7XYC0,,missing_pdb,False
Q7XYC1,,missing_pdb,False
Q7XYC4,,missing_pdb,False
Q7XYD2,,missing_pdb,False
Q7XYD7,,missing_pdb,False
Q7XYE3,,missing_pdb,False
Q7XZF7,,missing_pdb,False
Q7XZG6,,missing_pdb,False
Q7XZV8,,missing_pdb,False
Q7XZW4,,missing_pdb,False
Q7Y0C8,,missing_pdb,False
Q7Y161,,missing_pdb,False
Q7YW78,,missing_pdb,False
Q7YW80,,missing_pdb,False
Q7YZ93,,missing_pdb,False
Q7YZH1,,missing_pdb,False
Q7Z0T7,,missing_pdb,False
Q7Z0T9,,missing_pdb,False
Q7Z1I6,,missing_pdb,False
Q7Z1I7,,missing_pdb,False
Q7Z2E3,,missing_pdb,False
Q7Z2K6,/data/ranran/my_ptm/croton/data/structure_pipeline/pdb/Q7Z2K6.pdb,exact_sequence_match,True
Q7Z2T1,,missing_pdb,False
Q7Z2T5,/data/ranran/my_ptm/croton/data/structure_pipeline/pdb/Q7Z2T5.pdb,exact_sequence_match,True
Q7Z2Y5,,missing_pdb,False
Q7Z2Z1,,missing_pdb,False
Q7Z2Z2,/data/ranran/my_ptm/croton/data/structure_pipeline/pdb/Q7Z2Z2.pdb,exact_sequence_match,True
Q7Z333-4,,missing_pdb,False
Q7Z3B0,,missing_pdb,False
Q7Z3B3,,missing_pdb,False
Q7Z3B4,/data/ranran/my_ptm/croton/data/structure_pipeline/pdb/Q7Z3B4.pdb,exact_sequence_match,True
Q7Z3E1,,missing_pdb,False
Q7Z3E5,,missing_pdb,False
Q7Z3I7,,missing_pdb,False
Q7Z3K3,/data/ranran/my_ptm/croton/data/structure_pipeline/pdb/Q7Z3K3.pdb,exact_sequence_match,True
Q7Z3T8,,missing_pdb,False
Q7Z3U7,/data/ranran/my_ptm/croton/data/structure_pipeline/pdb/Q7Z3U7.pdb,exact_sequence_match,True
Q7Z3Z3,,missing_pdb,False
Q7Z403,,missing_pdb,False
Q7Z417,/data/ranran/my_ptm/croton/data/structure_pipeline/pdb/Q7Z417.pdb,exact_sequence_match,True
Q7Z434,,missing_pdb,False
Q7Z442,,missing_pdb,False
Q7Z460,/data/ranran/my_ptm/croton/data/structure_pipeline/pdb/Q7Z460.pdb,exact_sequence_match,True
Q7Z4H7,/data/ranran/my_ptm/croton/data/structure_pipeline/pdb/Q7Z4H7.pdb,exact_sequence_match,True
Q7Z4H8,/data/ranran/my_ptm/croton/data/structure_pipeline/pdb/Q7Z4H8.pdb,exact_sequence_match,True
Q7Z4L5,,missing_pdb,False
Q7Z4Q2,/data/ranran/my_ptm/croton/data/structure_pipeline/pdb/Q7Z4Q2.pdb,exact_sequence_match,True
Q7Z4S6,/data/ranran/my_ptm/croton/data/structure_pipeline/pdb/Q7Z4S6.pdb,exact_sequence_match,True
Q7Z4V0,,missing_pdb,False
Q7Z4V5-3,,missing_pdb,False
Q7Z569,/data/ranran/my_ptm/croton/data/structure_pipeline/pdb/Q7Z569.pdb,exact_sequence_match,True
Q7Z570,,missing_pdb,False
Q7Z589,,missing_pdb,False
Q7Z591,,missing_pdb,False
Q7Z5B4,,missing_pdb,False
Q7Z5G4,,missing_pdb,False
Q7Z5J4,,missing_pdb,False
Q7Z5J4-4,,missing_pdb,False
Q7Z5J8,,missing_pdb,False
Q7Z5K2-3,,missing_pdb,False
Q7Z5L9,,missing_pdb,False
Q7Z5Q5,,missing_pdb,False
Q7Z628,,missing_pdb,False
Q7Z6B0,/data/ranran/my_ptm/croton/data/structure_pipeline/pdb/Q7Z6B0.pdb,exact_sequence_match,True
Q7Z6E9,/data/ranran/my_ptm/croton/data/structure_pipeline/pdb/Q7Z6E9.pdb,exact_sequence_match,True
Q7Z6E9-4,,missing_pdb,False
Q7Z6I8,,missing_pdb,False
Q7Z6J9,,missing_pdb,False
Q7Z6K5,,missing_pdb,False
Q7Z6M1,/data/ranran/my_ptm/croton/data/structure_pipeline/pdb/Q7Z6M1.pdb,exact_sequence_match,True
Q7Z6M4,,missing_pdb,False
Q7Z739,/data/ranran/my_ptm/croton/data/structure_pipeline/pdb/Q7Z739.pdb,exact_sequence_match,True
Q7Z745,,missing_pdb,False
Q7Z7A1,/data/ranran/my_ptm/croton/data/structure_pipeline/pdb/Q7Z7A1.pdb,exact_sequence_match,True
Q7Z7E8,/data/ranran/my_ptm/croton/data/structure_pipeline/pdb/Q7Z7E8.pdb,exact_sequence_match,True
Q7Z7F0,,missing_pdb,False
Q7Z7G1,,missing_pdb,False
Q7Z7G8,,missing_pdb,False
Q7Z7K0,/data/ranran/my_ptm/croton/data/structure_pipeline/pdb/Q7Z7K0.pdb,exact_sequence_match,True
Q7Z7K6,/data/ranran/my_ptm/croton/data/structure_pipeline/pdb/Q7Z7K6.pdb,exact_sequence_match,True
Q7Z7L1,,missing_pdb,False
Q7Z7M9,,missing_pdb,False
Q80ST9,,missing_pdb,False
Q80T23,,missing_pdb,False
Q80TE0,,missing_pdb,False
Q80TF4,,missing_pdb,False
Q80TJ1,,missing_pdb,False
Q80TL0,,missing_pdb,False
Q80U22,,missing_pdb,False
Q80U70,,missing_pdb,False
Q80UV9,,missing_pdb,False
Q80V23,,missing_pdb,False
Q80V24,,missing_pdb,False
Q80V85,,missing_pdb,False
Q80VC6,,missing_pdb,False
Q80VH0,,missing_pdb,False
Q80VI1,,missing_pdb,False
Q80VP0,,missing_pdb,False
Q80VP2,,missing_pdb,False
Q80VW5,,missing_pdb,False
Q80W26,,missing_pdb,False
Q80W32,,missing_pdb,False
Q80W38,,missing_pdb,False
Q80W57,,missing_pdb,False
Q80W59,,missing_pdb,False
Q80W93,,missing_pdb,False
Q80WC9,,missing_pdb,False
Q80WM3,,missing_pdb,False
Q80WV7,,missing_pdb,False
Q80X41,,missing_pdb,False
Q80X45,,missing_pdb,False
Q80X52,,missing_pdb,False
Q80X59,,missing_pdb,False
Q80X82,,missing_pdb,False
Q80XI1,,missing_pdb,False
Q80XK6,,missing_pdb,False
Q80XL8,,missing_pdb,False
Q80XQ2,,missing_pdb,False
Q80XX4,,missing_pdb,False
Q80Y39,,missing_pdb,False
Q80Y72,,missing_pdb,False
Q80Y73,,missing_pdb,False
Q80Y82,,missing_pdb,False
Q80Y86,,missing_pdb,False
Q80YA9,,missing_pdb,False
Q80YD3,,missing_pdb,False
Q80YN3,,missing_pdb,False
Q80YR5,,missing_pdb,False
Q80YV3,,missing_pdb,False
Q80Z10,,missing_pdb,False
Q80Z25,,missing_pdb,False
Q80Z70,,missing_pdb,False
Q80ZA3,,missing_pdb,False
Q80ZA4,,missing_pdb,False
Q80ZI6,,missing_pdb,False
Q80ZR9,,missing_pdb,False
Q810B9,,missing_pdb,False
Q810D1,,missing_pdb,False
Q810Q5,,missing_pdb,False
Q810T2,,missing_pdb,False
Q811A2,,missing_pdb,False
Q811L6,,missing_pdb,False
Q811Q2,,missing_pdb,False
Q811Q9,,missing_pdb,False
Q811S7,,missing_pdb,False
Q811W0,,missing_pdb,False
Q811X6,,missing_pdb,False
Q812E9,,missing_pdb,False
Q812F8,,missing_pdb,False
Q81G82,,missing_pdb,False
Q84L14,,missing_pdb,False
Q84M34,,missing_pdb,False
Q84M68,,missing_pdb,False
Q84MJ5,,missing_pdb,False
Q84MN8,,missing_pdb,False
Q84MY1,,missing_pdb,False
Q84NP3,,missing_pdb,False
Q84NP7,,missing_pdb,False
Q84PB7,,missing_pdb,False
Q84PX0,,missing_pdb,False
Q84Q83,,missing_pdb,False
Q84S80,,missing_pdb,False
Q84SC5,,missing_pdb,False
Q84SP0,,missing_pdb,False
Q84SZ4,,missing_pdb,False
Q84T92,,missing_pdb,False
Q84VC9,,missing_pdb,False
Q84VG2,,missing_pdb,False
Q84YY4,,missing_pdb,False
Q84ZL6,,missing_pdb,False
Q850W6,,missing_pdb,False
Q851E0,,missing_pdb,False
Q851Q5,,missing_pdb,False
Q852L2,,missing_pdb,False
Q852Q2,,missing_pdb,False
Q86342,,missing_pdb,False
Q867Z4,,missing_pdb,False
Q86B87,,missing_pdb,False
Q86BG8,,missing_pdb,False
Q86BP6,,missing_pdb,False
Q86BR8,,missing_pdb,False
Q86BS3,,missing_pdb,False
Q86CW5,,missing_pdb,False
Q86DM6,,missing_pdb,False
Q86DV7,,missing_pdb,False
Q86DX9,,missing_pdb,False
Q86DY6,,missing_pdb,False
Q86E00,,missing_pdb,False
Q86E01,,missing_pdb,False
Q86E11,,missing_pdb,False
Q86E31,,missing_pdb,False
Q86E33,,missing_pdb,False
Q86E50,,missing_pdb,False
Q86E59,,missing_pdb,False
Q86E61,,missing_pdb,False
Q86EC1,,missing_pdb,False
Q86EG4,,missing_pdb,False
Q86EJ0,,missing_pdb,False
Q86EL1,,missing_pdb,False
Q86EM2,,missing_pdb,False
Q86EM3,,missing_pdb,False
Q86EQ4,,missing_pdb,False
Q86EQ6,,missing_pdb,False
Q86EQ8,,missing_pdb,False
Q86ER3,,missing_pdb,False
Q86ES1,,missing_pdb,False
Q86ES4,,missing_pdb,False
Q86ES5,,missing_pdb,False
Q86ET8,,missing_pdb,False
Q86EV1,,missing_pdb,False
Q86EY7,,missing_pdb,False
Q86EZ3,,missing_pdb,False
Q86F28,,missing_pdb,False
Q86F50,,missing_pdb,False
Q86FD7,,missing_pdb,False
Q86FE0,,missing_pdb,False
Q86FF4,,missing_pdb,False
Q86NP2,,missing_pdb,False
Q86PD3,,missing_pdb,False
Q86RB4,,missing_pdb,False
Q86SE8,,missing_pdb,False
Q86SF2,/data/ranran/my_ptm/croton/data/structure_pipeline/pdb/Q86SF2.pdb,exact_sequence_match,True
Q86SQ4,,missing_pdb,False
Q86SQ7,,missing_pdb,False
Q86T24,,missing_pdb,False
Q86T82,,missing_pdb,False
Q86T90,,missing_pdb,False
Q86TB3,,missing_pdb,False
Q86TB9,/data/ranran/my_ptm/croton/data/structure_pipeline/pdb/Q86TB9.pdb,exact_sequence_match,True
Q86TD4,,missing_pdb,False
Q86TG7,,missing_pdb,False
Q86TH1,,missing_pdb,False
Q86TL2,,missing_pdb,False
Q86TM6,,missing_pdb,False
Q86TP1,,missing_pdb,False
Q86TS9,,missing_pdb,False
Q86TU7,/data/ranran/my_ptm/croton/data/structure_pipeline/pdb/Q86TU7.pdb,exact_sequence_match,True
Q86U38,,missing_pdb,False
Q86U44,/data/ranran/my_ptm/croton/data/structure_pipeline/pdb/Q86U44.pdb,exact_sequence_match,True
Q86U90,,missing_pdb,False
Q86UA1,,missing_pdb,False
Q86UC2,,missing_pdb,False
Q86UD4,,missing_pdb,False
Q86UD7,,missing_pdb,False
Q86UE4,/data/ranran/my_ptm/croton/data/structure_pipeline/pdb/Q86UE4.pdb,exact_sequence_match,True
Q86UK7,/data/ranran/my_ptm/croton/data/structure_pipeline/pdb/Q86UK7.pdb,exact_sequence_match,True
Q86UL3,,missing_pdb,False
Q86UP0,,missing_pdb,False
Q86UP2,/data/ranran/my_ptm/croton/data/structure_pipeline/pdb/Q86UP2.pdb,exact_sequence_match,True
Q86UP6,,missing_pdb,False
Q86UQ4,,missing_pdb,False
Q86UQ8,,missing_pdb,False
Q86UR5,,missing_pdb,False
Q86US8,,missing_pdb,False
Q86UT6,,missing_pdb,False
Q86UU0,,missing_pdb,False
Q86UU9,,missing_pdb,False
Q86UU9-4,,missing_pdb,False
Q86UV5-6,,missing_pdb,False
Q86UW6,,missing_pdb,False
Q86UW9,,missing_pdb,False
Q86UY5,,missing_pdb,False
Q86UY6,,missing_pdb,False
Q86V48,/data/ranran/my_ptm/croton/data/structure_pipeline/pdb/Q86V48.pdb,exact_sequence_match,True
Q86V85,,missing_pdb,False
Q86V87,,missing_pdb,False
Q86VB7,,missing_pdb,False
Q86VF7,,missing_pdb,False
Q86VH2,,missing_pdb,False
Q86VH5,,missing_pdb,False
Q86VN1,/data/ranran/my_ptm/croton/data/structure_pipeline/pdb/Q86VN1.pdb,exact_sequence_match,True
Q86VQ1,,missing_pdb,False
Q86VQ3,,missing_pdb,False
Q86VS3,,missing_pdb,False
Q86VV8,,missing_pdb,False
Q86VV8-4,,missing_pdb,False
Q86VX2,,missing_pdb,False
Q86W42,,missing_pdb,False
Q86W56,,missing_pdb,False
Q86W56-4,,missing_pdb,False
Q86W92,/data/ranran/my_ptm/croton/data/structure_pipeline/pdb/Q86W92.pdb,exact_sequence_match,True
Q86WB0,/data/ranran/my_ptm/croton/data/structure_pipeline/pdb/Q86WB0.pdb,exact_sequence_match,True
Q86WJ1,/data/ranran/my_ptm/croton/data/structure_pipeline/pdb/Q86WJ1.pdb,exact_sequence_match,True
Q86WK7,,missing_pdb,False
Q86WR7,,missing_pdb,False
Q86WS4,,missing_pdb,False
Q86WS4-2,,missing_pdb,False
Q86WV1,,missing_pdb,False
Q86WW8,,missing_pdb,False
Q86WX3,,missing_pdb,False
Q86WZ0,,missing_pdb,False
Q86X02,,missing_pdb,False
Q86X10,/data/ranran/my_ptm/croton/data/structure_pipeline/pdb/Q86X10.pdb,exact_sequence_match,True
Q86X27,/data/ranran/my_ptm/croton/data/structure_pipeline/pdb/Q86X27.pdb,exact_sequence_match,True
Q86X53,,missing_pdb,False
Q86X55,/data/ranran/my_ptm/croton/data/structure_pipeline/pdb/Q86X55.pdb,exact_sequence_match,True
Q86X95,,missing_pdb,False
Q86XE3,,missing_pdb,False
Q86XI2-2,,missing_pdb,False
Q86XJ1,,missing_pdb,False
Q86XK3,,missing_pdb,False
Q86XL3,,missing_pdb,False
Q86XN7,,missing_pdb,False
Q86XP1,,missing_pdb,False
Q86XP3,/data/ranran/my_ptm/croton/data/structure_pipeline/pdb/Q86XP3.pdb,exact_sequence_match,True
Q86XR2,,missing_pdb,False
Q86XR7,,missing_pdb,False
Q86XR8,,missing_pdb,False
Q86XT4,,missing_pdb,False
Q86XX4,,missing_pdb,False
Q86Y07,,missing_pdb,False
Q86Y13,,missing_pdb,False
Q86Y26,,missing_pdb,False
Q86Y34,,missing_pdb,False
Q86Y37,/data/ranran/my_ptm/croton/data/structure_pipeline/pdb/Q86Y37.pdb,exact_sequence_match,True
Q86Y38,,missing_pdb,False
Q86Y46-2,,missing_pdb,False
Q86Y56,/data/ranran/my_ptm/croton/data/structure_pipeline/pdb/Q86Y56.pdb,exact_sequence_match,True
Q86Y79,,missing_pdb,False
Q86YA3,,missing_pdb,False
Q86YC2,,missing_pdb,False
Q86YD3,,missing_pdb,False
Q86YF9,,missing_pdb,False
Q86YH6,,missing_pdb,False
Q86YN6,,missing_pdb,False
Q86YP4,/data/ranran/my_ptm/croton/data/structure_pipeline/pdb/Q86YP4.pdb,exact_sequence_match,True
Q86YQ0,,missing_pdb,False
Q86YQ8,,missing_pdb,False
Q86YR6,,missing_pdb,False
Q86YT9,,missing_pdb,False
Q86YV5,,missing_pdb,False
Q86Z02,,missing_pdb,False
Q86Z20,,missing_pdb,False
Q8BFR5-2,,missing_pdb,False
Q8BFS8,,missing_pdb,False
Q8BFW4,,missing_pdb,False
Q8BG28,,missing_pdb,False
Q8BG30,,missing_pdb,False
Q8BG60,,missing_pdb,False
Q8BGA8-2,,missing_pdb,False
Q8BGB2,,missing_pdb,False
Q8BGD8,,missing_pdb,False
Q8BGF6,,missing_pdb,False
Q8BGN9,,missing_pdb,False
Q8BGR1,,missing_pdb,False
Q8BGW4,,missing_pdb,False
Q8BGX4,,missing_pdb,False
Q8BGY7,,missing_pdb,False
Q8BH52,,missing_pdb,False
Q8BHD4,,missing_pdb,False
Q8BHE0,,missing_pdb,False
Q8BHX3,,missing_pdb,False
Q8BI22,,missing_pdb,False
Q8BI57,,missing_pdb,False
Q8BI84,,missing_pdb,False
Q8BII3,,missing_pdb,False
Q8BIL5,,missing_pdb,False
Q8BIQ2,,missing_pdb,False
Q8BJ42,,missing_pdb,False
Q8BJ71,,missing_pdb,False
Q8BJD1,,missing_pdb,False
Q8BJI2,,missing_pdb,False
Q8BJI4,,missing_pdb,False
Q8BJY7,,missing_pdb,False
Q8BK72,,missing_pdb,False
Q8BK75,,missing_pdb,False
Q8BK80,,missing_pdb,False
Q8BKR5,,missing_pdb,False
Q8BKX6-2,,missing_pdb,False
Q8BKX6-3,,missing_pdb,False
Q8BLB7,,missing_pdb,False
Q8BLQ9,,missing_pdb,False
Q8BM75-2,,missing_pdb,False
Q8BMC0,,missing_pdb,False
Q8BMD5,,missing_pdb,False
Q8BMI0,,missing_pdb,False
Q8BMQ3,,missing_pdb,False
Q8BMS4,,missing_pdb,False
Q8BN58,,missing_pdb,False
Q8BND3,,missing_pdb,False
Q8BP27,,missing_pdb,False
Q8BPQ7,,missing_pdb,False
Q8BQC3,,missing_pdb,False
Q8BQM8,,missing_pdb,False
Q8BQP8,,missing_pdb,False
Q8BR75,,missing_pdb,False
Q8BRC6,,missing_pdb,False
Q8BRG8,,missing_pdb,False
Q8BRH0,,missing_pdb,False
Q8BRX9,,missing_pdb,False
Q8BSF4,,missing_pdb,False
Q8BSL4,,missing_pdb,False
Q8BTT6,,missing_pdb,False
Q8BU85,,missing_pdb,False
Q8BUE7,,missing_pdb,False
Q8BUI3,,missing_pdb,False
Q8BUR3,,missing_pdb,False
Q8BUV3,,missing_pdb,False
Q8BUV6,,missing_pdb,False
Q8BV79,,missing_pdb,False
Q8BVA5,,missing_pdb,False
Q8BVE3,,missing_pdb,False
Q8BVJ3,,missing_pdb,False
Q8BVJ9,,missing_pdb,False
Q8BVL9,,missing_pdb,False
Q8BVQ9,,missing_pdb,False
Q8BVT3,,missing_pdb,False
Q8BVV7,,missing_pdb,False
Q8BW35,,missing_pdb,False
Q8BW49,,missing_pdb,False
Q8BW56,,missing_pdb,False
Q8BWR8,,missing_pdb,False
Q8BX80,,missing_pdb,False
Q8BXC6,,missing_pdb,False
Q8BXQ6,,missing_pdb,False
Q8BXX9,,missing_pdb,False
Q8BY87,,missing_pdb,False
Q8BYJ6,,missing_pdb,False
Q8BYR2,,missing_pdb,False
Q8BYW9,,missing_pdb,False
Q8BYY4,,missing_pdb,False
Q8BZ71,,missing_pdb,False
Q8BZH8,,missing_pdb,False
Q8BZJ8,,missing_pdb,False
Q8BZQ3,,missing_pdb,False
Q8BZX4,,missing_pdb,False
Q8C033,,missing_pdb,False
Q8C0C4,,missing_pdb,False
Q8C0D7-5,,missing_pdb,False
Q8C0J6,,missing_pdb,False
Q8C0L6,,missing_pdb,False
Q8C0M8,,missing_pdb,False
Q8C0P0-2,,missing_pdb,False
Q8C0Q9,,missing_pdb,False
Q8C0T9,,missing_pdb,False
Q8C0V1,,missing_pdb,False
Q8C0X8,,missing_pdb,False
Q8C0Z1,,missing_pdb,False
Q8C120,,missing_pdb,False
Q8C138,,missing_pdb,False
Q8C190,,missing_pdb,False
Q8C1C2,,missing_pdb,False
Q8C1E7,,missing_pdb,False
Q8C1W1,,missing_pdb,False
Q8C3X2,,missing_pdb,False
Q8C4A5,,missing_pdb,False
Q8C5A4,,missing_pdb,False
Q8C5H8,,missing_pdb,False
Q8C5L7,,missing_pdb,False
Q8C5N3,,missing_pdb,False
Q8C5V8,,missing_pdb,False
Q8C624,,missing_pdb,False
Q8C626,,missing_pdb,False
Q8C6I2-3,,missing_pdb,False
Q8C6N3,,missing_pdb,False
Q8C6P8-2,,missing_pdb,False
Q8C6S9,,missing_pdb,False
Q8C7V3,,missing_pdb,False
Q8C827,,missing_pdb,False
Q8C845,,missing_pdb,False
Q8C9B9,,missing_pdb,False
Q8C9L1,,missing_pdb,False
Q8C9M2,,missing_pdb,False
Q8CA25,,missing_pdb,False
Q8CAE3,,missing_pdb,False
Q8CAU5,,missing_pdb,False
Q8CC84,,missing_pdb,False
Q8CC96,,missing_pdb,False
Q8CCB2,,missing_pdb,False
Q8CCG4,,missing_pdb,False
Q8CD15,,missing_pdb,False
Q8CD92,,missing_pdb,False
Q8CDG5,,missing_pdb,False
Q8CDI6,,missing_pdb,False
Q8CDI7,,missing_pdb,False
Q8CDL9,,missing_pdb,False
Q8CDM1,,missing_pdb,False
Q8CDN1,,missing_pdb,False
Q8CE46,,missing_pdb,False
Q8CE64,,missing_pdb,False
Q8CEB6,,missing_pdb,False
Q8CEC0,,missing_pdb,False
Q8CET2,,missing_pdb,False
Q8CF98,,missing_pdb,False
Q8CFD0,,missing_pdb,False
Q8CFE5,,missing_pdb,False
Q8CFG0,,missing_pdb,False
Q8CFW7,,missing_pdb,False
Q8CG45,,missing_pdb,False
Q8CGF7,,missing_pdb,False
Q8CGW4,,missing_pdb,False
Q8CH36,,missing_pdb,False
Q8CH90,,missing_pdb,False
Q8CHB8,,missing_pdb,False
Q8CHE4,,missing_pdb,False
Q8CHM7,,missing_pdb,False
Q8CHQ9,,missing_pdb,False
Q8CHT1,,missing_pdb,False
Q8CHT6,,missing_pdb,False
Q8CI71,,missing_pdb,False
Q8CII8,,missing_pdb,False
Q8CIR4,,missing_pdb,False
Q8CIT9,,missing_pdb,False
Q8CIV7,,missing_pdb,False
Q8CJB9,,missing_pdb,False
Q8GZW3,,missing_pdb,False
Q8H056,,missing_pdb,False
Q8H0L2,,missing_pdb,False
Q8H3D9,,missing_pdb,False
Q8H3X4,,missing_pdb,False
Q8H4U7,,missing_pdb,False
Q8H530,,missing_pdb,False
Q8H7P3,,missing_pdb,False
Q8H7P5,,missing_pdb,False
Q8H7Q6,,missing_pdb,False
Q8H7W4,,missing_pdb,False
Q8H813,,missing_pdb,False
Q8H8D6,,missing_pdb,False
Q8H8D9,,missing_pdb,False
Q8H8U5,,missing_pdb,False
Q8H8U7,,missing_pdb,False
Q8H916,,missing_pdb,False
Q8HCN1,,missing_pdb,False
Q8HCN4,,missing_pdb,False
Q8HCR5,,missing_pdb,False
Q8HWS3,,missing_pdb,False
Q8I0J1,,missing_pdb,False
Q8I0U6,,missing_pdb,False
Q8I0U7,,missing_pdb,False
Q8I0U8,,missing_pdb,False
Q8I0V3,,missing_pdb,False
Q8I0W1,,missing_pdb,False
Q8I0W8,,missing_pdb,False
Q8I0X3,,missing_pdb,False
Q8I1N6,,missing_pdb,False
Q8I1N8,,missing_pdb,False
Q8I1N9,,missing_pdb,False
Q8I1Q1,,missing_pdb,False
Q8I1Q5,,missing_pdb,False
Q8I1S4,,missing_pdb,False
Q8I1S7,,missing_pdb,False
Q8I1T2,,missing_pdb,False
Q8I1T6,,missing_pdb,False
Q8I1U1,,missing_pdb,False
Q8I1U7,,missing_pdb,False
Q8I1V2,,missing_pdb,False
Q8I1X0,,missing_pdb,False
Q8I1X1,,missing_pdb,False
Q8I1Y1,,missing_pdb,False
Q8I1Y8,,missing_pdb,False
Q8I1Z0,,missing_pdb,False
Q8I202,,missing_pdb,False
Q8I206,,missing_pdb,False
Q8I209,,missing_pdb,False
Q8I233,,missing_pdb,False
Q8I235,,missing_pdb,False
Q8I238,,missing_pdb,False
Q8I246,,missing_pdb,False
Q8I255,,missing_pdb,False
Q8I257,,missing_pdb,False
Q8I259,,missing_pdb,False
Q8I266,,missing_pdb,False
Q8I284,,missing_pdb,False
Q8I2A1,,missing_pdb,False
Q8I2B1,,missing_pdb,False
Q8I2C5,,missing_pdb,False
Q8I2E0,,missing_pdb,False
Q8I2E4,,missing_pdb,False
Q8I2F2,,missing_pdb,False
Q8I2G0,,missing_pdb,False
Q8I2I8,,missing_pdb,False
Q8I2J3,,missing_pdb,False
Q8I2K8,,missing_pdb,False
Q8I2L0,,missing_pdb,False
Q8I2M8,,missing_pdb,False
Q8I2N3,,missing_pdb,False
Q8I2N6,,missing_pdb,False
Q8I2P1,,missing_pdb,False
Q8I2P4,,missing_pdb,False
Q8I2P8,,missing_pdb,False
Q8I2Q0,,missing_pdb,False
Q8I2Q1,,missing_pdb,False
Q8I2R0,,missing_pdb,False
Q8I2R1,,missing_pdb,False
Q8I2R3,,missing_pdb,False
Q8I2R8,,missing_pdb,False
Q8I2S2,,missing_pdb,False
Q8I2S9,,missing_pdb,False
Q8I2T0,,missing_pdb,False
Q8I2T2,,missing_pdb,False
Q8I2T4,,missing_pdb,False
Q8I2V4,,missing_pdb,False
Q8I2V5,,missing_pdb,False
Q8I2W4,,missing_pdb,False
Q8I2W6,,missing_pdb,False
Q8I2Z0,,missing_pdb,False
Q8I2Z5,,missing_pdb,False
Q8I2Z7,,missing_pdb,False
Q8I2Z8,,missing_pdb,False
Q8I305,,missing_pdb,False
Q8I307,,missing_pdb,False
Q8I319,,missing_pdb,False
Q8I320,,missing_pdb,False
Q8I333,,missing_pdb,False
Q8I353,,missing_pdb,False
Q8I358,,missing_pdb,False
Q8I364,,missing_pdb,False
Q8I377,,missing_pdb,False
Q8I390,,missing_pdb,False
Q8I391,,missing_pdb,False
Q8I395,,missing_pdb,False
Q8I396,,missing_pdb,False
Q8I399,,missing_pdb,False
Q8I3A0,,missing_pdb,False
Q8I3A1,,missing_pdb,False
Q8I3A3,,missing_pdb,False
Q8I3B1,,missing_pdb,False
Q8I3B3,,missing_pdb,False
Q8I3C9,,missing_pdb,False
Q8I3F1,,missing_pdb,False
Q8I3F9,,missing_pdb,False
Q8I3G2,,missing_pdb,False
Q8I3H0,,missing_pdb,False
Q8I3I0,,missing_pdb,False
Q8I3J5,,missing_pdb,False
Q8I3J8,,missing_pdb,False
Q8I3J9,,missing_pdb,False
Q8I3K0,,missing_pdb,False
Q8I3K5,,missing_pdb,False
Q8I3K7,,missing_pdb,False
Q8I3M2,,missing_pdb,False
Q8I3M5,,missing_pdb,False
Q8I3P4,,missing_pdb,False
Q8I3P8,,missing_pdb,False
Q8I3P9,,missing_pdb,False
Q8I3Q8,,missing_pdb,False
Q8I3R0,,missing_pdb,False
Q8I3R2,,missing_pdb,False
Q8I3R5,,missing_pdb,False
Q8I3S4,,missing_pdb,False
Q8I3T5,,missing_pdb,False
Q8I3U0,,missing_pdb,False
Q8I3U1,,missing_pdb,False
Q8I3U2,,missing_pdb,False
Q8I3U7,,missing_pdb,False
Q8I3V2,,missing_pdb,False
Q8I3V5,,missing_pdb,False
Q8I3V8,,missing_pdb,False
Q8I3W4,,missing_pdb,False
Q8I3X4,,missing_pdb,False
Q8I3X5,,missing_pdb,False
Q8I3Y0,,missing_pdb,False
Q8I3Z1,,missing_pdb,False
Q8I403,,missing_pdb,False
Q8I410,,missing_pdb,False
Q8I414,,missing_pdb,False
Q8I416,,missing_pdb,False
Q8I418,,missing_pdb,False
Q8I425,,missing_pdb,False
Q8I427,,missing_pdb,False
Q8I433,,missing_pdb,False
Q8I441,,missing_pdb,False
Q8I444,,missing_pdb,False
Q8I445,,missing_pdb,False
Q8I447,,missing_pdb,False
Q8I448,,missing_pdb,False
Q8I451,,missing_pdb,False
Q8I462,,missing_pdb,False
Q8I463,,missing_pdb,False
Q8I477,,missing_pdb,False
Q8I492,,missing_pdb,False
Q8I4Q8,,missing_pdb,False
Q8I4R2,,missing_pdb,False
Q8I4R6,,missing_pdb,False
Q8I4S5,,missing_pdb,False
Q8I4S6,,missing_pdb,False
Q8I4S8,,missing_pdb,False
Q8I4T0,,missing_pdb,False
Q8I4T6,,missing_pdb,False
Q8I4U1,,missing_pdb,False
Q8I4U3,,missing_pdb,False
Q8I4U7,,missing_pdb,False
Q8I4V7,,missing_pdb,False
Q8I4W3,,missing_pdb,False
Q8I4W5,,missing_pdb,False
Q8I4W9,,missing_pdb,False
Q8I4X5,,missing_pdb,False
Q8I4X9,,missing_pdb,False
Q8I4Y0,,missing_pdb,False
Q8I4Y9,,missing_pdb,False
Q8I4Z1,,missing_pdb,False
Q8I510,,missing_pdb,False
Q8I511,,missing_pdb,False
Q8I515,,missing_pdb,False
Q8I517,,missing_pdb,False
Q8I519,,missing_pdb,False
Q8I523,,missing_pdb,False
Q8I524,,missing_pdb,False
Q8I525,,missing_pdb,False
Q8I527,,missing_pdb,False
Q8I531,,missing_pdb,False
Q8I535,,missing_pdb,False
Q8I538,,missing_pdb,False
Q8I542,,missing_pdb,False
Q8I544,,missing_pdb,False
Q8I552,,missing_pdb,False
Q8I569,,missing_pdb,False
Q8I570,,missing_pdb,False
Q8I581,,missing_pdb,False
Q8I586,,missing_pdb,False
Q8I589,,missing_pdb,False
Q8I591,,missing_pdb,False
Q8I5B6,,missing_pdb,False
Q8I5C3,,missing_pdb,False
Q8I5C6,,missing_pdb,False
Q8I5C7,,missing_pdb,False
Q8I5D0,,missing_pdb,False
Q8I5D2,,missing_pdb,False
Q8I5D4,,missing_pdb,False
Q8I5E0,,missing_pdb,False
Q8I5G1,,missing_pdb,False
Q8I5G5,,missing_pdb,False
Q8I5G7,,missing_pdb,False
Q8I5H0,,missing_pdb,False
Q8I5H4,,missing_pdb,False
Q8I5H7,,missing_pdb,False
Q8I5I3,,missing_pdb,False
Q8I5I4,,missing_pdb,False
Q8I5I9,,missing_pdb,False
Q8I5J1,,missing_pdb,False
Q8I5J3,,missing_pdb,False
Q8I5J4,,missing_pdb,False
Q8I5K4,,missing_pdb,False
Q8I5L0,,missing_pdb,False
Q8I5L6,,missing_pdb,False
Q8I5L7,,missing_pdb,False
Q8I5M3,,missing_pdb,False
Q8I5M6,,missing_pdb,False
Q8I5M9,,missing_pdb,False
Q8I5N4,,missing_pdb,False
Q8I5N9,,missing_pdb,False
Q8I5P3,,missing_pdb,False
Q8I5Q0,,missing_pdb,False
Q8I5S0,,missing_pdb,False
Q8I5S3,,missing_pdb,False
Q8I5S4,,missing_pdb,False
Q8I5S6,,missing_pdb,False
Q8I5U0,,missing_pdb,False
Q8I5U3,,missing_pdb,False
Q8I5V0,,missing_pdb,False
Q8I5V7,,missing_pdb,False
Q8I5V9,,missing_pdb,False
Q8I5W3,,missing_pdb,False
Q8I5W4,,missing_pdb,False
Q8I5W6,,missing_pdb,False
Q8I5X3,,missing_pdb,False
Q8I5X4,,missing_pdb,False
Q8I5X5,,missing_pdb,False
Q8I5X7,,missing_pdb,False
Q8I5Y7,,missing_pdb,False
Q8I5Y9,,missing_pdb,False
Q8I612,,missing_pdb,False
Q8I615,,missing_pdb,False
Q8I624,,missing_pdb,False
Q8I630,,missing_pdb,False
Q8I639,,missing_pdb,False
Q8I657,,missing_pdb,False
Q8I668,,missing_pdb,False
Q8I6Z5,,missing_pdb,False
Q8I719,,missing_pdb,False
Q8I725,,missing_pdb,False
Q8IAK9,,missing_pdb,False
Q8IAL6,,missing_pdb,False
Q8IAM0,,missing_pdb,False
Q8IAM1,,missing_pdb,False
Q8IAN2,,missing_pdb,False
Q8IAN4,,missing_pdb,False
Q8IAP4,,missing_pdb,False
Q8IAP8,,missing_pdb,False
Q8IAQ8,,missing_pdb,False
Q8IAS1,,missing_pdb,False
Q8IAU1,,missing_pdb,False
Q8IAU3,,missing_pdb,False
Q8IAU7,,missing_pdb,False
Q8IAV1,,missing_pdb,False
Q8IAW1,,missing_pdb,False
Q8IAW7,,missing_pdb,False
Q8IAX1,,missing_pdb,False
Q8IAX9,,missing_pdb,False
Q8IAZ5,,missing_pdb,False
Q8IB14,,missing_pdb,False
Q8IB33,,missing_pdb,False
Q8IB43,,missing_pdb,False
Q8IB46,,missing_pdb,False
Q8IB48,,missing_pdb,False
Q8IB66,,missing_pdb,False
Q8IB67,,missing_pdb,False
Q8IB73,,missing_pdb,False
Q8IB74,,missing_pdb,False
Q8IB94,,missing_pdb,False
Q8IBA4,,missing_pdb,False
Q8IBB4,,missing_pdb,False
Q8IBC1,,missing_pdb,False
Q8IBD0,,missing_pdb,False
Q8IBD1,,missing_pdb,False
Q8IBD3,,missing_pdb,False
Q8IBF2,,missing_pdb,False
Q8IBF3,,missing_pdb,False
Q8IBG1,,missing_pdb,False
Q8IBG6,,missing_pdb,False
Q8IBH0,,missing_pdb,False
Q8IBH1,,missing_pdb,False
Q8IBH2,,missing_pdb,False
Q8IBH6,,missing_pdb,False
Q8IBH8,,missing_pdb,False
Q8IBH9,,missing_pdb,False
Q8IBI5,,missing_pdb,False
Q8IBJ1,,missing_pdb,False
Q8IBJ5,,missing_pdb,False
Q8IBL5,,missing_pdb,False
Q8IBL9,,missing_pdb,False
Q8IBM0,,missing_pdb,False
Q8IBN7,,missing_pdb,False
Q8IBP0,,missing_pdb,False
Q8IBP8,,missing_pdb,False
Q8IBQ3,,missing_pdb,False
Q8IBQ5,,missing_pdb,False
Q8IBQ9,,missing_pdb,False
Q8IBR8,,missing_pdb,False
Q8IBR9,,missing_pdb,False
Q8IBS1,,missing_pdb,False
Q8IBS2,,missing_pdb,False
Q8IBS3,,missing_pdb,False
Q8IBT9,,missing_pdb,False
Q8IBU0,,missing_pdb,False
Q8IBU8,,missing_pdb,False
Q8IBV5,,missing_pdb,False
Q8IBY3,,missing_pdb,False
Q8IBY8,,missing_pdb,False
Q8IBZ0,,missing_pdb,False
Q8IBZ5,,missing_pdb,False
Q8IC01,,missing_pdb,False
Q8IC11,,missing_pdb,False
Q8IC15,,missing_pdb,False
Q8IC26,,missing_pdb,False
Q8IC28,,missing_pdb,False
Q8IC35,,missing_pdb,False
Q8IC43,,missing_pdb,False
Q8IC44,,missing_pdb,False
Q8ID22,,missing_pdb,False
Q8ID30,,missing_pdb,False
Q8ID31,,missing_pdb,False
Q8ID39,,missing_pdb,False
Q8ID52,,missing_pdb,False
Q8ID66,,missing_pdb,False
Q8ID94,,missing_pdb,False
Q8IDD4,,missing_pdb,False
Q8IDE1,,missing_pdb,False
Q8IDE2,,missing_pdb,False
Q8IDE5,,missing_pdb,False
Q8IDE8,,missing_pdb,False
Q8IDF0,,missing_pdb,False
Q8IDG4,,missing_pdb,False
Q8IDG7,,missing_pdb,False
Q8IDH3,,missing_pdb,False
Q8IDH5,,missing_pdb,False
Q8IDK6,,missing_pdb,False
Q8IDL7,,missing_pdb,False
Q8IDM6,,missing_pdb,False
Q8IDQ2,,missing_pdb,False
Q8IDQ9,,missing_pdb,False
Q8IDR9,,missing_pdb,False
Q8IDS6,,missing_pdb,False
Q8IDT3,,missing_pdb,False
Q8IDX3,,missing_pdb,False
Q8IDX6,,missing_pdb,False
Q8IDX8,,missing_pdb,False
Q8IDX9,,missing_pdb,False
Q8IDY5,,missing_pdb,False
Q8IDZ1,,missing_pdb,False
Q8IDZ2,,missing_pdb,False
Q8IDZ9,,missing_pdb,False
Q8IE02,,missing_pdb,False
Q8IE10,,missing_pdb,False
Q8IE18,,missing_pdb,False
Q8IE43,,missing_pdb,False
Q8IE50,,missing_pdb,False
Q8IE65,,missing_pdb,False
Q8IE67,,missing_pdb,False
Q8IE74,,missing_pdb,False
Q8IE82,,missing_pdb,False
Q8IE83,,missing_pdb,False
Q8IE96,,missing_pdb,False
Q8IEA1,,missing_pdb,False
Q8IED2,,missing_pdb,False
Q8IED3,,missing_pdb,False
Q8IEE5,,missing_pdb,False
Q8IEE9,,missing_pdb,False
Q8IEH2,,missing_pdb,False
Q8IEI2,,missing_pdb,False
Q8IEJ0,,missing_pdb,False
Q8IEJ4,,missing_pdb,False
Q8IEJ5,,missing_pdb,False
Q8IEK1,,missing_pdb,False
Q8IEM0,,missing_pdb,False
Q8IEM3,,missing_pdb,False
Q8IEM5,,missing_pdb,False
Q8IEN3,,missing_pdb,False
Q8IEN7,,missing_pdb,False
Q8IEP7,,missing_pdb,False
Q8IEP9,,missing_pdb,False
Q8IEQ6,,missing_pdb,False
Q8IER0,,missing_pdb,False
Q8IER7,,missing_pdb,False
Q8IES1,,missing_pdb,False
Q8IES4,,missing_pdb,False
Q8IES7,,missing_pdb,False
Q8IET0,,missing_pdb,False
Q8IET1,,missing_pdb,False
Q8IET8,,missing_pdb,False
Q8IEU2,,missing_pdb,False
Q8IFM0,,missing_pdb,False
Q8IFN1,,missing_pdb,False
Q8IFP1,,missing_pdb,False
Q8IFP2,,missing_pdb,False
Q8IFP5,,missing_pdb,False
Q8IH24,,missing_pdb,False
Q8IHM0,,missing_pdb,False
Q8IHN4,,missing_pdb,False
Q8IHP4,,missing_pdb,False
Q8IHP7,,missing_pdb,False
Q8IHP8,,missing_pdb,False
Q8IHP9,,missing_pdb,False
Q8IHQ0,,missing_pdb,False
Q8IHR1,,missing_pdb,False
Q8IHR3,,missing_pdb,False
Q8IHR5,,missing_pdb,False
Q8IHS1,,missing_pdb,False
Q8IHS3,,missing_pdb,False
Q8IHT5,,missing_pdb,False
Q8IHT8,,missing_pdb,False
Q8IHU0,,missing_pdb,False
Q8IHU1,,missing_pdb,False
Q8IHU4,,missing_pdb,False
Q8IHU7,,missing_pdb,False
Q8IHV4,,missing_pdb,False
Q8IHV8,,missing_pdb,False
Q8IHV9,,missing_pdb,False
Q8IHW3,,missing_pdb,False
Q8IHX6,,missing_pdb,False
Q8IHX8,,missing_pdb,False
Q8IHY0,,missing_pdb,False
Q8IHY1,,missing_pdb,False
Q8IHY4,,missing_pdb,False
Q8IHY6,,missing_pdb,False
Q8IHZ1,,missing_pdb,False
Q8II01,,missing_pdb,False
Q8II04,,missing_pdb,False
Q8II11,,missing_pdb,False
Q8II16,,missing_pdb,False
Q8II17,,missing_pdb,False
Q8II18,,missing_pdb,False
Q8II26,,missing_pdb,False
Q8II27,,missing_pdb,False
Q8II28,,missing_pdb,False
Q8II32,,missing_pdb,False
Q8II42,,missing_pdb,False
Q8II44,,missing_pdb,False
Q8II57,,missing_pdb,False
Q8II67,,missing_pdb,False
Q8II69,,missing_pdb,False
Q8II72,,missing_pdb,False
Q8II81,,missing_pdb,False
Q8II84,,missing_pdb,False
Q8II85,,missing_pdb,False
Q8II93,,missing_pdb,False
Q8IIA6,,missing_pdb,False
Q8IIB0,,missing_pdb,False
Q8IIB5,,missing_pdb,False
Q8IIB6,,missing_pdb,False
Q8IIB7,,missing_pdb,False
Q8IIC0,,missing_pdb,False
Q8IIC5,,missing_pdb,False
Q8IIC7,,missing_pdb,False
Q8IIC8,,missing_pdb,False
Q8IID5,,missing_pdb,False
Q8IIE1,,missing_pdb,False
Q8IIF0,,missing_pdb,False
Q8IIF6,,missing_pdb,False
Q8IIG1,,missing_pdb,False
Q8IIG7,,missing_pdb,False
Q8IIH3,,missing_pdb,False
Q8IIH7,,missing_pdb,False
Q8III2,,missing_pdb,False
Q8III5,,missing_pdb,False
Q8III6,,missing_pdb,False
Q8IIJ4,,missing_pdb,False
Q8IIJ6,,missing_pdb,False
Q8IIL3,,missing_pdb,False
Q8IIP2,,missing_pdb,False
Q8IIQ7,,missing_pdb,False
Q8IIR3,,missing_pdb,False
Q8IIR7,,missing_pdb,False
Q8IIS2,,missing_pdb,False
Q8IIS4,,missing_pdb,False
Q8IIS5,,missing_pdb,False
Q8IIS6,,missing_pdb,False
Q8IIS9,,missing_pdb,False
Q8IIT1,,missing_pdb,False
Q8IIT6,,missing_pdb,False
Q8IIT8,,missing_pdb,False
Q8IIU5,,missing_pdb,False
Q8IIU7,,missing_pdb,False
Q8IIW0,,missing_pdb,False
Q8IIW4,,missing_pdb,False
Q8IIX0,,missing_pdb,False
Q8IIX6,,missing_pdb,False
Q8IJ28,,missing_pdb,False
Q8IJ31,,missing_pdb,False
Q8IJ52,,missing_pdb,False
Q8IJ53,,missing_pdb,False
Q8IJ55,,missing_pdb,False
Q8IJ56,,missing_pdb,False
Q8IJ60,,missing_pdb,False
Q8IJ74,,missing_pdb,False
Q8IJ75,,missing_pdb,False
Q8IJ76,,missing_pdb,False
Q8IJ77,,missing_pdb,False
Q8IJ79,,missing_pdb,False
Q8IJ80,,missing_pdb,False
Q8IJ85,,missing_pdb,False
Q8IJ86,,missing_pdb,False
Q8IJ89,,missing_pdb,False
Q8IJ92,,missing_pdb,False
Q8IJA0,,missing_pdb,False
Q8IJA2,,missing_pdb,False
Q8IJA4,,missing_pdb,False
Q8IJA6,,missing_pdb,False
Q8IJA9,,missing_pdb,False
Q8IJB1,,missing_pdb,False
Q8IJB4,,missing_pdb,False
Q8IJB7,,missing_pdb,False
Q8IJB9,,missing_pdb,False
Q8IJC0,,missing_pdb,False
Q8IJD0,,missing_pdb,False
Q8IJD2,,missing_pdb,False
Q8IJD6,,missing_pdb,False
Q8IJE6,,missing_pdb,False
Q8IJG1,,missing_pdb,False
Q8IJG4,,missing_pdb,False
Q8IJG6,,missing_pdb,False
Q8IJH4,,missing_pdb,False
Q8IJI3,,missing_pdb,False
Q8IJI4,,missing_pdb,False
Q8IJI6,,missing_pdb,False
Q8IJJ2,,missing_pdb,False
Q8IJK1,,missing_pdb,False
Q8IJK5,,missing_pdb,False
Q8IJL1,,missing_pdb,False
Q8IJL2,,missing_pdb,False
Q8IJM3,,missing_pdb,False
Q8IJN1,,missing_pdb,False
Q8IJN2,,missing_pdb,False
Q8IJP6,,missing_pdb,False
Q8IJP9,,missing_pdb,False
Q8IJQ0,,missing_pdb,False
Q8IJQ2,,missing_pdb,False
Q8IJQ6,,missing_pdb,False
Q8IJR3,,missing_pdb,False
Q8IJR4,,missing_pdb,False
Q8IJS7,,missing_pdb,False
Q8IJS8,,missing_pdb,False
Q8IJT8,,missing_pdb,False
Q8IJU7,,missing_pdb,False
Q8IJV7,,missing_pdb,False
Q8IJW2,,missing_pdb,False
Q8IJW4,,missing_pdb,False
Q8IJW6,,missing_pdb,False
Q8IJX4,,missing_pdb,False
Q8IJZ0,,missing_pdb,False
Q8IJZ3,,missing_pdb,False
Q8IJZ5,,missing_pdb,False
Q8IJZ9,,missing_pdb,False
Q8IK01,,missing_pdb,False
Q8IK03,,missing_pdb,False
Q8IK04,,missing_pdb,False
Q8IK07,,missing_pdb,False
Q8IK12,,missing_pdb,False
Q8IK15,,missing_pdb,False
Q8IK18,,missing_pdb,False
Q8IK20,,missing_pdb,False
Q8IK89,,missing_pdb,False
Q8IK93,,missing_pdb,False
Q8IK94,,missing_pdb,False
Q8IK96,,missing_pdb,False
Q8IKA0,,missing_pdb,False
Q8IKC5,,missing_pdb,False
Q8IKC7,,missing_pdb,False
Q8IKE1,,missing_pdb,False
Q8IKE4,,missing_pdb,False
Q8IKE9,,missing_pdb,False
Q8IKF6,,missing_pdb,False
Q8IKG6,,missing_pdb,False
Q8IKG8,,missing_pdb,False
Q8IKH3,,missing_pdb,False
Q8IKH4,,missing_pdb,False
Q8IKH9,,missing_pdb,False
Q8IKI9,,missing_pdb,False
Q8IKJ2,,missing_pdb,False
Q8IKL5,,missing_pdb,False
Q8IKL8,,missing_pdb,False
Q8IKM4,,missing_pdb,False
Q8IKM5,,missing_pdb,False
Q8IKM7,,missing_pdb,False
Q8IKQ2,,missing_pdb,False
Q8IKQ3,,missing_pdb,False
Q8IKQ4,,missing_pdb,False
Q8IKQ7,,missing_pdb,False
Q8IKR0,,missing_pdb,False
Q8IKR2,,missing_pdb,False
Q8IKR5,,missing_pdb,False
Q8IKS1,,missing_pdb,False
Q8IKT4,,missing_pdb,False
Q8IKU0,,missing_pdb,False
Q8IKU1,,missing_pdb,False
Q8IKU2,,missing_pdb,False
Q8IKU4,,missing_pdb,False
Q8IKU7,,missing_pdb,False
Q8IKV4,,missing_pdb,False
Q8IKV6,,missing_pdb,False
Q8IKW4,,missing_pdb,False
Q8IKW9,,missing_pdb,False
Q8IKX1,,missing_pdb,False
Q8IKX2,,missing_pdb,False
Q8IKX8,,missing_pdb,False
Q8IKY1,,missing_pdb,False
Q8IKY3,,missing_pdb,False
Q8IKY7,,missing_pdb,False
Q8IKY8,,missing_pdb,False
Q8IKZ0,,missing_pdb,False
Q8IKZ5,,missing_pdb,False
Q8IKZ6,,missing_pdb,False
Q8IKZ7,,missing_pdb,False
Q8IL00,,missing_pdb,False
Q8IL08,,missing_pdb,False
Q8IL16,,missing_pdb,False
Q8IL21,,missing_pdb,False
Q8IL30,,missing_pdb,False
Q8IL32,,missing_pdb,False
Q8IL44,,missing_pdb,False
Q8IL45,,missing_pdb,False
Q8IL46,,missing_pdb,False
Q8IL47,,missing_pdb,False
Q8IL48,,missing_pdb,False
Q8IL54,,missing_pdb,False
Q8IL56,,missing_pdb,False
Q8IL59,,missing_pdb,False
Q8IL67,,missing_pdb,False
Q8IL70,,missing_pdb,False
Q8IL74,,missing_pdb,False
Q8IL78,,missing_pdb,False
Q8ILA0,,missing_pdb,False
Q8ILA1,,missing_pdb,False
Q8ILA2,,missing_pdb,False
Q8ILA7,,missing_pdb,False
Q8ILA8,,missing_pdb,False
Q8ILA9,,missing_pdb,False
Q8ILB1,,missing_pdb,False
Q8ILB9,,missing_pdb,False
Q8ILC8,,missing_pdb,False
Q8ILC9,,missing_pdb,False
Q8ILD2,,missing_pdb,False
Q8ILD7,,missing_pdb,False
Q8ILE1,,missing_pdb,False
Q8ILE3,,missing_pdb,False
Q8ILE8,,missing_pdb,False
Q8ILF3,,missing_pdb,False
Q8ILG1,,missing_pdb,False
Q8ILG5,,missing_pdb,False
Q8ILG6,,missing_pdb,False
Q8ILH0,,missing_pdb,False
Q8ILI3,,missing_pdb,False
Q8ILI4,,missing_pdb,False
Q8ILI6,,missing_pdb,False
Q8ILJ6,,missing_pdb,False
Q8ILK2,,missing_pdb,False
Q8ILL4,,missing_pdb,False
Q8ILL5,,missing_pdb,False
Q8ILM2,,missing_pdb,False
Q8ILN8,,missing_pdb,False
Q8ILQ6,,missing_pdb,False
Q8ILQ9,,missing_pdb,False
Q8ILR0,,missing_pdb,False
Q8ILR4,,missing_pdb,False
Q8ILR5,,missing_pdb,False
Q8ILR8,,missing_pdb,False
Q8ILR9,,missing_pdb,False
Q8ILS4,,missing_pdb,False
Q8ILS5,,missing_pdb,False
Q8ILS9,,missing_pdb,False
Q8ILT4,,missing_pdb,False
Q8ILT5,,missing_pdb,False
Q8ILU2,,missing_pdb,False
Q8ILU3,,missing_pdb,False
Q8ILU6,,missing_pdb,False
Q8ILU8,,missing_pdb,False
Q8ILV4,,missing_pdb,False
Q8ILV8,,missing_pdb,False
Q8ILW1,,missing_pdb,False
Q8ILW2,,missing_pdb,False
Q8ILW7,,missing_pdb,False
Q8ILW8,,missing_pdb,False
Q8ILX0,,missing_pdb,False
Q8ILX7,,missing_pdb,False
Q8ILX8,,missing_pdb,False
Q8ILY8,,missing_pdb,False
Q8ILZ1,,missing_pdb,False
Q8ILZ5,,missing_pdb,False
Q8IM03,,missing_pdb,False
Q8IM09,,missing_pdb,False
Q8IM11,,missing_pdb,False
Q8IM16,,missing_pdb,False
Q8IM21,,missing_pdb,False
Q8IM22,,missing_pdb,False
Q8IM28,,missing_pdb,False
Q8IM29,,missing_pdb,False
Q8IM32,,missing_pdb,False
Q8IM38,,missing_pdb,False
Q8IM45,,missing_pdb,False
Q8IM62,,missing_pdb,False
Q8IM68,,missing_pdb,False
Q8IM76,,missing_pdb,False
Q8IMK5,,missing_pdb,False
Q8IN05,,missing_pdb,False
Q8INF6,,missing_pdb,False
Q8INJ6,,missing_pdb,False
Q8INK3,,missing_pdb,False
Q8INM3,,missing_pdb,False
Q8INR6,,missing_pdb,False
Q8INT6,,missing_pdb,False
Q8IPK0,,missing_pdb,False
Q8IPM0,,missing_pdb,False
Q8IPU3,,missing_pdb,False
Q8IQ71,,missing_pdb,False
Q8IQ94,,missing_pdb,False
Q8IQM3,,missing_pdb,False
Q8IQQ9,,missing_pdb,False
Q8IR54,,missing_pdb,False
Q8IRB5,,missing_pdb,False
Q8IRD3,,missing_pdb,False
Q8IRG6,,missing_pdb,False
Q8IRH0,,missing_pdb,False
Q8IRH4,,missing_pdb,False
Q8IRH7,,missing_pdb,False
Q8IRW8,,missing_pdb,False
Q8IU60,,missing_pdb,False
Q8IUF8-2,,missing_pdb,False
Q8IUH3,,missing_pdb,False
Q8IUH5,,missing_pdb,False
Q8IUI8,,missing_pdb,False
Q8IUQ4,,missing_pdb,False
Q8IUR7,,missing_pdb,False
Q8IUX7,,missing_pdb,False
Q8IUX8,,missing_pdb,False
Q8IV01,,missing_pdb,False
Q8IV08,,missing_pdb,False
Q8IV32,,missing_pdb,False
Q8IV33,,missing_pdb,False
Q8IV35-2,,missing_pdb,False
Q8IV38,/data/ranran/my_ptm/croton/data/structure_pipeline/pdb/Q8IV38.pdb,exact_sequence_match,True
Q8IV48,/data/ranran/my_ptm/croton/data/structure_pipeline/pdb/Q8IV48.pdb,exact_sequence_match,True
Q8IV50,,missing_pdb,False
Q8IV63,,missing_pdb,False
Q8IV76,,missing_pdb,False
Q8IVD9,,missing_pdb,False
Q8IVE3,,missing_pdb,False
Q8IVH4,,missing_pdb,False
Q8IVH8,,missing_pdb,False
Q8IVL1,,missing_pdb,False
Q8IVM0,/data/ranran/my_ptm/croton/data/structure_pipeline/pdb/Q8IVM0.pdb,exact_sequence_match,True
Q8IVS2,,missing_pdb,False
Q8IVT2,/data/ranran/my_ptm/croton/data/structure_pipeline/pdb/Q8IVT2.pdb,exact_sequence_match,True
Q8IVW6,,missing_pdb,False
Q8IW35-2,,missing_pdb,False
Q8IW93,,missing_pdb,False
Q8IWB6,,missing_pdb,False
Q8IWB7,/data/ranran/my_ptm/croton/data/structure_pipeline/pdb/Q8IWB7.pdb,exact_sequence_match,True
Q8IWB9,/data/ranran/my_ptm/croton/data/structure_pipeline/pdb/Q8IWB9.pdb,exact_sequence_match,True
Q8IWF2,,missing_pdb,False
Q8IWG1,,missing_pdb,False
Q8IWI9,,missing_pdb,False
Q8IWJ2,/data/ranran/my_ptm/croton/data/structure_pipeline/pdb/Q8IWJ2.pdb,exact_sequence_match,True
Q8IWL3,/data/ranran/my_ptm/croton/data/structure_pipeline/pdb/Q8IWL3.pdb,exact_sequence_match,True
Q8IWN7,,missing_pdb,False
Q8IWP9,,missing_pdb,False
Q8IWS0,/data/ranran/my_ptm/croton/data/structure_pipeline/pdb/Q8IWS0.pdb,exact_sequence_match,True
Q8IWT1,,missing_pdb,False
Q8IWU9,,missing_pdb,False
Q8IWV8,,missing_pdb,False
Q8IWY7,,missing_pdb,False
Q8IWY9,,missing_pdb,False
Q8IWZ4,,missing_pdb,False
Q8IWZ6,,missing_pdb,False
Q8IWZ8,,missing_pdb,False
Q8IX01,/data/ranran/my_ptm/croton/data/structure_pipeline/pdb/Q8IX01.pdb,exact_sequence_match,True
Q8IX12,/data/ranran/my_ptm/croton/data/structure_pipeline/pdb/Q8IX12.pdb,exact_sequence_match,True
Q8IX90,,missing_pdb,False
Q8IXA5,,missing_pdb,False
Q8IXB1,/data/ranran/my_ptm/croton/data/structure_pipeline/pdb/Q8IXB1.pdb,exact_sequence_match,True
Q8IXH7,/data/ranran/my_ptm/croton/data/structure_pipeline/pdb/Q8IXH7.pdb,exact_sequence_match,True
Q8IXH8,,missing_pdb,False
Q8IXJ9,,missing_pdb,False
Q8IXL6,,missing_pdb,False
Q8IXM2,,missing_pdb,False
Q8IXM3,/data/ranran/my_ptm/croton/data/structure_pipeline/pdb/Q8IXM3.pdb,exact_sequence_match,True
Q8IXM7,,missing_pdb,False
Q8IXQ3,,missing_pdb,False
Q8IXQ6,,missing_pdb,False
Q8IXS0,,missing_pdb,False
Q8IXT1,,missing_pdb,False
Q8IXT5,/data/ranran/my_ptm/croton/data/structure_pipeline/pdb/Q8IXT5.pdb,exact_sequence_match,True
Q8IXW0,,missing_pdb,False
Q8IXW5,,missing_pdb,False
Q8IY17,,missing_pdb,False
Q8IY21,,missing_pdb,False
Q8IY22,,missing_pdb,False
Q8IY85,,missing_pdb,False
Q8IY95,,missing_pdb,False
Q8IYA6,,missing_pdb,False
Q8IYA7,,missing_pdb,False
Q8IYB0,,missing_pdb,False
Q8IYB4,,missing_pdb,False
Q8IYB5,,missing_pdb,False
Q8IYB7,,missing_pdb,False
Q8IYB7-2,,missing_pdb,False
Q8IYB8,/data/ranran/my_ptm/croton/data/structure_pipeline/pdb/Q8IYB8.pdb,exact_sequence_match,True
Q8IYD8,,missing_pdb,False
Q8IYD9,,missing_pdb,False
Q8IYE0,/data/ranran/my_ptm/croton/data/structure_pipeline/pdb/Q8IYE0.pdb,exact_sequence_match,True
Q8IYE1,,missing_pdb,False
Q8IYH5-3,,missing_pdb,False
Q8IYI6,/data/ranran/my_ptm/croton/data/structure_pipeline/pdb/Q8IYI6.pdb,exact_sequence_match,True
Q8IYK2,,missing_pdb,False
Q8IYK4,,missing_pdb,False
Q8IYL3,,missing_pdb,False
Q8IYM1,,missing_pdb,False
Q8IYP9,,missing_pdb,False
Q8IYQ7,,missing_pdb,False
Q8IYR0,,missing_pdb,False
Q8IYR6,,missing_pdb,False
Q8IYS0,,missing_pdb,False
Q8IYS1,,missing_pdb,False
Q8IYT2,,missing_pdb,False
Q8IYU2,,missing_pdb,False
Q8IYU8,/data/ranran/my_ptm/croton/data/structure_pipeline/pdb/Q8IYU8.pdb,exact_sequence_match,True
Q8IYW5,,missing_pdb,False
Q8IYX8,,missing_pdb,False
Q8IZ21,/data/ranran/my_ptm/croton/data/structure_pipeline/pdb/Q8IZ21.pdb,exact_sequence_match,True
Q8IZ69,,missing_pdb,False
Q8IZ73,,missing_pdb,False
Q8IZ83-2,,missing_pdb,False
Q8IZ96,,missing_pdb,False
Q8IZ96-17,,missing_pdb,False
Q8IZ96-5,,missing_pdb,False
Q8IZA3,,missing_pdb,False
Q8IZC4,,missing_pdb,False
Q8IZC6,,missing_pdb,False
Q8IZD0,,missing_pdb,False
Q8IZH2,/data/ranran/my_ptm/croton/data/structure_pipeline/pdb/Q8IZH2.pdb,exact_sequence_match,True
Q8IZJ4,,missing_pdb,False
Q8IZL8,/data/ranran/my_ptm/croton/data/structure_pipeline/pdb/Q8IZL8.pdb,exact_sequence_match,True
Q8IZM8,,missing_pdb,False
Q8IZQ1,,missing_pdb,False
Q8IZS7,,missing_pdb,False
Q8IZT6,,missing_pdb,False
Q8IZU2,,missing_pdb,False
Q8IZU9,,missing_pdb,False
Q8IZV5,,missing_pdb,False
Q8JZV7,,missing_pdb,False
Q8JZX4,,missing_pdb,False
Q8K015,,missing_pdb,False
Q8K057,,missing_pdb,False
Q8K0T7,,missing_pdb,False
Q8K0X8,,missing_pdb,False
Q8K114,,missing_pdb,False
Q8K126,,missing_pdb,False
Q8K193,,missing_pdb,False
Q8K1G2,,missing_pdb,False
Q8K1Q4,,missing_pdb,False
Q8K1R3-2,,missing_pdb,False
Q8K1R7,,missing_pdb,False
Q8K2A7,,missing_pdb,False
Q8K2C7,,missing_pdb,False
Q8K2H6,,missing_pdb,False
Q8K2L8,,missing_pdb,False
Q8K2T1,,missing_pdb,False
Q8K2X2-2,,missing_pdb,False
Q8K368,,missing_pdb,False
Q8K382,,missing_pdb,False
Q8K394,,missing_pdb,False
Q8K396,,missing_pdb,False
Q8K3E7,,missing_pdb,False
Q8K3F7,,missing_pdb,False
Q8K3N2,,missing_pdb,False
Q8K3Y3,,missing_pdb,False
Q8K441,,missing_pdb,False
Q8K4B7,,missing_pdb,False
Q8K4D7,,missing_pdb,False
Q8K4G5,,missing_pdb,False
Q8K4G6,,missing_pdb,False
Q8K4Y5,,missing_pdb,False
Q8K5B2,,missing_pdb,False
Q8KX53,,missing_pdb,False
Q8KX59,,missing_pdb,False
Q8KX60,,missing_pdb,False
Q8L3W2,,missing_pdb,False
Q8L6H9,,missing_pdb,False
Q8LHN3,,missing_pdb,False
Q8LHR9,,missing_pdb,False
Q8LI30,,missing_pdb,False
Q8LI34,,missing_pdb,False
Q8LII9,,missing_pdb,False
Q8LIJ9,,missing_pdb,False
Q8LIX8,,missing_pdb,False
Q8LMD5,,missing_pdb,False
Q8LMW8,,missing_pdb,False
Q8LN96,,missing_pdb,False
Q8LNF2,,missing_pdb,False
Q8LQ41,,missing_pdb,False
Q8LQD2,,missing_pdb,False
Q8LR24,,missing_pdb,False
Q8LRH2,,missing_pdb,False
Q8MH63,,missing_pdb,False
Q8MJ17,,missing_pdb,False
Q8MKF3,,missing_pdb,False
Q8MKK4,,missing_pdb,False
Q8MLW2,,missing_pdb,False
Q8MMC4,,missing_pdb,False
Q8MRM6,,missing_pdb,False
Q8MSV2,,missing_pdb,False
Q8MT18,,missing_pdb,False
Q8N0S2,,missing_pdb,False
Q8N0T1,,missing_pdb,False
Q8N0U4,,missing_pdb,False
Q8N0U7,,missing_pdb,False
Q8N0W7,,missing_pdb,False
Q8N0X2,,missing_pdb,False
Q8N0Z3,,missing_pdb,False
Q8N0Z9,,missing_pdb,False
Q8N103,,missing_pdb,False
Q8N119,,missing_pdb,False
Q8N129,,missing_pdb,False
Q8N157,,missing_pdb,False
Q8N183,/data/ranran/my_ptm/croton/data/structure_pipeline/pdb/Q8N183.pdb,exact_sequence_match,True
Q8N1D5,,missing_pdb,False
Q8N1G1,,missing_pdb,False
Q8N1G4,/data/ranran/my_ptm/croton/data/structure_pipeline/pdb/Q8N1G4.pdb,exact_sequence_match,True
Q8N1H7,,missing_pdb,False
Q8N1M1,,missing_pdb,False
Q8N1N4,,missing_pdb,False
Q8N1W1,/data/ranran/my_ptm/croton/data/structure_pipeline/pdb/Q8N1W1.pdb,exact_sequence_match,True
Q8N1W2,,missing_pdb,False
Q8N228,,missing_pdb,False
Q8N264,,missing_pdb,False
Q8N2C3,,missing_pdb,False
Q8N2I2,,missing_pdb,False
Q8N2I9,,missing_pdb,False
Q8N2K1,,missing_pdb,False
Q8N2M8,/data/ranran/my_ptm/croton/data/structure_pipeline/pdb/Q8N2M8.pdb;/data/ranran/my_ptm/croton/data/structure_pipeline/pdb/AF-Q8N2M8-F1-model_v6.pdb,sequence_mismatch,False
Q8N2W9,,missing_pdb,False
Q8N2Z9,,missing_pdb,False
Q8N302,,missing_pdb,False
Q8N323,,missing_pdb,False
Q8N326,,missing_pdb,False
Q8N328,,missing_pdb,False
Q8N357,,missing_pdb,False
Q8N393,,missing_pdb,False
Q8N3A8,,missing_pdb,False
Q8N3C0,/data/ranran/my_ptm/croton/data/structure_pipeline/pdb/Q8N3C0.pdb,exact_sequence_match,True
Q8N3C0-4,,missing_pdb,False
Q8N3C7,,missing_pdb,False
Q8N3D4,/data/ranran/my_ptm/croton/data/structure_pipeline/pdb/Q8N3D4.pdb,exact_sequence_match,True
Q8N3E9,,missing_pdb,False
Q8N3J9,,missing_pdb,False
Q8N3K9,,missing_pdb,False
Q8N3P4,,missing_pdb,False
Q8N3R3,,missing_pdb,False
Q8N3S3,,missing_pdb,False
Q8N3U4-2,,missing_pdb,False
Q8N3X6,,missing_pdb,False
Q8N3Z6,,missing_pdb,False
Q8N412,,missing_pdb,False
Q8N427,,missing_pdb,False
Q8N441,,missing_pdb,False
Q8N442,,missing_pdb,False
Q8N461,,missing_pdb,False
Q8N488,,missing_pdb,False
Q8N4B1,,missing_pdb,False
Q8N4C6,,missing_pdb,False
Q8N4C7,,missing_pdb,False
Q8N4J0,,missing_pdb,False
Q8N4M7,,missing_pdb,False
Q8N4P3-2,,missing_pdb,False
Q8N4P6,,missing_pdb,False
Q8N4Q1,,missing_pdb,False
Q8N4S0,,missing_pdb,False
Q8N4X5,,missing_pdb,False
Q8N543,/data/ranran/my_ptm/croton/data/structure_pipeline/pdb/Q8N543.pdb,exact_sequence_match,True
Q8N567,,missing_pdb,False
Q8N584,,missing_pdb,False
Q8N594,,missing_pdb,False
Q8N5C6,,missing_pdb,False
Q8N5C7,,missing_pdb,False
Q8N5C8,,missing_pdb,False
Q8N5F7,,missing_pdb,False
Q8N5H7,,missing_pdb,False
Q8N5M1,,missing_pdb,False
Q8N5Q1,,missing_pdb,False
Q8N5U6,,missing_pdb,False
Q8N5W9,,missing_pdb,False
Q8N5X7,,missing_pdb,False
Q8N668,,missing_pdb,False
Q8N688,,missing_pdb,False
Q8N6G5,,missing_pdb,False
Q8N6K7,,missing_pdb,False
Q8N6N3,,missing_pdb,False
Q8N6Q8,,missing_pdb,False
Q8N6R0,/data/ranran/my_ptm/croton/data/structure_pipeline/pdb/Q8N6R0.pdb,exact_sequence_match,True
Q8N6T3-4,,missing_pdb,False
Q8N6T7,/data/ranran/my_ptm/croton/data/structure_pipeline/pdb/Q8N6T7.pdb,exact_sequence_match,True
Q8N6Y0,,missing_pdb,False
Q8N6Y2,,missing_pdb,False
Q8N720,,missing_pdb,False
Q8N766,,missing_pdb,False
Q8N7B1,,missing_pdb,False
Q8N7B6,,missing_pdb,False
Q8N7C3-2,,missing_pdb,False
Q8N7H5,/data/ranran/my_ptm/croton/data/structure_pipeline/pdb/Q8N7H5.pdb,exact_sequence_match,True
Q8N7J2,,missing_pdb,False
Q8N7M0,,missing_pdb,False
Q8N7Q3,,missing_pdb,False
Q8N7U6,,missing_pdb,False
Q8N7W2,,missing_pdb,False
Q8N7X0,,missing_pdb,False
Q8N7X4,,missing_pdb,False
Q8N7Z5,,missing_pdb,False
Q8N806,/data/ranran/my_ptm/croton/data/structure_pipeline/pdb/Q8N806.pdb,exact_sequence_match,True
Q8N865,,missing_pdb,False
Q8N884,/data/ranran/my_ptm/croton/data/structure_pipeline/pdb/Q8N884.pdb,exact_sequence_match,True
Q8N888,,missing_pdb,False
Q8N895,,missing_pdb,False
Q8N8A2-3,,missing_pdb,False
Q8N8A2-5,,missing_pdb,False
Q8N8A6,,missing_pdb,False
Q8N8C0,,missing_pdb,False
Q8N8E3,,missing_pdb,False
Q8N8I6,,missing_pdb,False
Q8N8J7,,missing_pdb,False
Q8N8R7,,missing_pdb,False
Q8N8S7,/data/ranran/my_ptm/croton/data/structure_pipeline/pdb/Q8N8S7.pdb,exact_sequence_match,True
Q8N8T8,,missing_pdb,False
Q8N8W4,,missing_pdb,False
Q8N954,,missing_pdb,False
Q8N954-2,,missing_pdb,False
Q8N9B8,,missing_pdb,False
Q8N9C0,,missing_pdb,False
Q8N9E0,,missing_pdb,False
Q8N9F7,,missing_pdb,False
Q8N9I9,,missing_pdb,False
Q8N9L1,,missing_pdb,False
Q8N9M1,,missing_pdb,False
Q8N9M5,,missing_pdb,False
Q8N9N2,,missing_pdb,False
Q8N9Q2,,missing_pdb,False
Q8N9T8,,missing_pdb,False
Q8N9W4,,missing_pdb,False
Q8N9W6,,missing_pdb,False
Q8N9W8,,missing_pdb,False
Q8N9Z5,,missing_pdb,False
Q8NA29,,missing_pdb,False
Q8NA47,/data/ranran/my_ptm/croton/data/structure_pipeline/pdb/Q8NA47.pdb,exact_sequence_match,True
Q8NA54,,missing_pdb,False
Q8NA56,,missing_pdb,False
Q8NA61,,missing_pdb,False
Q8NA69,,missing_pdb,False
Q8NA70,,missing_pdb,False
Q8NA72,/data/ranran/my_ptm/croton/data/structure_pipeline/pdb/Q8NA72.pdb,exact_sequence_match,True
Q8NA72-2,,missing_pdb,False
Q8NA82,,missing_pdb,False
Q8NAF0,,missing_pdb,False
Q8NAP3,,missing_pdb,False
Q8NAU1,,missing_pdb,False
Q8NAV1,/data/ranran/my_ptm/croton/data/structure_pipeline/pdb/Q8NAV1.pdb,exact_sequence_match,True
Q8NB14,,missing_pdb,False
Q8NB49,,missing_pdb,False
Q8NB78,,missing_pdb,False
Q8NB80,,missing_pdb,False
Q8NB90,,missing_pdb,False
Q8NB91,,missing_pdb,False
Q8NBA8,,missing_pdb,False
Q8NBF2,/data/ranran/my_ptm/croton/data/structure_pipeline/pdb/Q8NBF2.pdb,exact_sequence_match,True
Q8NBF6,,missing_pdb,False
Q8NBH2,,missing_pdb,False
Q8NBI3,,missing_pdb,False
Q8NBJ4,/data/ranran/my_ptm/croton/data/structure_pipeline/pdb/Q8NBJ4.pdb,exact_sequence_match,True
Q8NBJ7,,missing_pdb,False
Q8NBK3,,missing_pdb,False
Q8NBL1,,missing_pdb,False
Q8NBP0,,missing_pdb,False
Q8NBP5,,missing_pdb,False
Q8NBS9,/data/ranran/my_ptm/croton/data/structure_pipeline/pdb/Q8NBS9.pdb,exact_sequence_match,True
Q8NBT2,,missing_pdb,False
Q8NBU5-2,,missing_pdb,False
Q8NBZ7,,missing_pdb,False
Q8NC56,,missing_pdb,False
Q8NCA5,,missing_pdb,False
Q8NCC3,,missing_pdb,False
Q8NCD3,,missing_pdb,False
Q8NCE0,,missing_pdb,False
Q8NCE2,,missing_pdb,False
Q8NCF5,,missing_pdb,False
Q8NCM8,,missing_pdb,False
Q8NCN2,,missing_pdb,False
Q8NCN4,,missing_pdb,False
Q8NCQ7,,missing_pdb,False
Q8NCR6,,missing_pdb,False
Q8NCT3,,missing_pdb,False
Q8NCU8,,missing_pdb,False
Q8NCW5,,missing_pdb,False
Q8ND24,/data/ranran/my_ptm/croton/data/structure_pipeline/pdb/Q8ND24.pdb,exact_sequence_match,True
Q8ND24-2,,missing_pdb,False
Q8ND82,,missing_pdb,False
Q8NDD1-5,,missing_pdb,False
Q8NDF8,/data/ranran/my_ptm/croton/data/structure_pipeline/pdb/Q8NDF8.pdb,exact_sequence_match,True
Q8NDG6,,missing_pdb,False
Q8NDH2,,missing_pdb,False
Q8NDX1,,missing_pdb,False
Q8NDZ0,,missing_pdb,False
Q8NDZ2,,missing_pdb,False
Q8NE09,,missing_pdb,False
Q8NE18,,missing_pdb,False
Q8NE22,,missing_pdb,False
Q8NE28,,missing_pdb,False
Q8NE63,,missing_pdb,False
Q8NE71,/data/ranran/my_ptm/croton/data/structure_pipeline/pdb/Q8NE71.pdb,exact_sequence_match,True
Q8NE79,,missing_pdb,False
Q8NE86,/data/ranran/my_ptm/croton/data/structure_pipeline/pdb/Q8NE86.pdb,exact_sequence_match,True
Q8NEA5,,missing_pdb,False
Q8NEB7,,missing_pdb,False
Q8NEC5,,missing_pdb,False
Q8NEC7,,missing_pdb,False
Q8NEF3,,missing_pdb,False
Q8NEG2,,missing_pdb,False
Q8NEG5,,missing_pdb,False
Q8NEH6,,missing_pdb,False
Q8NEJ9,/data/ranran/my_ptm/croton/data/structure_pipeline/pdb/Q8NEJ9.pdb,exact_sequence_match,True
Q8NEL9,,missing_pdb,False
Q8NEM0,/data/ranran/my_ptm/croton/data/structure_pipeline/pdb/Q8NEM0.pdb,exact_sequence_match,True
Q8NEN9,/data/ranran/my_ptm/croton/data/structure_pipeline/pdb/Q8NEN9.pdb,exact_sequence_match,True
Q8NEP4,,missing_pdb,False
Q8NET8,,missing_pdb,False
Q8NEV4,,missing_pdb,False
Q8NEV8,,missing_pdb,False
Q8NEY1,,missing_pdb,False
Q8NEY4,,missing_pdb,False
Q8NEY8,/data/ranran/my_ptm/croton/data/structure_pipeline/pdb/Q8NEY8.pdb,exact_sequence_match,True
Q8NEY8-7,,missing_pdb,False
Q8NEZ2,,missing_pdb,False
Q8NEZ3,,missing_pdb,False
Q8NEZ5,/data/ranran/my_ptm/croton/data/structure_pipeline/pdb/Q8NEZ5.pdb,exact_sequence_match,True
Q8NEZ5-3,,missing_pdb,False
Q8NFC6,,missing_pdb,False
Q8NFD2,,missing_pdb,False
Q8NFD5-3,,missing_pdb,False
Q8NFD8,,missing_pdb,False
Q8NFF5,,missing_pdb,False
Q8NFH4,/data/ranran/my_ptm/croton/data/structure_pipeline/pdb/Q8NFH4.pdb,exact_sequence_match,True
Q8NFH5,,missing_pdb,False
Q8NFJ5,/data/ranran/my_ptm/croton/data/structure_pipeline/pdb/Q8NFJ5.pdb,exact_sequence_match,True
Q8NFP9,,missing_pdb,False
Q8NFQ8,/data/ranran/my_ptm/croton/data/structure_pipeline/pdb/Q8NFQ8.pdb,exact_sequence_match,True
Q8NFR7,,missing_pdb,False
Q8NFT6,,missing_pdb,False
Q8NFT6-2,,missing_pdb,False
Q8NFT6-4,,missing_pdb,False
Q8NFU3,,missing_pdb,False
Q8NFU5,,missing_pdb,False
Q8NFU7,,missing_pdb,False
Q8NFV4-2,,missing_pdb,False
Q8NFV4-5,,missing_pdb,False
Q8NFW1,,missing_pdb,False
Q8NFW5,,missing_pdb,False
Q8NFW8,/data/ranran/my_ptm/croton/data/structure_pipeline/pdb/Q8NFW8.pdb,exact_sequence_match,True
Q8NFX7,/data/ranran/my_ptm/croton/data/structure_pipeline/pdb/Q8NFX7.pdb,exact_sequence_match,True
Q8NFZ0,,missing_pdb,False
Q8NG31,/data/ranran/my_ptm/croton/data/structure_pipeline/pdb/Q8NG31.pdb,exact_sequence_match,True
Q8NG66,,missing_pdb,False
Q8NG68,,missing_pdb,False
Q8NG78,,missing_pdb,False
Q8NHM5,,missing_pdb,False
Q8NHP6,/data/ranran/my_ptm/croton/data/structure_pipeline/pdb/Q8NHP6.pdb,exact_sequence_match,True
Q8NHQ8,,missing_pdb,False
Q8NHQ9-2,,missing_pdb,False
Q8NHU6,/data/ranran/my_ptm/croton/data/structure_pipeline/pdb/Q8NHU6.pdb,exact_sequence_match,True
Q8NHV4,/data/ranran/my_ptm/croton/data/structure_pipeline/pdb/Q8NHV4.pdb,exact_sequence_match,True
Q8NHX9,,missing_pdb,False
Q8NHY0,,missing_pdb,False
Q8NI36,,missing_pdb,False
Q8NI77,,missing_pdb,False
Q8NKE2,,missing_pdb,False
Q8NL57,,missing_pdb,False
Q8NL58,,missing_pdb,False
Q8NL63,,missing_pdb,False
Q8NLD1,,missing_pdb,False
Q8NLD4,,missing_pdb,False
Q8NLD9,,missing_pdb,False
Q8NLE4,,missing_pdb,False
Q8NLF1,,missing_pdb,False
Q8NLG6,,missing_pdb,False
Q8NLJ3,,missing_pdb,False
Q8NLK1,,missing_pdb,False
Q8NLN1,,missing_pdb,False
Q8NLN4,,missing_pdb,False
Q8NLN6,,missing_pdb,False
Q8NLP7,,missing_pdb,False
Q8NLQ6,,missing_pdb,False
Q8NLS2,,missing_pdb,False
Q8NLS3,,missing_pdb,False
Q8NLW7,,missing_pdb,False
Q8NLX1,,missing_pdb,False
Q8NM10,,missing_pdb,False
Q8NM27,,missing_pdb,False
Q8NM57,,missing_pdb,False
Q8NM65,,missing_pdb,False
Q8NM69,,missing_pdb,False
Q8NMB7,,missing_pdb,False
Q8NMC7,,missing_pdb,False
Q8NMF1,,missing_pdb,False
Q8NMF7,,missing_pdb,False
Q8NMG5,,missing_pdb,False
Q8NMH4,,missing_pdb,False
Q8NMI7,,missing_pdb,False
Q8NMJ1,,missing_pdb,False
Q8NMJ2,,missing_pdb,False
Q8NMJ4,,missing_pdb,False
Q8NMJ8,,missing_pdb,False
Q8NMK2,,missing_pdb,False
Q8NMK6,,missing_pdb,False
Q8NMK9,,missing_pdb,False
Q8NML0,,missing_pdb,False
Q8NMN0,,missing_pdb,False
Q8NMN5,,missing_pdb,False
Q8NMP1,,missing_pdb,False
Q8NMP2,,missing_pdb,False
Q8NMS8,,missing_pdb,False
Q8NMV0,,missing_pdb,False
Q8NMV3,,missing_pdb,False
Q8NMW8,,missing_pdb,False
Q8NMX8,,missing_pdb,False
Q8NMY7,,missing_pdb,False
Q8NMZ0,,missing_pdb,False
Q8NMZ1,,missing_pdb,False
Q8NN20,,missing_pdb,False
Q8NN32,,missing_pdb,False
Q8NN35,,missing_pdb,False
Q8NN58,,missing_pdb,False
Q8NN78,,missing_pdb,False
Q8NN95,,missing_pdb,False
Q8NNA0,,missing_pdb,False
Q8NND1,,missing_pdb,False
Q8NNG4,,missing_pdb,False
Q8NNG5,,missing_pdb,False
Q8NNH1,,missing_pdb,False
Q8NNH2,,missing_pdb,False
Q8NNI4,,missing_pdb,False
Q8NNJ2,,missing_pdb,False
Q8NNK5,,missing_pdb,False
Q8NNK8,,missing_pdb,False
Q8NNL4,,missing_pdb,False
Q8NNL9,,missing_pdb,False
Q8NNM5,,missing_pdb,False
Q8NNN8,,missing_pdb,False
Q8NNQ9,,missing_pdb,False
Q8NNR1,,missing_pdb,False
Q8NNR8,,missing_pdb,False
Q8NNR9,,missing_pdb,False
Q8NNT0,,missing_pdb,False
Q8NNX3,,missing_pdb,False
Q8NNY8,,missing_pdb,False
Q8NP09,,missing_pdb,False
Q8NP30,,missing_pdb,False
Q8NP75,,missing_pdb,False
Q8NP80,,missing_pdb,False
Q8NP81,,missing_pdb,False
Q8NP83,,missing_pdb,False
Q8NP91,,missing_pdb,False
Q8NP92,,missing_pdb,False
Q8NPA4,,missing_pdb,False
Q8NPA5,,missing_pdb,False
Q8NPA9,,missing_pdb,False
Q8NPB5,,missing_pdb,False
Q8NPC5,,missing_pdb,False
Q8NPD2,,missing_pdb,False
Q8NPI2,,missing_pdb,False
Q8NPI9,,missing_pdb,False
Q8NPK7,,missing_pdb,False
Q8NPR5,,missing_pdb,False
Q8NPW9,,missing_pdb,False
Q8NPZ0,,missing_pdb,False
Q8NQ01,,missing_pdb,False
Q8NQ08,,missing_pdb,False
Q8NQ20,,missing_pdb,False
Q8NQ37,,missing_pdb,False
Q8NQ39,,missing_pdb,False
Q8NQ44,,missing_pdb,False
Q8NQ47,,missing_pdb,False
Q8NQ56,,missing_pdb,False
Q8NQ76,,missing_pdb,False
Q8NQ84,,missing_pdb,False
Q8NQ93,,missing_pdb,False
Q8NQ96,,missing_pdb,False
Q8NQA5,,missing_pdb,False
Q8NQC5,,missing_pdb,False
Q8NQD7,,missing_pdb,False
Q8NQD9,,missing_pdb,False
Q8NQE6,,missing_pdb,False
Q8NQE8,,missing_pdb,False
Q8NQF2,,missing_pdb,False
Q8NQF7,,missing_pdb,False
Q8NQG7,,missing_pdb,False
Q8NQJ6,,missing_pdb,False
Q8NQK6,,missing_pdb,False
Q8NQL1,,missing_pdb,False
Q8NQM7,,missing_pdb,False
Q8NQQ2,,missing_pdb,False
Q8NQT2,,missing_pdb,False
Q8NQY1,,missing_pdb,False
Q8NQY4,,missing_pdb,False
Q8NQZ1,,missing_pdb,False
Q8NR14,,missing_pdb,False
Q8NR18,,missing_pdb,False
Q8NR21,,missing_pdb,False
Q8NR47,,missing_pdb,False
Q8NR51,,missing_pdb,False
Q8NR58,,missing_pdb,False
Q8NR68,,missing_pdb,False
Q8NR69,,missing_pdb,False
Q8NR83,,missing_pdb,False
Q8NR88,,missing_pdb,False
Q8NR96,,missing_pdb,False
Q8NRB8,,missing_pdb,False
Q8NRC0,,missing_pdb,False
Q8NRD6,,missing_pdb,False
Q8NRD7,,missing_pdb,False
Q8NRF3,,missing_pdb,False
Q8NRH7,,missing_pdb,False
Q8NRH9,,missing_pdb,False
Q8NRI0,,missing_pdb,False
Q8NRP7,,missing_pdb,False
Q8NRP9,,missing_pdb,False
Q8NRQ4,,missing_pdb,False
Q8NRR9,,missing_pdb,False
Q8NRS6,,missing_pdb,False
Q8NRT2,,missing_pdb,False
Q8NRU8,,missing_pdb,False
Q8NRV1,,missing_pdb,False
Q8NRW2,,missing_pdb,False
Q8NRX4,,missing_pdb,False
Q8NRX5,,missing_pdb,False
Q8NRX7,,missing_pdb,False
Q8NRZ7,,missing_pdb,False
Q8NS09,,missing_pdb,False
Q8NS12,,missing_pdb,False
Q8NS37,,missing_pdb,False
Q8NS41,,missing_pdb,False
Q8NS64,,missing_pdb,False
Q8NS97,,missing_pdb,False
Q8NSB2,,missing_pdb,False
Q8NSB5,,missing_pdb,False
Q8NSD4,,missing_pdb,False
Q8NSD8,,missing_pdb,False
Q8NSE4,,missing_pdb,False
Q8NSE5,,missing_pdb,False
Q8NSF7,,missing_pdb,False
Q8NSH2,,missing_pdb,False
Q8NSH4,,missing_pdb,False
Q8NSH8,,missing_pdb,False
Q8NSI0,,missing_pdb,False
Q8NSI4,,missing_pdb,False
Q8NSP9,,missing_pdb,False
Q8NSR8,,missing_pdb,False
Q8NST5,,missing_pdb,False
Q8NSU4,,missing_pdb,False
Q8NSV0,,missing_pdb,False
Q8NSV5,,missing_pdb,False
Q8NSX3,,missing_pdb,False
Q8NSY0,,missing_pdb,False
Q8NSZ1,,missing_pdb,False
Q8NSZ2,,missing_pdb,False
Q8NSZ7,,missing_pdb,False
Q8NT09,,missing_pdb,False
Q8NT45,,missing_pdb,False
Q8NT46,,missing_pdb,False
Q8NTB1,,missing_pdb,False
Q8NTD0,,missing_pdb,False
Q8NTD4,,missing_pdb,False
Q8NTD5,,missing_pdb,False
Q8NTE4,,missing_pdb,False
Q8NTF5,,missing_pdb,False
Q8NTG0,,missing_pdb,False
Q8NTG3,,missing_pdb,False
Q8NTH2,,missing_pdb,False
Q8NTH3,,missing_pdb,False
Q8NTI6,,missing_pdb,False
Q8NTJ8,,missing_pdb,False
Q8NTK9,,missing_pdb,False
Q8NTN0,,missing_pdb,False
Q8NTQ5,,missing_pdb,False
Q8NTS0,,missing_pdb,False
Q8NTS3,,missing_pdb,False
Q8NTS5,,missing_pdb,False
Q8NTS6,,missing_pdb,False
Q8NTU3,,missing_pdb,False
Q8NTV3,,missing_pdb,False
Q8NTV9,,missing_pdb,False
Q8NTW6,,missing_pdb,False
Q8NTW9,,missing_pdb,False
Q8NTZ1,,missing_pdb,False
Q8NTZ8,,missing_pdb,False
Q8NU04,,missing_pdb,False
Q8NU48,,missing_pdb,False
Q8NU78,,missing_pdb,False
Q8NUA6,,missing_pdb,False
Q8NUB3,,missing_pdb,False
Q8QZR4,,missing_pdb,False
Q8QZR7,,missing_pdb,False
Q8QZX5,,missing_pdb,False
Q8R043,,missing_pdb,False
Q8R080,,missing_pdb,False
Q8R090,,missing_pdb,False
Q8R092,,missing_pdb,False
Q8R0F6,,missing_pdb,False
Q8R0I0,,missing_pdb,False
Q8R0K4,,missing_pdb,False
Q8R0S2,,missing_pdb,False
Q8R0U9,,missing_pdb,False
Q8R0Z6,,missing_pdb,False
Q8R149,,missing_pdb,False
Q8R1F1,,missing_pdb,False
Q8R1Q8,,missing_pdb,False
Q8R1R3,,missing_pdb,False
Q8R1T4,,missing_pdb,False
Q8R1W2,,missing_pdb,False
Q8R1X0,,missing_pdb,False
Q8R1Z4,,missing_pdb,False
Q8R242,,missing_pdb,False
Q8R2B8,,missing_pdb,False
Q8R2C2,,missing_pdb,False
Q8R2K1,,missing_pdb,False
Q8R2M0,,missing_pdb,False
Q8R2M2,,missing_pdb,False
Q8R2N2,,missing_pdb,False
Q8R310,,missing_pdb,False
Q8R326,,missing_pdb,False
Q8R368,,missing_pdb,False
Q8R3C0,,missing_pdb,False
Q8R3C1,,missing_pdb,False
Q8R3P7,,missing_pdb,False
Q8R3R5,,missing_pdb,False
Q8R3S6,,missing_pdb,False
Q8R3V6,,missing_pdb,False
Q8R404,,missing_pdb,False
Q8R420,,missing_pdb,False
Q8R480,,missing_pdb,False
Q8R490,,missing_pdb,False
Q8R4H7,,missing_pdb,False
Q8R4K8,,missing_pdb,False
Q8R4U0,,missing_pdb,False
Q8R550,,missing_pdb,False
Q8R570,,missing_pdb,False
Q8R5D8,,missing_pdb,False
Q8R5M5,,missing_pdb,False
Q8RQE8,,missing_pdb,False
Q8RSW4,,missing_pdb,False
Q8RU25,,missing_pdb,False
Q8RU51,,missing_pdb,False
Q8RZQ8,,missing_pdb,False
Q8S091,,missing_pdb,False
Q8S1S0,,missing_pdb,False
Q8S1Y0,,missing_pdb,False
Q8S2G5,,missing_pdb,False
Q8S3P2,,missing_pdb,False
Q8S670,,missing_pdb,False
Q8S6Z1,,missing_pdb,False
Q8S7H8,,missing_pdb,False
Q8S7J1,,missing_pdb,False
Q8S7X3,,missing_pdb,False
Q8SAY0,,missing_pdb,False
Q8SAZ7,,missing_pdb,False
Q8SB12,,missing_pdb,False
Q8SWR8,,missing_pdb,False
Q8SX89,,missing_pdb,False
Q8SXQ1,,missing_pdb,False
Q8SXQ5,,missing_pdb,False
Q8SY69,,missing_pdb,False
Q8SYQ8,,missing_pdb,False
Q8SZU4,,missing_pdb,False
Q8T051,,missing_pdb,False
Q8T076,,missing_pdb,False
Q8T0D3,,missing_pdb,False
Q8T0J3,,missing_pdb,False
Q8T0L3,,missing_pdb,False
Q8T3H9,,missing_pdb,False
Q8T3L6,,missing_pdb,False
Q8TA86,,missing_pdb,False
Q8TAA5,,missing_pdb,False
Q8TAA9,/data/ranran/my_ptm/croton/data/structure_pipeline/pdb/Q8TAA9.pdb,exact_sequence_match,True
Q8TAB3,,missing_pdb,False
Q8TAC1,,missing_pdb,False
Q8TAD4,/data/ranran/my_ptm/croton/data/structure_pipeline/pdb/Q8TAD4.pdb,exact_sequence_match,True
Q8TAD8,,missing_pdb,False
Q8TAE6,,missing_pdb,False
Q8TAF3-2,,missing_pdb,False
Q8TAF3-5,,missing_pdb,False
Q8TAG6,,missing_pdb,False
Q8TAK5,,missing_pdb,False
Q8TAL5,,missing_pdb,False
Q8TAM1,,missing_pdb,False
Q8TAM2,,missing_pdb,False
Q8TAM6,,missing_pdb,False
Q8TAP6,,missing_pdb,False
Q8TAP9,,missing_pdb,False
Q8TAQ2,/data/ranran/my_ptm/croton/data/structure_pipeline/pdb/Q8TAQ2.pdb,exact_sequence_match,True
Q8TAT5,,missing_pdb,False
Q8TAX0,,missing_pdb,False
Q8TB03,,missing_pdb,False
Q8TB22-2,,missing_pdb,False
Q8TB52,,missing_pdb,False
Q8TB61,,missing_pdb,False
Q8TB92,,missing_pdb,False
Q8TBA6,/data/ranran/my_ptm/croton/data/structure_pipeline/pdb/Q8TBA6.pdb,exact_sequence_match,True
Q8TBB0,,missing_pdb,False
Q8TBB5,,missing_pdb,False
Q8TBC4,,missing_pdb,False
Q8TBE7,,missing_pdb,False
Q8TBE9,,missing_pdb,False
Q8TBF4,/data/ranran/my_ptm/croton/data/structure_pipeline/pdb/Q8TBF4.pdb,exact_sequence_match,True
Q8TBF8,,missing_pdb,False
Q8TBM3,,missing_pdb,False
Q8TBY0,,missing_pdb,False
Q8TBY8,,missing_pdb,False
Q8TBY9,,missing_pdb,False
Q8TBZ2,,missing_pdb,False
Q8TBZ6,,missing_pdb,False
Q8TC07,/data/ranran/my_ptm/croton/data/structure_pipeline/pdb/Q8TC07.pdb,exact_sequence_match,True
Q8TC12-3,,missing_pdb,False
Q8TC27,,missing_pdb,False
Q8TC29,,missing_pdb,False
Q8TC71,,missing_pdb,False
Q8TC76,,missing_pdb,False
Q8TC84,,missing_pdb,False
Q8TCB7,,missing_pdb,False
Q8TCC3,,missing_pdb,False
Q8TCI5,,missing_pdb,False
Q8TCJ2,/data/ranran/my_ptm/croton/data/structure_pipeline/pdb/Q8TCJ2.pdb,exact_sequence_match,True
Q8TCN5,,missing_pdb,False
Q8TCT9,/data/ranran/my_ptm/croton/data/structure_pipeline/pdb/Q8TCT9.pdb,exact_sequence_match,True
Q8TCU4,,missing_pdb,False
Q8TCU6,,missing_pdb,False
Q8TCZ2-5,,missing_pdb,False
Q8TD26,,missing_pdb,False
Q8TD55,,missing_pdb,False
Q8TDD2,,missing_pdb,False
Q8TDD5,,missing_pdb,False
Q8TDG4,,missing_pdb,False
Q8TDH9,,missing_pdb,False
Q8TDM6,/data/ranran/my_ptm/croton/data/structure_pipeline/pdb/Q8TDM6.pdb,exact_sequence_match,True
Q8TDN6,/data/ranran/my_ptm/croton/data/structure_pipeline/pdb/Q8TDN6.pdb,exact_sequence_match,True
Q8TDQ0,,missing_pdb,False
Q8TDQ1,,missing_pdb,False
Q8TDR0,,missing_pdb,False
Q8TDX7,,missing_pdb,False
Q8TDX9,,missing_pdb,False
Q8TDY2,,missing_pdb,False
Q8TDY4,,missing_pdb,False
Q8TE49,,missing_pdb,False
Q8TE60,,missing_pdb,False
Q8TE77,,missing_pdb,False
Q8TE77-5,,missing_pdb,False
Q8TE85,,missing_pdb,False
Q8TED1,/data/ranran/my_ptm/croton/data/structure_pipeline/pdb/Q8TED1.pdb,exact_sequence_match,True
Q8TEL6,,missing_pdb,False
Q8TEQ6,/data/ranran/my_ptm/croton/data/structure_pipeline/pdb/Q8TEQ6.pdb,exact_sequence_match,True
Q8TEW0,,missing_pdb,False
Q8TEW0-8,,missing_pdb,False
Q8TEX9-2,,missing_pdb,False
Q8TEY5,,missing_pdb,False
Q8TEY7,/data/ranran/my_ptm/croton/data/structure_pipeline/pdb/Q8TEY7.pdb,exact_sequence_match,True
Q8TF05,/data/ranran/my_ptm/croton/data/structure_pipeline/pdb/Q8TF05.pdb,exact_sequence_match,True
Q8TF17,,missing_pdb,False
Q8TF40,,missing_pdb,False
Q8TF46,/data/ranran/my_ptm/croton/data/structure_pipeline/pdb/Q8TF46.pdb,exact_sequence_match,True
Q8TF50,,missing_pdb,False
Q8TF68,,missing_pdb,False
Q8TF72,,missing_pdb,False
Q8TF76,,missing_pdb,False
Q8TFZ1,,missing_pdb,False
Q8TG24,,missing_pdb,False
Q8VBU8,,missing_pdb,False
Q8VBW8,,missing_pdb,False
Q8VBX4,,missing_pdb,False
Q8VC19,,missing_pdb,False
Q8VC56,,missing_pdb,False
Q8VC66,,missing_pdb,False
Q8VCA8,,missing_pdb,False
Q8VCG1,,missing_pdb,False
Q8VCM2,,missing_pdb,False
Q8VCM4,,missing_pdb,False
Q8VCR8,,missing_pdb,False
Q8VCT9,,missing_pdb,False
Q8VCZ8,,missing_pdb,False
Q8VD62,,missing_pdb,False
Q8VD65,,missing_pdb,False
Q8VDB2,,missing_pdb,False
Q8VDD8,,missing_pdb,False
Q8VDG5-2,,missing_pdb,False
Q8VDN4,,missing_pdb,False
Q8VDP2,,missing_pdb,False
Q8VDP3,,missing_pdb,False
Q8VDQ1,,missing_pdb,False
Q8VDV3,,missing_pdb,False
Q8VDV8,,missing_pdb,False
Q8VDW7,,missing_pdb,False
Q8VE28,,missing_pdb,False
Q8VE70,,missing_pdb,False
Q8VE95,,missing_pdb,False
Q8VEE1,,missing_pdb,False
Q8VGC3,,missing_pdb,False
Q8VHH5,,missing_pdb,False
Q8VHI3,,missing_pdb,False
Q8VHL1,,missing_pdb,False
Q8VHL8,,missing_pdb,False
Q8VHT6,,missing_pdb,False
Q8VI04,,missing_pdb,False
Q8VI66,,missing_pdb,False
Q8VID6,,missing_pdb,False
Q8VID6-2,,missing_pdb,False
Q8VIG0,,missing_pdb,False
Q8VIG6,,missing_pdb,False
Q8VIL3,,missing_pdb,False
Q8VIM6,,missing_pdb,False
Q8VWM9,,missing_pdb,False
Q8VX00,,missing_pdb,False
Q8VYP0,,missing_pdb,False
Q8VZC3,,missing_pdb,False
Q8VZI9,,missing_pdb,False
Q8W2X4,,missing_pdb,False
Q8W378,,missing_pdb,False
Q8W3C6,,missing_pdb,False
Q8W3D2,,missing_pdb,False
Q8WTT2,/data/ranran/my_ptm/croton/data/structure_pipeline/pdb/Q8WTT2.pdb,exact_sequence_match,True
Q8WTV0,,missing_pdb,False
Q8WU10,/data/ranran/my_ptm/croton/data/structure_pipeline/pdb/Q8WU10.pdb,exact_sequence_match,True
Q8WU39,,missing_pdb,False
Q8WU58,,missing_pdb,False
Q8WU76,,missing_pdb,False
Q8WUA4,,missing_pdb,False
Q8WUB2,,missing_pdb,False
Q8WUB8,,missing_pdb,False
Q8WUF8,,missing_pdb,False
Q8WUH2,,missing_pdb,False
Q8WUH6,,missing_pdb,False
Q8WUJ0,,missing_pdb,False
Q8WUK0,,missing_pdb,False
Q8WUM0,/data/ranran/my_ptm/croton/data/structure_pipeline/pdb/Q8WUM0.pdb,exact_sequence_match,True
Q8WUM4-2,,missing_pdb,False
Q8WUM4-3,,missing_pdb,False
Q8WUN7,,missing_pdb,False
Q8WUR7,,missing_pdb,False
Q8WUT9,,missing_pdb,False
Q8WUU4,,missing_pdb,False
Q8WUU5,,missing_pdb,False
Q8WUW1,,missing_pdb,False
Q8WUX9,,missing_pdb,False
Q8WV07,,missing_pdb,False
Q8WV16,,missing_pdb,False
Q8WV22,/data/ranran/my_ptm/croton/data/structure_pipeline/pdb/Q8WV22.pdb,exact_sequence_match,True
Q8WV24,,missing_pdb,False
Q8WVB6,,missing_pdb,False
Q8WVD3,,missing_pdb,False
Q8WVF1,,missing_pdb,False
Q8WVJ2,/data/ranran/my_ptm/croton/data/structure_pipeline/pdb/Q8WVJ2.pdb,exact_sequence_match,True
Q8WVK7,,missing_pdb,False
Q8WVM0,/data/ranran/my_ptm/croton/data/structure_pipeline/pdb/Q8WVM0.pdb,exact_sequence_match,True
Q8WVV5,,missing_pdb,False
Q8WW12-3,,missing_pdb,False
Q8WW14,,missing_pdb,False
Q8WW33,,missing_pdb,False
Q8WW35,,missing_pdb,False
Q8WW38,,missing_pdb,False
Q8WWH4,,missing_pdb,False
Q8WWH5,,missing_pdb,False
Q8WWI5,,missing_pdb,False
Q8WWK9,,missing_pdb,False
Q8WWT9,,missing_pdb,False
Q8WWU7,,missing_pdb,False
Q8WWW0,,missing_pdb,False
Q8WX68,,missing_pdb,False
Q8WX92-2,,missing_pdb,False
Q8WXA9-2,,missing_pdb,False
Q8WXB1,,missing_pdb,False
Q8WXD2,,missing_pdb,False
Q8WXD5,/data/ranran/my_ptm/croton/data/structure_pipeline/pdb/Q8WXD5.pdb,exact_sequence_match,True
Q8WXE1,/data/ranran/my_ptm/croton/data/structure_pipeline/pdb/Q8WXE1.pdb,exact_sequence_match,True
Q8WXE9,,missing_pdb,False
Q8WXG6,,missing_pdb,False
Q8WXG9,,missing_pdb,False
Q8WXH0-2,,missing_pdb,False
Q8WXH5,,missing_pdb,False
Q8WXI3,,missing_pdb,False
Q8WXI4,,missing_pdb,False
Q8WXI7,,missing_pdb,False
Q8WXQ4,,missing_pdb,False
Q8WXS8,,missing_pdb,False
Q8WXX5,/data/ranran/my_ptm/croton/data/structure_pipeline/pdb/Q8WXX5.pdb,exact_sequence_match,True
Q8WXX7,,missing_pdb,False
Q8WY22,/data/ranran/my_ptm/croton/data/structure_pipeline/pdb/Q8WY22.pdb,exact_sequence_match,True
Q8WY36,,missing_pdb,False
Q8WY91,,missing_pdb,False
Q8WYA0,,missing_pdb,False
Q8WYA0-3,,missing_pdb,False
Q8WYA1,,missing_pdb,False
Q8WYB5,,missing_pdb,False
Q8WYL5,,missing_pdb,False
Q8WYN3,,missing_pdb,False
Q8WYQ3,,missing_pdb,False
Q8WYQ5,,missing_pdb,False
Q8WYR1,,missing_pdb,False
Q8WYR4,,missing_pdb,False
Q8WZ42-12,,missing_pdb,False
Q8WZ42-9,,missing_pdb,False
Q8WZ60,,missing_pdb,False
Q8WZ64,,missing_pdb,False
Q8WZ73,,missing_pdb,False
Q8WZ74,,missing_pdb,False
Q8WZA1,,missing_pdb,False
Q8WZA2,,missing_pdb,False
Q8WZA9,,missing_pdb,False
Q8WZB0,,missing_pdb,False
Q8WZM0,,missing_pdb,False
Q8X226,,missing_pdb,False
Q8Y125,,missing_pdb,False
Q8ZLZ9,,missing_pdb,False
Q8ZN39,,missing_pdb,False
Q8ZN80,,missing_pdb,False
Q8ZNT5,,missing_pdb,False
Q8ZPU1,,missing_pdb,False
Q8ZPW3,,missing_pdb,False
Q8ZQD2,,missing_pdb,False
Q8ZRN5,,missing_pdb,False
Q8ZS14,,missing_pdb,False
Q91V93,,missing_pdb,False
Q91VA6,,missing_pdb,False
Q91VE6,,missing_pdb,False
Q91VM9-2,,missing_pdb,False
Q91VN0,,missing_pdb,False
Q91VS8,,missing_pdb,False
Q91WE6,,missing_pdb,False
Q91WF7,,missing_pdb,False
Q91WG4,,missing_pdb,False
Q91WJ7,,missing_pdb,False
Q91WU4,,missing_pdb,False
Q91X86,,missing_pdb,False
Q91XA8,,missing_pdb,False
Q91XL9,,missing_pdb,False
Q91XQ0,,missing_pdb,False
Q91XU1,,missing_pdb,False
Q91YE6,,missing_pdb,False
Q91YJ3,,missing_pdb,False
Q91YN0,,missing_pdb,False
Q91YN1,,missing_pdb,False
Q91YP0,,missing_pdb,False
Q91YX0,,missing_pdb,False
Q91ZQ1,,missing_pdb,False
Q91ZU0,,missing_pdb,False
Q91ZV8,,missing_pdb,False
Q91ZY6,,missing_pdb,False
Q91ZY8,,missing_pdb,False
Q920A5,,missing_pdb,False
Q920N2,,missing_pdb,False
Q921C1,,missing_pdb,False
Q921E6-2,,missing_pdb,False
Q921R4,,missing_pdb,False
Q921T2,,missing_pdb,False
Q921U8,,missing_pdb,False
Q92325,,missing_pdb,False
Q92331,,missing_pdb,False
Q923S6,,missing_pdb,False
Q923T9,,missing_pdb,False
Q923Z4,,missing_pdb,False
Q92485,,missing_pdb,False
Q924A2,,missing_pdb,False
Q924C1,,missing_pdb,False
Q924H2,,missing_pdb,False
Q924L1-2,,missing_pdb,False
Q924L1-3,,missing_pdb,False
Q924N4,,missing_pdb,False
Q924W6,,missing_pdb,False
Q92504,/data/ranran/my_ptm/croton/data/structure_pipeline/pdb/Q92504.pdb,exact_sequence_match,True
Q92520,,missing_pdb,False
Q92522,/data/ranran/my_ptm/croton/data/structure_pipeline/pdb/Q92522.pdb,exact_sequence_match,True
Q92530,/data/ranran/my_ptm/croton/data/structure_pipeline/pdb/Q92530.pdb,exact_sequence_match,True
Q92535,/data/ranran/my_ptm/croton/data/structure_pipeline/pdb/Q92535.pdb,exact_sequence_match,True
Q92536,,missing_pdb,False
Q92537,,missing_pdb,False
Q92540,,missing_pdb,False
Q92542,/data/ranran/my_ptm/croton/data/structure_pipeline/pdb/Q92542.pdb,exact_sequence_match,True
Q92543,,missing_pdb,False
Q92545,,missing_pdb,False
Q92547,/data/ranran/my_ptm/croton/data/structure_pipeline/pdb/Q92547.pdb,exact_sequence_match,True
Q92558,,missing_pdb,False
Q92560,,missing_pdb,False
Q92569,,missing_pdb,False
Q92572,,missing_pdb,False
Q92574,/data/ranran/my_ptm/croton/data/structure_pipeline/pdb/Q92574.pdb,exact_sequence_match,True
Q92575,/data/ranran/my_ptm/croton/data/structure_pipeline/pdb/Q92575.pdb,exact_sequence_match,True
Q92576,/data/ranran/my_ptm/croton/data/structure_pipeline/pdb/Q92576.pdb,exact_sequence_match,True
Q92598-4,,missing_pdb,False
Q925A6,,missing_pdb,False
Q925B5,,missing_pdb,False
Q925E0,,missing_pdb,False
Q925F0,,missing_pdb,False
Q925S4,,missing_pdb,False
Q92608,,missing_pdb,False
Q92614,/data/ranran/my_ptm/croton/data/structure_pipeline/pdb/Q92614.pdb,exact_sequence_match,True
Q92615,,missing_pdb,False
Q92617,,missing_pdb,False
Q92618,,missing_pdb,False
Q92619-2,,missing_pdb,False
Q92621,/data/ranran/my_ptm/croton/data/structure_pipeline/pdb/Q92621.pdb,exact_sequence_match,True
Q92625,,missing_pdb,False
Q92628,,missing_pdb,False
Q92636,,missing_pdb,False
Q92637,,missing_pdb,False
Q92643,/data/ranran/my_ptm/croton/data/structure_pipeline/pdb/Q92643.pdb,exact_sequence_match,True
Q92664,,missing_pdb,False
Q92665,/data/ranran/my_ptm/croton/data/structure_pipeline/pdb/Q92665.pdb,exact_sequence_match,True
Q92667,/data/ranran/my_ptm/croton/data/structure_pipeline/pdb/Q92667.pdb,exact_sequence_match,True
Q92688-2,,missing_pdb,False
Q92696,,missing_pdb,False
Q92698,,missing_pdb,False
Q92733,/data/ranran/my_ptm/croton/data/structure_pipeline/pdb/Q92733.pdb,exact_sequence_match,True
Q92734,/data/ranran/my_ptm/croton/data/structure_pipeline/pdb/Q92734.pdb,exact_sequence_match,True
Q92738,,missing_pdb,False
Q92750,,missing_pdb,False
Q92754,,missing_pdb,False
Q92786,,missing_pdb,False
Q92796-2,,missing_pdb,False
Q92796-3,,missing_pdb,False
Q92802,,missing_pdb,False
Q92805,/data/ranran/my_ptm/croton/data/structure_pipeline/pdb/Q92805.pdb,exact_sequence_match,True
Q92817,/data/ranran/my_ptm/croton/data/structure_pipeline/pdb/Q92817.pdb,exact_sequence_match,True
Q92820,/data/ranran/my_ptm/croton/data/structure_pipeline/pdb/Q92820.pdb,exact_sequence_match,True
Q92826,,missing_pdb,False
Q92830,,missing_pdb,False
Q92833,,missing_pdb,False
Q92833-2,,missing_pdb,False
Q92834-6,,missing_pdb,False
Q92843-2,,missing_pdb,False
Q92844,,missing_pdb,False
Q92845,/data/ranran/my_ptm/croton/data/structure_pipeline/pdb/Q92845.pdb,exact_sequence_match,True
Q92851-4,,missing_pdb,False
Q92854,,missing_pdb,False
Q92870,,missing_pdb,False
Q92889-2,,missing_pdb,False
Q92896,/data/ranran/my_ptm/croton/data/structure_pipeline/pdb/Q92896.pdb,exact_sequence_match,True
Q92900,/data/ranran/my_ptm/croton/data/structure_pipeline/pdb/Q92900.pdb,exact_sequence_match,True
Q92915,,missing_pdb,False
Q92917,/data/ranran/my_ptm/croton/data/structure_pipeline/pdb/Q92917.pdb,exact_sequence_match,True
Q92932-3,,missing_pdb,False
Q92934,,missing_pdb,False
Q92954,,missing_pdb,False
Q92966,,missing_pdb,False
Q92974,/data/ranran/my_ptm/croton/data/structure_pipeline/pdb/Q92974.pdb,exact_sequence_match,True
Q92985-3,,missing_pdb,False
Q92985-4,,missing_pdb,False
Q92990,,missing_pdb,False
Q93033,,missing_pdb,False
Q93073,,missing_pdb,False
Q93075,,missing_pdb,False
Q93GL9,,missing_pdb,False
Q93K97,,missing_pdb,False
Q93Y88,,missing_pdb,False
Q93ZF5,,missing_pdb,False
Q941F5,,missing_pdb,False
Q94518,,missing_pdb,False
Q94883,,missing_pdb,False
Q948A2,,missing_pdb,False
Q94CR1,,missing_pdb,False
Q94DS3,,missing_pdb,False
Q94E46,,missing_pdb,False
Q94F69,,missing_pdb,False
Q94FN2,,missing_pdb,False
Q94G98,,missing_pdb,False
Q94GE8,,missing_pdb,False
Q94GG8,,missing_pdb,False
Q94GQ9,,missing_pdb,False
Q94GW4,,missing_pdb,False
Q94H99,,missing_pdb,False
Q94K48,,missing_pdb,False
Q94LR4,,missing_pdb,False
Q95RJ9,,missing_pdb,False
Q95SX8,,missing_pdb,False
Q95TK5,,missing_pdb,False
Q95TL8,,missing_pdb,False
Q95U38,,missing_pdb,False
Q960E4,,missing_pdb,False
Q960E8,,missing_pdb,False
Q960Y8,,missing_pdb,False
Q961D9,,missing_pdb,False
Q962P0,,missing_pdb,False
Q967L9,,missing_pdb,False
Q969F9,,missing_pdb,False
Q969G6,/data/ranran/my_ptm/croton/data/structure_pipeline/pdb/Q969G6.pdb,exact_sequence_match,True
Q969H0,,missing_pdb,False
Q969H4,,missing_pdb,False
Q969H6,,missing_pdb,False
Q969H8,/data/ranran/my_ptm/croton/data/structure_pipeline/pdb/Q969H8.pdb,exact_sequence_match,True
Q969I3,,missing_pdb,False
Q969N2,,missing_pdb,False
Q969P6,,missing_pdb,False
Q969Q5,,missing_pdb,False
Q969S2,,missing_pdb,False
Q969S3,/data/ranran/my_ptm/croton/data/structure_pipeline/pdb/Q969S3.pdb,exact_sequence_match,True
Q969U7,/data/ranran/my_ptm/croton/data/structure_pipeline/pdb/Q969U7.pdb,exact_sequence_match,True
Q969V3,/data/ranran/my_ptm/croton/data/structure_pipeline/pdb/Q969V3.pdb,exact_sequence_match,True
Q969X5,/data/ranran/my_ptm/croton/data/structure_pipeline/pdb/Q969X5.pdb,exact_sequence_match,True
Q969Z0,/data/ranran/my_ptm/croton/data/structure_pipeline/pdb/Q969Z0.pdb,exact_sequence_match,True
Q96A19,,missing_pdb,False
Q96A33,/data/ranran/my_ptm/croton/data/structure_pipeline/pdb/Q96A33.pdb,exact_sequence_match,True
Q96A65-2,,missing_pdb,False
Q96A83,,missing_pdb,False
Q96AA8,,missing_pdb,False
Q96AB3-2,,missing_pdb,False
Q96AB3-3,,missing_pdb,False
Q96AC1-3,,missing_pdb,False
Q96AP4,,missing_pdb,False
Q96AQ6,,missing_pdb,False
Q96AQ7,,missing_pdb,False
Q96AQ8,/data/ranran/my_ptm/croton/data/structure_pipeline/pdb/Q96AQ8.pdb,exact_sequence_match,True
Q96AV8,,missing_pdb,False
Q96AX9,,missing_pdb,False
Q96AY2,,missing_pdb,False
Q96AY3,/data/ranran/my_ptm/croton/data/structure_pipeline/pdb/Q96AY3.pdb,exact_sequence_match,True
Q96B01,,missing_pdb,False
Q96B21,,missing_pdb,False
Q96B23,,missing_pdb,False
Q96B26,/data/ranran/my_ptm/croton/data/structure_pipeline/pdb/Q96B26.pdb,exact_sequence_match,True
Q96B36,,missing_pdb,False
Q96BA8,,missing_pdb,False
Q96BD6,,missing_pdb,False
Q96BH1,,missing_pdb,False
Q96BH3,,missing_pdb,False
Q96BJ3,/data/ranran/my_ptm/croton/data/structure_pipeline/pdb/Q96BJ3.pdb,exact_sequence_match,True
Q96BJ8-3,,missing_pdb,False
Q96BN8,/data/ranran/my_ptm/croton/data/structure_pipeline/pdb/Q96BN8.pdb,exact_sequence_match,True
Q96BR1,,missing_pdb,False
Q96BR6,,missing_pdb,False
Q96BV0,,missing_pdb,False
Q96BW1,,missing_pdb,False
Q96BY6,,missing_pdb,False
Q96C10,,missing_pdb,False
Q96C34,,missing_pdb,False
Q96C55,,missing_pdb,False
Q96C57,/data/ranran/my_ptm/croton/data/structure_pipeline/pdb/Q96C57.pdb,exact_sequence_match,True
Q96C74,,missing_pdb,False
Q96CB5,,missing_pdb,False
Q96CB8,,missing_pdb,False
Q96CB9,,missing_pdb,False
Q96CG3,,missing_pdb,False
Q96CM3,,missing_pdb,False
Q96CM4,,missing_pdb,False
Q96CM8-4,,missing_pdb,False
Q96CN7,,missing_pdb,False
Q96CN9,,missing_pdb,False
Q96CP2,,missing_pdb,False
Q96CT7,/data/ranran/my_ptm/croton/data/structure_pipeline/pdb/Q96CT7.pdb,exact_sequence_match,True
Q96CU9,,missing_pdb,False
Q96CU9-2,,missing_pdb,False
Q96CV9,/data/ranran/my_ptm/croton/data/structure_pipeline/pdb/Q96CV9.pdb,exact_sequence_match,True
Q96CW6,,missing_pdb,False
Q96D03,,missing_pdb,False
Q96D71,/data/ranran/my_ptm/croton/data/structure_pipeline/pdb/Q96D71.pdb,exact_sequence_match,True
Q96D96,,missing_pdb,False
Q96DA6,,missing_pdb,False
Q96DA6-2,,missing_pdb,False
Q96DB5,/data/ranran/my_ptm/croton/data/structure_pipeline/pdb/Q96DB5.pdb,exact_sequence_match,True
Q96DC7,,missing_pdb,False
Q96DC8,,missing_pdb,False
Q96DM1,,missing_pdb,False
Q96DM3,,missing_pdb,False
Q96DN5,,missing_pdb,False
Q96DN6,,missing_pdb,False
Q96DP5,,missing_pdb,False
Q96DR7,,missing_pdb,False
Q96DT6,,missing_pdb,False
Q96DT7,,missing_pdb,False
Q96DY2,,missing_pdb,False
Q96DY7,,missing_pdb,False
Q96DZ1,/data/ranran/my_ptm/croton/data/structure_pipeline/pdb/Q96DZ1.pdb,exact_sequence_match,True
Q96E09,,missing_pdb,False
Q96E11,/data/ranran/my_ptm/croton/data/structure_pipeline/pdb/Q96E11.pdb,exact_sequence_match,True
Q96E29,/data/ranran/my_ptm/croton/data/structure_pipeline/pdb/Q96E29.pdb,exact_sequence_match,True
Q96E40,,missing_pdb,False
Q96E52,,missing_pdb,False
Q96EA4,/data/ranran/my_ptm/croton/data/structure_pipeline/pdb/Q96EA4.pdb,exact_sequence_match,True
Q96EB1,,missing_pdb,False
Q96EB6,/data/ranran/my_ptm/croton/data/structure_pipeline/pdb/Q96EB6.pdb,exact_sequence_match,True
Q96EE3-1,,missing_pdb,False
Q96EF0,,missing_pdb,False
Q96EH3,,missing_pdb,False
Q96EK5,/data/ranran/my_ptm/croton/data/structure_pipeline/pdb/Q96EK5.pdb,exact_sequence_match,True
Q96EK9,,missing_pdb,False
Q96EN8,,missing_pdb,False
Q96EP0,,missing_pdb,False
Q96EP5,/data/ranran/my_ptm/croton/data/structure_pipeline/pdb/Q96EP5.pdb,exact_sequence_match,True
Q96ER9,/data/ranran/my_ptm/croton/data/structure_pipeline/pdb/Q96ER9.pdb,exact_sequence_match,True
Q96EU6,,missing_pdb,False
Q96EV8,,missing_pdb,False
Q96EX1,/data/ranran/my_ptm/croton/data/structure_pipeline/pdb/Q96EX1.pdb,exact_sequence_match,True
Q96EY4,/data/ranran/my_ptm/croton/data/structure_pipeline/pdb/Q96EY4.pdb,exact_sequence_match,True
Q96EY8,/data/ranran/my_ptm/croton/data/structure_pipeline/pdb/Q96EY8.pdb,exact_sequence_match,True
Q96EY9,,missing_pdb,False
Q96EZ8-2,,missing_pdb,False
Q96F07,/data/ranran/my_ptm/croton/data/structure_pipeline/pdb/Q96F07.pdb,exact_sequence_match,True
Q96F24,/data/ranran/my_ptm/croton/data/structure_pipeline/pdb/Q96F24.pdb,exact_sequence_match,True
Q96F63,,missing_pdb,False
Q96F86,/data/ranran/my_ptm/croton/data/structure_pipeline/pdb/Q96F86.pdb,exact_sequence_match,True
Q96FB5,,missing_pdb,False
Q96FF9,,missing_pdb,False
Q96FG2,,missing_pdb,False
Q96FK6,,missing_pdb,False
Q96FQ6,/data/ranran/my_ptm/croton/data/structure_pipeline/pdb/Q96FQ6.pdb,exact_sequence_match,True
Q96FS4,,missing_pdb,False
Q96FV9-2,,missing_pdb,False
Q96FW1-2,,missing_pdb,False
Q96FX7,,missing_pdb,False
Q96FZ2,/data/ranran/my_ptm/croton/data/structure_pipeline/pdb/Q96FZ2.pdb,exact_sequence_match,True
Q96G01,/data/ranran/my_ptm/croton/data/structure_pipeline/pdb/Q96G01.pdb,exact_sequence_match,True
Q96G74,/data/ranran/my_ptm/croton/data/structure_pipeline/pdb/Q96G74.pdb,exact_sequence_match,True
Q96GA3,/data/ranran/my_ptm/croton/data/structure_pipeline/pdb/Q96GA3.pdb,exact_sequence_match,True
Q96GC5,/data/ranran/my_ptm/croton/data/structure_pipeline/pdb/Q96GC5.pdb,exact_sequence_match,True
Q96GC9,,missing_pdb,False
Q96GM8,,missing_pdb,False
Q96GN5,,missing_pdb,False
Q96GP6,,missing_pdb,False
Q96GQ5,,missing_pdb,False
Q96GR2,,missing_pdb,False
Q96GW9,,missing_pdb,False
Q96GX5,,missing_pdb,False
Q96GY0,,missing_pdb,False
Q96GY3,,missing_pdb,False
Q96H20,,missing_pdb,False
Q96H22,,missing_pdb,False
Q96H79,,missing_pdb,False
Q96HA1,/data/ranran/my_ptm/croton/data/structure_pipeline/pdb/Q96HA1.pdb,exact_sequence_match,True
Q96HA1-3,,missing_pdb,False
Q96HA7,,missing_pdb,False
Q96HE7,,missing_pdb,False
Q96HI0,,missing_pdb,False
Q96HJ3,,missing_pdb,False
Q96HP4,,missing_pdb,False
Q96HR3,,missing_pdb,False
Q96HR8,,missing_pdb,False
Q96HS1,/data/ranran/my_ptm/croton/data/structure_pipeline/pdb/Q96HS1.pdb,exact_sequence_match,True
Q96HY3,,missing_pdb,False
Q96HY6,/data/ranran/my_ptm/croton/data/structure_pipeline/pdb/Q96HY6.pdb,exact_sequence_match,True
Q96I27,,missing_pdb,False
Q96I34,,missing_pdb,False
Q96I51,,missing_pdb,False
Q96I59-2,,missing_pdb,False
Q96IG2,,missing_pdb,False
Q96II8,/data/ranran/my_ptm/croton/data/structure_pipeline/pdb/Q96II8.pdb,exact_sequence_match,True
Q96IJ6,/data/ranran/my_ptm/croton/data/structure_pipeline/pdb/Q96IJ6.pdb,exact_sequence_match,True
Q96IK1,,missing_pdb,False
Q96IL0,,missing_pdb,False
Q96IM9,,missing_pdb,False
Q96IP4-2,,missing_pdb,False
Q96IR2,,missing_pdb,False
Q96IR7,,missing_pdb,False
Q96IV6,,missing_pdb,False
Q96IY1,,missing_pdb,False
Q96IZ0,/data/ranran/my_ptm/croton/data/structure_pipeline/pdb/Q96IZ0.pdb,exact_sequence_match,True
Q96IZ5,,missing_pdb,False
Q96IZ7,,missing_pdb,False
Q96J01,/data/ranran/my_ptm/croton/data/structure_pipeline/pdb/Q96J01.pdb,exact_sequence_match,True
Q96JB2,/data/ranran/my_ptm/croton/data/structure_pipeline/pdb/Q96JB2.pdb,exact_sequence_match,True
Q96JB8,,missing_pdb,False
Q96JC1,,missing_pdb,False
Q96JC9,,missing_pdb,False
Q96JC9-2,,missing_pdb,False
Q96JF6,,missing_pdb,False
Q96JG9,,missing_pdb,False
Q96JH7,,missing_pdb,False
Q96JJ7,/data/ranran/my_ptm/croton/data/structure_pipeline/pdb/Q96JJ7.pdb,exact_sequence_match,True
Q96JM3,,missing_pdb,False
Q96JM4,,missing_pdb,False
Q96JN0-3,,missing_pdb,False
Q96JN8,,missing_pdb,False
Q96JP5,,missing_pdb,False
Q96JS3,,missing_pdb,False
Q96JY6-3,,missing_pdb,False
Q96JY6-5,,missing_pdb,False
Q96K21,,missing_pdb,False
Q96K30,,missing_pdb,False
Q96K37,,missing_pdb,False
Q96K78,,missing_pdb,False
Q96KA5,,missing_pdb,False
Q96KB5-2,,missing_pdb,False
Q96KC8,,missing_pdb,False
Q96KD3,,missing_pdb,False
Q96KF7,,missing_pdb,False
Q96KM6,/data/ranran/my_ptm/croton/data/structure_pipeline/pdb/Q96KM6.pdb,exact_sequence_match,True
Q96KN3,,missing_pdb,False
Q96KR6,,missing_pdb,False
Q96L03,,missing_pdb,False
Q96L42,,missing_pdb,False
Q96L73,,missing_pdb,False
Q96L91,,missing_pdb,False
Q96L92,/data/ranran/my_ptm/croton/data/structure_pipeline/pdb/Q96L92.pdb,exact_sequence_match,True
Q96L93,,missing_pdb,False
Q96L96,,missing_pdb,False
Q96LB3,,missing_pdb,False
Q96LD4,,missing_pdb,False
Q96LD8,,missing_pdb,False
Q96LI5,,missing_pdb,False
Q96LI6,,missing_pdb,False
Q96LJ8,,missing_pdb,False
Q96LM6,,missing_pdb,False
Q96LP2,,missing_pdb,False
Q96LQ0,,missing_pdb,False
Q96LT9,,missing_pdb,False
Q96LW7-2,,missing_pdb,False
Q96M02,,missing_pdb,False
Q96M27,/data/ranran/my_ptm/croton/data/structure_pipeline/pdb/Q96M27.pdb,exact_sequence_match,True
Q96M32,,missing_pdb,False
Q96M53,,missing_pdb,False
Q96M69,,missing_pdb,False
Q96M83,/data/ranran/my_ptm/croton/data/structure_pipeline/pdb/Q96M83.pdb,exact_sequence_match,True
Q96M86,,missing_pdb,False
Q96M96,/data/ranran/my_ptm/croton/data/structure_pipeline/pdb/Q96M96.pdb,exact_sequence_match,True
Q96MC5,,missing_pdb,False
Q96MD7,,missing_pdb,False
Q96ME1,/data/ranran/my_ptm/croton/data/structure_pipeline/pdb/Q96ME1.pdb;/data/ranran/my_ptm/croton/data/structure_pipeline/pdb/AF-Q96ME1-F1-model_v6.pdb,sequence_mismatch,False
Q96ME7,/data/ranran/my_ptm/croton/data/structure_pipeline/pdb/Q96ME7.pdb,exact_sequence_match,True
Q96MF7,,missing_pdb,False
Q96MG2,,missing_pdb,False
Q96MG7,,missing_pdb,False
Q96MH2,,missing_pdb,False
Q96MM3,,missing_pdb,False
Q96MP5,,missing_pdb,False
Q96MR6,,missing_pdb,False
Q96MT7,,missing_pdb,False
Q96MV1,,missing_pdb,False
Q96MV8,,missing_pdb,False
Q96MW1,/data/ranran/my_ptm/croton/data/structure_pipeline/pdb/Q96MW1.pdb,exact_sequence_match,True
Q96MX6,,missing_pdb,False
Q96MY7,,missing_pdb,False
Q96MZ0,,missing_pdb,False
Q96MZ3,,missing_pdb,False
Q96N21,,missing_pdb,False
Q96N46,,missing_pdb,False
Q96N64,,missing_pdb,False
Q96N66,,missing_pdb,False
Q96N67,,missing_pdb,False
Q96N77,,missing_pdb,False
Q96NA8,,missing_pdb,False
Q96NB1,,missing_pdb,False
Q96NB3,/data/ranran/my_ptm/croton/data/structure_pipeline/pdb/Q96NB3.pdb,exact_sequence_match,True
Q96NG3,,missing_pdb,False
Q96NH3-4,,missing_pdb,False
Q96NI6,,missing_pdb,False
Q96NT1,,missing_pdb,False
Q96NW7,,missing_pdb,False
Q96NX5,,missing_pdb,False
Q96P50,,missing_pdb,False
Q96PC5,/data/ranran/my_ptm/croton/data/structure_pipeline/pdb/Q96PC5.pdb,exact_sequence_match,True
Q96PD2,,missing_pdb,False
Q96PE2,,missing_pdb,False
Q96PE3,,missing_pdb,False
Q96PN7-3,,missing_pdb,False
Q96PN8,,missing_pdb,False
Q96PP9,,missing_pdb,False
Q96PQ7,,missing_pdb,False
Q96PU5,,missing_pdb,False
Q96PV0,,missing_pdb,False
Q96PV6,,missing_pdb,False
Q96PV7,,missing_pdb,False
Q96PY6-3,,missing_pdb,False
Q96Q04,,missing_pdb,False
Q96Q05,,missing_pdb,False
Q96Q15,,missing_pdb,False
Q96Q15-4,,missing_pdb,False
Q96Q27,,missing_pdb,False
Q96Q35,,missing_pdb,False
Q96Q42,,missing_pdb,False
Q96Q42-3,,missing_pdb,False
Q96Q83,/data/ranran/my_ptm/croton/data/structure_pipeline/pdb/Q96Q83.pdb,exact_sequence_match,True
Q96Q89,,missing_pdb,False
Q96QC0,/data/ranran/my_ptm/croton/data/structure_pipeline/pdb/Q96QC0.pdb,exact_sequence_match,True
Q96QD8,/data/ranran/my_ptm/croton/data/structure_pipeline/pdb/Q96QD8.pdb,exact_sequence_match,True
Q96QD9,,missing_pdb,False
Q96QD9-3,,missing_pdb,False
Q96QE3,,missing_pdb,False
Q96QE4,,missing_pdb,False
Q96QF0,,missing_pdb,False
Q96QH2,,missing_pdb,False
Q96QU1,,missing_pdb,False
Q96QU6,,missing_pdb,False
Q96QU8,/data/ranran/my_ptm/croton/data/structure_pipeline/pdb/Q96QU8.pdb,exact_sequence_match,True
Q96QZ7,,missing_pdb,False
Q96R06,/data/ranran/my_ptm/croton/data/structure_pipeline/pdb/Q96R06.pdb,exact_sequence_match,True
Q96RD6,,missing_pdb,False
Q96RD7,,missing_pdb,False
Q96RE7,,missing_pdb,False
Q96RF0,,missing_pdb,False
Q96RG2,,missing_pdb,False
Q96RI1,,missing_pdb,False
Q96RK0,,missing_pdb,False
Q96RL1,,missing_pdb,False
Q96RQ1,/data/ranran/my_ptm/croton/data/structure_pipeline/pdb/Q96RQ1.pdb,exact_sequence_match,True
Q96RS0,,missing_pdb,False
Q96RS6,,missing_pdb,False
Q96RT8,,missing_pdb,False
Q96RU2,/data/ranran/my_ptm/croton/data/structure_pipeline/pdb/Q96RU2.pdb,exact_sequence_match,True
Q96RU3,/data/ranran/my_ptm/croton/data/structure_pipeline/pdb/Q96RU3.pdb,exact_sequence_match,True
Q96RV3,,missing_pdb,False
Q96RW7,,missing_pdb,False
Q96S52,/data/ranran/my_ptm/croton/data/structure_pipeline/pdb/Q96S52.pdb,exact_sequence_match,True
Q96S55,/data/ranran/my_ptm/croton/data/structure_pipeline/pdb/Q96S55.pdb,exact_sequence_match,True
Q96S55-4,,missing_pdb,False
Q96S59,,missing_pdb,False
Q96S59-2,,missing_pdb,False
Q96S59-3,,missing_pdb,False
Q96S66,/data/ranran/my_ptm/croton/data/structure_pipeline/pdb/Q96S66.pdb,exact_sequence_match,True
Q96S82,,missing_pdb,False
Q96S99,,missing_pdb,False
Q96SB3,,missing_pdb,False
Q96SB4-3,,missing_pdb,False
Q96SB8-2,,missing_pdb,False
Q96SF2,,missing_pdb,False
Q96SQ7,,missing_pdb,False
Q96ST2,/data/ranran/my_ptm/croton/data/structure_pipeline/pdb/Q96ST2.pdb,exact_sequence_match,True
Q96SW2,,missing_pdb,False
Q96SZ6,/data/ranran/my_ptm/croton/data/structure_pipeline/pdb/Q96SZ6.pdb,exact_sequence_match,True
Q96T21,,missing_pdb,False
Q96T25,,missing_pdb,False
Q96T37,/data/ranran/my_ptm/croton/data/structure_pipeline/pdb/Q96T37.pdb,exact_sequence_match,True
Q96T51,/data/ranran/my_ptm/croton/data/structure_pipeline/pdb/Q96T51.pdb,exact_sequence_match,True
Q96T58,,missing_pdb,False
Q96T68,,missing_pdb,False
Q96T76-8,,missing_pdb,False
Q96TA2,/data/ranran/my_ptm/croton/data/structure_pipeline/pdb/Q96TA2.pdb,exact_sequence_match,True
Q96TC7-2,,missing_pdb,False
Q97DL3,,missing_pdb,False
Q97DS8,,missing_pdb,False
Q97DV0,,missing_pdb,False
Q97E26,,missing_pdb,False
Q97E35,,missing_pdb,False
Q97E68,,missing_pdb,False
Q97E69,,missing_pdb,False
Q97E82,,missing_pdb,False
Q97EB9,,missing_pdb,False
Q97EC2,,missing_pdb,False
Q97EN3,,missing_pdb,False
Q97EX6,,missing_pdb,False
Q97F63,,missing_pdb,False
Q97FJ1,,missing_pdb,False
Q97FL3,,missing_pdb,False
Q97G09,,missing_pdb,False
Q97G10,,missing_pdb,False
Q97GL1,,missing_pdb,False
Q97GN8,,missing_pdb,False
Q97GQ6,,missing_pdb,False
Q97GT6,,missing_pdb,False
Q97H23,,missing_pdb,False
Q97H28,,missing_pdb,False
Q97H47,,missing_pdb,False
Q97H75,,missing_pdb,False
Q97HQ7,,missing_pdb,False
Q97HX6,,missing_pdb,False
Q97I06,,missing_pdb,False
Q97I22,,missing_pdb,False
Q97II6,,missing_pdb,False
Q97IK2,,missing_pdb,False
Q97IL5,,missing_pdb,False
Q97IN7,,missing_pdb,False
Q97IP0,,missing_pdb,False
Q97IQ7,,missing_pdb,False
Q97J73,,missing_pdb,False
Q97JD0,,missing_pdb,False
Q97JH9,,missing_pdb,False
Q97JL5,,missing_pdb,False
Q97JV2,,missing_pdb,False
Q97K29,,missing_pdb,False
Q97K67,,missing_pdb,False
Q97K92,,missing_pdb,False
Q97KA4,,missing_pdb,False
Q97KG1,,missing_pdb,False
Q97KU7,,missing_pdb,False
Q97KY3,,missing_pdb,False
Q97L74,,missing_pdb,False
Q97LC6,,missing_pdb,False
Q97LR6,,missing_pdb,False
Q97M06,,missing_pdb,False
Q97M64,,missing_pdb,False
Q97M74,,missing_pdb,False
Q97M76,,missing_pdb,False
Q97M86,,missing_pdb,False
Q97MA4,,missing_pdb,False
Q97MG8,,missing_pdb,False
Q97MG9,,missing_pdb,False
Q97MP5,,missing_pdb,False
Q97MU7,,missing_pdb,False
Q97N26,,missing_pdb,False
Q97TH5,,missing_pdb,False
Q97TQ0,,missing_pdb,False
Q99027,,missing_pdb,False
Q99158,,missing_pdb,False
Q99176,,missing_pdb,False
Q99181,,missing_pdb,False
Q99220,,missing_pdb,False
Q99247,,missing_pdb,False
Q99257,,missing_pdb,False
Q99288,,missing_pdb,False
Q99316,,missing_pdb,False
Q99321,,missing_pdb,False
Q99323,,missing_pdb,False
Q99359,,missing_pdb,False
Q99383,,missing_pdb,False
Q99385,,missing_pdb,False
Q99394,,missing_pdb,False
Q99426-2,,missing_pdb,False
Q99442,/data/ranran/my_ptm/croton/data/structure_pipeline/pdb/Q99442.pdb,exact_sequence_match,True
Q99453,,missing_pdb,False
Q99456,,missing_pdb,False
Q99463,,missing_pdb,False
Q99487,,missing_pdb,False
Q99490,,missing_pdb,False
Q99501,,missing_pdb,False
Q99523,,missing_pdb,False
Q99549-2,,missing_pdb,False
Q99550,,missing_pdb,False
Q99551,,missing_pdb,False
Q99575,/data/ranran/my_ptm/croton/data/structure_pipeline/pdb/Q99575.pdb,exact_sequence_match,True
Q99590,/data/ranran/my_ptm/croton/data/structure_pipeline/pdb/Q99590.pdb,exact_sequence_match,True
Q99590-2,,missing_pdb,False
Q99593,,missing_pdb,False
Q99598,/data/ranran/my_ptm/croton/data/structure_pipeline/pdb/Q99598.pdb,exact_sequence_match,True
Q99608,,missing_pdb,False
Q99615,/data/ranran/my_ptm/croton/data/structure_pipeline/pdb/Q99615.pdb,exact_sequence_match,True
Q99638,,missing_pdb,False
Q99661,,missing_pdb,False
Q99675,,missing_pdb,False
Q99683,,missing_pdb,False
Q99698,,missing_pdb,False
Q99700,/data/ranran/my_ptm/croton/data/structure_pipeline/pdb/Q99700.pdb,exact_sequence_match,True
Q99707,/data/ranran/my_ptm/croton/data/structure_pipeline/pdb/Q99707.pdb,exact_sequence_match,True
Q99708,,missing_pdb,False
Q99728,,missing_pdb,False
Q99732,,missing_pdb,False
Q99741,,missing_pdb,False
Q99750,,missing_pdb,False
Q99766,,missing_pdb,False
Q99766-2,,missing_pdb,False
Q99814,,missing_pdb,False
Q99832-2,,missing_pdb,False
Q99832-4,,missing_pdb,False
Q99835,,missing_pdb,False
Q99836,,missing_pdb,False
Q99853,,missing_pdb,False
Q99871-2,,missing_pdb,False
Q99932,,missing_pdb,False
Q99943,,missing_pdb,False
Q99956,,missing_pdb,False
Q99959,,missing_pdb,False
Q99996-6,,missing_pdb,False
Q99J38,,missing_pdb,False
Q99J72,,missing_pdb,False
Q99J79,,missing_pdb,False
Q99JY8,,missing_pdb,False
Q99KD5,,missing_pdb,False
Q99KF1,,missing_pdb,False
Q99KG7,,missing_pdb,False
Q99KJ0,,missing_pdb,False
Q99L85,,missing_pdb,False
Q99LB6,,missing_pdb,False
Q99M15,,missing_pdb,False
Q99M71,,missing_pdb,False
Q99MC0,,missing_pdb,False
Q99MD6,,missing_pdb,False
Q99ME3,,missing_pdb,False
Q99MF3,,missing_pdb,False
Q99MI1,,missing_pdb,False
Q99MI6,,missing_pdb,False
Q99MI8,,missing_pdb,False
Q99MN3,,missing_pdb,False
Q99MR9,,missing_pdb,False
Q99MT2,,missing_pdb,False
Q99MU5,,missing_pdb,False
Q99MV7,,missing_pdb,False
Q99MZ7,,missing_pdb,False
Q99N18,,missing_pdb,False
Q99N34,,missing_pdb,False
Q99N59,,missing_pdb,False
Q99N78,,missing_pdb,False
Q99N87,,missing_pdb,False
Q99N96,,missing_pdb,False
Q99N97,,missing_pdb,False
Q99NA7,,missing_pdb,False
Q99NF8,,missing_pdb,False
Q99NH8,,missing_pdb,False
Q99NI3,,missing_pdb,False
Q99NX2,,missing_pdb,False
Q99P30,,missing_pdb,False
Q99P47,,missing_pdb,False
Q99PG4,,missing_pdb,False
Q99PL5,,missing_pdb,False
Q99PS8,,missing_pdb,False
Q9AG20,,missing_pdb,False
Q9AQU1,,missing_pdb,False
Q9AR38,,missing_pdb,False
Q9ASV5,,missing_pdb,False
Q9AUW0,,missing_pdb,False
Q9AX15,,missing_pdb,False
Q9AXB0,,missing_pdb,False
Q9AY51,,missing_pdb,False
Q9B6C7,,missing_pdb,False
Q9BMD7,,missing_pdb,False
Q9BPX3,/data/ranran/my_ptm/croton/data/structure_pipeline/pdb/Q9BPX3.pdb,exact_sequence_match,True
Q9BPX5,/data/ranran/my_ptm/croton/data/structure_pipeline/pdb/Q9BPX5.pdb,exact_sequence_match,True
Q9BPX7,,missing_pdb,False
Q9BPZ3,,missing_pdb,False
Q9BQ15,/data/ranran/my_ptm/croton/data/structure_pipeline/pdb/Q9BQ15.pdb,exact_sequence_match,True
Q9BQ24-2,,missing_pdb,False
Q9BQ52,/data/ranran/my_ptm/croton/data/structure_pipeline/pdb/Q9BQ52.pdb,exact_sequence_match,True
Q9BQ61,/data/ranran/my_ptm/croton/data/structure_pipeline/pdb/Q9BQ61.pdb,exact_sequence_match,True
Q9BQ70,,missing_pdb,False
Q9BQ75,/data/ranran/my_ptm/croton/data/structure_pipeline/pdb/Q9BQ75.pdb,exact_sequence_match,True
Q9BQ95,,missing_pdb,False
Q9BQ95-2,,missing_pdb,False
Q9BQA1,,missing_pdb,False
Q9BQB6,,missing_pdb,False
Q9BQC6,,missing_pdb,False
Q9BQE4,,missing_pdb,False
Q9BQE5,/data/ranran/my_ptm/croton/data/structure_pipeline/pdb/Q9BQE5.pdb;/data/ranran/my_ptm/croton/data/structure_pipeline/pdb/AF-Q9BQE5-F1-model_v6.pdb,sequence_mismatch,False
Q9BQF6,,missing_pdb,False
Q9BQI6,,missing_pdb,False
Q9BQP7,/data/ranran/my_ptm/croton/data/structure_pipeline/pdb/Q9BQP7.pdb,exact_sequence_match,True
Q9BQP9,,missing_pdb,False
Q9BQS8,,missing_pdb,False
Q9BR61,/data/ranran/my_ptm/croton/data/structure_pipeline/pdb/Q9BR61.pdb,exact_sequence_match,True
Q9BRG1,,missing_pdb,False
Q9BRJ2,/data/ranran/my_ptm/croton/data/structure_pipeline/pdb/Q9BRJ2.pdb,exact_sequence_match,True
Q9BRJ6,,missing_pdb,False
Q9BRJ7,,missing_pdb,False
Q9BRK5,/data/ranran/my_ptm/croton/data/structure_pipeline/pdb/Q9BRK5.pdb,exact_sequence_match,True
Q9BRL6,/data/ranran/my_ptm/croton/data/structure_pipeline/pdb/Q9BRL6.pdb,exact_sequence_match,True
Q9BRP7,,missing_pdb,False
Q9BRP8,/data/ranran/my_ptm/croton/data/structure_pipeline/pdb/Q9BRP8.pdb,exact_sequence_match,True
Q9BRR6,,missing_pdb,False
Q9BRR8,,missing_pdb,False
Q9BRT6,/data/ranran/my_ptm/croton/data/structure_pipeline/pdb/Q9BRT6.pdb,exact_sequence_match,True
Q9BRT9,,missing_pdb,False
Q9BRX5,/data/ranran/my_ptm/croton/data/structure_pipeline/pdb/Q9BRX5.pdb,exact_sequence_match,True
Q9BSB4,,missing_pdb,False
Q9BSE4,,missing_pdb,False
Q9BSH4,/data/ranran/my_ptm/croton/data/structure_pipeline/pdb/Q9BSH4.pdb,exact_sequence_match,True
Q9BSJ2-4,,missing_pdb,False
Q9BSJ5,,missing_pdb,False
Q9BSJ6,,missing_pdb,False
Q9BSJ8-2,,missing_pdb,False
Q9BSK1,,missing_pdb,False
Q9BSK4,,missing_pdb,False
Q9BSL1,,missing_pdb,False
Q9BSV6,,missing_pdb,False
Q9BT09,,missing_pdb,False
Q9BT17,,missing_pdb,False
Q9BT22,,missing_pdb,False
Q9BT25,,missing_pdb,False
Q9BT40,,missing_pdb,False
Q9BT49,,missing_pdb,False
Q9BT73,/data/ranran/my_ptm/croton/data/structure_pipeline/pdb/Q9BT73.pdb,exact_sequence_match,True
Q9BT92,,missing_pdb,False
Q9BTA9,,missing_pdb,False
Q9BTA9-3,,missing_pdb,False
Q9BTD8,,missing_pdb,False
Q9BTE6-2,,missing_pdb,False
Q9BTE7,,missing_pdb,False
Q9BTK6,,missing_pdb,False
Q9BTL3,,missing_pdb,False
Q9BTM9-2,,missing_pdb,False
Q9BTP7,,missing_pdb,False
Q9BTT4,/data/ranran/my_ptm/croton/data/structure_pipeline/pdb/Q9BTT4.pdb,exact_sequence_match,True
Q9BTU6,/data/ranran/my_ptm/croton/data/structure_pipeline/pdb/Q9BTU6.pdb,exact_sequence_match,True
Q9BTV4,/data/ranran/my_ptm/croton/data/structure_pipeline/pdb/Q9BTV4.pdb,exact_sequence_match,True
Q9BTX1,,missing_pdb,False
Q9BTX7,,missing_pdb,False
Q9BU02,,missing_pdb,False
Q9BU23,,missing_pdb,False
Q9BU40,,missing_pdb,False
Q9BU76,,missing_pdb,False
Q9BUB4,,missing_pdb,False
Q9BUB5,,missing_pdb,False
Q9BUB7,,missing_pdb,False
Q9BUE0,,missing_pdb,False
Q9BUI4,,missing_pdb,False
Q9BUL5,,missing_pdb,False
Q9BUL9,,missing_pdb,False
Q9BUP3-3,,missing_pdb,False
Q9BUQ8,/data/ranran/my_ptm/croton/data/structure_pipeline/pdb/Q9BUQ8.pdb,exact_sequence_match,True
Q9BUR4,,missing_pdb,False
Q9BUR5,,missing_pdb,False
Q9BUT1-2,,missing_pdb,False
Q9BUT9,,missing_pdb,False
Q9BUV8,,missing_pdb,False
Q9BV29,,missing_pdb,False
Q9BV36,,missing_pdb,False
Q9BV38,/data/ranran/my_ptm/croton/data/structure_pipeline/pdb/Q9BV38.pdb,exact_sequence_match,True
Q9BV44,,missing_pdb,False
Q9BV68,,missing_pdb,False
Q9BV73,,missing_pdb,False
Q9BV79,,missing_pdb,False
Q9BVA0,,missing_pdb,False
Q9BVC5,,missing_pdb,False
Q9BVG8,,missing_pdb,False
Q9BVG9,,missing_pdb,False
Q9BVJ6,/data/ranran/my_ptm/croton/data/structure_pipeline/pdb/Q9BVJ6.pdb,exact_sequence_match,True
Q9BVK2,/data/ranran/my_ptm/croton/data/structure_pipeline/pdb/Q9BVK2.pdb,exact_sequence_match,True
Q9BVL2,/data/ranran/my_ptm/croton/data/structure_pipeline/pdb/Q9BVL2.pdb,exact_sequence_match,True
Q9BVL4,,missing_pdb,False
Q9BVM2,,missing_pdb,False
Q9BVP2,/data/ranran/my_ptm/croton/data/structure_pipeline/pdb/Q9BVP2.pdb,exact_sequence_match,True
Q9BVT8,,missing_pdb,False
Q9BVV7,,missing_pdb,False
Q9BVW5,,missing_pdb,False
Q9BW61,,missing_pdb,False
Q9BW66,,missing_pdb,False
Q9BW71,/data/ranran/my_ptm/croton/data/structure_pipeline/pdb/Q9BW71.pdb,exact_sequence_match,True
Q9BWF3,/data/ranran/my_ptm/croton/data/structure_pipeline/pdb/Q9BWF3.pdb,exact_sequence_match,True
Q9BWG4,,missing_pdb,False
Q9BWG6,,missing_pdb,False
Q9BWH2,,missing_pdb,False
Q9BWJ5,,missing_pdb,False
Q9BWQ8,,missing_pdb,False
Q9BWS9-2,,missing_pdb,False
Q9BWT1,,missing_pdb,False
Q9BWU0,,missing_pdb,False
Q9BWW7,,missing_pdb,False
Q9BWW8,/data/ranran/my_ptm/croton/data/structure_pipeline/pdb/Q9BWW8.pdb,exact_sequence_match,True
Q9BX26,,missing_pdb,False
Q9BX63,,missing_pdb,False
Q9BX66,,missing_pdb,False
Q9BX67,,missing_pdb,False
Q9BX97,,missing_pdb,False
Q9BXA7,,missing_pdb,False
Q9BXB5,,missing_pdb,False
Q9BXC9,,missing_pdb,False
Q9BXF3,,missing_pdb,False
Q9BXF6,,missing_pdb,False
Q9BXI3,,missing_pdb,False
Q9BXJ4,,missing_pdb,False
Q9BXJ9-4,,missing_pdb,False
Q9BXK5,,missing_pdb,False
Q9BXL7,,missing_pdb,False
Q9BXM7,,missing_pdb,False
Q9BXM9,,missing_pdb,False
Q9BXN1,,missing_pdb,False
Q9BXP5,/data/ranran/my_ptm/croton/data/structure_pipeline/pdb/Q9BXP5.pdb,exact_sequence_match,True
Q9BXS6,/data/ranran/my_ptm/croton/data/structure_pipeline/pdb/Q9BXS6.pdb,exact_sequence_match,True
Q9BXT5,,missing_pdb,False
Q9BXU1,,missing_pdb,False
Q9BXV9,,missing_pdb,False
Q9BXW7,/data/ranran/my_ptm/croton/data/structure_pipeline/pdb/Q9BXW7.pdb,exact_sequence_match,True
Q9BXW9,/data/ranran/my_ptm/croton/data/structure_pipeline/pdb/Q9BXW9.pdb,exact_sequence_match,True
Q9BXX3,,missing_pdb,False
Q9BY10,,missing_pdb,False
Q9BY12,,missing_pdb,False
Q9BY41,,missing_pdb,False
Q9BY42,/data/ranran/my_ptm/croton/data/structure_pipeline/pdb/Q9BY42.pdb,exact_sequence_match,True
Q9BY77,/data/ranran/my_ptm/croton/data/structure_pipeline/pdb/Q9BY77.pdb,exact_sequence_match,True
Q9BY78,,missing_pdb,False
Q9BY84,,missing_pdb,False
Q9BY89,/data/ranran/my_ptm/croton/data/structure_pipeline/pdb/Q9BY89.pdb,exact_sequence_match,True
Q9BYB4,,missing_pdb,False
Q9BYC5,,missing_pdb,False
Q9BYC8,,missing_pdb,False
Q9BYC9,,missing_pdb,False
Q9BYD3,,missing_pdb,False
Q9BYG4,,missing_pdb,False
Q9BYG5,,missing_pdb,False
Q9BYG8,,missing_pdb,False
Q9BYI3,,missing_pdb,False
Q9BYJ0,,missing_pdb,False
Q9BYK8,,missing_pdb,False
Q9BYN7,,missing_pdb,False
Q9BYN8,,missing_pdb,False
Q9BYP7,,missing_pdb,False
Q9BYT3,,missing_pdb,False
Q9BYV1,,missing_pdb,False
Q9BYV2,,missing_pdb,False
Q9BYV7,,missing_pdb,False
Q9BYV8,,missing_pdb,False
Q9BYV9,,missing_pdb,False
Q9BYW2,/data/ranran/my_ptm/croton/data/structure_pipeline/pdb/Q9BYW2.pdb,exact_sequence_match,True
Q9BYX4,,missing_pdb,False
Q9BZA7,,missing_pdb,False
Q9BZB8,,missing_pdb,False
Q9BZC7,,missing_pdb,False
Q9BZD4,/data/ranran/my_ptm/croton/data/structure_pipeline/pdb/Q9BZD4.pdb,exact_sequence_match,True
Q9BZE2,,missing_pdb,False
Q9BZE9,,missing_pdb,False
Q9BZF3,,missing_pdb,False
Q9BZF9,/data/ranran/my_ptm/croton/data/structure_pipeline/pdb/Q9BZF9.pdb,exact_sequence_match,True
Q9BZG1,/data/ranran/my_ptm/croton/data/structure_pipeline/pdb/Q9BZG1.pdb,exact_sequence_match,True
Q9BZG8,,missing_pdb,False
Q9BZJ0,/data/ranran/my_ptm/croton/data/structure_pipeline/pdb/Q9BZJ0.pdb,exact_sequence_match,True
Q9BZL1,,missing_pdb,False
Q9BZL4,,missing_pdb,False
Q9BZQ2,,missing_pdb,False
Q9BZS1,,missing_pdb,False
Q9BZV1,/data/ranran/my_ptm/croton/data/structure_pipeline/pdb/Q9BZV1.pdb,exact_sequence_match,True
Q9C000,,missing_pdb,False
Q9C009,,missing_pdb,False
Q9C056,,missing_pdb,False
Q9C093,,missing_pdb,False
Q9C099,,missing_pdb,False
Q9C0A1,,missing_pdb,False
Q9C0A6,,missing_pdb,False
Q9C0B0,,missing_pdb,False
Q9C0B1,,missing_pdb,False
Q9C0B2,,missing_pdb,False
Q9C0B5,/data/ranran/my_ptm/croton/data/structure_pipeline/pdb/Q9C0B5.pdb,exact_sequence_match,True
Q9C0B7,,missing_pdb,False
Q9C0C2,/data/ranran/my_ptm/croton/data/structure_pipeline/pdb/Q9C0C2.pdb,exact_sequence_match,True
Q9C0C6,,missing_pdb,False
Q9C0C9,/data/ranran/my_ptm/croton/data/structure_pipeline/pdb/Q9C0C9.pdb,exact_sequence_match,True
Q9C0D2,,missing_pdb,False
Q9C0D9,,missing_pdb,False
Q9C0E8,,missing_pdb,False
Q9C0F1,,missing_pdb,False
Q9C0G0,,missing_pdb,False
Q9C0G6,,missing_pdb,False
Q9C0I9,,missing_pdb,False
Q9C0J8,,missing_pdb,False
Q9C0J8-2,,missing_pdb,False
Q9C0J8-3,,missing_pdb,False
Q9C0J9,,missing_pdb,False
Q9C6B3,,missing_pdb,False
Q9C6Y4,,missing_pdb,False
Q9C7Q8,,missing_pdb,False
Q9CPV7,,missing_pdb,False
Q9CPZ1,,missing_pdb,False
Q9CQ02,,missing_pdb,False
Q9CQ07,,missing_pdb,False
Q9CQ09,,missing_pdb,False
Q9CQ33,,missing_pdb,False
Q9CQJ2,,missing_pdb,False
Q9CQM6,,missing_pdb,False
Q9CQM7,,missing_pdb,False
Q9CQM9,,missing_pdb,False
Q9CQR5,,missing_pdb,False
Q9CQT7,,missing_pdb,False
Q9CQW9,,missing_pdb,False
Q9CQZ5,,missing_pdb,False
Q9CQZ6,,missing_pdb,False
Q9CR24,,missing_pdb,False
Q9CR26,,missing_pdb,False
Q9CR41-2,,missing_pdb,False
Q9CR42,,missing_pdb,False
Q9CR86,,missing_pdb,False
Q9CRA2,,missing_pdb,False
Q9CRB8,,missing_pdb,False
Q9CRC8,,missing_pdb,False
Q9CRT8,,missing_pdb,False
Q9CS00,,missing_pdb,False
Q9CS72,,missing_pdb,False
Q9CSB3,,missing_pdb,False
Q9CSU0,,missing_pdb,False
Q9CUL5,,missing_pdb,False
Q9CVY2,,missing_pdb,False
Q9CWB7,,missing_pdb,False
Q9CWE0,,missing_pdb,False
Q9CWH0,,missing_pdb,False
Q9CWL2,,missing_pdb,False
Q9CWR8,,missing_pdb,False
Q9CWV1-2,,missing_pdb,False
Q9CWX2,,missing_pdb,False
Q9CX33,,missing_pdb,False
Q9CX83,,missing_pdb,False
Q9CXD6-2,,missing_pdb,False
Q9CXD6-3,,missing_pdb,False
Q9CXK9,,missing_pdb,False
Q9CY05,,missing_pdb,False
Q9CY73,,missing_pdb,False
Q9CYR0,,missing_pdb,False
Q9CZ04,,missing_pdb,False
Q9CZD0,,missing_pdb,False
Q9CZD5,,missing_pdb,False
Q9CZH8,,missing_pdb,False
Q9CZJ1,,missing_pdb,False
Q9CZL5,,missing_pdb,False
Q9CZU0,,missing_pdb,False
Q9CZX5,,missing_pdb,False
Q9CZY3,,missing_pdb,False
Q9D067,,missing_pdb,False
Q9D0B5,,missing_pdb,False
Q9D0D5,,missing_pdb,False
Q9D0G0,,missing_pdb,False
Q9D0L6,,missing_pdb,False
Q9D0P7,,missing_pdb,False
Q9D1E8,,missing_pdb,False
Q9D1N9,,missing_pdb,False
Q9D240,,missing_pdb,False
Q9D281,,missing_pdb,False
Q9D2F5,,missing_pdb,False
Q9D2G2-2,,missing_pdb,False
Q9D2H5,,missing_pdb,False
Q9D2H6,,missing_pdb,False
Q9D2J9,,missing_pdb,False
Q9D2M8-2,,missing_pdb,False
Q9D2Y4,,missing_pdb,False
Q9D361,,missing_pdb,False
Q9D3N7,,missing_pdb,False
Q9D3R6,,missing_pdb,False
Q9D3R9,,missing_pdb,False
Q9D3S3,,missing_pdb,False
Q9D3S9,,missing_pdb,False
Q9D3X9,,missing_pdb,False
Q9D4D3,,missing_pdb,False
Q9D4H4,,missing_pdb,False
Q9D4M0,,missing_pdb,False
Q9D4V3,,missing_pdb,False
Q9D4W2,,missing_pdb,False
Q9D4W6,,missing_pdb,False
Q9D516,,missing_pdb,False
Q9D541,,missing_pdb,False
Q9D5A0,,missing_pdb,False
Q9D5H4,,missing_pdb,False
Q9D5K1,,missing_pdb,False
Q9D5N8,,missing_pdb,False
Q9D5V6,,missing_pdb,False
Q9D5Y1,,missing_pdb,False
Q9D6K8,,missing_pdb,False
Q9D6M3,,missing_pdb,False
Q9D773,,missing_pdb,False
Q9D786,,missing_pdb,False
Q9D826,,missing_pdb,False
Q9D868,,missing_pdb,False
Q9D8C3,,missing_pdb,False
Q9D8C9,,missing_pdb,False
Q9D8I4,,missing_pdb,False
Q9D8P4,,missing_pdb,False
Q9D8P7,,missing_pdb,False
Q9D8T7,,missing_pdb,False
Q9D8U4,,missing_pdb,False
Q9D902,,missing_pdb,False
Q9D9C7,,missing_pdb,False
Q9D9E9,,missing_pdb,False
Q9D9G2,,missing_pdb,False
Q9D9G7,,missing_pdb,False
Q9D9I4,,missing_pdb,False
Q9D9J2,,missing_pdb,False
Q9D9J7,,missing_pdb,False
Q9D9K1,,missing_pdb,False
Q9D9V3,,missing_pdb,False
Q9D9W0,,missing_pdb,False
Q9DA17,,missing_pdb,False
Q9DA64,,missing_pdb,False
Q9DA79,,missing_pdb,False
Q9DAA5,,missing_pdb,False
Q9DAG5,,missing_pdb,False
Q9DAH6,,missing_pdb,False
Q9DAL4,,missing_pdb,False
Q9DAN8,,missing_pdb,False
Q9DAP3,,missing_pdb,False
Q9DAR6,,missing_pdb,False
Q9DAS6,,missing_pdb,False
Q9DB15,,missing_pdb,False
Q9DB85,,missing_pdb,False
Q9DB90,,missing_pdb,False
Q9DBA8,,missing_pdb,False
Q9DBG1,,missing_pdb,False
Q9DBL2,,missing_pdb,False
Q9DBP0,,missing_pdb,False
Q9DBQ7,,missing_pdb,False
Q9DBR2,,missing_pdb,False
Q9DBS4,,missing_pdb,False
Q9DBV3,,missing_pdb,False
Q9DBY5,,missing_pdb,False
Q9DC04,,missing_pdb,False
Q9DC70,,missing_pdb,False
Q9DC71,,missing_pdb,False
Q9DCE9,,missing_pdb,False
Q9DCL8,,missing_pdb,False
Q9DCQ2,,missing_pdb,False
Q9DCS9,,missing_pdb,False
Q9EP89,,missing_pdb,False
Q9EPA7,,missing_pdb,False
Q9EPC1,,missing_pdb,False
Q9EPF2,,missing_pdb,False
Q9EPI6,,missing_pdb,False
Q9EPJ0,,missing_pdb,False
Q9EPQ7,,missing_pdb,False
Q9EPQ8,,missing_pdb,False
Q9EPS3,,missing_pdb,False
Q9EPU2,,missing_pdb,False
Q9EPX4,,missing_pdb,False
Q9EPY0,,missing_pdb,False
Q9EQG3,,missing_pdb,False
Q9EQI8,,missing_pdb,False
Q9EQQ0,,missing_pdb,False
Q9EQY5,,missing_pdb,False
Q9ER67,,missing_pdb,False
Q9ERQ3,,missing_pdb,False
Q9ERT1,,missing_pdb,False
Q9ERU2,,missing_pdb,False
Q9ES28,,missing_pdb,False
Q9ES38,,missing_pdb,False
Q9ES64,,missing_pdb,False
Q9ESH6,,missing_pdb,False
Q9ESJ7,,missing_pdb,False
Q9ESL4,,missing_pdb,False
Q9ESM0,,missing_pdb,False
Q9ESN0,,missing_pdb,False
Q9ESQ8,,missing_pdb,False
Q9EST8,,missing_pdb,False
Q9ESV6,,missing_pdb,False
Q9ESX4,,missing_pdb,False
Q9ET34,,missing_pdb,False
Q9ET54,,missing_pdb,False
Q9ET61,,missing_pdb,False
Q9EXD3,,missing_pdb,False
Q9EXD4,,missing_pdb,False
Q9F7B1,,missing_pdb,False
Q9FAB3,,missing_pdb,False
Q9FG18,,missing_pdb,False
Q9FH76,,missing_pdb,False
Q9FHS7,,missing_pdb,False
Q9FLL8,,missing_pdb,False
Q9FMU6,,missing_pdb,False
Q9FN10,,missing_pdb,False
Q9FP64,,missing_pdb,False
Q9FT66,,missing_pdb,False
Q9FTY4,,missing_pdb,False
Q9FU74,,missing_pdb,False
Q9FU80,,missing_pdb,False
Q9FVZ7,,missing_pdb,False
Q9FVZ9,,missing_pdb,False
Q9FW34,,missing_pdb,False
Q9FXT4,,missing_pdb,False
Q9FYP7,,missing_pdb,False
Q9FZ23,,missing_pdb,False
Q9GU53,,missing_pdb,False
Q9GV28,,missing_pdb,False
Q9GZM8,,missing_pdb,False
Q9GZN8-2,,missing_pdb,False
Q9GZP4,/data/ranran/my_ptm/croton/data/structure_pipeline/pdb/Q9GZP4.pdb,exact_sequence_match,True
Q9GZP8,,missing_pdb,False
Q9GZQ3,/data/ranran/my_ptm/croton/data/structure_pipeline/pdb/Q9GZQ3.pdb,exact_sequence_match,True
Q9GZQ6,,missing_pdb,False
Q9GZR7,/data/ranran/my_ptm/croton/data/structure_pipeline/pdb/Q9GZR7.pdb,exact_sequence_match,True
Q9GZS0,,missing_pdb,False
Q9GZS1-1,,missing_pdb,False
Q9GZS3,/data/ranran/my_ptm/croton/data/structure_pipeline/pdb/Q9GZS3.pdb,exact_sequence_match,True
Q9GZT8,,missing_pdb,False
Q9GZT9,/data/ranran/my_ptm/croton/data/structure_pipeline/pdb/Q9GZT9.pdb,exact_sequence_match,True
Q9GZU0,,missing_pdb,False
Q9GZU2,,missing_pdb,False
Q9GZU7,,missing_pdb,False
Q9GZV5,,missing_pdb,False
Q9GZX7,,missing_pdb,False
Q9GZX9,,missing_pdb,False
Q9GZY8,/data/ranran/my_ptm/croton/data/structure_pipeline/pdb/Q9GZY8.pdb,exact_sequence_match,True
Q9GZZ1-2,,missing_pdb,False
Q9GZZ9,/data/ranran/my_ptm/croton/data/structure_pipeline/pdb/Q9GZZ9.pdb,exact_sequence_match,True
Q9H040,,missing_pdb,False
Q9H061,,missing_pdb,False
Q9H074,/data/ranran/my_ptm/croton/data/structure_pipeline/pdb/Q9H074.pdb,exact_sequence_match,True
Q9H078,/data/ranran/my_ptm/croton/data/structure_pipeline/pdb/Q9H078.pdb,exact_sequence_match,True
Q9H078-5,,missing_pdb,False
Q9H079,,missing_pdb,False
Q9H081,/data/ranran/my_ptm/croton/data/structure_pipeline/pdb/Q9H081.pdb,exact_sequence_match,True
Q9H089,/data/ranran/my_ptm/croton/data/structure_pipeline/pdb/Q9H089.pdb,exact_sequence_match,True
Q9H093,,missing_pdb,False
Q9H098-2,,missing_pdb,False
Q9H0E2,,missing_pdb,False
Q9H0E7,,missing_pdb,False
Q9H0E9,,missing_pdb,False
Q9H0F5,,missing_pdb,False
Q9H0G5,,missing_pdb,False
Q9H0H5,/data/ranran/my_ptm/croton/data/structure_pipeline/pdb/Q9H0H5.pdb,exact_sequence_match,True
Q9H0J4,,missing_pdb,False
Q9H0J9,,missing_pdb,False
Q9H0K1,,missing_pdb,False
Q9H0P0,,missing_pdb,False
Q9H0U9,,missing_pdb,False
Q9H0V9-2,,missing_pdb,False
Q9H115-3,,missing_pdb,False
Q9H116,,missing_pdb,False
Q9H147,,missing_pdb,False
Q9H158,,missing_pdb,False
Q9H160,,missing_pdb,False
Q9H171,,missing_pdb,False
Q9H1A4,/data/ranran/my_ptm/croton/data/structure_pipeline/pdb/Q9H1A4.pdb,exact_sequence_match,True
Q9H1B7,,missing_pdb,False
Q9H1D9,,missing_pdb,False
Q9H1E1,,missing_pdb,False
Q9H1I8,/data/ranran/my_ptm/croton/data/structure_pipeline/pdb/Q9H1I8.pdb,exact_sequence_match,True
Q9H1K0,/data/ranran/my_ptm/croton/data/structure_pipeline/pdb/Q9H1K0.pdb,exact_sequence_match,True
Q9H1X1-2,,missing_pdb,False
Q9H1Y0,/data/ranran/my_ptm/croton/data/structure_pipeline/pdb/Q9H1Y0.pdb,exact_sequence_match,True
Q9H1Z4,,missing_pdb,False
Q9H211,,missing_pdb,False
Q9H254,/data/ranran/my_ptm/croton/data/structure_pipeline/pdb/Q9H254.pdb,exact_sequence_match,True
Q9H254-2,,missing_pdb,False
Q9H269,/data/ranran/my_ptm/croton/data/structure_pipeline/pdb/Q9H269.pdb,exact_sequence_match,True
Q9H2C0,,missing_pdb,False
Q9H2D1,/data/ranran/my_ptm/croton/data/structure_pipeline/pdb/Q9H2D1.pdb,exact_sequence_match,True
Q9H2D6,,missing_pdb,False
Q9H2F5,,missing_pdb,False
Q9H2F9,/data/ranran/my_ptm/croton/data/structure_pipeline/pdb/Q9H2F9.pdb,exact_sequence_match,True
Q9H2G2,/data/ranran/my_ptm/croton/data/structure_pipeline/pdb/Q9H2G2.pdb,exact_sequence_match,True
Q9H2G4,,missing_pdb,False
Q9H2M9,/data/ranran/my_ptm/croton/data/structure_pipeline/pdb/Q9H2M9.pdb,exact_sequence_match,True
Q9H2S1,,missing_pdb,False
Q9H2S5,,missing_pdb,False
Q9H2S9,,missing_pdb,False
Q9H2U1,/data/ranran/my_ptm/croton/data/structure_pipeline/pdb/Q9H2U1.pdb,exact_sequence_match,True
Q9H2U2-2,,missing_pdb,False
Q9H2U2-4,,missing_pdb,False
Q9H2U2-6,,missing_pdb,False
Q9H300,,missing_pdb,False
Q9H306,,missing_pdb,False
Q9H322,,missing_pdb,False
Q9H347,,missing_pdb,False
Q9H3C7,,missing_pdb,False
Q9H3D4,,missing_pdb,False
Q9H3H1,,missing_pdb,False
Q9H3H9,,missing_pdb,False
Q9H3K2,/data/ranran/my_ptm/croton/data/structure_pipeline/pdb/Q9H3K2.pdb,exact_sequence_match,True
Q9H3K6-2,,missing_pdb,False
Q9H3L0,,missing_pdb,False
Q9H3N1,,missing_pdb,False
Q9H3P7,/data/ranran/my_ptm/croton/data/structure_pipeline/pdb/Q9H3P7.pdb,exact_sequence_match,True
Q9H3R5,,missing_pdb,False
Q9H3T3,,missing_pdb,False
Q9H410,,missing_pdb,False
Q9H446,,missing_pdb,False
Q9H467,/data/ranran/my_ptm/croton/data/structure_pipeline/pdb/Q9H467.pdb,exact_sequence_match,True
Q9H488,,missing_pdb,False
Q9H4A3,/data/ranran/my_ptm/croton/data/structure_pipeline/pdb/Q9H4A3.pdb,exact_sequence_match,True
Q9H4E7,,missing_pdb,False
Q9H4F8,,missing_pdb,False
Q9H4G4,,missing_pdb,False
Q9H4H8,,missing_pdb,False
Q9H4I2,,missing_pdb,False
Q9H4K1,,missing_pdb,False
Q9H4L4,,missing_pdb,False
Q9H4P4,,missing_pdb,False
Q9H4Q3,,missing_pdb,False
Q9H4Q4,,missing_pdb,False
Q9H4Z2,,missing_pdb,False
Q9H4Z3,,missing_pdb,False
Q9H501,/data/ranran/my_ptm/croton/data/structure_pipeline/pdb/Q9H501.pdb,exact_sequence_match,True
Q9H582,,missing_pdb,False
Q9H583,/data/ranran/my_ptm/croton/data/structure_pipeline/pdb/Q9H583.pdb,exact_sequence_match,True
Q9H5I5,,missing_pdb,False
Q9H5N1,,missing_pdb,False
Q9H5Q4,/data/ranran/my_ptm/croton/data/structure_pipeline/pdb/Q9H5Q4.pdb,exact_sequence_match,True
Q9H5U6,,missing_pdb,False
Q9H5V8,,missing_pdb,False
Q9H5Z6,,missing_pdb,False
Q9H628,,missing_pdb,False
Q9H694,,missing_pdb,False
Q9H6D7,,missing_pdb,False
Q9H6D8,,missing_pdb,False
Q9H6E4,,missing_pdb,False
Q9H6E5,/data/ranran/my_ptm/croton/data/structure_pipeline/pdb/Q9H6E5.pdb,exact_sequence_match,True
Q9H6F5,/data/ranran/my_ptm/croton/data/structure_pipeline/pdb/Q9H6F5.pdb,exact_sequence_match,True
Q9H6H4,/data/ranran/my_ptm/croton/data/structure_pipeline/pdb/Q9H6H4.pdb,exact_sequence_match,True
Q9H6P5,,missing_pdb,False
Q9H6R3,,missing_pdb,False
Q9H6R4,/data/ranran/my_ptm/croton/data/structure_pipeline/pdb/Q9H6R4.pdb,exact_sequence_match,True
Q9H6R7,,missing_pdb,False
Q9H6S0,/data/ranran/my_ptm/croton/data/structure_pipeline/pdb/Q9H6S0.pdb,exact_sequence_match,True
Q9H6T0,/data/ranran/my_ptm/croton/data/structure_pipeline/pdb/Q9H6T0.pdb,exact_sequence_match,True
Q9H6T3,/data/ranran/my_ptm/croton/data/structure_pipeline/pdb/Q9H6T3.pdb,exact_sequence_match,True
Q9H6T3-3,,missing_pdb,False
Q9H6U6-8,,missing_pdb,False
Q9H6Z4,/data/ranran/my_ptm/croton/data/structure_pipeline/pdb/Q9H6Z4.pdb,exact_sequence_match,True
Q9H714,,missing_pdb,False
Q9H715,,missing_pdb,False
Q9H720,,missing_pdb,False
Q9H777,,missing_pdb,False
Q9H788,/data/ranran/my_ptm/croton/data/structure_pipeline/pdb/Q9H788.pdb,exact_sequence_match,True
Q9H792,,missing_pdb,False
Q9H7D7,,missing_pdb,False
Q9H7E2-3,,missing_pdb,False
Q9H7E9,,missing_pdb,False
Q9H7F0,,missing_pdb,False
Q9H7H0,,missing_pdb,False
Q9H7L2,,missing_pdb,False
Q9H7N4,,missing_pdb,False
Q9H7P6,,missing_pdb,False
Q9H7R1,,missing_pdb,False
Q9H7U1,,missing_pdb,False
Q9H7Z3,,missing_pdb,False
Q9H814,/data/ranran/my_ptm/croton/data/structure_pipeline/pdb/Q9H814.pdb,exact_sequence_match,True
Q9H8E8,,missing_pdb,False
Q9H8G2,,missing_pdb,False
Q9H8H0,/data/ranran/my_ptm/croton/data/structure_pipeline/pdb/Q9H8H0.pdb,exact_sequence_match,True
Q9H8H2,/data/ranran/my_ptm/croton/data/structure_pipeline/pdb/Q9H8H2.pdb,exact_sequence_match,True
Q9H8M7,,missing_pdb,False
Q9H8P0,,missing_pdb,False
Q9H8T0,,missing_pdb,False
Q9H8U3,,missing_pdb,False
Q9H8V3-3,,missing_pdb,False
Q9H8W3,,missing_pdb,False
Q9H8X2,,missing_pdb,False
Q9H8X9,,missing_pdb,False
Q9H8Y5,,missing_pdb,False
Q9H8Y8,/data/ranran/my_ptm/croton/data/structure_pipeline/pdb/Q9H8Y8.pdb,exact_sequence_match,True
Q9H900,/data/ranran/my_ptm/croton/data/structure_pipeline/pdb/Q9H900.pdb,exact_sequence_match,True
Q9H944,,missing_pdb,False
Q9H967,/data/ranran/my_ptm/croton/data/structure_pipeline/pdb/Q9H967.pdb,exact_sequence_match,True
Q9H974,,missing_pdb,False
Q9H987,,missing_pdb,False
Q9H9A7,,missing_pdb,False
Q9H9B1,,missing_pdb,False
Q9H9E3,/data/ranran/my_ptm/croton/data/structure_pipeline/pdb/Q9H9E3.pdb,exact_sequence_match,True
Q9H9F9,,missing_pdb,False
Q9H9J4,,missing_pdb,False
Q9H9L4,,missing_pdb,False
Q9H9Q4,,missing_pdb,False
Q9HA82,,missing_pdb,False
Q9HAC7,,missing_pdb,False
Q9HAE3,,missing_pdb,False
Q9HAF1-3,,missing_pdb,False
Q9HAH1,,missing_pdb,False
Q9HAH7,,missing_pdb,False
Q9HAQ2,,missing_pdb,False
Q9HAS0,,missing_pdb,False
Q9HAT1,,missing_pdb,False
Q9HAT8,,missing_pdb,False
Q9HAU5,/data/ranran/my_ptm/croton/data/structure_pipeline/pdb/Q9HAU5.pdb,exact_sequence_match,True
Q9HAV5,,missing_pdb,False
Q9HAW4,,missing_pdb,False
Q9HAZ2,,missing_pdb,False
Q9HB14,,missing_pdb,False
Q9HB19,,missing_pdb,False
Q9HB58,,missing_pdb,False
Q9HB66,,missing_pdb,False
Q9HB71-2,,missing_pdb,False
Q9HBD1,,missing_pdb,False
Q9HBD1-3,,missing_pdb,False
Q9HBD1-6,,missing_pdb,False
Q9HBE1,,missing_pdb,False
Q9HBG6-5,,missing_pdb,False
Q9HBG6-7,,missing_pdb,False
Q9HBH1,,missing_pdb,False
Q9HBI0,,missing_pdb,False
Q9HBL7,/data/ranran/my_ptm/croton/data/structure_pipeline/pdb/Q9HBL7.pdb,exact_sequence_match,True
Q9HBM0,,missing_pdb,False
Q9HBM1,/data/ranran/my_ptm/croton/data/structure_pipeline/pdb/Q9HBM1.pdb,exact_sequence_match,True
Q9HBU6,,missing_pdb,False
Q9HC07,/data/ranran/my_ptm/croton/data/structure_pipeline/pdb/Q9HC07.pdb,exact_sequence_match,True
Q9HC21,/data/ranran/my_ptm/croton/data/structure_pipeline/pdb/Q9HC21.pdb,exact_sequence_match,True
Q9HC29,,missing_pdb,False
Q9HC35,/data/ranran/my_ptm/croton/data/structure_pipeline/pdb/Q9HC35.pdb,exact_sequence_match,True
Q9HC36,/data/ranran/my_ptm/croton/data/structure_pipeline/pdb/Q9HC36.pdb,exact_sequence_match,True
Q9HC38,/data/ranran/my_ptm/croton/data/structure_pipeline/pdb/Q9HC38.pdb,exact_sequence_match,True
Q9HC44,,missing_pdb,False
Q9HC62,,missing_pdb,False
Q9HC77,,missing_pdb,False
Q9HC84,,missing_pdb,False
Q9HCC6,,missing_pdb,False
Q9HCD5,/data/ranran/my_ptm/croton/data/structure_pipeline/pdb/Q9HCD5.pdb,exact_sequence_match,True
Q9HCE0,,missing_pdb,False
Q9HCE5,,missing_pdb,False
Q9HCE9,,missing_pdb,False
Q9HCH0,,missing_pdb,False
Q9HCI5,,missing_pdb,False
Q9HCJ3,,missing_pdb,False
Q9HCJ5,,missing_pdb,False
Q9HCM1,,missing_pdb,False
Q9HCM4,,missing_pdb,False
Q9HCN8,,missing_pdb,False
Q9HCS5,,missing_pdb,False
Q9HCU4,,missing_pdb,False
Q9HCU5,/data/ranran/my_ptm/croton/data/structure_pipeline/pdb/Q9HCU5.pdb,exact_sequence_match,True
Q9HCU8,,missing_pdb,False
Q9HCU9,,missing_pdb,False
Q9HCY8,,missing_pdb,False
Q9HD15,,missing_pdb,False
Q9HD23-3,,missing_pdb,False
Q9HD23-4,,missing_pdb,False
Q9HD26,/data/ranran/my_ptm/croton/data/structure_pipeline/pdb/Q9HD26.pdb,exact_sequence_match,True
Q9HD33-3,,missing_pdb,False
Q9HDC9,/data/ranran/my_ptm/croton/data/structure_pipeline/pdb/Q9HDC9.pdb,exact_sequence_match,True
Q9HEW1,,missing_pdb,False
Q9I7F7,,missing_pdb,False
Q9I7K0,,missing_pdb,False
Q9I7K6,,missing_pdb,False
Q9I7U7,,missing_pdb,False
Q9JHI2-3,,missing_pdb,False
Q9JHI8,,missing_pdb,False
Q9JHS4,,missing_pdb,False
Q9JHT5,,missing_pdb,False
Q9JI78,,missing_pdb,False
Q9JI92,,missing_pdb,False
Q9JII1,,missing_pdb,False
Q9JIK5,,missing_pdb,False
Q9JIK9,,missing_pdb,False
Q9JIM1,,missing_pdb,False
Q9JIX9,,missing_pdb,False
Q9JJ11,,missing_pdb,False
Q9JJ25,,missing_pdb,False
Q9JJ28,,missing_pdb,False
Q9JJ40,,missing_pdb,False
Q9JJH5,,missing_pdb,False
Q9JJH7,,missing_pdb,False
Q9JJL3,,missing_pdb,False
Q9JJN6,,missing_pdb,False
Q9JJR2,,missing_pdb,False
Q9JJV9,,missing_pdb,False
Q9JJZ6,,missing_pdb,False
Q9JK23,,missing_pdb,False
Q9JK45,,missing_pdb,False
Q9JK54,,missing_pdb,False
Q9JK90,,missing_pdb,False
Q9JK97,,missing_pdb,False
Q9JKC9,,missing_pdb,False
Q9JKF6,,missing_pdb,False
Q9JKS5,,missing_pdb,False
Q9JL04,,missing_pdb,False
Q9JL25,,missing_pdb,False
Q9JL70,,missing_pdb,False
Q9JLC3,,missing_pdb,False
Q9JLG4,,missing_pdb,False
Q9JLT4-3,,missing_pdb,False
Q9JLT6,,missing_pdb,False
Q9JLV1,,missing_pdb,False
Q9JLX3,,missing_pdb,False
Q9JM13,,missing_pdb,False
Q9JMB3,,missing_pdb,False
Q9JMD0,,missing_pdb,False
Q9JMD3,,missing_pdb,False
Q9JME2,,missing_pdb,False
Q9JMG6,,missing_pdb,False
Q9KJU4,,missing_pdb,False
Q9LD54,,missing_pdb,False
Q9LDS7,,missing_pdb,False
Q9LEV3,,missing_pdb,False
Q9LGA5,,missing_pdb,False
Q9LGE6,,missing_pdb,False
Q9LGZ2,,missing_pdb,False
Q9LIB5,,missing_pdb,False
Q9LIC3,,missing_pdb,False
Q9LIW7,,missing_pdb,False
Q9LRR2,,missing_pdb,False
Q9LSQ2,,missing_pdb,False
Q9LSZ8,,missing_pdb,False
Q9LUK6,,missing_pdb,False
Q9LWT7,,missing_pdb,False
Q9LXY7,,missing_pdb,False
Q9LYA9,,missing_pdb,False
Q9LZE4,,missing_pdb,False
Q9M1Z2,,missing_pdb,False
Q9M2W9,,missing_pdb,False
Q9M710,,missing_pdb,False
Q9M8Y5,,missing_pdb,False
Q9N693,,missing_pdb,False
Q9NFP5,,missing_pdb,False
Q9NKV0,,missing_pdb,False
Q9NNW5,,missing_pdb,False
Q9NNX4,,missing_pdb,False
Q9NNX6,,missing_pdb,False
Q9NP55,,missing_pdb,False
Q9NP58,/data/ranran/my_ptm/croton/data/structure_pipeline/pdb/Q9NP58.pdb,exact_sequence_match,True
Q9NP60,,missing_pdb,False
Q9NP66,/data/ranran/my_ptm/croton/data/structure_pipeline/pdb/Q9NP66.pdb,exact_sequence_match,True
Q9NP72-2,,missing_pdb,False
Q9NP80,/data/ranran/my_ptm/croton/data/structure_pipeline/pdb/Q9NP80.pdb,exact_sequence_match,True
Q9NP81-2,,missing_pdb,False
Q9NPA0,,missing_pdb,False
Q9NPB1,,missing_pdb,False
Q9NPB8,,missing_pdb,False
Q9NPC2,,missing_pdb,False
Q9NPD8,,missing_pdb,False
Q9NPE2,,missing_pdb,False
Q9NPE6,,missing_pdb,False
Q9NPH0,,missing_pdb,False
Q9NPI6,,missing_pdb,False
Q9NPJ6,/data/ranran/my_ptm/croton/data/structure_pipeline/pdb/Q9NPJ6.pdb,exact_sequence_match,True
Q9NPL8,/data/ranran/my_ptm/croton/data/structure_pipeline/pdb/Q9NPL8.pdb,exact_sequence_match,True
Q9NQ25,,missing_pdb,False
Q9NQ38,,missing_pdb,False
Q9NQ50,,missing_pdb,False
Q9NQ86,,missing_pdb,False
Q9NQ88,/data/ranran/my_ptm/croton/data/structure_pipeline/pdb/Q9NQ88.pdb,exact_sequence_match,True
Q9NQA5,,missing_pdb,False
Q9NQB0,,missing_pdb,False
Q9NQC3,/data/ranran/my_ptm/croton/data/structure_pipeline/pdb/Q9NQC3.pdb,exact_sequence_match,True
Q9NQC3-5,,missing_pdb,False
Q9NQC7,,missing_pdb,False
Q9NQG1,,missing_pdb,False
Q9NQG6,,missing_pdb,False
Q9NQI0-3,,missing_pdb,False
Q9NQL9,,missing_pdb,False
Q9NQR1,,missing_pdb,False
Q9NQS1,,missing_pdb,False
Q9NQS7,/data/ranran/my_ptm/croton/data/structure_pipeline/pdb/Q9NQS7.pdb,exact_sequence_match,True
Q9NQT5,,missing_pdb,False
Q9NQT5-2,,missing_pdb,False
Q9NQT8,,missing_pdb,False
Q9NQV7,/data/ranran/my_ptm/croton/data/structure_pipeline/pdb/Q9NQV7.pdb,exact_sequence_match,True
Q9NQW6,/data/ranran/my_ptm/croton/data/structure_pipeline/pdb/Q9NQW6.pdb,exact_sequence_match,True
Q9NQX1,,missing_pdb,False
Q9NQX7,,missing_pdb,False
Q9NQY0,,missing_pdb,False
Q9NQZ2,/data/ranran/my_ptm/croton/data/structure_pipeline/pdb/Q9NQZ2.pdb,exact_sequence_match,True
Q9NQZ6,,missing_pdb,False
Q9NR00,,missing_pdb,False
Q9NR28,/data/ranran/my_ptm/croton/data/structure_pipeline/pdb/Q9NR28.pdb,exact_sequence_match,True
Q9NR33,/data/ranran/my_ptm/croton/data/structure_pipeline/pdb/Q9NR33.pdb,exact_sequence_match,True
Q9NR48,,missing_pdb,False
Q9NR50,/data/ranran/my_ptm/croton/data/structure_pipeline/pdb/Q9NR50.pdb,exact_sequence_match,True
Q9NR56,/data/ranran/my_ptm/croton/data/structure_pipeline/pdb/Q9NR56.pdb,exact_sequence_match,True
Q9NR99,,missing_pdb,False
Q9NRA8-3,,missing_pdb,False
Q9NRC1,,missing_pdb,False
Q9NRD5,,missing_pdb,False
Q9NRF9,/data/ranran/my_ptm/croton/data/structure_pipeline/pdb/Q9NRF9.pdb,exact_sequence_match,True
Q9NRG0,/data/ranran/my_ptm/croton/data/structure_pipeline/pdb/Q9NRG0.pdb,exact_sequence_match,True
Q9NRG9,,missing_pdb,False
Q9NRH1,,missing_pdb,False
Q9NRH2,/data/ranran/my_ptm/croton/data/structure_pipeline/pdb/Q9NRH2.pdb,exact_sequence_match,True
Q9NRJ3,,missing_pdb,False
Q9NRK6,/data/ranran/my_ptm/croton/data/structure_pipeline/pdb/Q9NRK6.pdb,exact_sequence_match,True
Q9NRL2,/data/ranran/my_ptm/croton/data/structure_pipeline/pdb/Q9NRL2.pdb,exact_sequence_match,True
Q9NRM0,,missing_pdb,False
Q9NRN9,/data/ranran/my_ptm/croton/data/structure_pipeline/pdb/Q9NRN9.pdb,exact_sequence_match,True
Q9NRP0,,missing_pdb,False
Q9NRP7,,missing_pdb,False
Q9NRR4,,missing_pdb,False
Q9NRU5,,missing_pdb,False
Q9NRX1,,missing_pdb,False
Q9NRY2-2,,missing_pdb,False
Q9NS00,,missing_pdb,False
Q9NS23,,missing_pdb,False
Q9NS26,,missing_pdb,False
Q9NS56,,missing_pdb,False
Q9NS69,,missing_pdb,False
Q9NS73,,missing_pdb,False
Q9NS87,/data/ranran/my_ptm/croton/data/structure_pipeline/pdb/Q9NS87.pdb,exact_sequence_match,True
Q9NS87-3,,missing_pdb,False
Q9NS91,/data/ranran/my_ptm/croton/data/structure_pipeline/pdb/Q9NS91.pdb,exact_sequence_match,True
Q9NSC2,,missing_pdb,False
Q9NSG2,,missing_pdb,False
Q9NSG2-3,,missing_pdb,False
Q9NSI2,/data/ranran/my_ptm/croton/data/structure_pipeline/pdb/Q9NSI2.pdb,exact_sequence_match,True
Q9NSI6,,missing_pdb,False
Q9NSQ0,,missing_pdb,False
Q9NST1,,missing_pdb,False
Q9NSY1,,missing_pdb,False
Q9NTG1,,missing_pdb,False
Q9NTG7,,missing_pdb,False
Q9NTI5-3,,missing_pdb,False
Q9NTK5-2,,missing_pdb,False
Q9NTK5-3,,missing_pdb,False
Q9NTM9,/data/ranran/my_ptm/croton/data/structure_pipeline/pdb/Q9NTM9.pdb,exact_sequence_match,True
Q9NTN9,,missing_pdb,False
Q9NTU4,,missing_pdb,False
Q9NTW7,,missing_pdb,False
Q9NTX9,,missing_pdb,False
Q9NU02,,missing_pdb,False
Q9NU19,,missing_pdb,False
Q9NU22,,missing_pdb,False
Q9NUA8,,missing_pdb,False
Q9NUD5,,missing_pdb,False
Q9NUE0,,missing_pdb,False
Q9NUG6,,missing_pdb,False
Q9NUJ1,,missing_pdb,False
Q9NUL5,,missing_pdb,False
Q9NUM4,/data/ranran/my_ptm/croton/data/structure_pipeline/pdb/Q9NUM4.pdb,exact_sequence_match,True
Q9NUN5,,missing_pdb,False
Q9NUP7,,missing_pdb,False
Q9NUQ7,,missing_pdb,False
Q9NUU6,,missing_pdb,False
Q9NUV9,,missing_pdb,False
Q9NUX5,,missing_pdb,False
Q9NUY8,,missing_pdb,False
Q9NV06-2,,missing_pdb,False
Q9NV31,,missing_pdb,False
Q9NV79,,missing_pdb,False
Q9NVA4,,missing_pdb,False
Q9NVC6,/data/ranran/my_ptm/croton/data/structure_pipeline/pdb/Q9NVC6.pdb,exact_sequence_match,True
Q9NVG8,/data/ranran/my_ptm/croton/data/structure_pipeline/pdb/Q9NVG8.pdb,exact_sequence_match,True
Q9NVH2,/data/ranran/my_ptm/croton/data/structure_pipeline/pdb/Q9NVH2.pdb,exact_sequence_match,True
Q9NVH6-4,,missing_pdb,False
Q9NVH6-8,,missing_pdb,False
Q9NVI7-3,,missing_pdb,False
Q9NVK5,,missing_pdb,False
Q9NVM4,/data/ranran/my_ptm/croton/data/structure_pipeline/pdb/Q9NVM4.pdb,exact_sequence_match,True
Q9NVM6,/data/ranran/my_ptm/croton/data/structure_pipeline/pdb/Q9NVM6.pdb,exact_sequence_match,True
Q9NVM9,/data/ranran/my_ptm/croton/data/structure_pipeline/pdb/Q9NVM9.pdb,exact_sequence_match,True
Q9NVN8,/data/ranran/my_ptm/croton/data/structure_pipeline/pdb/Q9NVN8.pdb,exact_sequence_match,True
Q9NVQ4-2,,missing_pdb,False
Q9NVR7,,missing_pdb,False
Q9NVT9,/data/ranran/my_ptm/croton/data/structure_pipeline/pdb/Q9NVT9.pdb,exact_sequence_match,True
Q9NVU0,/data/ranran/my_ptm/croton/data/structure_pipeline/pdb/Q9NVU0.pdb,exact_sequence_match,True
Q9NVV4-2,,missing_pdb,False
Q9NVX0,,missing_pdb,False
Q9NW13,/data/ranran/my_ptm/croton/data/structure_pipeline/pdb/Q9NW13.pdb,exact_sequence_match,True
Q9NW75,,missing_pdb,False
Q9NW81,/data/ranran/my_ptm/croton/data/structure_pipeline/pdb/Q9NW81.pdb,exact_sequence_match,True
Q9NWA0,,missing_pdb,False
Q9NWB1,,missing_pdb,False
Q9NWB6,/data/ranran/my_ptm/croton/data/structure_pipeline/pdb/Q9NWB6.pdb,exact_sequence_match,True
Q9NWF9,,missing_pdb,False
Q9NWH9-3,,missing_pdb,False
Q9NWK9,,missing_pdb,False
Q9NWS1,,missing_pdb,False
Q9NWT1,/data/ranran/my_ptm/croton/data/structure_pipeline/pdb/Q9NWT1.pdb,exact_sequence_match,True
Q9NWT6,,missing_pdb,False
Q9NWU2,,missing_pdb,False
Q9NWV8,,missing_pdb,False
Q9NWX6,,missing_pdb,False
Q9NWZ3,,missing_pdb,False
Q9NX01,/data/ranran/my_ptm/croton/data/structure_pipeline/pdb/Q9NX01.pdb,exact_sequence_match,True
Q9NX08,,missing_pdb,False
Q9NX18,/data/ranran/my_ptm/croton/data/structure_pipeline/pdb/Q9NX18.pdb,exact_sequence_match,True
Q9NX36,,missing_pdb,False
Q9NX40-4,,missing_pdb,False
Q9NX47,,missing_pdb,False
Q9NX52,,missing_pdb,False
Q9NX62,/data/ranran/my_ptm/croton/data/structure_pipeline/pdb/Q9NX62.pdb,exact_sequence_match,True
Q9NX70,,missing_pdb,False
Q9NX95,,missing_pdb,False
Q9NXB9,,missing_pdb,False
Q9NXC5,/data/ranran/my_ptm/croton/data/structure_pipeline/pdb/Q9NXC5.pdb,exact_sequence_match,True
Q9NXE4-4,,missing_pdb,False
Q9NXE4-8,,missing_pdb,False
Q9NXE8,,missing_pdb,False
Q9NXF1,/data/ranran/my_ptm/croton/data/structure_pipeline/pdb/Q9NXF1.pdb,exact_sequence_match,True
Q9NXF7,,missing_pdb,False
Q9NXF8,,missing_pdb,False
Q9NXG0,,missing_pdb,False
Q9NXL9,,missing_pdb,False
Q9NXR7-1,,missing_pdb,False
Q9NXS2,,missing_pdb,False
Q9NXV2,,missing_pdb,False
Q9NXV6,,missing_pdb,False
Q9NY30,,missing_pdb,False
Q9NY37,,missing_pdb,False
Q9NY59,,missing_pdb,False
Q9NY61,/data/ranran/my_ptm/croton/data/structure_pipeline/pdb/Q9NY61.pdb,exact_sequence_match,True
Q9NY74,/data/ranran/my_ptm/croton/data/structure_pipeline/pdb/Q9NY74.pdb,exact_sequence_match,True
Q9NYB0,,missing_pdb,False
Q9NYB9,/data/ranran/my_ptm/croton/data/structure_pipeline/pdb/Q9NYB9.pdb,exact_sequence_match,True
Q9NYH9,/data/ranran/my_ptm/croton/data/structure_pipeline/pdb/Q9NYH9.pdb,exact_sequence_match,True
Q9NYI0,,missing_pdb,False
Q9NYJ1,,missing_pdb,False
Q9NYK1,,missing_pdb,False
Q9NYK5-2,,missing_pdb,False
Q9NYN1,,missing_pdb,False
Q9NYP9,,missing_pdb,False
Q9NYS0,,missing_pdb,False
Q9NYU2,/data/ranran/my_ptm/croton/data/structure_pipeline/pdb/Q9NYU2.pdb,exact_sequence_match,True
Q9NYY8,,missing_pdb,False
Q9NZ00,,missing_pdb,False
Q9NZ09,/data/ranran/my_ptm/croton/data/structure_pipeline/pdb/Q9NZ09.pdb,exact_sequence_match,True
Q9NZ20,,missing_pdb,False
Q9NZ32,/data/ranran/my_ptm/croton/data/structure_pipeline/pdb/Q9NZ32.pdb,exact_sequence_match,True
Q9NZ43,/data/ranran/my_ptm/croton/data/structure_pipeline/pdb/Q9NZ43.pdb,exact_sequence_match,True
Q9NZ52,/data/ranran/my_ptm/croton/data/structure_pipeline/pdb/Q9NZ52.pdb,exact_sequence_match,True
Q9NZ81,,missing_pdb,False
Q9NZA1,,missing_pdb,False
Q9NZB2-6,,missing_pdb,False
Q9NZC9,,missing_pdb,False
Q9NZD8,/data/ranran/my_ptm/croton/data/structure_pipeline/pdb/Q9NZD8.pdb,exact_sequence_match,True
Q9NZJ0,,missing_pdb,False
Q9NZJ5,,missing_pdb,False
Q9NZJ7,,missing_pdb,False
Q9NZJ9,,missing_pdb,False
Q9NZL4,,missing_pdb,False
Q9NZM1-5,,missing_pdb,False
Q9NZM5,/data/ranran/my_ptm/croton/data/structure_pipeline/pdb/Q9NZM5.pdb,exact_sequence_match,True
Q9NZN4-2,,missing_pdb,False
Q9NZN5,/data/ranran/my_ptm/croton/data/structure_pipeline/pdb/Q9NZN5.pdb,exact_sequence_match,True
Q9NZN8,/data/ranran/my_ptm/croton/data/structure_pipeline/pdb/Q9NZN8.pdb,exact_sequence_match,True
Q9NZP6,,missing_pdb,False
Q9NZQ3,,missing_pdb,False
Q9NZQ7,,missing_pdb,False
Q9NZT2,,missing_pdb,False
Q9NZU1,,missing_pdb,False
Q9P000,/data/ranran/my_ptm/croton/data/structure_pipeline/pdb/Q9P000.pdb,exact_sequence_match,True
Q9P015,,missing_pdb,False
Q9P016-2,,missing_pdb,False
Q9P025,,missing_pdb,False
Q9P031,,missing_pdb,False
Q9P035,,missing_pdb,False
Q9P086,,missing_pdb,False
Q9P0H9,,missing_pdb,False
Q9P0J1-2,,missing_pdb,False
Q9P0J6,,missing_pdb,False
Q9P0J7,/data/ranran/my_ptm/croton/data/structure_pipeline/pdb/Q9P0J7.pdb,exact_sequence_match,True
Q9P0K7-2,,missing_pdb,False
Q9P0L1,,missing_pdb,False
Q9P0M2,,missing_pdb,False
Q9P0U1,,missing_pdb,False
Q9P0U4,,missing_pdb,False
Q9P0V3,/data/ranran/my_ptm/croton/data/structure_pipeline/pdb/Q9P0V3.pdb,exact_sequence_match,True
Q9P104,,missing_pdb,False
Q9P107,,missing_pdb,False
Q9P1P5,,missing_pdb,False
Q9P1T7,,missing_pdb,False
Q9P1U0,,missing_pdb,False
Q9P1Y5,/data/ranran/my_ptm/croton/data/structure_pipeline/pdb/Q9P1Y5.pdb,exact_sequence_match,True
Q9P1Z0,,missing_pdb,False
Q9P1Z2,/data/ranran/my_ptm/croton/data/structure_pipeline/pdb/Q9P1Z2.pdb,exact_sequence_match,True
Q9P206,,missing_pdb,False
Q9P209,,missing_pdb,False
Q9P212,,missing_pdb,False
Q9P215,,missing_pdb,False
Q9P218,,missing_pdb,False
Q9P219,/data/ranran/my_ptm/croton/data/structure_pipeline/pdb/Q9P219.pdb,exact_sequence_match,True
Q9P227,,missing_pdb,False
Q9P258,/data/ranran/my_ptm/croton/data/structure_pipeline/pdb/Q9P258.pdb,exact_sequence_match,True
Q9P265,,missing_pdb,False
Q9P267,,missing_pdb,False
Q9P275,,missing_pdb,False
Q9P286,,missing_pdb,False
Q9P2B4,/data/ranran/my_ptm/croton/data/structure_pipeline/pdb/Q9P2B4.pdb,exact_sequence_match,True
Q9P2D0,,missing_pdb,False
Q9P2D1,,missing_pdb,False
Q9P2D3,,missing_pdb,False
Q9P2E2,,missing_pdb,False
Q9P2E3,/data/ranran/my_ptm/croton/data/structure_pipeline/pdb/Q9P2E3.pdb,exact_sequence_match,True
Q9P2E8,,missing_pdb,False
Q9P2F9,,missing_pdb,False
Q9P2G4,,missing_pdb,False
Q9P2H0,,missing_pdb,False
Q9P2M4,,missing_pdb,False
Q9P2M7-2,,missing_pdb,False
Q9P2N6,,missing_pdb,False
Q9P2P1,,missing_pdb,False
Q9P2P6,,missing_pdb,False
Q9P2Q2,,missing_pdb,False
Q9P2R3-2,,missing_pdb,False
Q9P2R6,,missing_pdb,False
Q9P2S6,,missing_pdb,False
Q9P2T0,,missing_pdb,False
Q9P2T1-2,,missing_pdb,False
Q9P2W9,/data/ranran/my_ptm/croton/data/structure_pipeline/pdb/Q9P2W9.pdb,exact_sequence_match,True
Q9P2X3,,missing_pdb,False
Q9P2Y5,,missing_pdb,False
Q9P2Z0,,missing_pdb,False
Q9P305,,missing_pdb,False
Q9P975,,missing_pdb,False
Q9QUK0,,missing_pdb,False
Q9QUK4,,missing_pdb,False
Q9QUL0,,missing_pdb,False
Q9QUP4,,missing_pdb,False
Q9QUR2,,missing_pdb,False
Q9QWI6,,missing_pdb,False
Q9QWM1,,missing_pdb,False
Q9QWY8,,missing_pdb,False
Q9QX29,,missing_pdb,False
Q9QXM0,,missing_pdb,False
Q9QXN4,,missing_pdb,False
Q9QXS1,,missing_pdb,False
Q9QXS6,,missing_pdb,False
Q9QXT0,,missing_pdb,False
Q9QXU2,,missing_pdb,False
Q9QY02,,missing_pdb,False
Q9QY42,,missing_pdb,False
Q9QY61,,missing_pdb,False
Q9QY93,,missing_pdb,False
Q9QYB1,,missing_pdb,False
Q9QYH7,,missing_pdb,False
Q9QYL0,,missing_pdb,False
Q9QYP2,,missing_pdb,False
Q9QYZ6,,missing_pdb,False
Q9QZ03,,missing_pdb,False
Q9QZ29,,missing_pdb,False
Q9QZ59-2,,missing_pdb,False
Q9QZH3,,missing_pdb,False
Q9QZI9,,missing_pdb,False
Q9QZM9,,missing_pdb,False
Q9R022,,missing_pdb,False
Q9R0A5,,missing_pdb,False
Q9R0I7,,missing_pdb,False
Q9R0L6,,missing_pdb,False
Q9R0T2,,missing_pdb,False
Q9R0U9,,missing_pdb,False
Q9R100,,missing_pdb,False
Q9R117,,missing_pdb,False
Q9R118,,missing_pdb,False
Q9R123,,missing_pdb,False
Q9R155,,missing_pdb,False
Q9R1D1,,missing_pdb,False
Q9R1G6,,missing_pdb,False
Q9R1H0,,missing_pdb,False
Q9R1K8,,missing_pdb,False
Q9R1M5,,missing_pdb,False
Q9R1N9,,missing_pdb,False
Q9R257,,missing_pdb,False
Q9R283,,missing_pdb,False
Q9R9I1,,missing_pdb,False
Q9S3R8,,missing_pdb,False
Q9S498,,missing_pdb,False
Q9S6Y2,,missing_pdb,False
Q9S7L9,,missing_pdb,False
Q9S9X4,,missing_pdb,False
Q9SCK5,,missing_pdb,False
Q9SDJ2,,missing_pdb,False
Q9SF49,,missing_pdb,False
Q9SHI7,,missing_pdb,False
Q9SIH5,,missing_pdb,False
Q9SQT7,,missing_pdb,False
Q9SUI6,,missing_pdb,False
Q9SUR3,,missing_pdb,False
Q9SV36,,missing_pdb,False
Q9SXP7,,missing_pdb,False
Q9SZF3,,missing_pdb,False
Q9T0P1,,missing_pdb,False
Q9TW27,,missing_pdb,False
Q9TY94,,missing_pdb,False
Q9TY96,,missing_pdb,False
Q9TY99,,missing_pdb,False
Q9U0H0,,missing_pdb,False
Q9U0H2,,missing_pdb,False
Q9U0I0,,missing_pdb,False
Q9U0J2,,missing_pdb,False
Q9U0K5,,missing_pdb,False
Q9U0K7,,missing_pdb,False
Q9U0K8,,missing_pdb,False
Q9U0L3,,missing_pdb,False
Q9U0N0,,missing_pdb,False
Q9U1H9,,missing_pdb,False
Q9U3V9,,missing_pdb,False
Q9U9Q4,,missing_pdb,False
Q9UBC1,/data/ranran/my_ptm/croton/data/structure_pipeline/pdb/Q9UBC1.pdb;/data/ranran/my_ptm/croton/data/structure_pipeline/pdb/AF-Q9UBC1-F1-model_v6.pdb,sequence_mismatch,False
Q9UBD5,/data/ranran/my_ptm/croton/data/structure_pipeline/pdb/Q9UBD5.pdb,exact_sequence_match,True
Q9UBF8,/data/ranran/my_ptm/croton/data/structure_pipeline/pdb/Q9UBF8.pdb,exact_sequence_match,True
Q9UBF9,,missing_pdb,False
Q9UBH6,/data/ranran/my_ptm/croton/data/structure_pipeline/pdb/Q9UBH6.pdb,exact_sequence_match,True
Q9UBI1,/data/ranran/my_ptm/croton/data/structure_pipeline/pdb/Q9UBI1.pdb,exact_sequence_match,True
Q9UBK2-3,,missing_pdb,False
Q9UBK2-7,,missing_pdb,False
Q9UBK2-8,,missing_pdb,False
Q9UBK7,,missing_pdb,False
Q9UBK8,,missing_pdb,False
Q9UBK9,,missing_pdb,False
Q9UBL0,,missing_pdb,False
Q9UBL3,/data/ranran/my_ptm/croton/data/structure_pipeline/pdb/Q9UBL3.pdb,exact_sequence_match,True
Q9UBM7,/data/ranran/my_ptm/croton/data/structure_pipeline/pdb/Q9UBM7.pdb,exact_sequence_match,True
Q9UBN7,,missing_pdb,False
Q9UBP0,/data/ranran/my_ptm/croton/data/structure_pipeline/pdb/Q9UBP0.pdb,exact_sequence_match,True
Q9UBP5,,missing_pdb,False
Q9UBP9,/data/ranran/my_ptm/croton/data/structure_pipeline/pdb/Q9UBP9.pdb,exact_sequence_match,True
Q9UBS8,/data/ranran/my_ptm/croton/data/structure_pipeline/pdb/Q9UBS8.pdb,exact_sequence_match,True
Q9UBS9,,missing_pdb,False
Q9UBT6,,missing_pdb,False
Q9UBT7,/data/ranran/my_ptm/croton/data/structure_pipeline/pdb/Q9UBT7.pdb,exact_sequence_match,True
Q9UBU2,,missing_pdb,False
Q9UBU7,,missing_pdb,False
Q9UBU8,/data/ranran/my_ptm/croton/data/structure_pipeline/pdb/Q9UBU8.pdb,exact_sequence_match,True
Q9UBV7,,missing_pdb,False
Q9UBW5,/data/ranran/my_ptm/croton/data/structure_pipeline/pdb/Q9UBW5.pdb,exact_sequence_match,True
Q9UBX7,,missing_pdb,False
Q9UBX8,/data/ranran/my_ptm/croton/data/structure_pipeline/pdb/Q9UBX8.pdb,exact_sequence_match,True
Q9UBZ9,,missing_pdb,False
Q9UDV7,,missing_pdb,False
Q9UDY2,/data/ranran/my_ptm/croton/data/structure_pipeline/pdb/Q9UDY2.pdb,exact_sequence_match,True
Q9UDY8,/data/ranran/my_ptm/croton/data/structure_pipeline/pdb/Q9UDY8.pdb,exact_sequence_match,True
Q9UEE9,/data/ranran/my_ptm/croton/data/structure_pipeline/pdb/Q9UEE9.pdb,exact_sequence_match,True
Q9UEF7,,missing_pdb,False
Q9UER7,/data/ranran/my_ptm/croton/data/structure_pipeline/pdb/Q9UER7.pdb,exact_sequence_match,True
Q9UET6,,missing_pdb,False
Q9UEU0,,missing_pdb,False
Q9UEW3,,missing_pdb,False
Q9UF56,,missing_pdb,False
Q9UFD9,,missing_pdb,False
Q9UFW8,,missing_pdb,False
Q9UG01,,missing_pdb,False
Q9UGI0,,missing_pdb,False
Q9UGJ0,,missing_pdb,False
Q9UGP4,/data/ranran/my_ptm/croton/data/structure_pipeline/pdb/Q9UGP4.pdb,exact_sequence_match,True
Q9UGP8,/data/ranran/my_ptm/croton/data/structure_pipeline/pdb/Q9UGP8.pdb,exact_sequence_match,True
Q9UGR2,/data/ranran/my_ptm/croton/data/structure_pipeline/pdb/Q9UGR2.pdb,exact_sequence_match,True
Q9UGU5,,missing_pdb,False
Q9UGY1,,missing_pdb,False
Q9UH99,,missing_pdb,False
Q9UHB6,/data/ranran/my_ptm/croton/data/structure_pipeline/pdb/Q9UHB6.pdb,exact_sequence_match,True
Q9UHB7-2,,missing_pdb,False
Q9UHB7-3,,missing_pdb,False
Q9UHB9,/data/ranran/my_ptm/croton/data/structure_pipeline/pdb/Q9UHB9.pdb,exact_sequence_match,True
Q9UHB9-3,,missing_pdb,False
Q9UHC1,,missing_pdb,False
Q9UHC7,,missing_pdb,False
Q9UHD2,/data/ranran/my_ptm/croton/data/structure_pipeline/pdb/Q9UHD2.pdb,exact_sequence_match,True
Q9UHD8,/data/ranran/my_ptm/croton/data/structure_pipeline/pdb/Q9UHD8.pdb,exact_sequence_match,True
Q9UHF7,,missing_pdb,False
Q9UHG3,/data/ranran/my_ptm/croton/data/structure_pipeline/pdb/Q9UHG3.pdb,exact_sequence_match,True
Q9UHI6,/data/ranran/my_ptm/croton/data/structure_pipeline/pdb/Q9UHI6.pdb,exact_sequence_match,True
Q9UHJ6,,missing_pdb,False
Q9UHK0,,missing_pdb,False
Q9UHK6-2,,missing_pdb,False
Q9UHN1,/data/ranran/my_ptm/croton/data/structure_pipeline/pdb/Q9UHN1.pdb,exact_sequence_match,True
Q9UHN6,,missing_pdb,False
Q9UHR6,,missing_pdb,False
Q9UI10,/data/ranran/my_ptm/croton/data/structure_pipeline/pdb/Q9UI10.pdb,exact_sequence_match,True
Q9UI26,,missing_pdb,False
Q9UI36,,missing_pdb,False
Q9UI42,,missing_pdb,False
Q9UI43,,missing_pdb,False
Q9UI78,,missing_pdb,False
Q9UI95,,missing_pdb,False
Q9UID3,,missing_pdb,False
Q9UIF3,,missing_pdb,False
Q9UIF8,,missing_pdb,False
Q9UIF9,,missing_pdb,False
Q9UIG0,/data/ranran/my_ptm/croton/data/structure_pipeline/pdb/Q9UIG0.pdb,exact_sequence_match,True
Q9UIG4,,missing_pdb,False
Q9UII5,,missing_pdb,False
Q9UIJ7-2,,missing_pdb,False
Q9UIL1,,missing_pdb,False
Q9UIS9-12,,missing_pdb,False
Q9UIV1,,missing_pdb,False
Q9UJ55,,missing_pdb,False
Q9UJ70,,missing_pdb,False
Q9UJA5,/data/ranran/my_ptm/croton/data/structure_pipeline/pdb/Q9UJA5.pdb,exact_sequence_match,True
Q9UJG1-3,,missing_pdb,False
Q9UJK0,,missing_pdb,False
Q9UJM3,,missing_pdb,False
Q9UJN7,,missing_pdb,False
Q9UJT9,,missing_pdb,False
Q9UJU2,,missing_pdb,False
Q9UJU2-7,,missing_pdb,False
Q9UJU6-3,,missing_pdb,False
Q9UJV3,,missing_pdb,False
Q9UJW7,,missing_pdb,False
Q9UJW9,,missing_pdb,False
Q9UJX3,,missing_pdb,False
Q9UJX4,,missing_pdb,False
Q9UJX5,,missing_pdb,False
Q9UK22,,missing_pdb,False
Q9UK23,,missing_pdb,False
Q9UK39,,missing_pdb,False
Q9UK53,,missing_pdb,False
Q9UK61,/data/ranran/my_ptm/croton/data/structure_pipeline/pdb/Q9UK61.pdb,exact_sequence_match,True
Q9UK76-2,,missing_pdb,False
Q9UK97,,missing_pdb,False
Q9UK99,,missing_pdb,False
Q9UKA4,/data/ranran/my_ptm/croton/data/structure_pipeline/pdb/Q9UKA4.pdb,exact_sequence_match,True
Q9UKF2,,missing_pdb,False
Q9UKG1,,missing_pdb,False
Q9UKI8-2,,missing_pdb,False
Q9UKL0,,missing_pdb,False
Q9UKL3,,missing_pdb,False
Q9UKM7,,missing_pdb,False
Q9UKN7,,missing_pdb,False
Q9UKN8,/data/ranran/my_ptm/croton/data/structure_pipeline/pdb/Q9UKN8.pdb,exact_sequence_match,True
Q9UKT4,,missing_pdb,False
Q9UKT6,,missing_pdb,False
Q9UKV3,/data/ranran/my_ptm/croton/data/structure_pipeline/pdb/Q9UKV3.pdb,exact_sequence_match,True
Q9UKX5,,missing_pdb,False
Q9UKY7,/data/ranran/my_ptm/croton/data/structure_pipeline/pdb/Q9UKY7.pdb,exact_sequence_match,True
Q9UKZ1,/data/ranran/my_ptm/croton/data/structure_pipeline/pdb/Q9UKZ1.pdb,exact_sequence_match,True
Q9UL01,,missing_pdb,False
Q9UL03,/data/ranran/my_ptm/croton/data/structure_pipeline/pdb/Q9UL03.pdb,exact_sequence_match,True
Q9UL15-2,,missing_pdb,False
Q9UL40,,missing_pdb,False
Q9UL41,,missing_pdb,False
Q9ULC0,,missing_pdb,False
Q9ULD2,/data/ranran/my_ptm/croton/data/structure_pipeline/pdb/Q9ULD2.pdb,exact_sequence_match,True
Q9ULD4-2,,missing_pdb,False
Q9ULD9,/data/ranran/my_ptm/croton/data/structure_pipeline/pdb/Q9ULD9.pdb,exact_sequence_match,True
Q9ULE4,,missing_pdb,False
Q9ULF5,,missing_pdb,False
Q9ULG6,/data/ranran/my_ptm/croton/data/structure_pipeline/pdb/Q9ULG6.pdb,exact_sequence_match,True
Q9ULH0,/data/ranran/my_ptm/croton/data/structure_pipeline/pdb/Q9ULH0.pdb,exact_sequence_match,True
Q9ULH4,,missing_pdb,False
Q9ULH7-5,,missing_pdb,False
Q9ULI0,,missing_pdb,False
Q9ULI1,,missing_pdb,False
Q9ULJ1,,missing_pdb,False
Q9ULJ3,,missing_pdb,False
Q9ULJ7,,missing_pdb,False
Q9ULJ8,/data/ranran/my_ptm/croton/data/structure_pipeline/pdb/Q9ULJ8.pdb,exact_sequence_match,True
Q9ULK4,,missing_pdb,False
Q9ULL1,,missing_pdb,False
Q9ULL5,,missing_pdb,False
Q9ULM2,,missing_pdb,False
Q9ULM3,,missing_pdb,False
Q9ULQ1,,missing_pdb,False
Q9ULR0-1,,missing_pdb,False
Q9ULR3,,missing_pdb,False
Q9ULU4-4,,missing_pdb,False
Q9ULV1,,missing_pdb,False
Q9ULV3,,missing_pdb,False
Q9ULW0-2,,missing_pdb,False
Q9ULW3,,missing_pdb,False
Q9ULX9-2,,missing_pdb,False
Q9ULZ3,,missing_pdb,False
Q9UM00,,missing_pdb,False
Q9UM11,,missing_pdb,False
Q9UM54,,missing_pdb,False
Q9UM82,,missing_pdb,False
Q9UMD9,,missing_pdb,False
Q9UMN6,,missing_pdb,False
Q9UMQ3,,missing_pdb,False
Q9UMX5,/data/ranran/my_ptm/croton/data/structure_pipeline/pdb/Q9UMX5.pdb,exact_sequence_match,True
Q9UMY1,/data/ranran/my_ptm/croton/data/structure_pipeline/pdb/Q9UMY1.pdb,exact_sequence_match,True
Q9UMZ3,,missing_pdb,False
Q9UN19,,missing_pdb,False
Q9UN79,,missing_pdb,False
Q9UN81,,missing_pdb,False
Q9UNA0,,missing_pdb,False
Q9UNH5,,missing_pdb,False
Q9UNI6,/data/ranran/my_ptm/croton/data/structure_pipeline/pdb/Q9UNI6.pdb,exact_sequence_match,True
Q9UNL2,/data/ranran/my_ptm/croton/data/structure_pipeline/pdb/Q9UNL2.pdb,exact_sequence_match,True
Q9UNM6-2,,missing_pdb,False
Q9UNN5,/data/ranran/my_ptm/croton/data/structure_pipeline/pdb/Q9UNN5.pdb,exact_sequence_match,True
Q9UNS1,,missing_pdb,False
Q9UNW1,,missing_pdb,False
Q9UNW8,,missing_pdb,False
Q9UNY4,/data/ranran/my_ptm/croton/data/structure_pipeline/pdb/Q9UNY4.pdb,exact_sequence_match,True
Q9UNZ5,/data/ranran/my_ptm/croton/data/structure_pipeline/pdb/Q9UNZ5.pdb,exact_sequence_match,True
Q9UP83-2,,missing_pdb,False
Q9UPG8,,missing_pdb,False
Q9UPM8,,missing_pdb,False
Q9UPM9,,missing_pdb,False
Q9UPN4,/data/ranran/my_ptm/croton/data/structure_pipeline/pdb/Q9UPN4.pdb,exact_sequence_match,True
Q9UPN6,/data/ranran/my_ptm/croton/data/structure_pipeline/pdb/Q9UPN6.pdb,exact_sequence_match,True
Q9UPQ0-3,,missing_pdb,False
Q9UPQ4,,missing_pdb,False
Q9UPQ7,,missing_pdb,False
Q9UPQ9,,missing_pdb,False
Q9UPS6,,missing_pdb,False
Q9UPS8,,missing_pdb,False
Q9UPS8-2,,missing_pdb,False
Q9UPT5,/data/ranran/my_ptm/croton/data/structure_pipeline/pdb/Q9UPT5.pdb,exact_sequence_match,True
Q9UPT8,,missing_pdb,False
Q9UPT9,/data/ranran/my_ptm/croton/data/structure_pipeline/pdb/Q9UPT9.pdb,exact_sequence_match,True
Q9UPU3,,missing_pdb,False
Q9UPU5,/data/ranran/my_ptm/croton/data/structure_pipeline/pdb/Q9UPU5.pdb,exact_sequence_match,True
Q9UPU7,,missing_pdb,False
Q9UPV9,,missing_pdb,False
Q9UPW5,,missing_pdb,False
Q9UPX6,,missing_pdb,False
Q9UPY3,,missing_pdb,False
Q9UPZ3,,missing_pdb,False
Q9UPZ9,,missing_pdb,False
Q9UQ35,,missing_pdb,False
Q9UQ35-3,,missing_pdb,False
Q9UQ84,,missing_pdb,False
Q9UQ88-9,,missing_pdb,False
Q9UQ90,,missing_pdb,False
Q9UQB9,,missing_pdb,False
Q9UQC2,,missing_pdb,False
Q9UQC9,,missing_pdb,False
Q9UQF0,,missing_pdb,False
Q9UQF2,,missing_pdb,False
Q9UQK1,,missing_pdb,False
Q9UQL6-3,,missing_pdb,False
Q9UQR0,,missing_pdb,False
Q9URQ3,,missing_pdb,False
Q9UW14,,missing_pdb,False
Q9V3C7,,missing_pdb,False
Q9V3D5,,missing_pdb,False
Q9V3I1,,missing_pdb,False
Q9V3U2,,missing_pdb,False
Q9V3V0,,missing_pdb,False
Q9V3V9,,missing_pdb,False
Q9V3W2,,missing_pdb,False
Q9V406,,missing_pdb,False
Q9V431,,missing_pdb,False
Q9V468,,missing_pdb,False
Q9V4C8,,missing_pdb,False
Q9V4D8,,missing_pdb,False
Q9V4F9,,missing_pdb,False
Q9V677,,missing_pdb,False
Q9V6K1,,missing_pdb,False
Q9V726,,missing_pdb,False
Q9V727,,missing_pdb,False
Q9V895,,missing_pdb,False
Q9V9N4,,missing_pdb,False
Q9V9U7,,missing_pdb,False
Q9VA69,,missing_pdb,False
Q9VAA9,,missing_pdb,False
Q9VAC4,,missing_pdb,False
Q9VAC9,,missing_pdb,False
Q9VAF4,,missing_pdb,False
Q9VAH7,,missing_pdb,False
Q9VAI4,,missing_pdb,False
Q9VAM5,,missing_pdb,False
Q9VAP9,,missing_pdb,False
Q9VAX9,,missing_pdb,False
Q9VAY7,,missing_pdb,False
Q9VB02,,missing_pdb,False
Q9VB10,,missing_pdb,False
Q9VB55,,missing_pdb,False
Q9VBC6,,missing_pdb,False
Q9VBI3,,missing_pdb,False
Q9VBQ6,,missing_pdb,False
Q9VBT1,,missing_pdb,False
Q9VBX4,,missing_pdb,False
Q9VC06,,missing_pdb,False
Q9VC08,,missing_pdb,False
Q9VC41,,missing_pdb,False
Q9VC53,,missing_pdb,False
Q9VC54,,missing_pdb,False
Q9VC61,,missing_pdb,False
Q9VC64,,missing_pdb,False
Q9VC94,,missing_pdb,False
Q9VC99,,missing_pdb,False
Q9VCH5,,missing_pdb,False
Q9VCN6,,missing_pdb,False
Q9VCW3,,missing_pdb,False
Q9VCX3,,missing_pdb,False
Q9VCY1,,missing_pdb,False
Q9VCZ8,,missing_pdb,False
Q9VD05,,missing_pdb,False
Q9VDE8,,missing_pdb,False
Q9VDI1,,missing_pdb,False
Q9VDY1,,missing_pdb,False
Q9VDZ3,,missing_pdb,False
Q9VE01,,missing_pdb,False
Q9VEK6,,missing_pdb,False
Q9VEQ5,,missing_pdb,False
Q9VEZ3,,missing_pdb,False
Q9VF24,,missing_pdb,False
Q9VF85,,missing_pdb,False
Q9VF92,,missing_pdb,False
Q9VFB2,,missing_pdb,False
Q9VFC0,,missing_pdb,False
Q9VFE6,,missing_pdb,False
Q9VFH4,,missing_pdb,False
Q9VG69,,missing_pdb,False
Q9VG78,,missing_pdb,False
Q9VGA4,,missing_pdb,False
Q9VGL0,,missing_pdb,False
Q9VGN9,,missing_pdb,False
Q9VGQ1,,missing_pdb,False
Q9VGU5,,missing_pdb,False
Q9VGU7,,missing_pdb,False
Q9VH39,,missing_pdb,False
Q9VH95,,missing_pdb,False
Q9VHC7,,missing_pdb,False
Q9VHC8,,missing_pdb,False
Q9VHD3,,missing_pdb,False
Q9VHE5,,missing_pdb,False
Q9VHG6,,missing_pdb,False
Q9VHQ5,,missing_pdb,False
Q9VHR5,,missing_pdb,False
Q9VHR8,,missing_pdb,False
Q9VHS0,,missing_pdb,False
Q9VHY7,,missing_pdb,False
Q9VI00,,missing_pdb,False
Q9VI23,,missing_pdb,False
Q9VI56,,missing_pdb,False
Q9VID9,,missing_pdb,False
Q9VIF0,,missing_pdb,False
Q9VIP0,,missing_pdb,False
Q9VJ06,,missing_pdb,False
Q9VJ33,,missing_pdb,False
Q9VJ59,,missing_pdb,False
Q9VJ86,,missing_pdb,False
Q9VJ87,,missing_pdb,False
Q9VJD4,,missing_pdb,False
Q9VJG2,,missing_pdb,False
Q9VJH2,,missing_pdb,False
Q9VJQ4,,missing_pdb,False
Q9VJV2,,missing_pdb,False
Q9VJZ5,,missing_pdb,False
Q9VK18,,missing_pdb,False
Q9VK33,,missing_pdb,False
Q9VK58,,missing_pdb,False
Q9VK59,,missing_pdb,False
Q9VK60,,missing_pdb,False
Q9VKC1,,missing_pdb,False
Q9VKJ1,,missing_pdb,False
Q9VKK1,,missing_pdb,False
Q9VKM7,,missing_pdb,False
Q9VKV4,,missing_pdb,False
Q9VKV8,,missing_pdb,False
Q9VKY2,,missing_pdb,False
Q9VKZ0,,missing_pdb,False
Q9VL03,,missing_pdb,False
Q9VL14,,missing_pdb,False
Q9VL57,,missing_pdb,False
Q9VL72,,missing_pdb,False
Q9VLD9,,missing_pdb,False
Q9VLK2,,missing_pdb,False
Q9VLL1,,missing_pdb,False
Q9VLQ9,,missing_pdb,False
Q9VLR3,,missing_pdb,False
Q9VLT5,,missing_pdb,False
Q9VM15,,missing_pdb,False
Q9VM36,,missing_pdb,False
Q9VMB3,,missing_pdb,False
Q9VMC8,,missing_pdb,False
Q9VMD7,,missing_pdb,False
Q9VMH8,,missing_pdb,False
Q9VMI0,,missing_pdb,False
Q9VMQ7,,missing_pdb,False
Q9VMQ9,,missing_pdb,False
Q9VMS2,,missing_pdb,False
Q9VMU0,,missing_pdb,False
Q9VN21,,missing_pdb,False
Q9VN39,,missing_pdb,False
Q9VNB9,,missing_pdb,False
Q9VND7,,missing_pdb,False
Q9VNG2,,missing_pdb,False
Q9VNH2,,missing_pdb,False
Q9VNH5,,missing_pdb,False
Q9VNI8,,missing_pdb,False
Q9VNX6,,missing_pdb,False
Q9VP04,,missing_pdb,False
Q9VP05,,missing_pdb,False
Q9VP51,,missing_pdb,False
Q9VPB0,,missing_pdb,False
Q9VPC0,,missing_pdb,False
Q9VPE2,,missing_pdb,False
Q9VPK4,,missing_pdb,False
Q9VPL6,,missing_pdb,False
Q9VPL9,,missing_pdb,False
Q9VPM0,,missing_pdb,False
Q9VPM7,,missing_pdb,False
Q9VPQ6,,missing_pdb,False
Q9VPR6,,missing_pdb,False
Q9VPS5,,missing_pdb,False
Q9VPT4,,missing_pdb,False
Q9VQ58,,missing_pdb,False
Q9VQ77,,missing_pdb,False
Q9VQB6,,missing_pdb,False
Q9VQF7,,missing_pdb,False
Q9VQI9,,missing_pdb,False
Q9VQK7,,missing_pdb,False
Q9VQS4,,missing_pdb,False
Q9VR59,,missing_pdb,False
Q9VRA6,,missing_pdb,False
Q9VRD6,,missing_pdb,False
Q9VRJ0,,missing_pdb,False
Q9VRJ9,,missing_pdb,False
Q9VRL8,,missing_pdb,False
Q9VRN3,,missing_pdb,False
Q9VS50,,missing_pdb,False
Q9VS82,,missing_pdb,False
Q9VSC5,,missing_pdb,False
Q9VSD6,,missing_pdb,False
Q9VSE2,,missing_pdb,False
Q9VSK9,,missing_pdb,False
Q9VSM4,,missing_pdb,False
Q9VSR5,,missing_pdb,False
Q9VSW7,,missing_pdb,False
Q9VT38,,missing_pdb,False
Q9VT40,,missing_pdb,False
Q9VT75,,missing_pdb,False
Q9VTB4,,missing_pdb,False
Q9VTL5,,missing_pdb,False
Q9VTV4,,missing_pdb,False
Q9VTW0,,missing_pdb,False
Q9VU86,,missing_pdb,False
Q9VU88,,missing_pdb,False
Q9VUB7,,missing_pdb,False
Q9VUU7,,missing_pdb,False
Q9VV51,,missing_pdb,False
Q9VVA7,,missing_pdb,False
Q9VVF8,,missing_pdb,False
Q9VVH5,,missing_pdb,False
Q9VVL6,,missing_pdb,False
Q9VVL8,,missing_pdb,False
Q9VVU2,,missing_pdb,False
Q9VW12,,missing_pdb,False
Q9VW15,,missing_pdb,False
Q9VW47,,missing_pdb,False
Q9VWA8,,missing_pdb,False
Q9VWE6,,missing_pdb,False
Q9VWI1,,missing_pdb,False
Q9VWN5,,missing_pdb,False
Q9VWP5,,missing_pdb,False
Q9VWQ3,,missing_pdb,False
Q9VWQ7,,missing_pdb,False
Q9VWV4,,missing_pdb,False
Q9VWV8,,missing_pdb,False
Q9VX38,,missing_pdb,False
Q9VX88,,missing_pdb,False
Q9VXE3,,missing_pdb,False
Q9VXJ0,,missing_pdb,False
Q9VXM4,,missing_pdb,False
Q9VXN2,,missing_pdb,False
Q9VXW2,,missing_pdb,False
Q9VY92,,missing_pdb,False
Q9VYA7,,missing_pdb,False
Q9VYD5,,missing_pdb,False
Q9VYE3,,missing_pdb,False
Q9VYV4,,missing_pdb,False
Q9VZ00,,missing_pdb,False
Q9VZ02,,missing_pdb,False
Q9VZD5,,missing_pdb,False
Q9VZP3,,missing_pdb,False
Q9VZU0,,missing_pdb,False
Q9VZV8,,missing_pdb,False
Q9VZX6,,missing_pdb,False
Q9VZY2,,missing_pdb,False
Q9VZZ6,,missing_pdb,False
Q9W011,,missing_pdb,False
Q9W022,,missing_pdb,False
Q9W062,,missing_pdb,False
Q9W0A8,,missing_pdb,False
Q9W0F6,,missing_pdb,False
Q9W0G7,,missing_pdb,False
Q9W0M0,,missing_pdb,False
Q9W0N4,,missing_pdb,False
Q9W0N9,,missing_pdb,False
Q9W0P2,,missing_pdb,False
Q9W0Y2,,missing_pdb,False
Q9W130,,missing_pdb,False
Q9W147,,missing_pdb,False
Q9W1A8,,missing_pdb,False
Q9W1A9,,missing_pdb,False
Q9W1C8,,missing_pdb,False
Q9W1F0,,missing_pdb,False
Q9W1F7,,missing_pdb,False
Q9W1H0,,missing_pdb,False
Q9W1X4,,missing_pdb,False
Q9W255,,missing_pdb,False
Q9W261,,missing_pdb,False
Q9W289,,missing_pdb,False
Q9W2G2,,missing_pdb,False
Q9W2G5,,missing_pdb,False
Q9W2U4,,missing_pdb,False
Q9W2U6,,missing_pdb,False
Q9W2Y5,,missing_pdb,False
Q9W321,,missing_pdb,False
Q9W347,,missing_pdb,False
Q9W358,,missing_pdb,False
Q9W384,,missing_pdb,False
Q9W397,,missing_pdb,False
Q9W3D1,,missing_pdb,False
Q9W3E1,,missing_pdb,False
Q9W3U9,,missing_pdb,False
Q9W3W6,,missing_pdb,False
Q9W3Y0,,missing_pdb,False
Q9W411,,missing_pdb,False
Q9W484,,missing_pdb,False
Q9W4C1,,missing_pdb,False
Q9W4D2,,missing_pdb,False
Q9W4J4,,missing_pdb,False
Q9W4K8,,missing_pdb,False
Q9W4X9,,missing_pdb,False
Q9W531,,missing_pdb,False
Q9W5E4,,missing_pdb,False
Q9WTW1-3,,missing_pdb,False
Q9WTW8,,missing_pdb,False
Q9WU81,,missing_pdb,False
Q9WUB5,,missing_pdb,False
Q9WUD1,,missing_pdb,False
Q9WUI9,,missing_pdb,False
Q9WUJ8,,missing_pdb,False
Q9WUK6,,missing_pdb,False
Q9WUR0,,missing_pdb,False
Q9WUU7,,missing_pdb,False
Q9WUW3,,missing_pdb,False
Q9WUW7,,missing_pdb,False
Q9WUX5,,missing_pdb,False
Q9WV06,,missing_pdb,False
Q9WV30,,missing_pdb,False
Q9WV41,,missing_pdb,False
Q9WV97,,missing_pdb,False
Q9WVB7,,missing_pdb,False
Q9WVG9,,missing_pdb,False
Q9WVJ4,,missing_pdb,False
Q9WVM6,,missing_pdb,False
Q9XEE8,,missing_pdb,False
Q9XGB2,,missing_pdb,False
Q9XGX7,,missing_pdb,False
Q9XIN5,,missing_pdb,False
Q9XJ60,,missing_pdb,False
Q9XTP7,,missing_pdb,False
Q9XYF4,,missing_pdb,False
Q9Y0Z1,,missing_pdb,False
Q9Y217,/data/ranran/my_ptm/croton/data/structure_pipeline/pdb/Q9Y217.pdb,exact_sequence_match,True
Q9Y222,,missing_pdb,False
Q9Y227,,missing_pdb,False
Q9Y228,,missing_pdb,False
Q9Y232,,missing_pdb,False
Q9Y251,,missing_pdb,False
Q9Y253,,missing_pdb,False
Q9Y267,,missing_pdb,False
Q9Y275,,missing_pdb,False
Q9Y279,,missing_pdb,False
Q9Y283,,missing_pdb,False
Q9Y289,,missing_pdb,False
Q9Y291,,missing_pdb,False
Q9Y2B1,/data/ranran/my_ptm/croton/data/structure_pipeline/pdb/Q9Y2B1.pdb,exact_sequence_match,True
Q9Y2D4,/data/ranran/my_ptm/croton/data/structure_pipeline/pdb/Q9Y2D4.pdb,exact_sequence_match,True
Q9Y2D5,,missing_pdb,False
Q9Y2D5-4,,missing_pdb,False
Q9Y2F5,,missing_pdb,False
Q9Y2G1,,missing_pdb,False
Q9Y2G4,,missing_pdb,False
Q9Y2G8,,missing_pdb,False
Q9Y2G9,,missing_pdb,False
Q9Y2H2,/data/ranran/my_ptm/croton/data/structure_pipeline/pdb/Q9Y2H2.pdb,exact_sequence_match,True
Q9Y2I1,,missing_pdb,False
Q9Y2I6,,missing_pdb,False
Q9Y2I6-2,,missing_pdb,False
Q9Y2I7,,missing_pdb,False
Q9Y2I8,,missing_pdb,False
Q9Y2I9,,missing_pdb,False
Q9Y2J2-3,,missing_pdb,False
Q9Y2J2-4,,missing_pdb,False
Q9Y2L5,,missing_pdb,False
Q9Y2Q5,,missing_pdb,False
Q9Y2Q9,/data/ranran/my_ptm/croton/data/structure_pipeline/pdb/Q9Y2Q9.pdb,exact_sequence_match,True
Q9Y2R0,,missing_pdb,False
Q9Y2R2,,missing_pdb,False
Q9Y2R5,,missing_pdb,False
Q9Y2U5,,missing_pdb,False
Q9Y2U8,,missing_pdb,False
Q9Y2W1,/data/ranran/my_ptm/croton/data/structure_pipeline/pdb/Q9Y2W1.pdb,exact_sequence_match,True
Q9Y2W3,,missing_pdb,False
Q9Y2W6,/data/ranran/my_ptm/croton/data/structure_pipeline/pdb/Q9Y2W6.pdb,exact_sequence_match,True
Q9Y2X0,/data/ranran/my_ptm/croton/data/structure_pipeline/pdb/Q9Y2X0.pdb,exact_sequence_match,True
Q9Y2X9,,missing_pdb,False
Q9Y2Z0,/data/ranran/my_ptm/croton/data/structure_pipeline/pdb/Q9Y2Z0.pdb,exact_sequence_match,True
Q9Y2Z2,,missing_pdb,False
Q9Y2Z4,,missing_pdb,False
Q9Y303-3,,missing_pdb,False
Q9Y312,/data/ranran/my_ptm/croton/data/structure_pipeline/pdb/Q9Y312.pdb,exact_sequence_match,True
Q9Y315,,missing_pdb,False
Q9Y316,/data/ranran/my_ptm/croton/data/structure_pipeline/pdb/Q9Y316.pdb,exact_sequence_match,True
Q9Y320,,missing_pdb,False
Q9Y324,/data/ranran/my_ptm/croton/data/structure_pipeline/pdb/Q9Y324.pdb,exact_sequence_match,True
Q9Y385,,missing_pdb,False
Q9Y388,,missing_pdb,False
Q9Y399,/data/ranran/my_ptm/croton/data/structure_pipeline/pdb/Q9Y399.pdb,exact_sequence_match,True
Q9Y3A3-3,,missing_pdb,False
Q9Y3A4,/data/ranran/my_ptm/croton/data/structure_pipeline/pdb/Q9Y3A4.pdb,exact_sequence_match,True
Q9Y3A6,,missing_pdb,False
Q9Y3B1,,missing_pdb,False
Q9Y3B2,/data/ranran/my_ptm/croton/data/structure_pipeline/pdb/Q9Y3B2.pdb,exact_sequence_match,True
Q9Y3B9,/data/ranran/my_ptm/croton/data/structure_pipeline/pdb/Q9Y3B9.pdb,exact_sequence_match,True
Q9Y3C0,/data/ranran/my_ptm/croton/data/structure_pipeline/pdb/Q9Y3C0.pdb,exact_sequence_match,True
Q9Y3C1-2,,missing_pdb,False
Q9Y3C4,,missing_pdb,False
Q9Y3C7,,missing_pdb,False
Q9Y3D2,,missing_pdb,False
Q9Y3D3,/data/ranran/my_ptm/croton/data/structure_pipeline/pdb/Q9Y3D3.pdb,exact_sequence_match,True
Q9Y3D9,/data/ranran/my_ptm/croton/data/structure_pipeline/pdb/Q9Y3D9.pdb,exact_sequence_match,True
Q9Y3E0,,missing_pdb,False
Q9Y3E2,,missing_pdb,False
Q9Y3E7-3,,missing_pdb,False
Q9Y3L3,,missing_pdb,False
Q9Y3Q8,,missing_pdb,False
Q9Y3R0,,missing_pdb,False
Q9Y3S2,,missing_pdb,False
Q9Y3T6,,missing_pdb,False
Q9Y3V2,,missing_pdb,False
Q9Y3X0,,missing_pdb,False
Q9Y3Y4,,missing_pdb,False
Q9Y421,,missing_pdb,False
Q9Y446,/data/ranran/my_ptm/croton/data/structure_pipeline/pdb/Q9Y446.pdb,exact_sequence_match,True
Q9Y448,/data/ranran/my_ptm/croton/data/structure_pipeline/pdb/Q9Y448.pdb,exact_sequence_match,True
Q9Y450,/data/ranran/my_ptm/croton/data/structure_pipeline/pdb/Q9Y450.pdb,exact_sequence_match,True
Q9Y463-3,,missing_pdb,False
Q9Y467,,missing_pdb,False
Q9Y493,,missing_pdb,False
Q9Y4A5,,missing_pdb,False
Q9Y4B5,/data/ranran/my_ptm/croton/data/structure_pipeline/pdb/Q9Y4B5.pdb,exact_sequence_match,True
Q9Y4B6,,missing_pdb,False
Q9Y4C4,,missing_pdb,False
Q9Y4C8,/data/ranran/my_ptm/croton/data/structure_pipeline/pdb/Q9Y4C8.pdb,exact_sequence_match,True
Q9Y4D1,,missing_pdb,False
Q9Y4E5,,missing_pdb,False
Q9Y4E6,,missing_pdb,False
Q9Y4E8,/data/ranran/my_ptm/croton/data/structure_pipeline/pdb/Q9Y4E8.pdb,exact_sequence_match,True
Q9Y4F3,,missing_pdb,False
Q9Y4F4,,missing_pdb,False
Q9Y4F5,,missing_pdb,False
Q9Y4F9,,missing_pdb,False
Q9Y4I1,/data/ranran/my_ptm/croton/data/structure_pipeline/pdb/Q9Y4I1.pdb,exact_sequence_match,True
Q9Y4I5,,missing_pdb,False
Q9Y4I5-2,,missing_pdb,False
Q9Y4K0,,missing_pdb,False
Q9Y4K1,,missing_pdb,False
Q9Y4P1,,missing_pdb,False
Q9Y4P3,/data/ranran/my_ptm/croton/data/structure_pipeline/pdb/Q9Y4P3.pdb,exact_sequence_match,True
Q9Y4R7,,missing_pdb,False
Q9Y4W2,/data/ranran/my_ptm/croton/data/structure_pipeline/pdb/Q9Y4W2.pdb,exact_sequence_match,True
Q9Y4X5,/data/ranran/my_ptm/croton/data/structure_pipeline/pdb/Q9Y4X5.pdb,exact_sequence_match,True
Q9Y520-7,,missing_pdb,False
Q9Y530,,missing_pdb,False
Q9Y546,,missing_pdb,False
Q9Y570,/data/ranran/my_ptm/croton/data/structure_pipeline/pdb/Q9Y570.pdb,exact_sequence_match,True
Q9Y580,,missing_pdb,False
Q9Y584,,missing_pdb,False
Q9Y586,,missing_pdb,False
Q9Y592,,missing_pdb,False
Q9Y597,/data/ranran/my_ptm/croton/data/structure_pipeline/pdb/Q9Y597.pdb,exact_sequence_match,True
Q9Y5B6-4,,missing_pdb,False
Q9Y5B8,,missing_pdb,False
Q9Y5F3,,missing_pdb,False
Q9Y5J1,/data/ranran/my_ptm/croton/data/structure_pipeline/pdb/Q9Y5J1.pdb,exact_sequence_match,True
Q9Y5M8,/data/ranran/my_ptm/croton/data/structure_pipeline/pdb/Q9Y5M8.pdb,exact_sequence_match,True
Q9Y5P4,/data/ranran/my_ptm/croton/data/structure_pipeline/pdb/Q9Y5P4.pdb,exact_sequence_match,True
Q9Y5Q8,/data/ranran/my_ptm/croton/data/structure_pipeline/pdb/Q9Y5Q8.pdb,exact_sequence_match,True
Q9Y5Q9,/data/ranran/my_ptm/croton/data/structure_pipeline/pdb/Q9Y5Q9.pdb,exact_sequence_match,True
Q9Y5R8,,missing_pdb,False
Q9Y5T4,,missing_pdb,False
Q9Y5U2,,missing_pdb,False
Q9Y5U4,,missing_pdb,False
Q9Y5V3,,missing_pdb,False
Q9Y5W7,,missing_pdb,False
Q9Y5X2,,missing_pdb,False
Q9Y5Y2,,missing_pdb,False
Q9Y5Y6,,missing_pdb,False
Q9Y5Z4,,missing_pdb,False
Q9Y5Z7,,missing_pdb,False
Q9Y603,,missing_pdb,False
Q9Y606,/data/ranran/my_ptm/croton/data/structure_pipeline/pdb/Q9Y606.pdb,exact_sequence_match,True
Q9Y608,/data/ranran/my_ptm/croton/data/structure_pipeline/pdb/Q9Y608.pdb,exact_sequence_match,True
Q9Y616,,missing_pdb,False
Q9Y618,,missing_pdb,False
Q9Y618-2,,missing_pdb,False
Q9Y620,,missing_pdb,False
Q9Y639,,missing_pdb,False
Q9Y663,,missing_pdb,False
Q9Y676,/data/ranran/my_ptm/croton/data/structure_pipeline/pdb/Q9Y676.pdb,exact_sequence_match,True
Q9Y679,,missing_pdb,False
Q9Y680,,missing_pdb,False
Q9Y692,,missing_pdb,False
Q9Y6A5,/data/ranran/my_ptm/croton/data/structure_pipeline/pdb/Q9Y6A5.pdb,exact_sequence_match,True
Q9Y6A9,,missing_pdb,False
Q9Y6C2,,missing_pdb,False
Q9Y6C5,,missing_pdb,False
Q9Y6D6,/data/ranran/my_ptm/croton/data/structure_pipeline/pdb/Q9Y6D6.pdb,exact_sequence_match,True
Q9Y6D9,/data/ranran/my_ptm/croton/data/structure_pipeline/pdb/Q9Y6D9.pdb,exact_sequence_match,True
Q9Y6E0,/data/ranran/my_ptm/croton/data/structure_pipeline/pdb/Q9Y6E0.pdb,exact_sequence_match,True
Q9Y6E2-2,,missing_pdb,False
Q9Y6E7,,missing_pdb,False
Q9Y6G3,/data/ranran/my_ptm/croton/data/structure_pipeline/pdb/Q9Y6G3.pdb,exact_sequence_match,True
Q9Y6I3-1,,missing_pdb,False
Q9Y6I4,,missing_pdb,False
Q9Y6I9,,missing_pdb,False
Q9Y6J0,,missing_pdb,False
Q9Y6J9,,missing_pdb,False
Q9Y6K5,/data/ranran/my_ptm/croton/data/structure_pipeline/pdb/Q9Y6K5.pdb,exact_sequence_match,True
Q9Y6K8,,missing_pdb,False
Q9Y6K9-2,,missing_pdb,False
Q9Y6M0,,missing_pdb,False
Q9Y6M4-2,,missing_pdb,False
Q9Y6M7-8,,missing_pdb,False
Q9Y6R4,,missing_pdb,False
Q9Y6R9,,missing_pdb,False
Q9Y6V0,,missing_pdb,False
Q9Y6W3,,missing_pdb,False
Q9Y6X0,,missing_pdb,False
Q9Y6X4,,missing_pdb,False
Q9Y6X9,/data/ranran/my_ptm/croton/data/structure_pipeline/pdb/Q9Y6X9.pdb,exact_sequence_match,True
Q9Y6Y0,/data/ranran/my_ptm/croton/data/structure_pipeline/pdb/Q9Y6Y0.pdb,exact_sequence_match,True
Q9Y6Y1,,missing_pdb,False
Q9Y6Y8,/data/ranran/my_ptm/croton/data/structure_pipeline/pdb/Q9Y6Y8.pdb,exact_sequence_match,True
Q9Z0H1,,missing_pdb,False
Q9Z0H8,,missing_pdb,False
Q9Z0J8,,missing_pdb,False
Q9Z0U4,,missing_pdb,False
Q9Z0X0,,missing_pdb,False
Q9Z103,,missing_pdb,False
Q9Z131,,missing_pdb,False
Q9Z1C7,,missing_pdb,False
Q9Z1K7,,missing_pdb,False
Q9Z1M0,,missing_pdb,False
Q9Z1M2,,missing_pdb,False
Q9Z1T1,,missing_pdb,False
Q9Z1W9,,missing_pdb,False
Q9Z214,,missing_pdb,False
Q9Z220,,missing_pdb,False
Q9Z248-3,,missing_pdb,False
Q9Z272,,missing_pdb,False
Q9Z2A9,,missing_pdb,False
Q9Z2B7,,missing_pdb,False
Q9Z2E1,,missing_pdb,False
Q9Z2I4,,missing_pdb,False
Q9Z2P5,,missing_pdb,False
Q9Z2Q9,,missing_pdb,False
Q9Z2R9,,missing_pdb,False
Q9Z2V2,,missing_pdb,False
Q9Z325,,missing_pdb,False
Q9Z327,,missing_pdb,False
Q9Z330,,missing_pdb,False
Q9Z335,,missing_pdb,False
Q9Z3Z9,,missing_pdb,False
Q9Z690,,missing_pdb,False
Q9ZQW8,,missing_pdb,False
Q9ZS15,,missing_pdb,False
Q9ZST1,,missing_pdb,False
Q9ZZW7,,missing_pdb,False
R4GMX3,,missing_pdb,False
R4ZB71,,missing_pdb,False
R9U4K7,,missing_pdb,False
S4R1H5,,missing_pdb,False
S4R232,,missing_pdb,False
S4R2B6,,missing_pdb,False
S4R3N1,,missing_pdb,False
S5VUI2,,missing_pdb,False
S6FB17,,missing_pdb,False
S6FB22,,missing_pdb,False
S6FB50,,missing_pdb,False
S6FBB1,,missing_pdb,False
S6FBK3,,missing_pdb,False
S6FBQ1,,missing_pdb,False
S6FBR4,,missing_pdb,False
S6FBS1,,missing_pdb,False
S6FBV9,,missing_pdb,False
S6FBY8,,missing_pdb,False
S6FCB6,,missing_pdb,False
S6FCD2,,missing_pdb,False
S6FCI0,,missing_pdb,False
S6FCL0,,missing_pdb,False
S6FCL6,,missing_pdb,False
S6FCR1,,missing_pdb,False
S6FCT5,,missing_pdb,False
S6FD03,,missing_pdb,False
S6FD79,,missing_pdb,False
S6FDF0,,missing_pdb,False
S6FDI0,,missing_pdb,False
S6FDP9,,missing_pdb,False
S6FDQ3,,missing_pdb,False
S6FDZ2,,missing_pdb,False
S6FF49,,missing_pdb,False
S6FF54,,missing_pdb,False
S6FF60,,missing_pdb,False
S6FF79,,missing_pdb,False
S6FF83,,missing_pdb,False
S6FFE8,,missing_pdb,False
S6FFG9,,missing_pdb,False
S6FFM9,,missing_pdb,False
S6FFQ4,,missing_pdb,False
S6FFV8,,missing_pdb,False
S6FFW2,,missing_pdb,False
S6FFX7,,missing_pdb,False
S6FG09,,missing_pdb,False
S6FG90,,missing_pdb,False
S6FGA5,,missing_pdb,False
S6FGD5,,missing_pdb,False
S6FGD9,,missing_pdb,False
S6FGF7,,missing_pdb,False
S6FGJ3,,missing_pdb,False
S6FGJ6,,missing_pdb,False
S6FGL9,,missing_pdb,False
S6FGX2,,missing_pdb,False
S6FGZ4,,missing_pdb,False
S6FHE0,,missing_pdb,False
S6FHF9,,missing_pdb,False
S6FHH5,,missing_pdb,False
S6FHK0,,missing_pdb,False
S6FHL8,,missing_pdb,False
S6FHX7,,missing_pdb,False
S6FHY3,,missing_pdb,False
S6FI22,,missing_pdb,False
S6FI49,,missing_pdb,False
S6FI65,,missing_pdb,False
S6FI74,,missing_pdb,False
S6FI80,,missing_pdb,False
S6FI84,,missing_pdb,False
S6FI94,,missing_pdb,False
S6FI95,,missing_pdb,False
S6FII7,,missing_pdb,False
S6FIK2,,missing_pdb,False
S6FIT0,,missing_pdb,False
S6FIY2,,missing_pdb,False
S6FJ07,,missing_pdb,False
S6FJ24,,missing_pdb,False
S6FJ25,,missing_pdb,False
S6FJ92,,missing_pdb,False
S6FJA7,,missing_pdb,False
S6FJB3,,missing_pdb,False
S6FJE5,,missing_pdb,False
S6FJG4,,missing_pdb,False
S6FJS2,,missing_pdb,False
S6FJU9,,missing_pdb,False
S6FJY8,,missing_pdb,False
S6FJZ4,,missing_pdb,False
S6FK04,,missing_pdb,False
S6FK09,,missing_pdb,False
S6FK33,,missing_pdb,False
S6FK49,,missing_pdb,False
S6FK92,,missing_pdb,False
S6FKD5,,missing_pdb,False
S6FKE3,,missing_pdb,False
S6FKG4,,missing_pdb,False
S6FKJ1,,missing_pdb,False
S6FKJ3,,missing_pdb,False
S6FKN6,,missing_pdb,False
S6FKP6,,missing_pdb,False
S6FKR5,,missing_pdb,False
S6FKU5,,missing_pdb,False
S6FKU7,,missing_pdb,False
S6FKV7,,missing_pdb,False
S6FKW8,,missing_pdb,False
S6FL80,,missing_pdb,False
S6FL91,,missing_pdb,False
S6FLB7,,missing_pdb,False
S6FLI6,,missing_pdb,False
S6FLL7,,missing_pdb,False
S6FLX5,,missing_pdb,False
S6FLZ4,,missing_pdb,False
S6FM30,,missing_pdb,False
S6FM91,,missing_pdb,False
S6FMI6,,missing_pdb,False
S6FMJ2,,missing_pdb,False
S6FML2,,missing_pdb,False
S6FMT1,,missing_pdb,False
S6FMW5,,missing_pdb,False
S6FMZ2,,missing_pdb,False
S6FN50,,missing_pdb,False
S6FN82,,missing_pdb,False
S6FN91,,missing_pdb,False
S6FNI8,,missing_pdb,False
S6FNN6,,missing_pdb,False
S6FNP2,,missing_pdb,False
S6FNY8,,missing_pdb,False
S6FP55,,missing_pdb,False
S6FP83,,missing_pdb,False
S6FPB3,,missing_pdb,False
S6FPD7,,missing_pdb,False
S6FPJ6,,missing_pdb,False
S6FPK4,,missing_pdb,False
S6FPR6,,missing_pdb,False
S6FPS6,,missing_pdb,False
S6FPT1,,missing_pdb,False
S6FPV6,,missing_pdb,False
S6FPX8,,missing_pdb,False
S6FPY7,,missing_pdb,False
S6FPZ1,,missing_pdb,False
S6FQ54,,missing_pdb,False
S6FQ83,,missing_pdb,False
S6FQB5,,missing_pdb,False
S6FQF2,,missing_pdb,False
S6FQG9,,missing_pdb,False
S6FQJ1,,missing_pdb,False
S6FQL0,,missing_pdb,False
S6FQL3,,missing_pdb,False
S6FQL7,,missing_pdb,False
S6FQP3,,missing_pdb,False
S6FQQ0,,missing_pdb,False
S6FQQ1,,missing_pdb,False
S6FQQ2,,missing_pdb,False
S6FQR7,,missing_pdb,False
S6FQU5,,missing_pdb,False
S6FQV0,,missing_pdb,False
S6FQW0,,missing_pdb,False
S6FQW3,,missing_pdb,False
S6FQZ4,,missing_pdb,False
S6FR42,,missing_pdb,False
S6FRA7,,missing_pdb,False
S6FRC9,,missing_pdb,False
S6FRH0,,missing_pdb,False
S6FRI0,,missing_pdb,False
S6FRI4,,missing_pdb,False
S6FRI8,,missing_pdb,False
S6FRQ8,,missing_pdb,False
S6FRR2,,missing_pdb,False
S6FRT5,,missing_pdb,False
S6FRU3,,missing_pdb,False
S6FRW7,,missing_pdb,False
S6FS08,,missing_pdb,False
S6FS16,,missing_pdb,False
S6FS24,,missing_pdb,False
S6FS42,,missing_pdb,False
S6FS46,,missing_pdb,False
S6FS89,,missing_pdb,False
S6FS94,,missing_pdb,False
S6FSE1,,missing_pdb,False
S6FSF1,,missing_pdb,False
S6FSH4,,missing_pdb,False
S6FSI0,,missing_pdb,False
S6FSZ1,,missing_pdb,False
S6FT04,,missing_pdb,False
S6FT45,,missing_pdb,False
S6FT51,,missing_pdb,False
S6FT58,,missing_pdb,False
S6FT99,,missing_pdb,False
S6FTA1,,missing_pdb,False
S6FTA3,,missing_pdb,False
S6FTD0,,missing_pdb,False
S6FTF4,,missing_pdb,False
S6FTG2,,missing_pdb,False
S6FTG7,,missing_pdb,False
S6FTZ1,,missing_pdb,False
S6FU12,,missing_pdb,False
S6FU17,,missing_pdb,False
S6FU51,,missing_pdb,False
S6FU63,,missing_pdb,False
S6FU89,,missing_pdb,False
S6FUD5,,missing_pdb,False
S6FUF2,,missing_pdb,False
S6FUK5,,missing_pdb,False
S6FUP5,,missing_pdb,False
S6FUP8,,missing_pdb,False
S6FUU6,,missing_pdb,False
S6FUY6,,missing_pdb,False
S6FUY8,,missing_pdb,False
S6FUZ8,,missing_pdb,False
S6FV07,,missing_pdb,False
S6FV12,,missing_pdb,False
S6FV18,,missing_pdb,False
S6FV51,,missing_pdb,False
S6FV52,,missing_pdb,False
S6FV62,,missing_pdb,False
S6FVG2,,missing_pdb,False
S6FVH9,,missing_pdb,False
S6FVJ0,,missing_pdb,False
S6FVK6,,missing_pdb,False
S6FVL4,,missing_pdb,False
S6FVL9,,missing_pdb,False
S6FVM0,,missing_pdb,False
S6FVR2,,missing_pdb,False
S6FVS8,,missing_pdb,False
S6FVT9,,missing_pdb,False
S6FVV2,,missing_pdb,False
S6FVW5,,missing_pdb,False
S6FVY3,,missing_pdb,False
S6FW20,,missing_pdb,False
S6FW22,,missing_pdb,False
S6FW46,,missing_pdb,False
S6FW58,,missing_pdb,False
S6FW61,,missing_pdb,False
S6FWI1,,missing_pdb,False
S6FWL8,,missing_pdb,False
S6FWN9,,missing_pdb,False
S6FWQ2,,missing_pdb,False
S6FWQ5,,missing_pdb,False
S6FWQ7,,missing_pdb,False
S6FWR4,,missing_pdb,False
S6FWT7,,missing_pdb,False
S6FWT8,,missing_pdb,False
S6FWU5,,missing_pdb,False
S6FX12,,missing_pdb,False
S6FX25,,missing_pdb,False
S6FX43,,missing_pdb,False
S6FX86,,missing_pdb,False
S6FX88,,missing_pdb,False
S6FXA0,,missing_pdb,False
S6FXB7,,missing_pdb,False
S6FXC3,,missing_pdb,False
S6FXD8,,missing_pdb,False
S6FXD9,,missing_pdb,False
S6FXE1,,missing_pdb,False
S6FXH9,,missing_pdb,False
S6FXQ8,,missing_pdb,False
S6FXW3,,missing_pdb,False
S6FY71,,missing_pdb,False
S6FY86,,missing_pdb,False
S6FY94,,missing_pdb,False
S6FY96,,missing_pdb,False
S6FYD6,,missing_pdb,False
S6FYE5,,missing_pdb,False
S6FYH3,,missing_pdb,False
S6FYJ8,,missing_pdb,False
S6FYJ9,,missing_pdb,False
S6FYL9,,missing_pdb,False
S6FYP0,,missing_pdb,False
S6FYP9,,missing_pdb,False
S6FYU7,,missing_pdb,False
S6FYZ8,,missing_pdb,False
S6FZ18,,missing_pdb,False
S6FZ81,,missing_pdb,False
S6FZA5,,missing_pdb,False
S6FZI3,,missing_pdb,False
S6FZK2,,missing_pdb,False
S6FZN8,,missing_pdb,False
S6FZV9,,missing_pdb,False
S6FZW8,,missing_pdb,False
S6FZZ2,,missing_pdb,False
S6G039,,missing_pdb,False
S6G0V4,,missing_pdb,False
S6G0V9,,missing_pdb,False
S6G0W5,,missing_pdb,False
S6G0W6,,missing_pdb,False
S6G0W7,,missing_pdb,False
S6G0Y1,,missing_pdb,False
S6G0Y2,,missing_pdb,False
S6G108,,missing_pdb,False
S6G113,,missing_pdb,False
S6G121,,missing_pdb,False
S6G138,,missing_pdb,False
S6G140,,missing_pdb,False
S6G152,,missing_pdb,False
S6G175,,missing_pdb,False
S6G187,,missing_pdb,False
S6G1A4,,missing_pdb,False
S6G1D8,,missing_pdb,False
S6G1G6,,missing_pdb,False
S6G1H6,,missing_pdb,False
S6G1K3,,missing_pdb,False
S6G1L8,,missing_pdb,False
S6G1M1,,missing_pdb,False
S6G1M6,,missing_pdb,False
S6G1M7,,missing_pdb,False
S6G1P3,,missing_pdb,False
S6G1P7,,missing_pdb,False
S6G1P8,,missing_pdb,False
S6G1Q0,,missing_pdb,False
S6G1Q4,,missing_pdb,False
S6G1Q9,,missing_pdb,False
S6G1R0,,missing_pdb,False
S6G1R2,,missing_pdb,False
S6G1R3,,missing_pdb,False
S6G1R5,,missing_pdb,False
S6G1R6,,missing_pdb,False
S6G1S0,,missing_pdb,False
S6G1S9,,missing_pdb,False
S6G1U6,,missing_pdb,False
S6G1V0,,missing_pdb,False
S6G1W2,,missing_pdb,False
S6G1Z1,,missing_pdb,False
S6G1Z3,,missing_pdb,False
S6G1Z4,,missing_pdb,False
S6G232,,missing_pdb,False
S6G233,,missing_pdb,False
S6G236,,missing_pdb,False
S6G263,,missing_pdb,False
S6G264,,missing_pdb,False
S6G267,,missing_pdb,False
S6G2A1,,missing_pdb,False
S6G2B1,,missing_pdb,False
S6G2B2,,missing_pdb,False
S6G2B4,,missing_pdb,False
S6G2D8,,missing_pdb,False
S6G2F2,,missing_pdb,False
S6G2F5,,missing_pdb,False
S6G2G2,,missing_pdb,False
S6G2H0,,missing_pdb,False
S6G2H8,,missing_pdb,False
S6G2H9,,missing_pdb,False
S6G2I0,,missing_pdb,False
S6G2J5,,missing_pdb,False
S6G2J7,,missing_pdb,False
S6G2J9,,missing_pdb,False
S6G2L1,,missing_pdb,False
S6G2L6,,missing_pdb,False
S6G2P3,,missing_pdb,False
S6G2Q8,,missing_pdb,False
S6G2S3,,missing_pdb,False
S6G2S5,,missing_pdb,False
S6G2T4,,missing_pdb,False
S6G2U5,,missing_pdb,False
S6G2X9,,missing_pdb,False
S6G2Y4,,missing_pdb,False
S6G2Y7,,missing_pdb,False
S6G2Z9,,missing_pdb,False
S6G317,,missing_pdb,False
S6G333,,missing_pdb,False
T2BLS5,,missing_pdb,False
T2BLU2,,missing_pdb,False
T2BMC1,,missing_pdb,False
T2BMC5,,missing_pdb,False
T2BME6,,missing_pdb,False
T2BMF5,,missing_pdb,False
T2BMK6,,missing_pdb,False
T2BMT6,,missing_pdb,False
T2BMU1,,missing_pdb,False
T2BMU3,,missing_pdb,False
T2BN60,,missing_pdb,False
T2BN73,,missing_pdb,False
T2BN97,,missing_pdb,False
T2BNB3,,missing_pdb,False
T2BNC2,,missing_pdb,False
T2BND5,,missing_pdb,False
T2BNE3,,missing_pdb,False
T2BNI7,,missing_pdb,False
T2BNK2,,missing_pdb,False
T2BNK3,,missing_pdb,False
T2BNL7,,missing_pdb,False
T2BNM6,,missing_pdb,False
T2BNR0,,missing_pdb,False
T2BNU7,,missing_pdb,False
T2BNW0,,missing_pdb,False
T2BNX5,,missing_pdb,False
T2BP29,,missing_pdb,False
T2BP75,,missing_pdb,False
T2BP87,,missing_pdb,False
T2BPA6,,missing_pdb,False
T2BPD2,,missing_pdb,False
T2BPE4,,missing_pdb,False
T2BPE9,,missing_pdb,False
T2BPF0,,missing_pdb,False
T2BPM0,,missing_pdb,False
T2BPR0,,missing_pdb,False
T2BPS1,,missing_pdb,False
T2BPS6,,missing_pdb,False
T2BPT9,,missing_pdb,False
T2BPU3,,missing_pdb,False
T2BQ16,,missing_pdb,False
T2BQ21,,missing_pdb,False
T2BQ60,,missing_pdb,False
T2BQH4,,missing_pdb,False
T2BQJ3,,missing_pdb,False
T2BQS1,,missing_pdb,False
T2BQS8,,missing_pdb,False
T2CB11,,missing_pdb,False
V4YKS0,,missing_pdb,False
V4YMM4,,missing_pdb,False
V4YN30,,missing_pdb,False
V4YPS5,,missing_pdb,False
V4YRC2,,missing_pdb,False
V4YRE6,,missing_pdb,False
V4YSC6,,missing_pdb,False
V4YSG2,,missing_pdb,False
V4YUG0,,missing_pdb,False
V4YUS0,,missing_pdb,False
V4YVI5,,missing_pdb,False
V4YW09,,missing_pdb,False
V4YX16,,missing_pdb,False
V4YYL5,,missing_pdb,False
V4YZ75,,missing_pdb,False
V4YZC1,,missing_pdb,False
V4Z074,,missing_pdb,False
V4Z2F7,,missing_pdb,False
V4Z3D4,,missing_pdb,False
V4Z409,,missing_pdb,False
V4Z445,,missing_pdb,False
V4Z4I1,,missing_pdb,False
V4Z5T1,,missing_pdb,False
V4Z5T8,,missing_pdb,False
V4Z5W3,,missing_pdb,False
V4Z6H2,,missing_pdb,False
V4Z6N8,,missing_pdb,False
V4Z6P7,,missing_pdb,False
V4Z6S2,,missing_pdb,False
V4Z6Y4,,missing_pdb,False
V4Z703,,missing_pdb,False
V4Z705,,missing_pdb,False
V4Z729,,missing_pdb,False
V4Z782,,missing_pdb,False
V4Z7M9,,missing_pdb,False
V4Z819,,missing_pdb,False
V4Z883,,missing_pdb,False
V4Z8C9,,missing_pdb,False
V4Z8D8,,missing_pdb,False
V4Z8F6,,missing_pdb,False
V4Z8W7,,missing_pdb,False
V4Z9G5,,missing_pdb,False
V4Z9H0,,missing_pdb,False
V4Z9X5,,missing_pdb,False
V4ZAZ4,,missing_pdb,False
V4ZB16,,missing_pdb,False
V4ZB18,,missing_pdb,False
V4ZBE9,,missing_pdb,False
V4ZBG2,,missing_pdb,False
V4ZCC7,,missing_pdb,False
V4ZCI3,,missing_pdb,False
V4ZD79,,missing_pdb,False
V4ZDL7,,missing_pdb,False
V4ZE19,,missing_pdb,False
V4ZE30,,missing_pdb,False
V4ZEE5,,missing_pdb,False
V4ZEL0,,missing_pdb,False
V4ZEN8,,missing_pdb,False
V4ZF03,,missing_pdb,False
V4ZF31,,missing_pdb,False
V4ZF62,,missing_pdb,False
V4ZFD5,,missing_pdb,False
V4ZFK9,,missing_pdb,False
V4ZH81,,missing_pdb,False
V4ZHI4,,missing_pdb,False
V4ZHY8,,missing_pdb,False
V4ZIR0,,missing_pdb,False
V4ZIU4,,missing_pdb,False
V4ZJ13,,missing_pdb,False
V4ZJ32,,missing_pdb,False
V4ZJD6,,missing_pdb,False
V4ZJE9,,missing_pdb,False
V4ZJI5,,missing_pdb,False
V4ZJZ9,,missing_pdb,False
V4ZKY3,,missing_pdb,False
V4ZKZ5,,missing_pdb,False
V4ZL54,,missing_pdb,False
V4ZLH4,,missing_pdb,False
V4ZM53,,missing_pdb,False
V4ZMX5,,missing_pdb,False
V4ZN13,,missing_pdb,False
V4ZN18,,missing_pdb,False
V4ZNI0,,missing_pdb,False
V4ZQN2,,missing_pdb,False
V4ZRL7,,missing_pdb,False
V4ZU83,,missing_pdb,False
V4ZVK3,,missing_pdb,False
V5AXL6,,missing_pdb,False
V5B008,,missing_pdb,False
V5B3G4,,missing_pdb,False
V5B3W7,,missing_pdb,False
V5B421,,missing_pdb,False
V5B493,,missing_pdb,False
V5B610,,missing_pdb,False
V5B9Z5,,missing_pdb,False
V5BB01,,missing_pdb,False
V5BB89,,missing_pdb,False
V5BBP7,,missing_pdb,False
V5BCB0,,missing_pdb,False
V5BD66,,missing_pdb,False
V5BD96,,missing_pdb,False
V5BE34,,missing_pdb,False
V5BHR4,,missing_pdb,False
V5BMS8,,missing_pdb,False
V5QQR7,,missing_pdb,False
V9GXD2,,missing_pdb,False
V9GXH6,,missing_pdb,False
W0NT44,,missing_pdb,False
W0TYP3,,missing_pdb,False
W0TYP4,,missing_pdb,False
W5CY55,,missing_pdb,False
W5CZF8,,missing_pdb,False
W5E0K4,,missing_pdb,False
Z4YL66,,missing_pdb,False
Z4YNM2,,missing_pdb,False
